# File produced by Tripo

mtllib mushroom+cube.mtl

# 1950 vertex positions
v 0.48837280 -0.08546448 0.48385620
v 0.48733521 -0.00046921 0.48458862
v 0.48623657 -0.26010132 0.48648071
v 0.48852539 -0.13670349 0.48275757
v 0.48571777 -0.13723755 0.46627808
v 0.48757935 -0.11817932 0.48239136
v 0.48403931 0.08431244 0.45065308
v 0.48684692 -0.00006848 0.47763062
v 0.48425293 -0.05075836 0.48565674
v 0.45712280 -0.09075928 0.48193359
v 0.47555542 -0.00027981 0.48428345
v 0.48684692 0.13111877 0.48574829
v 0.45733643 0.10546875 0.48092651
v 0.23657227 0.15699768 0.47497559
v 0.19593811 0.09530640 0.43899536
v 0.38888550 0.14739990 0.48037720
v 0.48815918 0.26144409 0.48693848
v 0.48965454 0.06027603 0.40426636
v 0.48010254 0.19662476 0.36267090
v 0.47552490 -0.00025219 0.36505127
v 0.46862793 -0.06070328 0.28836060
v 0.45535278 -0.12229919 0.14895630
v 0.47412109 -0.09681702 0.14129639
v 0.47824097 -0.00008618 0.35757446
v 0.48190308 -0.00013165 0.34527588
v 0.48587036 -0.00016546 0.32998657
v 0.48614502 -0.00021166 0.31451416
v 0.47436523 0.05463409 0.23350525
v 0.47033691 -0.00122356 0.30639648
v 0.48388672 -0.00023985 0.29846191
v 0.47976685 -0.00038299 0.24839783
v 0.48248291 -0.00032195 0.27572632
v 0.48059082 -0.00027469 0.27499390
v 0.48153687 -0.00029007 0.26779175
v 0.48049927 -0.00035316 0.25622559
v 0.47973633 -0.00028482 0.25543213
v 0.47921753 -0.00027862 0.24952698
v 0.48745728 -0.48327637 0.48577881
v 0.48623657 -0.26010132 0.48648071
v 0.48358154 -0.48312378 0.48559570
v 0.45867920 -0.45675659 0.48187256
v 0.45712280 -0.09075928 0.48193359
v 0.27984619 -0.31915283 0.45648193
v 0.47949219 -0.43121338 0.41720581
v 0.48571777 -0.13723755 0.46627808
v 0.45535278 -0.12229919 0.14895630
v 0.44537354 -0.21232605 0.06288147
v 0.46432495 -0.29885864 0.00007959
v 0.48669434 -0.46520996 0.33627319
v 0.47766113 -0.38665771 -0.15098572
v 0.48501587 -0.45056152 0.00010677
v 0.48556519 -0.48352051 0.33340454
v 0.48748779 -0.48303223 -0.06658936
v 0.48757935 -0.48437500 0.26123047
v 0.48373413 -0.48358154 0.27264404
v 0.48809814 -0.48272705 0.20025635
v 0.48590088 -0.48419189 0.12080383
v 0.48431396 -0.48410034 0.17019653
v 0.48391724 -0.48452759 0.13713074
v 0.48391724 -0.48452759 0.13713074
v 0.47903442 -0.48187256 0.09391022
v 0.45812988 -0.47817993 0.00017697
v 0.48590088 -0.48419189 0.12080383
v 0.00030679 -0.48403931 0.48678589
v 0.00027859 -0.48056030 0.48684692
v 0.00023951 -0.48345947 0.48687744
v 0.00012361 -0.48406982 0.48690796
v 0.00028718 -0.48410034 0.48629761
v 0.00045779 -0.48367310 0.48309326
v -0.15364075 -0.48333740 0.48498535
v 0.21705627 -0.47796631 0.45602417
v 0.23635864 -0.48443604 0.48690796
v 0.00028458 -0.47564697 0.48507690
v 0.03261948 -0.40356445 0.47583008
v 0.13581848 -0.42761230 0.47915649
v 0.00005445 -0.29080200 0.45687866
v 0.48358154 -0.48312378 0.48559570
v 0.45867920 -0.45675659 0.48187256
v 0.23635864 -0.48443604 0.48690796
v 0.21705627 -0.47796631 0.45602417
v 0.43627930 -0.47204590 0.44012451
v 0.48745728 -0.48327637 0.48577881
v 0.28890991 -0.44631958 0.29391479
v -0.15364075 -0.48333740 0.48498535
v -0.22622681 -0.48120117 0.47424316
v 0.00012523 -0.44479370 0.23568726
v 0.03582764 -0.41067505 0.03303909
v 0.30917358 -0.45507812 0.15629578
v 0.45712280 -0.09075928 0.48193359
v 0.45733643 0.10546875 0.48092651
v 0.26004028 -0.08173370 0.45507812
v 0.27984619 -0.31915283 0.45648193
v 0.32162476 -0.00016803 0.46142578
v 0.26303101 0.05508423 0.45077515
v 0.19593811 0.09530640 0.43899536
v 0.00046113 -0.15126038 0.42541504
v 0.00005445 -0.29080200 0.45687866
v 0.25247192 -0.00029936 0.45172119
v 0.17340088 -0.00028032 0.44155884
v 0.10385895 0.02159119 0.43051147
v -0.07527924 -0.10973358 0.41766357
v -0.29492188 -0.31494141 0.45608521
v -0.24197388 -0.12944031 0.44842529
v 0.00014390 -0.10846710 0.42510986
v 0.08243561 -0.00035420 0.42871094
v -0.06684113 -0.00014941 0.42953491
v 0.10334778 -0.00028759 0.43170166
v 0.13761902 -0.00031298 0.43704224
v 0.15446472 -0.00028214 0.43875122
v 0.16613770 -0.00024766 0.44058228
v 0.16688538 -0.00036523 0.43893433
v 0.19250488 -0.00023866 0.44400024
v 0.22131348 -0.00012834 0.44796753
v 0.24182129 -0.00030440 0.45028687
v 0.24279785 -0.00002312 0.45037842
v 0.24232483 -0.00004249 0.45382690
v 0.24375916 -0.00031048 0.45053101
v 0.48556519 -0.48352051 0.33340454
v 0.48745728 -0.48327637 0.48577881
v 0.43627930 -0.47204590 0.44012451
v 0.48373413 -0.48358154 0.27264404
v 0.48272705 -0.48321533 0.21827698
v 0.48757935 -0.48437500 0.26123047
v 0.28103638 -0.45205688 0.00026548
v 0.30917358 -0.45507812 0.15629578
v 0.28890991 -0.44631958 0.29391479
v 0.21249390 -0.44186401 -0.06817627
v 0.04943848 -0.41400146 0.00021081
v 0.48400879 -0.48455811 0.25628662
v 0.48556519 -0.48352051 0.33340454
v 0.48373413 -0.48358154 0.27264404
v 0.48400879 -0.48455811 0.25628662
v 0.48757935 -0.48437500 0.26123047
v 0.48373413 -0.48358154 0.27264404
v 0.48757935 -0.48437500 0.26123047
v 0.48373413 -0.48358154 0.27264404
v 0.48410034 -0.48419189 0.25958252
v 0.48400879 -0.48455811 0.25628662
v 0.48413086 -0.48413086 0.23323059
v 0.48757935 -0.48437500 0.26123047
v 0.48272705 -0.48321533 0.21827698
v 0.48809814 -0.48272705 0.20025635
v 0.48431396 -0.48410034 0.17019653
v 0.48364258 -0.48327637 0.15951538
v 0.48391724 -0.48452759 0.13713074
v 0.48590088 -0.48419189 0.12080383
v 0.48388672 -0.48373413 0.12507629
v 0.47903442 -0.48187256 0.09391022
v 0.28103638 -0.45205688 0.00026548
v 0.45812988 -0.47817993 0.00017697
v 0.48361206 -0.48330688 0.11896515
v 0.48590088 -0.48419189 0.12080383
v 0.47976685 -0.00038299 0.24839783
v 0.47741699 -0.00022782 0.23712158
v 0.47851562 -0.00030071 0.23728943
v 0.47436523 0.05463409 0.23350525
v 0.47708130 -0.00031531 0.22409058
v 0.47921753 -0.00027862 0.24952698
v 0.47973633 -0.00028482 0.25543213
v 0.48049927 -0.00035316 0.25622559
v 0.48153687 -0.00029007 0.26779175
v 0.47140503 -0.01222706 0.16729736
v 0.47412109 -0.09681702 0.14129639
v 0.45831299 -0.00028071 0.08344269
v 0.47335815 -0.00025070 0.19175720
v 0.46243286 -0.00026080 0.11415100
v 0.47146606 -0.00036106 0.18122864
v 0.47027588 -0.00018919 0.17137146
v 0.45812988 0.19488525 0.19607544
v 0.47296143 0.36093140 0.36212158
v 0.48010254 0.19662476 0.36267090
v 0.47003174 -0.00029829 0.16659546
v 0.46670532 -0.00021800 0.14497375
v 0.46661377 -0.00035736 0.14161682
v 0.46926880 -0.00030094 0.16108704
v 0.45690918 -0.00143099 0.16796875
v 0.47323608 -0.00013374 0.16294861
v 0.46713257 -0.00052333 0.16194153
v 0.48272705 -0.48321533 0.21827698
v 0.48400879 -0.48455811 0.25628662
v 0.48400879 -0.48452759 0.19773865
v 0.48428345 -0.48422241 0.20777893
v 0.48809814 -0.48272705 0.20025635
v 0.48272705 -0.48321533 0.21827698
v 0.48400879 -0.48452759 0.19773865
v 0.48272705 -0.48321533 0.21827698
v 0.48431396 -0.48410034 0.17019653
v 0.48364258 -0.48327637 0.15951538
v 0.48400879 -0.48452759 0.19773865
v 0.30917358 -0.45507812 0.15629578
v 0.03582764 -0.41067505 0.03303909
v 0.04943848 -0.41400146 0.00021081
v 0.00842094 -0.40625000 -0.00001526
v 0.00034469 -0.41024780 0.02768707
v 0.03296280 -0.40991211 -0.04546356
v 0.21249390 -0.44186401 -0.06817627
v 0.43478394 -0.47164917 -0.43927002
v 0.28103638 -0.45205688 0.00026548
v 0.27111816 -0.44363403 -0.28820801
v -0.00056201 -0.42678833 -0.12870789
v 0.00018725 -0.41549683 -0.06697845
v -0.06267548 -0.41409302 -0.07419586
v 0.00017776 -0.40631104 -0.03174210
v 0.00019772 -0.40780640 -0.02812958
v -0.05088806 -0.41470337 -0.00513601
v -0.00760698 -0.40884399 0.00035286
v -0.01931953 -0.40744019 0.01412678
v 0.00008804 -0.40621948 0.01666641
v 0.00032580 -0.40991211 0.02574730
v 0.00011313 -0.41006470 0.02671432
v 0.00022854 -0.40744019 0.02717972
v 0.48391724 -0.48452759 0.13713074
v 0.48590088 -0.48419189 0.12080383
v 0.48388672 -0.48373413 0.12507629
v 0.47412109 -0.09681702 0.14129639
v 0.44515991 -0.00028127 -0.00400686
v 0.45831299 -0.00028071 0.08344269
v 0.44851685 0.06097794 0.05828476
v 0.46243286 -0.00026080 0.11415100
v 0.45300293 -0.00023106 0.04795837
v 0.45001221 -0.00031778 0.03144073
v 0.45242310 -0.00008816 0.04756165
v 0.45108032 -0.06278229 0.00032142
v 0.45523071 -0.10297394 0.00101018
v 0.45159912 -0.11976624 0.00051790
v 0.44320679 -0.13249207 0.00034568
v 0.45535278 -0.12229919 0.14895630
v 0.44537354 -0.21232605 0.06288147
v 0.45458984 -0.24610901 0.00025812
v 0.44537354 -0.21232605 0.06288147
v 0.46432495 -0.29885864 0.00007959
v 0.45159912 -0.22273254 -0.09738159
v 0.45370483 -0.24291992 0.00034797
v 0.44799805 -0.21426392 0.00028387
v 0.44326782 -0.19139099 0.00018872
v 0.43725586 -0.15373230 -0.03819656
v 0.44320679 -0.13249207 0.00034568
v 0.46853638 -0.32479858 -0.17913818
v 0.47766113 -0.38665771 -0.15098572
v 0.43414307 -0.11525726 -0.12128448
v 0.44540405 -0.13034058 0.00019279
v 0.45159912 -0.11976624 0.00051790
v 0.45523071 -0.10297394 0.00101018
v 0.45108032 -0.06278229 0.00032142
v 0.44515991 -0.00028127 -0.00400686
v 0.45272827 -0.00016448 -0.08587646
v 0.46887207 -0.35748291 -0.35678101
v 0.48446655 -0.47470093 -0.47329712
v 0.46984863 -0.10434723 -0.34118652
v 0.48605347 -0.08428192 -0.48348999
v 0.43847656 -0.05233002 -0.16201782
v 0.44738770 -0.00012884 -0.22171021
v 0.44088745 -0.00038892 -0.18385315
v 0.46096802 -0.00034603 -0.14924622
v 0.45135498 -0.00016961 -0.16668701
v 0.45196533 0.00024123 -0.16310120
v 0.45983887 -0.00010476 -0.15559387
v 0.44223022 -0.00002740 -0.17810059
v 0.47155762 0.07989502 -0.16104126
v 0.45309448 0.00064337 -0.15936279
v 0.45031738 0.00200629 -0.15379333
v 0.45928955 -0.00028747 -0.15635681
v 0.45718384 0.00029805 -0.15449524
v 0.45999146 -0.00028673 -0.15476990
v 0.44515991 -0.00028127 -0.00400686
v 0.46057129 0.00103939 0.01293278
v 0.45001221 -0.00031778 0.03144073
v 0.44851685 0.06097794 0.05828476
v 0.45242310 -0.00008816 0.04756165
v 0.45300293 -0.00023106 0.04795837
v 0.44534302 -0.00039530 0.00875092
v 0.46243286 -0.00026080 0.11415100
v 0.45812988 0.19488525 0.19607544
v 0.46542358 0.14285278 0.00023209
v 0.44515991 0.00150287 0.00045821
v 0.44439697 0.00398397 0.00008532
v 0.44863892 0.00708914 0.00054145
v 0.44619751 0.01342201 0.00016214
v 0.45272827 -0.00016448 -0.08587646
v 0.47155762 0.07989502 -0.16104126
v 0.44824219 0.02539444 0.00025028
v 0.44763184 0.01543522 0.00028282
v 0.46765137 0.13293457 -0.03982162
v 0.48458862 0.22222900 -0.14500427
v 0.45147705 0.04147720 0.00029093
v 0.45181274 0.05040359 0.00031126
v 0.45465088 0.06782532 0.00019422
v 0.45806885 0.09448242 0.00016528
v 0.46130371 0.12454224 0.00004686
v 0.45773315 0.12081909 -0.00008807
v 0.46151733 0.11756134 0.00010760
v 0.45953369 0.10097504 0.00008749
v 0.45877075 0.10993195 0.00023903
v 0.46051025 0.10830688 0.00017704
v 0.45458984 -0.24610901 0.00025812
v 0.46371460 -0.24102783 0.00054520
v 0.45370483 -0.24291992 0.00034797
v -0.48410034 -0.40292358 0.48370361
v -0.48162842 -0.11741638 0.48519897
v -0.48529053 -0.39212036 0.48690796
v -0.45162964 -0.27774048 0.48184204
v -0.47134399 -0.46127319 0.48284912
v -0.29492188 -0.31494141 0.45608521
v 0.00005445 -0.29080200 0.45687866
v -0.47134399 -0.46127319 0.48284912
v -0.48498535 -0.35195923 0.48312378
v -0.47848511 -0.22784424 0.42218018
v -0.48410034 -0.40292358 0.48370361
v -0.48068237 -0.45367432 0.45397949
v -0.47134399 -0.46127319 0.48284912
v -0.15364075 -0.48333740 0.48498535
v -0.31130981 -0.48303223 0.48510742
v -0.24221802 -0.48391724 0.48703003
v -0.47134399 -0.46127319 0.48284912
v 0.03261948 -0.40356445 0.47583008
v -0.41256714 -0.48352051 0.48284912
v -0.42852783 -0.47033691 0.43127441
v -0.47134399 -0.46127319 0.48284912
v -0.22622681 -0.48120117 0.47424316
v -0.48330688 -0.48361206 0.31890869
v 0.00012523 -0.44479370 0.23568726
v -0.44406128 -0.47586060 0.31625366
v -0.45828247 -0.47888184 0.16284180
v -0.43032837 -0.47445679 0.00032219
v -0.34811401 -0.46249390 0.04669952
v -0.38497925 -0.46820068 0.00032729
v -0.38375854 -0.46789551 0.00034931
v -0.29852295 -0.45376587 0.16067505
v -0.30728149 -0.45651245 0.00015762
v -0.24600220 -0.44711304 0.00022994
v -0.24139404 -0.44735718 0.00026253
v -0.05088806 -0.41470337 -0.00513601
v -0.29150391 -0.44705200 0.29815674
v -0.15936279 -0.42721558 0.16354370
v -0.01931953 -0.40744019 0.01412678
v 0.00034469 -0.41024780 0.02768707
v -0.07595062 -0.43759155 0.19627380
v 0.03582764 -0.41067505 0.03303909
v -0.24221802 -0.48391724 0.48703003
v -0.31130981 -0.48303223 0.48510742
v -0.24528503 -0.48382568 0.48394775
v -0.22622681 -0.48120117 0.47424316
v -0.23487854 -0.48312378 0.48251343
v -0.22320557 -0.48352051 0.48300171
v -0.15364075 -0.48333740 0.48498535
v -0.24221802 -0.48391724 0.48703003
v -0.22320557 -0.48352051 0.48300171
v -0.15364075 -0.48333740 0.48498535
v -0.24194336 -0.48410034 0.48361206
v -0.24528503 -0.48382568 0.48394775
v -0.24047852 -0.48431396 0.48336792
v -0.31130981 -0.48303223 0.48510742
v -0.24902344 -0.48352051 0.48306274
v -0.24221802 -0.48391724 0.48703003
v -0.15364075 -0.48333740 0.48498535
v -0.22320557 -0.48352051 0.48300171
v -0.47134399 -0.46127319 0.48284912
v -0.48107910 -0.48428345 0.48260498
v -0.41256714 -0.48352051 0.48284912
v -0.48330688 -0.48361206 0.31890869
v -0.24047852 -0.48431396 0.48336792
v -0.23487854 -0.48312378 0.48251343
v -0.22320557 -0.48352051 0.48300171
v -0.24902344 -0.48352051 0.48306274
v -0.24221802 -0.48391724 0.48703003
v -0.31130981 -0.48303223 0.48510742
v -0.22622681 -0.48120117 0.47424316
v -0.24528503 -0.48382568 0.48394775
v -0.48162842 -0.11741638 0.48519897
v -0.45162964 -0.27774048 0.48184204
v -0.45800781 -0.00028908 0.48214722
v -0.39889526 -0.00028357 0.47381592
v -0.24404907 -0.00012754 0.44802856
v -0.45602417 0.11589813 0.48382568
v -0.48489380 0.24098206 0.48678589
v -0.48171997 0.09627533 0.45462036
v -0.47848511 -0.22784424 0.42218018
v -0.48568726 0.03453445 0.37432861
v 0.03261948 -0.40356445 0.47583008
v 0.00005445 -0.29080200 0.45687866
v -0.47134399 -0.46127319 0.48284912
v -0.29492188 -0.31494141 0.45608521
v -0.24197388 -0.12944031 0.44842529
v -0.45162964 -0.27774048 0.48184204
v -0.24404907 -0.00012754 0.44802856
v -0.24404907 -0.00012754 0.44802856
v -0.21803284 -0.00029379 0.44204712
v -0.21441650 0.08405304 0.43844604
v -0.24197388 -0.12944031 0.44842529
v -0.07527924 -0.10973358 0.41766357
v -0.17161560 -0.00036156 0.43084717
v -0.14276123 -0.00055432 0.42922974
v -0.06684113 -0.00014941 0.42953491
v -0.10961914 0.08605957 0.43991089
v -0.31442261 0.22789001 0.45544434
v -0.05032730 0.21865845 0.45501709
v -0.40695190 0.20433044 0.47564697
v -0.45602417 0.11589813 0.48382568
v -0.43533325 0.42352295 0.47808838
v -0.48489380 0.24098206 0.48678589
v -0.48431396 0.48352051 0.48571777
v -0.34268188 0.48327637 0.48675537
v -0.10048676 0.35815430 0.47244263
v -0.42346191 0.46447754 0.43112183
v -0.48376465 0.48278809 0.45050049
v -0.47924805 0.45227051 0.44598389
v -0.47845459 0.25195312 0.39779663
v -0.24523926 0.48315430 0.48416138
v -0.24623108 0.41717529 0.27276611
v -0.03250885 0.48086548 0.48300171
v -0.19123840 0.45315552 0.28164673
v 0.00018688 0.46081543 0.37121582
v 0.00023925 0.45306396 0.32934570
v -0.05593109 0.35406494 0.48849487
v 0.00008672 0.36618042 0.48483276
v 0.00074410 0.24691772 0.48272705
v 0.00000086 0.26879883 0.48495483
v 0.10979462 0.18637085 0.47854614
v 0.03618240 0.22050476 0.48190308
v 0.00144494 0.24398804 0.47811890
v 0.00033399 0.24192810 0.48156738
v 0.00018343 0.24108887 0.48110962
v 0.00014724 0.22221375 0.47265625
v 0.00027570 0.20147705 0.46304321
v 0.00079006 0.23733521 0.47793579
v 0.00206542 0.22166443 0.46560669
v 0.00495291 0.22462463 0.45443726
v 0.00239277 0.22666931 0.46597290
v 0.00161016 0.22686768 0.46981812
v 0.00014903 0.22872925 0.47552490
v -0.00066066 0.23410034 0.48089600
v 0.00038657 0.23028564 0.47628784
v 0.00055408 0.22975159 0.47485352
v 0.00075537 0.23469543 0.47586060
v 0.00032365 0.23445129 0.47811890
v -0.47134399 -0.46127319 0.48284912
v -0.48068237 -0.45367432 0.45397949
v -0.48330688 -0.48361206 0.31890869
v -0.48019409 -0.43823242 0.25595093
v -0.46350098 -0.31866455 0.08760071
v -0.48171997 0.09627533 0.45462036
v -0.47268677 -0.00005937 0.36679077
v -0.47848511 -0.22784424 0.42218018
v -0.48568726 0.03453445 0.37432861
v -0.47064209 -0.02431870 0.33822632
v -0.47518921 -0.00017194 0.36090088
v -0.47836304 -0.00014664 0.34851074
v -0.47903442 -0.00018474 0.34597778
v -0.48010254 -0.00034472 0.34274292
v -0.48294067 -0.00041491 0.33407593
v -0.48254395 0.00033593 0.32931519
v -0.47909546 -0.06001282 0.22961426
v -0.48312378 -0.00016078 0.31463623
v -0.45574951 -0.11907959 0.17915344
v -0.43957520 -0.18452454 -0.00014064
v -0.44174194 -0.13316345 0.00017887
v -0.42980957 -0.11800385 -0.12192535
v -0.46353149 -0.11028290 0.07326508
v -0.45043945 -0.11989594 0.00032920
v -0.44433594 -0.12609863 0.00040811
v -0.43457031 -0.11163330 -0.11938477
v -0.44860840 -0.05952835 0.00029051
v -0.44378662 -0.00012040 -0.02183914
v -0.44909668 -0.00015177 -0.07169342
v -0.44668579 -0.00102174 -0.00413465
v -0.44400024 -0.00153208 0.00375342
v -0.44778442 -0.05297852 0.00025818
v -0.44390869 -0.01014709 0.00033125
v -0.45117188 -0.00027123 0.05697632
v -0.41531372 -0.00305295 0.03004456
v -0.44552612 -0.00007185 0.02028465
v -0.45367432 0.00029743 0.03573608
v -0.45608521 -0.00036299 0.08880615
v -0.46066284 -0.00027457 0.12048340
v -0.46542358 0.00054812 0.08844757
v -0.46527100 -0.00027525 0.15264893
v -0.46157837 -0.00019963 0.12387085
v -0.44787598 0.08608246 0.08342743
v -0.47064209 -0.00023954 0.19281006
v -0.47244263 0.09635925 0.26663208
v -0.47561646 -0.00019778 0.23397827
v -0.47705078 -0.00010379 0.24873352
v -0.47811890 -0.00021553 0.26150513
v -0.48168945 0.02770996 0.31051636
v -0.48062134 -0.00034338 0.28396606
v -0.48098755 -0.00013362 0.28781128
v -0.48107910 -0.00031811 0.28829956
v -0.48220825 -0.00024208 0.30108643
v -0.48226929 -0.00006232 0.30215454
v -0.48068237 -0.45367432 0.45397949
v -0.47848511 -0.22784424 0.42218018
v -0.43957520 -0.18452454 -0.00014064
v -0.46350098 -0.31866455 0.08760071
v -0.48178101 -0.48443604 0.22474670
v -0.45828247 -0.47888184 0.16284180
v -0.48330688 -0.48361206 0.31890869
v -0.48019409 -0.43823242 0.25595093
v -0.48132324 -0.48434448 0.11190033
v -0.48461914 -0.48348999 0.02343178
v -0.48449707 -0.47561646 0.00019005
v -0.46981812 -0.34674072 -0.15965271
v -0.48171997 -0.48330688 0.00008861
v -0.48461914 -0.48348999 0.02343178
v -0.45800781 -0.47879028 0.00029609
v -0.43032837 -0.47445679 0.00032219
v -0.48461914 -0.48348999 0.02343178
v -0.48132324 -0.48397827 -0.06129837
v -0.48171997 -0.48330688 0.00008861
v -0.47909546 -0.06001282 0.22961426
v -0.47561646 -0.00019778 0.23397827
v -0.48251343 0.00020801 0.24224854
v -0.48132324 -0.48513794 0.10301971
v -0.48132324 -0.48434448 0.11190033
v -0.48461914 -0.48348999 0.02343178
v -0.46066284 -0.00027457 0.12048340
v -0.45706177 -0.00030845 0.09457397
v -0.46542358 0.00054812 0.08844757
v -0.45623779 -0.00016741 0.08986664
v -0.45608521 -0.00036299 0.08880615
v -0.45590210 -0.00006267 0.08589935
v -0.44552612 -0.00007185 0.02028465
v -0.46789551 0.00109458 0.07295990
v -0.45117188 -0.00027123 0.05697632
v -0.45251465 -0.00015295 0.06512451
v -0.48019409 -0.43823242 0.25595093
v -0.46350098 -0.31866455 0.08760071
v -0.46981812 -0.34674072 -0.15965271
v -0.46151733 -0.29812622 0.00010452
v -0.45907593 -0.28381348 0.00029591
v -0.45172119 -0.24604797 0.00012597
v -0.42980957 -0.11800385 -0.12192535
v -0.43957520 -0.18452454 -0.00014064
v -0.45251465 -0.00015295 0.06512451
v -0.45230103 -0.00012392 0.06057358
v -0.45117188 -0.00027123 0.05697632
v -0.44552612 -0.00007185 0.02028465
v -0.45413208 0.00007302 0.05566025
v -0.45162964 0.00003028 0.05192184
v -0.46994019 0.00166070 0.04261398
v -0.45367432 0.00029743 0.03573608
v 0.47766113 -0.38665771 -0.15098572
v 0.48501587 -0.45056152 0.00010677
v 0.48748779 -0.48303223 -0.06658936
v 0.48602295 -0.48327637 -0.28167725
v 0.46853638 -0.32479858 -0.17913818
v 0.48446655 -0.47470093 -0.47329712
v 0.45812988 -0.47817993 0.00017697
v 0.28103638 -0.45205688 0.00026548
v 0.43478394 -0.47164917 -0.43927002
v 0.44088745 -0.00038892 -0.18385315
v 0.44454956 0.00094396 -0.16734314
v 0.45135498 -0.00016961 -0.16668701
v 0.44223022 -0.00002740 -0.17810059
v 0.44515991 -0.00018638 -0.17509460
v 0.44738770 -0.00012884 -0.22171021
v 0.46075439 0.00801182 -0.29306030
v 0.46984863 -0.10434723 -0.34118652
v 0.44216919 0.04804993 -0.19952393
v 0.47155762 0.07989502 -0.16104126
v 0.48458862 0.22222900 -0.14500427
v 0.48294067 0.30517578 -0.44769287
v 0.48605347 -0.08428192 -0.48348999
v -0.10588837 -0.47537231 -0.43872070
v 0.23419189 -0.46804810 -0.40130615
v -0.00056201 -0.42678833 -0.12870789
v 0.27111816 -0.44363403 -0.28820801
v 0.43478394 -0.47164917 -0.43927002
v 0.10058594 -0.48419189 -0.48757935
v -0.00000074 -0.48422241 -0.48718262
v 0.00027230 -0.48071289 -0.48709106
v 0.32220459 -0.48437500 -0.48849487
v 0.38284302 -0.48095703 -0.47418213
v 0.41442871 -0.48278809 -0.48239136
v 0.40670776 -0.48394775 -0.48352051
v 0.48602295 -0.48327637 -0.28167725
v 0.43478394 -0.47164917 -0.43927002
v 0.48446655 -0.47470093 -0.47329712
v 0.41442871 -0.48278809 -0.48239136
v 0.48626709 -0.35919189 -0.48501587
v 0.48605347 -0.08428192 -0.48348999
v 0.43319702 -0.43865967 -0.47891235
v 0.32220459 -0.48437500 -0.48849487
v 0.16711426 -0.22383118 -0.43945312
v 0.36856079 -0.48419189 -0.48754883
v 0.38284302 -0.48095703 -0.47418213
v 0.40670776 -0.48394775 -0.48352051
v 0.40386963 -0.48385620 -0.48468018
v 0.40670776 -0.48394775 -0.48352051
v 0.41436768 -0.48397827 -0.48730469
v 0.42736816 -0.48416138 -0.48330688
v 0.41500854 -0.48394775 -0.48321533
v 0.40670776 -0.48394775 -0.48352051
v 0.41357422 -0.48394775 -0.48361206
v 0.00022113 -0.12037659 -0.42150879
v 0.00050157 -0.09810638 -0.42031860
v 0.08866882 -0.00028899 -0.43136597
v 0.00040263 -0.02671623 -0.42828369
v 0.00008488 0.00011162 -0.43145752
v -0.11122131 -0.00042471 -0.43218994
v -0.00981998 0.13882446 -0.44906616
v -0.16450500 0.07041931 -0.43786621
v -0.15257263 -0.10465240 -0.44720459
v -0.16735840 -0.13017273 -0.44030762
v -0.12751770 -0.00040662 -0.43502808
v -0.15232849 -0.00024131 -0.44079590
v -0.34548950 0.29605103 -0.46301270
v -0.18315125 0.36157227 -0.47613525
v -0.22602844 -0.07819366 -0.46029663
v -0.18792725 -0.24256897 -0.44201660
v -0.38980103 -0.03110886 -0.47341919
v -0.17340088 -0.00023066 -0.44512939
v -0.26412964 0.06655884 -0.45892334
v -0.45965576 0.45925903 -0.48312378
v -0.41943359 0.23123169 -0.47933960
v -0.48538208 0.24563599 -0.48767090
v -0.36376953 -0.00008423 -0.47808838
v -0.32678223 -0.02854156 -0.47384644
v -0.33322144 -0.00028023 -0.47393799
v -0.32464600 -0.00033024 -0.47256470
v -0.31268311 0.01081848 -0.47018433
v -0.20722961 -0.00035068 -0.45101929
v -0.21363831 -0.00079834 -0.44552612
v -0.21411133 -0.00028816 -0.45333862
v -0.23080444 -0.00025797 -0.45651245
v -0.25128174 -0.00022158 -0.46026611
v -0.28771973 -0.00013900 -0.46667480
v -0.27670288 -0.00017181 -0.46475220
v -0.27032471 0.00049967 -0.48284912
v 0.16711426 -0.22383118 -0.43945312
v 0.00022113 -0.12037659 -0.42150879
v 0.19726562 -0.12648010 -0.44497681
v 0.00034824 -0.17742920 -0.43264771
v -0.07991028 -0.27502441 -0.45281982
v 0.00019169 -0.30072021 -0.45843506
v 0.00012995 -0.30792236 -0.45999146
v 0.32220459 -0.48437500 -0.48849487
v -0.18775940 -0.41186523 -0.47772217
v 0.10058594 -0.48419189 -0.48757935
v 0.13607788 -0.00015934 -0.43981934
v 0.11437988 -0.00025818 -0.43554688
v 0.15327454 -0.00023638 -0.44262695
v 0.08866882 -0.00028899 -0.43136597
v 0.22706604 0.14974976 -0.44686890
v 0.18452454 -0.09339905 -0.45385742
v 0.00022113 -0.12037659 -0.42150879
v 0.19726562 -0.12648010 -0.44497681
v 0.38885498 -0.00787640 -0.47760010
v -0.00981998 0.13882446 -0.44906616
v 0.36975098 0.33697510 -0.46786499
v 0.14051819 0.28063965 -0.46670532
v -0.00668812 0.28634644 -0.46774292
v -0.09205627 0.33428955 -0.47314453
v -0.18315125 0.36157227 -0.47613525
v 0.30645752 -0.00016443 -0.46966553
v 0.34906006 -0.00017424 -0.47592163
v 0.26757812 -0.00028092 -0.46316528
v 0.27316284 0.00015046 -0.46893311
v 0.27713013 -0.00036520 -0.46493530
v 0.25497437 -0.00020705 -0.46121216
v 0.27648926 -0.00037888 -0.46301270
v 0.27377319 -0.00040916 -0.46508789
v 0.27252197 -0.00028983 -0.46221924
v 0.22776794 0.02298737 -0.45516968
v 0.23313904 -0.00023608 -0.45733643
v 0.19102478 -0.00028038 -0.44970703
v 0.20933533 -0.00023496 -0.45303345
v 0.19189453 -0.00030792 -0.45040894
v 0.15327454 -0.00023638 -0.44262695
v 0.15690613 -0.00024876 -0.44396973
v 0.16102600 -0.00041479 -0.44512939
v 0.16711426 -0.22383118 -0.43945312
v 0.19726562 -0.12648010 -0.44497681
v 0.44265747 -0.20539856 -0.48092651
v 0.38885498 -0.00787640 -0.47760010
v 0.43319702 -0.43865967 -0.47891235
v 0.48626709 -0.35919189 -0.48501587
v 0.38885498 -0.00787640 -0.47760010
v 0.48605347 -0.08428192 -0.48348999
v 0.44265747 -0.20539856 -0.48092651
v 0.48626709 -0.35919189 -0.48501587
v 0.45166016 0.18423462 -0.48440552
v 0.34906006 -0.00017424 -0.47592163
v 0.41357422 -0.48394775 -0.48361206
v 0.41442871 -0.48278809 -0.48239136
v 0.40670776 -0.48394775 -0.48352051
v 0.40670776 -0.48394775 -0.48352051
v 0.38284302 -0.48095703 -0.47418213
v 0.40386963 -0.48385620 -0.48468018
v 0.00027230 -0.48071289 -0.48709106
v -0.18775940 -0.41186523 -0.47772217
v 0.10058594 -0.48419189 -0.48757935
v -0.00000074 -0.48422241 -0.48718262
v -0.34042358 -0.48358154 -0.48583984
v -0.10588837 -0.47537231 -0.43872070
v -0.38070679 -0.46127319 -0.39022827
v -0.19062805 -0.45730591 -0.33560181
v -0.44400024 -0.00153208 0.00375342
v -0.44296265 -0.00037396 0.00046703
v -0.44668579 -0.00102174 -0.00413465
v -0.44552612 -0.00007185 0.02028465
v -0.44638062 0.00287938 0.00052994
v -0.44378662 -0.00012040 -0.02183914
v -0.44598389 0.00935459 0.00043255
v -0.44329834 0.00978088 0.00004797
v -0.44342041 0.01083660 0.00024569
v -0.44461060 0.01820755 0.00023995
v -0.44564819 0.02674103 0.00017989
v -0.44815063 0.03988647 0.00022079
v -0.44909668 -0.00015177 -0.07169342
v -0.44787598 0.08608246 0.08342743
v -0.45623779 -0.00016741 0.08986664
v -0.45706177 -0.00030845 0.09457397
v -0.46066284 -0.00027457 0.12048340
v -0.44934082 0.06579590 0.00005579
v -0.45050049 0.05659485 0.00023219
v -0.45239258 0.06922150 0.00038302
v -0.45477295 0.08839417 0.00023025
v -0.45849609 0.11256409 0.00016850
v -0.46527100 0.16363525 0.00022429
v -0.46810913 0.18579102 0.00040475
v -0.46527100 -0.00027525 0.15264893
v -0.47244263 0.09635925 0.26663208
v -0.48168945 0.02770996 0.31051636
v -0.47845459 0.25195312 0.39779663
v -0.45889282 0.23617554 0.23751831
v -0.47924805 0.45227051 0.44598389
v -0.47399902 0.30593872 0.14353943
v -0.48162842 0.43087769 0.25460815
v -0.47293091 0.22932434 0.00021362
v -0.47698975 0.22019958 -0.07810211
v -0.47604370 0.26046753 0.00022994
v -0.47229004 0.10588837 -0.16233826
v -0.47717285 0.27252197 0.00034827
v -0.47460938 0.27166748 0.00017278
v -0.47882080 0.29571533 0.00022155
v -0.48077393 0.32369995 0.00019667
v -0.48327637 0.35946655 0.00024144
v -0.43457031 -0.11163330 -0.11938477
v -0.45111084 -0.00020623 -0.09220123
v -0.44808960 -0.00031427 -0.08449554
v -0.45068359 0.00122380 -0.08772278
v -0.45095825 -0.03680801 -0.14773560
v -0.45434570 -0.00014509 -0.12472534
v -0.45037842 0.00066614 -0.14103699
v -0.45465088 0.00032401 -0.15374756
v -0.45346069 -0.00001502 -0.15864563
v -0.43640137 -0.04428101 -0.16632080
v -0.42834473 0.00615788 -0.14546204
v -0.43313599 0.00395393 -0.15541077
v -0.44311523 -0.00018765 -0.17449951
v -0.44125366 -0.00015603 -0.20138550
v -0.34811401 -0.46249390 0.04669952
v -0.38375854 -0.46789551 0.00034931
v -0.35208130 -0.46310425 -0.08705902
v -0.38497925 -0.46820068 0.00032729
v -0.30728149 -0.45651245 0.00015762
v -0.43032837 -0.47445679 0.00032219
v -0.43939209 -0.47518921 -0.30548096
v -0.45800781 -0.47879028 0.00029609
v -0.29745483 -0.45288086 -0.19383240
v -0.24139404 -0.44735718 0.00026253
v -0.24600220 -0.44711304 0.00022994
v -0.48352051 -0.48339844 -0.23426819
v -0.48330688 -0.48376465 -0.08268738
v -0.48132324 -0.48397827 -0.06129837
v -0.48049927 -0.43807983 -0.27865601
v -0.48449707 -0.47561646 0.00019005
v -0.46981812 -0.34674072 -0.15965271
v -0.48461914 -0.48348999 0.02343178
v -0.48171997 -0.48330688 0.00008861
v -0.48138428 -0.48495483 -0.07427216
v -0.48132324 -0.48397827 -0.06129837
v -0.48330688 -0.48376465 -0.08268738
v -0.48132324 -0.48397827 -0.06129837
v -0.48138428 -0.48495483 -0.07427216
v -0.46151733 -0.29812622 0.00010452
v -0.45907593 -0.28381348 0.00029591
v -0.46981812 -0.34674072 -0.15965271
v -0.42980957 -0.11800385 -0.12192535
v -0.45269775 -0.26681519 -0.27154541
v -0.05088806 -0.41470337 -0.00513601
v -0.24139404 -0.44735718 0.00026253
v -0.29745483 -0.45288086 -0.19383240
v -0.06267548 -0.41409302 -0.07419586
v -0.38070679 -0.46127319 -0.39022827
v -0.19062805 -0.45730591 -0.33560181
v -0.00056201 -0.42678833 -0.12870789
v -0.10588837 -0.47537231 -0.43872070
v -0.48138428 -0.48495483 -0.07427216
v -0.48132324 -0.48397827 -0.06129837
v -0.48150635 -0.48474121 -0.07375336
v -0.48330688 -0.48376465 -0.08268738
v -0.43457031 -0.11163330 -0.11938477
v -0.45111084 -0.00020623 -0.09220123
v -0.45095825 -0.03680801 -0.14773560
v -0.43640137 -0.04428101 -0.16632080
v -0.42980957 -0.11800385 -0.12192535
v -0.45269775 -0.26681519 -0.27154541
v -0.42980957 -0.11800385 -0.12192535
v -0.45803833 -0.07906342 -0.28384399
v -0.43640137 -0.04428101 -0.16632080
v -0.47756958 -0.43457031 -0.42855835
v -0.48251343 -0.23014832 -0.46365356
v -0.43640137 -0.04428101 -0.16632080
v -0.44125366 -0.00015603 -0.20138550
v -0.45803833 -0.07906342 -0.28384399
v -0.44519043 -0.00006422 -0.22267151
v -0.45138550 0.16264343 -0.27774048
v -0.47210693 0.07131195 -0.37994385
v -0.44311523 -0.00018765 -0.17449951
v -0.47851562 0.42242432 -0.43844604
v -0.48361206 0.28048706 -0.47457886
v -0.48495483 0.30270386 -0.48342896
v -0.48574829 0.37210083 -0.48547363
v -0.48358154 0.43298340 -0.48059082
v -0.45349121 0.16928101 -0.19183350
v -0.47229004 0.10588837 -0.16233826
v -0.43313599 0.00395393 -0.15541077
v -0.48474121 0.28204346 -0.12791443
v -0.47698975 0.22019958 -0.07810211
v -0.48077393 0.32369995 0.00019667
v -0.47396851 0.36376953 -0.12588501
v -0.48764038 0.39801025 -0.08253479
v -0.48327637 0.35946655 0.00024144
v -0.48410034 0.37008667 0.00070971
v -0.48425293 0.37619019 0.00022165
v -0.48452759 0.38400269 0.00059152
v -0.48486328 0.38800049 0.00006229
v -0.48489380 0.38903809 0.00031409
v -0.48556519 0.40814209 0.00014734
v -0.48577881 0.44491577 0.05114746
v -0.48492432 0.47314453 -0.04566193
v -0.48449707 0.48199463 0.00041121
v -0.48602295 0.48422241 -0.14250183
v -0.48455811 0.47253418 -0.38919067
v -0.48541260 0.48394775 -0.48712158
v -0.38070679 -0.46127319 -0.39022827
v -0.29745483 -0.45288086 -0.19383240
v -0.43939209 -0.47518921 -0.30548096
v -0.48138428 -0.48348999 -0.36978149
v -0.48297119 -0.48318481 -0.48556519
v -0.43939209 -0.47518921 -0.30548096
v -0.48352051 -0.48339844 -0.23426819
v -0.48138428 -0.48348999 -0.36978149
v -0.48297119 -0.48318481 -0.48556519
v -0.46981812 -0.34674072 -0.15965271
v -0.45269775 -0.26681519 -0.27154541
v -0.47756958 -0.43457031 -0.42855835
v -0.48049927 -0.43807983 -0.27865601
v -0.48379517 -0.48065186 -0.48309326
v -0.48352051 -0.48339844 -0.23426819
v -0.48397827 -0.44692993 -0.48327637
v -0.48297119 -0.48318481 -0.48556519
v -0.48565674 -0.43899536 -0.48333740
v -0.48397827 -0.44692993 -0.48327637
v -0.45803833 -0.07906342 -0.28384399
v -0.47210693 0.07131195 -0.37994385
v -0.48403931 -0.11935425 -0.47430420
v -0.48251343 -0.23014832 -0.46365356
v -0.48495483 0.04399109 -0.48535156
v -0.48361206 0.28048706 -0.47457886
v -0.48425293 0.22891235 -0.48342896
v -0.48538208 0.24563599 -0.48767090
v -0.36376953 -0.00008423 -0.47808838
v -0.38980103 -0.03110886 -0.47341919
v -0.48477173 -0.10220337 -0.48532104
v -0.48507690 -0.08013916 -0.48336792
v -0.48400879 -0.15226746 -0.48318481
v -0.48419189 -0.17208862 -0.48327637
v -0.48535156 -0.22172546 -0.48739624
v -0.18792725 -0.24256897 -0.44201660
v 0.00022113 -0.12037659 -0.42150879
v 0.00034824 -0.17742920 -0.43264771
v -0.16735840 -0.13017273 -0.44030762
v -0.07991028 -0.27502441 -0.45281982
v -0.18775940 -0.41186523 -0.47772217
v -0.44589233 -0.45272827 -0.48135376
v 0.00012995 -0.30792236 -0.45999146
v 0.00019169 -0.30072021 -0.45843506
v -0.47756958 -0.43457031 -0.42855835
v -0.48251343 -0.23014832 -0.46365356
v -0.48370361 -0.36874390 -0.48068237
v -0.48370361 -0.39715576 -0.48306274
v -0.44589233 -0.45272827 -0.48135376
v -0.38980103 -0.03110886 -0.47341919
v -0.18792725 -0.24256897 -0.44201660
v -0.48477173 -0.10220337 -0.48532104
v -0.32464600 -0.00033024 -0.47256470
v -0.32315063 -0.00036418 -0.47238159
v -0.31268311 0.01081848 -0.47018433
v -0.32415771 -0.00014858 -0.47253418
v -0.48251343 -0.23014832 -0.46365356
v -0.48403931 -0.11935425 -0.47430420
v -0.48419189 -0.17208862 -0.48327637
v -0.48535156 -0.22172546 -0.48739624
v -0.48428345 -0.20790100 -0.48318481
v -0.48535156 -0.20869446 -0.48333740
v -0.48370361 -0.36874390 -0.48068237
v -0.48251343 -0.23014832 -0.46365356
v -0.48452759 -0.34924316 -0.48361206
v -0.48529053 -0.37539673 -0.48745728
v -0.47756958 -0.43457031 -0.42855835
v -0.48452759 -0.41366577 -0.48330688
v -0.48361206 -0.43408203 -0.48315430
v -0.48397827 -0.44692993 -0.48327637
v -0.48370361 -0.40173340 -0.48321533
v -0.48422241 -0.43643188 -0.48330688
v -0.48370361 -0.39715576 -0.48306274
v -0.48419189 -0.43557739 -0.48330688
v -0.48471069 -0.43490601 -0.48373413
v -0.48471069 -0.43490601 -0.48373413
v -0.48410034 -0.39971924 -0.48342896
v -0.48416138 -0.39624023 -0.48342896
v -0.48452759 -0.41366577 -0.48330688
v -0.48251343 -0.23014832 -0.46365356
v -0.48437500 -0.26266479 -0.48330688
v -0.48428345 -0.29443359 -0.48318481
v -0.48391724 -0.30807495 -0.48309326
v -0.48477173 -0.27963257 -0.48379517
v -0.48419189 -0.28005981 -0.48321533
v -0.48434448 -0.23498535 -0.48330688
v -0.48468018 -0.22784424 -0.48333740
v -0.48486328 -0.25094604 -0.48327637
v -0.41903687 -0.48385620 -0.48406982
v -0.34042358 -0.48358154 -0.48583984
v -0.38070679 -0.46127319 -0.39022827
v -0.48297119 -0.48318481 -0.48556519
v -0.48297119 -0.48318481 -0.48556519
v -0.18775940 -0.41186523 -0.47772217
v -0.44589233 -0.45272827 -0.48135376
v -0.48452759 -0.34924316 -0.48361206
v -0.48251343 -0.23014832 -0.46365356
v -0.48391724 -0.30807495 -0.48309326
v -0.48471069 -0.31103516 -0.48345947
v -0.48370361 -0.36874390 -0.48068237
v -0.48379517 -0.37561035 -0.48309326
v -0.48370361 -0.39715576 -0.48306274
v -0.48419189 -0.38229370 -0.48339844
v -0.48406982 -0.37677002 -0.48339844
v -0.48471069 -0.37344360 -0.48324585
v -0.48544312 -0.37384033 -0.48336792
v -0.48080444 -0.48416138 -0.48287964
v -0.48297119 -0.48318481 -0.48556519
v -0.48138428 -0.48348999 -0.36978149
v -0.46783447 -0.48403931 -0.48327637
v -0.48297119 -0.48318481 -0.48556519
v -0.48422241 -0.43643188 -0.48330688
v -0.48471069 -0.43490601 -0.48373413
v -0.48397827 -0.44692993 -0.48327637
v -0.48452759 -0.41366577 -0.48330688
v -0.48416138 -0.39624023 -0.48342896
v -0.48596191 -0.39315796 -0.48324585
v -0.48468018 -0.39443970 -0.48345947
v -0.48370361 -0.39715576 -0.48306274
v -0.48529053 -0.37539673 -0.48745728
v -0.48419189 -0.38229370 -0.48339844
v -0.48468018 -0.39443970 -0.48345947
v -0.48419189 -0.38229370 -0.48339844
v -0.48596191 -0.39315796 -0.48324585
v -0.48468018 -0.36962891 -0.48327637
v -0.48559570 -0.35504150 -0.48330688
v -0.48471069 -0.37344360 -0.48324585
v -0.48452759 -0.36999512 -0.48345947
v -0.48464966 -0.36712646 -0.48330688
v -0.48422241 -0.36557007 -0.48333740
v -0.48559570 -0.35504150 -0.48330688
v -0.48468018 -0.36785889 -0.48376465
v -0.48452759 -0.36999512 -0.48345947
v -0.48422241 -0.36557007 -0.48333740
v -0.48452759 -0.34924316 -0.48361206
v -0.48559570 -0.35504150 -0.48330688
v -0.48458862 -0.36578369 -0.48345947
v -0.48547363 -0.36853027 -0.48336792
v -0.48464966 -0.36712646 -0.48330688
v -0.48544312 -0.37384033 -0.48336792
v -0.48468018 -0.36962891 -0.48327637
v -0.48452759 -0.34924316 -0.48361206
v -0.48449707 -0.31848145 -0.48324585
v -0.48580933 -0.30895996 -0.48318481
v -0.48559570 -0.35504150 -0.48330688
v -0.48425293 -0.30642700 -0.48321533
v -0.48419189 -0.30984497 -0.48327637
v -0.48391724 -0.30807495 -0.48309326
v -0.48428345 -0.29443359 -0.48318481
v -0.48562622 -0.28149414 -0.48318481
v -0.48425293 -0.30642700 -0.48321533
v -0.48580933 -0.30895996 -0.48318481
v -0.48391724 -0.30807495 -0.48309326
v -0.48455811 -0.28503418 -0.48342896
v -0.48419189 -0.28005981 -0.48321533
v -0.48562622 -0.28149414 -0.48318481
v -0.48419189 -0.28005981 -0.48321533
v -0.48437500 -0.26266479 -0.48330688
v -0.48562622 -0.28149414 -0.48318481
v -0.48583984 -0.25277710 -0.48312378
v -0.48437500 -0.26266479 -0.48330688
v -0.48464966 -0.25564575 -0.48336792
v -0.48583984 -0.25277710 -0.48312378
v -0.48486328 -0.25094604 -0.48327637
v -0.48437500 -0.26266479 -0.48330688
v -0.48486328 -0.25094604 -0.48327637
v -0.48434448 -0.23498535 -0.48330688
v -0.48583984 -0.25277710 -0.48312378
v -0.48468018 -0.22784424 -0.48333740
v -0.48419189 -0.17208862 -0.48327637
v -0.48477173 -0.10220337 -0.48532104
v -0.48608398 -0.19183350 -0.48312378
v -0.48397827 -0.44692993 -0.48327637
v -0.48471069 -0.43490601 -0.48373413
v -0.48565674 -0.43899536 -0.48333740
v -0.48471069 -0.43490601 -0.48373413
v -0.48452759 -0.41366577 -0.48330688
v -0.48565674 -0.43899536 -0.48333740
v -0.48565674 -0.43899536 -0.48333740
v -0.48452759 -0.41366577 -0.48330688
v -0.48596191 -0.39315796 -0.48324585
v -0.48419189 -0.38229370 -0.48339844
v -0.48471069 -0.37344360 -0.48324585
v -0.48596191 -0.39315796 -0.48324585
v -0.48504639 -0.37753296 -0.48339844
v -0.48529053 -0.37539673 -0.48745728
v -0.48406982 -0.37677002 -0.48339844
v -0.48544312 -0.37384033 -0.48336792
v -0.48379517 -0.37561035 -0.48309326
v -0.48410034 -0.37124634 -0.48333740
v -0.48452759 -0.36999512 -0.48345947
v -0.48468018 -0.36785889 -0.48376465
v -0.48547363 -0.36853027 -0.48336792
v -0.48468018 -0.36962891 -0.48327637
v -0.48471069 -0.37344360 -0.48324585
v -0.48559570 -0.35504150 -0.48330688
v -0.48596191 -0.39315796 -0.48324585
v -0.48544312 -0.37384033 -0.48336792
v -0.48468018 -0.22784424 -0.48333740
v -0.48428345 -0.20790100 -0.48318481
v -0.48608398 -0.19183350 -0.48312378
v -0.48251343 -0.23014832 -0.46365356
v -0.48251343 -0.23014832 -0.46365356
v -0.48535156 -0.20869446 -0.48333740
v -0.48468018 -0.22784424 -0.48333740
v -0.48419189 -0.17208862 -0.48327637
v -0.48361206 -0.43408203 -0.48315430
v -0.48452759 -0.41366577 -0.48330688
v -0.48471069 -0.43490601 -0.48373413
v -0.48379517 -0.37561035 -0.48309326
v -0.48370361 -0.36874390 -0.48068237
v -0.48410034 -0.37124634 -0.48333740
v -0.48471069 -0.37344360 -0.48324585
v -0.48468018 -0.36962891 -0.48327637
v -0.48544312 -0.37384033 -0.48336792
v -0.48547363 -0.36853027 -0.48336792
v -0.48464966 -0.36712646 -0.48330688
v -0.48452759 -0.36999512 -0.48345947
v -0.48410034 -0.37124634 -0.48333740
v -0.48471069 -0.37344360 -0.48324585
v -0.48468018 -0.36785889 -0.48376465
v -0.48370361 -0.36874390 -0.48068237
v -0.48422241 -0.36557007 -0.48333740
v -0.48547363 -0.36853027 -0.48336792
v -0.48458862 -0.36578369 -0.48345947
v -0.48529053 -0.37539673 -0.48745728
v -0.48428345 -0.29443359 -0.48318481
v -0.48419189 -0.28005981 -0.48321533
v -0.48455811 -0.28503418 -0.48342896
v -0.48437500 -0.26266479 -0.48330688
v -0.48486328 -0.25094604 -0.48327637
v -0.48419189 -0.25338745 -0.48321533
v -0.48397827 -0.44692993 -0.48327637
v -0.48565674 -0.43899536 -0.48333740
v -0.48422241 -0.43643188 -0.48330688
v -0.48471069 -0.43490601 -0.48373413
v -0.48565674 -0.43899536 -0.48333740
v -0.48483276 -0.43487549 -0.48345947
v -0.48419189 -0.43557739 -0.48330688
v -0.48471069 -0.43490601 -0.48373413
v -0.48452759 -0.41366577 -0.48330688
v -0.48471069 -0.43490601 -0.48373413
v -0.48361206 -0.43408203 -0.48315430
v -0.48461914 -0.39840698 -0.48355103
v -0.48471069 -0.39703369 -0.48355103
v -0.48370361 -0.39715576 -0.48306274
v -0.48483276 -0.40158081 -0.48382568
v -0.48596191 -0.39315796 -0.48324585
v -0.48410034 -0.39971924 -0.48342896
v -0.48468018 -0.39566040 -0.48358154
v -0.48468018 -0.39443970 -0.48345947
v -0.48416138 -0.39624023 -0.48342896
v -0.48529053 -0.37539673 -0.48745728
v -0.48471069 -0.43490601 -0.48373413
v -0.48452759 -0.41366577 -0.48330688
v -0.48297119 -0.48318481 -0.48556519
v -0.48397827 -0.44692993 -0.48327637
v -0.48486328 -0.30130005 -0.48550415
v -0.44589233 -0.45272827 -0.48135376
v -0.48477173 -0.10220337 -0.48532104
v -0.48452759 -0.34924316 -0.48361206
v -0.48419189 -0.30984497 -0.48327637
v -0.48513794 -0.30841064 -0.48339844
v -0.48458862 -0.36578369 -0.48345947
v -0.48468018 -0.36785889 -0.48376465
v -0.48464966 -0.36712646 -0.48330688
v -0.48529053 -0.37539673 -0.48745728
v -0.48452759 -0.34924316 -0.48361206
v -0.48559570 -0.35504150 -0.48330688
v -0.48449707 -0.31848145 -0.48324585
v -0.48513794 -0.30841064 -0.48339844
v -0.48471069 -0.31103516 -0.48345947
v -0.48391724 -0.30807495 -0.48309326
v -0.48498535 -0.30584717 -0.48342896
v -0.48492432 -0.30184937 -0.48364258
v -0.48425293 -0.30642700 -0.48321533
v -0.48580933 -0.30895996 -0.48318481
v -0.48428345 -0.29443359 -0.48318481
v -0.48428345 -0.29443359 -0.48318481
v -0.48455811 -0.28503418 -0.48342896
v -0.48562622 -0.28149414 -0.48318481
v -0.48562622 -0.28149414 -0.48318481
v -0.48471069 -0.28100586 -0.48345947
v -0.48455811 -0.28503418 -0.48342896
v -0.48419189 -0.28005981 -0.48321533
v -0.48477173 -0.27963257 -0.48379517
v -0.48583984 -0.25277710 -0.48312378
v -0.48471069 -0.25244141 -0.48342896
v -0.48419189 -0.25338745 -0.48321533
v -0.48486328 -0.25094604 -0.48327637
v -0.48535156 -0.22172546 -0.48739624
v -0.48437500 -0.26266479 -0.48330688
v -0.48434448 -0.23498535 -0.48330688
v -0.48468018 -0.22784424 -0.48333740
v -0.48580933 -0.30895996 -0.48318481
v -0.48513794 -0.30841064 -0.48339844
v -0.48559570 -0.35504150 -0.48330688
v -0.48391724 -0.30807495 -0.48309326
v -0.48498535 -0.30584717 -0.48342896
v -0.48580933 -0.30895996 -0.48318481
v -0.48562622 -0.28149414 -0.48318481
v -0.48428345 -0.29443359 -0.48318481
v -0.41903687 -0.48385620 -0.48406982
v -0.48297119 -0.48318481 -0.48556519
v -0.46783447 -0.48403931 -0.48327637
v -0.48370361 -0.40173340 -0.48321533
v -0.48483276 -0.40158081 -0.48382568
v -0.48452759 -0.41366577 -0.48330688
v -0.48483276 -0.40158081 -0.48382568
v -0.48452759 -0.41366577 -0.48330688
v -0.48410034 -0.39971924 -0.48342896
v -0.48596191 -0.39315796 -0.48324585
v -0.48410034 -0.39971924 -0.48342896
v -0.48596191 -0.39315796 -0.48324585
v -0.48483276 -0.40158081 -0.48382568
v -0.48452759 -0.34924316 -0.48361206
v -0.48559570 -0.35504150 -0.48330688
v -0.48529053 -0.37539673 -0.48745728
v -0.48419189 -0.30984497 -0.48327637
v -0.48471069 -0.31103516 -0.48345947
v -0.48513794 -0.30841064 -0.48339844
v -0.48452759 -0.34924316 -0.48361206
v -0.48419189 -0.30984497 -0.48327637
v -0.48513794 -0.30841064 -0.48339844
v -0.48452759 -0.34924316 -0.48361206
v -0.48425293 -0.30642700 -0.48321533
v -0.48486328 -0.30130005 -0.48550415
v -0.48513794 -0.30841064 -0.48339844
v -0.48391724 -0.30807495 -0.48309326
v -0.48498535 -0.30584717 -0.48342896
v -0.48483276 -0.30557251 -0.48367310
v -0.48486328 -0.30130005 -0.48550415
v -0.48513794 -0.30841064 -0.48339844
v -0.48425293 -0.30642700 -0.48321533
v -0.48483276 -0.30557251 -0.48367310
v -0.48498535 -0.30584717 -0.48342896
v -0.48492432 -0.30184937 -0.48364258
v -0.48486328 -0.30130005 -0.48550415
v -0.48428345 -0.29443359 -0.48318481
v -0.48428345 -0.29443359 -0.48318481
v -0.48580933 -0.30895996 -0.48318481
v -0.48486328 -0.30130005 -0.48550415
v -0.48428345 -0.29443359 -0.48318481
v -0.48486328 -0.30130005 -0.48550415
v -0.48455811 -0.28503418 -0.48342896
v -0.48455811 -0.28503418 -0.48342896
v -0.48562622 -0.28149414 -0.48318481
v -0.48486328 -0.30130005 -0.48550415
v -0.48455811 -0.28503418 -0.48342896
v -0.48471069 -0.28100586 -0.48345947
v -0.48486328 -0.30130005 -0.48550415
v -0.48477173 -0.27963257 -0.48379517
v -0.48419189 -0.28005981 -0.48321533
v -0.48562622 -0.28149414 -0.48318481
v -0.48477173 -0.27963257 -0.48379517
v -0.48437500 -0.26266479 -0.48330688
v -0.48464966 -0.25564575 -0.48336792
v -0.48535156 -0.22172546 -0.48739624
v -0.48468018 -0.22784424 -0.48333740
v -0.48535156 -0.22172546 -0.48739624
v -0.48535156 -0.20869446 -0.48333740
v -0.48477173 -0.27963257 -0.48379517
v -0.48437500 -0.26266479 -0.48330688
v -0.48486328 -0.30130005 -0.48550415
v -0.48535156 -0.22172546 -0.48739624
v -0.48477173 -0.10220337 -0.48532104
v 0.48690796 0.47991943 0.48535156
v 0.48654175 0.48345947 0.48574829
v 0.37774658 0.47952271 0.48641968
v 0.29986572 0.34255981 0.46939087
v 0.48815918 0.26144409 0.48693848
v 0.38888550 0.14739990 0.48037720
v 0.48352051 0.46194458 0.46060181
v 0.48010254 0.19662476 0.36267090
v 0.47296143 0.36093140 0.36212158
v 0.48745728 0.48403931 0.35406494
v 0.45913696 0.47406006 0.46127319
v 0.23657227 0.15699768 0.47497559
v 0.15284729 0.48159790 0.48538208
v 0.10979462 0.18637085 0.47854614
v 0.19593811 0.09530640 0.43899536
v 0.02496910 0.15368652 0.44647217
v 0.07944489 0.40270996 0.47732544
v 0.00008672 0.36618042 0.48483276
v -0.03250885 0.48086548 0.48300171
v 0.32800293 0.43707275 0.33987427
v 0.44696045 0.47286987 0.11448669
v 0.33157349 0.44232178 0.22181702
v 0.19618225 0.40988159 0.21701050
v 0.12311554 0.43841553 0.29534912
v 0.00022449 0.46777344 0.48544312
v 0.00006083 0.46875000 0.48556519
v 0.00022739 0.46972656 0.48568726
v 0.00017576 0.46896362 0.48373413
v 0.15219116 0.47198486 0.44604492
v 0.00024155 0.46884155 0.41436768
v 0.00018688 0.46081543 0.37121582
v 0.00023925 0.45306396 0.32934570
v 0.00025573 0.44857788 0.30303955
v -0.02289581 0.44805908 0.29595947
v 0.00031966 0.22308350 0.47308350
v 0.00014724 0.22221375 0.47265625
v 0.00239277 0.22666931 0.46597290
v 0.00035757 0.21401978 0.46914673
v 0.00027570 0.20147705 0.46304321
v 0.00495291 0.22462463 0.45443726
v -0.05032730 0.21865845 0.45501709
v 0.00004369 0.21305847 0.46862793
v 0.00185370 0.21557617 0.46279907
v 0.00804996 0.22195435 0.44027710
v 0.00021936 0.21195984 0.46820068
v 0.00065333 0.20629883 0.46472168
v -0.00018142 0.19427490 0.46203613
v 0.00026724 0.19308472 0.45971680
v 0.03618240 0.22050476 0.48190308
v 0.00405836 0.19953918 0.44515991
v 0.10979462 0.18637085 0.47854614
v 0.02496910 0.15368652 0.44647217
v 0.00068027 0.18450928 0.45434570
v 0.00200534 0.18496704 0.44830322
v 0.00138187 0.18214417 0.44973755
v 0.00015466 0.17921448 0.45300293
v 0.00015141 0.17787170 0.45239258
v 0.00012110 0.17654419 0.45175171
v 0.00036579 0.17884827 0.45291138
v 0.00148654 0.18002319 0.44787598
v 0.00034341 0.17677307 0.45190430
v 0.00005941 0.17521667 0.45111084
v 0.00033972 0.17617798 0.45162964
v 0.00218797 0.17779541 0.44219971
v 0.00003057 0.17100525 0.44860840
v -0.10961914 0.08605957 0.43991089
v 0.00016059 0.14601135 0.44534302
v 0.00024605 0.17417908 0.45065308
v 0.00319910 0.18058777 0.43975830
v 0.00026724 0.19308472 0.45971680
v -0.00018142 0.19427490 0.46203613
v 0.00158250 0.19647217 0.45523071
v -0.10961914 0.08605957 0.43991089
v 0.02496910 0.15368652 0.44647217
v 0.00016059 0.14601135 0.44534302
v 0.00018592 0.11511993 0.44219971
v 0.19593811 0.09530640 0.43899536
v 0.10385895 0.02159119 0.43051147
v 0.00034925 0.02376938 0.43167114
v 0.00017430 0.02374649 0.42221069
v 0.00021903 0.02225494 0.43151855
v -0.06684113 -0.00014941 0.42953491
v 0.47296143 0.36093140 0.36212158
v 0.48626709 0.44952393 0.22296143
v 0.48745728 0.48403931 0.35406494
v 0.48776245 0.48388672 0.18769836
v 0.48962402 0.47229004 0.00045121
v 0.48846436 0.40588379 0.00022222
v 0.48641968 0.36706543 0.00035471
v 0.48281860 0.32617188 0.02703476
v 0.47607422 0.30731201 0.15469360
v 0.45812988 0.19488525 0.19607544
v 0.47357178 0.20895386 0.00019322
v 0.44696045 0.47286987 0.11448669
v 0.45913696 0.47406006 0.46127319
v 0.48745728 0.48403931 0.35406494
v 0.48776245 0.48388672 0.18769836
v 0.46377563 0.47817993 0.00027522
v 0.41824341 0.46868896 0.02307129
v 0.44696045 0.47286987 0.11448669
v 0.33157349 0.44232178 0.22181702
v 0.32800293 0.43707275 0.33987427
v 0.25061035 0.43386841 0.10012817
v 0.19618225 0.40988159 0.21701050
v 0.41824341 0.46868896 0.02307129
v 0.00022626 0.43695068 0.24061584
v 0.00025573 0.44857788 0.30303955
v 0.12311554 0.43841553 0.29534912
v 0.00031531 0.44412231 0.28100586
v -0.02289581 0.44805908 0.29595947
v 0.00027999 0.44400024 0.27944946
v 0.00010203 0.44393921 0.27996826
v 0.00030959 0.43978882 0.25384521
v -0.12020111 0.44052124 0.20343018
v -0.04032135 0.42706299 0.15917969
v -0.16131592 0.43145752 0.08794403
v -0.19123840 0.45315552 0.28164673
v 0.00023925 0.45306396 0.32934570
v 0.12311554 0.43841553 0.29534912
v 0.04755783 0.42111206 0.18116760
v 0.00022626 0.43695068 0.24061584
v 0.19618225 0.40988159 0.21701050
v 0.00020567 0.43258667 0.21517944
v -0.04032135 0.42706299 0.15917969
v 0.25061035 0.43386841 0.10012817
v 0.08829498 0.39910889 0.10141754
v 0.00024003 0.40762329 0.07769775
v 0.00033659 0.43038940 0.20251465
v -0.04032135 0.42706299 0.15917969
v 0.00042751 0.42050171 0.13945007
v 0.00032106 0.42581177 0.17823792
v 0.00033239 0.42459106 0.17031860
v -0.04032135 0.42706299 0.15917969
v 0.00028068 0.42297363 0.16101074
v 0.00027549 0.41796875 0.13261414
v 0.00014207 0.41342163 0.11272430
v -0.01602554 0.41506958 0.10738373
v 0.00059038 0.41259766 0.09475708
v 0.00013688 0.41928101 0.14871216
v 0.00014263 0.42221069 0.15556335
v 0.00033340 0.42172241 0.15214539
v 0.00015581 0.42044067 0.15539551
v 0.00028470 0.42703247 0.18502808
v -0.00005609 0.42593384 0.19120789
v 0.00005878 0.42831421 0.19078064
v 0.00029638 0.42846680 0.19178772
v -0.00011283 0.42727661 0.19836426
v 0.00030941 0.43011475 0.20089722
v -0.00000676 0.42822266 0.20213318
v 0.00004116 0.42639160 0.18037415
v 0.00032106 0.42581177 0.17823792
v 0.00022626 0.43695068 0.24061584
v -0.04032135 0.42706299 0.15917969
v -0.00015417 0.43170166 0.23240662
v 0.48764038 0.48458862 -0.03552628
v 0.48776245 0.48388672 0.18769836
v 0.48962402 0.47229004 0.00045121
v 0.48754883 0.47216797 -0.05471039
v 0.48538208 0.47964478 -0.31878662
v 0.48846436 0.40588379 0.00022222
v 0.48968506 0.34185791 -0.10733795
v 0.46807861 0.27844238 -0.16374207
v 0.48641968 0.36706543 0.00035471
v 0.44216919 0.04804993 -0.19952393
v 0.48458862 0.22222900 -0.14500427
v 0.48501587 0.34048462 0.00014186
v 0.48281860 0.32617188 0.02703476
v 0.47879028 0.25939941 0.00024246
v 0.46765137 0.13293457 -0.03982162
v 0.47369385 0.20445251 -0.00914955
v 0.48306274 0.31280518 0.00028968
v 0.48400879 0.31167603 0.00025889
v 0.48294067 0.31130981 0.00019197
v 0.48236084 0.30337524 0.00010508
v 0.48114014 0.28744507 0.00025538
v 0.48007202 0.27630615 0.00023648
v 0.48153687 0.27212524 0.00020058
v 0.47607422 0.30731201 0.15469360
v 0.47659302 0.23121643 0.00033253
v 0.47357178 0.20895386 0.00019322
v 0.47256470 0.20040894 0.00030875
v 0.47476196 0.22538757 0.00033274
v 0.47491455 0.21803284 0.00026834
v 0.47451782 0.21809387 0.00012181
v 0.47442627 0.21722412 0.00027198
v 0.00023879 0.42684937 0.18028259
v 0.00028470 0.42703247 0.18502808
v 0.00032106 0.42581177 0.17823792
v 0.00024003 0.40762329 0.07769775
v 0.00059038 0.41259766 0.09475708
v 0.00014207 0.41342163 0.11272430
v -0.00012093 0.40716553 0.09161377
v -0.01602554 0.41506958 0.10738373
v 0.00034586 0.40716553 0.07172394
v 0.00027341 0.40597534 0.06940460
v 0.00013500 0.40621948 0.06959534
v 0.00025052 0.40499878 0.06352997
v 0.00020674 0.40338135 0.05375671
v 0.08829498 0.39910889 0.10141754
v 0.00009772 0.40408325 0.05799866
v -0.02626228 0.40542603 0.04096222
v -0.16131592 0.43145752 0.08794403
v -0.04032135 0.42706299 0.15917969
v 0.03881454 0.40209961 0.00028488
v -0.00307631 0.39532471 0.00537157
v 0.00022237 0.39651489 0.01405430
v 0.00016358 0.39935303 0.03058624
v -0.00953960 0.39620972 0.00033826
v -0.01421928 0.39926147 0.00016898
v -0.01586723 0.39678955 0.00030914
v -0.02134132 0.39831543 0.00023578
v -0.03973007 0.39443970 -0.04297256
v 0.00027904 0.40142822 0.04269791
v 0.00004992 0.40164185 0.04360580
v 0.00109839 0.40759277 0.04251862
v 0.00027767 0.40179443 0.04465866
v 0.00029856 0.40362549 0.04666138
v 0.00051361 0.40441895 0.05083084
v -0.03869629 0.40106201 0.00035515
v -0.02665901 0.39953613 0.00015362
v -0.02995491 0.39859009 0.00051892
v -0.03462219 0.40078735 0.00023451
v -0.03787613 0.40185547 0.00019398
v -0.03845978 0.40097046 0.00011927
v -0.03938293 0.40118408 0.00038680
v -0.08396149 0.40902710 0.00032896
v -0.04622269 0.39898682 0.00073987
v -0.04536438 0.40222168 0.00031075
v -0.05330276 0.40118408 0.00067228
v -0.06061172 0.40423584 0.00036043
v -0.13046265 0.41708374 0.00030097
v -0.09378815 0.41073608 0.00013784
v -0.19113159 0.42773438 0.00035200
v -0.09625244 0.39492798 -0.10643005
v -0.18099976 0.42315674 -0.02917290
v -0.09026337 0.40542603 0.00093013
v -0.09210968 0.40887451 0.00044620
v -0.10102081 0.41217041 0.00026548
v -0.10532379 0.40982056 0.00064683
v -0.11488342 0.40924072 0.00086313
v -0.11684418 0.41485596 0.00041759
v -0.14404297 0.41925049 0.00034401
v -0.15191650 0.41979980 0.00041339
v -0.15835571 0.41726685 0.00068885
v -0.16110229 0.42242432 0.00032979
v -0.16522217 0.42114258 0.00055301
v -0.16688538 0.42373657 0.00047219
v -0.16865540 0.42373657 0.00009136
v -0.16960144 0.42395020 0.00039423
v -0.16915894 0.42098999 0.00051141
v -0.17622375 0.42312622 0.00052977
v -0.17965698 0.42568970 0.00018348
v 0.46377563 0.47817993 0.00027522
v 0.48776245 0.48388672 0.18769836
v 0.48764038 0.48458862 -0.03552628
v 0.42428589 0.47244263 -0.07935333
v 0.47262573 0.47909546 -0.10832214
v 0.48538208 0.47964478 -0.31878662
v 0.44195557 0.47070312 -0.27343750
v 0.40731812 0.46185303 -0.09935760
v 0.30142212 0.44409180 -0.15945435
v 0.43850708 0.47012329 -0.45413208
v 0.29214478 0.44509888 -0.37316895
v 0.15673828 0.42398071 -0.21119690
v 0.33670044 0.45968628 -0.07583618
v 0.41845703 0.46948242 -0.00795269
v 0.42514038 0.47064209 0.00013398
v 0.44882202 0.47399902 0.00012997
v 0.45223999 0.47366333 0.00025430
v 0.41824341 0.46868896 0.02307129
v 0.25061035 0.43386841 0.10012817
v 0.16586304 0.42547607 0.00030208
v 0.08829498 0.39910889 0.10141754
v 0.08908081 0.41125488 0.00025979
v 0.03881454 0.40209961 0.00028488
v 0.11043549 0.41586304 0.00038484
v 0.15927124 0.42184448 -0.00000059
v 0.14263916 0.42105103 0.00027442
v 0.17536926 0.43115234 -0.03947067
v 0.11043549 0.41586304 0.00038484
v 0.16114807 0.42346191 0.00019245
v 0.17828369 0.42797852 0.00023486
v 0.17993164 0.43481445 0.00098252
v 0.18441772 0.42446899 -0.00022994
v 0.18360901 0.42892456 0.00003649
v 0.18534851 0.42913818 0.00037095
v 0.18734741 0.43014526 0.00032765
v 0.20803833 0.43331909 0.00032523
v 0.20896912 0.43365479 0.00008969
v 0.22901917 0.43688965 0.00024348
v 0.27593994 0.44522095 0.00033584
v 0.20974731 0.44735718 -0.17390442
v 0.35696411 0.45932007 0.00022304
v 0.33670044 0.45968628 -0.07583618
v 0.42428589 0.47244263 -0.07935333
v 0.32522583 0.45352173 0.00033364
v 0.41824341 0.46868896 0.02307129
v 0.32666016 0.45376587 0.00021358
v 0.32604980 0.45434570 0.00026670
v 0.37292480 0.46258545 0.00021185
v 0.37887573 0.46289062 0.00015190
v 0.39910889 0.46609497 0.00020844
v 0.41845703 0.46948242 -0.00795269
v 0.42514038 0.47064209 0.00013398
v 0.44882202 0.47399902 0.00012997
v 0.41027832 0.46792603 0.00027072
v 0.41177368 0.46820068 0.00035805
v 0.41052246 0.46945190 0.00033492
v 0.46777344 0.16969299 0.01497364
v 0.45812988 0.19488525 0.19607544
v 0.46542358 0.14285278 0.00023209
v 0.47256470 0.20040894 0.00030875
v 0.47357178 0.20895386 0.00019322
v 0.47369385 0.20445251 -0.00914955
v 0.46673584 0.15296936 0.00022130
v 0.46765137 0.13293457 -0.03982162
v 0.47073364 0.18415833 0.00027654
v 0.46871948 0.16853333 0.00031734
v 0.01863098 0.39794922 0.00043434
v 0.01481915 0.39733887 0.00028238
v -0.00307631 0.39532471 0.00537157
v 0.00034344 0.39721680 -0.01500893
v 0.01092911 0.39730835 0.00020711
v 0.02285767 0.39712524 0.00017619
v 0.02591705 0.39996338 0.00027731
v 0.00625467 0.40200806 0.00088251
v 0.00404406 0.39462280 0.00000493
v 0.00161457 0.39169312 -0.00034636
v 0.00031784 0.39614868 -0.00583887
v -0.00223446 0.39532471 0.00035304
v -0.03973007 0.39443970 -0.04297256
v -0.00307631 0.39532471 0.00537157
v -0.00953960 0.39620972 0.00033826
v -0.01586723 0.39678955 0.00030914
v 0.00022186 0.40133667 -0.04317856
v 0.07016754 0.40771484 0.00010657
v 0.00022693 0.40258789 -0.04976273
v 0.00027859 0.40328979 -0.05662537
v 0.00030422 0.40521240 -0.07114410
v 0.02888298 0.40072632 0.00029927
v -0.00307631 0.39532471 0.00537157
v 0.03881454 0.40209961 0.00028488
v 0.02591705 0.39996338 0.00027731
v 0.02923965 0.40032959 0.00003034
v 0.00034344 0.39721680 -0.01500893
v 0.02947617 0.40118408 0.00034687
v 0.03608704 0.40325928 0.00040215
v 0.03965378 0.40249634 0.00017449
v 0.07016754 0.40771484 0.00010657
v 0.04207611 0.40716553 0.00079066
v 0.04603958 0.40447998 0.00026453
v 0.05351639 0.40341187 0.00012958
v 0.07016754 0.40771484 0.00010657
v 0.03881454 0.40209961 0.00028488
v 0.08908081 0.41125488 0.00025979
v 0.05636215 0.40664673 0.00034827
v 0.05351639 0.40341187 0.00012958
v 0.07833099 0.41119385 0.00055832
v 0.17536926 0.43115234 -0.03947067
v 0.11043549 0.41586304 0.00038484
v 0.17652893 0.42715454 0.00011031
v 0.16586304 0.42547607 0.00030208
v 0.17828369 0.42797852 0.00023486
v 0.07016754 0.40771484 0.00010657
v 0.07086182 0.40859985 0.00016344
v 0.03881454 0.40209961 0.00028488
v 0.06725311 0.40933228 0.00050014
v 0.14263916 0.42105103 0.00027442
v 0.13143921 0.42251587 0.00064999
v 0.11043549 0.41586304 0.00038484
v -0.00307631 0.39532471 0.00537157
v 0.00161457 0.39169312 -0.00034636
v -0.00223446 0.39532471 0.00035304
v 0.45272827 0.04991531 0.00040776
v 0.45181274 0.05040359 0.00031126
v 0.44851685 0.06097794 0.05828476
v 0.06725311 0.40933228 0.00050014
v 0.07016754 0.40771484 0.00010657
v 0.03881454 0.40209961 0.00028488
v 0.07086182 0.40859985 0.00016344
v -0.48489380 0.24098206 0.48678589
v -0.48431396 0.48352051 0.48571777
v -0.47845459 0.25195312 0.39779663
v -0.48568726 0.03453445 0.37432861
v -0.47924805 0.45227051 0.44598389
v -0.48376465 0.48278809 0.45050049
v -0.48162842 0.43087769 0.25460815
v -0.48461914 0.48391724 0.30297852
v -0.48376465 0.48278809 0.45050049
v -0.42346191 0.46447754 0.43112183
v -0.28631592 0.42834473 0.10804749
v -0.24623108 0.41717529 0.27276611
v -0.19123840 0.45315552 0.28164673
v -0.48168945 0.02770996 0.31051636
v -0.48568726 0.03453445 0.37432861
v -0.47845459 0.25195312 0.39779663
v -0.48294067 -0.00041491 0.33407593
v -0.48312378 -0.00016078 0.31463623
v -0.48226929 -0.00006232 0.30215454
v -0.48376465 0.48278809 0.45050049
v -0.48461914 0.48391724 0.30297852
v -0.48577881 0.44491577 0.05114746
v -0.48449707 0.48199463 0.00041121
v -0.43035889 0.46957397 -0.03950500
v -0.28631592 0.42834473 0.10804749
v -0.29110718 0.43020630 0.00011601
v -0.26992798 0.44311523 0.05735397
v -0.27236938 0.44216919 0.00008765
v -0.23545837 0.43478394 0.00036320
v -0.19113159 0.42773438 0.00035200
v -0.21908569 0.43060303 0.00037077
v -0.21490479 0.43115234 0.00020677
v -0.48556519 0.40814209 0.00014734
v -0.20344543 0.42974854 0.00038704
v -0.20202637 0.43286133 0.00010064
v -0.20256042 0.42959595 0.00022283
v -0.20021057 0.42977905 0.00042352
v -0.19869995 0.42849731 0.00025827
v -0.19490051 0.42749023 0.00028574
v -0.48464966 0.38800049 0.00019088
v -0.48489380 0.38903809 0.00031409
v -0.48486328 0.38800049 0.00006229
v -0.48452759 0.38400269 0.00059152
v -0.48162842 0.37634277 0.00027266
v -0.48425293 0.37619019 0.00022165
v -0.48410034 0.37008667 0.00070971
v 0.00006329 0.43328857 0.22807312
v -0.04032135 0.42706299 0.15917969
v 0.00020567 0.43258667 0.21517944
v 0.00009856 0.42300415 0.17797852
v -0.04032135 0.42706299 0.15917969
v 0.00032106 0.42581177 0.17823792
v -0.46697998 -0.00026035 0.17076111
v -0.47064209 -0.00023954 0.19281006
v -0.46527100 -0.00027525 0.15264893
v -0.26992798 0.44311523 0.05735397
v -0.28631592 0.42834473 0.10804749
v -0.19123840 0.45315552 0.28164673
v -0.16131592 0.43145752 0.08794403
v -0.19113159 0.42773438 0.00035200
v -0.02995491 0.39859009 0.00051892
v -0.03050613 0.40081787 0.00013031
v -0.03869629 0.40106201 0.00035515
v -0.23545837 0.43478394 0.00036320
v -0.23696899 0.42684937 0.00090349
v -0.26992798 0.44311523 0.05735397
v -0.17965698 0.42568970 0.00018348
v -0.18061829 0.42187500 0.00066799
v -0.19113159 0.42773438 0.00035200
v -0.18099976 0.42315674 -0.02917290
v -0.17622375 0.42312622 0.00052977
v -0.16960144 0.42395020 0.00039423
v -0.20344543 0.42974854 0.00038704
v -0.18099976 0.42315674 -0.02917290
v -0.21490479 0.43115234 0.00020677
v -0.21908569 0.43060303 0.00037077
v -0.20256042 0.42959595 0.00022283
v -0.19869995 0.42849731 0.00025827
v -0.19490051 0.42749023 0.00028574
v -0.19113159 0.42773438 0.00035200
v -0.23545837 0.43478394 0.00036320
v -0.24786377 0.42526245 -0.13952637
v -0.09625244 0.39492798 -0.10643005
v -0.27236938 0.44216919 0.00008765
v -0.19142151 0.39260864 -0.20864868
v -0.27996826 0.42440796 -0.11988068
v -0.29110718 0.43020630 0.00011601
v -0.43035889 0.46957397 -0.03950500
v -0.31365967 0.43218994 -0.32601929
v -0.13990784 0.41885376 -0.27359009
v -0.42333984 0.46685791 -0.32318115
v -0.48602295 0.48422241 -0.14250183
v -0.48449707 0.48199463 0.00041121
v -0.45681763 0.47427368 -0.46270752
v -0.18547058 0.45480347 -0.39178467
v -0.48214722 0.48294067 -0.48059082
v -0.48071289 0.48126221 -0.48223877
v -0.48541260 0.48394775 -0.48712158
v -0.46066284 0.48339844 -0.48306274
v -0.44815063 0.03988647 0.00022079
v -0.44934082 0.06579590 0.00005579
v -0.44967651 0.04398727 0.00039965
v 0.09956360 0.41320801 0.00020432
v 0.17536926 0.43115234 -0.03947067
v 0.11043549 0.41586304 0.00038484
v 0.00036818 0.41934204 -0.17677307
v 0.07016754 0.40771484 0.00010657
v 0.17536926 0.43115234 -0.03947067
v 0.00025770 0.41500854 -0.13830566
v -0.01742172 0.42065430 -0.20835876
v 0.00023545 0.41052246 -0.10587311
v -0.09625244 0.39492798 -0.10643005
v -0.03973007 0.39443970 -0.04297256
v 0.00023057 0.40728760 -0.08438873
v 0.00030422 0.40521240 -0.07114410
v 0.00027859 0.40328979 -0.05662537
v 0.00022693 0.40258789 -0.04976273
v 0.00022186 0.40133667 -0.04317856
v 0.20974731 0.44735718 -0.17390442
v 0.00036818 0.41934204 -0.17677307
v 0.17536926 0.43115234 -0.03947067
v 0.30142212 0.44409180 -0.15945435
v 0.42428589 0.47244263 -0.07935333
v 0.15673828 0.42398071 -0.21119690
v 0.05365753 0.43005371 -0.20254517
v -0.01742172 0.42065430 -0.20835876
v 0.00044802 0.41613770 -0.21885681
v 0.00040111 0.40606689 -0.22383118
v 0.00023663 0.40765381 -0.25778198
v 0.29214478 0.44509888 -0.37316895
v -0.13990784 0.41885376 -0.27359009
v 0.46807861 0.27844238 -0.16374207
v 0.48382568 0.43829346 -0.38507080
v 0.48754883 0.47216797 -0.05471039
v 0.48538208 0.47964478 -0.31878662
v 0.44216919 0.04804993 -0.19952393
v 0.48202515 0.43768311 -0.45043945
v 0.48294067 0.30517578 -0.44769287
v 0.44570923 -0.00032401 -0.22340393
v 0.44223022 -0.00002740 -0.17810059
v 0.44738770 -0.00012884 -0.22171021
v 0.48538208 0.47964478 -0.31878662
v 0.48413086 0.48022461 -0.48498535
v 0.44195557 0.47070312 -0.27343750
v 0.43850708 0.47012329 -0.45413208
v 0.48382568 0.43829346 -0.38507080
v 0.48202515 0.43768311 -0.45043945
v 0.48294067 0.30517578 -0.44769287
v 0.41067505 0.48336792 -0.48507690
v 0.48437500 0.42324829 -0.48666382
v 0.48605347 -0.08428192 -0.48348999
v 0.45153809 0.48382568 -0.48709106
v 0.45166016 0.18423462 -0.48440552
v 0.44616699 0.47897339 -0.48764038
v 0.39764404 0.47882080 -0.48712158
v 0.33752441 0.46997070 -0.48568726
v 0.34625244 0.47882080 -0.48727417
v 0.36975098 0.33697510 -0.46786499
v 0.30645752 -0.00016443 -0.46966553
v 0.34906006 -0.00017424 -0.47592163
v 0.22706604 0.14974976 -0.44686890
v 0.14051819 0.28063965 -0.46670532
v 0.12456512 0.36813354 -0.47671509
v 0.27645874 0.48294067 -0.48516846
v 0.34625244 0.47882080 -0.48727417
v 0.28796387 0.47579956 -0.46212769
v 0.00029889 0.47622681 -0.46160889
v 0.29214478 0.44509888 -0.37316895
v 0.43850708 0.47012329 -0.45413208
v 0.41067505 0.48336792 -0.48507690
v 0.27645874 0.48294067 -0.48516846
v 0.34625244 0.47882080 -0.48727417
v 0.06220245 0.48391724 -0.48724365
v 0.14051819 0.28063965 -0.46670532
v -0.00668812 0.28634644 -0.46774292
v 0.00036389 0.30020142 -0.46929932
v 0.00025380 0.35345459 -0.47528076
v -0.09205627 0.33428955 -0.47314453
v 0.12456512 0.36813354 -0.47671509
v -0.18315125 0.36157227 -0.47613525
v 0.27645874 0.48294067 -0.48516846
v 0.06220245 0.48391724 -0.48724365
v 0.06220245 0.48391724 -0.48724365
v 0.00004530 0.48086548 -0.48486328
v 0.00029889 0.47622681 -0.46160889
v 0.28796387 0.47579956 -0.46212769
v -0.18315125 0.36157227 -0.47613525
v -0.21261597 0.48315430 -0.48541260
v -0.34548950 0.29605103 -0.46301270
v -0.37255859 0.48327637 -0.48532104
v -0.42578125 0.47817993 -0.48617554
v -0.32800293 0.48205566 -0.48294067
v -0.18884277 0.47445679 -0.45687866
v -0.45681763 0.47427368 -0.46270752
v -0.18547058 0.45480347 -0.39178467
v -0.16732788 0.45901489 -0.40634155
v -0.17022705 0.45852661 -0.40557861
v -0.14854431 0.45422363 -0.38949585
v -0.16781616 0.45889282 -0.40490723
v -0.16732788 0.45901489 -0.40634155
v -0.17022705 0.45852661 -0.40557861
v -0.16732788 0.45901489 -0.40634155
v -0.14854431 0.45422363 -0.38949585
v -0.13990784 0.41885376 -0.27359009
v -0.16802979 0.44906616 -0.37225342
v -0.31365967 0.43218994 -0.32601929
v -0.18547058 0.45480347 -0.39178467
v -0.16810608 0.43447876 -0.39129639
v -0.16732788 0.45901489 -0.40634155
v -0.17022705 0.45852661 -0.40557861
v 0.39764404 0.47882080 -0.48712158
v 0.41067505 0.48336792 -0.48507690
v 0.36660767 0.47879028 -0.48782349
v 0.36318970 0.47888184 -0.48733521
v 0.36660767 0.47879028 -0.48782349
v 0.36318970 0.47888184 -0.48733521
v 0.33752441 0.46997070 -0.48568726
v 0.34625244 0.47882080 -0.48727417
v 0.34625244 0.47882080 -0.48727417
v 0.36660767 0.47879028 -0.48782349
v 0.34625244 0.47882080 -0.48727417
v 0.27645874 0.48294067 -0.48516846
v 0.36660767 0.47879028 -0.48782349
v -0.08396149 0.40902710 0.00032896
v -0.09378815 0.41073608 0.00013784
v -0.08633423 0.40759277 0.00047752
v -0.19113159 0.42773438 0.00035200
v -0.18099976 0.42315674 -0.02917290
v -0.19136047 0.42498779 0.00045970
v 0.00077194 0.41165161 -0.13874817
v -0.01742172 0.42065430 -0.20835876
v 0.00025770 0.41500854 -0.13830566
v -0.01742172 0.42065430 -0.20835876
v -0.19142151 0.39260864 -0.20864868
v -0.09625244 0.39492798 -0.10643005
v 0.00040111 0.40606689 -0.22383118
v -0.13990784 0.41885376 -0.27359009
v 0.00023663 0.40765381 -0.25778198
v -0.13990784 0.41885376 -0.27359009
v 0.29214478 0.44509888 -0.37316895
v 0.00029889 0.47622681 -0.46160889
v -0.32415771 -0.00014858 -0.47253418
v -0.31268311 0.01081848 -0.47018433
v -0.32315063 -0.00036418 -0.47238159
v -0.32464600 -0.00033024 -0.47256470
v -0.48425293 0.22891235 -0.48342896
v -0.48361206 0.28048706 -0.47457886
v -0.48449707 0.25033569 -0.48345947
v -0.48468018 0.26492310 -0.48361206
v -0.48495483 0.30270386 -0.48342896
v -0.48522949 0.23577881 -0.48348999
v -0.48590088 0.23109436 -0.48327637
v -0.48538208 0.24563599 -0.48767090
v -0.48541260 0.25051880 -0.48345947
v -0.48501587 0.25289917 -0.48355103
v -0.48541260 0.25051880 -0.48345947
v -0.48538208 0.24563599 -0.48767090
v -0.37255859 0.48327637 -0.48532104
v -0.43301392 0.48294067 -0.48510742
v -0.45681763 0.47427368 -0.46270752
v -0.32800293 0.48205566 -0.48294067
v -0.42578125 0.47817993 -0.48617554
v -0.42288208 0.47888184 -0.48712158
v -0.42330933 0.47915649 -0.48739624
v -0.44842529 0.47872925 -0.48861694
v -0.42330933 0.47915649 -0.48739624
v -0.43533325 0.47866821 -0.48748779
v -0.42578125 0.47817993 -0.48617554
v -0.44137573 0.47875977 -0.48727417
v -0.46182251 0.48147583 -0.48287964
v -0.48071289 0.48126221 -0.48223877
v -0.45681763 0.47427368 -0.46270752
v -0.46066284 0.48339844 -0.48306274
v -0.44900513 0.48321533 -0.48315430
v -0.48541260 0.48394775 -0.48712158
v -0.46887207 0.48294067 -0.48275757
v -0.48214722 0.48294067 -0.48059082
v -0.46066284 0.48339844 -0.48306274
v -0.45056152 0.48223877 -0.48339844
v -0.46066284 0.48339844 -0.48306274
v -0.44900513 0.48321533 -0.48315430
v -0.45681763 0.47427368 -0.46270752
v -0.43301392 0.48294067 -0.48510742
v -0.44271851 0.47912598 -0.48727417
v -0.44137573 0.47875977 -0.48727417
v -0.45971680 0.47879028 -0.48559570
v -0.45965576 0.45925903 -0.48312378
v -0.48458862 0.47879028 -0.48672485
v -0.43765259 0.47906494 -0.48828125
v -0.44842529 0.47872925 -0.48861694
v -0.42330933 0.47915649 -0.48739624
v -0.42578125 0.47817993 -0.48617554
v -0.43533325 0.47866821 -0.48748779
v -0.45965576 0.45925903 -0.48312378
v -0.42578125 0.47817993 -0.48617554
v -0.34548950 0.29605103 -0.46301270
v -0.43533325 0.47882080 -0.48672485
v -0.42889404 0.47912598 -0.48739624
v -0.42330933 0.47915649 -0.48739624
v -0.43301392 0.48294067 -0.48510742
v -0.43765259 0.47906494 -0.48828125
v -0.44137573 0.47875977 -0.48727417
v -0.44271851 0.47912598 -0.48727417
v -0.43533325 0.47866821 -0.48748779
v -0.43301392 0.48294067 -0.48510742
v -0.44137573 0.47875977 -0.48727417
v -0.48541260 0.48394775 -0.48712158
v -0.44842529 0.47872925 -0.48861694
v -0.45971680 0.47879028 -0.48559570
v -0.44842529 0.47872925 -0.48861694
v -0.48458862 0.47879028 -0.48672485
v -0.45971680 0.47879028 -0.48559570
v -0.44900513 0.48321533 -0.48315430
v -0.43301392 0.48294067 -0.48510742
v -0.46066284 0.48339844 -0.48306274
v -0.45681763 0.47427368 -0.46270752
v -0.46066284 0.48339844 -0.48306274
v -0.46887207 0.48294067 -0.48275757
v -0.46182251 0.48147583 -0.48287964
v -0.48495483 0.04399109 -0.48535156
v -0.48541260 0.25051880 -0.48345947
v -0.48590088 0.23109436 -0.48327637
v -0.48522949 0.23577881 -0.48348999
v -0.48590088 0.23109436 -0.48327637
v -0.48541260 0.25051880 -0.48345947
v -0.48495483 0.30270386 -0.48342896
v -0.48468018 0.26492310 -0.48361206
v -0.48495483 0.30270386 -0.48342896
v -0.48358154 0.43298340 -0.48059082
v -0.48574829 0.37210083 -0.48547363
v -0.48449707 0.25033569 -0.48345947
v -0.48519897 0.24534607 -0.48355103
v -0.48538208 0.24563599 -0.48767090
v -0.48541260 0.25051880 -0.48345947
v -0.48501587 0.24705505 -0.48419189
v -0.48449707 0.25033569 -0.48345947
v -0.48425293 0.22891235 -0.48342896
v -0.48538208 0.24563599 -0.48767090
v -0.48590088 0.23109436 -0.48327637
v -0.48449707 0.25033569 -0.48345947
v -0.48541260 0.25051880 -0.48345947
v -0.48541260 0.25051880 -0.48345947
v -0.48590088 0.23109436 -0.48327637
v -0.48468018 0.26492310 -0.48361206
v -0.48495483 0.30270386 -0.48342896
v -0.48495483 0.30270386 -0.48342896
v -0.48361206 0.28048706 -0.47457886
v -0.48541260 0.25051880 -0.48345947
v -0.48574829 0.37210083 -0.48547363
v -0.48458862 0.47879028 -0.48672485
v -0.45965576 0.45925903 -0.48312378
v -0.41943359 0.23123169 -0.47933960
v -0.48538208 0.24563599 -0.48767090
v -0.48468018 0.26492310 -0.48361206
v -0.48495483 0.30270386 -0.48342896
v -0.48358154 0.43298340 -0.48059082
v -0.48541260 0.48394775 -0.48712158
v -0.48541260 0.25051880 -0.48345947
v -0.48501587 0.24705505 -0.48419189
v -0.48449707 0.25033569 -0.48345947
v -0.48449707 0.25033569 -0.48345947
v -0.48541260 0.25051880 -0.48345947
v -0.48538208 0.24563599 -0.48767090
v -0.48468018 0.26492310 -0.48361206
v -0.48590088 0.23109436 -0.48327637
v -0.48538208 0.24563599 -0.48767090
v -0.48574829 0.37210083 -0.48547363
v -0.48495483 0.30270386 -0.48342896
v -0.48361206 0.28048706 -0.47457886

# 1941 UV coordinates
vt 0.32568359 0.15551758 0.00000000
vt 0.33374023 0.17333984 0.00000000
vt 0.30346680 0.12280273 0.00000000
vt 0.31982422 0.14379883 0.00000000
vt 0.32373047 0.13793945 0.00000000
vt 0.32226562 0.14697266 0.00000000
vt 0.35937500 0.18164062 0.00000000
vt 0.33764648 0.17163086 0.00000000
vt 0.32568359 0.16625977 0.00000000
vt 0.31152344 0.16748047 0.00000000
vt 0.33154297 0.17846680 0.00000000
vt 0.35400391 0.19580078 0.00000000
vt 0.34814453 0.20507812 0.00000000
vt 0.36230469 0.25952148 0.00000000
vt 0.34741211 0.27172852 0.00000000
vt 0.35986328 0.21972656 0.00000000
vt 0.38208008 0.21337891 0.00000000
vt 0.37377930 0.17285156 0.00000000
vt 0.39648438 0.19287109 0.00000000
vt 0.37060547 0.15747070 0.00000000
vt 0.37744141 0.13696289 0.00000000
vt 0.38696289 0.09887695 0.00000000
vt 0.39257812 0.10009766 0.00000000
vt 0.37866211 0.15649414 0.00000000
vt 0.38281250 0.15502930 0.00000000
vt 0.38769531 0.15332031 0.00000000
vt 0.39062500 0.15502930 0.00000000
vt 0.41357422 0.14624023 0.00000000
vt 0.39257812 0.15039062 0.00000000
vt 0.39257812 0.14599609 0.00000000
vt 0.40209961 0.13793945 0.00000000
vt 0.39721680 0.14355469 0.00000000
vt 0.39794922 0.14306641 0.00000000
vt 0.39916992 0.14208984 0.00000000
vt 0.40112305 0.13964844 0.00000000
vt 0.40136719 0.13964844 0.00000000
vt 0.40209961 0.13842773 0.00000000
vt 0.63867188 0.68774414 0.00000000
vt 0.68066406 0.68212891 0.00000000
vt 0.63842773 0.68896484 0.00000000
vt 0.64526367 0.69653320 0.00000000
vt 0.71215820 0.68334961 0.00000000
vt 0.67529297 0.72998047 0.00000000
vt 0.64672852 0.67065430 0.00000000
vt 0.70605469 0.66821289 0.00000000
vt 0.69995117 0.58862305 0.00000000
vt 0.66113281 0.58837891 0.00000000
vt 0.62500000 0.58642578 0.00000000
vt 0.61889648 0.65136719 0.00000000
vt 0.58374023 0.56323242 0.00000000
vt 0.58251953 0.60131836 0.00000000
vt 0.62060547 0.65991211 0.00000000
vt 0.57202148 0.59936523 0.00000000
vt 0.60693359 0.64990234 0.00000000
vt 0.60888672 0.65209961 0.00000000
vt 0.59521484 0.63891602 0.00000000
vt 0.58642578 0.62646484 0.00000000
vt 0.59204102 0.63574219 0.00000000
vt 0.58789062 0.62988281 0.00000000
vt 0.58544922 0.62719727 0.00000000
vt 0.57836914 0.62011719 0.00000000
vt 0.56469727 0.60668945 0.00000000
vt 0.58129883 0.62402344 0.00000000
vt 0.65161133 0.79760742 0.00000000
vt 0.65185547 0.79858398 0.00000000
vt 0.65161133 0.79809570 0.00000000
vt 0.65136719 0.79858398 0.00000000
vt 0.65136719 0.79785156 0.00000000
vt 0.65063477 0.79711914 0.00000000
vt 0.64990234 0.83813477 0.00000000
vt 0.64428711 0.74829102 0.00000000
vt 0.65014648 0.74633789 0.00000000
vt 0.65234375 0.79833984 0.00000000
vt 0.66064453 0.78857422 0.00000000
vt 0.65966797 0.76342773 0.00000000
vt 0.67431641 0.79711914 0.00000000
vt 0.20556641 0.06469727 0.00000000
vt 0.20751953 0.05908203 0.00000000
vt 0.25073242 0.06250000 0.00000000
vt 0.25708008 0.06982422 0.00000000
vt 0.21508789 0.07446289 0.00000000
vt 0.20507812 0.06445312 0.00000000
vt 0.23779297 0.10937500 0.00000000
vt 0.32763672 0.05639648 0.00000000
vt 0.34057617 0.05810547 0.00000000
vt 0.29882812 0.11767578 0.00000000
vt 0.28735352 0.15966797 0.00000000
vt 0.23095703 0.14038086 0.00000000
vt 0.28100586 0.20336914 0.00000000
vt 0.33422852 0.20019531 0.00000000
vt 0.29003906 0.25415039 0.00000000
vt 0.22583008 0.24707031 0.00000000
vt 0.30810547 0.23901367 0.00000000
vt 0.31591797 0.25634766 0.00000000
vt 0.33105469 0.27319336 0.00000000
vt 0.26708984 0.31933594 0.00000000
vt 0.22973633 0.32397461 0.00000000
vt 0.30908203 0.26000977 0.00000000
vt 0.30957031 0.27880859 0.00000000
vt 0.31176758 0.29833984 0.00000000
vt 0.27539062 0.34130859 0.00000000
vt 0.22607422 0.39648438 0.00000000
vt 0.27148438 0.38403320 0.00000000
vt 0.27734375 0.32153320 0.00000000
vt 0.30541992 0.30517578 0.00000000
vt 0.29638672 0.34765625 0.00000000
vt 0.30639648 0.29882812 0.00000000
vt 0.30737305 0.28930664 0.00000000
vt 0.30761719 0.28442383 0.00000000
vt 0.30908203 0.28149414 0.00000000
vt 0.30883789 0.28149414 0.00000000
vt 0.30981445 0.27441406 0.00000000
vt 0.31103516 0.26416016 0.00000000
vt 0.31054688 0.26245117 0.00000000
vt 0.31152344 0.25976562 0.00000000
vt 0.31103516 0.26049805 0.00000000
vt 0.89306641 0.52392578 0.00000000
vt 0.92041016 0.52001953 0.00000000
vt 0.90942383 0.53149414 0.00000000
vt 0.87744141 0.52758789 0.00000000
vt 0.87011719 0.53344727 0.00000000
vt 0.87500000 0.52734375 0.00000000
vt 0.85522461 0.59130859 0.00000000
vt 0.88330078 0.57739258 0.00000000
vt 0.91601562 0.58178711 0.00000000
vt 0.84545898 0.60717773 0.00000000
vt 0.86645508 0.63989258 0.00000000
vt 0.99951172 0.05126953 0.00000000
vt 0.99951172 0.06787109 0.00000000
vt 0.99951172 0.05493164 0.00000000
vt 0.55688477 0.97070312 0.00000000
vt 0.55688477 0.96923828 0.00000000
vt 0.55908203 0.96777344 0.00000000
vt 0.55493164 0.96777344 0.00000000
vt 0.55664062 0.96997070 0.00000000
vt 0.96777344 0.78222656 0.00000000
vt 0.96484375 0.78442383 0.00000000
vt 0.96850586 0.78100586 0.00000000
vt 0.97265625 0.78027344 0.00000000
vt 0.97851562 0.77270508 0.00000000
vt 0.97851562 0.77026367 0.00000000
vt 0.98315430 0.76855469 0.00000000
vt 0.98461914 0.76684570 0.00000000
vt 0.98266602 0.76635742 0.00000000
vt 0.98437500 0.75830078 0.00000000
vt 0.96459961 0.71679688 0.00000000
vt 0.99243164 0.74096680 0.00000000
vt 0.98339844 0.76440430 0.00000000
vt 0.98339844 0.76513672 0.00000000
vt 0.50976562 0.93090820 0.00000000
vt 0.50903320 0.92700195 0.00000000
vt 0.50927734 0.92724609 0.00000000
vt 0.52490234 0.91625977 0.00000000
vt 0.50610352 0.92456055 0.00000000
vt 0.50976562 0.93164062 0.00000000
vt 0.51025391 0.93359375 0.00000000
vt 0.51025391 0.93408203 0.00000000
vt 0.51123047 0.93774414 0.00000000
vt 0.48901367 0.91406250 0.00000000
vt 0.46093750 0.92773438 0.00000000
vt 0.46875000 0.87329102 0.00000000
vt 0.49926758 0.91699219 0.00000000
vt 0.47753906 0.88671875 0.00000000
vt 0.49707031 0.91479492 0.00000000
vt 0.49536133 0.91284180 0.00000000
vt 0.55761719 0.87329102 0.00000000
vt 0.63623047 0.87011719 0.00000000
vt 0.58544922 0.91064453 0.00000000
vt 0.49462891 0.91162109 0.00000000
vt 0.48779297 0.90380859 0.00000000
vt 0.48559570 0.90087891 0.00000000
vt 0.48925781 0.90722656 0.00000000
vt 0.49145508 0.91162109 0.00000000
vt 0.49023438 0.90991211 0.00000000
vt 0.48950195 0.90966797 0.00000000
vt 0.08642578 0.96142578 0.00000000
vt 0.08642578 0.96948242 0.00000000
vt 0.08593750 0.95703125 0.00000000
vt 0.11743164 0.96386719 0.00000000
vt 0.11816406 0.96582031 0.00000000
vt 0.11596680 0.96215820 0.00000000
vt 0.11914062 0.96533203 0.00000000
vt 0.11816406 0.96972656 0.00000000
vt 0.54272461 0.03173828 0.00000000
vt 0.54296875 0.02954102 0.00000000
vt 0.54272461 0.03759766 0.00000000
vt 0.43994141 0.83813477 0.00000000
vt 0.42260742 0.75537109 0.00000000
vt 0.42895508 0.74755859 0.00000000
vt 0.41040039 0.74829102 0.00000000
vt 0.40942383 0.75488281 0.00000000
vt 0.42065430 0.73559570 0.00000000
vt 0.46118164 0.70361328 0.00000000
vt 0.46850586 0.57739258 0.00000000
vt 0.48266602 0.70849609 0.00000000
vt 0.44409180 0.63940430 0.00000000
vt 0.39135742 0.71801758 0.00000000
vt 0.40478516 0.73291016 0.00000000
vt 0.38671875 0.73461914 0.00000000
vt 0.40942383 0.74096680 0.00000000
vt 0.41015625 0.74169922 0.00000000
vt 0.39038086 0.75024414 0.00000000
vt 0.40454102 0.74951172 0.00000000
vt 0.39819336 0.75610352 0.00000000
vt 0.40747070 0.75268555 0.00000000
vt 0.40844727 0.75439453 0.00000000
vt 0.40869141 0.75463867 0.00000000
vt 0.40893555 0.75439453 0.00000000
vt 0.17309570 0.02734375 0.00000000
vt 0.17309570 0.03100586 0.00000000
vt 0.17285156 0.03002930 0.00000000
vt 0.00708008 0.13940430 0.00000000
vt 0.05419922 0.17968750 0.00000000
vt 0.01147461 0.17773438 0.00000000
vt 0.02172852 0.19775391 0.00000000
vt 0.00537109 0.18408203 0.00000000
vt 0.04614258 0.19506836 0.00000000
vt 0.05004883 0.18994141 0.00000000
vt 0.04614258 0.19482422 0.00000000
vt 0.05078125 0.15747070 0.00000000
vt 0.05200195 0.14453125 0.00000000
vt 0.05249023 0.13891602 0.00000000
vt 0.05273438 0.13403320 0.00000000
vt 0.00439453 0.12768555 0.00000000
vt 0.03906250 0.10205078 0.00000000
vt 0.81420898 0.19580078 0.00000000
vt 0.83032227 0.19189453 0.00000000
vt 0.80908203 0.20874023 0.00000000
vt 0.79223633 0.17944336 0.00000000
vt 0.81469727 0.19482422 0.00000000
vt 0.81665039 0.18676758 0.00000000
vt 0.81811523 0.18090820 0.00000000
vt 0.81201172 0.16796875 0.00000000
vt 0.82324219 0.16625977 0.00000000
vt 0.76757812 0.19897461 0.00000000
vt 0.77221680 0.21606445 0.00000000
vt 0.78833008 0.15136719 0.00000000
vt 0.82348633 0.16552734 0.00000000
vt 0.82470703 0.16284180 0.00000000
vt 0.82666016 0.15869141 0.00000000
vt 0.82812500 0.15136719 0.00000000
vt 0.83007812 0.14306641 0.00000000
vt 0.79809570 0.14135742 0.00000000
vt 0.71752930 0.18383789 0.00000000
vt 0.67651367 0.19897461 0.00000000
vt 0.74487305 0.11767578 0.00000000
vt 0.71679688 0.09790039 0.00000000
vt 0.78710938 0.12988281 0.00000000
vt 0.78613281 0.10913086 0.00000000
vt 0.79589844 0.10717773 0.00000000
vt 0.79736328 0.12304688 0.00000000
vt 0.79980469 0.11108398 0.00000000
vt 0.79980469 0.11181641 0.00000000
vt 0.80297852 0.11425781 0.00000000
vt 0.79663086 0.10766602 0.00000000
vt 0.82080078 0.09838867 0.00000000
vt 0.80053711 0.11303711 0.00000000
vt 0.80151367 0.11450195 0.00000000
vt 0.80224609 0.11474609 0.00000000
vt 0.80249023 0.11474609 0.00000000
vt 0.80273438 0.11499023 0.00000000
vt 0.85937500 0.45458984 0.00000000
vt 0.86083984 0.46411133 0.00000000
vt 0.85693359 0.46801758 0.00000000
vt 0.88378906 0.47314453 0.00000000
vt 0.85839844 0.47143555 0.00000000
vt 0.85839844 0.47167969 0.00000000
vt 0.86157227 0.45922852 0.00000000
vt 0.87500000 0.50952148 0.00000000
vt 0.92749023 0.51513672 0.00000000
vt 0.90820312 0.44433594 0.00000000
vt 0.86083984 0.45629883 0.00000000
vt 0.86181641 0.45629883 0.00000000
vt 0.86328125 0.45581055 0.00000000
vt 0.86523438 0.45532227 0.00000000
vt 0.84765625 0.42553711 0.00000000
vt 0.86108398 0.39111328 0.00000000
vt 0.86962891 0.45288086 0.00000000
vt 0.86621094 0.45507812 0.00000000
vt 0.89648438 0.43554688 0.00000000
vt 0.92578125 0.38598633 0.00000000
vt 0.87573242 0.45336914 0.00000000
vt 0.87866211 0.45312500 0.00000000
vt 0.88500977 0.45288086 0.00000000
vt 0.89477539 0.45214844 0.00000000
vt 0.90234375 0.44677734 0.00000000
vt 0.90039062 0.44750977 0.00000000
vt 0.89990234 0.44702148 0.00000000
vt 0.89624023 0.44970703 0.00000000
vt 0.89794922 0.44873047 0.00000000
vt 0.89770508 0.44824219 0.00000000
vt 0.07617188 0.96899414 0.00000000
vt 0.07617188 0.97167969 0.00000000
vt 0.07543945 0.96923828 0.00000000
vt 0.25585938 0.77783203 0.00000000
vt 0.32910156 0.80664062 0.00000000
vt 0.25878906 0.77978516 0.00000000
vt 0.28271484 0.77416992 0.00000000
vt 0.24584961 0.76464844 0.00000000
vt 0.29394531 0.70605469 0.00000000
vt 0.26831055 0.62524414 0.00000000
vt 0.23999023 0.78320312 0.00000000
vt 0.26855469 0.78491211 0.00000000
vt 0.29467773 0.81396484 0.00000000
vt 0.25585938 0.78833008 0.00000000
vt 0.23706055 0.80859375 0.00000000
vt 0.23413086 0.80346680 0.00000000
vt 0.50903320 0.61865234 0.00000000
vt 0.53344727 0.64062500 0.00000000
vt 0.52197266 0.63183594 0.00000000
vt 0.56860352 0.64819336 0.00000000
vt 0.49243164 0.55249023 0.00000000
vt 0.56298828 0.65429688 0.00000000
vt 0.57299805 0.67285156 0.00000000
vt 0.57934570 0.65283203 0.00000000
vt 0.50927734 0.64819336 0.00000000
vt 0.61181641 0.68530273 0.00000000
vt 0.48706055 0.77490234 0.00000000
vt 0.60595703 0.69653320 0.00000000
vt 0.63500977 0.72241211 0.00000000
vt 0.64062500 0.77172852 0.00000000
vt 0.61450195 0.77880859 0.00000000
vt 0.63256836 0.78076172 0.00000000
vt 0.63232422 0.78100586 0.00000000
vt 0.58691406 0.75805664 0.00000000
vt 0.61132812 0.79858398 0.00000000
vt 0.60058594 0.80981445 0.00000000
vt 0.59887695 0.80932617 0.00000000
vt 0.54492188 0.83715820 0.00000000
vt 0.55859375 0.73095703 0.00000000
vt 0.54760742 0.78076172 0.00000000
vt 0.53002930 0.83447266 0.00000000
vt 0.52050781 0.83227539 0.00000000
vt 0.51611328 0.77929688 0.00000000
vt 0.51025391 0.83813477 0.00000000
vt 0.96435547 0.82128906 0.00000000
vt 0.96508789 0.84545898 0.00000000
vt 0.96337891 0.82226562 0.00000000
vt 0.96166992 0.81445312 0.00000000
vt 0.96386719 0.81811523 0.00000000
vt 0.96411133 0.81396484 0.00000000
vt 0.96533203 0.78979492 0.00000000
vt 0.84057617 0.94995117 0.00000000
vt 0.83935547 0.94360352 0.00000000
vt 0.84082031 0.92114258 0.00000000
vt 0.15576172 0.89111328 0.00000000
vt 0.15600586 0.89184570 0.00000000
vt 0.15576172 0.89062500 0.00000000
vt 0.15283203 0.90966797 0.00000000
vt 0.15747070 0.89233398 0.00000000
vt 0.15722656 0.89013672 0.00000000
vt 0.15405273 0.86669922 0.00000000
vt 0.15502930 0.88574219 0.00000000
vt 0.96166992 0.32836914 0.00000000
vt 0.96948242 0.32788086 0.00000000
vt 0.96264648 0.34863281 0.00000000
vt 0.96557617 0.27514648 0.00000000
vt 0.43774414 0.94970703 0.00000000
vt 0.43481445 0.95092773 0.00000000
vt 0.42871094 0.95385742 0.00000000
vt 0.44238281 0.94750977 0.00000000
vt 0.43872070 0.94970703 0.00000000
vt 0.45117188 0.91870117 0.00000000
vt 0.45117188 0.95898438 0.00000000
vt 0.44238281 0.95068359 0.00000000
vt 0.84228516 0.05737305 0.00000000
vt 0.82299805 0.01757812 0.00000000
vt 0.87597656 0.06567383 0.00000000
vt 0.88964844 0.05346680 0.00000000
vt 0.92138672 0.02514648 0.00000000
vt 0.90722656 0.07885742 0.00000000
vt 0.92041016 0.11059570 0.00000000
vt 0.88037109 0.10986328 0.00000000
vt 0.80883789 0.05639648 0.00000000
vt 0.85888672 0.15405273 0.00000000
vt 0.02685547 0.36401367 0.00000000
vt 0.00244141 0.36401367 0.00000000
vt 0.01000977 0.25659180 0.00000000
vt 0.26611328 0.99121094 0.00000000
vt 0.20629883 0.98901367 0.00000000
vt 0.27050781 0.93872070 0.00000000
vt 0.16845703 0.97534180 0.00000000
vt 0.29516602 0.40820312 0.00000000
vt 0.30224609 0.40185547 0.00000000
vt 0.31933594 0.42236328 0.00000000
vt 0.27734375 0.37695312 0.00000000
vt 0.31005859 0.35473633 0.00000000
vt 0.31396484 0.39306641 0.00000000
vt 0.32080078 0.38720703 0.00000000
vt 0.33422852 0.37768555 0.00000000
vt 0.34619141 0.40795898 0.00000000
vt 0.32250977 0.47338867 0.00000000
vt 0.38500977 0.42626953 0.00000000
vt 0.29785156 0.48193359 0.00000000
vt 0.26757812 0.47167969 0.00000000
vt 0.31567383 0.54467773 0.00000000
vt 0.27587891 0.51367188 0.00000000
vt 0.31396484 0.57031250 0.00000000
vt 0.35107422 0.54663086 0.00000000
vt 0.39575195 0.47656250 0.00000000
vt 0.34448242 0.57250977 0.00000000
vt 0.32177734 0.57739258 0.00000000
vt 0.31494141 0.58251953 0.00000000
vt 0.29174805 0.63232422 0.00000000
vt 0.37670898 0.53588867 0.00000000
vt 0.41674805 0.58642578 0.00000000
vt 0.42919922 0.49462891 0.00000000
vt 0.43774414 0.57299805 0.00000000
vt 0.45727539 0.51025391 0.00000000
vt 0.46899414 0.52148438 0.00000000
vt 0.40649414 0.46630859 0.00000000
vt 0.42016602 0.46020508 0.00000000
vt 0.40356445 0.43090820 0.00000000
vt 0.40649414 0.43676758 0.00000000
vt 0.42431641 0.40454102 0.00000000
vt 0.41040039 0.42089844 0.00000000
vt 0.40429688 0.42749023 0.00000000
vt 0.40405273 0.42675781 0.00000000
vt 0.40356445 0.42675781 0.00000000
vt 0.39916992 0.42260742 0.00000000
vt 0.40209961 0.41503906 0.00000000
vt 0.40209961 0.42626953 0.00000000
vt 0.39721680 0.42089844 0.00000000
vt 0.39477539 0.41845703 0.00000000
vt 0.39697266 0.42407227 0.00000000
vt 0.39721680 0.42431641 0.00000000
vt 0.39843750 0.42578125 0.00000000
vt 0.40136719 0.42602539 0.00000000
vt 0.40014648 0.42553711 0.00000000
vt 0.39941406 0.42529297 0.00000000
vt 0.40087891 0.42602539 0.00000000
vt 0.40087891 0.42578125 0.00000000
vt 0.28466797 0.01953125 0.00000000
vt 0.29443359 0.01977539 0.00000000
vt 0.33081055 0.04321289 0.00000000
vt 0.35400391 0.03637695 0.00000000
vt 0.41552734 0.01733398 0.00000000
vt 0.16381836 0.96166992 0.00000000
vt 0.19995117 0.93090820 0.00000000
vt 0.26928711 0.93261719 0.00000000
vt 0.18334961 0.93554688 0.00000000
vt 0.20336914 0.92089844 0.00000000
vt 0.19750977 0.92919922 0.00000000
vt 0.19335938 0.92602539 0.00000000
vt 0.19262695 0.92578125 0.00000000
vt 0.19189453 0.92456055 0.00000000
vt 0.19116211 0.91943359 0.00000000
vt 0.19238281 0.91845703 0.00000000
vt 0.19995117 0.88964844 0.00000000
vt 0.18750000 0.91503906 0.00000000
vt 0.21752930 0.86914062 0.00000000
vt 0.23071289 0.81201172 0.00000000
vt 0.21240234 0.81518555 0.00000000
vt 0.19873047 0.77880859 0.00000000
vt 0.20581055 0.84130859 0.00000000
vt 0.20727539 0.81469727 0.00000000
vt 0.20996094 0.81542969 0.00000000
vt 0.19653320 0.78125000 0.00000000
vt 0.19091797 0.81738281 0.00000000
vt 0.16015625 0.81713867 0.00000000
vt 0.15942383 0.80200195 0.00000000
vt 0.16210938 0.82128906 0.00000000
vt 0.16333008 0.82275391 0.00000000
vt 0.18847656 0.81689453 0.00000000
vt 0.16723633 0.82080078 0.00000000
vt 0.17480469 0.83398438 0.00000000
vt 0.16503906 0.83105469 0.00000000
vt 0.16088867 0.83129883 0.00000000
vt 0.16186523 0.83666992 0.00000000
vt 0.17236328 0.84863281 0.00000000
vt 0.17187500 0.85791016 0.00000000
vt 0.16967773 0.84912109 0.00000000
vt 0.16845703 0.86791992 0.00000000
vt 0.17138672 0.85888672 0.00000000
vt 0.15185547 0.85791016 0.00000000
vt 0.17578125 0.87841797 0.00000000
vt 0.16503906 0.90625000 0.00000000
vt 0.18090820 0.89160156 0.00000000
vt 0.18237305 0.89624023 0.00000000
vt 0.18261719 0.89990234 0.00000000
vt 0.18041992 0.91528320 0.00000000
vt 0.18457031 0.90576172 0.00000000
vt 0.18457031 0.90747070 0.00000000
vt 0.18481445 0.90747070 0.00000000
vt 0.18579102 0.91113281 0.00000000
vt 0.18579102 0.91162109 0.00000000
vt 0.10205078 0.92626953 0.00000000
vt 0.05664062 0.87011719 0.00000000
vt 0.13427734 0.75878906 0.00000000
vt 0.14721680 0.80932617 0.00000000
vt 0.88037109 0.78173828 0.00000000
vt 0.86987305 0.79443359 0.00000000
vt 0.89941406 0.74072266 0.00000000
vt 0.89770508 0.76660156 0.00000000
vt 0.86694336 0.80981445 0.00000000
vt 0.85864258 0.83251953 0.00000000
vt 0.85913086 0.84423828 0.00000000
vt 0.89794922 0.91723633 0.00000000
vt 0.82592773 0.79565430 0.00000000
vt 0.83374023 0.79931641 0.00000000
vt 0.82495117 0.78686523 0.00000000
vt 0.82104492 0.77709961 0.00000000
vt 0.81225586 0.79174805 0.00000000
vt 0.79760742 0.77734375 0.00000000
vt 0.80761719 0.78833008 0.00000000
vt 0.17553711 0.05493164 0.00000000
vt 0.17236328 0.03686523 0.00000000
vt 0.17553711 0.03588867 0.00000000
vt 0.99902344 0.38159180 0.00000000
vt 0.99926758 0.37866211 0.00000000
vt 0.99975586 0.40722656 0.00000000
vt 0.98388672 0.89697266 0.00000000
vt 0.98095703 0.90747070 0.00000000
vt 0.97924805 0.90673828 0.00000000
vt 0.97973633 0.90966797 0.00000000
vt 0.97973633 0.90991211 0.00000000
vt 0.97973633 0.91137695 0.00000000
vt 0.98291016 0.93920898 0.00000000
vt 0.97729492 0.91796875 0.00000000
vt 0.97119141 0.92041016 0.00000000
vt 0.97436523 0.92138672 0.00000000
vt 0.05053711 0.87353516 0.00000000
vt 0.07958984 0.93212891 0.00000000
vt 0.05151367 0.98681641 0.00000000
vt 0.08251953 0.95092773 0.00000000
vt 0.08593750 0.95117188 0.00000000
vt 0.10229492 0.94653320 0.00000000
vt 0.14697266 0.96264648 0.00000000
vt 0.13134766 0.93115234 0.00000000
vt 0.27587891 0.94042969 0.00000000
vt 0.27612305 0.93627930 0.00000000
vt 0.27685547 0.93310547 0.00000000
vt 0.27514648 0.90136719 0.00000000
vt 0.27709961 0.92260742 0.00000000
vt 0.27758789 0.92065430 0.00000000
vt 0.28051758 0.91552734 0.00000000
vt 0.28393555 0.91455078 0.00000000
vt 0.73168945 0.02929688 0.00000000
vt 0.76708984 0.02416992 0.00000000
vt 0.75781250 0.04223633 0.00000000
vt 0.70898438 0.06469727 0.00000000
vt 0.72045898 0.01757812 0.00000000
vt 0.67114258 0.05322266 0.00000000
vt 0.77636719 0.04785156 0.00000000
vt 0.78759766 0.09423828 0.00000000
vt 0.69091797 0.09204102 0.00000000
vt 0.55810547 0.10815430 0.00000000
vt 0.55859375 0.11010742 0.00000000
vt 0.55810547 0.11181641 0.00000000
vt 0.55957031 0.10961914 0.00000000
vt 0.55883789 0.10937500 0.00000000
vt 0.55664062 0.09985352 0.00000000
vt 0.56518555 0.08422852 0.00000000
vt 0.54174805 0.06542969 0.00000000
vt 0.57641602 0.11108398 0.00000000
vt 0.56884766 0.12402344 0.00000000
vt 0.56591797 0.15698242 0.00000000
vt 0.63598633 0.05419922 0.00000000
vt 0.55126953 0.02856445 0.00000000
vt 0.57397461 0.16040039 0.00000000
vt 0.65209961 0.10986328 0.00000000
vt 0.65600586 0.21069336 0.00000000
vt 0.68164062 0.12890625 0.00000000
vt 0.68627930 0.06762695 0.00000000
vt 0.60668945 0.10839844 0.00000000
vt 0.58129883 0.12011719 0.00000000
vt 0.58105469 0.11889648 0.00000000
vt 0.65454102 0.07714844 0.00000000
vt 0.66845703 0.06762695 0.00000000
vt 0.67431641 0.06079102 0.00000000
vt 0.67211914 0.06103516 0.00000000
vt 0.60253906 0.49389648 0.00000000
vt 0.53002930 0.51660156 0.00000000
vt 0.51293945 0.50634766 0.00000000
vt 0.51660156 0.52709961 0.00000000
vt 0.47729492 0.46313477 0.00000000
vt 0.39868164 0.35766602 0.00000000
vt 0.49584961 0.49829102 0.00000000
vt 0.48339844 0.54980469 0.00000000
vt 0.39013672 0.65771484 0.00000000
vt 0.50317383 0.53222656 0.00000000
vt 0.50659180 0.53686523 0.00000000
vt 0.51464844 0.53173828 0.00000000
vt 0.51391602 0.53173828 0.00000000
vt 0.51489258 0.53051758 0.00000000
vt 0.51391602 0.52978516 0.00000000
vt 0.51464844 0.52368164 0.00000000
vt 0.51586914 0.52661133 0.00000000
vt 0.51513672 0.52709961 0.00000000
vt 0.51562500 0.52685547 0.00000000
vt 0.56176758 0.16455078 0.00000000
vt 0.55786133 0.16015625 0.00000000
vt 0.55126953 0.13378906 0.00000000
vt 0.54565430 0.15332031 0.00000000
vt 0.54125977 0.15063477 0.00000000
vt 0.52905273 0.17309570 0.00000000
vt 0.51586914 0.13696289 0.00000000
vt 0.50976562 0.17529297 0.00000000
vt 0.54296875 0.19409180 0.00000000
vt 0.54638672 0.20019531 0.00000000
vt 0.52709961 0.17700195 0.00000000
vt 0.52514648 0.18310547 0.00000000
vt 0.44775391 0.17871094 0.00000000
vt 0.45092773 0.13183594 0.00000000
vt 0.52880859 0.20507812 0.00000000
vt 0.56396484 0.21704102 0.00000000
vt 0.50488281 0.23120117 0.00000000
vt 0.52246094 0.18725586 0.00000000
vt 0.49877930 0.19458008 0.00000000
vt 0.40893555 0.18823242 0.00000000
vt 0.44897461 0.20507812 0.00000000
vt 0.44091797 0.21630859 0.00000000
vt 0.49975586 0.22216797 0.00000000
vt 0.51000977 0.21826172 0.00000000
vt 0.50341797 0.21533203 0.00000000
vt 0.50610352 0.21386719 0.00000000
vt 0.50781250 0.20996094 0.00000000
vt 0.51831055 0.19335938 0.00000000
vt 0.51855469 0.19531250 0.00000000
vt 0.51733398 0.19555664 0.00000000
vt 0.51538086 0.19775391 0.00000000
vt 0.51293945 0.20068359 0.00000000
vt 0.51318359 0.20678711 0.00000000
vt 0.50927734 0.20483398 0.00000000
vt 0.51147461 0.20458984 0.00000000
vt 0.14135742 0.73632812 0.00000000
vt 0.17260742 0.71655273 0.00000000
vt 0.17333984 0.75781250 0.00000000
vt 0.16235352 0.70532227 0.00000000
vt 0.13378906 0.68872070 0.00000000
vt 0.11987305 0.70922852 0.00000000
vt 0.11718750 0.71191406 0.00000000
vt 0.06762695 0.83715820 0.00000000
vt 0.05517578 0.68066406 0.00000000
vt 0.05151367 0.77148438 0.00000000
vt 0.87304688 0.94824219 0.00000000
vt 0.87475586 0.94311523 0.00000000
vt 0.87207031 0.95312500 0.00000000
vt 0.87500000 0.93603516 0.00000000
vt 0.90551758 0.97558594 0.00000000
vt 0.85375977 0.95288086 0.00000000
vt 0.85571289 0.91723633 0.00000000
vt 0.84570312 0.95190430 0.00000000
vt 0.85107422 0.99951172 0.00000000
vt 0.91723633 0.91845703 0.00000000
vt 0.94506836 1.00000000 0.00000000
vt 0.94873047 0.95385742 0.00000000
vt 0.94506836 0.91430664 0.00000000
vt 0.95141602 0.89672852 0.00000000
vt 0.95703125 0.88208008 0.00000000
vt 0.86425781 0.98901367 0.00000000
vt 0.85839844 0.99462891 0.00000000
vt 0.86938477 0.98046875 0.00000000
vt 0.86694336 0.98266602 0.00000000
vt 0.86621094 0.98242188 0.00000000
vt 0.86645508 0.97729492 0.00000000
vt 0.86645508 0.98144531 0.00000000
vt 0.86718750 0.98095703 0.00000000
vt 0.86791992 0.98022461 0.00000000
vt 0.87475586 0.97119141 0.00000000
vt 0.86694336 0.97143555 0.00000000
vt 0.86865234 0.96240234 0.00000000
vt 0.86816406 0.96655273 0.00000000
vt 0.86889648 0.96313477 0.00000000
vt 0.95947266 0.97045898 0.00000000
vt 0.96020508 0.97021484 0.00000000
vt 0.96118164 0.97021484 0.00000000
vt 0.95214844 0.32788086 0.00000000
vt 0.92041016 0.34326172 0.00000000
vt 0.90454102 0.26953125 0.00000000
vt 0.86645508 0.30932617 0.00000000
vt 0.95605469 0.23242188 0.00000000
vt 0.92529297 0.22753906 0.00000000
vt 0.26635742 0.02709961 0.00000000
vt 0.24584961 0.04956055 0.00000000
vt 0.21801758 0.03613281 0.00000000
vt 0.18017578 0.04345703 0.00000000
vt 0.31079102 0.04736328 0.00000000
vt 0.26904297 0.01733398 0.00000000
vt 0.15698242 0.97070312 0.00000000
vt 0.15747070 0.97021484 0.00000000
vt 0.15722656 0.97265625 0.00000000
vt 0.15747070 0.02807617 0.00000000
vt 0.15747070 0.03564453 0.00000000
vt 0.15698242 0.02880859 0.00000000
vt 0.18041992 0.75756836 0.00000000
vt 0.22949219 0.70678711 0.00000000
vt 0.16503906 0.78979492 0.00000000
vt 0.17944336 0.75708008 0.00000000
vt 0.22875977 0.64599609 0.00000000
vt 0.17968750 0.71508789 0.00000000
vt 0.20410156 0.61791992 0.00000000
vt 0.15917969 0.67163086 0.00000000
vt 0.75415039 0.59594727 0.00000000
vt 0.75341797 0.59643555 0.00000000
vt 0.75244141 0.59570312 0.00000000
vt 0.75927734 0.59692383 0.00000000
vt 0.75317383 0.59741211 0.00000000
vt 0.74829102 0.59423828 0.00000000
vt 0.75341797 0.59912109 0.00000000
vt 0.75292969 0.59936523 0.00000000
vt 0.75317383 0.60009766 0.00000000
vt 0.75317383 0.60229492 0.00000000
vt 0.75268555 0.60498047 0.00000000
vt 0.75024414 0.60546875 0.00000000
vt 0.73510742 0.59008789 0.00000000
vt 0.77783203 0.62890625 0.00000000
vt 0.77392578 0.59912109 0.00000000
vt 0.77490234 0.59887695 0.00000000
vt 0.77856445 0.59912109 0.00000000
vt 0.75170898 0.61547852 0.00000000
vt 0.75024414 0.61083984 0.00000000
vt 0.75048828 0.61621094 0.00000000
vt 0.74902344 0.62207031 0.00000000
vt 0.74926758 0.63159180 0.00000000
vt 0.74658203 0.64453125 0.00000000
vt 0.74536133 0.64916992 0.00000000
vt 0.80468750 0.60693359 0.00000000
vt 0.82519531 0.63256836 0.00000000
vt 0.84960938 0.62695312 0.00000000
vt 0.85864258 0.68041992 0.00000000
vt 0.81152344 0.67309570 0.00000000
vt 0.85620117 0.73803711 0.00000000
vt 0.77929688 0.69262695 0.00000000
vt 0.79589844 0.73559570 0.00000000
vt 0.74267578 0.66137695 0.00000000
vt 0.71997070 0.65576172 0.00000000
vt 0.73999023 0.66943359 0.00000000
vt 0.70751953 0.61059570 0.00000000
vt 0.73779297 0.67211914 0.00000000
vt 0.73876953 0.67236328 0.00000000
vt 0.73852539 0.67919922 0.00000000
vt 0.73706055 0.68701172 0.00000000
vt 0.73608398 0.69580078 0.00000000
vt 0.72827148 0.55688477 0.00000000
vt 0.73144531 0.58666992 0.00000000
vt 0.73242188 0.58837891 0.00000000
vt 0.73168945 0.58837891 0.00000000
vt 0.72045898 0.56811523 0.00000000
vt 0.72314453 0.58374023 0.00000000
vt 0.71923828 0.58203125 0.00000000
vt 0.71582031 0.58105469 0.00000000
vt 0.71484375 0.58007812 0.00000000
vt 0.71142578 0.56323242 0.00000000
vt 0.70751953 0.57885742 0.00000000
vt 0.70483398 0.57812500 0.00000000
vt 0.70239258 0.57202148 0.00000000
vt 0.69946289 0.56469727 0.00000000
vt 0.07250977 0.40502930 0.00000000
vt 0.09643555 0.39453125 0.00000000
vt 0.12109375 0.42407227 0.00000000
vt 0.09692383 0.39404297 0.00000000
vt 0.07836914 0.43432617 0.00000000
vt 0.10937500 0.37841797 0.00000000
vt 0.22070312 0.42822266 0.00000000
vt 0.12402344 0.36108398 0.00000000
vt 0.14624023 0.46630859 0.00000000
vt 0.07397461 0.46508789 0.00000000
vt 0.07373047 0.46240234 0.00000000
vt 0.20214844 0.37622070 0.00000000
vt 0.15454102 0.34912109 0.00000000
vt 0.14599609 0.34960938 0.00000000
vt 0.22143555 0.37670898 0.00000000
vt 0.15258789 0.31225586 0.00000000
vt 0.22216797 0.31127930 0.00000000
vt 0.14990234 0.30004883 0.00000000
vt 0.15063477 0.31079102 0.00000000
vt 0.15356445 0.34667969 0.00000000
vt 0.15283203 0.34033203 0.00000000
vt 0.44287109 0.96020508 0.00000000
vt 0.44287109 0.96948242 0.00000000
vt 0.44213867 0.96386719 0.00000000
vt 0.90917969 0.42993164 0.00000000
vt 0.91357422 0.42553711 0.00000000
vt 0.94116211 0.49487305 0.00000000
vt 0.99975586 0.41259766 0.00000000
vt 0.99829102 0.50488281 0.00000000
vt 0.15966797 0.46752930 0.00000000
vt 0.24121094 0.44287109 0.00000000
vt 0.26855469 0.51196289 0.00000000
vt 0.16528320 0.49609375 0.00000000
vt 0.29565430 0.60327148 0.00000000
vt 0.20288086 0.60620117 0.00000000
vt 0.14013672 0.51977539 0.00000000
vt 0.17089844 0.64624023 0.00000000
vt 0.09082031 0.03320312 0.00000000
vt 0.09008789 0.03881836 0.00000000
vt 0.09057617 0.03344727 0.00000000
vt 0.09008789 0.02929688 0.00000000
vt 0.67993164 0.03393555 0.00000000
vt 0.64501953 0.06909180 0.00000000
vt 0.64624023 0.04028320 0.00000000
vt 0.64575195 0.02954102 0.00000000
vt 0.68188477 0.03100586 0.00000000
vt 0.36621094 0.69140625 0.00000000
vt 0.36523438 0.78930664 0.00000000
vt 0.30249023 0.74707031 0.00000000
vt 0.32812500 0.79785156 0.00000000
vt 0.37084961 0.58496094 0.00000000
vt 0.29467773 0.63867188 0.00000000
vt 0.51416016 0.49023438 0.00000000
vt 0.51293945 0.47363281 0.00000000
vt 0.56982422 0.49194336 0.00000000
vt 0.52612305 0.47094727 0.00000000
vt 0.53198242 0.41650391 0.00000000
vt 0.58398438 0.42651367 0.00000000
vt 0.50512695 0.47314453 0.00000000
vt 0.56054688 0.31323242 0.00000000
vt 0.60253906 0.34765625 0.00000000
vt 0.60253906 0.33837891 0.00000000
vt 0.58471680 0.31396484 0.00000000
vt 0.57373047 0.30273438 0.00000000
vt 0.50024414 0.41528320 0.00000000
vt 0.49121094 0.43750000 0.00000000
vt 0.49877930 0.47631836 0.00000000
vt 0.46630859 0.38427734 0.00000000
vt 0.45117188 0.41088867 0.00000000
vt 0.42553711 0.37670898 0.00000000
vt 0.45898438 0.35400391 0.00000000
vt 0.44140625 0.34912109 0.00000000
vt 0.42114258 0.36499023 0.00000000
vt 0.42065430 0.36083984 0.00000000
vt 0.41943359 0.35913086 0.00000000
vt 0.41870117 0.35620117 0.00000000
vt 0.41870117 0.35473633 0.00000000
vt 0.41845703 0.35449219 0.00000000
vt 0.41357422 0.34960938 0.00000000
vt 0.40380859 0.33178711 0.00000000
vt 0.43115234 0.31054688 0.00000000
vt 0.41821289 0.31274414 0.00000000
vt 0.45581055 0.28076172 0.00000000
vt 0.53149414 0.29541016 0.00000000
vt 0.54541016 0.27758789 0.00000000
vt 0.77954102 0.34863281 0.00000000
vt 0.66259766 0.32348633 0.00000000
vt 0.75976562 0.29150391 0.00000000
vt 0.80297852 0.29223633 0.00000000
vt 0.85668945 0.32983398 0.00000000
vt 0.86206055 0.19531250 0.00000000
vt 0.83496094 0.23559570 0.00000000
vt 0.83984375 0.15673828 0.00000000
vt 0.84204102 0.08935547 0.00000000
vt 0.05566406 0.49804688 0.00000000
vt 0.13330078 0.49291992 0.00000000
vt 0.14208984 0.61621094 0.00000000
vt 0.06542969 0.59033203 0.00000000
vt 0.14746094 0.64770508 0.00000000
vt 0.02514648 0.60888672 0.00000000
vt 0.16040039 0.64379883 0.00000000
vt 0.15356445 0.65283203 0.00000000
vt 0.16333008 0.64379883 0.00000000
vt 0.16406250 0.64648438 0.00000000
vt 0.45678711 0.93554688 0.00000000
vt 0.50952148 0.94458008 0.00000000
vt 0.48242188 0.98022461 0.00000000
vt 0.45971680 0.98828125 0.00000000
vt 0.51538086 0.97265625 0.00000000
vt 0.55468750 0.93408203 0.00000000
vt 0.54711914 0.94433594 0.00000000
vt 0.55175781 0.94238281 0.00000000
vt 0.52050781 0.99316406 0.00000000
vt 0.50585938 0.99169922 0.00000000
vt 0.48657227 0.98217773 0.00000000
vt 0.49072266 0.98022461 0.00000000
vt 0.47827148 0.98730469 0.00000000
vt 0.47509766 0.98974609 0.00000000
vt 0.46728516 0.99682617 0.00000000
vt 0.43530273 0.27856445 0.00000000
vt 0.35791016 0.28442383 0.00000000
vt 0.36767578 0.26611328 0.00000000
vt 0.41040039 0.31030273 0.00000000
vt 0.40869141 0.24902344 0.00000000
vt 0.46459961 0.22436523 0.00000000
vt 0.54907227 0.25683594 0.00000000
vt 0.39013672 0.22436523 0.00000000
vt 0.38891602 0.22656250 0.00000000
vt 0.93286133 0.72241211 0.00000000
vt 0.93237305 0.84326172 0.00000000
vt 0.91015625 0.76513672 0.00000000
vt 0.90625000 0.74902344 0.00000000
vt 0.20019531 0.06127930 0.00000000
vt 0.06347656 0.19628906 0.00000000
vt 0.05175781 0.06127930 0.00000000
vt 0.11621094 0.19824219 0.00000000
vt 0.20971680 0.03076172 0.00000000
vt 0.20922852 0.03051758 0.00000000
vt 0.20947266 0.02758789 0.00000000
vt 0.96142578 0.90161133 0.00000000
vt 0.96191406 0.85058594 0.00000000
vt 0.96801758 0.87426758 0.00000000
vt 0.97167969 0.89697266 0.00000000
vt 0.97436523 0.90307617 0.00000000
vt 0.97485352 0.90258789 0.00000000
vt 0.96728516 0.50903320 0.00000000
vt 0.96508789 0.59033203 0.00000000
vt 0.96386719 0.51977539 0.00000000
vt 0.96386719 0.50439453 0.00000000
vt 0.78588867 0.06274414 0.00000000
vt 0.79809570 0.03002930 0.00000000
vt 0.80639648 0.03881836 0.00000000
vt 0.81176758 0.04370117 0.00000000
vt 0.79272461 0.02465820 0.00000000
vt 0.80834961 0.03881836 0.00000000
vt 0.79077148 0.02490234 0.00000000
vt 0.80761719 0.03881836 0.00000000
vt 0.80834961 0.03857422 0.00000000
vt 0.80737305 0.03857422 0.00000000
vt 0.79199219 0.02465820 0.00000000
vt 0.79125977 0.02416992 0.00000000
vt 0.79150391 0.01953125 0.00000000
vt 0.97363281 0.94458008 0.00000000
vt 0.96313477 0.93212891 0.00000000
vt 0.96166992 0.91918945 0.00000000
vt 0.96191406 0.91357422 0.00000000
vt 0.96191406 0.92553711 0.00000000
vt 0.96166992 0.92504883 0.00000000
vt 0.96289062 0.94433594 0.00000000
vt 0.96557617 0.94653320 0.00000000
vt 0.96289062 0.93701172 0.00000000
vt 0.07275391 0.23876953 0.00000000
vt 0.03759766 0.25732422 0.00000000
vt 0.03466797 0.21533203 0.00000000
vt 0.09643555 0.20678711 0.00000000
vt 0.10351562 0.22680664 0.00000000
vt 0.03662109 0.34423828 0.00000000
vt 0.10937500 0.26220703 0.00000000
vt 0.99682617 0.51000977 0.00000000
vt 0.99560547 0.58032227 0.00000000
vt 0.99291992 0.53369141 0.00000000
vt 0.99267578 0.53173828 0.00000000
vt 0.54907227 0.96728516 0.00000000
vt 0.54833984 0.96386719 0.00000000
vt 0.55273438 0.95507812 0.00000000
vt 0.54931641 0.96118164 0.00000000
vt 0.54809570 0.96313477 0.00000000
vt 0.54663086 0.96386719 0.00000000
vt 0.54663086 0.96411133 0.00000000
vt 0.97387695 0.81640625 0.00000000
vt 0.97192383 0.81738281 0.00000000
vt 0.99658203 0.75488281 0.00000000
vt 0.98022461 0.82006836 0.00000000
vt 0.98852539 0.82250977 0.00000000
vt 0.08496094 0.02709961 0.00000000
vt 0.08520508 0.02612305 0.00000000
vt 0.08520508 0.03320312 0.00000000
vt 0.95922852 0.96533203 0.00000000
vt 0.96093750 0.95898438 0.00000000
vt 0.96313477 0.95898438 0.00000000
vt 0.96166992 0.95849609 0.00000000
vt 0.96044922 0.95898438 0.00000000
vt 0.96337891 0.95141602 0.00000000
vt 0.95922852 0.95288086 0.00000000
vt 0.12426758 0.96459961 0.00000000
vt 0.12426758 0.97167969 0.00000000
vt 0.12353516 0.96533203 0.00000000
vt 0.68701172 0.03173828 0.00000000
vt 0.68701172 0.02636719 0.00000000
vt 0.68725586 0.03295898 0.00000000
vt 0.68676758 0.03173828 0.00000000
vt 0.18872070 0.03417969 0.00000000
vt 0.18847656 0.03369141 0.00000000
vt 0.18847656 0.02832031 0.00000000
vt 0.18823242 0.03491211 0.00000000
vt 0.18896484 0.03564453 0.00000000
vt 0.53125000 0.07348633 0.00000000
vt 0.53417969 0.07617188 0.00000000
vt 0.53637695 0.09008789 0.00000000
vt 0.53613281 0.07226562 0.00000000
vt 0.53662109 0.06591797 0.00000000
vt 0.53564453 0.06933594 0.00000000
vt 0.53662109 0.05639648 0.00000000
vt 0.53540039 0.06347656 0.00000000
vt 0.82568359 0.94775391 0.00000000
vt 0.82641602 0.93164062 0.00000000
vt 0.82763672 0.92724609 0.00000000
vt 0.82617188 0.95068359 0.00000000
vt 0.82592773 0.92578125 0.00000000
vt 0.82592773 0.92749023 0.00000000
vt 0.82543945 0.92651367 0.00000000
vt 0.56469727 0.95849609 0.00000000
vt 0.56396484 0.96508789 0.00000000
vt 0.56469727 0.95190430 0.00000000
vt 0.56347656 0.95068359 0.00000000
vt 0.56494141 0.95092773 0.00000000
vt 0.00048828 0.96997070 0.00000000
vt 0.00268555 0.96997070 0.00000000
vt 0.00195312 0.97070312 0.00000000
vt 0.99975586 0.03369141 0.00000000
vt 0.99975586 0.04150391 0.00000000
vt 0.99926758 0.03295898 0.00000000
vt 0.99926758 0.04614258 0.00000000
vt 0.82275391 0.97192383 0.00000000
vt 0.82275391 0.96875000 0.00000000
vt 0.82324219 0.96728516 0.00000000
vt 0.82275391 0.96655273 0.00000000
vt 0.82250977 0.97192383 0.00000000
vt 0.81787109 0.95996094 0.00000000
vt 0.81787109 0.96728516 0.00000000
vt 0.81738281 0.95922852 0.00000000
vt 0.81762695 0.97070312 0.00000000
vt 0.99975586 0.12304688 0.00000000
vt 0.99975586 0.13891602 0.00000000
vt 0.99926758 0.11865234 0.00000000
vt 0.59130859 0.02734375 0.00000000
vt 0.59130859 0.03442383 0.00000000
vt 0.59057617 0.03198242 0.00000000
vt 0.57250977 0.95068359 0.00000000
vt 0.57250977 0.96313477 0.00000000
vt 0.57177734 0.94824219 0.00000000
vt 0.83325195 0.92333984 0.00000000
vt 0.83447266 0.93798828 0.00000000
vt 0.83422852 0.94995117 0.00000000
vt 0.82958984 0.96191406 0.00000000
vt 0.83349609 0.96752930 0.00000000
vt 0.82348633 0.95751953 0.00000000
vt 0.83081055 0.95996094 0.00000000
vt 0.83520508 0.95800781 0.00000000
vt 0.83105469 0.95947266 0.00000000
vt 0.83496094 0.95458984 0.00000000
vt 0.83666992 0.95507812 0.00000000
vt 0.83886719 0.95556641 0.00000000
vt 0.83959961 0.95581055 0.00000000
vt 0.84106445 0.95581055 0.00000000
vt 0.84082031 0.95532227 0.00000000
vt 0.83984375 0.95556641 0.00000000
vt 0.99902344 0.18041992 0.00000000
vt 1.00000000 0.16967773 0.00000000
vt 0.99926758 0.19189453 0.00000000
vt 0.99975586 0.18066406 0.00000000
vt 0.62109375 0.03710938 0.00000000
vt 0.60571289 0.03417969 0.00000000
vt 0.61572266 0.02978516 0.00000000
vt 0.63940430 0.04833984 0.00000000
vt 0.64013672 0.01660156 0.00000000
vt 0.60449219 0.02880859 0.00000000
vt 0.61035156 0.00878906 0.00000000
vt 0.60791016 0.03100586 0.00000000
vt 0.09179688 0.95874023 0.00000000
vt 0.09179688 0.97045898 0.00000000
vt 0.09106445 0.95825195 0.00000000
vt 0.79028320 0.97265625 0.00000000
vt 0.79101562 0.96875000 0.00000000
vt 0.79150391 0.97094727 0.00000000
vt 0.79150391 0.97167969 0.00000000
vt 0.79199219 0.97021484 0.00000000
vt 0.79418945 0.96875000 0.00000000
vt 0.79003906 0.96704102 0.00000000
vt 0.79077148 0.96704102 0.00000000
vt 0.79223633 0.96728516 0.00000000
vt 0.79296875 0.96728516 0.00000000
vt 0.79418945 0.96801758 0.00000000
vt 0.13037109 0.96582031 0.00000000
vt 0.13110352 0.96777344 0.00000000
vt 0.12915039 0.96655273 0.00000000
vt 0.13085938 0.96582031 0.00000000
vt 0.12890625 0.96679688 0.00000000
vt 0.12915039 0.97265625 0.00000000
vt 0.53149414 0.03051758 0.00000000
vt 0.53149414 0.03881836 0.00000000
vt 0.53125000 0.03588867 0.00000000
vt 0.16259766 0.96655273 0.00000000
vt 0.16259766 0.97192383 0.00000000
vt 0.16235352 0.97070312 0.00000000
vt 0.19433594 0.03442383 0.00000000
vt 0.19335938 0.02978516 0.00000000
vt 0.19433594 0.02832031 0.00000000
vt 0.19384766 0.02734375 0.00000000
vt 0.15844727 0.95043945 0.00000000
vt 0.15795898 0.95288086 0.00000000
vt 0.15771484 0.95239258 0.00000000
vt 0.15698242 0.95239258 0.00000000
vt 0.15747070 0.96508789 0.00000000
vt 0.15771484 0.95288086 0.00000000
vt 0.15722656 0.95336914 0.00000000
vt 0.09155273 0.31835938 0.00000000
vt 0.09179688 0.31762695 0.00000000
vt 0.09179688 0.31835938 0.00000000
vt 0.09204102 0.31958008 0.00000000
vt 0.09155273 0.31640625 0.00000000
vt 0.09130859 0.31884766 0.00000000
vt 0.09204102 0.31713867 0.00000000
vt 0.09155273 0.31542969 0.00000000
vt 0.09204102 0.31738281 0.00000000
vt 0.09497070 0.30810547 0.00000000
vt 0.09521484 0.33544922 0.00000000
vt 0.09277344 0.32543945 0.00000000
vt 0.09765625 0.35205078 0.00000000
vt 0.09497070 0.33959961 0.00000000
vt 0.11181641 0.28100586 0.00000000
vt 0.13549805 0.34765625 0.00000000
vt 0.12670898 0.19677734 0.00000000
vt 0.09643555 0.29687500 0.00000000
vt 0.10693359 0.28295898 0.00000000
vt 0.10693359 0.28222656 0.00000000
vt 0.81005859 0.03320312 0.00000000
vt 0.81054688 0.03222656 0.00000000
vt 0.81054688 0.03271484 0.00000000
vt 0.81030273 0.02734375 0.00000000
vt 0.99853516 0.94335938 0.00000000
vt 0.99926758 0.94042969 0.00000000
vt 0.99877930 0.95678711 0.00000000
vt 0.99951172 0.96191406 0.00000000
vt 0.99902344 0.96069336 0.00000000
vt 0.99829102 0.96215820 0.00000000
vt 0.57690430 0.96801758 0.00000000
vt 0.57690430 0.96972656 0.00000000
vt 0.57617188 0.96801758 0.00000000
vt 0.57739258 0.96679688 0.00000000
vt 0.57739258 0.97290039 0.00000000
vt 0.08081055 0.96337891 0.00000000
vt 0.08129883 0.96875000 0.00000000
vt 0.08081055 0.97094727 0.00000000
vt 0.21948242 0.02832031 0.00000000
vt 0.21997070 0.02807617 0.00000000
vt 0.22045898 0.02978516 0.00000000
vt 0.21997070 0.02758789 0.00000000
vt 0.22045898 0.02758789 0.00000000
vt 0.15673828 0.93798828 0.00000000
vt 0.15600586 0.93432617 0.00000000
vt 0.15527344 0.93627930 0.00000000
vt 0.15820312 0.91381836 0.00000000
vt 0.15747070 0.94531250 0.00000000
vt 0.15600586 0.92480469 0.00000000
vt 0.15625000 0.91943359 0.00000000
vt 0.99951172 0.27709961 0.00000000
vt 0.99902344 0.27734375 0.00000000
vt 0.99951172 0.25366211 0.00000000
vt 0.99902344 0.27807617 0.00000000
vt 1.00000000 0.27880859 0.00000000
vt 0.15234375 0.94287109 0.00000000
vt 0.15234375 0.95874023 0.00000000
vt 0.15161133 0.95117188 0.00000000
vt 0.95678711 0.90063477 0.00000000
vt 0.95678711 0.93774414 0.00000000
vt 0.95556641 0.92895508 0.00000000
vt 0.09521484 0.02734375 0.00000000
vt 0.09594727 0.02734375 0.00000000
vt 0.09545898 0.03442383 0.00000000
vt 0.42578125 0.96337891 0.00000000
vt 0.42480469 0.97045898 0.00000000
vt 0.42553711 0.96215820 0.00000000
vt 0.42480469 0.95849609 0.00000000
vt 0.58325195 0.03125000 0.00000000
vt 0.58374023 0.02734375 0.00000000
vt 0.58398438 0.03222656 0.00000000
vt 0.81616211 0.03613281 0.00000000
vt 0.81713867 0.03955078 0.00000000
vt 0.81640625 0.05151367 0.00000000
vt 0.99926758 0.21923828 0.00000000
vt 0.99951172 0.21875000 0.00000000
vt 0.99975586 0.22021484 0.00000000
vt 0.99951172 0.19702148 0.00000000
vt 0.99926758 0.22583008 0.00000000
vt 0.99975586 0.22509766 0.00000000
vt 0.99926758 0.24877930 0.00000000
vt 0.14135742 0.97094727 0.00000000
vt 0.14184570 0.96752930 0.00000000
vt 0.14184570 0.97192383 0.00000000
vt 0.95410156 0.96801758 0.00000000
vt 0.95458984 0.96948242 0.00000000
vt 0.95336914 0.97167969 0.00000000
vt 0.95336914 0.96777344 0.00000000
vt 0.20312500 0.03320312 0.00000000
vt 0.20336914 0.03271484 0.00000000
vt 0.20336914 0.03295898 0.00000000
vt 0.20336914 0.03051758 0.00000000
vt 0.20434570 0.03027344 0.00000000
vt 0.20312500 0.02636719 0.00000000
vt 0.84082031 0.96240234 0.00000000
vt 0.84082031 0.97070312 0.00000000
vt 0.83959961 0.96630859 0.00000000
vt 0.30419922 0.96435547 0.00000000
vt 0.30468750 0.96020508 0.00000000
vt 0.30517578 0.96972656 0.00000000
vt 0.09643555 0.96118164 0.00000000
vt 0.09692383 0.95898438 0.00000000
vt 0.09692383 0.97070312 0.00000000
vt 0.16748047 0.03466797 0.00000000
vt 0.16772461 0.03247070 0.00000000
vt 0.16796875 0.04418945 0.00000000
vt 0.16772461 0.03149414 0.00000000
vt 0.08007812 0.02807617 0.00000000
vt 0.08007812 0.02905273 0.00000000
vt 0.07983398 0.02832031 0.00000000
vt 0.99926758 0.09472656 0.00000000
vt 0.99975586 0.09790039 0.00000000
vt 0.99926758 0.11376953 0.00000000
vt 0.81005859 0.96166992 0.00000000
vt 0.81176758 0.96435547 0.00000000
vt 0.81005859 0.97045898 0.00000000
vt 0.97900391 0.51586914 0.00000000
vt 0.97973633 0.52343750 0.00000000
vt 0.97729492 0.50683594 0.00000000
vt 0.97875977 0.54101562 0.00000000
vt 0.97827148 0.59228516 0.00000000
vt 0.74755859 0.53881836 0.00000000
vt 0.72973633 0.53344727 0.00000000
vt 0.72387695 0.49560547 0.00000000
vt 0.77441406 0.46484375 0.00000000
vt 0.85839844 0.55395508 0.00000000
vt 0.84741211 0.47875977 0.00000000
vt 0.77661133 0.55517578 0.00000000
vt 0.83959961 0.59716797 0.00000000
vt 0.79638672 0.59960938 0.00000000
vt 0.76147461 0.57226562 0.00000000
vt 0.71484375 0.53881836 0.00000000
vt 0.84057617 0.41845703 0.00000000
vt 0.70751953 0.41772461 0.00000000
vt 0.81176758 0.37402344 0.00000000
vt 0.85351562 0.39257812 0.00000000
vt 0.83666992 0.35253906 0.00000000
vt 0.73022461 0.38134766 0.00000000
vt 0.73339844 0.34497070 0.00000000
vt 0.69116211 0.34545898 0.00000000
vt 0.64843750 0.49218750 0.00000000
vt 0.59887695 0.55810547 0.00000000
vt 0.61083984 0.49731445 0.00000000
vt 0.59399414 0.45288086 0.00000000
vt 0.61596680 0.41552734 0.00000000
vt 0.69970703 0.35766602 0.00000000
vt 0.69897461 0.35717773 0.00000000
vt 0.69848633 0.35742188 0.00000000
vt 0.69921875 0.35791016 0.00000000
vt 0.68896484 0.41650391 0.00000000
vt 0.66674805 0.36010742 0.00000000
vt 0.65014648 0.36157227 0.00000000
vt 0.63427734 0.36181641 0.00000000
vt 0.62451172 0.36230469 0.00000000
vt 0.62109375 0.35498047 0.00000000
vt 0.57861328 0.02954102 0.00000000
vt 0.57861328 0.02978516 0.00000000
vt 0.57617188 0.02978516 0.00000000
vt 0.69067383 0.98339844 0.00000000
vt 0.69140625 0.97460938 0.00000000
vt 0.69360352 0.99145508 0.00000000
vt 0.66552734 0.97583008 0.00000000
vt 0.68920898 0.98266602 0.00000000
vt 0.69018555 0.98046875 0.00000000
vt 0.68652344 0.97851562 0.00000000
vt 0.68994141 0.97900391 0.00000000
vt 0.68603516 0.97558594 0.00000000
vt 0.68627930 0.97387695 0.00000000
vt 0.68750000 0.96923828 0.00000000
vt 0.71118164 0.97729492 0.00000000
vt 0.68432617 0.97241211 0.00000000
vt 0.73535156 0.95458984 0.00000000
vt 0.69750977 0.94531250 0.00000000
vt 0.68554688 0.96826172 0.00000000
vt 0.68579102 0.96704102 0.00000000
vt 0.68676758 0.96459961 0.00000000
vt 0.68652344 0.96289062 0.00000000
vt 0.68579102 0.96264648 0.00000000
vt 0.68554688 0.96191406 0.00000000
vt 0.68701172 0.96215820 0.00000000
vt 0.68701172 0.96093750 0.00000000
vt 0.68627930 0.96166992 0.00000000
vt 0.68408203 0.96142578 0.00000000
vt 0.68554688 0.96166992 0.00000000
vt 0.68066406 0.95556641 0.00000000
vt 0.67871094 0.95263672 0.00000000
vt 0.63574219 0.92089844 0.00000000
vt 0.68164062 0.94433594 0.00000000
vt 0.68627930 0.95458984 0.00000000
vt 0.68750000 0.95678711 0.00000000
vt 0.54248047 0.97094727 0.00000000
vt 0.54321289 0.97021484 0.00000000
vt 0.54296875 0.97265625 0.00000000
vt 0.92626953 0.05053711 0.00000000
vt 0.95629883 0.06274414 0.00000000
vt 0.94970703 0.06176758 0.00000000
vt 0.95092773 0.05126953 0.00000000
vt 0.99462891 0.02709961 0.00000000
vt 0.98120117 0.00195312 0.00000000
vt 0.94653320 0.01123047 0.00000000
vt 0.94702148 0.00634766 0.00000000
vt 0.94335938 0.00512695 0.00000000
vt 0.92602539 0.00000000 0.00000000
vt 0.02587891 0.00000000 0.00000000
vt 0.01513672 0.03564453 0.00000000
vt 0.00000000 0.00415039 0.00000000
vt 0.00488281 0.03955078 0.00000000
vt 0.00024414 0.08618164 0.00000000
vt 0.01562500 0.08789062 0.00000000
vt 0.02514648 0.08740234 0.00000000
vt 0.03564453 0.08105469 0.00000000
vt 0.05004883 0.04882812 0.00000000
vt 0.06640625 0.02587891 0.00000000
vt 0.09301758 0.05004883 0.00000000
vt 0.01171875 0.48608398 0.00000000
vt 0.01367188 0.56616211 0.00000000
vt 0.00585938 0.54174805 0.00000000
vt 0.00219727 0.50341797 0.00000000
vt 0.00561523 0.45996094 0.00000000
vt 0.01562500 0.46435547 0.00000000
vt 0.11572266 0.05590820 0.00000000
vt 0.14965820 0.03759766 0.00000000
vt 0.17016602 0.05590820 0.00000000
vt 0.12817383 0.01513672 0.00000000
vt 0.15234375 0.00244141 0.00000000
vt 0.09643555 0.04296875 0.00000000
vt 0.78344727 0.96289062 0.00000000
vt 0.78344727 0.94604492 0.00000000
vt 0.81787109 0.95312500 0.00000000
vt 0.78344727 0.95190430 0.00000000
vt 0.77832031 0.94384766 0.00000000
vt 0.78320312 0.95239258 0.00000000
vt 0.78320312 0.95214844 0.00000000
vt 0.78149414 0.95898438 0.00000000
vt 0.75366211 0.97070312 0.00000000
vt 0.77124023 0.98608398 0.00000000
vt 0.73291016 0.99975586 0.00000000
vt 0.74243164 0.94580078 0.00000000
vt 0.78076172 0.93652344 0.00000000
vt 0.62695312 0.93627930 0.00000000
vt 0.60498047 0.96606445 0.00000000
vt 0.59277344 0.95019531 0.00000000
vt 0.64575195 0.95776367 0.00000000
vt 0.59277344 0.95556641 0.00000000
vt 0.57836914 0.95361328 0.00000000
vt 0.66455078 0.98779297 0.00000000
vt 0.61914062 0.98779297 0.00000000
vt 0.59521484 0.99780273 0.00000000
vt 0.59301758 0.95996094 0.00000000
vt 0.57788086 0.95922852 0.00000000
vt 0.59130859 0.97949219 0.00000000
vt 0.59228516 0.96655273 0.00000000
vt 0.59301758 0.96875000 0.00000000
vt 0.58422852 0.97119141 0.00000000
vt 0.59350586 0.97094727 0.00000000
vt 0.59057617 0.98217773 0.00000000
vt 0.59155273 0.98754883 0.00000000
vt 0.58666992 0.98535156 0.00000000
vt 0.58764648 0.98876953 0.00000000
vt 0.59130859 0.97509766 0.00000000
vt 0.59204102 0.97241211 0.00000000
vt 0.59204102 0.97338867 0.00000000
vt 0.59228516 0.97241211 0.00000000
vt 0.59252930 0.96459961 0.00000000
vt 0.59130859 0.96264648 0.00000000
vt 0.58911133 0.96215820 0.00000000
vt 0.58886719 0.96191406 0.00000000
vt 0.58740234 0.96069336 0.00000000
vt 0.58886719 0.96044922 0.00000000
vt 0.58959961 0.96020508 0.00000000
vt 0.59008789 0.96459961 0.00000000
vt 0.58959961 0.96459961 0.00000000
vt 0.52905273 0.06787109 0.00000000
vt 0.52905273 0.04370117 0.00000000
vt 0.53051758 0.06567383 0.00000000
vt 0.81005859 0.83935547 0.00000000
vt 0.85449219 0.82495117 0.00000000
vt 0.81835938 0.84399414 0.00000000
vt 0.80419922 0.83984375 0.00000000
vt 0.79077148 0.77758789 0.00000000
vt 0.81933594 0.86132812 0.00000000
vt 0.78906250 0.87817383 0.00000000
vt 0.76928711 0.89355469 0.00000000
vt 0.81933594 0.87573242 0.00000000
vt 0.72973633 0.94555664 0.00000000
vt 0.77172852 0.91259766 0.00000000
vt 0.81835938 0.88574219 0.00000000
vt 0.82568359 0.89331055 0.00000000
vt 0.81372070 0.90771484 0.00000000
vt 0.80371094 0.94335938 0.00000000
vt 0.81347656 0.92333984 0.00000000
vt 0.81616211 0.89282227 0.00000000
vt 0.81665039 0.89306641 0.00000000
vt 0.81640625 0.89331055 0.00000000
vt 0.81567383 0.89526367 0.00000000
vt 0.81445312 0.89941406 0.00000000
vt 0.81372070 0.90234375 0.00000000
vt 0.81420898 0.90356445 0.00000000
vt 0.85253906 0.91137695 0.00000000
vt 0.81518555 0.91577148 0.00000000
vt 0.81616211 0.92236328 0.00000000
vt 0.81591797 0.92456055 0.00000000
vt 0.81542969 0.91772461 0.00000000
vt 0.81542969 0.91992188 0.00000000
vt 0.81542969 0.91967773 0.00000000
vt 0.56372070 0.97119141 0.00000000
vt 0.56372070 0.96997070 0.00000000
vt 0.56396484 0.97167969 0.00000000
vt 0.50927734 0.07373047 0.00000000
vt 0.51611328 0.06420898 0.00000000
vt 0.52270508 0.05737305 0.00000000
vt 0.51196289 0.06591797 0.00000000
vt 0.50366211 0.05468750 0.00000000
vt 0.50610352 0.07373047 0.00000000
vt 0.50561523 0.07470703 0.00000000
vt 0.50537109 0.07421875 0.00000000
vt 0.50317383 0.07592773 0.00000000
vt 0.49975586 0.07861328 0.00000000
vt 0.54003906 0.10253906 0.00000000
vt 0.49877930 0.07690430 0.00000000
vt 0.47900391 0.08007812 0.00000000
vt 0.42480469 0.01733398 0.00000000
vt 0.51245117 0.02197266 0.00000000
vt 0.49780273 0.11865234 0.00000000
vt 0.48559570 0.10253906 0.00000000
vt 0.48706055 0.09472656 0.00000000
vt 0.49145508 0.08886719 0.00000000
vt 0.48071289 0.10327148 0.00000000
vt 0.47802734 0.10156250 0.00000000
vt 0.47631836 0.10205078 0.00000000
vt 0.47265625 0.09985352 0.00000000
vt 0.45947266 0.11865234 0.00000000
vt 0.49511719 0.08349609 0.00000000
vt 0.49291992 0.08203125 0.00000000
vt 0.49511719 0.08227539 0.00000000
vt 0.49291992 0.08154297 0.00000000
vt 0.49340820 0.08105469 0.00000000
vt 0.49536133 0.07983398 0.00000000
vt 0.46606445 0.09667969 0.00000000
vt 0.47045898 0.10083008 0.00000000
vt 0.46923828 0.10083008 0.00000000
vt 0.46752930 0.09863281 0.00000000
vt 0.46630859 0.09765625 0.00000000
vt 0.46606445 0.09863281 0.00000000
vt 0.46582031 0.09838867 0.00000000
vt 0.44946289 0.08544922 0.00000000
vt 0.46093750 0.09619141 0.00000000
vt 0.46020508 0.09765625 0.00000000
vt 0.45825195 0.09863281 0.00000000
vt 0.45654297 0.09692383 0.00000000
vt 0.41943359 0.07470703 0.00000000
vt 0.43750000 0.08642578 0.00000000
vt 0.39086914 0.05957031 0.00000000
vt 0.42138672 0.14111328 0.00000000
vt 0.39599609 0.09082031 0.00000000
vt 0.44262695 0.08471680 0.00000000
vt 0.43920898 0.08300781 0.00000000
vt 0.43432617 0.08154297 0.00000000
vt 0.43212891 0.08203125 0.00000000
vt 0.42480469 0.08129883 0.00000000
vt 0.42138672 0.07934570 0.00000000
vt 0.41284180 0.07470703 0.00000000
vt 0.40942383 0.07275391 0.00000000
vt 0.40698242 0.07226562 0.00000000
vt 0.40527344 0.07250977 0.00000000
vt 0.40307617 0.07104492 0.00000000
vt 0.40283203 0.07153320 0.00000000
vt 0.40185547 0.07226562 0.00000000
vt 0.40161133 0.07202148 0.00000000
vt 0.40112305 0.07055664 0.00000000
vt 0.39819336 0.06884766 0.00000000
vt 0.39624023 0.06689453 0.00000000
vt 0.61083984 0.92724609 0.00000000
vt 0.56250000 0.94531250 0.00000000
vt 0.61279297 0.91430664 0.00000000
vt 0.62939453 0.91455078 0.00000000
vt 0.63183594 0.89721680 0.00000000
vt 0.66064453 0.84863281 0.00000000
vt 0.66577148 0.86425781 0.00000000
vt 0.64428711 0.91284180 0.00000000
vt 0.68676758 0.92236328 0.00000000
vt 0.71118164 0.83740234 0.00000000
vt 0.73657227 0.88989258 0.00000000
vt 0.72363281 0.94555664 0.00000000
vt 0.62963867 0.93090820 0.00000000
vt 0.61621094 0.92822266 0.00000000
vt 0.61328125 0.93164062 0.00000000
vt 0.61059570 0.92871094 0.00000000
vt 0.60961914 0.92871094 0.00000000
vt 0.60034180 0.93237305 0.00000000
vt 0.34204102 0.93505859 0.00000000
vt 0.31420898 0.95068359 0.00000000
vt 0.31152344 0.92333984 0.00000000
vt 0.29882812 0.94116211 0.00000000
vt 0.28881836 0.93432617 0.00000000
vt 0.30200195 0.94677734 0.00000000
vt 0.31201172 0.95117188 0.00000000
vt 0.30834961 0.94995117 0.00000000
vt 0.31176758 0.95751953 0.00000000
vt 0.30249023 0.94946289 0.00000000
vt 0.31250000 0.95141602 0.00000000
vt 0.31494141 0.95288086 0.00000000
vt 0.31591797 0.95336914 0.00000000
vt 0.31713867 0.95312500 0.00000000
vt 0.31713867 0.95361328 0.00000000
vt 0.31860352 0.95336914 0.00000000
vt 0.31884766 0.95336914 0.00000000
vt 0.32397461 0.95385742 0.00000000
vt 0.32397461 0.95410156 0.00000000
vt 0.32763672 0.95532227 0.00000000
vt 0.33374023 0.96484375 0.00000000
vt 0.31909180 0.99682617 0.00000000
vt 0.34936523 0.96215820 0.00000000
vt 0.35864258 0.98144531 0.00000000
vt 0.36840820 0.99780273 0.00000000
vt 0.34252930 0.96459961 0.00000000
vt 0.37426758 0.96166992 0.00000000
vt 0.34375000 0.96533203 0.00000000
vt 0.34448242 0.96435547 0.00000000
vt 0.36083984 0.96679688 0.00000000
vt 0.36254883 0.96728516 0.00000000
vt 0.37280273 0.96801758 0.00000000
vt 0.38159180 0.97436523 0.00000000
vt 0.38012695 0.96948242 0.00000000
vt 0.38403320 0.96875000 0.00000000
vt 0.37670898 0.96948242 0.00000000
vt 0.37768555 0.96948242 0.00000000
vt 0.37719727 0.96923828 0.00000000
vt 0.96997070 0.61718750 0.00000000
vt 0.96313477 0.67895508 0.00000000
vt 0.96142578 0.61108398 0.00000000
vt 0.98120117 0.61547852 0.00000000
vt 0.98437500 0.61694336 0.00000000
vt 0.98217773 0.61254883 0.00000000
vt 0.96435547 0.61108398 0.00000000
vt 0.96240234 0.59521484 0.00000000
vt 0.97485352 0.61352539 0.00000000
vt 0.96923828 0.61108398 0.00000000
vt 0.29321289 0.95361328 0.00000000
vt 0.29248047 0.95336914 0.00000000
vt 0.29418945 0.95166016 0.00000000
vt 0.28759766 0.95507812 0.00000000
vt 0.29199219 0.95336914 0.00000000
vt 0.29370117 0.95361328 0.00000000
vt 0.29467773 0.95385742 0.00000000
vt 0.29125977 0.95288086 0.00000000
vt 0.29150391 0.95214844 0.00000000
vt 0.29199219 0.95166016 0.00000000
vt 0.29003906 0.95166016 0.00000000
vt 0.29174805 0.95092773 0.00000000
vt 0.28515625 0.94091797 0.00000000
vt 0.29296875 0.95068359 0.00000000
vt 0.29223633 0.94848633 0.00000000
vt 0.29345703 0.94677734 0.00000000
vt 0.28173828 0.94824219 0.00000000
vt 0.27734375 0.96826172 0.00000000
vt 0.28027344 0.94775391 0.00000000
vt 0.27905273 0.94702148 0.00000000
vt 0.27587891 0.94555664 0.00000000
vt 0.77929688 0.03710938 0.00000000
vt 0.77441406 0.04077148 0.00000000
vt 0.78002930 0.03515625 0.00000000
vt 0.77905273 0.03735352 0.00000000
vt 0.77954102 0.03735352 0.00000000
vt 0.78247070 0.04394531 0.00000000
vt 0.77978516 0.03710938 0.00000000
vt 0.78027344 0.03588867 0.00000000
vt 0.78125000 0.03540039 0.00000000
vt 0.78344727 0.02978516 0.00000000
vt 0.78076172 0.03393555 0.00000000
vt 0.78076172 0.03320312 0.00000000
vt 0.78051758 0.03173828 0.00000000
vt 0.79467773 0.09301758 0.00000000
vt 0.79663086 0.10058594 0.00000000
vt 0.79345703 0.08837891 0.00000000
vt 0.79565430 0.09619141 0.00000000
vt 0.79638672 0.09667969 0.00000000
vt 0.79418945 0.09008789 0.00000000
vt 0.79687500 0.06323242 0.00000000
vt 0.79125977 0.08300781 0.00000000
vt 0.81567383 0.02880859 0.00000000
vt 0.81567383 0.03125000 0.00000000
vt 0.81542969 0.02832031 0.00000000
vt 0.13671875 0.97265625 0.00000000
vt 0.13647461 0.97290039 0.00000000
vt 0.13647461 0.96679688 0.00000000
vt 0.13598633 0.97216797 0.00000000
vt 0.59790039 0.02856445 0.00000000
vt 0.59863281 0.03125000 0.00000000
vt 0.59814453 0.03637695 0.00000000
vt 0.57031250 0.96777344 0.00000000
vt 0.57031250 0.97192383 0.00000000
vt 0.56860352 0.96972656 0.00000000
vt 0.99951172 0.14379883 0.00000000
vt 1.00000000 0.14379883 0.00000000
vt 0.99902344 0.16455078 0.00000000
vt 0.44824219 0.96704102 0.00000000
vt 0.44750977 0.96679688 0.00000000
vt 0.45336914 0.96264648 0.00000000
vt 0.44726562 0.96704102 0.00000000
vt 0.09301758 0.63964844 0.00000000
vt 0.15625000 0.66357422 0.00000000
vt 0.08764648 0.66503906 0.00000000
vt 0.02856445 0.64990234 0.00000000
vt 0.97021484 0.82861328 0.00000000
vt 0.97753906 0.82568359 0.00000000
vt 0.97485352 0.87915039 0.00000000
vt 0.03955078 0.90063477 0.00000000
vt 0.00756836 0.92065430 0.00000000
vt 0.00317383 0.90380859 0.00000000
vt 0.05419922 0.82739258 0.00000000
vt 0.01318359 0.84082031 0.00000000
vt 0.00366211 0.82641602 0.00000000
vt 0.98730469 0.71142578 0.00000000
vt 0.96997070 0.70312500 0.00000000
vt 0.98388672 0.63745117 0.00000000
vt 0.97827148 0.71801758 0.00000000
vt 0.98413086 0.71948242 0.00000000
vt 0.98803711 0.72021484 0.00000000
vt 0.82080078 0.76806641 0.00000000
vt 0.79736328 0.75512695 0.00000000
vt 0.73657227 0.72680664 0.00000000
vt 0.72631836 0.74316406 0.00000000
vt 0.71557617 0.76147461 0.00000000
vt 0.73828125 0.81347656 0.00000000
vt 0.70996094 0.80419922 0.00000000
vt 0.72460938 0.81616211 0.00000000
vt 0.70922852 0.81054688 0.00000000
vt 0.70605469 0.82128906 0.00000000
vt 0.70605469 0.83251953 0.00000000
vt 0.70483398 0.82617188 0.00000000
vt 0.70361328 0.82714844 0.00000000
vt 0.73168945 0.70922852 0.00000000
vt 0.70434570 0.83007812 0.00000000
vt 0.70434570 0.83032227 0.00000000
vt 0.70068359 0.83105469 0.00000000
vt 0.70483398 0.83105469 0.00000000
vt 0.70507812 0.83154297 0.00000000
vt 0.70532227 0.83227539 0.00000000
vt 0.73339844 0.70336914 0.00000000
vt 0.73266602 0.70361328 0.00000000
vt 0.73266602 0.70336914 0.00000000
vt 0.73291016 0.70239258 0.00000000
vt 0.73388672 0.69946289 0.00000000
vt 0.73364258 0.69921875 0.00000000
vt 0.73388672 0.69750977 0.00000000
vt 0.55712891 0.96289062 0.00000000
vt 0.55712891 0.94189453 0.00000000
vt 0.55883789 0.95996094 0.00000000
vt 0.43139648 0.95800781 0.00000000
vt 0.43139648 0.96972656 0.00000000
vt 0.43066406 0.95800781 0.00000000
vt 0.43750000 0.96264648 0.00000000
vt 0.43750000 0.96948242 0.00000000
vt 0.43701172 0.95703125 0.00000000
vt 0.00024414 0.41259766 0.00000000
vt 0.00024414 0.37915039 0.00000000
vt 0.08862305 0.34912109 0.00000000
vt 0.05224609 0.43725586 0.00000000
vt 0.00756836 0.45532227 0.00000000
vt 0.77221680 0.02734375 0.00000000
vt 0.77319336 0.02807617 0.00000000
vt 0.77221680 0.03198242 0.00000000
vt 0.53759766 0.05200195 0.00000000
vt 0.53540039 0.05200195 0.00000000
vt 0.53710938 0.03247070 0.00000000
vt 0.28955078 0.96948242 0.00000000
vt 0.29052734 0.96923828 0.00000000
vt 0.29321289 0.97143555 0.00000000
vt 0.29321289 0.96044922 0.00000000
vt 0.28857422 0.96850586 0.00000000
vt 0.28662109 0.96777344 0.00000000
vt 0.45825195 0.89648438 0.00000000
vt 0.44848633 0.90869141 0.00000000
vt 0.45654297 0.89306641 0.00000000
vt 0.45605469 0.89184570 0.00000000
vt 0.45825195 0.89672852 0.00000000
vt 0.45849609 0.89794922 0.00000000
vt 0.45898438 0.89892578 0.00000000
vt 0.45922852 0.90014648 0.00000000
vt 0.45361328 0.88720703 0.00000000
vt 0.40454102 0.89868164 0.00000000
vt 0.42871094 0.94555664 0.00000000
vt 0.44848633 0.87548828 0.00000000
vt 0.38183594 0.92431641 0.00000000
vt 0.40551758 0.88427734 0.00000000
vt 0.44628906 0.86791992 0.00000000
vt 0.41845703 0.81640625 0.00000000
vt 0.32812500 0.90063477 0.00000000
vt 0.36352539 0.94335938 0.00000000
vt 0.31958008 0.84912109 0.00000000
vt 0.37426758 0.79687500 0.00000000
vt 0.42382812 0.79174805 0.00000000
vt 0.26928711 0.85302734 0.00000000
vt 0.29370117 0.92431641 0.00000000
vt 0.26220703 0.84277344 0.00000000
vt 0.26147461 0.84277344 0.00000000
vt 0.26000977 0.83984375 0.00000000
vt 0.25537109 0.84033203 0.00000000
vt 0.15234375 0.96337891 0.00000000
vt 0.15234375 0.97070312 0.00000000
vt 0.15185547 0.96459961 0.00000000
vt 0.95458984 0.94262695 0.00000000
vt 0.95458984 0.96313477 0.00000000
vt 0.95336914 0.94506836 0.00000000
vt 0.03979492 0.96044922 0.00000000
vt 0.01733398 0.92333984 0.00000000
vt 0.04541016 0.90576172 0.00000000
vt 0.03198242 0.95605469 0.00000000
vt 0.04565430 0.96752930 0.00000000
vt 0.02514648 0.95263672 0.00000000
vt 0.00976562 0.97070312 0.00000000
vt 0.00830078 0.94799805 0.00000000
vt 0.00463867 0.93701172 0.00000000
vt 0.00219727 0.93627930 0.00000000
vt 0.00146484 0.93994141 0.00000000
vt 0.00097656 0.94165039 0.00000000
vt 0.00024414 0.94311523 0.00000000
vt 0.89868164 0.21630859 0.00000000
vt 0.93530273 0.18334961 0.00000000
vt 0.92065430 0.22265625 0.00000000
vt 0.89233398 0.23730469 0.00000000
vt 0.89062500 0.27270508 0.00000000
vt 0.89648438 0.19702148 0.00000000
vt 0.92065430 0.18676758 0.00000000
vt 0.93481445 0.17553711 0.00000000
vt 0.92993164 0.17578125 0.00000000
vt 0.92895508 0.17333984 0.00000000
vt 0.92480469 0.16772461 0.00000000
vt 0.85278320 0.16137695 0.00000000
vt 0.94653320 0.14257812 0.00000000
vt 0.95263672 0.65722656 0.00000000
vt 0.87963867 0.64111328 0.00000000
vt 0.95263672 0.60131836 0.00000000
vt 0.88647461 0.61987305 0.00000000
vt 0.95703125 0.72387695 0.00000000
vt 0.86230469 0.64916992 0.00000000
vt 0.86425781 0.69335938 0.00000000
vt 0.16259766 0.02832031 0.00000000
vt 0.16259766 0.03979492 0.00000000
vt 0.16235352 0.02880859 0.00000000
vt 0.58862305 0.19165039 0.00000000
vt 0.62280273 0.23242188 0.00000000
vt 0.56982422 0.20043945 0.00000000
vt 0.60986328 0.24218750 0.00000000
vt 0.60913086 0.19897461 0.00000000
vt 0.62841797 0.21606445 0.00000000
vt 0.65991211 0.21533203 0.00000000
vt 0.61547852 0.25415039 0.00000000
vt 0.64282227 0.23706055 0.00000000
vt 0.76269531 0.20434570 0.00000000
vt 0.62011719 0.24389648 0.00000000
vt 0.70629883 0.23608398 0.00000000
vt 0.62207031 0.24438477 0.00000000
vt 0.61914062 0.25732422 0.00000000
vt 0.62768555 0.27343750 0.00000000
vt 0.62353516 0.27075195 0.00000000
vt 0.66845703 0.27172852 0.00000000
vt 0.76049805 0.27832031 0.00000000
vt 0.76196289 0.26757812 0.00000000
vt 0.71899414 0.29833984 0.00000000
vt 0.63427734 0.33984375 0.00000000
vt 0.60766602 0.33691406 0.00000000
vt 0.61572266 0.28808594 0.00000000
vt 0.62524414 0.27246094 0.00000000
vt 0.83837891 0.26733398 0.00000000
vt 0.72021484 0.23632812 0.00000000
vt 0.83325195 0.24511719 0.00000000
vt 0.89013672 0.20898438 0.00000000
vt 0.88647461 0.22290039 0.00000000
vt 0.84497070 0.27319336 0.00000000
vt 0.86816406 0.24853516 0.00000000
vt 0.88134766 0.36376953 0.00000000
vt 0.98291016 0.11376953 0.00000000
vt 0.97241211 0.13745117 0.00000000
vt 0.96972656 0.13330078 0.00000000
vt 0.95751953 0.12353516 0.00000000
vt 0.94702148 0.13623047 0.00000000
vt 0.97241211 0.10693359 0.00000000
vt 0.92626953 0.13769531 0.00000000
vt 0.96606445 0.06640625 0.00000000
vt 0.92993164 0.08618164 0.00000000
vt 0.24658203 0.20166016 0.00000000
vt 0.22778320 0.21459961 0.00000000
vt 0.22924805 0.20556641 0.00000000
vt 0.30078125 0.17236328 0.00000000
vt 0.20507812 0.26562500 0.00000000
vt 0.18823242 0.24414062 0.00000000
vt 0.19067383 0.29956055 0.00000000
vt 0.16796875 0.28466797 0.00000000
vt 0.16406250 0.29736328 0.00000000
vt 0.17382812 0.27124023 0.00000000
vt 0.18725586 0.23413086 0.00000000
vt 0.15112305 0.28808594 0.00000000
vt 0.17724609 0.22119141 0.00000000
vt 0.17382812 0.21801758 0.00000000
vt 0.17407227 0.21850586 0.00000000
vt 0.17675781 0.21679688 0.00000000
vt 0.18090820 0.22021484 0.00000000
vt 0.18090820 0.21972656 0.00000000
vt 0.18139648 0.21997070 0.00000000
vt 0.18261719 0.21923828 0.00000000
vt 0.18603516 0.21142578 0.00000000
vt 0.16381836 0.16674805 0.00000000
vt 0.17333984 0.19458008 0.00000000
vt 0.14013672 0.17260742 0.00000000
vt 0.17431641 0.20263672 0.00000000
vt 0.17944336 0.20483398 0.00000000
vt 0.17968750 0.20751953 0.00000000
vt 0.17871094 0.20751953 0.00000000
vt 0.00000000 0.95532227 0.00000000
vt 0.00097656 0.95141602 0.00000000
vt 0.00073242 0.96435547 0.00000000
vt 0.00097656 0.96533203 0.00000000
vt 0.18334961 0.02929688 0.00000000
vt 0.18334961 0.03027344 0.00000000
vt 0.18066406 0.03784180 0.00000000
vt 0.17993164 0.03417969 0.00000000
vt 0.18334961 0.03540039 0.00000000
vt 0.18359375 0.02929688 0.00000000
vt 0.99975586 0.29003906 0.00000000
vt 0.99975586 0.31054688 0.00000000
vt 0.99926758 0.28393555 0.00000000
vt 0.99682617 0.96655273 0.00000000
vt 0.99682617 0.97192383 0.00000000
vt 0.99584961 0.96777344 0.00000000
vt 0.52661133 0.02954102 0.00000000
vt 0.52661133 0.03857422 0.00000000
vt 0.52563477 0.02954102 0.00000000
vt 0.99975586 0.07275391 0.00000000
vt 0.99975586 0.08984375 0.00000000
vt 0.99902344 0.07299805 0.00000000
vt 0.38891602 0.94970703 0.00000000
vt 0.41894531 0.97436523 0.00000000
vt 0.38891602 0.97924805 0.00000000
vt 0.38940430 0.94335938 0.00000000
vt 0.41992188 0.95483398 0.00000000
vt 0.39404297 0.93750000 0.00000000
vt 0.00878906 0.72924805 0.00000000
vt 0.00878906 0.62866211 0.00000000
vt 0.04345703 0.68798828 0.00000000
vt 0.14697266 0.96801758 0.00000000
vt 0.14672852 0.97167969 0.00000000
vt 0.14672852 0.96826172 0.00000000
vt 0.98754883 0.94482422 0.00000000
vt 0.98754883 0.92260742 0.00000000
vt 0.99096680 0.93554688 0.00000000
vt 0.99047852 0.93017578 0.00000000
vt 0.98828125 0.91333008 0.00000000
vt 0.98876953 0.94189453 0.00000000
vt 0.98828125 0.94409180 0.00000000
vt 0.99121094 0.93823242 0.00000000
vt 0.99340820 0.94018555 0.00000000
vt 0.99145508 0.93457031 0.00000000
vt 0.99169922 0.93554688 0.00000000
vt 0.99462891 0.93652344 0.00000000
vt 0.99536133 0.91015625 0.00000000
vt 0.98803711 0.88671875 0.00000000
vt 1.00000000 0.87646484 0.00000000
vt 0.99633789 0.92700195 0.00000000
vt 0.98754883 0.88916016 0.00000000
vt 0.98583984 0.88891602 0.00000000
vt 0.97924805 0.88330078 0.00000000
vt 0.98852539 0.88452148 0.00000000
vt 0.98266602 0.88671875 0.00000000
vt 0.98510742 0.88940430 0.00000000
vt 0.98071289 0.88549805 0.00000000
vt 0.97558594 0.95703125 0.00000000
vt 0.97290039 0.96557617 0.00000000
vt 0.96752930 0.95532227 0.00000000
vt 0.97412109 0.95532227 0.00000000
vt 0.97290039 0.95043945 0.00000000
vt 0.97583008 0.96582031 0.00000000
vt 0.97021484 0.96801758 0.00000000
vt 0.97241211 0.96484375 0.00000000
vt 0.96826172 0.96948242 0.00000000
vt 0.97875977 0.95434570 0.00000000
vt 0.97631836 0.95556641 0.00000000
vt 0.97753906 0.95385742 0.00000000
vt 0.97875977 0.94482422 0.00000000
vt 0.98413086 0.95043945 0.00000000
vt 0.98779297 0.95410156 0.00000000
vt 0.98803711 0.95336914 0.00000000
vt 0.98461914 0.95971680 0.00000000
vt 0.99218750 0.96020508 0.00000000
vt 0.98925781 0.96972656 0.00000000
vt 0.99096680 0.95263672 0.00000000
vt 0.99218750 0.95434570 0.00000000
vt 0.99267578 0.94995117 0.00000000
vt 0.99243164 0.94970703 0.00000000
vt 0.99072266 0.95214844 0.00000000
vt 0.02905273 0.73510742 0.00000000
vt 0.04345703 0.73876953 0.00000000
vt 0.02343750 0.81958008 0.00000000
vt 0.03955078 0.73681641 0.00000000
vt 0.04223633 0.73754883 0.00000000
vt 0.04370117 0.73828125 0.00000000
vt 0.04467773 0.73608398 0.00000000
vt 0.04296875 0.73535156 0.00000000
vt 0.04516602 0.73437500 0.00000000
vt 0.04589844 0.73388672 0.00000000
vt 0.04125977 0.73559570 0.00000000
vt 0.03930664 0.73632812 0.00000000
vt 0.04199219 0.73364258 0.00000000
vt 0.03198242 0.72021484 0.00000000
vt 0.02099609 0.72753906 0.00000000
vt 0.03906250 0.72802734 0.00000000
vt 0.04199219 0.73095703 0.00000000
vt 0.02856445 0.71972656 0.00000000
vt 0.02246094 0.72485352 0.00000000
vt 0.10717773 0.96191406 0.00000000
vt 0.10180664 0.96020508 0.00000000
vt 0.11132812 0.96289062 0.00000000
vt 0.10839844 0.97070312 0.00000000
vt 0.21508789 0.02832031 0.00000000
vt 0.21508789 0.03125000 0.00000000
vt 0.21435547 0.02856445 0.00000000
vt 0.99487305 0.84448242 0.00000000
vt 0.99804688 0.79931641 0.00000000
vt 1.00000000 0.86083984 0.00000000
vt 0.99072266 0.84887695 0.00000000
vt 0.99951172 0.34692383 0.00000000
vt 0.99975586 0.35424805 0.00000000
vt 0.99975586 0.37377930 0.00000000
vt 0.99926758 0.35961914 0.00000000
vt 0.98291016 0.82885742 0.00000000
vt 0.98291016 0.87792969 0.00000000
vt 0.98144531 0.85498047 0.00000000
vt 0.79931641 0.96899414 0.00000000
vt 0.80029297 0.96777344 0.00000000
vt 0.80078125 0.96972656 0.00000000
vt 0.79907227 0.96899414 0.00000000
vt 0.80151367 0.96923828 0.00000000
vt 0.80200195 0.97045898 0.00000000
vt 0.80468750 0.96337891 0.00000000
vt 0.79833984 0.96606445 0.00000000
vt 0.80395508 0.96435547 0.00000000
vt 0.80200195 0.97070312 0.00000000
vt 0.80249023 0.97070312 0.00000000
vt 0.99951172 0.33496094 0.00000000
vt 0.99951172 0.34228516 0.00000000
vt 0.99926758 0.32958984 0.00000000
vt 0.99975586 0.31542969 0.00000000
vt 0.51831055 0.03295898 0.00000000
vt 0.52124023 0.04150391 0.00000000
vt 0.51757812 0.05249023 0.00000000
vt 0.96582031 0.35888672 0.00000000
vt 0.98095703 0.32568359 0.00000000
vt 0.98925781 0.33349609 0.00000000
vt 0.99145508 0.40869141 0.00000000
vt 0.96948242 0.40112305 0.00000000
vt 0.96655273 0.39453125 0.00000000
vt 0.96582031 0.38183594 0.00000000
vt 0.97338867 0.33959961 0.00000000
vt 0.98120117 0.32397461 0.00000000
vt 0.98193359 0.97021484 0.00000000
vt 0.98193359 0.97143555 0.00000000
vt 0.98144531 0.97021484 0.00000000
vt 0.10058594 0.02758789 0.00000000
vt 0.10107422 0.02734375 0.00000000
vt 0.10083008 0.02978516 0.00000000
vt 0.29956055 0.95581055 0.00000000
vt 0.29956055 0.96850586 0.00000000
vt 0.29809570 0.96313477 0.00000000
vt 0.80200195 0.06396484 0.00000000
vt 0.80419922 0.09008789 0.00000000
vt 0.80200195 0.09863281 0.00000000

# 1068 vertex normals
vn 1.00000000 0.00000000 -0.04724409
vn 0.98425198 0.00787402 0.15748031
vn 0.78740156 0.00000000 0.61417323
vn 0.99212599 -0.01574803 -0.11023622
vn 0.99212599 0.00000000 -0.09448819
vn 0.98425198 0.00787402 -0.16535433
vn 1.00000000 -0.03149606 -0.06299213
vn 1.00000000 0.01574803 -0.06299213
vn -0.08661418 0.00000000 0.99212599
vn -0.14173228 0.00000000 0.99212599
vn -0.14960630 0.00000000 0.99212599
vn 0.55905509 -0.03149606 0.82677168
vn -0.14173228 -0.07086614 0.98425198
vn -0.03937008 -0.12598425 0.99212599
vn -0.07874016 -0.21259843 0.97637796
vn -0.05511811 0.01574803 1.00000000
vn 0.57480317 0.01574803 0.81889760
vn 1.00000000 -0.01574803 -0.00787402
vn 0.99212599 0.04724409 -0.11023622
vn 1.00000000 -0.03937008 -0.06299213
vn 0.99212599 -0.12598425 -0.02362205
vn 0.99212599 -0.03937008 -0.08661418
vn 0.99212599 -0.11023622 -0.07086614
vn 0.26771653 -0.69291341 0.66929132
vn 0.88976377 -0.39370078 0.24409449
vn 0.96062994 -0.25196850 0.09448819
vn 0.99212599 0.00787402 -0.11023622
vn 0.99212599 0.07086614 -0.12598425
vn 0.99212599 -0.03937008 -0.14173228
vn 0.98425198 0.17322835 0.00787402
vn 0.99212599 0.05511811 -0.09448819
vn 0.99212599 0.03937008 -0.14173228
vn 0.99212599 0.05511811 -0.11811024
vn 0.99212599 0.11811024 -0.00787402
vn 0.98425198 0.05511811 -0.14173228
vn 0.98425198 0.04724409 -0.18897638
vn 0.99212599 0.09448819 0.00000000
vn 0.96062994 -0.28346455 -0.03149606
vn -0.03937008 -0.89763778 0.44094488
vn -0.07874016 0.07874016 0.99212599
vn -0.07086614 0.07874016 0.99212599
vn 1.00000000 0.05511811 -0.06299213
vn 1.00000000 0.07874016 -0.04724409
vn 0.98425198 0.16535433 0.01574803
vn 0.99212599 0.12598425 0.00787402
vn 0.99212599 0.12598425 0.00000000
vn 0.99212599 0.10236220 0.00000000
vn 0.14173228 -0.99212599 0.00787402
vn 0.98425198 -0.18110237 -0.00787402
vn 0.96062994 -0.28346455 0.01574803
vn -0.18110237 -0.98425198 0.00787402
vn 0.99212599 -0.13385826 0.00000000
vn 0.38582677 -0.92125982 0.00000000
vn 0.07086614 -1.00000000 0.01574803
vn -0.64566928 -0.76377952 -0.02362205
vn -0.29133859 -0.96062994 -0.00787402
vn -0.15748031 -0.98425198 -0.00787402
vn -0.14960630 -0.99212599 0.00000000
vn 0.04724409 1.00000000 0.07086614
vn 0.00000000 0.07874016 1.00000000
vn -0.00787402 0.21259843 0.97637796
vn 0.49606299 -0.12598425 0.85826772
vn -0.00787402 -0.77165353 0.63779527
vn 0.23622048 -0.96850395 0.07086614
vn 0.00000000 -0.97637796 -0.20472440
vn 0.00000000 -0.12598425 0.99212599
vn 0.00787402 -0.98425198 -0.17322835
vn 0.00000000 -0.31496063 0.94488192
vn -0.00787402 0.14173228 0.99212599
vn 0.00000000 0.15748031 0.98425198
vn 0.00787402 0.17322835 0.98425198
vn 0.00000000 0.18897638 0.98425198
vn -0.12598425 -0.99212599 -0.04724409
vn -0.03937008 -0.99212599 -0.11023622
vn -0.00787402 -0.98425198 -0.15748031
vn 0.00000000 -0.98425198 -0.16535433
vn -0.05511811 -0.99212599 -0.08661418
vn -0.17322835 -0.98425198 0.02362205
vn -0.12598425 0.00787402 0.99212599
vn -0.16535433 0.03149606 0.98425198
vn -0.14960630 0.03149606 0.99212599
vn -0.11811024 0.03149606 0.99212599
vn -0.13385826 0.05511811 0.99212599
vn -0.02362205 -0.07874016 1.00000000
vn 0.05511811 0.07086614 0.99212599
vn 0.07086614 0.10236220 0.99212599
vn 0.17322835 0.00000000 0.98425198
vn -0.08661418 0.02362205 0.99212599
vn -0.03937008 -0.03937008 1.00000000
vn 0.00000000 -0.11023622 0.99212599
vn -0.14173228 0.04724409 0.99212599
vn -0.14960630 -0.03937008 0.98425198
vn -0.04724409 -0.94488192 0.33070865
vn -0.12598425 0.03937008 0.99212599
vn -0.06299213 -0.94488192 0.32283464
vn -0.11811024 0.03937008 0.99212599
vn -0.13385826 0.08661418 0.98425198
vn 0.02362205 1.00000000 0.00787402
vn -0.22834645 -0.97637796 0.00000000
vn -0.16535433 -0.98425198 0.00787402
vn -0.15748031 -0.98425198 0.00000000
vn -0.17322835 -0.98425198 -0.01574803
vn -0.77952754 -0.62992126 0.02362205
vn -0.00787402 -1.00000000 0.06299213
vn -0.05511811 -1.00000000 0.05511811
vn -0.03149606 -1.00000000 0.05511811
vn -0.01574803 -1.00000000 0.04724409
vn 0.00000000 -1.00000000 -0.02362205
vn -0.43307087 -0.89763778 0.00000000
vn -0.81889760 -0.56692910 -0.03149606
vn -0.32283464 -0.94488192 0.00000000
vn -0.25196850 -0.96850395 -0.01574803
vn 0.99212599 0.07086614 -0.11023622
vn 0.97637796 0.03937008 -0.20472440
vn 0.99212599 0.07086614 -0.09448819
vn 0.99212599 0.07874016 -0.12598425
vn 0.98425198 0.08661418 -0.14173228
vn 0.98425198 0.08661418 -0.12598425
vn 0.98425198 0.10236220 -0.14960630
vn 1.00000000 -0.03149606 -0.03937008
vn 1.00000000 -0.06299213 -0.02362205
vn 0.94488192 -0.00787402 -0.33858266
vn 0.98425198 0.10236220 -0.14173228
vn 0.98425198 0.12598425 -0.13385826
vn 0.74015749 0.12598425 0.66141731
vn 0.50393701 0.02362205 0.85826772
vn 0.40944880 -0.36220473 -0.83464569
vn 0.71653545 0.70078743 0.00000000
vn 0.36220473 -0.92913383 0.07874016
vn 0.36220473 0.92913383 -0.03937008
vn 0.32283464 -0.93700784 0.14173228
vn -0.62992126 0.75590551 -0.16535433
vn -0.36220473 0.92913383 -0.07874016
vn 0.65354329 0.75590551 0.01574803
vn 0.00000000 -1.00000000 0.02362205
vn -0.03149606 -0.98425198 -0.17322835
vn -0.09448819 -0.99212599 0.04724409
vn -0.11811024 -0.99212599 0.03149606
vn -0.05511811 -0.99212599 0.09448819
vn 0.00787402 -0.98425198 0.16535433
vn 0.00787402 -0.98425198 0.17322835
vn 0.05511811 -0.99212599 0.08661418
vn 0.21259843 -0.96062994 0.18897638
vn -0.09448819 -0.99212599 0.02362205
vn 0.17322835 -0.98425198 0.00787402
vn 0.12598425 -0.97637796 0.16535433
vn 0.10236220 -0.99212599 -0.02362205
vn -0.03149606 -0.98425198 -0.14960630
vn 0.09448819 -0.95275593 -0.28346455
vn 0.11811024 -0.97637796 -0.17322835
vn -0.11023622 -0.97637796 -0.17322835
vn 0.33858266 0.93700784 0.06299213
vn 1.00000000 -0.03149606 -0.04724409
vn 1.00000000 -0.03149606 -0.02362205
vn -0.98425198 -0.08661418 0.14173228
vn 0.94488192 -0.25984251 0.21259843
vn 0.97637796 0.10236220 -0.18110237
vn 0.98425198 0.08661418 -0.15748031
vn 0.99212599 0.00787402 -0.14960630
vn 0.92913383 -0.35433072 -0.11023622
vn 0.97637796 -0.20472440 -0.07874016
vn 0.98425198 0.18897638 0.02362205
vn 0.98425198 0.17322835 0.01574803
vn 0.98425198 0.19685039 0.02362205
vn 0.97637796 0.19685039 0.03937008
vn 0.97637796 0.19685039 0.03149606
vn 0.99212599 0.11023622 -0.00787402
vn 0.99212599 0.14960630 -0.01574803
vn 1.00000000 0.02362205 0.04724409
vn 0.82677168 -0.54330707 -0.14173228
vn 0.98425198 -0.16535433 0.10236220
vn 0.99212599 0.05511811 0.08661418
vn 1.00000000 -0.04724409 0.00000000
vn 0.99212599 0.00000000 0.14173228
vn 0.92913383 0.00000000 -0.37795275
vn 1.00000000 -0.02362205 0.07086614
vn 0.98425198 0.00000000 0.17322835
vn 0.97637796 -0.12598425 -0.18110237
vn 0.96850395 -0.22834645 -0.10236220
vn 0.56692910 0.76377952 -0.29921260
vn 0.92125982 -0.34645671 -0.18110237
vn 0.98425198 -0.14960630 -0.11023622
vn 0.97637796 -0.08661418 -0.18110237
vn 0.99212599 -0.12598425 -0.03937008
vn 0.53543305 0.84251970 -0.06299213
vn -0.14173228 -0.99212599 -0.00787402
vn -0.24409449 -0.96850395 0.00787402
vn 0.14960630 -0.98425198 -0.06299213
vn 0.96850395 0.14960630 -0.19685039
vn 0.56692910 0.56692910 -0.59055120
vn 0.98425198 -0.14960630 0.07086614
vn 0.98425198 0.18897638 -0.01574803
vn 0.95275593 -0.23622048 0.18110237
vn 0.97637796 -0.18897638 0.13385826
vn 0.98425198 -0.14173228 0.08661418
vn 0.98425198 -0.16535433 0.09448819
vn 0.99212599 -0.11811024 0.07874016
vn 0.99212599 -0.05511811 -0.12598425
vn 0.98425198 -0.11811024 0.10236220
vn 0.98425198 -0.14173228 0.07086614
vn 0.98425198 -0.15748031 -0.00787402
vn -0.03149606 0.00787402 1.00000000
vn 0.95275593 -0.03937008 0.29133859
vn 0.98425198 -0.17322835 0.07086614
vn -0.11811024 0.02362205 0.99212599
vn 0.97637796 -0.11811024 0.17322835
vn -0.01574803 -0.03149606 1.00000000
vn 0.15748031 0.00000000 0.98425198
vn -0.82677168 0.00000000 0.55905509
vn -0.82677168 -0.02362205 -0.55905509
vn 0.14960630 0.00000000 0.99212599
vn 0.02362205 0.12598425 0.99212599
vn -0.96062994 -0.02362205 -0.28346455
vn -1.00000000 0.00000000 -0.08661418
vn -0.99212599 0.00000000 -0.08661418
vn -0.95275593 -0.11811024 0.27559054
vn -1.00000000 0.05511811 -0.04724409
vn -0.89763778 -0.39370078 0.18897638
vn 0.00000000 -0.96850395 0.25196850
vn 0.00787402 -0.90551180 0.43307087
vn -0.13385826 -0.99212599 0.06299213
vn 0.03149606 -0.99212599 -0.11023622
vn -0.49606299 -0.86614174 0.06299213
vn 0.16535433 -0.98425198 0.00787402
vn 0.19685039 -0.98425198 0.00000000
vn 0.14960630 -0.99212599 0.00000000
vn 0.14960630 -0.99212599 0.00787402
vn 0.14173228 -0.99212599 0.00000000
vn 0.17322835 -0.98425198 0.02362205
vn 0.13385826 -0.99212599 0.00787402
vn 0.16535433 -0.98425198 0.00000000
vn 0.05511811 -0.99212599 -0.10236220
vn 0.08661418 -0.99212599 -0.05511811
vn -0.02362205 -0.98425198 -0.16535433
vn 0.01574803 -1.00000000 0.00000000
vn -0.05511811 -0.83464569 -0.55118108
vn 0.00787402 -0.95275593 -0.31496063
vn 0.00787402 -1.00000000 -0.07874016
vn -0.09448819 -0.99212599 0.06299213
vn 0.00787402 -0.99212599 -0.12598425
vn -0.02362205 -0.92913383 -0.36220473
vn 0.01574803 -1.00000000 -0.03937008
vn -0.85826772 0.35433072 0.37007874
vn 0.00000000 -0.00787402 1.00000000
vn -0.92125982 0.38582677 0.01574803
vn 0.14173228 0.00000000 0.99212599
vn 0.17322835 0.00787402 0.98425198
vn -0.88188976 0.00787402 0.46456692
vn -1.00000000 -0.02362205 -0.03149606
vn -1.00000000 -0.01574803 -0.00787402
vn 0.20472440 0.03149606 0.97637796
vn 0.09448819 -0.04724409 0.99212599
vn 0.10236220 -0.03937008 0.99212599
vn 0.01574803 -0.11023622 0.99212599
vn 0.00000000 -0.11811024 0.99212599
vn 0.04724409 -0.08661418 0.99212599
vn -0.04724409 -0.14173228 0.99212599
vn 0.18897638 0.01574803 0.98425198
vn -0.83464569 0.28346455 0.47244096
vn 0.00000000 0.01574803 1.00000000
vn -0.04724409 -0.11811024 0.99212599
vn 0.17322835 0.97637796 -0.11023622
vn -0.76377952 0.64566928 0.01574803
vn -1.00000000 -0.07086614 -0.02362205
vn -0.99212599 0.03937008 -0.10236220
vn 0.00787402 0.99212599 0.12598425
vn -0.02362205 0.99212599 -0.14173228
vn -0.06299213 0.94488192 0.33070865
vn -0.10236220 0.99212599 -0.03937008
vn 0.04724409 0.97637796 -0.20472440
vn 0.05511811 0.98425198 -0.18110237
vn -0.13385826 -0.01574803 0.99212599
vn 0.07086614 0.01574803 1.00000000
vn -0.32283464 -0.23622048 0.91338581
vn 0.04724409 -0.01574803 1.00000000
vn 0.00787402 -0.09448819 0.99212599
vn -0.14960630 -0.34645671 0.92125982
vn -0.14173228 -0.21259843 0.96850395
vn 0.33070865 0.60629922 0.72440946
vn -0.27559054 -0.39370078 0.87401575
vn -0.37007874 -0.33858266 0.86614174
vn -0.41732284 -0.30708662 0.85826772
vn 0.96062994 -0.12598425 0.24409449
vn -0.28346455 -0.93700784 -0.19685039
vn 0.00000000 0.41732284 0.90551180
vn -0.30708662 0.55905509 0.76377952
vn -0.00787402 -0.97637796 0.21259843
vn -0.24409449 -0.53543305 0.81102359
vn 0.66141731 -0.28346455 0.69291341
vn 0.97637796 -0.10236220 0.18897638
vn -0.30708662 -0.38582677 0.87401575
vn -0.91338581 0.17322835 -0.37007874
vn -0.96062994 0.11023622 -0.25984251
vn -0.99212599 0.11811024 0.00787402
vn -0.98425198 0.16535433 0.01574803
vn -1.00000000 -0.03149606 -0.06299213
vn -0.99212599 -0.07874016 -0.03937008
vn -0.88188976 -0.38582677 0.26771653
vn -0.87401575 -0.39370078 0.27559054
vn -0.86614174 -0.40157479 0.29133859
vn -0.99212599 -0.10236220 0.01574803
vn -0.88188976 -0.41732284 0.20472440
vn -0.98425198 -0.17322835 0.00787402
vn -1.00000000 -0.00787402 -0.02362205
vn -0.99212599 -0.08661418 -0.06299213
vn -1.00000000 0.04724409 -0.06299213
vn -0.96850395 -0.22047244 -0.07874016
vn -0.99212599 0.09448819 0.03937008
vn -0.99212599 -0.07086614 -0.11023622
vn -0.98425198 -0.11811024 -0.14960630
vn -0.83464569 -0.54330707 -0.07874016
vn -0.98425198 0.05511811 -0.14960630
vn -0.99212599 -0.11811024 0.04724409
vn -0.98425198 -0.14173228 0.09448819
vn -1.00000000 -0.08661418 -0.00787402
vn -0.92125982 0.38582677 0.07874016
vn -0.97637796 0.11811024 -0.16535433
vn -0.99212599 0.06299213 -0.13385826
vn -0.98425198 0.11023622 -0.14960630
vn -0.38582677 -0.92125982 -0.06299213
vn -0.99212599 0.01574803 -0.09448819
vn -0.08661418 -0.99212599 -0.01574803
vn -0.99212599 -0.01574803 -0.14960630
vn -0.98425198 0.07874016 -0.14173228
vn -0.53543305 -0.84251970 -0.07874016
vn -0.98425198 0.08661418 -0.13385826
vn -0.98425198 0.08661418 -0.14173228
vn -1.00000000 -0.03937008 -0.03149606
vn -0.99212599 0.07086614 -0.12598425
vn -0.99212599 0.07086614 -0.11023622
vn -0.99212599 0.06299213 -0.09448819
vn -0.99212599 0.06299213 -0.10236220
vn -0.99212599 0.04724409 -0.09448819
vn -0.99212599 0.05511811 -0.09448819
vn -0.99212599 0.03937008 -0.07874016
vn -1.00000000 0.03937008 -0.07086614
vn -0.93700784 -0.35433072 0.00787402
vn 0.19685039 -0.97637796 -0.00787402
vn -1.00000000 -0.02362205 0.00787402
vn -0.99212599 0.10236220 0.00000000
vn -0.99212599 0.14960630 -0.00787402
vn 0.20472440 -0.97637796 -0.00787402
vn -0.00787402 -1.00000000 -0.00787402
vn 0.17322835 -0.98425198 0.00000000
vn 0.18897638 -0.98425198 0.00787402
vn 0.22834645 -0.97637796 0.00787402
vn -0.18897638 -0.98425198 0.00787402
vn 0.76377952 -0.09448819 0.64566928
vn -0.92913383 -0.37007874 0.03149606
vn -0.96850395 0.18897638 -0.14173228
vn -0.98425198 0.09448819 -0.14960630
vn 0.08661418 1.00000000 0.01574803
vn -0.74803150 -0.66141731 -0.11811024
vn -0.09448819 -0.99212599 -0.02362205
vn -0.99212599 0.14960630 0.00787402
vn -0.98425198 0.17322835 0.00000000
vn -0.98425198 0.18897638 0.02362205
vn -0.81889760 -0.55905509 -0.12598425
vn 0.21259843 0.97637796 0.03937008
vn 0.03937008 1.00000000 0.00787402
vn 0.39370078 -0.92125982 -0.01574803
vn 0.11811024 0.99212599 -0.08661418
vn -0.85826772 -0.46456692 0.22834645
vn 0.98425198 0.01574803 0.17322835
vn 1.00000000 -0.04724409 0.00787402
vn 0.99212599 0.00787402 0.13385826
vn -0.00787402 -0.98425198 0.16535433
vn 0.01574803 -0.98425198 0.17322835
vn 0.00000000 -0.96062994 -0.28346455
vn -0.00787402 -0.64566928 -0.76377952
vn 0.00000000 0.11811024 -0.99212599
vn 0.00787402 0.03149606 -1.00000000
vn 0.01574803 -0.97637796 0.22047244
vn 0.05511811 -0.96062994 0.25984251
vn 0.06299213 -0.88976377 0.45669290
vn 0.04724409 -0.02362205 -1.00000000
vn -0.07874016 0.05511811 -0.99212599
vn -0.05511811 0.10236220 -0.99212599
vn 0.08661418 -0.02362205 -0.99212599
vn -0.01574803 -0.97637796 0.23622048
vn 0.02362205 -1.00000000 0.05511811
vn 0.20472440 -0.78740156 -0.57480317
vn 0.06299213 0.49606299 -0.86614174
vn 0.08661418 -0.97637796 0.21259843
vn -0.24409449 -0.45669290 0.85039371
vn -0.01574803 -1.00000000 0.00787402
vn 0.00000000 1.00000000 -0.00787402
vn -0.00787402 0.02362205 -1.00000000
vn 0.00787402 -0.07086614 -1.00000000
vn -0.06299213 -0.05511811 -1.00000000
vn 0.00787402 -0.11023622 -0.99212599
vn 0.00787402 -0.12598425 -0.99212599
vn 0.06299213 -0.04724409 -1.00000000
vn 0.00000000 -0.12598425 -0.99212599
vn 0.06299213 -0.05511811 -1.00000000
vn 0.17322835 -0.00787402 -0.98425198
vn 0.11023622 -0.08661418 -0.99212599
vn 0.20472440 0.07874016 -0.97637796
vn 0.20472440 0.06299213 -0.97637796
vn 0.04724409 -0.07874016 -1.00000000
vn -0.00787402 -0.10236220 -0.99212599
vn 0.11811024 -0.07874016 -0.99212599
vn 0.07874016 0.07874016 -0.99212599
vn 0.12598425 -0.02362205 -0.99212599
vn 0.18897638 0.06299213 -0.97637796
vn 0.18897638 0.04724409 -0.98425198
vn 0.15748031 0.03149606 -0.98425198
vn 0.06299213 0.00787402 -1.00000000
vn 0.07874016 -0.01574803 -1.00000000
vn 0.07874016 -0.08661418 -0.99212599
vn 0.16535433 0.03937008 -0.98425198
vn 0.16535433 0.03149606 -0.98425198
vn 0.15748031 0.04724409 -0.98425198
vn 0.09448819 0.07874016 -0.99212599
vn 0.32283464 0.03149606 -0.94488192
vn 0.38582677 0.02362205 -0.92125982
vn 0.18110237 0.05511811 -0.98425198
vn 0.17322835 0.03149606 -0.98425198
vn 0.16535433 -0.06299213 -0.98425198
vn 0.16535433 0.21259843 -0.96062994
vn -0.17322835 -0.07086614 0.98425198
vn -0.13385826 -0.05511811 -0.99212599
vn 0.00000000 0.19685039 -0.97637796
vn -0.00787402 0.20472440 -0.97637796
vn 0.00787402 0.22834645 -0.97637796
vn 0.00787402 0.18110237 -0.98425198
vn -0.00787402 0.16535433 -0.98425198
vn -0.00787402 1.00000000 -0.03149606
vn -0.17322835 0.05511811 -0.98425198
vn -0.18110237 0.06299213 -0.98425198
vn -0.07874016 -0.03937008 -0.99212599
vn -0.14173228 -0.03937008 -0.99212599
vn -0.10236220 -0.03937008 -0.99212599
vn -0.07086614 -0.06299213 -0.99212599
vn 0.01574803 -0.12598425 -0.99212599
vn -0.00787402 -0.11811024 -0.99212599
vn -0.16535433 0.03149606 -0.98425198
vn -0.09448819 0.00000000 -0.99212599
vn -0.16535433 0.07086614 -0.98425198
vn -0.09448819 0.81889760 -0.57480317
vn -0.00787402 -1.00000000 -0.07874016
vn -0.16535433 0.04724409 -0.98425198
vn 0.00787402 -0.99212599 0.09448819
vn -0.02362205 -1.00000000 -0.07086614
vn -0.00787402 0.99212599 -0.09448819
vn -0.17322835 0.06299213 -0.98425198
vn -0.18110237 0.05511811 -0.98425198
vn -0.17322835 0.04724409 -0.98425198
vn -0.13385826 -0.92913383 -0.35433072
vn -0.13385826 -0.00787402 -0.99212599
vn -0.11023622 0.00787402 -0.99212599
vn 0.00787402 -0.73228347 0.67716533
vn -0.07874016 -0.99212599 0.11023622
vn -0.00787402 -0.87401575 -0.48818898
vn 0.06299213 -0.99212599 0.10236220
vn -0.02362205 -0.98425198 0.16535433
vn -0.89763778 -0.44094488 0.06299213
vn -0.99212599 0.02362205 -0.09448819
vn -0.93700784 0.35433072 0.06299213
vn -0.91338581 0.33070865 -0.22834645
vn -1.00000000 -0.00787402 0.03149606
vn -0.99212599 -0.14173228 -0.03937008
vn -1.00000000 -0.06299213 0.02362205
vn -0.97637796 -0.15748031 0.12598425
vn -0.98425198 -0.14960630 0.08661418
vn -1.00000000 -0.04724409 0.03937008
vn -0.95275593 -0.22834645 0.20472440
vn -0.98425198 -0.14173228 0.12598425
vn -0.99212599 -0.12598425 0.07874016
vn -1.00000000 -0.03149606 -0.04724409
vn -1.00000000 -0.07874016 0.02362205
vn -0.99212599 -0.10236220 0.05511811
vn -0.99212599 -0.08661418 0.06299213
vn -0.99212599 -0.09448819 0.04724409
vn -0.99212599 -0.11811024 -0.07086614
vn -0.99212599 -0.07874016 0.07874016
vn 0.56692910 0.04724409 0.81889760
vn -1.00000000 -0.07086614 0.03937008
vn -1.00000000 -0.06299213 0.04724409
vn -1.00000000 -0.07086614 0.02362205
vn -0.98425198 -0.16535433 0.10236220
vn -0.99212599 0.00787402 0.09448819
vn -0.97637796 -0.19685039 -0.07874016
vn -0.99212599 -0.14960630 0.00000000
vn -0.99212599 -0.14960630 0.00787402
vn -0.97637796 -0.12598425 0.17322835
vn 0.10236220 0.05511811 -0.99212599
vn -1.00000000 -0.03149606 0.02362205
vn 0.14173228 0.06299213 -0.98425198
vn -0.85039371 -0.21259843 0.48031497
vn -0.99212599 -0.10236220 -0.10236220
vn -0.99212599 -0.01574803 0.09448819
vn 0.14960630 -0.99212599 -0.00787402
vn 0.16535433 -0.98425198 -0.00787402
vn 0.17322835 -0.98425198 -0.02362205
vn -0.56692910 -0.82677168 0.00000000
vn -0.94488192 -0.32283464 -0.00787402
vn -0.99212599 0.10236220 -0.00787402
vn -0.30708662 -0.95275593 0.01574803
vn 0.69291341 0.71653545 -0.05511811
vn -0.99212599 0.07874016 0.07086614
vn -0.80314958 -0.59055120 0.07086614
vn -0.68503934 -0.72440946 0.05511811
vn -0.69291341 -0.71653545 0.05511811
vn -0.68503934 -0.73228347 0.05511811
vn -0.98425198 0.00000000 0.15748031
vn -0.99212599 0.05511811 0.08661418
vn -0.99212599 0.00000000 0.12598425
vn -0.98425198 0.02362205 0.18110237
vn -0.99212599 -0.01574803 0.11811024
vn -0.99212599 0.00787402 0.14960630
vn -1.00000000 -0.06299213 0.06299213
vn -0.98425198 -0.00787402 0.15748031
vn -0.99212599 0.00787402 0.14173228
vn -1.00000000 -0.05511811 0.06299213
vn -0.99212599 -0.07874016 -0.10236220
vn -0.99212599 -0.07874016 -0.05511811
vn -1.00000000 0.00787402 -0.04724409
vn -1.00000000 -0.06299213 0.05511811
vn -1.00000000 -0.03149606 0.06299213
vn -1.00000000 -0.04724409 -0.00787402
vn -1.00000000 -0.03149606 0.03149606
vn -1.00000000 -0.04724409 0.03149606
vn -1.00000000 -0.01574803 0.00787402
vn -1.00000000 -0.05511811 -0.02362205
vn -0.35433072 0.93700784 0.00000000
vn 0.07086614 1.00000000 0.00000000
vn -0.99212599 -0.10236220 0.00000000
vn -0.99212599 0.11811024 -0.05511811
vn 0.14173228 -0.98425198 0.07874016
vn 0.00000000 0.05511811 -1.00000000
vn -1.00000000 0.07874016 0.00787402
vn -0.99212599 0.00000000 0.14173228
vn -0.95275593 -0.00787402 -0.30708662
vn -0.52755904 0.03937008 -0.85039371
vn -0.74803150 -0.01574803 -0.66141731
vn 0.10236220 0.00000000 -0.99212599
vn -1.00000000 0.00000000 0.06299213
vn -1.00000000 -0.00787402 0.05511811
vn -0.99212599 0.00000000 0.11023622
vn -0.99212599 0.00787402 0.12598425
vn 0.10236220 0.04724409 -0.99212599
vn -0.99212599 -0.00787402 0.11811024
vn -0.99212599 -0.00787402 0.12598425
vn -0.14960630 -0.05511811 0.98425198
vn 0.04724409 -0.25984251 0.96062994
vn -0.10236220 0.14960630 0.98425198
vn 0.11023622 0.09448819 -0.99212599
vn -0.38582677 -0.03149606 0.92125982
vn -1.00000000 -0.03149606 -0.05511811
vn -0.99212599 0.00000000 0.11811024
vn -0.94488192 -0.00787402 -0.31496063
vn -0.98425198 0.04724409 0.14960630
vn -0.28346455 0.00000000 0.96062994
vn -0.52755904 0.07874016 0.84251970
vn -0.60629922 0.03937008 0.79527557
vn -0.55118108 0.11023622 0.82677168
vn -0.66929132 -0.02362205 0.74015749
vn -0.00787402 0.00787402 1.00000000
vn 0.01574803 0.00787402 1.00000000
vn -0.99212599 -0.00787402 0.14960630
vn -1.00000000 0.00000000 0.08661418
vn -1.00000000 0.01574803 0.03149606
vn 0.85826772 -0.05511811 0.50393701
vn -0.99212599 -0.04724409 0.10236220
vn 0.05511811 0.00000000 1.00000000
vn 0.00000000 -0.97637796 0.22834645
vn -0.95275593 -0.04724409 -0.29921260
vn -0.97637796 0.05511811 0.22047244
vn -0.93700784 -0.06299213 0.33858266
vn -0.25196850 -0.03149606 0.96850395
vn 0.04724409 -0.00787402 1.00000000
vn -0.91338581 0.11811024 -0.38582677
vn 0.05511811 1.00000000 0.00000000
vn 0.37007874 0.92913383 0.03937008
vn 0.00000000 -0.93700784 -0.34645671
vn -0.41732284 -0.90551180 0.00000000
vn -0.05511811 -1.00000000 0.00000000
vn -0.70866144 -0.01574803 0.70866144
vn 0.12598425 0.00787402 0.99212599
vn -0.23622048 0.19685039 0.95275593
vn 0.15748031 -0.00787402 0.98425198
vn 0.91338581 -0.31496063 0.25196850
vn -0.17322835 0.01574803 0.98425198
vn -0.96850395 -0.01574803 0.24409449
vn -0.55118108 -0.33070865 0.76377952
vn 0.01574803 0.01574803 1.00000000
vn -0.96850395 0.11811024 0.21259843
vn 0.32283464 0.04724409 -0.94488192
vn 0.53543305 0.00787402 -0.84251970
vn 0.00000000 0.00787402 -1.00000000
vn 0.01574803 0.00000000 1.00000000
vn -0.33070865 -0.02362205 -0.94488192
vn -0.04724409 0.00000000 1.00000000
vn 0.00000000 0.00000000 1.00000000
vn -0.27559054 0.00000000 0.96062994
vn -0.23622048 -0.02362205 0.96850395
vn 0.06299213 -0.04724409 1.00000000
vn 0.00787402 0.00787402 1.00000000
vn 0.07086614 0.00000000 1.00000000
vn 0.11023622 0.00000000 0.99212599
vn 0.25196850 0.01574803 0.96850395
vn 0.14960630 0.00787402 0.99212599
vn 0.22047244 0.00787402 0.97637796
vn -0.01574803 -0.02362205 1.00000000
vn -0.97637796 -0.03937008 -0.21259843
vn 0.16535433 0.00000000 0.98425198
vn 0.10236220 0.00000000 0.99212599
vn 0.04724409 0.00787402 1.00000000
vn -0.19685039 0.02362205 0.98425198
vn 0.19685039 0.04724409 0.97637796
vn 0.46456692 -0.02362205 0.88188976
vn 0.02362205 0.00000000 1.00000000
vn -0.58267719 -0.22834645 0.77952754
vn -1.00000000 0.02362205 -0.05511811
vn 0.99212599 -0.05511811 -0.08661418
vn -0.95275593 -0.11811024 0.29133859
vn 0.99212599 0.11023622 0.03937008
vn 1.00000000 0.03149606 0.05511811
vn -0.83464569 -0.03149606 -0.54330707
vn -0.99212599 -0.03149606 0.10236220
vn 0.13385826 0.01574803 -0.99212599
vn -0.48031497 -0.01574803 0.88188976
vn 0.11023622 0.00787402 -0.99212599
vn 0.02362205 0.00000000 -1.00000000
vn 0.08661418 -0.03149606 -0.99212599
vn 0.32283464 -0.16535433 -0.92913383
vn -0.25196850 0.03149606 -0.96850395
vn 0.07874016 0.00787402 -1.00000000
vn -0.88976377 0.16535433 -0.42519686
vn -0.46456692 0.19685039 0.86614174
vn -0.82677168 0.36220473 -0.42519686
vn 0.25196850 0.01574803 -0.96850395
vn -0.16535433 -0.11811024 -0.97637796
vn -0.53543305 -0.03149606 -0.84251970
vn -0.52755904 -0.03937008 0.85039371
vn -0.98425198 0.00000000 0.18897638
vn -0.50393701 -0.04724409 -0.86614174
vn -0.55118108 -0.13385826 0.82677168
vn -0.98425198 0.01574803 0.18110237
vn -1.00000000 0.02362205 -0.03149606
vn -0.99212599 -0.02362205 -0.08661418
vn -0.88976377 0.00000000 0.45669290
vn 0.11811024 0.00000000 -0.99212599
vn -0.97637796 0.00000000 0.22047244
vn -0.97637796 -0.01574803 0.23622048
vn -0.25984251 -0.25984251 -0.92913383
vn -0.11023622 0.04724409 -0.99212599
vn 0.04724409 -0.08661418 -0.99212599
vn -0.97637796 0.04724409 -0.21259843
vn -0.84251970 -0.01574803 -0.53543305
vn -0.99212599 0.09448819 -0.10236220
vn 0.32283464 0.03149606 0.94488192
vn -0.33070865 0.06299213 -0.94488192
vn -1.00000000 0.00787402 0.05511811
vn -1.00000000 -0.03149606 -0.03149606
vn -0.88976377 0.44094488 0.07874016
vn -1.00000000 0.00787402 -0.05511811
vn -0.37007874 -0.11811024 -0.92125982
vn 0.23622048 0.12598425 0.96062994
vn -0.97637796 0.01574803 0.21259843
vn -0.68503934 -0.08661418 -0.72440946
vn -0.96850395 0.00787402 0.25984251
vn -0.98425198 0.12598425 -0.10236220
vn -0.00787402 0.00000000 -1.00000000
vn 0.00000000 0.94488192 0.33070865
vn -0.48031497 0.02362205 0.87401575
vn -0.52755904 0.02362205 0.85039371
vn -0.42519686 0.00787402 -0.90551180
vn -0.11811024 -0.00787402 -0.99212599
vn -0.25984251 -0.10236220 0.96062994
vn 0.78740156 -0.11023622 0.60629922
vn 0.29133859 0.00787402 -0.95275593
vn -0.14960630 -0.00787402 0.99212599
vn -0.68503934 0.22834645 0.69291341
vn -0.96062994 -0.17322835 -0.21259843
vn -0.98425198 0.07874016 0.16535433
vn 0.99212599 -0.10236220 0.06299213
vn 0.95275593 0.02362205 -0.29921260
vn -0.18110237 -0.11811024 0.97637796
vn 0.45669290 -0.45669290 -0.76377952
vn -0.98425198 -0.03937008 -0.16535433
vn 0.03149606 -0.03149606 1.00000000
vn 0.14173228 0.98425198 -0.13385826
vn 1.00000000 -0.01574803 -0.07874016
vn 0.87401575 0.48818898 0.01574803
vn -0.15748031 0.97637796 -0.13385826
vn 0.00787402 0.75590551 0.65354329
vn -0.10236220 -0.33858266 0.93700784
vn 0.03937008 -0.02362205 1.00000000
vn -0.07874016 0.98425198 -0.15748031
vn -0.24409449 0.96850395 0.02362205
vn -0.22047244 0.97637796 0.05511811
vn -0.07086614 0.99212599 -0.07874016
vn 0.07874016 0.96850395 -0.22047244
vn -0.01574803 -0.11811024 0.99212599
vn -0.12598425 -0.12598425 0.98425198
vn 0.00000000 0.05511811 1.00000000
vn 0.00787402 -0.12598425 0.99212599
vn 0.03149606 0.97637796 -0.22047244
vn 0.01574803 0.98425198 -0.17322835
vn 0.06299213 0.98425198 -0.18110237
vn 0.04724409 0.99212599 -0.14173228
vn 0.95275593 -0.25984251 0.14960630
vn 0.07086614 0.76377952 0.64566928
vn -0.01574803 -0.96062994 -0.26771653
vn -0.96850395 -0.07086614 -0.23622048
vn -0.28346455 -0.49606299 0.81889760
vn -0.96850395 0.10236220 -0.23622048
vn 0.13385826 0.71653545 0.68503934
vn -0.44881889 -0.88976377 0.00000000
vn -0.18897638 -0.24409449 0.95275593
vn -0.44881889 -0.82677168 0.33070865
vn -0.43307087 -0.76377952 0.48031497
vn -0.44881889 -0.81889760 0.35433072
vn 0.01574803 0.11811024 0.99212599
vn 0.45669290 0.42519686 0.77952754
vn -0.28346455 -0.40944880 0.86614174
vn -0.27559054 -0.40944880 0.86614174
vn -0.69291341 -0.66929132 -0.28346455
vn -0.19685039 -0.41732284 0.88188976
vn 0.62992126 0.45669290 0.62992126
vn -0.62992126 -0.74015749 -0.23622048
vn -0.63779527 -0.66141731 -0.38582677
vn -0.33070865 -0.48031497 0.81102359
vn 0.04724409 -0.07874016 0.99212599
vn 0.00787402 -0.11023622 0.99212599
vn 0.55118108 0.43307087 0.71653545
vn -0.96850395 0.07874016 -0.22834645
vn 0.00787402 -0.25984251 0.96850395
vn 0.00787402 -0.00787402 1.00000000
vn 1.00000000 -0.07086614 0.02362205
vn 0.50393701 0.86614174 0.00787402
vn 1.00000000 0.00000000 0.00787402
vn 1.00000000 -0.02362205 0.00787402
vn 1.00000000 -0.06299213 0.03149606
vn 0.99212599 -0.07874016 0.03937008
vn 0.99212599 -0.11023622 0.04724409
vn 0.99212599 -0.13385826 0.07086614
vn -0.22834645 0.97637796 0.01574803
vn -0.18897638 0.98425198 0.03149606
vn -0.19685039 0.97637796 0.07086614
vn 0.07874016 0.97637796 -0.18110237
vn 0.00787402 0.97637796 -0.19685039
vn 0.05511811 0.98425198 -0.17322835
vn 0.11023622 0.99212599 -0.08661418
vn 0.07874016 0.98425198 -0.16535433
vn 0.07086614 0.99212599 -0.12598425
vn 0.10236220 0.98425198 -0.14960630
vn 0.12598425 0.98425198 -0.11023622
vn 0.11811024 0.96850395 -0.20472440
vn 0.11023622 0.97637796 -0.16535433
vn 0.09448819 0.98425198 -0.16535433
vn -0.08661418 1.00000000 0.00000000
vn 0.14960630 0.96850395 -0.18897638
vn 0.12598425 0.96850395 -0.21259843
vn 0.12598425 0.97637796 -0.18110237
vn 0.11811024 0.97637796 -0.16535433
vn 0.10236220 0.97637796 -0.17322835
vn 0.11023622 0.98425198 -0.15748031
vn 0.07874016 0.98425198 -0.14173228
vn 0.04724409 0.97637796 -0.21259843
vn 0.19685039 0.96850395 -0.13385826
vn 0.13385826 0.97637796 -0.16535433
vn -0.07874016 0.95275593 -0.28346455
vn 0.10236220 0.99212599 -0.09448819
vn 0.14960630 0.97637796 -0.13385826
vn 0.07874016 0.91338581 -0.39370078
vn 0.84251970 0.52755904 -0.11811024
vn 0.18897638 0.96062994 -0.20472440
vn -0.12598425 0.98425198 0.12598425
vn 0.11023622 0.97637796 -0.18110237
vn 0.18110237 0.95275593 -0.24409449
vn 0.11023622 0.97637796 -0.17322835
vn 0.14960630 0.96062994 -0.23622048
vn -0.68503934 -0.59842521 0.41732284
vn 0.16535433 0.98425198 -0.00787402
vn 1.00000000 -0.05511811 -0.03149606
vn 0.66141731 0.74803150 -0.00787402
vn 1.00000000 0.00000000 -0.07086614
vn 0.99212599 -0.07874016 -0.08661418
vn 1.00000000 -0.06299213 0.04724409
vn 0.99212599 -0.08661418 0.05511811
vn 0.99212599 -0.11023622 0.05511811
vn 1.00000000 -0.05511811 0.03937008
vn 1.00000000 -0.07086614 0.04724409
vn 0.99212599 -0.09448819 0.05511811
vn 1.00000000 -0.07874016 0.03937008
vn 0.99212599 -0.08661418 0.03937008
vn 1.00000000 -0.07086614 0.00787402
vn 1.00000000 -0.07086614 0.03937008
vn 0.99212599 -0.10236220 0.04724409
vn 0.99212599 -0.11811024 0.07086614
vn 0.98425198 -0.15748031 0.11811024
vn 0.23622048 -0.01574803 0.96850395
vn 1.00000000 -0.03937008 -0.07086614
vn 0.99212599 -0.10236220 0.02362205
vn 0.99212599 0.10236220 -0.01574803
vn -0.07086614 0.96062994 -0.27559054
vn 0.14960630 0.97637796 -0.17322835
vn 1.00000000 0.01574803 -0.01574803
vn -0.05511811 0.96850395 -0.25196850
vn 0.12598425 0.97637796 -0.17322835
vn 0.14173228 0.97637796 -0.16535433
vn 0.15748031 0.97637796 -0.16535433
vn 0.14173228 0.97637796 -0.14960630
vn -0.16535433 0.97637796 0.11811024
vn 0.00787402 1.00000000 -0.03937008
vn 0.15748031 0.96850395 -0.17322835
vn 0.16535433 0.96850395 -0.16535433
vn 0.28346455 0.95275593 -0.11811024
vn 0.08661418 0.97637796 -0.18897638
vn 0.06299213 0.97637796 -0.20472440
vn 0.20472440 0.96850395 -0.15748031
vn 0.04724409 1.00000000 -0.03149606
vn 0.32283464 0.92913383 -0.16535433
vn -0.07086614 0.98425198 -0.18110237
vn 0.48031497 0.86614174 -0.15748031
vn -0.28346455 0.81889760 -0.50393701
vn 0.25196850 0.88188976 -0.38582677
vn 0.06299213 1.00000000 0.03937008
vn 0.16535433 0.96850395 -0.19685039
vn 0.02362205 0.98425198 -0.14960630
vn 0.14960630 0.97637796 -0.14960630
vn 0.27559054 0.95275593 -0.14960630
vn 0.05511811 0.96062994 -0.25984251
vn 0.16535433 0.97637796 -0.14960630
vn 0.15748031 0.97637796 -0.12598425
vn 0.17322835 0.98425198 0.03937008
vn 0.00787402 1.00000000 -0.08661418
vn 0.12598425 0.96850395 -0.19685039
vn 0.24409449 0.96850395 -0.07086614
vn 0.17322835 0.97637796 -0.11811024
vn 0.15748031 0.98425198 -0.07086614
vn 0.15748031 0.98425198 -0.09448819
vn 0.03937008 1.00000000 -0.03149606
vn 0.18897638 0.97637796 -0.11023622
vn 0.01574803 -0.04724409 -1.00000000
vn -0.02362205 -0.10236220 -0.99212599
vn 0.08661418 0.50393701 -0.85826772
vn 0.17322835 0.97637796 -0.09448819
vn 0.40157479 0.74803150 -0.52755904
vn 0.12598425 0.99212599 -0.00787402
vn -0.14173228 0.96062994 -0.22834645
vn 0.27559054 0.96062994 -0.05511811
vn 0.60629922 0.79527557 -0.09448819
vn -0.07874016 -0.43307087 0.89763778
vn 0.07874016 1.00000000 0.04724409
vn -0.07874016 0.99212599 0.10236220
vn 0.05511811 0.37007874 -0.92913383
vn 0.17322835 0.98425198 -0.09448819
vn -0.27559054 0.92913383 -0.23622048
vn -0.11023622 0.99212599 -0.10236220
vn -0.23622048 0.96850395 -0.02362205
vn -0.19685039 0.97637796 0.00000000
vn -0.18897638 0.98425198 -0.02362205
vn -0.14173228 0.99212599 -0.03937008
vn -0.13385826 0.98425198 0.08661418
vn -0.04724409 0.97637796 0.19685039
vn -0.10236220 0.99212599 -0.07874016
vn -0.14960630 0.98425198 0.05511811
vn -0.15748031 0.98425198 0.03149606
vn -0.16535433 0.98425198 0.07874016
vn -0.11023622 0.97637796 0.18897638
vn -0.26771653 0.95275593 -0.13385826
vn -0.19685039 0.97637796 0.09448819
vn -0.18110237 0.97637796 0.12598425
vn -0.18110237 0.97637796 0.10236220
vn -0.12598425 0.99212599 0.07874016
vn -0.11811024 0.97637796 0.18110237
vn -0.15748031 0.98425198 0.09448819
vn -0.15748031 0.97637796 0.11811024
vn -0.48031497 0.87401575 0.00787402
vn -0.55118108 0.83464569 -0.01574803
vn -0.14960630 0.88188976 0.44094488
vn 0.03149606 -0.07874016 1.00000000
vn 0.71653545 0.69291341 -0.04724409
vn -0.29133859 0.86614174 -0.40157479
vn -0.18110237 0.97637796 0.09448819
vn -0.17322835 0.98425198 0.07874016
vn -0.16535433 0.98425198 0.08661418
vn -0.17322835 0.98425198 0.07086614
vn -0.16535433 0.98425198 0.07086614
vn -0.11023622 0.99212599 -0.02362205
vn -0.17322835 0.98425198 0.06299213
vn -0.16535433 0.98425198 0.05511811
vn -0.18110237 0.98425198 0.04724409
vn -0.18110237 0.97637796 -0.11811024
vn -0.15748031 0.98425198 0.03937008
vn -0.14960630 0.98425198 0.03149606
vn -0.13385826 0.99212599 0.02362205
vn -0.25196850 0.96850395 0.04724409
vn -0.03149606 1.00000000 -0.02362205
vn -0.16535433 0.98425198 0.02362205
vn 0.99212599 -0.12598425 0.07086614
vn 0.99212599 -0.12598425 0.08661418
vn 0.02362205 0.99212599 0.09448819
vn -0.08661418 0.99212599 0.07874016
vn -0.16535433 0.97637796 0.12598425
vn 0.48031497 0.85826772 0.15748031
vn -0.26771653 0.96062994 0.04724409
vn -0.44881889 0.88976377 -0.09448819
vn -0.25984251 0.96850395 0.03937008
vn -0.87401575 0.42519686 -0.23622048
vn 0.11811024 0.98425198 0.11023622
vn -0.22834645 0.96062994 0.15748031
vn -0.00787402 1.00000000 0.07086614
vn -0.17322835 0.97637796 0.14960630
vn -0.17322835 0.97637796 0.14173228
vn -0.30708662 0.87401575 0.37007874
vn -0.34645671 0.73228347 0.59055120
vn -0.12598425 0.99212599 0.00000000
vn -0.12598425 0.96062994 -0.23622048
vn -0.03149606 0.14960630 -0.98425198
vn 0.02362205 -0.10236220 0.99212599
vn -0.07874016 0.40157479 -0.91338581
vn -0.01574803 0.05511811 -1.00000000
vn -0.06299213 0.28346455 -0.96062994
vn -0.04724409 0.21259843 -0.97637796
vn 0.03937008 -0.17322835 0.98425198
vn 0.07086614 -0.11811024 0.99212599
vn -0.02362205 0.07874016 -1.00000000
vn 0.47244096 0.87401575 -0.13385826
vn 0.18110237 0.98425198 0.02362205
vn 0.26771653 0.96062994 0.00000000
vn 0.14960630 0.99212599 -0.00787402
vn -0.02362205 1.00000000 -0.03937008
vn -0.07874016 0.99212599 -0.08661418
vn 0.18110237 0.98425198 -0.07086614
vn 0.05511811 0.99212599 -0.13385826
vn -0.00787402 0.00000000 1.00000000
vn 0.25984251 0.96062994 -0.11811024
vn 0.00787402 -0.03149606 -1.00000000
vn 0.26771653 0.96062994 -0.08661418
vn 0.10236220 0.98425198 -0.11811024
vn 0.84251970 0.04724409 0.54330707
vn 0.22834645 0.01574803 0.97637796
vn 0.06299213 -1.00000000 0.05511811
vn 0.42519686 0.05511811 -0.90551180
vn 0.00000000 -1.00000000 0.00000000
vn 0.03149606 0.18110237 0.98425198
vn -0.84251970 0.12598425 -0.52755904
vn 0.07086614 1.00000000 0.04724409
vn 0.25984251 0.96850395 -0.02362205
vn 0.14960630 0.97637796 0.15748031
vn 0.00000000 0.95275593 0.30708662
vn 0.28346455 0.96062994 -0.00787402
vn 0.07086614 0.96850395 0.22834645
vn 0.00000000 0.95275593 0.29921260
vn 0.27559054 0.96062994 0.00000000
vn 0.11023622 0.95275593 0.28346455
vn 0.02362205 0.99212599 0.14173228
vn 0.14960630 0.01574803 0.99212599
vn 0.23622048 -0.96850395 0.01574803
vn -0.14173228 0.98425198 0.11023622
vn -0.14173228 0.98425198 0.11811024
vn -0.15748031 0.98425198 0.00787402
vn -0.16535433 0.97637796 0.13385826
vn 0.17322835 -0.97637796 -0.13385826
vn -0.06299213 0.94488192 -0.33070865
vn -0.03937008 0.70866144 -0.70866144
vn -0.04724409 1.00000000 -0.06299213
vn -0.04724409 0.98425198 0.15748031
vn 0.99212599 -0.09448819 -0.00787402
vn 0.99212599 -0.04724409 0.07874016
vn -0.10236220 0.99212599 -0.01574803
vn 0.60629922 0.79527557 -0.03937008
vn 0.01574803 0.97637796 0.22834645
vn 0.23622048 -0.03937008 -0.96850395
vn 0.00787402 0.56692910 -0.81889760
vn 0.02362205 0.00787402 -1.00000000
vn -0.01574803 0.00787402 -1.00000000
vn 0.00000000 -0.11023622 -0.99212599
vn 0.02362205 0.14960630 -0.99212599
vn 0.00000000 -0.08661418 -1.00000000
vn 0.00000000 0.03149606 -1.00000000
vn -0.03937008 -0.14173228 -0.99212599
vn 0.00787402 0.94488192 0.32283464
vn 0.00787402 0.95275593 0.29921260
vn 0.00000000 0.34645671 -0.93700784
vn -0.00787402 0.31496063 -0.95275593
vn -0.01574803 0.03149606 -1.00000000
vn 0.00787402 -0.04724409 -1.00000000
vn 0.00787402 -0.11811024 -0.99212599
vn -0.00787402 0.94488192 0.32283464
vn 0.00000000 0.96062994 0.28346455
vn 0.00787402 -0.96062994 -0.26771653
vn 0.49606299 0.44094488 0.74803150
vn 0.22834645 -0.97637796 0.00000000
vn 0.01574803 0.96062994 0.28346455
vn 0.11023622 0.98425198 0.11023622
vn 0.28346455 0.94488192 0.16535433
vn -0.03937008 0.95275593 0.30708662
vn -0.02362205 0.96062994 0.29133859
vn -0.01574803 0.96062994 0.26771653
vn -0.00787402 0.96062994 0.27559054
vn -0.46456692 0.47244096 0.74803150
vn -0.02362205 -0.35433072 0.93700784
vn -0.00787402 -0.46456692 0.88188976
vn 0.05511811 -0.83464569 0.55118108
vn 0.00000000 -0.22834645 -0.97637796
vn 0.02362205 0.14960630 0.99212599
vn 0.00787402 -0.96850395 0.24409449
vn -0.02362205 -0.14960630 -0.99212599
vn 0.00000000 0.22834645 0.97637796
vn -0.00787402 0.96850395 -0.24409449
vn -0.02362205 0.05511811 -1.00000000
vn 0.00000000 0.10236220 0.99212599
vn -0.93700784 0.06299213 -0.33070865
vn 0.96062994 0.17322835 -0.22834645
vn -0.97637796 0.00000000 0.20472440
vn -0.99212599 -0.00787402 0.13385826
vn -0.77952754 0.05511811 -0.62992126
vn 0.32283464 0.01574803 -0.94488192
vn 0.07086614 0.38582677 0.92125982
vn 0.63779527 0.00000000 0.77165353
vn -0.98425198 0.05511811 0.14960630
vn -0.98425198 0.17322835 0.00787402
vn -1.00000000 0.05511811 0.00000000
vn 0.00787402 1.00000000 0.07086614
vn 0.10236220 0.58267719 -0.80314958
vn 0.03149606 -0.85039371 -0.52755904
vn 0.05511811 0.10236220 0.99212599
vn -0.04724409 -0.51181102 0.85826772
vn 0.38582677 -0.80314958 -0.45669290
vn -0.03937008 0.85826772 0.51181102
vn -0.02362205 -0.17322835 -0.98425198
vn -0.06299213 0.92125982 0.37795275
vn -0.11023622 0.89763778 0.42519686
vn 0.01574803 0.91338581 0.40944880
vn 0.09448819 -0.97637796 -0.19685039
vn 0.03149606 0.92913383 0.36220473
vn -0.03149606 0.04724409 -1.00000000
vn 0.52755904 -0.73228347 -0.42519686
vn 0.06299213 0.92125982 0.37795275
vn -0.06299213 -0.02362205 -1.00000000
vn -0.12598425 0.71653545 -0.68503934
vn -0.00787402 -0.26771653 -0.96062994
vn -0.22047244 0.84251970 0.49606299
vn -0.15748031 -0.04724409 -0.98425198
vn 0.05511811 0.14173228 -0.99212599
vn 0.62992126 -0.75590551 0.14960630
vn 0.06299213 0.91338581 0.40157479
vn 0.01574803 1.00000000 -0.01574803
vn 0.07086614 0.90551180 0.41732284
vn 0.03149606 0.07874016 1.00000000
vn 0.29921260 0.00000000 0.95275593
vn -0.22047244 0.00000000 -0.97637796
vn 0.55905509 -0.00787402 0.82677168
vn -0.33070865 0.00000000 -0.94488192
vn -0.92125982 0.00000000 0.39370078
vn 0.97637796 -0.14173228 0.18110237
vn 0.72440946 -0.09448819 -0.67716533
vn 0.98425198 -0.14173228 -0.09448819
vn -0.99212599 -0.05511811 0.08661418
vn -0.93700784 0.12598425 0.31496063
vn -0.98425198 0.14960630 0.03937008
vn -0.75590551 0.04724409 -0.65354329
vn 0.00787402 -0.00787402 -1.00000000
vn 0.22047244 0.00000000 0.97637796
vn 0.05511811 0.00787402 1.00000000
vn 0.25984251 0.00000000 0.96850395
vn 0.98425198 -0.00787402 -0.17322835
vn 0.05511811 0.00787402 -1.00000000
vn -0.98425198 -0.00787402 0.18897638
vn -0.05511811 -0.21259843 0.97637796
vn -0.13385826 -0.64566928 0.74803150
vn 1.00000000 -0.03937008 0.00000000

# Mesh 'meshes[0]' with 2044 faces
g meshes[0]
usemtl tripo_material_6342bf66-741e-40b0-8903-d7591f6c9e3e
f  1/1/1 2/2/2 3/3/3
f  1/1/1 3/3/3 4/4/4
f  4/4/4 3/3/3 5/5/5
f  1/1/1 4/4/4 6/6/6
f  6/6/6 4/4/4 5/5/5
f  6/6/6 5/5/5 1/1/1
f  1/1/1 5/5/5 7/7/7
f  2/2/2 1/1/1 8/8/8
f  8/8/8 1/1/1 7/7/7
f  8/8/8 7/7/7 2/2/2
f  9/9/9 3/3/3 2/2/2
f  3/3/3 9/9/9 10/10/10
f  10/10/10 9/9/9 11/11/11
f  9/9/9 2/2/2 12/12/12
f  9/9/9 12/12/12 11/11/11
f  12/12/12 2/2/2 7/7/7
f  10/10/10 11/11/11 13/13/13
f  13/13/13 11/11/11 12/12/12
f  14/14/14 15/15/15 13/13/13
f  14/14/14 13/13/13 16/16/16
f  16/16/16 13/13/13 12/12/12
f  16/16/16 12/12/12 17/17/17
f  17/17/17 12/12/12 18/18/18
f  18/18/18 12/12/12 7/7/7
f  17/17/17 18/18/18 19/19/19
f  18/18/18 7/7/7 20/20/20
f  20/20/20 7/7/7 5/5/5
f  20/20/20 5/5/5 21/21/21
f  20/20/20 21/21/21 18/18/18
f  21/21/21 5/5/5 22/22/22
f  21/21/21 22/22/22 23/23/23
f  18/18/18 21/21/21 24/24/24
f  24/24/24 21/21/21 25/25/25
f  24/24/24 25/25/25 18/18/18
f  25/25/25 21/21/21 26/26/26
f  25/25/25 26/26/26 18/18/18
f  26/26/26 21/21/21 23/23/23
f  27/27/27 19/19/19 18/18/18
f  27/27/27 18/18/18 26/26/26
f  19/19/19 27/27/27 28/28/28
f  27/27/27 26/26/26 29/29/29
f  27/27/27 29/29/29 28/28/28
f  26/26/26 23/23/23 30/30/30
f  26/26/26 30/30/30 29/29/29
f  29/29/29 30/30/30 28/28/28
f  30/30/30 23/23/23 31/31/31
f  28/28/28 30/30/30 32/32/32
f  28/28/28 32/32/32 33/33/33
f  28/28/28 33/33/33 34/34/34
f  34/34/34 33/33/33 32/32/32
f  34/34/34 32/32/32 30/30/30
f  34/34/34 30/30/30 31/31/31
f  34/34/34 31/31/31 35/35/35
f  35/35/35 31/31/31 36/36/36
f  36/36/36 31/31/31 37/37/37
f  38/38/38 39/39/3 40/40/39
f  40/40/39 39/39/3 41/41/40
f  41/41/40 39/39/3 42/42/10
f  41/41/40 42/42/10 43/43/41
f  39/39/3 38/38/38 44/44/42
f  39/39/3 44/44/42 45/45/5
f  45/45/5 44/44/42 46/46/22
f  46/46/22 44/44/42 47/47/43
f  47/47/43 44/44/42 48/48/44
f  44/44/42 38/38/38 49/49/45
f  44/44/42 49/49/45 48/48/44
f  48/48/44 49/49/45 50/50/46
f  50/50/46 49/49/45 51/51/47
f  49/49/45 38/38/38 52/52/48
f  51/51/47 49/49/45 53/53/49
f  49/49/45 52/52/48 54/54/50
f  54/54/50 52/52/48 55/55/51
f  49/49/45 54/54/50 56/56/52
f  49/49/45 56/56/52 53/53/49
f  53/53/49 56/56/52 57/57/53
f  57/57/53 56/56/52 58/58/54
f  57/57/53 58/58/54 59/59/55
f  53/53/49 57/57/53 60/60/56
f  53/53/49 60/60/56 61/61/57
f  53/53/49 61/61/57 62/62/58
f  61/61/57 60/60/56 63/63/59
f  64/64/60 65/65/61 66/66/62
f  66/66/62 65/65/61 67/67/63
f  66/66/62 67/67/63 68/68/64
f  66/66/62 68/68/64 64/64/60
f  68/68/64 67/67/63 69/69/65
f  68/68/64 69/69/65 64/64/60
f  69/69/65 67/67/63 70/70/66
f  70/70/66 67/67/63 65/65/61
f  69/69/65 70/70/66 71/71/67
f  69/69/65 71/71/67 72/72/68
f  69/69/65 72/72/68 64/64/60
f  70/70/66 65/65/61 73/73/69
f  73/73/69 65/65/61 64/64/60
f  70/70/66 73/73/69 74/74/70
f  64/64/60 72/72/68 75/75/71
f  64/64/60 75/75/71 73/73/69
f  73/73/69 75/75/71 74/74/70
f  75/75/71 72/72/68 41/41/40
f  75/75/71 41/41/40 43/43/41
f  75/75/71 43/43/41 74/74/70
f  74/74/70 43/43/41 76/76/72
f  77/77/39 78/78/40 79/79/68
f  77/77/39 79/79/68 80/80/67
f  81/81/73 82/82/38 77/77/39
f  81/81/73 77/77/39 80/80/67
f  81/81/73 80/80/67 83/83/74
f  84/84/66 85/85/75 80/80/67
f  80/80/67 85/85/75 86/86/76
f  80/80/67 86/86/76 83/83/74
f  83/83/74 86/86/76 87/87/77
f  83/83/74 87/87/77 88/88/78
f  89/89/10 90/90/13 91/91/79
f  89/89/10 91/91/79 92/92/41
f  91/91/79 90/90/13 93/93/80
f  93/93/80 90/90/13 94/94/81
f  93/93/80 94/94/81 91/91/79
f  94/94/81 90/90/13 95/95/15
f  92/92/41 91/91/79 96/96/41
f  92/92/41 96/96/41 97/97/72
f  91/91/79 94/94/81 98/98/82
f  94/94/81 95/95/15 99/99/83
f  99/99/83 95/95/15 100/100/84
f  97/97/72 96/96/41 101/101/85
f  97/97/72 101/101/85 102/102/86
f  102/102/86 101/101/85 103/103/87
f  101/101/85 96/96/41 104/104/88
f  101/101/85 104/104/88 105/105/89
f  105/105/89 104/104/88 96/96/41
f  101/101/85 105/105/89 106/106/90
f  106/106/90 105/105/89 100/100/84
f  105/105/89 96/96/41 107/107/91
f  105/105/89 107/107/91 100/100/84
f  100/100/84 107/107/91 108/108/83
f  108/108/83 107/107/91 109/109/83
f  108/108/83 109/109/83 100/100/84
f  109/109/83 107/107/91 96/96/41
f  100/100/84 109/109/83 110/110/92
f  100/100/84 110/110/92 99/99/83
f  110/110/92 109/109/83 111/111/93
f  110/110/92 111/111/93 99/99/83
f  99/99/83 111/111/93 109/109/83
f  99/99/83 109/109/83 112/112/94
f  112/112/94 109/109/83 96/96/41
f  112/112/94 96/96/41 91/91/79
f  99/99/83 112/112/94 94/94/81
f  112/112/94 91/91/79 98/98/82
f  94/94/81 112/112/94 113/113/94
f  113/113/94 112/112/94 114/114/95
f  114/114/95 112/112/94 98/98/82
f  94/94/81 113/113/94 115/115/96
f  94/94/81 115/115/96 98/98/82
f  115/115/96 113/113/94 114/114/95
f  114/114/95 98/98/82 116/116/97
f  114/114/95 116/116/97 115/115/96
f  116/116/97 98/98/82 117/115/98
f  116/116/97 117/115/98 115/115/96
f  115/115/96 117/115/98 98/98/82
f  118/117/48 119/118/38 120/119/73
f  118/117/48 120/119/73 121/120/99
f  121/120/99 120/119/73 122/121/100
f  121/120/99 122/121/100 123/122/50
f  122/121/100 120/119/73 124/123/101
f  124/123/101 120/119/73 125/124/78
f  125/124/78 120/119/73 126/125/74
f  124/123/101 125/124/78 127/126/102
f  127/126/102 125/124/78 128/127/100
f  129/128/103 130/129/103 131/130/103
f  132/131/104 133/132/105 134/133/106
f  135/131/105 136/134/107 137/135/106
f  137/135/106 136/134/107 138/132/104
f  137/135/106 138/132/104 135/131/105
f  139/136/108 140/137/50 141/138/100
f  140/137/50 139/136/108 142/139/52
f  142/139/52 139/136/108 141/138/100
f  142/139/52 141/138/100 143/140/54
f  143/140/54 141/138/100 144/141/109
f  143/140/54 144/141/109 145/142/55
f  145/142/55 144/141/109 146/143/110
f  146/143/110 144/141/109 147/144/111
f  144/141/109 141/138/100 148/145/57
f  144/141/109 148/145/57 147/144/111
f  148/145/57 141/138/100 149/146/101
f  148/145/57 149/146/101 150/147/58
f  147/144/111 148/145/57 151/148/112
f  151/148/112 148/145/57 152/149/59
f  151/148/112 152/149/59 147/144/111
f  153/150/31 154/151/113 155/152/114
f  155/152/114 154/151/113 156/153/28
f  155/152/114 156/153/28 153/150/31
f  154/151/113 153/150/31 157/154/115
f  154/151/113 157/154/115 156/153/28
f  153/150/31 156/153/28 158/155/37
f  158/155/37 156/153/28 159/156/36
f  159/156/36 156/153/28 160/157/35
f  160/157/35 156/153/28 161/158/34
f  157/154/115 153/150/31 162/159/116
f  162/159/116 153/150/31 163/160/23
f  162/159/116 163/160/23 164/161/117
f  157/154/115 162/159/116 165/162/118
f  157/154/115 165/162/118 156/153/28
f  162/159/116 164/161/117 166/163/117
f  156/153/28 165/162/118 167/164/119
f  167/164/119 165/162/118 162/159/116
f  156/153/28 167/164/119 168/165/31
f  168/165/31 167/164/119 162/159/116
f  169/166/120 156/153/28 166/163/117
f  170/167/121 171/168/19 169/166/120
f  169/166/120 171/168/19 156/153/28
f  156/153/28 168/165/31 172/169/122
f  172/169/122 168/165/31 162/159/116
f  166/163/117 156/153/28 173/170/123
f  166/163/117 173/170/123 174/171/124
f  166/163/117 174/171/124 162/159/116
f  162/159/116 174/171/124 173/170/123
f  173/170/123 156/153/28 175/172/124
f  175/172/124 156/153/28 172/169/122
f  173/170/123 175/172/124 162/159/116
f  172/169/122 162/159/116 176/173/125
f  172/169/122 176/173/125 177/174/126
f  177/174/126 176/173/125 162/159/116
f  172/169/122 177/174/126 175/172/124
f  162/159/116 175/172/124 178/175/127
f  178/175/127 175/172/124 177/174/126
f  178/175/127 177/174/126 162/159/116
f  179/176/128 180/177/128 181/178/128
f  182/179/129 183/180/130 184/181/131
f  182/179/129 184/181/131 185/182/132
f  182/179/129 185/182/132 183/180/130
f  183/180/130 185/182/132 186/183/133
f  187/184/134 188/185/134 189/186/134
f  190/187/78 191/188/77 192/189/100
f  192/189/100 191/188/77 193/190/135
f  193/190/135 191/188/77 194/191/136
f  192/189/100 193/190/135 195/192/137
f  192/189/100 195/192/137 196/193/102
f  197/194/138 198/195/101 196/193/102
f  197/194/138 196/193/102 199/196/139
f  199/196/139 196/193/102 195/192/137
f  199/196/139 195/192/137 200/197/140
f  200/197/140 195/192/137 201/198/141
f  200/197/140 201/198/141 202/199/142
f  202/199/142 201/198/141 193/190/135
f  201/198/141 195/192/137 203/200/143
f  201/198/141 203/200/143 193/190/135
f  203/200/143 195/192/137 204/201/144
f  203/200/143 204/201/144 193/190/135
f  193/190/135 204/201/144 195/192/137
f  202/199/142 193/190/135 205/202/145
f  205/202/145 193/190/135 206/203/146
f  205/202/145 206/203/146 207/204/147
f  207/204/147 206/203/146 193/190/135
f  207/204/147 193/190/135 208/205/148
f  207/204/147 208/205/148 209/206/149
f  209/206/149 208/205/148 193/190/135
f  207/204/147 209/206/149 210/207/150
f  209/206/149 193/190/135 211/208/151
f  209/206/149 211/208/151 210/207/150
f  211/208/151 193/190/135 194/191/136
f  207/204/147 210/207/150 194/191/136
f  194/191/136 210/207/150 211/208/151
f  212/209/152 213/210/152 214/211/152
f  215/212/23 216/213/153 217/214/117
f  217/214/117 216/213/153 218/215/154
f  217/214/117 218/215/154 219/216/117
f  218/215/154 216/213/153 220/217/155
f  220/217/155 216/213/153 221/218/156
f  220/217/155 221/218/156 222/219/157
f  216/213/153 215/212/23 223/220/158
f  223/220/158 215/212/23 224/221/159
f  224/221/159 215/212/23 225/222/160
f  225/222/160 215/212/23 226/223/161
f  226/223/161 215/212/23 227/224/22
f  226/223/161 227/224/22 228/225/43
f  229/226/162 230/227/43 231/228/44
f  229/226/162 231/228/44 232/229/163
f  230/227/43 229/226/162 233/230/164
f  233/230/164 229/226/162 232/229/163
f  230/227/43 233/230/164 234/231/165
f  230/227/43 234/231/165 235/232/166
f  234/231/165 233/230/164 236/233/167
f  234/231/165 236/233/167 235/232/166
f  235/232/166 236/233/167 230/227/43
f  236/233/167 233/230/164 232/229/163
f  230/227/43 236/233/167 237/234/161
f  238/235/168 232/229/163 231/228/44
f  238/235/168 231/228/44 239/236/46
f  236/233/167 232/229/163 240/237/169
f  236/233/167 240/237/169 237/234/161
f  240/237/169 232/229/163 238/235/168
f  237/234/161 240/237/169 241/238/170
f  237/234/161 241/238/170 242/239/160
f  242/239/160 241/238/170 240/237/169
f  242/239/160 240/237/169 243/240/159
f  243/240/159 240/237/169 244/241/158
f  244/241/158 240/237/169 245/242/153
f  245/242/153 240/237/169 246/243/171
f  240/237/169 238/235/168 247/244/172
f  247/244/172 238/235/168 248/245/173
f  247/244/172 248/245/173 249/246/174
f  247/244/172 249/246/174 240/237/169
f  249/246/174 248/245/173 250/247/175
f  240/237/169 249/246/174 251/248/176
f  251/248/176 249/246/174 252/249/177
f  251/248/176 252/249/177 253/250/178
f  240/237/169 251/248/176 254/251/179
f  254/251/179 251/248/176 253/250/178
f  240/237/169 254/251/179 246/243/171
f  254/251/179 253/250/178 255/252/180
f  254/251/179 255/252/180 256/253/181
f  256/253/181 255/252/180 257/254/182
f  246/243/171 254/251/179 257/254/182
f  257/254/182 255/252/180 258/255/183
f  246/243/171 257/254/182 259/256/184
f  259/256/184 257/254/182 258/255/183
f  256/253/181 257/254/182 260/257/185
f  256/253/181 260/257/185 254/251/179
f  260/257/185 257/254/182 261/258/186
f  260/257/185 261/258/186 254/251/179
f  261/258/186 257/254/182 262/259/187
f  261/258/186 262/259/187 254/251/179
f  262/259/187 257/254/182 263/260/188
f  262/259/187 263/260/188 254/251/179
f  263/260/188 257/254/182 264/261/57
f  264/261/57 257/254/182 254/251/179
f  264/261/57 254/251/179 263/260/188
f  265/262/153 266/263/189 267/264/156
f  267/264/156 266/263/189 268/265/154
f  267/264/156 268/265/154 269/266/157
f  269/266/157 268/265/154 270/267/155
f  268/265/154 266/263/189 271/268/190
f  271/268/190 266/263/189 265/262/153
f  272/269/117 268/265/154 273/270/120
f  273/270/120 268/265/154 274/271/191
f  271/268/190 265/262/153 275/272/192
f  271/268/190 275/272/192 276/273/193
f  276/273/193 275/272/192 265/262/153
f  271/268/190 276/273/193 268/265/154
f  276/273/193 265/262/153 277/274/194
f  276/273/193 277/274/194 268/265/154
f  277/274/194 265/262/153 278/275/157
f  277/274/194 278/275/157 268/265/154
f  279/276/171 280/277/184 265/262/153
f  278/275/157 265/262/153 281/278/195
f  281/278/195 265/262/153 280/277/184
f  268/265/154 278/275/157 282/279/196
f  282/279/196 278/275/157 281/278/195
f  282/279/196 281/278/195 268/265/154
f  281/278/195 280/277/184 283/280/197
f  283/280/197 280/277/184 284/281/198
f  268/265/154 281/278/195 285/282/195
f  285/282/195 281/278/195 283/280/197
f  268/265/154 285/282/195 286/283/199
f  286/283/199 285/282/195 283/280/197
f  268/265/154 286/283/199 287/284/195
f  287/284/195 286/283/199 283/280/197
f  268/265/154 287/284/195 288/285/200
f  288/285/200 287/284/195 283/280/197
f  268/265/154 288/285/200 274/271/191
f  274/271/191 288/285/200 289/286/201
f  274/271/191 289/286/201 283/280/197
f  289/286/201 288/285/200 290/287/202
f  289/286/201 290/287/202 291/288/203
f  289/286/201 291/288/203 283/280/197
f  291/288/203 290/287/202 288/285/200
f  288/285/200 283/280/197 292/289/204
f  291/288/203 288/285/200 293/290/205
f  292/289/204 283/280/197 294/291/206
f  294/291/206 283/280/197 291/288/203
f  292/289/204 294/291/206 288/285/200
f  294/291/206 291/288/203 293/290/205
f  294/291/206 293/290/205 288/285/200
f  295/292/207 296/293/207 297/294/207
f  298/295/208 299/296/209 300/297/210
f  299/296/209 298/295/208 301/298/211
f  301/298/211 298/295/208 302/299/212
f  301/298/211 302/299/212 303/300/86
f  303/300/86 302/299/212 304/301/72
f  298/295/208 300/297/210 305/302/213
f  300/297/210 299/296/209 306/303/214
f  300/297/210 306/303/214 305/302/213
f  306/303/214 299/296/209 307/304/215
f  305/302/213 306/303/214 308/305/216
f  306/303/214 307/304/215 309/306/217
f  306/303/214 309/306/217 308/305/216
f  308/305/216 309/306/217 310/307/218
f  311/308/66 312/309/219 313/310/220
f  312/309/219 311/308/66 314/311/212
f  314/311/212 311/308/66 315/312/70
f  312/309/219 314/311/212 316/313/221
f  312/309/219 316/313/221 317/314/222
f  317/314/222 316/313/221 318/315/221
f  312/309/219 317/314/222 319/316/75
f  317/314/222 318/315/221 320/317/223
f  319/316/75 317/314/222 321/318/76
f  317/314/222 320/317/223 322/319/224
f  322/319/224 320/317/223 323/320/225
f  322/319/224 323/320/225 324/321/226
f  322/319/224 324/321/226 325/322/227
f  325/322/227 324/321/226 326/323/228
f  325/322/227 326/323/228 327/324/226
f  322/319/224 325/322/227 328/325/229
f  322/319/224 328/325/229 317/314/222
f  328/325/229 325/322/227 329/326/226
f  328/325/229 329/326/226 330/327/230
f  328/325/229 330/327/230 331/328/231
f  328/325/229 331/328/231 332/329/145
f  317/314/222 328/325/229 333/330/232
f  317/314/222 333/330/232 321/318/76
f  328/325/229 332/329/145 334/331/233
f  328/325/229 334/331/233 333/330/232
f  334/331/233 332/329/145 335/332/147
f  334/331/233 335/332/147 336/333/136
f  333/330/232 334/331/233 337/334/234
f  337/334/234 334/331/233 336/333/136
f  333/330/232 337/334/234 321/318/76
f  337/334/234 336/333/136 338/335/77
f  337/334/234 338/335/77 321/318/76
f  339/336/220 340/337/219 341/338/235
f  339/336/220 341/338/235 342/339/75
f  339/336/220 342/339/75 343/340/236
f  343/340/236 342/339/75 344/341/237
f  344/341/237 342/339/75 345/342/66
f  346/343/238 347/344/238 348/345/238
f  349/346/239 350/347/235 351/348/240
f  351/348/240 350/347/235 352/349/219
f  350/347/235 349/346/239 353/350/241
f  353/350/241 349/346/239 354/351/220
f  354/351/220 349/346/239 351/348/240
f  354/351/220 351/348/240 355/352/242
f  355/352/242 351/348/240 356/353/237
f  357/354/243 358/355/243 359/356/244
f  358/355/243 357/354/243 360/357/245
f  361/358/240 362/359/236 363/360/237
f  362/359/236 361/358/240 364/361/241
f  362/359/236 364/361/241 365/362/220
f  364/361/241 361/358/240 366/363/219
f  364/361/241 366/363/219 367/364/75
f  364/361/241 367/364/75 368/365/235
f  369/366/209 370/367/211 371/368/246
f  371/368/246 370/367/211 372/369/208
f  372/369/208 370/367/211 373/370/247
f  372/369/208 373/370/247 374/371/211
f  372/369/208 374/371/211 371/368/246
f  371/368/246 374/371/211 369/366/209
f  369/366/209 374/371/211 375/372/248
f  369/366/209 375/372/248 376/373/249
f  369/366/209 376/373/249 377/374/215
f  376/373/249 375/372/248 378/375/250
f  379/376/70 380/377/72 381/378/212
f  382/379/86 383/380/87 384/381/211
f  384/381/211 383/380/87 385/382/247
f  386/383/247 387/384/251 388/385/252
f  387/384/251 386/383/247 389/386/87
f  387/384/251 389/386/87 390/387/85
f  388/385/252 387/384/251 391/388/253
f  391/388/253 387/384/251 390/387/85
f  391/388/253 390/387/85 392/389/254
f  392/389/254 390/387/85 393/390/90
f  392/389/254 393/390/90 394/391/255
f  392/389/254 394/391/255 391/388/253
f  391/388/253 394/391/255 388/385/252
f  388/385/252 394/391/255 395/392/256
f  388/385/252 395/392/256 386/383/247
f  395/392/256 394/391/255 396/393/257
f  386/383/247 395/392/256 397/394/258
f  386/383/247 397/394/258 398/395/211
f  398/395/211 397/394/258 399/396/253
f  399/396/253 397/394/258 395/392/256
f  398/395/211 399/396/253 400/397/248
f  400/397/248 399/396/253 401/398/259
f  399/396/253 395/392/256 402/399/260
f  399/396/253 402/399/260 401/398/259
f  402/399/260 395/392/256 403/400/261
f  403/400/261 395/392/256 396/393/257
f  401/398/259 402/399/260 404/401/262
f  401/398/259 404/401/262 405/402/263
f  401/398/259 405/402/263 406/403/264
f  401/398/259 406/403/264 407/404/265
f  404/401/262 402/399/260 408/405/266
f  408/405/266 402/399/260 403/400/261
f  404/401/262 408/405/266 409/406/267
f  409/406/267 408/405/266 410/407/268
f  410/407/268 408/405/266 403/400/261
f  409/406/267 410/407/268 411/408/269
f  411/408/269 410/407/268 412/409/270
f  411/408/269 412/409/270 413/410/271
f  410/407/268 403/400/261 414/411/272
f  410/407/268 414/411/272 415/412/273
f  414/411/272 403/400/261 416/413/274
f  415/412/273 414/411/272 417/414/275
f  417/414/275 414/411/272 416/413/274
f  415/412/273 417/414/275 418/415/276
f  418/415/276 417/414/275 419/416/277
f  419/416/277 417/414/275 416/413/274
f  416/413/274 403/400/261 396/393/257
f  419/416/277 416/413/274 420/417/278
f  419/416/277 420/417/278 421/418/279
f  421/418/279 420/417/278 422/419/280
f  421/418/279 422/419/280 419/416/277
f  422/419/280 420/417/278 416/413/274
f  419/416/277 422/419/280 423/420/281
f  419/416/277 423/420/281 424/421/282
f  422/419/280 416/413/274 425/422/283
f  422/419/280 425/422/283 423/420/281
f  424/421/282 423/420/281 426/423/284
f  424/421/282 426/423/284 427/424/285
f  427/424/285 426/423/284 396/393/257
f  396/393/257 426/423/284 423/420/281
f  396/393/257 423/420/281 428/425/286
f  396/393/257 428/425/286 429/426/287
f  429/426/287 428/425/286 423/420/281
f  396/393/257 429/426/287 430/427/288
f  430/427/288 429/426/287 423/420/281
f  396/393/257 430/427/288 416/413/274
f  431/428/289 425/422/283 416/413/274
f  425/422/283 431/428/289 423/420/281
f  416/413/274 430/427/288 432/429/290
f  432/429/290 430/427/288 433/430/291
f  433/430/291 430/427/288 423/420/281
f  433/430/291 423/420/281 432/429/290
f  416/413/274 432/429/290 434/431/292
f  434/431/292 432/429/290 423/420/281
f  416/413/274 434/431/292 431/428/289
f  435/432/293 423/420/281 431/428/289
f  423/420/281 435/432/293 434/431/292
f  434/431/292 435/432/293 431/428/289
f  436/433/218 437/434/217 438/435/223
f  438/435/223 437/434/217 439/436/294
f  439/436/294 437/434/217 440/437/295
f  441/438/249 442/439/296 443/440/215
f  442/439/296 441/438/249 444/441/250
f  443/440/215 442/439/296 445/442/297
f  442/439/296 444/441/250 446/443/298
f  442/439/296 446/443/298 445/442/297
f  445/442/297 446/443/298 444/441/250
f  445/442/297 444/441/250 447/444/299
f  447/444/299 444/441/250 448/445/299
f  447/444/299 448/445/299 445/442/297
f  448/445/299 444/441/250 449/446/300
f  448/445/299 449/446/300 445/442/297
f  449/446/300 444/441/250 450/447/301
f  449/446/300 450/447/301 445/442/297
f  445/442/297 450/447/301 451/448/302
f  451/448/302 450/447/301 452/449/303
f  451/448/302 452/449/303 445/442/297
f  452/449/303 450/447/301 453/450/304
f  454/451/305 443/440/215 445/442/297
f  454/451/305 445/442/297 452/449/303
f  443/440/215 454/451/305 455/452/306
f  455/452/306 454/451/305 456/453/307
f  455/452/306 456/453/307 457/454/308
f  456/453/307 454/451/305 458/455/309
f  458/455/309 454/451/305 452/449/303
f  457/454/308 456/453/307 459/456/310
f  459/456/310 456/453/307 460/457/311
f  460/457/311 456/453/307 458/455/309
f  460/457/311 458/455/309 459/456/310
f  457/454/308 459/456/310 461/458/305
f  459/456/310 458/455/309 462/459/312
f  459/456/310 462/459/312 461/458/305
f  463/460/313 464/461/314 461/458/305
f  463/460/313 461/458/305 465/462/315
f  465/462/315 461/458/305 466/463/316
f  461/458/305 462/459/312 467/464/317
f  466/463/316 461/458/305 468/465/318
f  467/464/317 462/459/312 469/466/319
f  467/464/317 469/466/319 461/458/305
f  461/458/305 469/466/319 468/465/318
f  468/465/318 469/466/319 466/463/316
f  469/466/319 462/459/312 458/455/309
f  466/463/316 469/466/319 470/467/320
f  466/463/316 470/467/320 471/468/321
f  471/468/321 470/467/320 472/469/322
f  472/469/322 470/467/320 469/466/319
f  469/466/319 458/455/309 473/470/323
f  473/470/323 458/455/309 474/471/324
f  473/470/323 474/471/324 475/472/325
f  474/471/324 458/455/309 476/473/326
f  474/471/324 476/473/326 477/474/327
f  474/471/324 477/474/327 478/475/328
f  478/475/328 477/474/327 476/473/326
f  476/473/326 458/455/309 479/476/329
f  476/473/326 479/476/329 480/477/329
f  479/476/329 458/455/309 452/449/303
f  480/477/329 479/476/329 481/478/330
f  481/478/330 479/476/329 452/449/303
f  480/477/329 481/478/330 482/479/331
f  482/479/331 481/478/330 452/449/303
f  480/477/329 482/479/331 483/480/332
f  483/480/332 482/479/331 452/449/303
f  480/477/329 483/480/332 484/481/333
f  483/480/332 452/449/303 485/482/330
f  483/480/332 485/482/330 484/481/333
f  484/481/333 485/482/330 486/483/332
f  486/483/332 485/482/330 487/484/334
f  486/483/332 487/484/334 484/481/333
f  487/484/334 485/482/330 452/449/303
f  484/481/333 487/484/334 488/485/335
f  488/485/335 487/484/334 452/449/303
f  484/481/333 488/485/335 489/486/336
f  488/485/335 452/449/303 453/450/304
f  488/485/335 453/450/304 489/486/336
f  490/487/217 491/488/215 492/489/306
f  490/487/217 492/489/306 493/490/295
f  494/491/337 495/492/225 496/493/223
f  494/491/337 496/493/223 497/494/294
f  495/492/225 494/491/337 498/495/338
f  494/491/337 497/494/294 499/496/339
f  494/491/337 499/496/339 498/495/338
f  499/496/339 497/494/294 500/497/340
f  500/497/340 497/494/294 501/498/341
f  495/492/225 498/495/338 502/499/342
f  502/499/342 498/495/338 503/500/343
f  495/492/225 502/499/342 504/501/344
f  495/492/225 504/501/344 505/502/226
f  504/501/344 502/499/342 506/503/345
f  504/501/344 506/503/345 507/504/346
f  507/504/346 506/503/345 508/505/347
f  509/506/348 510/507/348 511/508/348
f  512/509/349 513/510/349 514/511/349
f  515/512/324 516/513/350 517/514/325
f  517/514/325 516/513/350 518/515/351
f  517/514/325 518/515/351 519/516/323
f  519/516/323 518/515/351 520/517/352
f  520/517/352 518/515/351 521/518/321
f  519/516/323 520/517/352 522/519/353
f  522/519/353 520/517/352 521/518/321
f  519/516/323 522/519/353 523/520/319
f  522/519/353 521/518/321 524/521/354
f  522/519/353 524/521/354 523/520/319
f  525/522/294 526/523/295 527/524/341
f  527/524/341 526/523/295 528/525/355
f  528/525/355 526/523/295 529/526/356
f  529/526/356 526/523/295 530/527/357
f  529/526/356 530/527/357 531/528/308
f  531/528/308 530/527/357 526/523/295
f  531/528/308 526/523/295 532/529/306
f  533/530/354 534/531/358 535/532/319
f  534/531/358 533/530/354 536/533/321
f  534/531/358 536/533/321 535/532/319
f  535/532/319 536/533/321 537/534/359
f  535/532/319 537/534/359 538/535/352
f  538/535/352 537/534/359 536/533/321
f  535/532/319 538/535/352 539/536/360
f  539/536/360 538/535/352 536/533/321
f  535/532/319 539/536/360 540/537/322
f  540/537/322 539/536/360 536/533/321
f  541/538/46 542/539/47 543/540/49
f  541/538/46 543/540/49 544/541/361
f  541/538/46 544/541/361 545/542/168
f  545/542/168 544/541/361 546/543/173
f  544/541/361 543/540/49 547/544/58
f  544/541/361 547/544/58 548/545/101
f  544/541/361 548/545/101 549/546/138
f  550/547/178 551/548/362 552/549/180
f  552/549/180 551/548/362 553/550/183
f  551/548/362 550/547/178 554/551/363
f  551/548/362 554/551/363 553/550/183
f  553/550/183 554/551/363 550/547/178
f  553/550/183 550/547/178 555/552/177
f  553/550/183 555/552/177 556/553/364
f  556/553/364 555/552/177 557/554/174
f  553/550/183 556/553/364 558/555/365
f  553/550/183 558/555/365 559/556/184
f  559/556/184 558/555/365 560/557/198
f  558/555/365 556/553/364 561/558/366
f  561/558/366 556/553/364 557/554/174
f  561/558/366 557/554/174 562/559/175
f  563/560/367 564/561/368 565/562/140
f  565/562/140 564/561/368 566/563/139
f  566/563/139 564/561/368 567/564/138
f  564/561/368 563/560/367 568/565/369
f  568/565/369 563/560/367 569/566/370
f  568/565/369 569/566/370 570/567/371
f  564/561/368 568/565/369 571/568/372
f  564/561/368 571/568/372 572/569/373
f  564/561/368 572/569/373 567/564/138
f  567/564/138 572/569/373 573/570/374
f  573/570/374 572/569/373 574/571/375
f  575/572/361 576/573/138 577/574/173
f  577/574/173 576/573/138 578/575/374
f  579/576/376 580/577/175 577/574/173
f  579/576/376 577/574/173 581/578/377
f  582/579/372 583/580/378 581/578/377
f  582/579/372 581/578/377 584/581/379
f  584/581/379 581/578/377 577/574/173
f  582/579/372 584/581/379 585/582/373
f  585/582/373 584/581/379 586/583/380
f  586/583/380 584/581/379 587/584/381
f  588/585/382 587/584/381 578/575/374
f  587/584/381 584/581/379 589/586/383
f  589/586/383 584/581/379 577/574/173
f  587/584/381 589/586/383 578/575/374
f  590/587/384 577/574/173 578/575/374
f  577/574/173 590/587/384 589/586/383
f  590/587/384 578/575/374 591/588/385
f  591/588/385 578/575/374 589/586/383
f  589/586/383 590/587/384 592/589/386
f  592/589/386 590/587/384 591/588/385
f  591/588/385 589/586/383 593/590/387
f  591/588/385 593/590/387 592/589/386
f  592/589/386 593/590/387 589/586/383
f  594/591/388 595/592/389 596/593/390
f  596/593/390 595/592/389 597/594/391
f  596/593/390 597/594/391 598/595/392
f  597/594/391 595/592/389 599/596/393
f  597/594/391 599/596/393 598/595/392
f  599/596/393 595/592/389 594/591/388
f  596/593/390 598/595/392 600/597/394
f  600/597/394 598/595/392 599/596/393
f  600/597/394 599/596/393 601/598/395
f  599/596/393 594/591/388 602/599/396
f  602/599/396 594/591/388 603/600/397
f  601/598/395 599/596/393 604/601/398
f  604/601/398 599/596/393 605/602/399
f  605/602/399 599/596/393 602/599/396
f  604/601/398 605/602/399 601/598/395
f  600/597/394 601/598/395 606/603/400
f  600/597/394 606/603/400 607/604/401
f  602/599/396 603/600/397 608/605/402
f  602/599/396 608/605/402 605/602/399
f  609/606/403 610/607/404 603/600/397
f  603/600/397 610/607/404 608/605/402
f  601/598/395 605/602/399 611/608/405
f  611/608/405 605/602/399 608/605/402
f  612/609/406 606/603/400 601/598/395
f  612/609/406 601/598/395 611/608/405
f  613/610/404 606/603/400 614/611/407
f  614/611/407 606/603/400 612/609/406
f  615/612/408 614/611/407 616/613/409
f  617/614/410 610/607/404 616/613/409
f  610/607/404 617/614/410 608/605/402
f  616/613/409 614/611/407 618/615/411
f  616/613/409 618/615/411 617/614/410
f  618/615/411 614/611/407 612/609/406
f  617/614/410 618/615/411 619/616/412
f  619/616/412 618/615/411 620/617/413
f  619/616/412 620/617/413 617/614/410
f  620/617/413 618/615/411 612/609/406
f  617/614/410 620/617/413 608/605/402
f  621/618/414 611/608/405 608/605/402
f  611/608/405 621/618/414 612/609/406
f  621/618/414 608/605/402 622/619/415
f  621/618/414 622/619/415 623/620/416
f  623/620/416 622/619/415 608/605/402
f  621/618/414 623/620/416 612/609/406
f  623/620/416 608/605/402 624/621/417
f  623/620/416 624/621/417 612/609/406
f  624/621/417 608/605/402 625/622/418
f  624/621/417 625/622/418 612/609/406
f  626/623/419 608/605/402 620/617/413
f  608/605/402 626/623/419 625/622/418
f  627/624/420 620/617/413 612/609/406
f  620/617/413 627/624/420 626/623/419
f  627/624/420 612/609/406 625/622/418
f  625/622/418 626/623/419 628/625/421
f  625/622/418 628/625/421 627/624/420
f  627/624/420 628/625/421 626/623/419
f  629/626/378 630/627/388 631/628/422
f  630/627/388 629/626/378 632/629/423
f  632/629/423 629/626/378 633/630/424
f  633/630/424 629/626/378 634/631/425
f  634/631/425 629/626/378 635/632/426
f  635/632/426 629/626/378 636/633/372
f  635/632/426 636/633/372 637/634/427
f  637/634/427 636/633/372 638/635/369
f  639/636/428 640/637/429 641/638/430
f  640/637/429 639/636/428 642/639/390
f  642/639/390 639/636/428 641/638/430
f  640/637/429 642/639/390 643/640/431
f  640/637/429 643/640/431 641/638/430
f  642/639/390 641/638/430 644/641/432
f  642/639/390 644/641/432 645/642/388
f  645/642/388 644/641/432 646/643/422
f  646/643/422 644/641/432 647/644/433
f  643/640/431 642/639/390 648/645/394
f  643/640/431 648/645/394 649/646/434
f  649/646/434 648/645/394 650/647/435
f  650/647/435 648/645/394 651/648/394
f  651/648/394 648/645/394 652/649/436
f  652/649/436 648/645/394 653/650/401
f  654/651/437 655/652/438 647/644/433
f  654/651/437 647/644/433 644/641/432
f  656/653/439 643/640/431 654/651/437
f  656/653/439 654/651/437 657/654/440
f  657/654/440 654/651/437 658/655/441
f  657/654/440 658/655/441 656/653/439
f  658/655/441 654/651/437 659/656/442
f  659/656/442 654/651/437 644/641/432
f  658/655/441 659/656/442 660/657/443
f  658/655/441 660/657/443 661/658/444
f  661/658/444 660/657/443 659/656/442
f  658/655/441 661/658/444 656/653/439
f  656/653/439 661/658/444 662/659/445
f  662/659/445 661/658/444 659/656/442
f  662/659/445 659/656/442 656/653/439
f  663/660/446 643/640/431 656/653/439
f  663/660/446 656/653/439 659/656/442
f  643/640/431 663/660/446 641/638/430
f  664/661/429 659/656/442 644/641/432
f  659/656/442 664/661/429 663/660/446
f  665/662/447 644/641/432 641/638/430
f  665/662/447 641/638/430 663/660/446
f  664/661/429 644/641/432 666/663/448
f  664/661/429 666/663/448 663/660/446
f  666/663/448 644/641/432 665/662/447
f  663/660/446 666/663/448 667/664/447
f  663/660/446 667/664/447 665/662/447
f  665/662/447 667/664/447 666/663/448
f  668/665/449 669/666/449 670/667/449
f  671/668/378 672/669/422 673/670/450
f  673/670/450 672/669/422 674/671/433
f  671/668/378 673/670/450 675/672/377
f  675/672/377 673/670/450 676/673/376
f  677/674/433 678/675/175 679/676/450
f  679/676/450 678/675/175 680/677/376
f  678/675/175 677/674/433 681/678/451
f  681/678/451 677/674/433 682/679/438
f  683/680/452 684/681/452 685/682/452
f  686/683/453 687/684/453 688/685/453
f  689/686/371 690/687/427 691/688/369
f  690/687/427 689/686/371 692/689/370
f  690/687/427 692/689/370 693/690/454
f  693/690/454 692/689/370 694/691/367
f  693/690/454 694/691/367 695/692/455
f  695/692/455 694/691/367 696/693/456
f  697/694/316 698/695/457 699/696/315
f  698/695/457 697/694/316 700/697/321
f  699/696/315 698/695/457 701/698/458
f  701/698/458 698/695/457 700/697/321
f  699/696/315 701/698/458 702/699/313
f  701/698/458 700/697/321 703/700/459
f  701/698/458 703/700/459 704/701/460
f  701/698/458 704/701/460 702/699/313
f  704/701/460 703/700/459 705/702/461
f  704/701/460 705/702/461 702/699/313
f  705/702/461 703/700/459 700/697/321
f  702/699/313 705/702/461 706/703/462
f  706/703/462 705/702/461 700/697/321
f  702/699/313 706/703/462 707/704/463
f  707/704/463 706/703/462 700/697/321
f  702/699/313 707/704/463 708/705/464
f  702/699/313 708/705/464 709/706/314
f  707/704/463 700/697/321 710/707/328
f  710/707/328 700/697/321 711/708/351
f  710/707/328 711/708/351 712/709/350
f  710/707/328 712/709/350 713/710/324
f  708/705/464 707/704/463 714/711/465
f  714/711/465 707/704/463 710/707/328
f  709/706/314 708/705/464 715/712/466
f  715/712/466 708/705/464 714/711/465
f  715/712/466 714/711/465 709/706/314
f  709/706/314 714/711/465 716/713/467
f  716/713/467 714/711/465 717/714/468
f  716/713/467 717/714/468 709/706/314
f  717/714/468 714/711/465 718/715/465
f  718/715/465 714/711/465 710/707/328
f  717/714/468 718/715/465 709/706/314
f  718/715/465 710/707/328 719/716/469
f  718/715/465 719/716/469 709/706/314
f  719/716/469 710/707/328 720/717/469
f  719/716/469 720/717/469 709/706/314
f  721/718/326 722/719/329 710/707/328
f  723/720/333 724/721/265 722/719/329
f  722/719/329 724/721/265 725/722/470
f  722/719/329 725/722/470 710/707/328
f  725/722/470 724/721/265 726/723/264
f  710/707/328 725/722/470 727/724/313
f  727/724/313 725/722/470 726/723/264
f  710/707/328 727/724/313 720/717/469
f  727/724/313 726/723/264 728/725/471
f  720/717/469 727/724/313 729/726/472
f  720/717/469 729/726/472 730/727/473
f  729/726/472 727/724/313 731/728/474
f  729/726/472 731/728/474 730/727/473
f  720/717/469 730/727/473 732/729/475
f  720/717/469 732/729/475 709/706/314
f  730/727/473 731/728/474 733/730/476
f  733/730/476 731/728/474 734/731/477
f  730/727/473 733/730/476 735/732/478
f  735/732/478 733/730/476 734/731/477
f  735/732/478 734/731/477 731/728/474
f  735/732/478 731/728/474 727/724/313
f  730/727/473 735/732/478 736/733/479
f  736/733/479 735/732/478 727/724/313
f  736/733/479 727/724/313 737/734/480
f  737/734/480 727/724/313 728/725/471
f  738/735/305 709/706/314 739/736/481
f  739/736/481 709/706/314 740/737/482
f  740/737/482 709/706/314 741/738/314
f  740/737/482 741/738/314 739/736/481
f  741/738/314 709/706/314 732/729/475
f  739/736/481 741/738/314 742/739/483
f  742/739/483 741/738/314 743/740/484
f  743/740/484 741/738/314 732/729/475
f  742/739/483 743/740/484 744/741/485
f  744/741/485 743/740/484 732/729/475
f  742/739/483 744/741/485 745/742/486
f  745/742/486 744/741/485 732/729/475
f  742/739/483 745/742/486 746/743/487
f  746/743/487 745/742/486 732/729/475
f  742/739/483 746/743/487 747/744/488
f  746/743/487 732/729/475 748/745/489
f  746/743/487 748/745/489 747/744/488
f  748/745/489 732/729/475 749/746/490
f  748/745/489 749/746/490 747/744/488
f  747/744/488 749/746/490 750/747/491
f  747/744/488 750/747/491 751/748/492
f  752/749/227 753/750/226 754/751/493
f  754/751/493 753/750/226 755/752/228
f  752/749/227 754/751/493 756/753/226
f  754/751/493 755/752/228 757/754/226
f  754/751/493 757/754/226 758/755/494
f  758/755/494 757/754/226 759/756/344
f  754/751/493 758/755/494 760/757/495
f  754/751/493 760/757/495 756/753/226
f  756/753/226 760/757/495 761/758/231
f  756/753/226 761/758/231 762/759/230
f  758/755/494 759/756/344 763/760/496
f  763/760/496 759/756/344 764/761/497
f  764/761/497 759/756/344 765/762/346
f  763/760/496 764/761/497 766/763/498
f  766/763/498 764/761/497 767/764/340
f  766/763/498 767/764/340 768/765/341
f  767/764/340 764/761/497 769/766/339
f  769/766/339 764/761/497 770/767/347
f  770/767/347 764/761/497 771/768/499
f  770/767/347 771/768/499 772/769/346
f  773/770/500 774/771/500 775/772/500
f  776/773/355 777/774/356 778/775/341
f  778/775/341 777/774/356 779/776/308
f  778/775/341 779/776/308 780/777/501
f  781/778/145 782/779/231 783/780/495
f  781/778/145 783/780/495 784/781/142
f  784/781/142 783/780/495 785/782/455
f  784/781/142 785/782/455 786/783/456
f  784/781/142 786/783/456 787/784/140
f  787/784/140 786/783/456 788/785/367
f  789/786/502 790/787/503 791/788/504
f  791/788/504 790/787/503 792/789/505
f  791/788/504 792/789/505 789/786/502
f  793/790/305 794/791/481 795/792/483
f  793/790/305 795/792/483 796/793/488
f  793/790/305 796/793/488 797/794/308
f  798/795/501 799/796/308 800/797/506
f  800/797/506 799/796/308 801/798/488
f  798/795/501 800/797/506 802/799/507
f  802/799/507 800/797/506 803/800/508
f  804/801/488 805/802/492 806/803/506
f  806/803/506 805/802/492 807/804/509
f  806/803/506 807/804/509 808/805/510
f  808/805/510 807/804/509 805/802/492
f  806/803/506 808/805/510 809/806/511
f  808/805/510 805/802/492 810/807/491
f  809/806/511 808/805/510 811/808/512
f  809/806/511 811/808/512 812/809/508
f  812/809/508 811/808/512 813/810/513
f  813/810/513 811/808/512 814/811/514
f  814/811/514 811/808/512 815/812/515
f  808/805/510 810/807/491 816/813/516
f  808/805/510 816/813/516 811/808/512
f  816/813/516 810/807/491 817/814/475
f  817/814/475 810/807/491 818/815/490
f  816/813/516 817/814/475 819/816/323
f  819/816/323 817/814/475 820/817/473
f  819/816/323 820/817/473 821/818/479
f  816/813/516 819/816/323 822/819/517
f  816/813/516 822/819/517 811/808/512
f  819/816/323 821/818/479 823/820/518
f  819/816/323 823/820/518 822/819/517
f  823/820/518 821/818/479 824/821/480
f  823/820/518 824/821/480 825/822/519
f  823/820/518 825/822/519 826/823/520
f  823/820/518 826/823/520 827/824/521
f  823/820/518 827/824/521 828/825/471
f  823/820/518 828/825/471 829/826/522
f  823/820/518 829/826/522 830/827/523
f  823/820/518 830/827/523 831/828/524
f  823/820/518 831/828/524 832/829/525
f  823/820/518 832/829/525 822/819/517
f  832/829/525 831/828/524 833/830/526
f  832/829/525 833/830/526 834/831/527
f  822/819/517 832/829/525 835/832/528
f  835/832/528 832/829/525 834/831/527
f  822/819/517 835/832/528 811/808/512
f  835/832/528 834/831/527 836/833/529
f  811/808/512 835/832/528 815/812/515
f  815/812/515 835/832/528 836/833/529
f  837/834/455 838/835/495 839/836/494
f  837/834/455 839/836/494 840/837/342
f  837/834/455 840/837/342 841/838/530
f  842/839/494 843/840/496 844/841/342
f  844/841/342 843/840/496 845/842/531
f  846/843/341 847/844/501 848/845/507
f  846/843/341 848/845/507 849/846/498
f  849/846/498 848/845/507 850/847/532
f  849/846/498 850/847/532 851/848/496
f  850/847/532 848/845/507 852/849/533
f  851/848/496 850/847/532 853/850/531
f  850/847/532 852/849/533 854/851/534
f  850/847/532 854/851/534 853/850/531
f  853/850/531 854/851/534 855/852/535
f  856/853/506 857/854/511 858/855/508
f  856/853/506 858/855/508 859/856/508
f  858/855/508 857/854/511 860/857/536
f  860/857/536 857/854/511 861/858/508
f  860/857/536 861/858/508 862/859/508
f  860/857/536 862/859/508 863/860/408
f  860/857/536 863/860/408 864/861/409
f  860/857/536 864/861/409 865/862/404
f  860/857/536 865/862/404 866/863/537
f  858/855/508 860/857/536 867/864/538
f  867/864/538 860/857/536 866/863/537
f  867/864/538 866/863/537 858/855/508
f  858/855/508 866/863/537 868/865/539
f  858/855/508 868/865/539 869/866/540
f  869/866/540 868/865/539 866/863/537
f  869/866/540 866/863/537 870/867/541
f  871/868/403 872/869/388 873/870/423
f  872/869/388 871/868/403 874/871/397
f  871/868/403 873/870/423 875/872/424
f  871/868/403 875/872/424 876/873/427
f  871/868/403 876/873/427 877/874/542
f  876/873/427 875/872/424 878/875/426
f  878/875/426 875/872/424 879/876/425
f  880/877/507 881/878/508 882/879/543
f  880/877/507 882/879/543 883/880/544
f  884/881/542 885/882/404 886/883/403
f  885/882/404 884/881/542 887/884/537
f  888/885/545 889/886/546 890/887/547
f  888/885/545 890/887/547 891/885/548
f  892/888/508 893/889/508 894/890/540
f  892/888/508 894/890/540 895/891/541
f  892/888/508 895/891/541 896/892/549
f  896/892/549 895/891/541 897/893/550
f  898/894/543 899/895/508 900/896/551
f  898/894/543 900/896/551 901/897/552
f  902/898/507 903/899/508 904/900/510
f  902/898/507 904/900/510 905/901/533
f  903/899/508 902/898/507 906/902/553
f  905/901/533 904/900/510 907/903/554
f  906/902/553 902/898/507 908/904/544
f  907/903/554 904/900/510 909/905/555
f  907/903/554 909/905/555 910/906/556
f  909/905/555 904/900/510 911/907/557
f  906/902/553 908/904/544 912/908/558
f  912/908/558 908/904/544 913/909/559
f  912/908/558 913/909/559 906/902/553
f  906/902/553 913/909/559 914/910/560
f  915/911/508 916/912/508 917/913/561
f  915/911/508 917/913/561 918/914/562
f  917/913/561 916/912/508 919/915/563
f  917/913/561 919/915/563 920/916/564
f  916/912/508 915/911/508 921/917/543
f  921/917/543 915/911/508 922/918/565
f  916/912/508 921/917/543 923/919/566
f  924/920/567 925/921/454 926/922/455
f  924/920/567 926/922/455 927/923/530
f  925/921/454 924/920/567 928/924/531
f  925/921/454 928/924/531 929/925/427
f  929/925/427 928/924/531 930/926/542
f  931/927/551 932/928/508 933/929/562
f  931/927/551 933/929/562 934/930/568
f  935/931/543 936/932/569 937/933/544
f  937/933/544 936/932/569 938/934/570
f  938/934/570 936/932/569 939/935/571
f  938/934/570 939/935/571 940/936/572
f  940/936/572 939/935/571 936/932/569
f  940/936/572 936/932/569 941/937/573
f  942/938/574 943/939/575 944/940/576
f  943/939/575 942/938/574 945/941/577
f  945/941/577 942/938/574 944/940/576
f  945/941/577 944/940/576 946/942/578
f  947/943/579 948/944/579 949/945/579
f  950/946/560 951/947/559 952/948/580
f  952/948/580 951/947/559 953/949/581
f  953/949/581 951/947/559 954/950/544
f  953/949/581 954/950/544 955/951/552
f  955/951/552 954/950/544 956/952/570
f  957/953/582 958/954/582 959/955/582
f  960/956/583 961/957/584 962/958/572
f  961/957/584 960/956/583 963/959/585
f  964/960/586 965/961/587 966/962/584
f  965/961/587 964/960/586 967/963/588
f  964/960/586 966/962/584 968/964/585
f  969/965/587 970/966/589 971/967/584
f  970/966/589 969/965/587 972/968/590
f  970/966/589 972/968/590 971/967/584
f  971/967/584 972/968/590 973/969/591
f  973/969/591 972/968/590 974/970/586
f  971/967/584 973/969/591 975/971/573
f  975/971/573 973/969/591 976/972/583
f  977/973/592 978/974/593 979/975/594
f  977/973/592 979/975/594 980/976/591
f  979/975/594 978/974/593 981/977/595
f  981/977/595 978/974/593 982/978/596
f  981/977/595 982/978/596 983/979/562
f  983/979/562 982/978/596 978/974/593
f  984/980/561 985/981/592 986/982/595
f  986/982/595 985/981/592 987/983/594
f  984/980/561 986/982/595 988/984/562
f  989/985/597 990/986/564 991/987/598
f  992/988/599 993/989/600 994/990/600
f  994/990/600 993/989/600 995/991/601
f  996/992/602 997/993/603 998/994/604
f  998/994/604 997/993/603 999/995/605
f  999/995/605 997/993/603 1000/996/606
f  1001/997/607 1002/998/608 1003/999/608
f  1003/999/608 1002/998/608 1004/1000/609
f  1005/1001/610 1006/1002/610 1007/1003/610
f  1008/1004/611 1009/1005/611 1010/1006/611
f  1011/1007/612 1012/1008/612 1013/1009/612
f  1014/1010/613 1015/1011/613 1016/1012/613
f  1017/1013/570 1018/1014/572 1019/1015/614
f  1017/1013/570 1019/1015/614 1020/1016/615
f  1017/1013/570 1020/1016/615 1021/1017/552
f  1020/1016/615 1019/1015/614 1022/1018/616
f  1020/1016/615 1022/1018/616 1021/1017/552
f  1021/1017/552 1022/1018/616 1019/1015/614
f  1021/1017/552 1019/1015/614 1023/1019/573
f  1021/1017/552 1023/1019/573 1024/1020/569
f  1021/1017/552 1024/1020/569 1025/1021/617
f  1021/1017/552 1025/1021/617 1026/1022/585
f  1021/1017/552 1026/1022/585 1027/1023/588
f  1027/1023/588 1026/1022/585 1028/1024/591
f  1028/1024/591 1026/1022/585 1029/1025/583
f  1030/1026/572 1031/1027/584 1032/1028/614
f  1032/1028/614 1031/1027/584 1033/1029/573
f  1034/1030/618 1035/1031/549 1036/1032/619
f  1035/1031/549 1034/1030/618 1037/1033/508
f  1034/1030/618 1036/1032/619 1038/1034/620
f  1038/1034/620 1036/1032/619 1039/1035/550
f  1038/1034/620 1039/1035/550 1040/1036/621
f  1036/1032/619 1035/1031/549 1041/1037/622
f  1041/1037/622 1035/1031/549 1039/1035/550
f  1041/1037/622 1039/1035/550 1036/1032/619
f  1042/1038/623 1043/1039/623 1044/1040/623
f  1045/1041/569 1046/1042/543 1047/1043/617
f  1048/1044/572 1047/1043/617 1049/1045/583
f  1049/1045/583 1047/1043/617 1046/1042/543
f  1049/1045/583 1046/1042/543 1050/1046/573
f  1051/1047/591 1052/1048/586 1046/1042/543
f  1046/1042/543 1052/1048/586 1053/1049/585
f  1046/1042/543 1053/1049/585 1050/1046/573
f  1050/1046/573 1053/1049/585 1054/1050/617
f  1050/1046/573 1054/1050/617 1055/1051/572
f  1056/1052/588 1057/1053/543 1058/1054/587
f  1057/1053/543 1056/1052/588 1059/1055/591
f  1058/1054/587 1057/1053/543 1060/1056/590
f  1060/1056/590 1057/1053/543 1061/1057/552
f  1062/1058/561 1063/1059/564 1064/1060/597
f  1065/1061/624 1066/1062/624 1067/1063/624
f  1068/1064/625 1069/1065/626 1070/1066/626
f  1070/1066/626 1069/1065/626 1071/1067/627
f  1072/1068/628 1073/1069/629 1074/1070/630
f  1072/1068/628 1074/1070/630 1075/1071/631
f  1073/1069/629 1072/1068/628 1076/1072/629
f  1074/1070/630 1073/1069/629 1077/1073/632
f  1073/1069/629 1076/1072/629 1078/1074/633
f  1073/1069/629 1078/1074/633 1077/1073/632
f  1079/1075/634 1080/1076/635 1081/1077/636
f  1079/1075/634 1081/1077/636 1082/1078/637
f  1082/1078/637 1081/1077/636 1080/1076/635
f  1080/1076/635 1079/1075/634 1083/1079/638
f  1083/1079/638 1079/1075/634 1084/1080/639
f  1084/1080/639 1079/1075/634 1082/1078/637
f  1080/1076/635 1083/1079/638 1085/1081/640
f  1085/1081/640 1083/1079/638 1086/1082/581
f  1080/1076/635 1085/1081/640 1087/1083/641
f  1080/1076/635 1087/1083/641 1082/1078/637
f  1082/1078/637 1087/1083/641 1085/1081/640
f  1085/1081/640 1086/1082/581 1088/1084/552
f  1085/1081/640 1088/1084/552 1082/1078/637
f  1082/1078/637 1088/1084/552 1089/1085/642
f  1082/1078/637 1089/1085/642 1090/1086/643
f  1089/1085/642 1088/1084/552 1091/1087/531
f  1089/1085/642 1091/1087/531 1092/1088/535
f  1091/1087/531 1088/1084/552 1093/1089/644
f  1091/1087/531 1093/1089/644 1094/1090/542
f  1094/1090/542 1093/1089/644 1095/1091/537
f  1093/1089/644 1088/1084/552 1096/1092/645
f  1093/1089/644 1096/1092/645 1097/1093/646
f  1093/1089/644 1097/1093/646 1098/1094/647
f  1099/1095/590 1100/1096/588 1101/1097/586
f  1100/1096/588 1099/1095/590 1102/1098/552
f  1103/1099/592 1104/1100/591 1105/1101/593
f  1105/1101/593 1104/1100/591 1106/1102/648
f  1105/1101/593 1106/1102/648 1107/1103/568
f  1105/1101/593 1107/1103/568 1108/1104/562
f  1109/1105/649 1110/1106/650 1111/1107/651
f  1110/1106/650 1109/1105/649 1112/1108/594
f  1110/1106/650 1112/1108/594 1113/1109/652
f  1114/1110/653 1115/1111/653 1116/1112/653
f  1117/1113/654 1118/1114/655 1119/1115/656
f  1118/1114/655 1117/1113/654 1120/1116/657
f  1118/1114/655 1120/1116/657 1121/1117/563
f  1122/1118/658 1123/1119/659 1124/1119/660
f  1123/1119/659 1122/1118/658 1125/1120/661
f  1122/1118/658 1124/1119/660 1126/1121/541
f  1126/1121/541 1124/1119/660 1123/1119/659
f  1126/1121/541 1123/1119/659 1125/1120/661
f  1122/1118/658 1126/1121/541 1127/1122/662
f  1126/1121/541 1125/1120/661 1128/1123/663
f  1126/1121/541 1128/1123/663 1129/1124/621
f  1130/1125/594 1131/1126/648 1132/1127/591
f  1131/1126/648 1130/1125/594 1133/1128/664
f  1133/1128/664 1130/1125/594 1134/1129/649
f  1135/1130/594 1136/1131/592 1137/1132/665
f  1138/1133/666 1139/1134/666 1140/1135/666
f  1141/1136/667 1142/1137/667 1143/1138/667
f  1144/1139/668 1145/1140/669 1146/1141/669
f  1146/1141/669 1145/1140/669 1147/1142/670
f  1148/1143/671 1149/1144/671 1150/1145/671
f  1151/1146/672 1152/1147/672 1153/1148/672
f  1154/1149/673 1155/1150/568 1156/1151/648
f  1155/1150/568 1154/1149/673 1157/1152/551
f  1158/1153/674 1159/1154/674 1160/1155/674
f  1161/1156/675 1162/1157/675 1163/1158/675
f  1164/1159/664 1165/1160/649 1166/1160/676
f  1164/1159/664 1166/1160/676 1167/1161/677
f  1164/1159/664 1167/1161/677 1168/1162/648
f  1169/1163/651 1170/1164/676 1171/1165/649
f  1170/1164/676 1169/1163/651 1172/1166/650
f  1170/1164/676 1172/1166/650 1173/1167/677
f  1173/1167/677 1172/1166/650 1174/1168/652
f  1175/1169/678 1176/1170/678 1177/1171/678
f  1178/1172/679 1179/1173/679 1180/1174/679
f  1181/1175/680 1182/1176/680 1183/1177/680
f  1184/1178/656 1185/1179/655 1186/1180/644
f  1186/1180/644 1185/1179/655 1187/1181/563
f  1188/1182/681 1189/1183/681 1190/1184/681
f  1191/1185/682 1192/1186/682 1193/1187/682
f  1194/1188/621 1195/1189/541 1196/1190/550
f  1197/1191/563 1198/1192/508 1199/1193/644
f  1199/1193/644 1198/1192/508 1200/1194/541
f  1199/1193/644 1200/1194/541 1201/1195/537
f  1202/1196/683 1203/1197/684 1204/1198/255
f  1202/1196/683 1204/1198/255 1205/1199/605
f  1202/1196/683 1205/1199/605 1206/1200/17
f  1206/1200/17 1205/1199/605 1207/1201/16
f  1202/1196/683 1206/1200/17 1208/1202/685
f  1202/1196/683 1208/1202/685 1203/1197/684
f  1208/1202/685 1206/1200/17 1209/1203/19
f  1208/1202/685 1209/1203/19 1210/1204/121
f  1208/1202/685 1210/1204/121 1211/1205/686
f  1208/1202/685 1211/1205/686 1203/1197/684
f  1203/1197/684 1211/1205/686 1212/1206/687
f  1213/1207/14 1207/1201/16 1205/1199/605
f  1214/1208/688 1204/1198/255 1203/1197/684
f  1214/1208/688 1203/1197/684 1212/1206/687
f  1204/1198/255 1214/1208/688 1205/1199/605
f  1213/1207/14 1205/1199/605 1215/1209/276
f  1213/1207/14 1215/1209/276 1216/1210/15
f  1216/1210/15 1215/1209/276 1217/1211/689
f  1215/1209/276 1205/1199/605 1218/1212/690
f  1218/1212/690 1205/1199/605 1214/1208/688
f  1215/1209/276 1218/1212/690 1219/1213/273
f  1219/1213/273 1218/1212/690 1220/1214/268
f  1221/1215/691 1214/1208/688 1212/1206/687
f  1221/1215/691 1212/1206/687 1222/1216/692
f  1223/1217/693 1224/1218/694 1221/1215/691
f  1221/1215/691 1224/1218/694 1225/1219/695
f  1220/1214/268 1218/1212/690 1226/1220/696
f  1226/1220/696 1218/1212/690 1214/1208/688
f  1220/1214/268 1226/1220/696 1227/1221/697
f  1227/1221/697 1226/1220/696 1228/1222/698
f  1227/1221/697 1228/1222/698 1220/1214/268
f  1228/1222/698 1226/1220/696 1229/1223/699
f  1229/1223/699 1226/1220/696 1214/1208/688
f  1229/1223/699 1214/1208/688 1228/1222/698
f  1228/1222/698 1214/1208/688 1220/1214/268
f  1230/1224/700 1214/1208/688 1221/1215/691
f  1214/1208/688 1230/1224/700 1220/1214/268
f  1220/1214/268 1230/1224/700 1231/1225/701
f  1220/1214/268 1231/1225/701 1232/1226/270
f  1232/1226/270 1231/1225/701 1230/1224/700
f  1232/1226/270 1230/1224/700 1221/1215/691
f  1232/1226/270 1221/1215/691 1225/1219/695
f  1232/1226/270 1225/1219/695 1233/1227/271
f  1233/1227/271 1225/1219/695 1234/1228/702
f  1233/1227/271 1234/1228/702 1235/1229/703
f  1236/1230/704 1237/1231/704 1238/1232/704
f  1239/1233/705 1240/1234/282 1241/1235/285
f  1239/1233/705 1241/1235/285 1242/1236/257
f  1239/1233/705 1242/1236/257 1243/1237/706
f  1239/1233/705 1243/1237/706 1244/1238/707
f  1239/1233/705 1244/1238/707 1240/1234/282
f  1244/1238/707 1243/1237/706 1245/1239/708
f  1245/1239/708 1243/1237/706 1242/1236/257
f  1244/1238/707 1245/1239/708 1246/1240/709
f  1244/1238/707 1246/1240/709 1240/1234/282
f  1240/1234/282 1246/1240/709 1245/1239/708
f  1245/1239/708 1242/1236/257 1247/1241/710
f  1245/1239/708 1247/1241/710 1240/1234/282
f  1240/1234/282 1247/1241/710 1242/1236/257
f  1240/1234/282 1242/1236/257 1248/1242/711
f  1240/1234/282 1248/1242/711 1249/1243/712
f  1240/1234/282 1249/1243/712 1250/1244/277
f  1248/1242/711 1242/1236/257 1251/1245/713
f  1248/1242/711 1251/1245/713 1249/1243/712
f  1249/1243/712 1251/1245/713 1242/1236/257
f  1252/1246/276 1250/1244/277 1253/1247/689
f  1253/1247/689 1250/1244/277 1249/1243/712
f  1249/1243/712 1242/1236/257 1254/1248/714
f  1249/1243/712 1254/1248/714 1255/1249/715
f  1255/1249/715 1254/1248/714 1242/1236/257
f  1249/1243/712 1255/1249/715 1256/1250/716
f  1256/1250/716 1255/1249/715 1242/1236/257
f  1249/1243/712 1256/1250/716 1253/1247/689
f  1256/1250/716 1242/1236/257 1257/1251/717
f  1256/1250/716 1257/1251/717 1253/1247/689
f  1257/1251/717 1242/1236/257 1258/1252/718
f  1257/1251/717 1258/1252/718 1259/1253/719
f  1259/1253/719 1258/1252/718 1242/1236/257
f  1253/1247/689 1257/1251/717 1260/1254/720
f  1260/1254/720 1257/1251/717 1259/1253/719
f  1253/1247/689 1260/1254/720 1261/1255/721
f  1261/1255/721 1260/1254/720 1262/1256/722
f  1261/1255/721 1262/1256/722 1253/1247/689
f  1262/1256/722 1260/1254/720 1259/1253/719
f  1262/1256/722 1259/1253/719 1253/1247/689
f  1259/1253/719 1242/1236/257 1263/1257/723
f  1259/1253/719 1263/1257/723 1264/1258/724
f  1259/1253/719 1264/1258/724 1253/1247/689
f  1263/1257/723 1242/1236/257 1265/1259/725
f  1263/1257/723 1265/1259/725 1264/1258/724
f  1265/1259/725 1242/1236/257 1266/1260/726
f  1266/1260/726 1242/1236/257 1267/1261/255
f  1266/1260/726 1267/1261/255 1268/1262/727
f  1266/1260/726 1268/1262/727 1253/1247/689
f  1266/1260/726 1253/1247/689 1265/1259/725
f  1264/1258/724 1265/1259/725 1269/1263/728
f  1269/1263/728 1265/1259/725 1253/1247/689
f  1264/1258/724 1269/1263/728 1270/1264/721
f  1264/1258/724 1270/1264/721 1253/1247/689
f  1253/1247/689 1270/1264/721 1269/1263/728
f  1271/1265/729 1272/1266/729 1273/1267/729
f  1274/1268/255 1275/1269/689 1276/1270/727
f  1275/1269/689 1274/1268/255 1277/1271/727
f  1275/1269/689 1277/1271/727 1278/1272/15
f  1278/1272/15 1277/1271/727 1274/1268/255
f  1278/1272/15 1274/1268/255 1279/1273/84
f  1279/1273/84 1274/1268/255 1280/1274/730
f  1279/1273/84 1280/1274/730 1281/1275/727
f  1280/1274/730 1274/1268/255 1282/1276/731
f  1280/1274/730 1282/1276/731 1281/1275/727
f  1281/1275/727 1282/1276/731 1279/1273/84
f  1282/1276/731 1274/1268/255 1283/1277/90
f  1282/1276/731 1283/1277/90 1279/1273/84
f  1284/1278/121 1285/1279/732 1286/1280/686
f  1286/1280/686 1285/1279/732 1287/1281/733
f  1287/1281/733 1285/1279/732 1288/1282/734
f  1288/1282/734 1285/1279/732 1289/1283/735
f  1289/1283/735 1285/1279/732 1290/1284/736
f  1290/1284/736 1285/1279/732 1291/1285/737
f  1291/1285/737 1285/1279/732 1292/1286/738
f  1292/1286/738 1285/1279/732 1284/1278/121
f  1292/1286/738 1284/1278/121 1293/1287/120
f  1292/1286/738 1293/1287/120 1294/1288/739
f  1295/1289/692 1296/1290/687 1297/1291/686
f  1295/1289/692 1297/1291/686 1298/1292/733
f  1295/1289/692 1298/1292/733 1299/1293/740
f  1295/1289/692 1299/1293/740 1300/1294/741
f  1301/1295/692 1302/1296/693 1303/1297/691
f  1302/1296/693 1301/1295/692 1304/1298/742
f  1302/1296/693 1304/1298/742 1305/1299/694
f  1304/1298/742 1301/1295/692 1306/1300/741
f  1307/1301/743 1308/1302/702 1309/1303/695
f  1308/1302/702 1307/1301/743 1310/1304/744
f  1308/1302/702 1310/1304/744 1311/1305/703
f  1310/1304/744 1307/1301/743 1312/1306/745
f  1312/1306/745 1307/1301/743 1311/1305/703
f  1310/1304/744 1312/1306/745 1313/1307/746
f  1310/1304/744 1313/1307/746 1311/1305/703
f  1311/1305/703 1313/1307/746 1312/1306/745
f  1311/1305/703 1307/1301/743 1314/1308/747
f  1314/1308/747 1307/1301/743 1315/1309/748
f  1314/1308/747 1315/1309/748 1311/1305/703
f  1315/1309/748 1307/1301/743 1316/1310/749
f  1315/1309/748 1316/1310/749 1317/1311/750
f  1315/1309/748 1317/1311/750 1318/1312/269
f  1315/1309/748 1318/1312/269 1311/1305/703
f  1311/1305/703 1318/1312/269 1319/1313/271
f  1320/1314/695 1321/1315/751 1322/1316/743
f  1321/1315/751 1320/1314/695 1323/1317/694
f  1324/1318/752 1325/1319/753 1322/1316/743
f  1324/1318/752 1322/1316/743 1321/1315/751
f  1326/1320/742 1327/1321/754 1323/1317/694
f  1323/1317/694 1327/1321/754 1321/1315/751
f  1321/1315/751 1327/1321/754 1328/1322/755
f  1324/1318/752 1321/1315/751 1329/1323/756
f  1324/1318/752 1329/1323/756 1330/1324/757
f  1321/1315/751 1328/1322/755 1331/1325/758
f  1329/1323/756 1321/1315/751 1332/1326/759
f  1332/1326/759 1321/1315/751 1333/1327/760
f  1332/1326/759 1333/1327/760 1334/1328/749
f  1333/1327/760 1321/1315/751 1335/1329/761
f  1333/1327/760 1335/1329/761 1334/1328/749
f  1335/1329/761 1321/1315/751 1331/1325/758
f  1331/1325/758 1328/1322/755 1336/1330/762
f  1336/1330/762 1328/1322/755 1337/1331/763
f  1331/1325/758 1336/1330/762 1334/1328/749
f  1336/1330/762 1337/1331/763 1338/1332/764
f  1338/1332/764 1337/1331/763 1339/1333/765
f  1336/1330/762 1338/1332/764 1334/1328/749
f  1331/1325/758 1334/1328/749 1340/1334/766
f  1331/1325/758 1340/1334/766 1335/1329/761
f  1341/1335/767 1334/1328/749 1335/1329/761
f  1340/1334/766 1334/1328/749 1342/1336/768
f  1342/1336/768 1334/1328/749 1341/1335/767
f  1340/1334/766 1342/1336/768 1335/1329/761
f  1342/1336/768 1341/1335/767 1343/1337/267
f  1342/1336/768 1343/1337/267 1335/1329/761
f  1335/1329/761 1343/1337/267 1341/1335/767
f  1344/1338/271 1329/1323/756 1332/1326/759
f  1329/1323/756 1344/1338/271 1345/1339/769
f  1345/1339/769 1344/1338/271 1346/1340/770
f  1345/1339/769 1346/1340/770 1347/1341/771
f  1345/1339/769 1347/1341/771 1329/1323/756
f  1346/1340/770 1344/1338/271 1330/1324/757
f  1346/1340/770 1330/1324/757 1347/1341/771
f  1329/1323/756 1347/1341/771 1348/1342/772
f  1348/1342/772 1347/1341/771 1330/1324/757
f  1329/1323/756 1348/1342/772 1349/1343/773
f  1349/1343/773 1348/1342/772 1330/1324/757
f  1329/1323/756 1349/1343/773 1350/1344/759
f  1329/1323/756 1350/1344/759 1330/1324/757
f  1330/1324/757 1350/1344/759 1349/1343/773
f  1351/1345/774 1330/1324/757 1344/1338/271
f  1330/1324/757 1351/1345/774 1352/1346/775
f  1352/1346/775 1351/1345/774 1344/1338/271
f  1353/1347/776 1354/1348/776 1355/1349/776
f  1356/1350/777 1357/1351/733 1358/1352/734
f  1356/1350/777 1358/1352/734 1359/1353/778
f  1356/1350/777 1359/1353/778 1360/1354/779
f  1359/1353/778 1358/1352/734 1361/1355/735
f  1359/1353/778 1361/1355/735 1362/1356/780
f  1359/1353/778 1362/1356/780 1363/1357/781
f  1362/1356/780 1361/1355/735 1364/1358/736
f  1365/1359/365 1363/1357/781 1366/1360/198
f  1366/1360/198 1363/1357/781 1362/1356/780
f  1362/1356/780 1364/1358/736 1367/1361/782
f  1367/1361/782 1364/1358/736 1368/1362/737
f  1367/1361/782 1368/1362/737 1362/1356/780
f  1366/1360/198 1362/1356/780 1369/1363/783
f  1366/1360/198 1369/1363/783 1370/1364/197
f  1370/1364/197 1369/1363/783 1371/1365/784
f  1362/1356/780 1368/1362/737 1372/1366/785
f  1372/1366/785 1368/1362/737 1373/1367/786
f  1372/1366/785 1373/1367/786 1374/1368/787
f  1374/1368/787 1373/1367/786 1368/1362/737
f  1372/1366/785 1374/1368/787 1362/1356/780
f  1362/1356/780 1374/1368/787 1375/1369/788
f  1375/1369/788 1374/1368/787 1368/1362/737
f  1362/1356/780 1375/1369/788 1376/1370/789
f  1376/1370/789 1375/1369/788 1368/1362/737
f  1362/1356/780 1376/1370/789 1377/1371/790
f  1377/1371/790 1376/1370/789 1368/1362/737
f  1362/1356/780 1377/1371/790 1369/1363/783
f  1377/1371/790 1368/1362/737 1378/1372/791
f  1377/1371/790 1378/1372/791 1369/1363/783
f  1369/1363/783 1378/1372/791 1368/1362/737
f  1369/1363/783 1368/1362/737 1379/1373/738
f  1369/1363/783 1379/1373/738 1380/1374/792
f  1369/1363/783 1380/1374/792 1371/1365/784
f  1380/1374/792 1379/1373/738 1381/1375/739
f  1382/1376/793 1371/1365/784 1381/1375/739
f  1380/1374/792 1381/1375/739 1383/1377/794
f  1380/1374/792 1383/1377/794 1371/1365/784
f  1383/1377/794 1381/1375/739 1384/1378/795
f  1371/1365/784 1383/1377/794 1385/1379/796
f  1385/1379/796 1383/1377/794 1384/1378/795
f  1381/1375/739 1371/1365/784 1386/1378/797
f  1386/1378/797 1371/1365/784 1385/1379/796
f  1381/1375/739 1386/1378/797 1384/1378/795
f  1384/1378/795 1386/1378/797 1385/1379/796
f  1387/1380/798 1388/1381/798 1389/1382/798
f  1390/1383/755 1391/1384/765 1392/1385/763
f  1391/1384/765 1390/1383/755 1393/1386/799
f  1391/1384/765 1393/1386/799 1394/1387/764
f  1394/1387/764 1393/1386/799 1390/1383/755
f  1394/1387/764 1390/1383/755 1395/1388/800
f  1395/1388/800 1390/1383/755 1396/1389/801
f  1395/1388/800 1396/1389/801 1397/1390/802
f  1395/1388/800 1397/1390/802 1394/1387/764
f  1397/1390/802 1396/1389/801 1398/1391/803
f  1398/1391/803 1396/1389/801 1390/1383/755
f  1397/1390/802 1398/1391/803 1394/1387/764
f  1398/1391/803 1390/1383/755 1399/1392/804
f  1398/1391/803 1399/1392/804 1394/1387/764
f  1399/1392/804 1390/1383/755 1400/1393/754
f  1394/1387/764 1399/1392/804 1401/1394/805
f  1394/1387/764 1401/1394/805 1402/1395/806
f  1402/1395/806 1401/1394/805 1399/1392/804
f  1403/1396/750 1404/1397/749 1394/1387/764
f  1403/1396/750 1394/1387/764 1402/1395/806
f  1405/1398/807 1406/1399/808 1400/1393/754
f  1400/1393/754 1406/1399/808 1399/1392/804
f  1407/1400/809 1406/1399/808 1402/1395/806
f  1406/1399/808 1407/1400/809 1408/1401/810
f  1408/1401/810 1407/1400/809 1402/1395/806
f  1406/1399/808 1408/1401/810 1399/1392/804
f  1402/1395/806 1406/1399/808 1409/1402/811
f  1402/1395/806 1409/1402/811 1410/1403/812
f  1410/1403/812 1409/1402/811 1411/1404/813
f  1410/1403/812 1411/1404/813 1402/1395/806
f  1402/1395/806 1411/1404/813 1412/1405/814
f  1412/1405/814 1411/1404/813 1413/1406/815
f  1408/1401/810 1402/1395/806 1414/1407/816
f  1408/1401/810 1414/1407/816 1399/1392/804
f  1414/1407/816 1402/1395/806 1415/1408/817
f  1414/1407/816 1415/1408/817 1416/1409/818
f  1414/1407/816 1416/1409/818 1399/1392/804
f  1416/1409/818 1415/1408/817 1417/1410/819
f  1416/1409/818 1417/1410/819 1399/1392/804
f  1417/1410/819 1415/1408/817 1402/1395/806
f  1399/1392/804 1417/1410/819 1418/1411/820
f  1418/1411/820 1417/1410/819 1402/1395/806
f  1399/1392/804 1418/1411/820 1419/1412/821
f  1399/1392/804 1419/1412/821 1402/1395/806
f  1402/1395/806 1419/1412/821 1418/1411/820
f  1420/1413/822 1402/1395/806 1412/1405/814
f  1421/1414/823 1412/1405/814 1413/1406/815
f  1412/1405/814 1421/1414/823 1420/1413/822
f  1420/1413/822 1421/1414/823 1422/1415/824
f  1422/1415/824 1421/1414/823 1413/1406/815
f  1420/1413/822 1422/1415/824 1423/1416/825
f  1423/1416/825 1422/1415/824 1413/1406/815
f  1420/1413/822 1423/1416/825 1424/1417/826
f  1424/1417/826 1423/1416/825 1425/1418/747
f  1424/1417/826 1425/1418/747 1420/1413/822
f  1425/1418/747 1423/1416/825 1413/1406/815
f  1420/1413/822 1425/1418/747 1426/1419/827
f  1426/1419/827 1425/1418/747 1413/1406/815
f  1426/1419/827 1413/1406/815 1420/1413/822
f  1427/1420/828 1402/1395/806 1420/1413/822
f  1402/1395/806 1427/1420/828 1403/1396/750
f  1427/1420/828 1420/1413/822 1428/1421/829
f  1428/1421/829 1420/1413/822 1429/1422/830
f  1429/1422/830 1420/1413/822 1413/1406/815
f  1428/1421/829 1429/1422/830 1427/1420/828
f  1429/1422/830 1413/1406/815 1430/1423/831
f  1429/1422/830 1430/1423/831 1427/1420/828
f  1430/1423/831 1413/1406/815 1431/1424/832
f  1430/1423/831 1431/1424/832 1427/1420/828
f  1427/1420/828 1431/1424/832 1413/1406/815
f  1432/1425/833 1403/1396/750 1427/1420/828
f  1427/1420/828 1413/1406/815 1433/1426/834
f  1403/1396/750 1432/1425/833 1434/1427/835
f  1435/1428/836 1436/1429/837 1413/1406/815
f  1413/1406/815 1436/1429/837 1433/1426/834
f  1427/1420/828 1433/1426/834 1437/1430/71
f  1427/1420/828 1437/1430/71 1438/1431/838
f  1438/1431/838 1437/1430/71 1433/1426/834
f  1427/1420/828 1438/1431/838 1432/1425/833
f  1438/1431/838 1433/1426/834 1439/1432/839
f  1438/1431/838 1439/1432/839 1432/1425/833
f  1439/1432/839 1433/1426/834 1440/1433/840
f  1439/1432/839 1440/1433/840 1432/1425/833
f  1432/1425/833 1440/1433/840 1433/1426/834
f  1432/1425/833 1433/1426/834 1441/1434/841
f  1441/1434/841 1433/1426/834 1436/1429/837
f  1432/1425/833 1441/1434/841 1442/1435/842
f  1442/1435/842 1441/1434/841 1436/1429/837
f  1442/1435/842 1436/1429/837 1432/1425/833
f  1432/1425/833 1436/1429/837 1443/1436/843
f  1432/1425/833 1443/1436/843 1444/1437/844
f  1444/1437/844 1443/1436/843 1436/1429/837
f  1432/1425/833 1444/1437/844 1434/1427/835
f  1444/1437/844 1436/1429/837 1445/1438/845
f  1444/1437/844 1445/1438/845 1434/1427/835
f  1445/1438/845 1436/1429/837 1446/1439/846
f  1445/1438/845 1446/1439/846 1434/1427/835
f  1434/1427/835 1446/1439/846 1447/1440/847
f  1447/1440/847 1446/1439/846 1448/1441/262
f  1448/1441/262 1446/1439/846 1436/1429/837
f  1447/1440/847 1448/1441/262 1434/1427/835
f  1448/1441/262 1436/1429/837 1449/1442/848
f  1449/1442/848 1436/1429/837 1450/1443/849
f  1448/1441/262 1449/1442/848 1451/1444/850
f  1451/1444/850 1449/1442/848 1450/1443/849
f  1448/1441/262 1451/1444/850 1434/1427/835
f  1434/1427/835 1451/1444/850 1450/1443/849
f  1434/1427/835 1450/1443/849 1452/1445/851
f  1434/1427/835 1452/1445/851 1453/1446/852
f  1454/1447/740 1455/1448/733 1456/1449/777
f  1454/1447/740 1456/1449/777 1457/1450/853
f  1457/1450/853 1456/1449/777 1458/1451/854
f  1458/1451/854 1456/1449/777 1459/1452/779
f  1458/1451/854 1459/1452/779 1460/1453/855
f  1457/1450/853 1458/1451/854 1461/1454/856
f  1461/1454/856 1458/1451/854 1460/1453/855
f  1461/1454/856 1460/1453/855 1462/1455/857
f  1461/1454/856 1462/1455/857 1457/1450/853
f  1462/1455/857 1460/1453/855 1463/1456/858
f  1462/1455/857 1463/1456/858 1464/1457/859
f  1462/1455/857 1464/1457/859 1465/1458/860
f  1466/1459/861 1467/1460/862 1457/1450/853
f  1457/1450/853 1467/1460/862 1454/1447/740
f  1454/1447/740 1467/1460/862 1468/1461/863
f  1454/1447/740 1468/1461/863 1469/1462/864
f  1454/1447/740 1469/1462/864 1470/1463/865
f  1470/1463/865 1469/1462/864 1471/1464/741
f  1470/1463/865 1471/1464/741 1454/1447/740
f  1472/1465/742 1473/1466/866 1474/1467/754
f  1475/1468/867 1476/1469/807 1474/1467/754
f  1475/1468/867 1474/1467/754 1477/1470/868
f  1477/1470/868 1474/1467/754 1473/1466/866
f  1477/1470/868 1473/1466/866 1478/1471/869
f  1477/1470/868 1478/1471/869 1479/1472/870
f  1479/1472/870 1478/1471/869 1480/1473/871
f  1479/1472/870 1480/1473/871 1481/1474/872
f  1478/1471/869 1473/1466/866 1482/1475/873
f  1478/1471/869 1482/1475/873 1480/1473/871
f  1480/1473/871 1482/1475/873 1473/1466/866
f  1480/1473/871 1473/1466/866 1483/1476/874
f  1483/1476/874 1473/1466/866 1484/1477/875
f  1483/1476/874 1484/1477/875 1480/1473/871
f  1484/1477/875 1473/1466/866 1485/1478/876
f  1484/1477/875 1485/1478/876 1486/1479/877
f  1484/1477/875 1486/1479/877 1480/1473/871
f  1486/1479/877 1485/1478/876 1487/1480/878
f  1487/1480/878 1485/1478/876 1473/1466/866
f  1486/1479/877 1487/1480/878 1480/1473/871
f  1487/1480/878 1473/1466/866 1488/1481/879
f  1487/1480/878 1488/1481/879 1480/1473/871
f  1488/1481/879 1473/1466/866 1489/1482/880
f  1488/1481/879 1489/1482/880 1480/1473/871
f  1489/1482/880 1473/1466/866 1472/1465/742
f  1480/1473/871 1489/1482/880 1490/1483/881
f  1490/1483/881 1489/1482/880 1491/1484/882
f  1490/1483/881 1491/1484/882 1480/1473/871
f  1491/1484/882 1489/1482/880 1472/1465/742
f  1480/1473/871 1491/1484/882 1492/1485/883
f  1492/1485/883 1491/1484/882 1472/1465/742
f  1480/1473/871 1492/1485/883 1493/1486/884
f  1492/1485/883 1472/1465/742 1494/1487/885
f  1493/1486/884 1492/1485/883 1495/1488/861
f  1493/1486/884 1495/1488/861 1496/1489/853
f  1492/1485/883 1494/1487/885 1497/1490/886
f  1492/1485/883 1497/1490/886 1495/1488/861
f  1494/1487/885 1472/1465/742 1498/1491/741
f  1495/1488/861 1497/1490/886 1499/1492/887
f  1499/1492/887 1497/1490/886 1500/1493/888
f  1500/1493/888 1497/1490/886 1494/1487/885
f  1500/1493/888 1494/1487/885 1499/1492/887
f  1499/1492/887 1494/1487/885 1495/1488/861
f  1495/1488/861 1494/1487/885 1501/1494/889
f  1501/1494/889 1494/1487/885 1498/1491/741
f  1495/1488/861 1501/1494/889 1502/1495/890
f  1502/1495/890 1501/1494/889 1498/1491/741
f  1502/1495/890 1498/1491/741 1495/1488/861
f  1495/1488/861 1498/1491/741 1503/1496/891
f  1495/1488/861 1503/1496/891 1504/1497/862
f  1505/1498/863 1504/1497/862 1498/1491/741
f  1505/1498/863 1498/1491/741 1506/1499/864
f  1504/1497/862 1503/1496/891 1507/1500/892
f  1507/1500/892 1503/1496/891 1498/1491/741
f  1498/1491/741 1504/1497/862 1508/1501/893
f  1508/1501/893 1504/1497/862 1507/1500/892
f  1507/1500/892 1498/1491/741 1509/1502/894
f  1507/1500/892 1509/1502/894 1508/1501/893
f  1508/1501/893 1509/1502/894 1498/1491/741
f  1510/1503/895 1511/1504/120 1512/1505/191
f  1513/1506/793 1514/1507/739 1511/1504/120
f  1513/1506/793 1511/1504/120 1510/1503/895
f  1513/1506/793 1510/1503/895 1515/1508/784
f  1510/1503/895 1512/1505/191 1516/1509/896
f  1516/1509/896 1512/1505/191 1517/1510/197
f  1515/1508/784 1510/1503/895 1518/1511/793
f  1516/1509/896 1517/1510/197 1519/1512/197
f  1519/1512/197 1517/1510/197 1515/1508/784
f  1516/1509/896 1519/1512/197 1510/1503/895
f  1519/1512/197 1515/1508/784 1518/1511/793
f  1519/1512/197 1518/1511/793 1510/1503/895
f  1520/1513/897 1521/1514/898 1522/1515/808
f  1521/1514/898 1520/1513/897 1523/1516/899
f  1522/1515/808 1521/1514/898 1524/1517/900
f  1524/1517/900 1521/1514/898 1523/1516/899
f  1520/1513/897 1522/1515/808 1525/1518/901
f  1520/1513/897 1525/1518/901 1523/1516/899
f  1525/1518/901 1522/1515/808 1526/1519/902
f  1525/1518/901 1526/1519/902 1523/1516/899
f  1522/1515/808 1524/1517/900 1527/1520/903
f  1527/1520/903 1524/1517/900 1523/1516/899
f  1522/1515/808 1527/1520/903 1528/1521/904
f  1522/1515/808 1528/1521/904 1529/1522/905
f  1528/1521/904 1527/1520/903 1530/1523/906
f  1528/1521/904 1530/1523/906 1529/1522/905
f  1530/1523/906 1527/1520/903 1523/1516/899
f  1529/1522/905 1530/1523/906 1531/1524/907
f  1531/1524/907 1530/1523/906 1532/1525/815
f  1532/1525/815 1530/1523/906 1523/1516/899
f  1531/1524/907 1532/1525/815 1533/1526/808
f  1533/1526/808 1532/1525/815 1534/1527/811
f  1534/1527/811 1532/1525/815 1535/1528/813
f  1532/1525/815 1523/1516/899 1536/1529/908
f  1536/1529/908 1523/1516/899 1537/1530/899
f  1536/1529/908 1537/1530/899 1538/1531/909
f  1538/1531/909 1537/1530/899 1539/1532/807
f  1539/1532/807 1537/1530/899 1540/1533/909
f  1541/1534/886 1542/1535/808 1543/1536/807
f  1542/1535/808 1541/1534/886 1544/1537/902
f  1544/1537/902 1541/1534/886 1545/1538/910
f  1544/1537/902 1545/1538/910 1546/1539/899
f  1545/1538/910 1541/1534/886 1547/1540/911
f  1545/1538/910 1547/1540/911 1546/1539/899
f  1547/1540/911 1541/1534/886 1543/1536/807
f  1546/1539/899 1547/1540/911 1548/1541/912
f  1548/1541/912 1547/1540/911 1543/1536/807
f  1546/1539/899 1548/1541/912 1549/1542/913
f  1549/1542/913 1548/1541/912 1543/1536/807
f  1546/1539/899 1549/1542/913 1550/1543/899
f  1549/1542/913 1543/1536/807 1551/1544/914
f  1549/1542/913 1551/1544/914 1550/1543/899
f  1551/1544/914 1543/1536/807 1552/1545/915
f  1551/1544/914 1552/1545/915 1550/1543/899
f  1552/1545/915 1543/1536/807 1553/1546/916
f  1552/1545/915 1553/1546/916 1550/1543/899
f  1554/1547/899 1555/1548/807 1556/1549/867
f  1555/1548/807 1554/1547/899 1557/1550/917
f  1555/1548/807 1557/1550/917 1558/1551/916
f  1558/1551/916 1557/1550/917 1554/1547/899
f  1554/1547/899 1556/1549/867 1559/1552/879
f  1554/1547/899 1559/1552/879 1560/1553/871
f  1560/1553/871 1559/1552/879 1556/1549/867
f  1560/1553/871 1556/1549/867 1561/1554/868
f  1562/1555/918 1563/1556/918 1564/1557/918
f  1565/1558/919 1566/1559/920 1567/1560/921
f  1567/1560/921 1566/1559/920 1568/1561/922
f  1569/1562/915 1570/1563/915 1571/1564/915
f  1572/1565/808 1573/1566/905 1574/1567/907
f  1575/1568/923 1576/1569/923 1577/1570/923
f  1578/1571/922 1579/1572/919 1580/1573/921
f  1579/1572/919 1578/1571/922 1581/1574/920
f  1582/1575/248 1583/1576/259 1584/1577/265
f  1582/1575/248 1584/1577/265 1585/1578/250
f  1586/1579/264 1587/1580/263 1588/1581/471
f  1589/1582/98 1590/1583/263 1591/1584/262
f  1589/1582/98 1591/1584/262 1592/1585/924
f  1592/1585/924 1591/1584/262 1593/1586/267
f  1592/1585/924 1593/1586/267 1594/1587/269
f  1595/1588/333 1596/1589/250 1597/1590/265
f  1596/1589/250 1595/1588/333 1598/1591/301
f  1598/1591/301 1595/1588/333 1599/1592/304
f  1599/1592/304 1595/1588/333 1600/1593/336
f  1601/1594/263 1602/1595/98 728/725/471
f  728/725/471 1602/1595/98 1603/1596/524
f  1603/1596/524 1602/1595/98 1604/1597/526
f  1604/1597/526 1602/1595/98 1605/1598/925
f  1605/1598/925 1602/1595/98 1606/1599/924
f  1605/1598/925 1606/1599/924 1607/1600/926
f  1607/1600/926 1606/1599/924 1608/1601/927
f  1607/1600/926 1608/1601/927 1609/1602/928
f  1609/1602/928 1608/1601/927 1610/1603/929
f  728/725/471 1603/1596/524 737/734/480
f  1610/1603/929 1608/1601/927 1611/1604/835
f  1610/1603/929 1611/1604/835 1612/1605/851
f  1612/1605/851 1611/1604/835 1613/1606/930
f  737/734/480 1603/1596/524 1614/1607/523
f  1613/1606/930 1611/1604/835 1615/1608/843
f  1615/1608/843 1611/1604/835 1616/1609/931
f  1615/1608/843 1616/1609/931 1617/1610/932
f  1617/1610/932 1616/1609/931 1618/1611/933
f  1618/1611/933 1616/1609/931 1611/1604/835
f  1617/1610/932 1618/1611/933 1619/1612/934
f  1619/1612/934 1618/1611/933 1611/1604/835
f  1619/1612/934 1611/1604/835 1620/1613/935
f  1621/1614/936 737/734/480 1614/1607/523
f  1621/1614/936 1614/1607/523 1622/1615/522
f  1621/1614/936 1622/1615/522 1623/1616/471
f  1621/1614/936 1623/1616/471 1624/1617/521
f  1621/1614/936 1624/1617/521 737/734/480
f  737/734/480 1624/1617/521 1625/1618/937
f  1625/1618/937 1624/1617/521 1626/1619/520
f  737/734/480 1625/1618/937 1627/1620/519
f  1627/1620/519 1625/1618/937 1626/1619/520
f  1628/1621/938 1629/1622/938 1630/1623/938
f  1631/1624/939 1632/1625/939 1633/1626/939
f  1634/1627/940 1635/1628/940 1636/1629/940
f  1637/1630/927 1638/1631/924 1639/1632/269
f  1637/1630/927 1639/1632/269 1640/1633/750
f  1637/1630/927 1640/1633/750 1641/1634/835
f  1642/1635/941 1643/1636/941 1644/1637/941
f  1645/1638/942 1646/1639/942 1647/1640/942
f  1648/1641/852 1649/1642/851 1650/1643/835
f  1650/1643/835 1649/1642/851 1651/1644/837
f  1651/1644/837 1649/1642/851 1648/1641/852
f  1651/1644/837 1648/1641/852 1652/1645/851
f  1651/1644/837 1652/1645/851 1653/1646/849
f  1654/1647/843 1655/1648/837 1656/1649/930
f  1656/1649/930 1655/1648/837 1657/1650/851
f  1655/1648/837 1654/1647/843 1658/1651/932
f  1655/1648/837 1658/1651/932 1659/1652/934
f  1655/1648/837 1659/1652/934 1660/1653/935
f  1655/1648/837 1660/1653/935 1661/1654/835
f  1657/1650/851 1655/1648/837 1662/1655/929
f  1662/1655/929 1655/1648/837 1663/1656/810
f  1663/1656/810 1655/1648/837 1664/1657/836
f  1662/1655/929 1663/1656/810 1665/1658/928
f  1663/1656/810 1664/1657/836 1666/1659/943
f  1665/1658/928 1663/1656/810 1667/1660/944
f  1667/1660/944 1663/1656/810 1666/1659/943
f  1665/1658/928 1667/1660/944 1668/1661/926
f  1668/1661/926 1667/1660/944 1669/1662/925
f  1667/1660/944 1666/1659/943 1670/1663/945
f  1670/1663/945 1666/1659/943 1671/1664/946
f  1669/1662/925 1667/1660/944 1672/1665/947
f  1672/1665/947 1667/1660/944 1670/1663/945
f  1669/1662/925 1672/1665/947 1673/1666/527
f  1669/1662/925 1673/1666/527 1674/1667/526
f  1672/1665/947 1670/1663/945 1675/1668/948
f  1675/1668/948 1670/1663/945 1676/1669/949
f  1673/1666/527 1672/1665/947 1677/1670/950
f  1677/1670/950 1672/1665/947 1675/1668/948
f  1677/1670/950 1675/1668/948 1678/1671/951
f  1673/1666/527 1677/1670/950 1679/1672/529
f  1679/1672/529 1677/1670/950 1680/1673/952
f  1681/1674/953 1682/1675/953 1683/1676/953
f  1684/1677/954 1685/1678/954 1686/1679/954
f  1687/1680/955 1688/1681/899 1689/1682/871
f  1688/1681/899 1687/1680/955 1690/1683/956
f  1690/1683/956 1687/1680/955 1691/1684/957
f  1690/1683/956 1691/1684/957 1692/1685/958
f  1690/1683/956 1692/1685/958 1688/1681/899
f  1692/1685/958 1691/1684/957 1693/1686/836
f  1692/1685/958 1693/1686/836 1694/1687/815
f  1692/1685/958 1694/1687/815 1688/1681/899
f  1688/1681/899 1694/1687/815 1695/1688/959
f  1688/1681/899 1695/1688/959 1696/1689/909
f  1696/1689/909 1695/1688/959 1694/1687/815
f  1696/1689/909 1694/1687/815 1697/1690/807
f  1697/1690/807 1694/1687/815 1698/1691/909
f  1698/1691/909 1694/1687/815 1699/1692/908
f  1700/1693/884 1701/1694/955 1702/1695/871
f  1703/1696/857 1700/1693/884 1704/1697/853
f  1700/1693/884 1703/1696/857 1705/1698/860
f  1701/1694/955 1700/1693/884 1706/1699/960
f  1706/1699/960 1700/1693/884 1705/1698/860
f  1701/1694/955 1706/1699/960 1707/1700/957
f  1707/1700/957 1706/1699/960 1708/1701/961
f  1707/1700/957 1708/1701/961 1709/1702/962
f  1709/1702/962 1708/1701/961 1706/1699/960
f  1709/1702/962 1706/1699/960 1705/1698/860
f  1709/1702/962 1705/1698/860 1710/1703/963
f  1710/1703/963 1705/1698/860 1711/1704/859
f  1710/1703/963 1711/1704/859 1712/1705/946
f  1713/1706/781 1714/1707/964 1715/1708/778
f  1715/1708/778 1714/1707/964 1716/1709/779
f  1714/1707/964 1713/1706/781 1717/1710/365
f  1714/1707/964 1717/1710/365 1718/1711/965
f  1718/1711/965 1717/1710/365 1719/1712/366
f  1720/1713/966 1721/1714/966 1722/1715/966
f  1723/1716/779 1724/1717/967 1725/1718/855
f  1725/1718/855 1724/1717/967 1726/1719/858
f  1724/1717/967 1723/1716/779 1727/1720/964
f  1724/1717/967 1727/1720/964 1728/1721/965
f  1724/1717/967 1728/1721/965 1729/1722/366
f  1726/1719/858 1724/1717/967 1730/1723/968
f  1724/1717/967 1729/1722/366 1731/1724/969
f  1731/1724/969 1729/1722/366 1732/1725/175
f  1730/1723/968 1724/1717/967 1733/1726/970
f  1731/1724/969 1732/1725/175 1734/1727/451
f  1733/1726/970 1724/1717/967 1735/1728/971
f  1735/1728/971 1724/1717/967 1731/1724/969
f  1733/1726/970 1735/1728/971 1736/1729/972
f  1736/1729/972 1735/1728/971 1731/1724/969
f  1733/1726/970 1736/1729/972 1730/1723/968
f  1730/1723/968 1736/1729/972 1737/1730/973
f  1737/1730/973 1736/1729/972 1731/1724/969
f  1730/1723/968 1737/1730/973 1738/1731/974
f  1739/1732/434 1731/1724/969 1734/1727/451
f  1731/1724/969 1739/1732/434 1737/1730/973
f  1739/1732/434 1734/1727/451 1740/1733/437
f  1740/1733/437 1734/1727/451 1741/1734/438
f  1739/1732/434 1740/1733/437 1742/1735/431
f  1737/1730/973 1739/1732/434 1743/1736/435
f  1737/1730/973 1743/1736/435 1744/1737/975
f  1737/1730/973 1744/1737/975 1745/1738/976
f  1737/1730/973 1745/1738/976 1746/1739/977
f  1747/1740/978 1748/1741/979 1749/1742/859
f  1747/1740/978 1749/1742/859 1750/1743/858
f  1747/1740/978 1750/1743/858 1751/1744/968
f  1747/1740/978 1751/1744/968 1752/1745/976
f  1752/1745/976 1751/1744/968 1753/1746/974
f  1747/1740/978 1752/1745/976 1754/1747/980
f  1755/1748/435 1756/1749/394 1757/1750/973
f  1757/1750/973 1756/1749/394 1758/1751/973
f  1757/1750/973 1758/1751/973 1755/1748/435
f  1758/1751/973 1756/1749/394 1759/1752/436
f  1755/1748/435 1758/1751/973 1760/1753/975
f  1758/1751/973 1759/1752/436 1761/1754/401
f  1758/1751/973 1761/1754/401 1760/1753/975
f  1760/1753/975 1761/1754/401 1762/1755/976
f  1762/1755/976 1761/1754/401 1763/1756/980
f  1764/1757/980 1765/1758/981 1766/1759/979
f  1764/1757/980 1766/1759/979 1767/1760/978
f  1765/1758/981 1764/1757/980 1768/1761/401
f  1765/1758/981 1768/1761/401 1769/1762/982
f  1769/1762/982 1768/1761/401 1770/1763/400
f  1769/1762/982 1770/1763/400 1771/1764/983
f  1771/1764/983 1770/1763/400 1772/1765/984
f  1769/1762/982 1771/1764/983 1773/1766/985
f  1765/1758/981 1769/1762/982 1774/1767/986
f  1774/1767/986 1769/1762/982 1773/1766/985
f  1765/1758/981 1774/1767/986 1766/1759/979
f  1774/1767/986 1773/1766/985 1775/1768/948
f  1774/1767/986 1775/1768/948 1776/1769/949
f  1777/1770/987 1776/1769/949 1778/1771/988
f  1776/1769/949 1777/1770/987 1779/1772/989
f  1776/1769/949 1779/1772/989 1780/1773/990
f  1776/1769/949 1780/1773/990 1774/1767/986
f  1780/1773/990 1779/1772/989 1781/1774/991
f  1780/1773/990 1781/1774/991 1782/1775/992
f  1780/1773/990 1782/1775/992 1774/1767/986
f  1774/1767/986 1782/1775/992 1783/1776/993
f  1774/1767/986 1783/1776/993 1784/1777/994
f  1774/1767/986 1784/1777/994 1766/1759/979
f  1766/1759/979 1784/1777/994 1785/1778/946
f  1785/1778/946 1784/1777/994 1786/1779/995
f  1785/1778/946 1786/1779/995 1787/1780/945
f  1787/1780/945 1786/1779/995 1788/1781/949
f  1786/1779/995 1784/1777/994 1789/1782/996
f  1786/1779/995 1789/1782/996 1788/1781/949
f  1789/1782/996 1784/1777/994 1790/1783/997
f  1788/1781/949 1789/1782/996 1791/1784/988
f  1791/1784/988 1789/1782/996 1790/1783/997
f  1792/1785/998 1793/1786/999 1794/1787/999
f  1794/1787/999 1793/1786/999 1795/1788/1000
f  1796/1789/1001 1797/1790/1002 1798/1791/1003
f  1796/1789/1001 1798/1791/1003 1799/1792/1004
f  1798/1791/1003 1797/1790/1002 1800/1793/1005
f  1800/1793/1005 1797/1790/1002 1801/1794/1006
f  1802/1795/1007 1803/1796/1007 1804/1797/1007
f  1805/1798/1008 1806/1799/1008 1807/1800/1008
f  1808/1801/1009 1809/1802/1009 1810/1803/1009
f  1811/1804/1010 1812/1805/1010 1813/1806/1010
f  1814/1807/957 1815/1808/943 1816/1809/836
f  1815/1808/943 1814/1807/957 1817/1810/962
f  1815/1808/943 1817/1810/962 1818/1811/946
f  1818/1811/946 1817/1810/962 1819/1812/963
f  1820/1813/946 1821/1814/859 1822/1815/979
f  1823/1816/548 1824/1817/547 1825/1818/546
f  1823/1816/548 1825/1818/546 1826/1816/545
f  1827/1819/508 1828/1820/508 1829/1821/1011
f  1830/1822/1012 1828/1820/508 1831/1823/1012
f  1828/1820/508 1830/1822/1012 1829/1821/1011
f  1827/1819/508 1829/1821/1011 1832/1824/1013
f  1827/1819/508 1832/1824/1013 1833/1825/1014
f  1832/1824/1013 1829/1821/1011 1834/1826/1015
f  1832/1824/1013 1834/1826/1015 1835/1827/1016
f  1829/1821/1011 1830/1822/1012 1836/1828/1017
f  1829/1821/1011 1836/1828/1017 1837/1829/1018
f  1836/1828/1017 1830/1822/1012 1838/1830/1019
f  1836/1828/1017 1838/1830/1019 1837/1829/1018
f  1839/1831/983 1840/1832/1020 1841/1833/948
f  1839/1831/983 1841/1833/948 1842/1834/985
f  1840/1832/1020 1839/1831/983 1843/1835/984
f  1840/1832/1020 1843/1835/984 1844/1836/1021
f  1844/1836/1021 1843/1835/984 1845/1836/1022
f  1840/1832/1020 1844/1836/1021 1846/1837/1023
f  1840/1832/1020 1846/1837/1023 1847/1838/1024
f  1844/1836/1021 1845/1836/1022 1848/1839/1025
f  1844/1836/1021 1848/1839/1025 1846/1837/1023
f  1848/1839/1025 1845/1836/1022 1849/1840/1026
f  1846/1837/1023 1848/1839/1025 1850/1841/1027
f  1851/1842/1028 1852/1843/951 1853/1844/948
f  1851/1842/1028 1853/1844/948 1854/1845/1029
f  1854/1845/1029 1853/1844/948 1855/1846/1030
f  1852/1843/951 1851/1842/1028 1856/1847/529
f  1852/1843/951 1856/1847/529 1857/1848/1031
f  1852/1843/951 1857/1848/1031 1858/1849/950
f  1858/1849/950 1857/1848/1031 1859/1850/952
f  1859/1850/952 1857/1848/1031 1856/1847/529
f  1856/1847/529 1851/1842/1028 1860/1851/1032
f  1860/1851/1032 1851/1842/1028 1861/1852/1033
f  1860/1851/1032 1861/1852/1033 1862/1853/1034
f  1860/1851/1032 1862/1853/1034 1863/1854/1035
f  1860/1851/1032 1863/1854/1035 1864/1855/1020
f  1860/1851/1032 1864/1855/1020 1856/1847/529
f  1856/1847/529 1864/1855/1020 1865/1856/1036
f  1865/1856/1036 1864/1855/1020 1866/1857/1037
f  1856/1847/529 1865/1856/1036 1867/1858/1038
f  1867/1858/1038 1865/1856/1036 1868/1859/404
f  1867/1858/1038 1868/1859/404 1869/1860/434
f  1868/1859/404 1865/1856/1036 1870/1861/1039
f  1868/1859/404 1870/1861/1039 1871/1862/1023
f  1871/1862/1023 1870/1861/1039 1872/1863/1024
f  1872/1863/1024 1870/1861/1039 1873/1864/1026
f  1873/1864/1026 1870/1861/1039 1874/1865/1025
f  1875/1866/404 1876/1867/984 1877/1868/400
f  1876/1867/984 1875/1866/404 1878/1869/1040
f  1876/1867/984 1878/1869/1040 1879/1870/1041
f  1876/1867/984 1879/1870/1041 1880/1871/1024
f  1880/1871/1024 1879/1870/1041 1881/1872/1020
f  1881/1872/1020 1879/1870/1041 1882/1873/1039
f  1881/1872/1020 1882/1873/1039 1883/1874/1037
f  1883/1874/1037 1882/1873/1039 1884/1875/1036
f  1882/1873/1039 1879/1870/1041 1885/1876/1025
f  1885/1876/1025 1879/1870/1041 1878/1869/1040
f  1885/1876/1025 1878/1869/1040 1886/1877/1042
f  1886/1877/1042 1878/1869/1040 1875/1866/404
f  1886/1877/1042 1875/1866/404 1885/1876/1025
f  1885/1876/1025 1875/1866/404 1887/1878/1027
f  1887/1878/1027 1875/1866/404 1888/1879/529
f  1888/1879/529 1875/1866/404 1889/1880/1023
f  1887/1878/1027 1888/1879/529 1890/1881/1038
f  1887/1878/1027 1890/1881/1038 1891/1882/1023
f  1888/1879/529 1889/1880/1023 1892/1883/434
f  1892/1883/434 1889/1880/1023 1893/1884/1038
f  1894/1885/1043 1895/1886/1043 1896/1887/1044
f  1895/1886/1043 1894/1885/1043 1897/1888/1045
f  1898/1889/1046 1899/1890/1046 1900/1891/1046
f  1901/1892/1047 1902/1893/1016 1903/1894/1014
f  1902/1893/1016 1901/1892/1047 1904/1895/1013
f  1904/1895/1013 1901/1892/1047 1903/1894/1014
f  1905/1896/1048 1906/1897/1049 1907/1898/1048
f  1905/1896/1048 1907/1898/1048 1908/1899/1050
f  1909/1900/1051 1910/1901/1051 1911/1902/1051
f  1912/1903/1052 1913/1904/1053 1914/1905/1054
f  1913/1904/1053 1912/1903/1052 1915/1906/1055
f  1914/1905/1054 1913/1904/1053 1916/1907/1056
f  1914/1905/1054 1916/1907/1056 1917/1908/1057
f  1913/1904/1053 1915/1906/1055 1918/1909/508
f  1918/1909/508 1915/1906/1055 1919/1910/408
f  1913/1904/1053 1918/1909/508 1920/1911/1014
f  1913/1904/1053 1920/1911/1014 1916/1907/1056
f  1916/1907/1056 1920/1911/1014 1921/1912/1058
f  1921/1912/1058 1920/1911/1014 1922/1913/1059
f  1923/1914/1060 1924/1915/1061 1925/1916/1060
f  1923/1914/1060 1925/1916/1060 1926/1917/1062
f  1927/1918/1063 1928/1919/1063 1929/1920/1063
f  1930/1921/1064 1931/1922/434 1932/1923/404
f  1930/1921/1064 1932/1923/404 1933/1924/407
f  1930/1921/1064 1933/1924/407 1934/1925/408
f  1930/1921/1064 1934/1925/408 1935/1926/1065
f  1930/1921/1064 1935/1926/1065 1936/1927/1012
f  1931/1922/434 1930/1921/1064 1937/1928/515
f  1931/1922/434 1937/1928/515 1938/1929/529
f  1939/1930/1066 1940/1931/1066 1941/1932/1066
f  1942/1933/1067 1943/1934/1067 1944/1935/1067
f  1945/1936/1068 1946/1937/1068 1947/1938/1068
f  1948/1939/544 1949/1940/544 1950/1941/544

