# File produced by Tripo

mtllib meat+cube+3d+model.mtl

# 2586 vertex positions
v 0.18040466 0.21366882 0.48904419
v 0.28497314 0.22071838 0.48922729
v 0.20785522 0.24035645 0.48852539
v 0.26974487 0.22828674 0.48046875
v 0.19841003 0.22911072 0.48071289
v 0.20373535 0.15632629 0.48928833
v 0.16963196 0.18804932 0.48129272
v 0.19610596 0.17526245 0.48065186
v 0.17497253 0.21871948 0.48068237
v 0.36206055 0.30261230 0.48086548
v 0.19088745 0.30484009 0.48104858
v 0.13333130 0.14994812 0.48071289
v 0.17248535 0.14016724 0.48153687
v 0.04771042 0.15711975 0.48071289
v 0.13131714 0.14451599 0.48928833
v 0.04761124 0.15365601 0.48837280
v 0.00137675 0.13122559 0.48950195
v -0.02022362 0.07489777 0.48895264
v -0.02592468 0.13183594 0.48141479
v 0.02789497 0.14184570 0.48077393
v -0.01007175 0.17544556 0.48083496
v 0.03727722 0.21298218 0.48043823
v 0.00813961 0.19531250 0.48916626
v 0.04286575 0.24581909 0.48123169
v 0.01511574 0.21487427 0.48886108
v -0.11734009 0.19885254 0.48925781
v -0.01029873 0.23542786 0.48446655
v -0.01223087 0.24958801 0.48901367
v -0.16714478 0.24183655 0.48916626
v 0.01937866 0.24613953 0.47982788
v 0.03814697 0.26116943 0.48861694
v 0.04320526 0.30725098 0.48071289
v 0.02116776 0.31134033 0.48910522
v 0.04658127 0.34866333 0.48046875
v 0.20033264 0.34500122 0.48062134
v 0.20143127 0.36096191 0.48187256
v 0.00782871 0.36141968 0.48181152
v -0.17460632 0.34118652 0.48123169
v -0.00996494 0.33840942 0.48092651
v -0.00694370 0.31433105 0.48034668
v -0.01105022 0.33209229 0.48837280
v -0.06631470 0.33566284 0.48568726
v -0.01079178 0.31063843 0.48907471
v -0.16061401 0.32128906 0.48922729
v 0.17102051 -0.17788696 0.48666382
v 0.14424133 -0.16073608 0.48889160
v 0.14286804 -0.17909241 0.48123169
v 0.18048096 -0.19451904 0.48928833
v 0.17863464 -0.19671631 0.48046875
v 0.09077454 -0.15632629 0.48083496
v 0.09066010 -0.13473511 0.48931885
v 0.03512192 -0.26574707 0.48077393
v 0.07720184 -0.13298035 0.48086548
v 0.07067108 -0.13111877 0.48980713
v 0.06052017 -0.10937500 0.48925781
v 0.00148523 -0.24755859 0.48052979
v 0.05089951 -0.11081696 0.48071289
v 0.04616547 -0.10581207 0.49029541
v 0.04270172 -0.07780457 0.48077393
v 0.00802994 -0.04791260 0.48831177
v 0.00453234 -0.05226517 0.48062134
v -0.03572083 -0.11913300 0.48056030
v 0.00126207 -0.00346184 0.48071289
v 0.00928879 -0.00090718 0.48916626
v -0.05662537 -0.11093140 0.48077393
v -0.08420563 -0.09451294 0.48089600
v -0.09602356 0.00369143 0.48025513
v -0.06272125 -0.11219025 0.48913574
v -0.03763199 -0.11921692 0.48544312
v -0.05258179 -0.21598816 0.48898315
v -0.08412170 -0.09740448 0.48913574
v -0.03703308 -0.22521973 0.48535156
v -0.09879303 -0.22354126 0.48883057
v -0.03622055 -0.22714233 0.48071289
v -0.09538269 -0.22961426 0.48062134
v -0.06200409 -0.25595093 0.48074341
v -0.00422812 -0.24850464 0.48675537
v -0.06732941 -0.26174927 0.48837280
v -0.04257965 -0.29382324 0.48953247
v 0.03839874 -0.26998901 0.48959351
v 0.03225327 -0.35989380 0.48739624
v 0.07609558 -0.28454590 0.48080444
v 0.07100677 -0.28802490 0.48931885
v 0.15263367 -0.28631592 0.48809814
v 0.15565491 -0.28350830 0.48062134
v 0.16062927 -0.31512451 0.48904419
v 0.11112976 -0.34329224 0.48910522
v 0.17066956 -0.31402588 0.48071289
v 0.22355652 -0.26464844 0.48062134
v 0.19006348 -0.33703613 0.48986816
v 0.19692993 -0.34280396 0.48089600
v 0.24804688 -0.29446411 0.48114014
v 0.22470093 -0.23184204 0.48095703
v 0.25350952 -0.31878662 0.48110962
v 0.25805664 -0.30282593 0.48944092
v 0.30590820 -0.31463623 0.48117065
v 0.31463623 -0.36004639 0.48114014
v 0.24261475 -0.23553467 0.48889160
v 0.14228821 -0.36431885 0.48004150
v 0.10791016 -0.34805298 0.48080444
v 0.10295868 -0.35922241 0.48648071
v -0.01819038 -0.36444092 0.47970581
v -0.03895950 -0.36080933 0.48498535
v -0.08013916 -0.34390259 0.48120117
v -0.08479309 -0.33673096 0.49002075
v 0.33450317 -0.09961700 0.48919678
v 0.24290466 -0.20053101 0.48907471
v 0.23896790 -0.20210266 0.48089600
v 0.12702942 0.06536865 0.48910522
v 0.13131714 0.14451599 0.48928833
v 0.10585022 0.08037567 0.48892212
v -0.02022362 0.07489777 0.48895264
v 0.10406494 0.03421783 0.48962402
v 0.00928879 -0.00090718 0.48916626
v 0.14207458 -0.00585651 0.48956299
v 0.10179138 0.04405975 0.48077393
v 0.12074280 0.01914215 0.48095703
v 0.19740295 -0.03444672 0.48123169
v 0.14480591 0.03922653 0.48083496
v 0.22064209 0.02389145 0.48306274
v 0.22056580 0.03732300 0.48165894
v 0.10726166 0.07838440 0.48019409
v 0.13786316 0.06257629 0.48071289
v 0.14508057 0.04176331 0.48928833
v 0.27627563 0.04080200 0.48760986
v 0.21502686 0.09247589 0.48959351
v 0.28057861 0.07647705 0.48956299
v 0.17248535 0.14016724 0.48153687
v 0.21461487 0.09576416 0.48199463
v 0.25305176 0.10448456 0.48196411
v 0.20373535 0.15632629 0.48928833
v 0.19610596 0.17526245 0.48065186
v 0.25845337 0.13119507 0.48910522
v 0.07067108 -0.13111877 0.48980713
v 0.09066010 -0.13473511 0.48931885
v 0.06052017 -0.10937500 0.48925781
v 0.20693970 -0.04216003 0.48944092
v 0.14424133 -0.16073608 0.48889160
v 0.00928879 -0.00090718 0.48916626
v 0.00802994 -0.04791260 0.48831177
v 0.14207458 -0.00585651 0.48956299
v 0.19740295 -0.03444672 0.48123169
v 0.24473572 -0.05390167 0.48956299
v 0.24290466 -0.20053101 0.48907471
v 0.18048096 -0.19451904 0.48928833
v 0.27987671 -0.08568573 0.48934937
v 0.28079224 -0.08288574 0.48110962
v 0.24583435 -0.05252457 0.48123169
v 0.27011108 0.02091980 0.48068237
v -0.23770142 0.08583069 0.48919678
v -0.11013794 0.13314819 0.48968506
v -0.18260193 0.13557434 0.48880005
v -0.18286133 0.13960266 0.48046875
v -0.15866089 0.06184387 0.48916626
v -0.21380615 0.15319824 0.48126221
v -0.23574829 0.12677002 0.48092651
v -0.16744995 0.19657898 0.48040771
v -0.13087463 0.14263916 0.48068237
v -0.11956787 0.17140198 0.48049927
v -0.12007904 0.19514465 0.48049927
v -0.11739349 0.17691040 0.48931885
v -0.11734009 0.19885254 0.48925781
v 0.00813961 0.19531250 0.48916626
v -0.05318832 0.17126465 0.48086548
v -0.10073090 0.13034058 0.48043823
v -0.10208893 0.06404877 0.48056030
v -0.10646057 0.06619263 0.48852539
v -0.15469360 0.05721283 0.48062134
v -0.16268921 0.03842926 0.48825073
v -0.16697693 0.03515244 0.48059082
v -0.09602356 0.00369143 0.48025513
v -0.04033661 0.04346848 0.48052979
v -0.16818237 -0.31689453 0.48916626
v -0.12792969 -0.28079224 0.48925781
v -0.18766785 -0.28796387 0.48864746
v -0.19532776 -0.31680298 0.48101807
v -0.11396790 -0.32714844 0.48904419
v -0.12042999 -0.32897949 0.48104858
v -0.08479309 -0.33673096 0.49002075
v -0.08013916 -0.34390259 0.48120117
v -0.04257965 -0.29382324 0.48953247
v -0.16178894 -0.36169434 0.48059082
v -0.01819038 -0.36444092 0.47970581
v -0.06732941 -0.26174927 0.48837280
v -0.31903076 -0.36416626 0.48007202
v -0.11759949 -0.27627563 0.48049927
v -0.06200409 -0.25595093 0.48074341
v -0.09538269 -0.22961426 0.48062134
v -0.18925476 -0.28466797 0.48071289
v -0.12208557 -0.24577332 0.48138428
v -0.26318359 -0.31201172 0.48110962
v -0.16656494 -0.25659180 0.48083496
v -0.09879303 -0.22354126 0.48883057
v -0.03703308 -0.22521973 0.48535156
v -0.15705872 -0.25106812 0.48876953
v -0.13369751 -0.22587585 0.48922729
v -0.08412170 -0.09740448 0.48913574
v -0.05258179 -0.21598816 0.48898315
v -0.21066284 -0.23735046 0.48898315
v -0.24749756 -0.23149109 0.48910522
v -0.21989441 -0.23542786 0.48074341
v -0.24479675 -0.23565674 0.48089600
v -0.25946045 -0.28784180 0.48086548
v -0.26141357 -0.28326416 0.48934937
v -0.26535034 -0.30764771 0.48873901
v -0.34240723 -0.31158447 0.48129272
v -0.33609009 -0.30883789 0.48965454
v -0.39556885 -0.30181885 0.48901367
v -0.39187622 -0.30599976 0.48062134
v -0.39218140 -0.33181763 0.48089600
v -0.34210205 -0.36090088 0.48040771
v -0.39413452 -0.36108398 0.48052979
v -0.47515869 -0.36447144 0.48025513
v -0.39425659 -0.36126709 0.48260498
v -0.39425659 -0.33575439 0.48257446
v -0.47064209 -0.33364868 0.48159790
v -0.39559937 -0.32562256 0.48828125
v -0.46435547 -0.32559204 0.48843384
v -0.47555542 -0.24659729 0.47949219
v -0.46408081 -0.26693726 0.48638916
v -0.45599365 -0.15838623 0.48916626
v -0.46441650 -0.18348694 0.48107910
v -0.42623901 -0.14485168 0.48913574
v -0.45474243 -0.13977051 0.48095703
v -0.47192383 -0.08392334 0.48071289
v -0.43008423 -0.14031982 0.48089600
v -0.42913818 -0.11671448 0.48077393
v -0.39837646 -0.10128021 0.48080444
v -0.41177368 -0.10700226 0.48937988
v -0.33819580 -0.10573578 0.48913574
v -0.34234619 -0.10124969 0.48068237
v -0.47741699 -0.03009224 0.47766113
v -0.34161377 -0.08226776 0.48083496
v -0.34869385 -0.01595306 0.48046875
v -0.28790283 -0.05810165 0.48040771
v -0.33877563 -0.08438110 0.48855591
v -0.29354858 -0.07140350 0.48916626
v -0.27822876 -0.05369568 0.48925781
v -0.25573730 -0.04380035 0.48104858
v -0.24829102 -0.06965637 0.48925781
v -0.24670410 -0.06410980 0.48046875
v -0.17372131 -0.10401154 0.48916626
v -0.18083191 -0.07031250 0.48928833
v -0.17915344 -0.06700134 0.48049927
v -0.16979980 -0.10100555 0.48059082
v -0.08420563 -0.09451294 0.48089600
v -0.09602356 0.00369143 0.48025513
v -0.06272125 -0.11219025 0.48913574
v -0.26260376 0.12837219 0.48937988
v -0.17858887 0.19122314 0.48883057
v -0.18486023 0.21821594 0.48925781
v -0.21380615 0.15319824 0.48126221
v -0.16744995 0.19657898 0.48040771
v -0.20608521 0.21842957 0.48922729
v -0.18078613 0.22099304 0.48052979
v -0.32363892 0.21234131 0.48931885
v -0.17630005 0.24542236 0.48052979
v -0.22874451 0.23771667 0.48828125
v -0.20816040 0.24227905 0.48104858
v -0.30706787 0.22117615 0.48068237
v -0.22456360 0.24664307 0.48043823
v -0.15933228 0.19937134 0.48849487
v -0.12007904 0.19514465 0.48049927
v -0.11734009 0.19885254 0.48925781
v -0.16714478 0.24183655 0.48916626
v 0.01511574 0.21487427 0.48886108
v -0.20884705 0.26004028 0.48937988
v -0.22341919 0.29110718 0.48913574
v -0.16961670 0.30352783 0.48922729
v -0.16061401 0.32128906 0.48922729
v -0.01223087 0.24958801 0.48901367
v -0.17199707 0.31118774 0.48129272
v -0.22749329 0.29251099 0.48098755
v -0.20320129 0.31027222 0.48089600
v -0.17460632 0.34118652 0.48123169
v -0.29003906 0.34365845 0.48062134
v -0.06631470 0.33566284 0.48568726
v -0.01105022 0.33209229 0.48837280
v -0.00996494 0.33840942 0.48092651
v -0.23526001 0.36318970 0.47912598
v 0.00782871 0.36141968 0.48181152
v -0.34469604 0.34066772 0.48071289
v -0.39538574 0.29614258 0.48046875
v -0.36019897 0.36593628 0.48037720
v -0.47537231 0.36538696 0.48184204
v -0.28448486 0.02853394 0.48318481
v -0.23770142 0.08583069 0.48919678
v -0.29364014 0.07830811 0.48947144
v -0.15866089 0.06184387 0.48916626
v -0.16268921 0.03842926 0.48825073
v -0.16697693 0.03515244 0.48059082
v -0.15469360 0.05721283 0.48062134
v -0.25573730 -0.04380035 0.48104858
v -0.09602356 0.00369143 0.48025513
v -0.24670410 -0.06410980 0.48046875
v -0.17915344 -0.06700134 0.48049927
v -0.29113770 0.00339317 0.48043823
v -0.28790283 -0.05810165 0.48040771
v -0.34869385 -0.01595306 0.48046875
v -0.34939575 0.00292611 0.48199463
v -0.29516602 0.00748253 0.48880005
v -0.35934448 0.01151562 0.48904419
v -0.36886597 -0.01309109 0.48855591
v -0.47741699 -0.03009224 0.47766113
v -0.39263916 0.03899002 0.48962402
v -0.33010864 0.05494690 0.48931885
v -0.47387695 0.03737640 0.48956299
v -0.39028931 0.04189682 0.48001099
v -0.47439575 0.04066086 0.48059082
v -0.38784790 0.05033493 0.48971558
v -0.38766479 0.05317307 0.48046875
v -0.42239380 0.09372711 0.48080444
v -0.47723389 0.11560059 0.47854614
v -0.33081055 0.05791855 0.48071289
v -0.32852173 0.07678223 0.48077393
v -0.39093018 0.07563782 0.48196411
v -0.42129517 0.09663391 0.48925781
v -0.33737183 0.08491516 0.48898315
v -0.33779907 0.10341644 0.48947144
v -0.29589844 0.07794952 0.48065186
v -0.33340454 0.10031128 0.48178101
v -0.24462891 0.08672333 0.48086548
v -0.18286133 0.13960266 0.48046875
v -0.23574829 0.12677002 0.48092651
v -0.26452637 0.10583496 0.48062134
v -0.26742554 0.10393524 0.48886108
v -0.26260376 0.12837219 0.48937988
v -0.21380615 0.15319824 0.48126221
v -0.32363892 0.21234131 0.48931885
v -0.47390747 0.09387207 0.48907471
v -0.39733887 0.21151733 0.48925781
v -0.47393799 0.21752930 0.48934937
v -0.39343262 0.21537781 0.48043823
v -0.30706787 0.22117615 0.48068237
v -0.47457886 0.28756714 0.48025513
v -0.47387695 0.27957153 0.48895264
v -0.39794922 0.26562500 0.48898315
v -0.39492798 0.26889038 0.48049927
v -0.39538574 0.29614258 0.48046875
v -0.40029907 0.29244995 0.48690796
v -0.43231201 0.28988647 0.48416138
v -0.43292236 0.30017090 0.48175049
v -0.47583008 0.34451294 0.48083496
v -0.34469604 0.34066772 0.48071289
v -0.47537231 0.36538696 0.48184204
v -0.48321533 0.21557617 0.47689819
v -0.48049927 0.36611938 0.46994019
v -0.45339966 0.36557007 0.47357178
v -0.36019897 0.36593628 0.48037720
v -0.47955322 0.34399414 0.47225952
v -0.38262939 0.36517334 0.43041992
v -0.45275879 0.36514282 0.43121338
v -0.45214844 0.36663818 0.38217163
v -0.45373535 0.36547852 0.37774658
v -0.38540649 0.36563110 0.38134766
v -0.47918701 0.36361694 0.37493896
v -0.47644043 0.36569214 0.23188782
v -0.48077393 0.34381104 0.38031006
v -0.48034668 0.34375000 0.26580811
v -0.48010254 0.30935669 0.38027954
v -0.48001099 0.28485107 0.47152710
v -0.48040771 0.23863220 0.42330933
v -0.48065186 0.25482178 0.33969116
v -0.47998047 0.29644775 0.19490051
v -0.48425293 0.21537781 0.34570312
v -0.48818970 0.09600067 0.47674561
v -0.47933960 0.21667480 0.28845215
v -0.47943115 0.23115540 0.24511719
v -0.48767090 0.22103882 0.27166748
v -0.48800659 0.20613098 0.30453491
v -0.48007202 0.09234619 0.47146606
v -0.48800659 0.09719849 0.42886353
v -0.47930908 0.04045486 0.47647095
v -0.47961426 -0.02311325 0.47665405
v -0.48391724 -0.02116394 0.47674561
v -0.48828125 0.10297394 0.34851074
v -0.48831177 0.13247681 0.26510620
v -0.48025513 0.08994293 0.42633057
v -0.48712158 0.07749939 0.39718628
v -0.48876953 0.03699493 0.47692871
v -0.48330688 -0.02220154 0.35562134
v -0.48831177 0.01114845 0.35571289
v -0.48580933 0.08238983 0.34765625
v -0.47955322 0.07518768 0.39761353
v -0.47946167 0.04850769 0.39660645
v -0.48855591 0.04242706 0.39691162
v -0.47979736 0.05661774 0.33987427
v -0.48846436 0.05501175 0.34136963
v -0.48818970 0.04413605 0.29794312
v -0.48114014 0.07599640 0.32476807
v -0.48150635 0.10095215 0.32745361
v -0.48083496 0.00290465 0.33270264
v -0.48056030 -0.01638222 0.33734131
v -0.48672485 0.00570059 0.29391479
v -0.47927856 0.00346136 0.29113770
v -0.48385620 0.02091599 0.29208374
v -0.47940063 0.01986122 0.27932739
v -0.48266602 0.03578949 0.27929688
v -0.47973633 -0.02889442 0.19682312
v -0.47940063 0.03555679 0.22622681
v -0.48834229 0.03826523 0.22406006
v -0.48843384 0.09375000 0.23097229
v -0.48846436 0.08042908 0.30935669
v -0.47964478 0.08487701 0.25167847
v -0.47964478 0.08429718 0.31195068
v -0.47940063 0.10054016 0.25933838
v -0.48794556 0.10328674 0.26229858
v -0.47961426 0.12698364 0.25900269
v -0.47930908 0.10662079 0.21582031
v -0.48733521 0.13468933 0.23301697
v 0.45809937 -0.21279907 0.48480225
v 0.45755005 -0.14396667 0.48443604
v 0.42346191 -0.14323425 0.48922729
v 0.42977905 -0.13244629 0.48046875
v 0.47113037 -0.07012177 0.48092651
v 0.24261475 -0.23553467 0.48889160
v 0.47116089 -0.33593750 0.48135376
v 0.39309692 -0.29724121 0.48910522
v 0.46380615 -0.33193970 0.48092651
v 0.46286011 -0.32519531 0.48770142
v 0.39190674 -0.32717896 0.48712158
v 0.39263916 -0.33523560 0.48126221
v 0.47103882 -0.36114502 0.48233032
v 0.33892822 -0.30297852 0.48919678
v 0.25805664 -0.30282593 0.48944092
v 0.30590820 -0.31463623 0.48117065
v 0.38534546 -0.29986572 0.48083496
v 0.31463623 -0.36004639 0.48114014
v 0.47851562 -0.36456299 0.47674561
v 0.25350952 -0.31878662 0.48110962
v 0.44622803 0.11505127 0.48941040
v 0.44540405 0.21464539 0.48925781
v 0.39331055 0.21418762 0.48925781
v 0.39456177 0.21667480 0.48046875
v 0.44967651 0.21838379 0.48074341
v 0.37576294 0.23257446 0.48931885
v 0.37509155 0.23661804 0.48052979
v 0.33843994 0.23263550 0.48803711
v 0.47515869 0.28976440 0.47546387
v 0.28497314 0.22071838 0.48922729
v 0.25845337 0.13119507 0.48910522
v 0.20373535 0.15632629 0.48928833
v 0.47067261 0.12843323 0.48117065
v 0.44992065 0.10486603 0.48144531
v 0.33615112 0.09867096 0.48934937
v 0.25305176 0.10448456 0.48196411
v 0.39138794 0.08576965 0.48223877
v 0.45761108 0.05352402 0.48165894
v 0.45980835 -0.00888634 0.48135376
v 0.47113037 -0.07012177 0.48092651
v 0.36999512 0.05363464 0.48071289
v 0.47927856 0.09694672 0.47485352
v 0.48062134 0.16520691 0.46478271
v 0.48742676 0.28277588 0.46304321
v 0.48022461 0.02420425 0.46469116
v 0.48037720 -0.05181885 0.46661377
v 0.33215332 0.08565521 0.48117065
v 0.29632568 0.07819366 0.48043823
v 0.42346191 -0.14323425 0.48922729
v 0.41271973 -0.10987091 0.48968506
v 0.33450317 -0.09961700 0.48919678
v 0.24261475 -0.23553467 0.48889160
v 0.42977905 -0.13244629 0.48046875
v 0.39135742 -0.10104370 0.48080444
v 0.47113037 -0.07012177 0.48092651
v 0.45980835 -0.00888634 0.48135376
v 0.33905029 -0.00906658 0.48095703
v 0.31289673 -0.00836086 0.48065186
v 0.33569336 -0.08795166 0.48083496
v 0.27987671 -0.08568573 0.48934937
v 0.24290466 -0.20053101 0.48907471
v 0.28079224 -0.08288574 0.48110962
v 0.24583435 -0.05252457 0.48123169
v 0.36215210 -0.00697279 0.48919678
v 0.43020630 0.04765320 0.48922729
v 0.38113403 0.04978180 0.48974609
v 0.45761108 0.05352402 0.48165894
v 0.45980835 -0.00888634 0.48135376
v 0.36999512 0.05363464 0.48071289
v 0.33905029 -0.00906658 0.48095703
v 0.31170654 0.07015228 0.48968506
v 0.29632568 0.07819366 0.48043823
v 0.34292603 0.01092148 0.48870850
v 0.33230591 -0.00016402 0.48342896
v 0.31289673 -0.00836086 0.48065186
v 0.32006836 0.00743532 0.48538208
v 0.28167725 0.01257610 0.48858643
v 0.30462646 0.00857735 0.48291016
v 0.27011108 0.02091980 0.48068237
v 0.24583435 -0.05252457 0.48123169
v 0.27627563 0.04080200 0.48760986
v 0.22064209 0.02389145 0.48306274
v 0.19740295 -0.03444672 0.48123169
v 0.22056580 0.03732300 0.48165894
v 0.28057861 0.07647705 0.48956299
v 0.14508057 0.04176331 0.48928833
v 0.21461487 0.09576416 0.48199463
v 0.21502686 0.09247589 0.48959351
v 0.25305176 0.10448456 0.48196411
v 0.28497314 0.22071838 0.48922729
v 0.33843994 0.23263550 0.48803711
v 0.32443237 0.22293091 0.48348999
v 0.26974487 0.22828674 0.48046875
v 0.36206055 0.30261230 0.48086548
v 0.19841003 0.22911072 0.48071289
v 0.37509155 0.23661804 0.48052979
v 0.47515869 0.28976440 0.47546387
v 0.29302979 0.34417725 0.48071289
v 0.19088745 0.30484009 0.48104858
v 0.42382812 0.34414673 0.48092651
v 0.30010986 0.34390259 0.48266602
v 0.42428589 0.36566162 0.48019409
v 0.48080444 0.36621094 0.47357178
v 0.42428589 0.36471558 0.48266602
v 0.30670166 0.36026001 0.48303223
v 0.31594849 0.36523438 0.47888184
v 0.00928879 -0.00090718 0.48916626
v -0.02022362 0.07489777 0.48895264
v -0.03330612 0.04290009 0.48864746
v 0.00126207 -0.00346184 0.48071289
v -0.04033661 0.04346848 0.48052979
v -0.09602356 0.00369143 0.48025513
v -0.02840805 0.07976532 0.48086548
v -0.10208893 0.06404877 0.48056030
v -0.02592468 0.13183594 0.48141479
v -0.05318832 0.17126465 0.48086548
v -0.01007175 0.17544556 0.48083496
v 0.00813961 0.19531250 0.48916626
v -0.11739349 0.17691040 0.48931885
v 0.30010986 0.34390259 0.48266602
v 0.30670166 0.36026001 0.48303223
v 0.20097351 0.34552002 0.48226929
v 0.20143127 0.36096191 0.48187256
v 0.20033264 0.34500122 0.48062134
v 0.29302979 0.34417725 0.48071289
v 0.19088745 0.30484009 0.48104858
v 0.31594849 0.36523438 0.47888184
v 0.00782871 0.36141968 0.48181152
v 0.16755676 0.36526489 0.45117188
v 0.18556213 0.36526489 0.42404175
v 0.03760910 0.36535645 0.45111084
v -0.04288864 0.36569214 0.39306641
v -0.06884003 0.36752319 0.45220947
v 0.47851562 -0.36456299 0.47674561
v 0.47116089 -0.33593750 0.48135376
v 0.47103882 -0.36114502 0.48233032
v 0.47903442 -0.21548462 0.47576904
v 0.47113037 -0.07012177 0.48092651
v 0.47927856 0.09694672 0.47485352
v 0.48037720 -0.05181885 0.46661377
v 0.48037720 -0.15539551 0.46472168
v 0.48043823 -0.19645691 0.39016724
v 0.47998047 -0.15826416 0.43594360
v 0.48873901 -0.15065002 0.46127319
v 0.48870850 -0.16886902 0.41912842
v 0.48840332 -0.22239685 0.36230469
v 0.48861694 -0.23442078 0.26275635
v 0.48031616 -0.22526550 0.36279297
v 0.48126221 -0.33538818 0.47387695
v 0.48028564 -0.23345947 0.30349731
v 0.48040771 -0.29220581 0.32498169
v 0.48019409 -0.24790955 0.23097229
v 0.48233032 -0.36126709 0.47445679
v 0.48141479 -0.33581543 0.40689087
v 0.48217773 -0.36135864 0.40692139
v 0.48059082 -0.36105347 0.40655518
v 0.47753906 -0.36480713 0.32116699
v 0.48028564 -0.33258057 0.25872803
v 0.48010254 -0.32940674 0.13653564
v 0.47567749 -0.36703491 0.13214111
v 0.48043823 -0.36090088 0.10375214
v 0.48037720 -0.34399414 0.07870483
v 0.48883057 -0.33575439 0.12144470
v 0.47985840 -0.31619263 0.18106079
v 0.48037720 -0.27828979 0.18908691
v 0.48983765 -0.31088257 0.19418335
v 0.48950195 -0.28082275 0.19503784
v 0.48831177 -0.27813721 0.14791870
v 0.48858643 -0.27359009 0.09424591
v 0.48025513 -0.26828003 0.09873199
v 0.48089600 -0.25271606 0.14717102
v 0.48028564 -0.24778748 0.12553406
v 0.48873901 -0.23884583 0.14448547
v 0.48867798 -0.22625732 0.09999847
v 0.48974609 -0.24639893 0.11637878
v 0.48010254 -0.22920227 0.09807587
v 0.47851562 -0.36456299 0.47674561
v 0.31463623 -0.36004639 0.48114014
v 0.14228821 -0.36431885 0.48004150
v 0.22877502 -0.36993408 0.47305298
v 0.47229004 -0.36990356 0.47308350
v 0.47753906 -0.36480713 0.32116699
v 0.33209229 -0.37225342 0.23010254
v 0.26797485 -0.37014771 0.34960938
v 0.20976257 -0.37487793 0.39413452
v 0.24826050 -0.37432861 0.33663940
v 0.27307129 -0.36987305 0.31423950
v 0.26892090 -0.37463379 0.31396484
v 0.27728271 -0.37445068 0.25668335
v 0.12142944 -0.37429810 0.19476318
v 0.27963257 -0.36981201 0.26010132
v 0.29486084 -0.37216187 0.12553406
v 0.12504578 -0.37429810 0.13497925
v 0.33032227 -0.37466431 0.15647888
v 0.25234985 -0.37100220 0.03289795
v 0.11773682 -0.37405396 0.06220627
v 0.11499023 -0.36987305 0.05870056
v 0.07757568 -0.36987305 -0.00681543
v 0.32192993 -0.36990356 0.03821564
v 0.33221436 -0.36993408 0.15324402
v 0.34552002 -0.37002563 0.08712006
v 0.34786987 -0.37432861 0.08229828
v 0.35998535 -0.36987305 0.21014404
v 0.36120605 -0.37445068 0.11930084
v 0.36083984 -0.37490845 0.20434570
v 0.40243530 -0.37438965 0.18444824
v 0.44625854 -0.37469482 0.07985687
v 0.41372681 -0.36987305 0.17735291
v 0.47567749 -0.36703491 0.13214111
v 0.44915771 -0.36965942 0.11988831
v 0.44860840 -0.36987305 0.07934570
v -0.02761269 -0.36990356 0.47311401
v 0.14228821 -0.36431885 0.48004150
v -0.01819038 -0.36444092 0.47970581
v -0.16178894 -0.36169434 0.48059082
v 0.22877502 -0.36993408 0.47305298
v 0.18336487 -0.36972046 0.45956421
v 0.06861115 -0.36975098 0.45877075
v 0.19078064 -0.37020874 0.43127441
v 0.21302795 -0.36987305 0.39569092
v 0.26797485 -0.37014771 0.34960938
v 0.20976257 -0.37487793 0.39413452
v 0.18634033 -0.37420654 0.41381836
v 0.18096924 -0.37490845 0.45590210
v 0.11425018 -0.37414551 0.39474487
v 0.24826050 -0.37432861 0.33663940
v 0.12142944 -0.37429810 0.19476318
v 0.08502960 -0.37435913 0.24089050
v 0.05321121 -0.37371826 0.45492554
v 0.01782227 -0.37463379 0.45684814
v 0.07453156 -0.37295532 0.32818604
v 0.03204346 -0.37454224 0.25585938
v 0.02274323 -0.37158203 0.31246948
v -0.02030945 -0.37432861 0.35086060
v -0.02294731 -0.36990356 0.34970093
v -0.02159691 -0.37472534 0.40423584
v -0.02149200 -0.36975098 0.45806885
v -0.29238892 -0.36990356 0.47308350
v -0.16178894 -0.36169434 0.48059082
v -0.31903076 -0.36416626 0.48007202
v -0.02761269 -0.36990356 0.47311401
v -0.47250366 -0.36990356 0.47299194
v -0.47515869 -0.36447144 0.48025513
v -0.47531128 -0.36874390 0.32830811
v -0.11306000 -0.36990356 0.24397278
v -0.02294731 -0.36990356 0.34970093
v -0.17411804 -0.37200928 0.06344604
v 0.02274323 -0.37158203 0.31246948
v -0.12128448 -0.37155151 0.14321899
v -0.02828789 -0.36987305 0.24610901
v -0.11048889 -0.37271118 0.24276733
v 0.01153564 -0.37191772 0.23983765
v -0.01224518 -0.37405396 0.20169067
v -0.08704376 -0.37237549 0.09425354
v -0.05033112 -0.37347412 0.11471558
v -0.01130009 -0.37255859 0.14524841
v -0.00830173 -0.36978149 0.19673157
v -0.00909519 -0.36987305 0.14114380
v -0.05471420 -0.36990356 0.10639191
v 0.02450180 -0.36996460 0.03340912
v -0.47821045 -0.33166504 0.47689819
v -0.47250366 -0.36990356 0.47299194
v -0.47531128 -0.36874390 0.32830811
v -0.47976685 -0.36117554 0.40350342
v -0.48004150 -0.36123657 0.47262573
v -0.47967529 -0.36068726 0.35638428
v -0.47946167 -0.36096191 0.26571655
v -0.47967529 -0.33184814 0.40496826
v -0.48001099 -0.33184814 0.47256470
v -0.47973633 -0.31518555 0.26138306
v -0.47958374 -0.34219360 0.20050049
v -0.47976685 -0.31347656 0.34777832
v -0.48773193 -0.32754517 0.40875244
v -0.48757935 -0.32415771 0.47677612
v -0.47909546 -0.30673218 0.40502930
v -0.48806763 -0.30117798 0.40838623
v -0.48803711 -0.29870605 0.43722534
v -0.48104858 -0.24554443 0.47662354
v -0.48791504 -0.30758667 0.34970093
v -0.48782349 -0.20645142 0.43109131
v -0.48507690 -0.17823792 0.47659302
v -0.48806763 -0.31253052 0.28259277
v -0.48773193 -0.20458984 0.34362793
v -0.48297119 -0.29714966 0.26110840
v -0.47906494 -0.26934814 0.23291016
v -0.48797607 -0.26644897 0.23457336
v -0.48767090 -0.23382568 0.25552368
v -0.47933960 -0.23187256 0.23228455
v -0.48785400 -0.14508057 0.45495605
v -0.47918701 -0.23158264 0.25296021
v -0.47918701 -0.19850159 0.24868774
v -0.48709106 -0.19584656 0.25036621
v -0.48684692 -0.16189575 0.27435303
v -0.48800659 -0.19024658 0.19592285
v -0.48068237 -0.16778564 0.47003174
v -0.47970581 -0.14109802 0.45550537
v -0.47933960 -0.11830902 0.43325806
v -0.48611450 -0.12120056 0.43191528
v -0.48745728 -0.11849976 0.37390137
v -0.47924805 -0.11424255 0.35705566
v -0.48330688 -0.02220154 0.35562134
v -0.47961426 -0.02311325 0.47665405
v -0.48391724 -0.02116394 0.47674561
v -0.48532104 -0.11403656 0.33416748
v -0.47940063 -0.08745575 0.33413696
v -0.48809814 -0.08927917 0.33209229
v -0.47903442 -0.08530426 0.31173706
v -0.48831177 0.01114845 0.35571289
v -0.48056030 -0.01638222 0.33734131
v -0.47961426 -0.05109024 0.25039673
v -0.48083496 0.00290465 0.33270264
v -0.47927856 0.00346136 0.29113770
v -0.47940063 0.01986122 0.27932739
v -0.47973633 -0.02889442 0.19682312
v -0.47952271 -0.05606461 0.23912048
v -0.48861694 -0.05834198 0.23968506
v -0.48825073 -0.07215118 0.24932861
v -0.47930908 -0.06855011 0.25314331
v -0.48510742 -0.07585907 0.30462646
v -0.48822021 -0.08797455 0.30914307
v -0.48822021 -0.13267517 0.18399048
v -0.45339966 0.36557007 0.47357178
v -0.36019897 0.36593628 0.48037720
v -0.23526001 0.36318970 0.47912598
v 0.00782871 0.36141968 0.48181152
v -0.06884003 0.36752319 0.45220947
v -0.20223999 0.36526489 0.45181274
v -0.38452148 0.36553955 0.45187378
v -0.24926758 0.36529541 0.45178223
v -0.24407959 0.36938477 0.40512085
v -0.38262939 0.36517334 0.43041992
v -0.38540649 0.36563110 0.38134766
v -0.45275879 0.36514282 0.43121338
v -0.24940491 0.37301636 0.45175171
v -0.34652710 0.37289429 0.45172119
v -0.25143433 0.37332153 0.40692139
v -0.24894714 0.37347412 0.24789429
v -0.23504639 0.37319946 0.24948120
v -0.36645508 0.37249756 0.29882812
v -0.35839844 0.37289429 0.36117554
v -0.35977173 0.36532593 0.36227417
v -0.37234497 0.36541748 0.29394531
v -0.39758301 0.36978149 0.25384521
v -0.45373535 0.36547852 0.37774658
v 0.48080444 0.36621094 0.47357178
v 0.43597412 0.36578369 0.46493530
v 0.42428589 0.36566162 0.48019409
v 0.31594849 0.36523438 0.47888184
v 0.18556213 0.36526489 0.42404175
v 0.43676758 0.36544800 0.41726685
v 0.48104858 0.36645508 0.41589355
v 0.47656250 0.36563110 0.32339478
v 0.25796509 0.36541748 0.36367798
v 0.48046875 0.34335327 0.41400146
v 0.47515869 0.28976440 0.47546387
v 0.48013306 0.35879517 0.17637634
v 0.47854614 0.36059570 0.01404381
v 0.48031616 0.29721069 0.28323364
v 0.48059082 0.31292725 0.23544312
v 0.48062134 0.31729126 0.17550659
v 0.48071289 0.33923340 0.17449951
v 0.48883057 0.29690552 0.15950012
v 0.48883057 0.32601929 0.14982605
v 0.48852539 0.29370117 0.25204468
v 0.48001099 0.28085327 0.28707886
v 0.48858643 0.19880676 0.15222168
v 0.48864746 0.28030396 0.28530884
v 0.48019409 0.27813721 0.37313843
v 0.48791504 0.28994751 0.40121460
v 0.48742676 0.28277588 0.46304321
v 0.48818970 0.25765991 0.35351562
v 0.48883057 0.18292236 0.41534424
v 0.48062134 0.16520691 0.46478271
v 0.48449707 0.16957092 0.25534058
v 0.48648071 0.16601562 0.41488647
v 0.48867798 0.17994690 0.25180054
v 0.48019409 0.17793274 0.24873352
v 0.48422241 0.17912292 0.15779114
v 0.48016357 0.19825745 0.15034485
v 0.48846436 0.19709778 0.12001038
v 0.48724365 0.02624512 0.46304321
v 0.48580933 0.13679504 0.46331787
v 0.48022461 0.02420425 0.46469116
v 0.48062134 0.16520691 0.46478271
v 0.48828125 0.02608871 0.38327026
v 0.48043823 0.14990234 0.44345093
v 0.48019409 0.02418900 0.38003540
v 0.48843384 0.14196777 0.41583252
v 0.48880005 0.04284668 0.38247681
v 0.48037720 -0.04237747 0.44192505
v 0.48010254 -0.02144623 0.41751099
v 0.48037720 -0.02138519 0.34359741
v 0.48010254 0.04057312 0.37985229
v 0.48022461 0.04622650 0.35955811
v 0.48840332 0.04785919 0.36181641
v 0.48025513 0.05335236 0.33410645
v 0.48733521 0.05514145 0.33621216
v 0.48846436 0.07241058 0.33578491
v 0.48043823 0.07062531 0.33383179
v 0.48028564 0.06225204 0.28881836
v 0.48016357 -0.03351212 0.33935547
v 0.48037720 -0.03280640 0.24937439
v 0.48114014 0.06834412 0.30526733
v 0.48895264 0.07611847 0.29714966
v 0.48629761 0.06405640 0.29138184
v 0.48028564 0.13050842 0.28634644
v 0.48852539 0.12811279 0.29129028
v 0.48510742 0.15194702 0.34365845
v 0.48010254 0.13304138 0.30273438
v 0.48449707 0.16957092 0.25534058
v 0.48422241 0.17912292 0.15779114
v 0.48019409 0.17793274 0.24873352
v 0.48016357 0.15336609 0.34338379
v 0.48196411 0.15290833 0.40481567
v 0.48025513 0.16516113 0.41644287
v 0.48648071 0.16601562 0.41488647
v 0.48022461 0.18168640 0.41665649
v 0.48883057 0.18292236 0.41534424
v 0.48037720 -0.15539551 0.46472168
v 0.48770142 -0.05221558 0.46084595
v 0.48037720 -0.05181885 0.46661377
v 0.48873901 -0.15065002 0.46127319
v 0.48037720 -0.04237747 0.44192505
v 0.48022461 0.02420425 0.46469116
v 0.48873901 -0.04545212 0.44393921
v 0.48870850 -0.16886902 0.41912842
v 0.48858643 -0.05222702 0.41406250
v 0.48010254 -0.02144623 0.41751099
v 0.48675537 -0.02555656 0.41510010
v 0.48870850 -0.04315186 0.34207153
v 0.48861694 -0.23442078 0.26275635
v 0.48867798 -0.22625732 0.09999847
v 0.48501587 -0.02416420 0.34606934
v 0.48037720 -0.02138519 0.34359741
v 0.48016357 -0.03351212 0.33935547
v 0.48440552 -0.09320831 0.18136597
v 0.48037720 -0.03280640 0.24937439
v 0.48883057 -0.04893875 0.24635315
v 0.48043823 -0.06663513 0.21472168
v 0.48034668 0.00768232 0.09545898
v 0.48028564 0.06225204 0.28881836
v 0.16755676 0.36526489 0.45117188
v 0.16659546 0.37310791 0.45089722
v 0.03760910 0.36535645 0.45111084
v 0.04594040 0.37283325 0.45068359
v 0.05160522 0.36529541 0.41259766
v 0.05399704 0.37265015 0.41046143
v 0.18501282 0.37332153 0.42309570
v 0.03157043 0.36541748 0.41128540
v 0.09708405 0.37341309 0.21221924
v -0.04288864 0.36569214 0.39306641
v 0.03594971 0.36544800 0.26336670
v -0.07402802 0.36544800 0.36462402
v 0.03205109 0.37405396 0.41122437
v 0.03392410 0.37356567 0.32659912
v 0.04198074 0.37341309 0.24765015
v -0.20223999 0.36526489 0.45181274
v -0.06884003 0.36752319 0.45220947
v -0.20101929 0.37298584 0.45141602
v -0.08576965 0.37338257 0.41931152
v -0.04288864 0.36569214 0.39306641
v -0.19929504 0.37350464 0.35137939
v -0.07080078 0.36611938 0.38031006
v -0.19578552 0.36538696 0.27902222
v -0.07402802 0.36544800 0.36462402
v -0.24407959 0.36938477 0.40512085
v -0.07435608 0.37362671 0.36593628
v -0.10387421 0.37341309 0.32708740
v -0.19389343 0.37350464 0.28106689
v -0.10195923 0.36532593 0.33074951
v -0.10634613 0.37338257 0.28713989
v -0.16065979 0.36544800 0.28421021
v -0.10584259 0.36544800 0.28665161
v 0.03594971 0.36544800 0.26336670
v -0.24787903 0.36560059 0.16238403
v -0.23500061 0.36535645 0.24919128
v -0.24847412 0.36593628 0.24729919
v -0.23504639 0.37319946 0.24948120
v -0.24894714 0.37347412 0.24789429
v 0.18556213 0.36526489 0.42404175
v 0.16659546 0.37310791 0.45089722
v 0.16755676 0.36526489 0.45117188
v 0.18501282 0.37332153 0.42309570
v 0.25146484 0.37344360 0.36911011
v 0.25796509 0.36541748 0.36367798
v 0.27560425 0.37338257 0.29537964
v 0.25796509 0.36541748 0.36367798
v 0.27258301 0.37219238 0.33621216
v 0.25146484 0.37344360 0.36911011
v 0.27560425 0.37338257 0.29537964
v 0.27615356 0.36532593 0.29586792
v 0.29537964 0.36593628 0.27539062
v 0.47656250 0.36563110 0.32339478
v 0.29870605 0.37268066 0.22950745
v 0.32409668 0.36941528 0.22970581
v 0.28869629 0.36978149 0.10963440
v 0.47854614 0.36059570 0.01404381
v 0.41952515 0.36529541 0.16485596
v 0.32214355 0.37393188 0.12687683
v 0.32254028 0.36529541 0.12582397
v 0.34793091 0.36560059 0.08790588
v 0.36709595 0.36535645 0.19635010
v 0.40246582 0.37341309 0.19735718
v 0.36618042 0.37368774 0.19403076
v 0.34948730 0.37344360 0.07859802
v -0.45373535 0.36547852 0.37774658
v -0.41073608 0.36547852 0.23812866
v -0.47644043 0.36569214 0.23188782
v -0.44912720 0.36672974 0.14483643
v -0.47830200 0.36221313 0.07263184
v -0.41445923 0.36563110 0.18347168
v -0.43643188 0.37353516 0.18338013
v -0.39758301 0.36978149 0.25384521
v -0.37234497 0.36541748 0.29394531
v -0.40359497 0.37261963 0.18067932
v -0.36645508 0.37249756 0.29882812
v -0.24894714 0.37347412 0.24789429
v -0.27151489 0.37326050 0.14665222
v -0.25942993 0.37350464 0.11344910
v -0.24923706 0.37332153 0.16296387
v -0.37234497 0.36541748 0.29394531
v -0.41073608 0.36547852 0.23812866
v -0.45373535 0.36547852 0.37774658
v -0.47644043 0.36569214 0.23188782
v -0.48065186 0.35217285 0.20130920
v -0.47918701 0.36361694 0.37493896
v -0.48034668 0.34375000 0.26580811
v -0.48052979 0.36157227 0.16105652
v -0.47830200 0.36221313 0.07263184
v -0.47998047 0.29644775 0.19490051
v -0.48010254 0.30935669 0.38027954
v -0.47933960 0.34268188 0.09897614
v -0.48065186 0.25482178 0.33969116
v -0.47943115 0.23115540 0.24511719
v -0.47955322 0.24263000 0.17907715
v -0.47958374 0.26904297 0.08488464
v -0.47921753 0.30148315 0.03273010
v -0.47900391 0.33959961 -0.02251625
v -0.48022461 0.35943604 -0.08324432
v -0.47650146 0.36614990 -0.21034241
v -0.47882080 0.33966064 -0.17355347
v -0.48074341 0.24357605 0.03208160
v -0.48449707 0.33773804 -0.17156982
v -0.48449707 0.33767700 -0.02459908
v -0.47976685 0.31799316 -0.01915169
v -0.48815918 0.31411743 -0.02920151
v -0.48800659 0.32510376 -0.15368652
v -0.48809814 0.29925537 0.02211761
v -0.48690796 0.25595093 0.02861977
v -0.48797607 0.25238037 -0.02580833
v -0.48815918 0.22314453 -0.02535439
v -0.48339844 0.23461914 -0.02493858
v -0.47921753 0.24768066 0.00826454
v -0.47900391 0.23678589 -0.02245522
v 0.28869629 0.36978149 0.10963440
v 0.18501282 0.37332153 0.42309570
v 0.27560425 0.37338257 0.29537964
v 0.29870605 0.37268066 0.22950745
v 0.02274323 -0.37158203 0.31246948
v -0.02828789 -0.36987305 0.24610901
v 0.02283096 -0.36984253 0.24597168
v 0.01153564 -0.37191772 0.23983765
v -0.01224518 -0.37405396 0.20169067
v -0.00830173 -0.36978149 0.19673157
v -0.00909519 -0.36987305 0.14114380
v 0.03204346 -0.37454224 0.25585938
v 0.02450180 -0.36996460 0.03340912
v 0.04415894 -0.37411499 -0.00767994
v 0.07757568 -0.36987305 -0.00681543
v 0.11499023 -0.36987305 0.05870056
v 0.11437225 -0.36987305 0.13058472
v 0.11773682 -0.37405396 0.06220627
v 0.12504578 -0.37429810 0.13497925
v 0.13040161 -0.36990356 0.14562988
v 0.12142944 -0.37429810 0.19476318
v 0.09717560 -0.36990356 0.21676636
v 0.08502960 -0.37435913 0.24089050
v -0.48767090 0.22103882 0.27166748
v -0.48800659 0.23306274 0.20091248
v -0.48800659 0.20613098 0.30453491
v -0.47943115 0.23115540 0.24511719
v -0.47955322 0.24263000 0.17907715
v -0.48812866 0.19364929 0.18876648
v -0.48831177 0.13247681 0.26510620
v -0.48733521 0.13468933 0.23301697
v -0.47943115 0.22320557 0.17654419
v -0.47930908 0.15020752 0.21116638
v -0.47961426 0.12698364 0.25900269
v -0.47933960 0.18640137 0.16836548
v -0.47930908 0.21194458 0.03684998
v -0.47958374 0.26904297 0.08488464
v -0.48074341 0.24357605 0.03208160
v -0.47949219 0.15669250 0.10815430
v -0.47918701 0.14079285 0.13142395
v -0.47930908 0.10662079 0.21582031
v -0.47915649 0.14013672 0.18783569
v -0.48809814 0.13595581 0.18652344
v -0.48834229 0.13638306 0.13018799
v -0.48843384 0.09375000 0.23097229
v -0.47964478 0.08487701 0.25167847
v -0.48840332 0.05792618 0.15737915
v -0.48849487 0.07760620 0.10416412
v -0.48870850 0.04042816 0.16339111
v -0.48834229 0.03826523 0.22406006
v -0.47940063 0.03555679 0.22622681
v -0.47949219 0.04063797 0.16165161
v -0.47973633 -0.02889442 0.19682312
v -0.47940063 0.05677795 0.15657043
v -0.47921753 0.01219654 0.12734985
v -0.48074341 0.07736206 0.10588837
v -0.48849487 0.04477310 0.10630035
v -0.48013306 0.04634857 0.10745239
v -0.47531128 -0.36874390 0.32830811
v -0.47546387 -0.36871338 0.09667206
v -0.47244263 -0.36987305 0.20683289
v -0.47946167 -0.36096191 0.26571655
v -0.45346069 -0.37194824 0.18499756
v -0.46020508 -0.36959839 0.11505127
v -0.45269775 -0.37417603 0.14788818
v -0.39294434 -0.36987305 0.16986084
v -0.35031128 -0.36987305 0.15869141
v -0.39627075 -0.37402344 0.16975403
v -0.35226440 -0.37448120 0.15762329
v 0.03594971 0.36544800 0.26336670
v 0.04198074 0.37341309 0.24765015
v 0.05238724 0.36541748 0.24234009
v 0.09708405 0.37341309 0.21221924
v 0.00095552 0.36544800 0.03518295
v 0.09840393 0.36538696 0.20822144
v 0.12525940 0.37344360 0.16163635
v 0.28869629 0.36978149 0.10963440
v 0.13830566 0.37344360 0.03826523
v 0.11698914 0.37332153 0.07591248
v 0.11614227 0.36538696 0.07756042
v 0.13690186 0.36560059 0.03746414
v 0.11442566 0.36553955 0.14326477
v 0.12643433 0.36529541 0.16491699
v 0.48010254 0.06341553 0.17085266
v 0.48422241 0.17912292 0.15779114
v 0.48028564 0.13050842 0.28634644
v 0.48028564 0.06225204 0.28881836
v 0.48043823 -0.06663513 0.21472168
v 0.48034668 0.00768232 0.09545898
v 0.48416138 0.17451477 0.11949158
v 0.48016357 0.19825745 0.15034485
v 0.28869629 0.36978149 0.10963440
v 0.09708405 0.37341309 0.21221924
v 0.18501282 0.37332153 0.42309570
v -0.47946167 -0.36096191 0.26571655
v -0.47958374 -0.34219360 0.20050049
v -0.47891235 -0.36087036 0.10657501
v -0.47546387 -0.36871338 0.09667206
v -0.48156738 -0.36239624 -0.04736328
v -0.47918701 -0.35067749 0.11353302
v -0.48461914 -0.36062622 0.10142517
v -0.48782349 -0.33486938 0.19271851
v -0.48840332 -0.34890747 0.10408020
v -0.47924805 -0.31823730 0.18444824
v -0.47973633 -0.31518555 0.26138306
v -0.48797607 -0.28689575 0.16633606
v -0.48727417 -0.35174561 0.02936363
v -0.47918701 -0.28240967 0.16671753
v -0.47906494 -0.26934814 0.23291016
v -0.48797607 -0.26644897 0.23457336
v -0.47933960 -0.23187256 0.23228455
v -0.47918701 -0.19850159 0.24868774
v -0.48788452 -0.29037476 0.10265350
v -0.48843384 -0.28063965 0.07204437
v -0.47912598 -0.19468689 0.19799805
v -0.47912598 -0.28570557 0.09846497
v -0.47903442 -0.18052673 0.16236877
v -0.48800659 -0.19024658 0.19592285
v -0.48709106 -0.19584656 0.25036621
v -0.47930908 -0.20909119 0.07689667
v -0.47906494 -0.27548218 0.06910706
v -0.48083496 -0.27484131 0.04594803
v -0.48828125 -0.27914429 0.03256226
v -0.47915649 -0.25439453 0.01926041
v -0.48675537 -0.25631714 0.01739120
v -0.48831177 -0.27557373 -0.06815338
v -0.47735596 -0.36480713 -0.26071167
v -0.47921753 -0.34478760 -0.08095551
v -0.48687744 -0.35794067 -0.04878235
v -0.48730469 -0.33630371 -0.08618927
v -0.48025513 -0.32781982 -0.14607239
v -0.48794556 -0.30276489 -0.18772888
v -0.48736572 -0.27621460 -0.13925171
v -0.47933960 -0.26885986 -0.09675598
v -0.47918701 -0.27795410 -0.16191101
v -0.48709106 -0.26068115 -0.04706573
v -0.47924805 -0.25143433 -0.11854553
v -0.47915649 -0.25595093 -0.05078888
v -0.47912598 -0.22741699 -0.01824951
v -0.48791504 -0.23707581 -0.14334106
v -0.48202515 -0.25189209 -0.14553833
v -0.48828125 -0.23489380 -0.10351562
v -0.48004150 -0.22732544 -0.09632874
v -0.48779297 -0.22148132 -0.09975433
v -0.48773193 -0.22441101 -0.05942917
v -0.48101807 -0.22552490 -0.01949310
v -0.48809814 -0.12507629 -0.06568909
v -0.48800659 -0.09418488 -0.18054199
v -0.48852539 -0.09482574 -0.07048798
v -0.48065186 -0.14318848 -0.01962280
v -0.48870850 -0.11328125 -0.04862595
v -0.47882080 -0.17384338 -0.01785660
v -0.47918701 -0.12930298 -0.01663399
v -0.47927856 -0.10540009 -0.06317139
v -0.47921753 -0.07955933 0.03528595
v -0.47912598 -0.09182739 -0.06812286
v -0.47927856 -0.09195709 -0.18040466
v -0.47927856 -0.05234528 -0.00014529
v -0.47900391 -0.00232410 -0.00071329
v -0.47900391 0.04313278 -0.04754257
v -0.47900391 -0.07207489 -0.20713806
v -0.48803711 -0.05088806 0.00171351
v -0.48803711 -0.09232330 0.06404877
v -0.48791504 0.00037703 0.00108528
v -0.47909546 -0.09570312 0.05881119
v -0.48825073 0.00527716 0.13410950
v -0.48849487 0.04477310 0.10630035
v -0.47921753 0.01219654 0.12734985
v -0.47915649 -0.15014648 0.08435059
v -0.48117065 -0.11614990 0.07410431
v -0.48785400 -0.12797546 0.10976410
v -0.48233032 -0.15078735 0.08603668
v -0.47912598 -0.16365051 0.10531616
v -0.48565674 -0.16342163 0.10908508
v -0.47900391 -0.16511536 0.13662720
v -0.48837280 -0.16369629 0.13882446
v -0.48822021 -0.13267517 0.18399048
v -0.48684692 -0.16189575 0.27435303
v -0.48849487 -0.02164459 0.17874146
v -0.47940063 -0.01851845 0.17716980
v -0.47949219 0.04063797 0.16165161
v -0.47973633 -0.02889442 0.19682312
v -0.48883057 -0.02882957 0.19390869
v -0.48825073 -0.07215118 0.24932861
v -0.47952271 -0.05606461 0.23912048
v -0.48861694 -0.05834198 0.23968506
v -0.24787903 0.36560059 0.16238403
v -0.24894714 0.37347412 0.24789429
v -0.24847412 0.36593628 0.24729919
v -0.24923706 0.37332153 0.16296387
v -0.25469971 0.36544800 0.14579773
v -0.27151489 0.37326050 0.14665222
v -0.27084351 0.36517334 0.11656189
v -0.25646973 0.36544800 0.11423492
v -0.25942993 0.37350464 0.11344910
v -0.10584259 0.36544800 0.28665161
v -0.06835938 0.36544800 0.06784821
v 0.00095552 0.36544800 0.03518295
v 0.04363251 0.37020874 0.01630974
v 0.00538683 0.37344360 0.03168488
v -0.06026459 0.37338257 0.03551483
v -0.05959320 0.36541748 0.03897858
v -0.06882477 0.37332153 0.06782532
v -0.19941711 0.36538696 0.06677246
v -0.19865417 0.37341309 0.06599426
v -0.09696198 0.37335205 -0.07508850
v -0.20010376 0.36535645 0.03710938
v -0.19970703 0.37347412 0.03650284
v -0.23243713 0.37347412 -0.00557661
v -0.22727966 0.36663818 0.03724289
v -0.25457764 0.36535645 0.04376602
v -0.23057556 0.36538696 0.00358415
v -0.24880981 0.37017822 0.00111699
v -0.23963928 0.37289429 -0.11398315
v -0.29177856 0.36553955 0.01034546
v -0.25100708 0.36544800 -0.10273743
v -0.32006836 0.36563110 -0.02138138
v -0.25546265 0.37344360 0.04457855
v -0.31857300 0.37377930 -0.01744652
v -0.32122803 0.36535645 0.01064205
v -0.34698486 0.36666870 -0.03493500
v -0.32049561 0.37338257 0.01108456
v -0.40359497 0.37261963 0.18067932
v -0.34939575 0.37313843 0.01128960
v -0.41714478 0.37277222 -0.03429413
v -0.41778564 0.36541748 -0.03481293
v -0.43444824 0.37350464 0.08662415
v -0.43643188 0.37353516 0.18338013
v -0.44912720 0.36672974 0.14483643
v -0.41650391 0.37341309 0.00673151
v -0.44692993 0.37216187 0.00727892
v -0.44775391 0.36541748 0.00677490
v -0.41693115 0.36654663 0.00599432
v -0.47830200 0.36221313 0.07263184
v -0.47351074 0.36547852 -0.10194397
v -0.47650146 0.36614990 -0.21034241
v -0.35031128 -0.36987305 0.15869141
v -0.47531128 -0.36874390 0.32830811
v -0.47244263 -0.36987305 0.20683289
v 0.00095552 0.36544800 0.03518295
v -0.10584259 0.36544800 0.28665161
v 0.03594971 0.36544800 0.26336670
v 0.48886108 -0.09501648 0.06921387
v 0.48440552 -0.09320831 0.18136597
v 0.48867798 -0.22625732 0.09999847
v 0.48010254 -0.22920227 0.09807587
v 0.48974609 -0.24639893 0.11637878
v 0.48931885 -0.22593689 0.05696487
v 0.48037720 -0.22633362 0.01606560
v 0.48028564 -0.24778748 0.12553406
v 0.48025513 -0.26828003 0.09873199
v 0.48025513 -0.25610352 0.04983139
v 0.48025513 -0.09209442 0.06539154
v 0.48034668 0.00768232 0.09545898
v 0.48019409 -0.19989014 -0.04600906
v 0.48031616 -0.25842285 -0.02420235
v 0.48052979 -0.27310181 -0.04686356
v 0.48037720 -0.28366089 -0.08388519
v 0.48028564 -0.00271058 0.00225711
v 0.48010254 0.04170609 0.04578400
v 0.48861694 -0.00146842 0.00193155
v 0.48059082 -0.05479431 -0.00041544
v 0.48907471 -0.04973602 -0.00071853
v 0.48858643 -0.05624008 -0.08009338
v 0.48867798 0.07978821 -0.10366058
v 0.48715210 -0.09205627 -0.05934906
v 0.48031616 -0.10700226 0.05784607
v 0.48040771 -0.10687256 -0.06973267
v 0.48040771 -0.12954712 0.01694107
v 0.48831177 -0.11908722 -0.10618591
v 0.48309326 -0.14985657 -0.08689880
v 0.48089600 -0.16325378 -0.10198212
v 0.48880005 -0.16340637 -0.13751221
v 0.48907471 0.00469971 -0.13481140
v 0.48901367 0.04405975 -0.10616302
v 0.48873901 -0.02844810 -0.19152832
v 0.48031616 -0.01759720 -0.17588806
v 0.47994995 -0.16613770 -0.13990784
v 0.48010254 -0.18547058 -0.17247009
v 0.48013306 -0.28173828 -0.16534424
v 0.48922729 -0.17984009 -0.16712952
v 0.48037720 -0.19476318 -0.19314575
v 0.48794556 -0.19692993 -0.24922180
v 0.48861694 -0.06609344 -0.25100708
v 0.48864746 -0.09373474 -0.32751465
v 0.48019409 -0.06211472 -0.25158691
v 0.48019409 0.03649139 -0.22381592
v 0.48028564 0.00336099 -0.28897095
v 0.48040771 -0.08748627 -0.31173706
v -0.47531128 -0.36874390 0.32830811
v -0.35031128 -0.36987305 0.15869141
v -0.19783020 -0.36990356 0.03522491
v -0.17411804 -0.37200928 0.06344604
v -0.20693970 -0.37429810 0.01774788
v -0.35122681 -0.37219238 -0.00262833
v -0.35226440 -0.37448120 0.15762329
v -0.36639404 -0.37445068 0.04933929
v -0.36325073 -0.37203979 -0.05388260
v -0.24424744 -0.36990356 -0.01797676
v -0.25817871 -0.37405396 -0.04521561
v -0.20860291 -0.37435913 -0.04566574
v -0.26092529 -0.36993408 -0.05274963
v -0.24771118 -0.36993408 -0.17852783
v -0.21110535 -0.36990356 -0.05474854
v -0.21214294 -0.37475586 -0.10517883
v -0.23664856 -0.36996460 -0.11297607
v 0.48883057 0.32601929 0.14982605
v 0.48071289 0.33963013 0.02305412
v 0.48071289 0.33923340 0.17449951
v 0.48013306 0.35879517 0.17637634
v 0.47854614 0.36059570 0.01404381
v 0.48028564 0.31552124 0.02078438
v 0.48052979 0.30502319 -0.03064346
v 0.48922729 0.32037354 0.02978134
v 0.48968506 0.29293823 -0.02567101
v 0.48074341 0.24540710 -0.03316879
v 0.48886108 0.24340820 0.02850533
v 0.48846436 0.19709778 0.12001038
v 0.48858643 0.19880676 0.15222168
v 0.48205566 0.24328613 0.02381897
v 0.48635864 0.21351624 -0.00688744
v 0.48010254 0.21250916 -0.03762054
v 0.48861694 0.17428589 0.02356720
v 0.48416138 0.17451477 0.11949158
v 0.48016357 0.19825745 0.15034485
v 0.48025513 0.17260742 0.02130127
v 0.48074341 0.15830994 -0.01782990
v 0.48052979 0.15757751 -0.10928345
v 0.48071289 0.13372803 0.03115082
v 0.48873901 0.13671875 -0.12985229
v 0.48873901 0.14125061 -0.02120399
v 0.48028564 0.14039612 -0.00050783
v 0.48867798 0.07978821 -0.10366058
v 0.48895264 0.13467407 0.00996113
v 0.48864746 0.07615662 0.02372742
v 0.48791504 0.04727173 0.04309464
v 0.48861694 -0.00146842 0.00193155
v 0.48010254 0.04170609 0.04578400
v 0.48022461 0.07813263 0.03387070
v 0.48010254 0.06341553 0.17085266
v 0.48034668 0.00768232 0.09545898
v -0.35226440 -0.37448120 0.15762329
v -0.45269775 -0.37417603 0.14788818
v -0.36639404 -0.37445068 0.04933929
v -0.44805908 -0.37411499 0.11173248
v -0.46020508 -0.36959839 0.11505127
v -0.45346069 -0.37368774 0.06591034
v -0.43878174 -0.37466431 -0.00588417
v -0.36325073 -0.37203979 -0.05388260
v -0.45986938 -0.36978149 -0.05458450
v -0.45385742 -0.37512207 0.00435209
v -0.45611572 -0.37329102 -0.05367279
v -0.47546387 -0.36871338 0.09667206
v -0.47244263 -0.36990356 -0.13073730
v -0.48156738 -0.36239624 -0.04736328
v -0.47735596 -0.36480713 -0.26071167
v 0.47390747 0.37362671 0.04507446
v 0.34948730 0.37344360 0.07859802
v 0.40246582 0.37341309 0.19735718
v 0.45245361 0.37332153 -0.08779144
v 0.47375488 0.37408447 -0.08776855
v 0.32546997 0.37322998 -0.01281929
v 0.32290649 0.36547852 0.03564072
v 0.34793091 0.36560059 0.08790588
v 0.32254028 0.36529541 0.12582397
v 0.28869629 0.36978149 0.10963440
v 0.31790161 0.36541748 -0.00755072
v 0.27838135 0.36547852 0.02646828
v 0.35333252 0.36532593 -0.04473877
v 0.27706909 0.37347412 0.02857971
v 0.13830566 0.37344360 0.03826523
v 0.36773682 0.36541748 -0.14813232
v 0.35876465 0.37341309 -0.05166245
v 0.36602783 0.37338257 -0.14709473
v 0.44869995 0.36941528 -0.18283081
v 0.34509277 0.36550903 -0.19248962
v 0.39953613 0.36541748 -0.22625732
v 0.36495972 0.36514282 -0.22007751
v 0.35986328 0.37313843 -0.21308899
v 0.36022949 0.37332153 -0.22103882
v 0.28326416 0.37341309 -0.21211243
v 0.29556274 0.37207031 -0.19589233
v 0.29745483 0.36529541 -0.19352722
v 0.28262329 0.36505127 -0.21122742
v 0.24282837 0.37335205 -0.20083618
v 0.22740173 0.36550903 -0.14637756
v 0.24246216 0.36700439 -0.19821167
v 0.22895813 0.37356567 -0.14865112
v 0.20570374 0.37338257 -0.14126587
v 0.20674133 0.36535645 -0.14077759
v 0.04931641 0.37338257 -0.20208740
v 0.19404602 0.36569214 -0.09965515
v 0.16586304 0.37338257 -0.08892822
v -0.02787781 0.37341309 -0.12483215
v 0.15855408 0.36541748 -0.07178497
v 0.17820740 0.36529541 -0.09863281
v 0.17369080 0.37353516 -0.07303619
v 0.14031982 0.37350464 -0.04000854
v 0.10039520 0.37338257 -0.03706360
v 0.14175415 0.36544800 -0.03873825
v 0.19856262 0.36535645 0.03712463
v 0.13690186 0.36560059 0.03746414
v 0.11614227 0.36538696 0.07756042
v 0.10000610 0.36535645 -0.03633881
v 0.06108475 0.36532593 0.00249100
v 0.04363251 0.37020874 0.01630974
v 0.00095552 0.36544800 0.03518295
v 0.05180740 0.37347412 0.00479984
v 0.00538683 0.37344360 0.03168488
v -0.47918701 0.14079285 0.13142395
v -0.48394775 0.15432739 0.10908508
v -0.48834229 0.13638306 0.13018799
v -0.47949219 0.15669250 0.10815430
v -0.48825073 0.13858032 0.02103996
v -0.48544312 0.15455627 0.02049065
v -0.47915649 0.15702820 0.01804733
v -0.47927856 0.14187622 0.00984764
v -0.47930908 0.21194458 0.03684998
v -0.48864746 0.13598633 -0.00728559
v -0.48815918 0.07575226 -0.01570892
v -0.48849487 0.07760620 0.10416412
v -0.48849487 0.04477310 0.10630035
v -0.48791504 0.00037703 0.00108528
v -0.48812866 0.03990555 -0.02672195
v -0.47924805 0.13389587 -0.02965164
v -0.48638916 0.07678223 -0.02578735
v -0.48394775 0.04567337 -0.04604340
v -0.47909546 0.07891083 -0.03256607
v -0.47900391 0.04313278 -0.04754257
v -0.47909546 0.17230225 -0.07365417
v -0.47918701 0.04986191 -0.16912842
v -0.47915649 0.17056274 -0.02397537
v -0.47903442 0.17228699 -0.11985779
v -0.48739624 0.17567444 -0.11723328
v -0.48791504 0.17353821 -0.02750206
v -0.48797607 0.19839478 -0.11795807
v -0.48413086 0.20954895 0.00564146
v -0.48815918 0.22314453 -0.02535439
v -0.48800659 0.32510376 -0.15368652
v -0.48339844 0.23461914 -0.02493858
v -0.48074341 0.24357605 0.03208160
v -0.48297119 0.21244812 0.02954292
v -0.12128448 -0.37155151 0.14321899
v -0.17411804 -0.37200928 0.06344604
v -0.11693573 -0.36987305 0.09057617
v -0.08704376 -0.37237549 0.09425354
v -0.05033112 -0.37347412 0.11471558
v -0.05471420 -0.36990356 0.10639191
v -0.06281281 -0.36984253 0.06912994
v 0.02450180 -0.36996460 0.03340912
v -0.05398178 -0.36981201 0.04136658
v -0.06401825 -0.37432861 0.06583405
v -0.20693970 -0.37429810 0.01774788
v -0.05613708 -0.37426758 0.03562546
v 0.04415894 -0.37411499 -0.00767994
v 0.07495117 -0.37429810 -0.03923798
v -0.13461304 -0.37442017 -0.08164978
v -0.20860291 -0.37435913 -0.04566574
v 0.41952515 0.36529541 0.16485596
v 0.47390747 0.37362671 0.04507446
v 0.40246582 0.37341309 0.19735718
v 0.47854614 0.36059570 0.01404381
v 0.47705078 0.36572266 -0.08352661
v 0.47375488 0.37408447 -0.08776855
v 0.45245361 0.37332153 -0.08779144
v 0.45391846 0.36523438 -0.08853912
v 0.44869995 0.36941528 -0.18283081
v 0.47314453 0.36550903 -0.32803345
v 0.48062134 0.36349487 -0.22904968
v 0.48028564 0.35598755 -0.17797852
v 0.48080444 0.29855347 -0.12374878
v 0.48052979 0.30502319 -0.03064346
v 0.48013306 0.34350586 -0.26083374
v 0.48074341 0.24540710 -0.03316879
v 0.48013306 0.23921204 -0.20935059
v 0.48010254 0.21250916 -0.03762054
v 0.48013306 0.22453308 -0.17359924
v 0.48815918 0.24066162 -0.18215942
v 0.48052979 0.15757751 -0.10928345
v 0.48132324 0.18803406 -0.16430664
v 0.48843384 0.17721558 -0.19830322
v 0.48007202 0.14083862 -0.13143921
v 0.48873901 0.13671875 -0.12985229
v 0.48022461 0.14064026 -0.18608093
v 0.48858643 -0.35403442 0.05763626
v 0.48858643 -0.27359009 0.09424591
v 0.48883057 -0.33575439 0.12144470
v 0.48037720 -0.34399414 0.07870483
v 0.47891235 -0.36120605 0.05349731
v 0.48043823 -0.36090088 0.10375214
v 0.47567749 -0.36703491 0.13214111
v 0.47882080 -0.36740112 -0.14599609
v 0.48385620 -0.36132812 0.01359367
v 0.47930908 -0.36126709 -0.10493469
v 0.48876953 -0.29595947 0.04685211
v 0.48764038 -0.26312256 0.07414246
v 0.48025513 -0.26828003 0.09873199
v 0.48025513 -0.25610352 0.04983139
v 0.48889160 -0.25762939 -0.01764679
v 0.48031616 -0.25842285 -0.02420235
v 0.48052979 -0.27310181 -0.04686356
v 0.48635864 -0.35208130 0.00229645
v 0.48919678 -0.28683472 -0.04763412
v 0.48791504 -0.28704834 -0.10424042
v 0.48037720 -0.28366089 -0.08388519
v 0.48858643 -0.35296631 -0.05096054
v 0.48458862 -0.36035156 -0.09812164
v 0.48013306 -0.28173828 -0.16534424
v 0.48928833 -0.29443359 -0.17037964
v 0.48022461 -0.34149170 -0.19319153
v 0.48901367 -0.34857178 -0.10270691
v 0.48913574 -0.33068848 -0.18244934
v 0.48019409 -0.35147095 -0.11174011
v 0.47970581 -0.36099243 -0.18461609
v 0.47875977 -0.36734009 -0.32922363
v 0.47976685 -0.36080933 -0.28262329
v 0.44915771 -0.36965942 0.11988831
v 0.44625854 -0.37469482 0.07985687
v 0.44860840 -0.36987305 0.07934570
v 0.46826172 -0.37234497 0.07260895
v 0.47567749 -0.36703491 0.13214111
v 0.35675049 -0.37426758 -0.04816055
v 0.36120605 -0.37445068 0.11930084
v 0.34786987 -0.37432861 0.08229828
v 0.46746826 -0.37466431 -0.08132172
v 0.46856689 -0.36987305 -0.08358765
v 0.47238159 -0.36984253 -0.20356750
v 0.47882080 -0.36740112 -0.14599609
v 0.47875977 -0.36734009 -0.32922363
v 0.44808960 -0.37426758 -0.08367157
v 0.45553589 -0.36975098 -0.18536377
v 0.41983032 -0.37002563 -0.18319702
v 0.12337494 -0.36990356 -0.23439026
v 0.44119263 -0.37475586 -0.18316650
v 0.39819336 -0.37432861 -0.16308594
v 0.35879517 -0.36990356 -0.15515137
v 0.36236572 -0.37445068 -0.15260315
v 0.35629272 -0.36990356 -0.09001923
v 0.18559265 -0.36990356 -0.19096375
v 0.35189819 -0.36981201 -0.04760742
v 0.32171631 -0.37454224 -0.00679684
v 0.32192993 -0.36990356 0.03821564
v 0.31732178 -0.36990356 -0.00773001
v 0.18655396 -0.36987305 -0.08751678
v 0.25234985 -0.37100220 0.03289795
v 0.18310547 -0.37432861 -0.18609619
v 0.18394470 -0.37460327 -0.09046173
v 0.12930298 -0.36990356 -0.04043198
v 0.07757568 -0.36987305 -0.00681543
v 0.13986206 -0.37420654 -0.08717346
v 0.15184021 -0.37429810 -0.20466614
v 0.13993835 -0.36984253 -0.07951355
v 0.07495117 -0.37429810 -0.03923798
v 0.12779236 -0.37448120 -0.04296494
v 0.07788849 -0.36996460 -0.03554535
v 0.07495117 -0.37472534 -0.01011181
v 0.04415894 -0.37411499 -0.00767994
v -0.02787781 0.37341309 -0.12483215
v -0.06026459 0.37338257 0.03551483
v 0.00538683 0.37344360 0.03168488
v -0.09696198 0.37335205 -0.07508850
v 0.01039696 0.37359619 -0.17811584
v 0.04931641 0.37338257 -0.20208740
v -0.01185322 0.36529541 -0.14248657
v 0.00742674 0.36541748 -0.17813110
v -0.07643890 0.36547852 -0.09105682
v -0.13368225 0.37326050 -0.07914734
v -0.23243713 0.37347412 -0.00557661
v -0.13359070 0.36526489 -0.08070374
v -0.13330078 0.37258911 -0.11661530
v -0.21969604 0.37350464 -0.12390900
v -0.23963928 0.37289429 -0.11398315
v -0.10354614 0.37338257 -0.13842773
v -0.16506958 0.37362671 -0.20783997
v -0.21559143 0.36541748 -0.17379761
v -0.09165955 0.36532593 -0.13911438
v -0.08660126 0.37322998 -0.14299011
v -0.07810211 0.37341309 -0.20037842
v -0.08331299 0.36541748 -0.19691467
v -0.07709503 0.36532593 -0.26074219
v -0.04549026 0.36544800 -0.26065063
v -0.07756805 0.37335205 -0.26098633
v -0.12527466 0.37353516 -0.24607849
v -0.16539001 0.36529541 -0.20808411
v -0.22126770 0.36538696 -0.20600891
v -0.12670898 0.36544800 -0.24612427
v -0.17868042 0.36541748 -0.23880005
v -0.22241211 0.37341309 -0.20919800
v -0.17649841 0.37344360 -0.25531006
v -0.15434265 0.37145996 -0.25949097
v -0.12406921 0.36535645 -0.30300903
v -0.13989258 0.36544800 -0.32672119
v -0.14382935 0.37316895 -0.33172607
v -0.12450409 0.36608887 -0.33099365
v -0.12351990 0.37353516 -0.30261230
v -0.09415436 0.36532593 -0.30389404
v -0.11681366 0.37271118 -0.38122559
v -0.23419189 0.37310791 -0.37030029
v -0.29748535 0.37307739 -0.26992798
v -0.22885132 0.37322998 -0.43942261
v -0.28979492 0.36563110 -0.47460938
v -0.18537903 0.37261963 -0.42193604
v -0.14151001 0.37225342 -0.43612671
v -0.13398743 0.36672974 -0.41925049
v -0.11563110 0.36544800 -0.38461304
v -0.07322693 0.36541748 -0.39154053
v -0.07265472 0.36553955 -0.47528076
v -0.07907104 0.37362671 -0.37182617
v -0.06142044 0.37362671 -0.42074585
v -0.09226990 0.37353516 -0.30603027
v -0.02786636 0.37332153 -0.31958008
v -0.02869797 0.37222290 -0.41033936
v -0.00870037 0.37045288 -0.39599609
v -0.04612732 0.37359619 -0.28247070
v -0.00875282 0.37277222 -0.31820679
v -0.04539108 0.36529541 -0.28732300
v -0.02553749 0.36547852 -0.28860474
v -0.02602196 0.37347412 -0.28988647
v 0.04719925 0.36547852 -0.24377441
v -0.02718735 0.36520386 -0.31826782
v -0.00790691 0.36544800 -0.31774902
v -0.00820065 0.36560059 -0.38610840
v 0.12356567 0.36547852 -0.36062622
v 0.01467323 0.36560059 -0.40667725
v -0.48791504 0.00037703 0.00108528
v -0.47900391 -0.00232410 -0.00071329
v -0.47927856 -0.05234528 -0.00014529
v -0.48803711 -0.05088806 0.00171351
v -0.48486328 0.00876713 -0.01569748
v -0.48812866 0.03990555 -0.02672195
v -0.47900391 0.04313278 -0.04754257
v -0.48394775 0.04567337 -0.04604340
v -0.32006836 0.36563110 -0.02138138
v -0.32489014 0.36553955 -0.18005371
v -0.34698486 0.36666870 -0.03493500
v -0.41778564 0.36541748 -0.03481293
v -0.47351074 0.36547852 -0.10194397
v -0.46099854 0.36614990 -0.21052551
v -0.47650146 0.36614990 -0.21034241
v -0.25881958 0.36544800 -0.17941284
v -0.25100708 0.36544800 -0.10273743
v -0.23963928 0.37289429 -0.11398315
v -0.24880981 0.37017822 0.00111699
v -0.21922302 0.36538696 -0.12710571
v -0.21969604 0.37350464 -0.12390900
v -0.21559143 0.36541748 -0.17379761
v -0.22126770 0.36538696 -0.20600891
v -0.25912476 0.37341309 -0.18008423
v -0.25903320 0.37316895 -0.20021057
v -0.22241211 0.37341309 -0.20919800
v -0.31921387 0.37326050 -0.18037415
v -0.34188843 0.36853027 -0.18093872
v -0.31567383 0.36544800 -0.25219727
v -0.31390381 0.37103271 -0.25390625
v -0.29748535 0.37307739 -0.26992798
v -0.17649841 0.37344360 -0.25531006
v -0.29171753 0.36547852 -0.34469604
v -0.28939819 0.36904907 -0.36291504
v -0.23419189 0.37310791 -0.37030029
v -0.28979492 0.36563110 -0.47460938
v -0.23963928 0.37289429 -0.11398315
v -0.23243713 0.37347412 -0.00557661
v -0.13368225 0.37326050 -0.07914734
v 0.07495117 -0.37429810 -0.03923798
v -0.13461304 -0.37442017 -0.08164978
v -0.02319908 -0.37472534 -0.10004425
v 0.03770065 -0.37420654 -0.18765259
v 0.15184021 -0.37429810 -0.20466614
v 0.07678986 -0.37448120 -0.23493958
v 0.00429583 -0.37448120 -0.14183044
v -0.02801514 -0.37152100 -0.10281372
v -0.00195861 -0.37045288 -0.14257812
v 0.00800800 -0.37448120 -0.17781067
v 0.00407791 -0.36987305 -0.17916870
v 0.04496384 -0.37435913 -0.23051453
v 0.03377533 -0.36981201 -0.19154358
v 0.04279327 -0.36987305 -0.23703003
v -0.02362251 -0.37213135 -0.23805237
v 0.12337494 -0.36990356 -0.23439026
v 0.02599144 -0.36990356 -0.33694458
v 0.02780151 -0.37078857 -0.46463013
v 0.21139526 -0.36291504 -0.47659302
v -0.13461304 -0.37442017 -0.08164978
v -0.20860291 -0.37435913 -0.04566574
v -0.18927002 -0.37417603 -0.14445496
v -0.21214294 -0.37475586 -0.10517883
v -0.21110535 -0.36990356 -0.05474854
v -0.23664856 -0.36996460 -0.11297607
v -0.21278381 -0.37149048 -0.14674377
v -0.26092529 -0.36993408 -0.05274963
v -0.24771118 -0.36993408 -0.17852783
v -0.22561646 -0.37002563 -0.18040466
v -0.24325562 -0.37002563 -0.21136475
v -0.22331238 -0.37426758 -0.18238831
v -0.07215118 -0.37445068 -0.12973022
v -0.20513916 -0.37402344 -0.24180603
v -0.13465881 -0.37448120 -0.11921692
v -0.13310242 -0.36987305 -0.11502075
v -0.13375854 -0.36981201 -0.08399963
v -0.07006073 -0.36984253 -0.12550354
v -0.06792450 -0.36978149 -0.10158539
v -0.02319908 -0.37472534 -0.10004425
v -0.02801514 -0.37152100 -0.10281372
v -0.06793213 -0.37200928 -0.12657166
v -0.00195861 -0.37045288 -0.14257812
v -0.06673431 -0.36990356 -0.14666748
v 0.00407791 -0.36987305 -0.17916870
v -0.06313324 -0.36987305 -0.22877502
v -0.02362251 -0.37213135 -0.23805237
v -0.06591797 -0.37377930 -0.23301697
v -0.02050400 -0.37524414 -0.31723022
v -0.01832581 -0.37030029 -0.31573486
v 0.00264955 -0.36987305 -0.32620239
v 0.02599144 -0.36990356 -0.33694458
v -0.02836990 -0.37512207 -0.33859253
v 0.02325249 -0.37496948 -0.34646606
v 0.02780151 -0.37078857 -0.46463013
v -0.17062378 -0.37435913 -0.26403809
v -0.03509140 -0.37387085 -0.41378784
v -0.08732605 -0.37344360 -0.30514526
v -0.09874725 -0.37319946 -0.35046387
v -0.17999268 -0.37451172 -0.32058716
v -0.17309570 -0.36987305 -0.26773071
v -0.20976257 -0.36990356 -0.24482727
v -0.47735596 -0.36480713 -0.26071167
v -0.18173218 -0.36987305 -0.31762695
v -0.20729065 -0.36987305 -0.34164429
v -0.21827698 -0.37002563 -0.37081909
v -0.20721436 -0.37310791 -0.34625244
v -0.21310425 -0.37469482 -0.39428711
v -0.21430969 -0.36990356 -0.41116333
v -0.25292969 -0.36441040 -0.47805786
v -0.08460999 -0.37158203 -0.38870239
v -0.17364502 -0.37417603 -0.41497803
v -0.17636108 -0.36984253 -0.41674805
v -0.09151459 -0.37057495 -0.41119385
v -0.16992188 -0.37469482 -0.45635986
v -0.17184448 -0.36978149 -0.45852661
v -0.07830048 -0.37347412 -0.45578003
v -0.03615189 -0.37496948 -0.45608521
v 0.21139526 -0.36291504 -0.47659302
v -0.10440063 -0.36090088 -0.48312378
v -0.21463013 -0.35946655 -0.48052979
v -0.19735718 -0.34268188 -0.48382568
v 0.48901367 0.04405975 -0.10616302
v 0.48867798 0.07978821 -0.10366058
v 0.48858643 -0.05624008 -0.08009338
v 0.48031616 0.04501724 -0.10615540
v 0.48907471 0.00469971 -0.13481140
v 0.48046875 0.05865479 -0.15301514
v 0.48037720 0.04052353 -0.16052246
v 0.48873901 0.05892181 -0.15835571
v 0.48873901 0.13671875 -0.12985229
v -0.48449707 0.33773804 -0.17156982
v -0.48800659 0.32510376 -0.15368652
v -0.48449707 0.33767700 -0.02459908
v -0.48065186 0.31506348 -0.17640686
v -0.48797607 0.29840088 -0.17102051
v -0.47912598 0.31439209 -0.23318481
v -0.48809814 0.19924927 -0.15045166
v -0.48831177 0.29388428 -0.26138306
v -0.47921753 0.29803467 -0.25192261
v -0.47924805 0.29818726 -0.28393555
v -0.48800659 0.27972412 -0.28198242
v -0.48797607 0.19839478 -0.11795807
v -0.48800659 0.17854309 -0.24890137
v -0.48834229 0.17460632 -0.29254150
v -0.47906494 0.19630432 -0.12169647
v -0.47903442 0.17228699 -0.11985779
v -0.48739624 0.17567444 -0.11723328
v -0.47912598 0.19671631 -0.14929199
v -0.48797607 0.17991638 -0.15663147
v -0.47955322 0.17750549 -0.24667358
v -0.48068237 0.16355896 -0.30166626
v -0.47906494 0.17755127 -0.15798950
v -0.47915649 0.09787750 -0.22152710
v -0.47909546 0.17230225 -0.07365417
v -0.47918701 0.04986191 -0.16912842
v -0.48449707 0.33773804 -0.17156982
v -0.47900391 0.33959961 -0.02251625
v -0.47882080 0.33966064 -0.17355347
v -0.48065186 0.31506348 -0.17640686
v -0.47912598 0.31439209 -0.23318481
v -0.47943115 0.34423828 -0.21101379
v -0.48022461 0.35943604 -0.08324432
v -0.47650146 0.36614990 -0.21034241
v -0.47924805 0.29818726 -0.28393555
v -0.47921753 0.29803467 -0.25192261
v -0.48040771 0.34371948 -0.41461182
v -0.47994995 0.36691284 -0.30172729
v -0.46099854 0.36614990 -0.21052551
v -0.47912598 0.27981567 -0.34320068
v -0.47958374 0.36642456 -0.41427612
v -0.47906494 0.28109741 -0.28424072
v -0.48800659 0.27972412 -0.28198242
v -0.48812866 0.27896118 -0.33856201
v -0.48764038 0.27615356 -0.37725830
v -0.48773193 0.23014832 -0.38861084
v -0.46096802 0.36608887 -0.37069702
v -0.46060181 0.36553955 -0.41445923
v -0.45336914 0.36563110 -0.37817383
v -0.41107178 0.36547852 -0.33978271
v -0.32489014 0.36553955 -0.18005371
v -0.44305420 0.36557007 -0.47726440
v -0.31567383 0.36544800 -0.25219727
v -0.29171753 0.36547852 -0.34469604
v -0.47918701 0.04986191 -0.16912842
v -0.47900391 -0.07207489 -0.20713806
v -0.47900391 0.04313278 -0.04754257
v -0.47924805 0.06251526 -0.28796387
v -0.47906494 -0.03353882 -0.24942017
v -0.47912598 -0.09182739 -0.06812286
v -0.47927856 -0.09195709 -0.18040466
v -0.48800659 -0.09418488 -0.18054199
v -0.48852539 -0.09482574 -0.07048798
v -0.48873901 -0.07350922 -0.20979309
v -0.48837280 -0.10723114 -0.21395874
v -0.48779297 -0.22148132 -0.09975433
v -0.48864746 -0.04804611 -0.29299927
v -0.48791504 -0.15486145 -0.28079224
v -0.48791504 -0.23707581 -0.14334106
v -0.48736572 -0.04581833 -0.24864197
v -0.47921753 -0.05285645 -0.23844910
v -0.48394775 -0.03534317 -0.29528809
v -0.48834229 -0.04652405 -0.33963013
v -0.48013306 -0.03314590 -0.33639526
v -0.47988892 -0.02152824 -0.34207153
v -0.47909546 0.05362701 -0.33178711
v -0.48492432 -0.02374458 -0.34365845
v -0.47906494 0.04837799 -0.35565186
v -0.47943115 0.02391052 -0.37545776
v -0.47994995 -0.02150154 -0.41400146
v -0.48660278 -0.02516937 -0.41143799
v -0.48815918 -0.05836105 -0.40829468
v -0.47964478 0.02390099 -0.46170044
v -0.48825073 0.02606392 -0.37756348
v -0.48712158 0.02639961 -0.45932007
v -0.48007202 -0.03868866 -0.46694946
v -0.48171997 -0.04613495 -0.41543579
v -0.47943115 -0.04265594 -0.43991089
v -0.48956299 -0.04515839 -0.44711304
v -0.48855591 -0.15376282 -0.44699097
v -0.48559570 -0.15664673 -0.45986938
v -0.48773193 -0.17471313 -0.41024780
v -0.47967529 -0.15803528 -0.43740845
v -0.47967529 -0.15791321 -0.46124268
v -0.47961426 -0.18559265 -0.40292358
v -0.48870850 -0.11548615 -0.35192871
v -0.48785400 -0.20013428 -0.37765503
v -0.47879028 -0.15882874 -0.47543335
v -0.47875977 0.11256409 -0.47555542
v -0.48034668 -0.20542908 -0.43814087
v -0.47958374 -0.33535767 -0.47323608
v -0.48013306 -0.28115845 -0.41668701
v -0.48028564 -0.21630859 -0.36676025
v -0.48770142 -0.22543335 -0.35592651
v -0.48016357 -0.23149109 -0.32998657
v -0.48791504 -0.22821045 -0.28466797
v -0.48797607 -0.23753357 -0.25292969
v -0.48202515 -0.25189209 -0.14553833
v -0.48001099 -0.24006653 -0.27972412
v -0.47918701 -0.24896240 -0.22941589
v -0.47909546 -0.27630615 -0.18818665
v -0.47924805 -0.25143433 -0.11854553
v -0.47927856 -0.33364868 -0.27548218
v -0.47918701 -0.27795410 -0.16191101
v -0.48858643 -0.27859497 -0.18785095
v -0.48736572 -0.27621460 -0.13925171
v -0.48794556 -0.30276489 -0.18772888
v -0.47897339 -0.31430054 -0.18742371
v -0.48025513 -0.32781982 -0.14607239
v -0.47735596 -0.36480713 -0.26071167
v -0.47921753 -0.34478760 -0.08095551
v -0.47976685 -0.33068848 -0.34606934
v -0.47985840 -0.36087036 -0.38186646
v -0.48059082 -0.33578491 -0.40499878
v -0.48178101 -0.33563232 -0.47378540
v -0.48034668 -0.36123657 -0.47393799
v -0.47808838 -0.36767578 -0.47891235
v -0.47232056 -0.36990356 -0.47271729
v -0.25292969 -0.36441040 -0.47805786
v 0.48907471 0.00469971 -0.13481140
v 0.48031616 -0.01759720 -0.17588806
v 0.48031616 0.04501724 -0.10615540
v 0.48037720 0.04052353 -0.16052246
v 0.48019409 0.03649139 -0.22381592
v 0.48873901 0.05892181 -0.15835571
v 0.48046875 0.05865479 -0.15301514
v 0.48904419 0.04024124 -0.16304016
v 0.48883057 0.08599091 -0.24900818
v 0.48873901 0.13671875 -0.12985229
v 0.48876953 0.03821564 -0.22441101
v 0.48049927 0.02789497 -0.28250122
v 0.48028564 0.00336099 -0.28897095
v 0.48831177 0.03902817 -0.28118896
v 0.48870850 0.01015282 -0.29943848
v 0.48162842 0.00312424 -0.33108521
v 0.48052979 -0.01525974 -0.33499146
v 0.48916626 0.00678587 -0.35775757
v 0.48812866 0.13391113 -0.18670654
v 0.48022461 0.14064026 -0.18608093
v 0.48049927 0.08794403 -0.24150085
v 0.48294067 0.05629730 -0.34210205
v 0.48904419 0.03905106 -0.39657593
v 0.48861694 0.08170319 -0.30883789
v 0.48129272 0.07884216 -0.32092285
v 0.48040771 0.12317657 -0.25271606
v 0.48925781 0.03765488 -0.47802734
v 0.48385620 -0.02124405 -0.47796631
v 0.48056030 -0.02330017 -0.34555054
v 0.47927856 0.04072952 -0.47766113
v 0.47753906 -0.02553368 -0.47653198
v 0.47415161 -0.00910187 -0.48165894
v 0.47570801 0.06904602 -0.47930908
v 0.47778320 0.09326935 -0.47805786
v 0.47640991 0.20283508 -0.47891235
v 0.48022461 0.04153061 -0.39752197
v 0.48944092 0.05054092 -0.39416504
v 0.48010254 0.05246353 -0.39367676
v 0.48013306 0.07530975 -0.39776611
v 0.47998047 0.09328461 -0.47250366
v 0.48269653 0.08035278 -0.34170532
v 0.48022461 0.09395599 -0.43173218
v 0.48837280 0.07779694 -0.39651489
v 0.48477173 0.09346771 -0.47799683
v 0.48846436 0.09856415 -0.42584229
v 0.48858643 0.10258484 -0.34463501
v 0.48834229 0.10726929 -0.47796631
v 0.48843384 0.21005249 -0.47793579
v 0.48809814 0.20962524 -0.40557861
v 0.48422241 0.21585083 -0.47808838
v 0.48001099 0.21641541 -0.47229004
v 0.48187256 0.21551514 -0.36248779
v 0.48861694 0.20753479 -0.30023193
v 0.48062134 0.21575928 -0.30850220
v 0.48117065 0.22769165 -0.26211548
v 0.48815918 0.24066162 -0.18215942
v 0.48013306 0.23921204 -0.20935059
v 0.48843384 0.17721558 -0.19830322
v 0.48858643 0.13264465 -0.26235962
v 0.48797607 0.14547729 -0.22029114
v 0.48837280 0.10362244 -0.26034546
v 0.48010254 0.17196655 -0.19607544
v 0.48132324 0.18803406 -0.16430664
v 0.48004150 0.10082245 -0.25708008
v 0.48126221 0.10028076 -0.32528687
v -0.36325073 -0.37203979 -0.05388260
v -0.47244263 -0.36990356 -0.13073730
v -0.24771118 -0.36993408 -0.17852783
v -0.47735596 -0.36480713 -0.26071167
v -0.24325562 -0.37002563 -0.21136475
v 0.48013306 -0.28173828 -0.16534424
v 0.48022461 -0.26690674 -0.23112488
v 0.48010254 -0.18547058 -0.17247009
v 0.48037720 -0.19476318 -0.19314575
v 0.48022461 -0.34149170 -0.19319153
v 0.48022461 -0.23258972 -0.23051453
v 0.47976685 -0.36080933 -0.28262329
v 0.47970581 -0.36099243 -0.18461609
v 0.48016357 -0.19741821 -0.24494934
v 0.48794556 -0.19692993 -0.24922180
v 0.47988892 -0.23155212 -0.25051880
v 0.48825073 -0.23583984 -0.25033569
v 0.48870850 -0.30990601 -0.34481812
v 0.48846436 -0.31326294 -0.27197266
v 0.48825073 -0.26690674 -0.23414612
v 0.47991943 -0.29696655 -0.25750732
v 0.48016357 -0.31713867 -0.26419067
v 0.48046875 -0.31118774 -0.34875488
v 0.18394470 -0.37460327 -0.09046173
v 0.15184021 -0.37429810 -0.20466614
v 0.18310547 -0.37432861 -0.18609619
v 0.18559265 -0.36990356 -0.19096375
v 0.12337494 -0.36990356 -0.23439026
v 0.35879517 -0.36990356 -0.15515137
v 0.12376404 -0.37438965 -0.22868347
v 0.07678986 -0.37448120 -0.23493958
v 0.00742674 0.36541748 -0.17813110
v 0.01039696 0.37359619 -0.17811584
v 0.04931641 0.37338257 -0.20208740
v 0.04552078 0.36523438 -0.20127869
v 0.04719925 0.36547852 -0.24377441
v 0.48062134 0.36349487 -0.22904968
v 0.48028564 0.35598755 -0.17797852
v 0.48013306 0.34350586 -0.26083374
v 0.48202515 0.36068726 -0.41271973
v 0.48010254 0.36544800 -0.41348267
v 0.47314453 0.36550903 -0.32803345
v 0.47473145 0.35458374 -0.48095703
v 0.48025513 0.34411621 -0.41308594
v 0.48019409 0.36547852 -0.47180176
v 0.47634888 0.28186035 -0.47958374
v 0.43215942 0.30032349 -0.48080444
v 0.48016357 0.28622437 -0.38867188
v 0.48022461 0.29519653 -0.47189331
v 0.48001099 0.21641541 -0.47229004
v 0.48062134 0.24621582 -0.30337524
v 0.48187256 0.21551514 -0.36248779
v 0.48062134 0.21575928 -0.30850220
v 0.48117065 0.22769165 -0.26211548
v 0.48013306 0.23921204 -0.20935059
v 0.47640991 0.20283508 -0.47891235
v 0.47463989 0.19796753 -0.48898315
v 0.47256470 0.18472290 -0.48220825
v 0.47476196 0.28051758 -0.48913574
v 0.41824341 0.17378235 -0.48886108
v 0.35342407 0.15789795 -0.48104858
v 0.36813354 0.18414307 -0.48907471
v 0.32119751 0.17199707 -0.48919678
v 0.26309204 0.27395630 -0.48913574
v 0.41043091 0.26544189 -0.48916626
v 0.43682861 0.28649902 -0.48910522
v 0.42965698 0.29003906 -0.48031616
v 0.39419556 0.29849243 -0.48071289
v 0.04552078 0.36523438 -0.20127869
v 0.04931641 0.37338257 -0.20208740
v 0.04719925 0.36547852 -0.24377441
v 0.06497192 0.37347412 -0.25701904
v 0.24282837 0.37335205 -0.20083618
v 0.07965851 0.36566162 -0.28643799
v -0.00790691 0.36544800 -0.31774902
v 0.12794495 0.37347412 -0.30371094
v 0.12356567 0.36547852 -0.36062622
v 0.12699890 0.36541748 -0.30462646
v 0.13433838 0.37335205 -0.37118530
v 0.28326416 0.37341309 -0.21211243
v 0.12445831 0.37353516 -0.36001587
v 0.13369751 0.36538696 -0.37091064
v 0.13333130 0.36541748 -0.41360474
v 0.36022949 0.37332153 -0.22103882
v 0.14071655 0.36547852 -0.47424316
v 0.03555679 0.36575317 -0.47760010
v 0.21559143 0.36584473 -0.48056030
v 0.17152405 0.36541748 -0.44338989
v 0.15284729 0.36532593 -0.42181396
v 0.13873291 0.37322998 -0.41342163
v 0.17210388 0.37271118 -0.44271851
v 0.20088196 0.36523438 -0.44421387
v 0.20213318 0.37359619 -0.44528198
v 0.21478271 0.36865234 -0.47781372
v 0.26278687 0.36614990 -0.48034668
v 0.29983521 0.35748291 -0.48068237
v 0.25903320 0.37338257 -0.43429565
v 0.30166626 0.36486816 -0.48098755
v 0.30081177 0.34356689 -0.48107910
v 0.22705078 0.30899048 -0.48031616
v 0.39883423 0.34393311 -0.48193359
v 0.39419556 0.29849243 -0.48071289
v 0.43215942 0.30032349 -0.48080444
v 0.42965698 0.29003906 -0.48031616
v 0.47473145 0.35458374 -0.48095703
v 0.47543335 0.34332275 -0.48223877
v 0.38250732 0.36331177 -0.48110962
v 0.32409668 0.36816406 -0.47695923
v 0.34646606 0.37347412 -0.42926025
v 0.43081665 0.36749268 -0.47653198
v 0.47314453 0.36550903 -0.32803345
v 0.39398193 0.37335205 -0.37091064
v 0.43038940 0.37179565 -0.45565796
v 0.43041992 0.36947632 -0.37988281
v 0.39410400 0.36535645 -0.36947632
v 0.39297485 0.37326050 -0.33966064
v 0.39804077 0.36544800 -0.29129028
v 0.39953613 0.36541748 -0.22625732
v 0.36495972 0.36514282 -0.22007751
v 0.39755249 0.37237549 -0.26702881
v -0.47918701 0.04986191 -0.16912842
v -0.47915649 0.09787750 -0.22152710
v -0.47924805 0.06251526 -0.28796387
v -0.47955322 0.17750549 -0.24667358
v -0.48068237 0.16355896 -0.30166626
v -0.47979736 0.13246155 -0.27386475
v -0.47985840 0.13446045 -0.30508423
v -0.47976685 0.15373230 -0.34243774
v -0.47933960 0.12358856 -0.28530884
v -0.48858643 0.12582397 -0.28842163
v -0.48803711 0.13734436 -0.31469727
v -0.48550415 0.15380859 -0.39147949
v -0.48724365 0.06471252 -0.28961182
v -0.48812866 0.07425690 -0.33166504
v -0.47915649 0.07236481 -0.32122803
v -0.47909546 0.05362701 -0.33178711
v -0.47906494 -0.03353882 -0.24942017
v -0.48718262 0.05575180 -0.33346558
v -0.48785400 0.14463806 -0.41992188
v -0.48831177 0.05337143 -0.35714722
v -0.47906494 0.04837799 -0.35565186
v -0.47988892 -0.02152824 -0.34207153
v -0.48837280 0.04303741 -0.37731934
v -0.47933960 0.04073334 -0.37457275
v -0.47943115 0.02391052 -0.37545776
v -0.48825073 0.02606392 -0.37756348
v -0.48712158 0.02639961 -0.45932007
v -0.48547363 0.13677979 -0.45971680
v -0.47964478 0.02390099 -0.46170044
v -0.47949219 0.14822388 -0.46139526
v -0.47875977 0.11256409 -0.47555542
v -0.48007202 -0.03868866 -0.46694946
v -0.47970581 0.18190002 -0.46160889
v -0.47946167 0.16484070 -0.41134644
v -0.47943115 0.14756775 -0.41070557
v 0.47314453 0.36550903 -0.32803345
v 0.39953613 0.36541748 -0.22625732
v 0.44869995 0.36941528 -0.18283081
v -0.48068237 0.16355896 -0.30166626
v -0.48800659 0.17854309 -0.24890137
v -0.48834229 0.17460632 -0.29254150
v -0.47976685 0.15373230 -0.34243774
v -0.47946167 0.16484070 -0.41134644
v -0.48843384 0.17922974 -0.41018677
v -0.47952271 0.18168640 -0.41357422
v -0.47970581 0.18190002 -0.46160889
v -0.48529053 0.18298340 -0.45983887
v -0.48379517 0.28887939 -0.45996094
v -0.48803711 0.18475342 -0.44622803
v -0.48773193 0.23014832 -0.38861084
v -0.48800659 0.27972412 -0.28198242
v -0.48764038 0.27615356 -0.37725830
v -0.48760986 0.28924561 -0.39074707
v -0.48812866 0.27896118 -0.33856201
v 0.47238159 -0.36984253 -0.20356750
v 0.12337494 -0.36990356 -0.23439026
v 0.43850708 -0.36392212 -0.47872925
v 0.47875977 -0.36734009 -0.32922363
v 0.21139526 -0.36291504 -0.47659302
v 0.47958374 -0.36105347 -0.40255737
v 0.47976685 -0.36080933 -0.28262329
v 0.48046875 -0.31118774 -0.34875488
v 0.48034668 -0.36129761 -0.47320557
v 0.47991943 -0.33248901 -0.47756958
v 0.48031616 -0.33291626 -0.40151978
v 0.47994995 -0.30688477 -0.40246582
v 0.48870850 -0.30990601 -0.34481812
v 0.48846436 -0.31326294 -0.27197266
v 0.48937988 -0.30181885 -0.41430664
v 0.48843384 -0.32159424 -0.47793579
v 0.48339844 -0.25637817 -0.48095703
v 0.47702026 -0.33569336 -0.48162842
v 0.40200806 -0.33575439 -0.48168945
v 0.47113037 -0.28875732 -0.48068237
v 0.30596924 -0.31982422 -0.48059082
v 0.43597412 -0.25704956 -0.48068237
v 0.47943115 -0.17726135 -0.48013306
v 0.48812866 -0.11614990 -0.33496094
v 0.48794556 -0.19692993 -0.24922180
v 0.48864746 -0.09373474 -0.32751465
v 0.48831177 -0.14971924 -0.45675659
v 0.48040771 -0.11219025 -0.33776855
v 0.48812866 -0.12288666 -0.41574097
v 0.48153687 -0.14077759 -0.45397949
v 0.48049927 -0.11720276 -0.43356323
v 0.48040771 -0.08748627 -0.31173706
v 0.48019409 -0.06211472 -0.25158691
v 0.48056030 -0.02330017 -0.34555054
v 0.48052979 -0.01525974 -0.33499146
v 0.48028564 0.00336099 -0.28897095
v 0.48916626 0.00678587 -0.35775757
v 0.47753906 -0.02553368 -0.47653198
v 0.48385620 -0.02124405 -0.47796631
v 0.48004150 -0.17022705 -0.47189331
v 0.45166016 -0.07775116 -0.48065186
v 0.43243408 -0.06293488 -0.48043823
v 0.38366699 -0.02153587 -0.48266602
v 0.42959595 -0.06258392 -0.48925781
v 0.29605103 -0.03463364 -0.48291016
v 0.45236206 -0.16590881 -0.48257446
v 0.44940186 -0.07987213 -0.48803711
v 0.43395996 -0.16940308 -0.48144531
v 0.43646240 -0.16380310 -0.48956299
v 0.42605591 -0.18240356 -0.48083496
v 0.42480469 -0.17831421 -0.49014282
v 0.38610840 -0.20104980 -0.48953247
v 0.40487671 -0.19520569 -0.48138428
v 0.38168335 -0.20596313 -0.48077393
v 0.36636353 -0.22276306 -0.48971558
v 0.36083984 -0.23120117 -0.48092651
v 0.28265381 -0.22964478 -0.48916626
v 0.24237061 -0.25170898 -0.48052979
v 0.21206665 -0.07239532 -0.48913574
v 0.24967957 -0.04232407 -0.48886108
v 0.24768066 -0.03394318 -0.48126221
v 0.24766541 -0.06305695 -0.48718262
v 0.20816040 -0.06992340 -0.47982788
v 0.15007019 -0.03461075 -0.48068237
v 0.17793274 -0.08075714 -0.48052979
v 0.17614746 -0.10599518 -0.48913574
v 0.12120819 -0.09916687 -0.48016357
v 0.17681885 -0.10211182 -0.48062134
v 0.08327484 -0.09333038 -0.48034668
v 0.08839417 -0.00193548 -0.48031616
v 0.05636978 -0.11266327 -0.48028564
v 0.08460236 -0.09471130 -0.48959351
v 0.07478333 -0.10781097 -0.48910522
v 0.05779648 -0.11476135 -0.48919678
v 0.05118179 -0.21667480 -0.48910522
v 0.09654999 -0.22297668 -0.48907471
v 0.03577423 -0.22354126 -0.48513794
v 0.15524292 -0.25051880 -0.48941040
v 0.09610748 -0.22775269 -0.48031616
v 0.03497696 -0.22622681 -0.48040771
v 0.04118729 -0.25122070 -0.48318481
v 0.12057495 -0.24206543 -0.48156738
v 0.11123657 -0.27456665 -0.48037720
v 0.16744995 -0.25817871 -0.48065186
v 0.07221985 -0.26608276 -0.48931885
v 0.15541077 -0.27380371 -0.48107910
v 0.19433594 -0.29019165 -0.48043823
v 0.12979126 -0.27975464 -0.48828125
v 0.18856812 -0.29165649 -0.48910522
v 0.19395447 -0.31997681 -0.48052979
v 0.15373230 -0.31982422 -0.48937988
v 0.18954468 -0.31594849 -0.48864746
v 0.16362000 -0.31771851 -0.48065186
v 0.11559296 -0.32760620 -0.48065186
v 0.11421967 -0.32901001 -0.48934937
v 0.09144592 -0.34030151 -0.48904419
v 0.04426575 -0.35406494 -0.48739624
v -0.10440063 -0.36090088 -0.48312378
v 0.06330109 -0.34713745 -0.48040771
v 0.09451294 -0.33761597 -0.48043823
v -0.48764038 0.27615356 -0.37725830
v -0.47912598 0.27981567 -0.34320068
v -0.47930908 0.29217529 -0.39028931
v -0.48760986 0.28924561 -0.39074707
v -0.48040771 0.34371948 -0.41461182
v -0.48379517 0.28887939 -0.45996094
v -0.47500610 0.33108521 -0.47851562
v -0.47958374 0.36642456 -0.41427612
v -0.44305420 0.36557007 -0.47726440
v -0.46060181 0.36553955 -0.41445923
v -0.47875977 0.11256409 -0.47555542
v -0.47970581 0.18190002 -0.46160889
v -0.47628784 0.21954346 -0.48007202
v -0.47473145 0.10335541 -0.48034668
v -0.46511841 -0.10164642 -0.48040771
v -0.06142044 0.37362671 -0.42074585
v -0.07265472 0.36553955 -0.47528076
v -0.07322693 0.36541748 -0.39154053
v -0.05649567 0.36581421 -0.48062134
v -0.02869797 0.37222290 -0.41033936
v -0.00893688 0.36566162 -0.47622681
v -0.01991272 0.36581421 -0.48062134
v -0.00870037 0.37045288 -0.39599609
v 0.03555679 0.36575317 -0.47760010
v -0.00820065 0.36560059 -0.38610840
v 0.01467323 0.36560059 -0.40667725
v 0.12356567 0.36547852 -0.36062622
v -0.11563110 0.36544800 -0.38461304
v -0.11833954 0.36550903 -0.47393799
v -0.13398743 0.36672974 -0.41925049
v -0.07265472 0.36553955 -0.47528076
v -0.13890076 0.36593628 -0.48034668
v -0.05649567 0.36581421 -0.48062134
v -0.14050293 0.36828613 -0.47769165
v -0.14151001 0.37225342 -0.43612671
v -0.08377838 0.31121826 -0.48025513
v -0.01991272 0.36581421 -0.48062134
v -0.17549133 0.36621094 -0.48034668
v -0.20104980 0.34347534 -0.48056030
v -0.20033264 0.36557007 -0.48147583
v -0.18537903 0.37261963 -0.42193604
v -0.22885132 0.37322998 -0.43942261
v -0.27447510 0.36642456 -0.48120117
v -0.25680542 0.34301758 -0.48062134
v -0.29846191 0.29006958 -0.48031616
v -0.16271973 0.30969238 -0.48052979
v -0.16285706 0.26858521 -0.48098755
v -0.23292542 0.24296570 -0.48059082
v -0.08574677 0.19590759 -0.48043823
v -0.20344543 0.24157715 -0.48071289
v -0.20626831 0.23898315 -0.48779297
v -0.24266052 0.23522949 -0.48852539
v -0.20159912 0.21809387 -0.48916626
v -0.17683411 0.21957397 -0.48049927
v -0.19892883 0.22138977 -0.48043823
v -0.17889404 0.21665955 -0.48828125
v -0.17462158 0.18966675 -0.48855591
v -0.21366882 0.16317749 -0.48916626
v -0.17202759 0.18997192 -0.48071289
v -0.21067810 0.16142273 -0.48068237
v -0.22392273 0.13182068 -0.48110962
v -0.22485352 0.13648987 -0.48757935
v -0.18487549 0.13363647 -0.48049927
v -0.13381958 0.15626526 -0.48336792
v -0.13342285 0.14208984 -0.48910522
v -0.18693542 0.12713623 -0.48843384
v -0.22729492 0.09356689 -0.48049927
v -0.22198486 0.09229279 -0.48922729
v -0.14062500 0.06475067 -0.48883057
v -0.04946518 0.15678406 -0.48095703
v -0.05060196 0.15495300 -0.48684692
v -0.03308868 0.13821411 -0.48852539
v -0.11912537 0.06599426 -0.48928833
v -0.09973145 0.07862091 -0.48922729
v -0.11659241 0.06748199 -0.48056030
v -0.28054810 0.04434204 -0.48886108
v -0.14598083 0.04229355 -0.48907471
v -0.14562988 0.03908920 -0.48059082
v -0.22039795 0.03793335 -0.48327637
v -0.21978760 0.02341843 -0.48159790
v -0.13885498 -0.00011124 -0.48114014
v -0.12176514 0.02689171 -0.48040771
v -0.11425781 0.02447319 -0.48913574
v -0.10429382 0.03618240 -0.48031616
v -0.10129547 0.07717896 -0.48037720
v -0.09392548 0.02227974 -0.48916626
v -0.16278076 -0.01680565 -0.48941040
v 0.01676941 0.07645416 -0.48904419
v -0.00586557 0.00111318 -0.48898315
v 0.01648903 0.01892090 -0.48870850
v -0.00237346 -0.00370812 -0.48056030
v 0.03822327 0.04067230 -0.48071289
v 0.08839417 -0.00193548 -0.48031616
v 0.02786064 0.07831573 -0.48034668
v 0.03166962 0.07173157 -0.48562622
v 0.02313805 0.13285828 -0.48565674
v 0.01012802 0.13137817 -0.48904419
v -0.01537228 0.14076233 -0.48120117
v 0.02413750 0.13195801 -0.48052979
v 0.05329132 0.15888977 -0.48086548
v 0.09069061 0.17201233 -0.48037720
v 0.00938034 0.17503357 -0.48233032
v 0.04619980 0.17575073 -0.48690796
v -0.01487064 0.20219421 -0.48919678
v 0.11656952 0.17608643 -0.48901367
v 0.00083488 0.18418884 -0.48080444
v -0.04595184 0.21296692 -0.48101807
v 0.01239872 0.23114014 -0.48910522
v -0.01774979 0.20692444 -0.48361206
v -0.01613426 0.22810364 -0.48898315
v -0.04777908 0.24224854 -0.48074341
v -0.04290771 0.25442505 -0.48062134
v -0.04257965 0.24119568 -0.48266602
v 0.00901890 0.23352051 -0.48309326
v 0.00982380 0.24742126 -0.48254395
v 0.01377583 0.25006104 -0.48916626
v 0.11842346 0.19802856 -0.48907471
v -0.22885132 0.37322998 -0.43942261
v -0.27447510 0.36642456 -0.48120117
v -0.28979492 0.36563110 -0.47460938
v -0.28970337 0.36621094 -0.48062134
v -0.25680542 0.34301758 -0.48062134
v -0.29846191 0.29006958 -0.48031616
v -0.30819702 0.36547852 -0.48162842
v -0.30816650 0.34341431 -0.48083496
v -0.44305420 0.36557007 -0.47726440
v -0.29171753 0.36547852 -0.34469604
v -0.36032104 0.34356689 -0.48120117
v -0.41244507 0.36471558 -0.48208618
v -0.41247559 0.34384155 -0.48095703
v -0.47500610 0.33108521 -0.47851562
v -0.40264893 0.29568481 -0.48056030
v -0.44711304 0.21678162 -0.48495483
v -0.47628784 0.21954346 -0.48007202
v -0.40020752 0.21731567 -0.48068237
v -0.34347534 0.21998596 -0.48056030
v -0.28576660 0.22669983 -0.48049927
v -0.23292542 0.24296570 -0.48059082
v -0.24266052 0.23522949 -0.48852539
v -0.37600708 0.21191406 -0.48806763
v -0.32278442 0.21601868 -0.48895264
v -0.28536987 0.22351074 -0.48889160
v -0.20159912 0.21809387 -0.48916626
v -0.33081055 0.15505981 -0.48901367
v -0.21366882 0.16317749 -0.48916626
v -0.25588989 0.12693787 -0.48687744
v -0.22485352 0.13648987 -0.48757935
v -0.22392273 0.13182068 -0.48110962
v -0.25610352 0.10044098 -0.48184204
v -0.18487549 0.13363647 -0.48049927
v -0.22729492 0.09356689 -0.48049927
v -0.28097534 0.09750366 -0.48254395
v -0.33392334 0.10236359 -0.48861694
v -0.22198486 0.09229279 -0.48922729
v -0.28045654 0.07765961 -0.48937988
v -0.28561401 0.07661438 -0.48043823
v -0.31411743 0.07585144 -0.48962402
v -0.32968140 0.08341217 -0.48056030
v -0.37860107 0.08719635 -0.48867798
v -0.32498169 0.06205750 -0.48062134
v -0.33337402 0.05771255 -0.48937988
v -0.38189697 0.05159760 -0.48056030
v -0.39028931 0.08694458 -0.48031616
v -0.38000488 0.05175781 -0.48989868
v -0.42663574 -0.00743246 -0.48898315
v -0.42672729 0.04659653 -0.48999023
v -0.45767212 0.05545425 -0.48284912
v -0.42773438 0.04913712 -0.48056030
v -0.47473145 0.10335541 -0.48034668
v -0.43710327 0.10266113 -0.48123169
v -0.47515869 0.10343933 -0.48196411
v -0.44769287 0.11161804 -0.48864746
v -0.42193604 0.10517883 -0.48913574
v -0.47808838 -0.36767578 -0.47891235
v -0.40536499 -0.36053467 -0.48056030
v -0.25292969 -0.36441040 -0.47805786
v -0.47280884 -0.36123657 -0.47952271
v -0.47235107 -0.33575439 -0.48147583
v -0.47879028 -0.15882874 -0.47543335
v -0.40609741 -0.36126709 -0.48260498
v -0.47253418 -0.36129761 -0.48263550
v -0.40606689 -0.33575439 -0.48117065
v -0.39028931 -0.33200073 -0.48037720
v -0.46447754 -0.33187866 -0.48056030
v -0.46511841 -0.10164642 -0.48040771
v -0.47875977 0.11256409 -0.47555542
v -0.25604248 -0.31823730 -0.48031616
v -0.34130859 -0.30679321 -0.48034668
v -0.33648682 -0.30447388 -0.48907471
v -0.38848877 -0.30178833 -0.48159790
v -0.39343262 -0.32482910 -0.48941040
v -0.46215820 -0.32583618 -0.48767090
v -0.39834595 -0.29458618 -0.48898315
v -0.45437622 -0.23815918 -0.48800659
v -0.42489624 -0.14344788 -0.48910522
v -0.45767212 -0.14616394 -0.48687744
v -0.42807007 -0.14018250 -0.48062134
v -0.42037964 -0.11240387 -0.48062134
v -0.39434814 -0.10449219 -0.48931885
v -0.24397278 -0.23550415 -0.48855591
v -0.25360107 -0.29235840 -0.48876953
v -0.24250793 -0.20195007 -0.48901367
v -0.33374023 -0.10593414 -0.48907471
v -0.24194336 -0.08066559 -0.48913574
v -0.33493042 -0.09759521 -0.48022461
v -0.33276367 -0.08773804 -0.48919678
v -0.35195923 -0.00901890 -0.48016357
v -0.28182983 -0.08482361 -0.48922729
v -0.28253174 -0.08341217 -0.48049927
v -0.24269104 -0.05478287 -0.48925781
v -0.16278076 -0.01680565 -0.48941040
v -0.09392548 0.02227974 -0.48916626
v -0.24696350 -0.05301666 -0.48056030
v -0.21127319 -0.04145432 -0.48098755
v -0.13885498 -0.00011124 -0.48114014
v -0.29168701 0.00592041 -0.48019409
v -0.21978760 0.02341843 -0.48159790
v -0.27191162 0.02176285 -0.48464966
v -0.30172729 0.01263142 -0.48828125
v -0.30661011 -0.00410891 -0.48181152
v -0.31793213 0.00170338 -0.48425293
v -0.33059692 -0.00886726 -0.48101807
v -0.33923340 0.00962162 -0.48815918
v -0.34307861 -0.00964260 -0.48587036
v -0.42663574 -0.00743246 -0.48898315
v -0.33337402 0.05771255 -0.48937988
v -0.45886230 -0.00877571 -0.48065186
v -0.45767212 0.05545425 -0.48284912
v -0.47473145 0.10335541 -0.48034668
v 0.30474854 0.06905365 -0.48083496
v 0.27050781 0.05856705 -0.48016357
v 0.28717041 0.12498474 -0.48056030
v 0.25891113 0.17358398 -0.48104858
v 0.35342407 0.15789795 -0.48104858
v 0.31018066 0.06950378 -0.48999023
v 0.28396606 0.12334442 -0.48977661
v 0.35977173 0.14695740 -0.48226929
v 0.40817261 0.13117981 -0.48184204
v 0.38085938 0.13114929 -0.48941040
v 0.47256470 0.18472290 -0.48220825
v 0.35427856 0.06331635 -0.48498535
v 0.34793091 0.02886581 -0.48175049
v 0.37905884 0.04545975 -0.48944092
v 0.36978149 0.04005051 -0.48278809
v 0.38366699 -0.02153587 -0.48266602
v 0.39590454 0.02572823 -0.48721313
v 0.29605103 -0.03463364 -0.48291016
v 0.24768066 -0.03394318 -0.48126221
v 0.15032959 0.06567383 -0.48071289
v 0.15007019 -0.03461075 -0.48068237
v 0.47518921 0.03754044 -0.48913574
v 0.47488403 0.02464867 -0.48532104
v 0.47415161 -0.00910187 -0.48165894
v 0.47753906 -0.02553368 -0.47653198
v 0.47570801 0.06904602 -0.47930908
v 0.41891479 0.13798523 -0.48980713
v 0.47439575 0.14276123 -0.48794556
v 0.43887329 0.14700317 -0.48208618
v 0.47473145 0.14793396 -0.48196411
v 0.47640991 0.20283508 -0.47891235
v 0.17147827 0.31484985 -0.48056030
v 0.17018127 0.33422852 -0.48031616
v 0.22705078 0.30899048 -0.48031616
v 0.29983521 0.35748291 -0.48068237
v 0.21559143 0.36584473 -0.48056030
v 0.07984161 0.33636475 -0.48040771
v 0.03555679 0.36575317 -0.47760010
v 0.16891479 0.33209229 -0.48410034
v 0.00923634 0.33703613 -0.48327637
v 0.15051270 0.32034302 -0.48928833
v 0.16394043 0.30032349 -0.48913574
v 0.01051331 0.31201172 -0.48907471
v 0.22587585 0.29434204 -0.48931885
v 0.25527954 0.28305054 -0.48059082
v 0.39419556 0.29849243 -0.48071289
v 0.39935303 0.27319336 -0.48065186
v 0.41043091 0.26544189 -0.48916626
v 0.26309204 0.27395630 -0.48913574
v 0.15544128 0.19186401 -0.48925781
v 0.36813354 0.18414307 -0.48907471
v 0.11842346 0.19802856 -0.48907471
v 0.01377583 0.25006104 -0.48916626
v 0.15007019 -0.03461075 -0.48068237
v 0.08839417 -0.00193548 -0.48031616
v 0.15032959 0.06567383 -0.48071289
v 0.02786064 0.07831573 -0.48034668
v 0.09069061 0.17201233 -0.48037720
v 0.04619980 0.17575073 -0.48690796
v 0.11656952 0.17608643 -0.48901367
v 0.12380981 0.19592285 -0.48034668
v 0.11842346 0.19802856 -0.48907471
v 0.01239872 0.23114014 -0.48910522
v 0.15544128 0.19186401 -0.48925781
v 0.15040588 0.18472290 -0.48056030
v 0.18917847 0.10128784 -0.48153687
v 0.27050781 0.05856705 -0.48016357
v 0.20837402 0.17918396 -0.48068237
v 0.25891113 0.17358398 -0.48104858
v -0.04350662 -0.07901001 -0.48092651
v -0.00447512 -0.05223083 -0.48043823
v 0.05636978 -0.11266327 -0.48028564
v 0.08839417 -0.00193548 -0.48031616
v -0.00237346 -0.00370812 -0.48056030
v -0.00870037 -0.05040359 -0.48904419
v -0.00586557 0.00111318 -0.48898315
v -0.04660416 -0.08099365 -0.48910522
v -0.09392548 0.02227974 -0.48916626
v -0.24194336 -0.08066559 -0.48913574
v -0.04746628 -0.10906219 -0.48959351
v -0.07288361 -0.12420654 -0.48944092
v -0.04553223 -0.11051178 -0.48074341
v -0.09463501 -0.13279724 -0.48931885
v -0.14515686 -0.16105652 -0.48925781
v -0.24250793 -0.20195007 -0.48901367
v -0.08238983 -0.13380432 -0.48022461
v -0.06922913 -0.11670685 -0.48040771
v -0.09151459 -0.15702820 -0.48025513
v 0.03535843 -0.11963654 -0.48266602
v 0.05779648 -0.11476135 -0.48919678
v 0.05118179 -0.21667480 -0.48910522
v 0.03577423 -0.22354126 -0.48513794
v 0.03497696 -0.22622681 -0.48040771
v -0.04577255 -0.19961548 -0.48062134
v -0.14358521 -0.16246033 -0.48077393
v -0.15838623 -0.17782593 -0.48046875
v -0.14675903 -0.17654419 -0.48968506
v -0.17808533 -0.18980408 -0.48950195
v -0.18045044 -0.19830322 -0.48046875
v -0.24215698 -0.20726013 -0.48065186
v -0.24397278 -0.23550415 -0.48855591
v -0.05511093 -0.26705933 -0.48083496
v -0.23081970 -0.23246765 -0.48049927
v -0.22865295 -0.25570679 -0.48873901
v -0.25360107 -0.29235840 -0.48876953
v -0.15652466 -0.28338623 -0.48040771
v -0.22581482 -0.26425171 -0.48043823
v -0.24710083 -0.29138184 -0.48046875
v -0.25604248 -0.31823730 -0.48031616
v -0.25918579 -0.30880737 -0.48904419
v -0.33648682 -0.30447388 -0.48907471
v -0.40536499 -0.36053467 -0.48056030
v -0.25292969 -0.36441040 -0.47805786
v -0.19735718 -0.34268188 -0.48382568
v -0.21463013 -0.35946655 -0.48052979
v -0.18766785 -0.32559204 -0.48086548
v -0.16047668 -0.30743408 -0.48059082
v -0.17243958 -0.32333374 -0.48043823
v -0.17182922 -0.32916260 -0.49035645
v -0.15937805 -0.31042480 -0.48919678
v -0.15385437 -0.28634644 -0.48913574
v -0.07666016 -0.28509521 -0.48052979
v -0.11080170 -0.34390259 -0.48913574
v -0.07410431 -0.28796387 -0.48941040
v -0.11054993 -0.34677124 -0.48046875
v -0.10440063 -0.36090088 -0.48312378
v -0.07460022 -0.35189819 -0.48962402
v 0.04426575 -0.35406494 -0.48739624
v -0.02878952 -0.27127075 -0.48962402
v 0.07221985 -0.26608276 -0.48931885
v 0.04118729 -0.25122070 -0.48318481
v -0.01934433 -0.26000977 -0.48110962
v -0.00102341 -0.24781799 -0.48309326
v -0.04290771 0.25442505 -0.48062134
v -0.08377838 0.31121826 -0.48025513
v -0.04387283 0.30477905 -0.48071289
v -0.02214241 0.31527710 -0.48095703
v -0.01991272 0.36581421 -0.48062134
v -0.04010391 0.25909424 -0.48739624
v -0.01186180 0.24935913 -0.48883057
v 0.00982380 0.24742126 -0.48254395
v 0.01377583 0.25006104 -0.48916626
v -0.03464890 0.29644775 -0.48913574
v -0.02166367 0.31381226 -0.48568726
v 0.01051331 0.31201172 -0.48907471
v 0.16394043 0.30032349 -0.48913574
v 0.00813866 0.31561279 -0.48071289
v 0.00923634 0.33703613 -0.48327637
v 0.03555679 0.36575317 -0.47760010
v 0.07984161 0.33636475 -0.48040771
v 0.01726151 0.32400513 -0.48919678
v 0.15051270 0.32034302 -0.48928833
v -0.27191162 0.02176285 -0.48464966
v -0.21978760 0.02341843 -0.48159790
v -0.29168701 0.00592041 -0.48019409
v -0.22039795 0.03793335 -0.48327637
v -0.28054810 0.04434204 -0.48886108
v -0.14598083 0.04229355 -0.48907471
v -0.30172729 0.01263142 -0.48828125
v -0.33337402 0.05771255 -0.48937988
v -0.33923340 0.00962162 -0.48815918
v -0.28045654 0.07765961 -0.48937988
v -0.31411743 0.07585144 -0.48962402
v -0.22198486 0.09229279 -0.48922729
v -0.14062500 0.06475067 -0.48883057
v 0.25891113 0.17358398 -0.48104858
v 0.32119751 0.17199707 -0.48919678
v 0.35342407 0.15789795 -0.48104858
v 0.36813354 0.18414307 -0.48907471
v 0.15544128 0.19186401 -0.48925781
v -0.13885498 -0.00011124 -0.48114014
v -0.11425781 0.02447319 -0.48913574
v -0.16278076 -0.01680565 -0.48941040

# 2586 UV coordinates
vt 0.59033203 0.82080078 0.00000000
vt 0.58276367 0.84667969 0.00000000
vt 0.58398438 0.82568359 0.00000000
vt 0.57763672 0.83935547 0.00000000
vt 0.58276367 0.82006836 0.00000000
vt 0.59814453 0.83422852 0.00000000
vt 0.59814453 0.82055664 0.00000000
vt 0.59960938 0.82885742 0.00000000
vt 0.59082031 0.81420898 0.00000000
vt 0.53344727 0.84667969 0.00000000
vt 0.56176758 0.80249023 0.00000000
vt 0.61596680 0.82055664 0.00000000
vt 0.61157227 0.83203125 0.00000000
vt 0.63403320 0.79614258 0.00000000
vt 0.61889648 0.82226562 0.00000000
vt 0.63598633 0.79956055 0.00000000
vt 0.65039062 0.79492188 0.00000000
vt 0.66821289 0.80126953 0.00000000
vt 0.65625000 0.78759766 0.00000000
vt 0.64160156 0.79467773 0.00000000
vt 0.64550781 0.77905273 0.00000000
vt 0.62524414 0.77880859 0.00000000
vt 0.63525391 0.77514648 0.00000000
vt 0.61547852 0.77343750 0.00000000
vt 0.63134766 0.77050781 0.00000000
vt 0.67041016 0.76782227 0.00000000
vt 0.62744141 0.76367188 0.00000000
vt 0.62963867 0.75585938 0.00000000
vt 0.66430664 0.73828125 0.00000000
vt 0.62011719 0.76611328 0.00000000
vt 0.61279297 0.76733398 0.00000000
vt 0.59936523 0.76123047 0.00000000
vt 0.60449219 0.75488281 0.00000000
vt 0.58764648 0.75366211 0.00000000
vt 0.55639648 0.79565430 0.00000000
vt 0.55444336 0.79321289 0.00000000
vt 0.58422852 0.74121094 0.00000000
vt 0.58886719 0.68920898 0.00000000
vt 0.59252930 0.73974609 0.00000000
vt 0.60253906 0.74560547 0.00000000
vt 0.59741211 0.73925781 0.00000000
vt 0.59765625 0.72607422 0.00000000
vt 0.60742188 0.74536133 0.00000000
vt 0.62719727 0.71020508 0.00000000
vt 0.11425781 0.33764648 0.00000000
vt 0.10864258 0.34594727 0.00000000
vt 0.10473633 0.33544922 0.00000000
vt 0.12036133 0.33496094 0.00000000
vt 0.11791992 0.33129883 0.00000000
vt 0.08447266 0.33666992 0.00000000
vt 0.08471680 0.34570312 0.00000000
vt 0.07861328 0.29223633 0.00000000
vt 0.07788086 0.34692383 0.00000000
vt 0.07666016 0.35522461 0.00000000
vt 0.07104492 0.35937500 0.00000000
vt 0.05786133 0.31079102 0.00000000
vt 0.06616211 0.35498047 0.00000000
vt 0.06689453 0.35864258 0.00000000
vt 0.06054688 0.36572266 0.00000000
vt 0.05175781 0.37792969 0.00000000
vt 0.04736328 0.37426758 0.00000000
vt 0.03759766 0.34692383 0.00000000
vt 0.04028320 0.39086914 0.00000000
vt 0.04370117 0.39355469 0.00000000
vt 0.03076172 0.35229492 0.00000000
vt 0.02099609 0.35839844 0.00000000
vt 0.01000977 0.39086914 0.00000000
vt 0.02636719 0.35131836 0.00000000
vt 0.03564453 0.34619141 0.00000000
vt 0.03344727 0.31201172 0.00000000
vt 0.01953125 0.35400391 0.00000000
vt 0.03906250 0.30908203 0.00000000
vt 0.02270508 0.30859375 0.00000000
vt 0.04003906 0.30859375 0.00000000
vt 0.02368164 0.29907227 0.00000000
vt 0.03417969 0.29956055 0.00000000
vt 0.05639648 0.30737305 0.00000000
vt 0.03271484 0.29492188 0.00000000
vt 0.04296875 0.28906250 0.00000000
vt 0.07397461 0.29125977 0.00000000
vt 0.06933594 0.26049805 0.00000000
vt 0.08520508 0.28271484 0.00000000
vt 0.08349609 0.27807617 0.00000000
vt 0.10400391 0.28173828 0.00000000
vt 0.10791016 0.28588867 0.00000000
vt 0.11035156 0.27465820 0.00000000
vt 0.09887695 0.26489258 0.00000000
vt 0.11791992 0.27856445 0.00000000
vt 0.13134766 0.30395508 0.00000000
vt 0.12060547 0.27026367 0.00000000
vt 0.12500000 0.26831055 0.00000000
vt 0.14257812 0.29541016 0.00000000
vt 0.13378906 0.31665039 0.00000000
vt 0.14648438 0.28710938 0.00000000
vt 0.14868164 0.29516602 0.00000000
vt 0.16186523 0.28710938 0.00000000
vt 0.16430664 0.27294922 0.00000000
vt 0.14257812 0.31762695 0.00000000
vt 0.10815430 0.25585938 0.00000000
vt 0.10156250 0.26196289 0.00000000
vt 0.09497070 0.25927734 0.00000000
vt 0.05371094 0.25708008 0.00000000
vt 0.04711914 0.26074219 0.00000000
vt 0.03271484 0.26269531 0.00000000
vt 0.03222656 0.26757812 0.00000000
vt 0.18432617 0.33837891 0.00000000
vt 0.14355469 0.33056641 0.00000000
vt 0.13940430 0.32788086 0.00000000
vt 0.91943359 0.84985352 0.00000000
vt 0.89599609 0.83618164 0.00000000
vt 0.91967773 0.83593750 0.00000000
vt 0.93920898 0.79223633 0.00000000
vt 0.93383789 0.83935547 0.00000000
vt 0.95605469 0.80810547 0.00000000
vt 0.94287109 0.85351562 0.00000000
vt 0.92895508 0.84277344 0.00000000
vt 0.93457031 0.84960938 0.00000000
vt 0.95043945 0.87475586 0.00000000
vt 0.92602539 0.86083984 0.00000000
vt 0.94335938 0.88281250 0.00000000
vt 0.94067383 0.88305664 0.00000000
vt 0.92114258 0.84057617 0.00000000
vt 0.92211914 0.85327148 0.00000000
vt 0.92114258 0.86108398 0.00000000
vt 0.95214844 0.89990234 0.00000000
vt 0.88916016 0.86181641 0.00000000
vt 0.87817383 0.87133789 0.00000000
vt 0.88354492 0.84326172 0.00000000
vt 0.88598633 0.86181641 0.00000000
vt 0.87207031 0.86376953 0.00000000
vt 0.87011719 0.84594727 0.00000000
vt 0.86791992 0.84155273 0.00000000
vt 0.86254883 0.86035156 0.00000000
vt 0.92626953 0.68505859 0.00000000
vt 0.92651367 0.69213867 0.00000000
vt 0.92236328 0.68017578 0.00000000
vt 0.89184570 0.72729492 0.00000000
vt 0.93530273 0.71118164 0.00000000
vt 0.87597656 0.66333008 0.00000000
vt 0.90014648 0.66455078 0.00000000
vt 0.87597656 0.70678711 0.00000000
vt 0.88671875 0.72680664 0.00000000
vt 0.89697266 0.74096680 0.00000000
vt 0.94604492 0.74487305 0.00000000
vt 0.94970703 0.72070312 0.00000000
vt 0.90283203 0.75512695 0.00000000
vt 0.89990234 0.75561523 0.00000000
vt 0.89477539 0.74267578 0.00000000
vt 0.87670898 0.75048828 0.00000000
vt 0.14819336 0.10937500 0.00000000
vt 0.16748047 0.07275391 0.00000000
vt 0.16967773 0.09692383 0.00000000
vt 0.17407227 0.09985352 0.00000000
vt 0.13867188 0.08081055 0.00000000
vt 0.18212891 0.10766602 0.00000000
vt 0.18139648 0.11669922 0.00000000
vt 0.18920898 0.08984375 0.00000000
vt 0.17333984 0.07714844 0.00000000
vt 0.18188477 0.07177734 0.00000000
vt 0.18920898 0.07104492 0.00000000
vt 0.18481445 0.06762695 0.00000000
vt 0.19165039 0.06884766 0.00000000
vt 0.22290039 0.04541016 0.00000000
vt 0.17846680 0.05664062 0.00000000
vt 0.16625977 0.06811523 0.00000000
vt 0.14331055 0.06079102 0.00000000
vt 0.14477539 0.06469727 0.00000000
vt 0.13549805 0.07885742 0.00000000
vt 0.13183594 0.08129883 0.00000000
vt 0.12744141 0.07812500 0.00000000
vt 0.12402344 0.06225586 0.00000000
vt 0.12695312 0.04858398 0.00000000
vt 0.41821289 0.35742188 0.00000000
vt 0.43261719 0.36767578 0.00000000
vt 0.41552734 0.36718750 0.00000000
vt 0.40844727 0.35742188 0.00000000
vt 0.43457031 0.35253906 0.00000000
vt 0.43212891 0.35009766 0.00000000
vt 0.44360352 0.34960938 0.00000000
vt 0.44360352 0.34545898 0.00000000
vt 0.45971680 0.36206055 0.00000000
vt 0.41918945 0.34204102 0.00000000
vt 0.45947266 0.33325195 0.00000000
vt 0.45117188 0.37231445 0.00000000
vt 0.36791992 0.34204102 0.00000000
vt 0.43554688 0.37255859 0.00000000
vt 0.45507812 0.37670898 0.00000000
vt 0.44409180 0.38623047 0.00000000
vt 0.41381836 0.37036133 0.00000000
vt 0.43554688 0.38354492 0.00000000
vt 0.38891602 0.36206055 0.00000000
vt 0.42187500 0.38061523 0.00000000
vt 0.44311523 0.39111328 0.00000000
vt 0.46215820 0.38769531 0.00000000
vt 0.42504883 0.38403320 0.00000000
vt 0.43261719 0.39257812 0.00000000
vt 0.44482422 0.44335938 0.00000000
vt 0.45727539 0.39624023 0.00000000
vt 0.41137695 0.39038086 0.00000000
vt 0.39794922 0.39477539 0.00000000
vt 0.40747070 0.38891602 0.00000000
vt 0.39916992 0.39062500 0.00000000
vt 0.39111328 0.37182617 0.00000000
vt 0.38696289 0.37329102 0.00000000
vt 0.38671875 0.36499023 0.00000000
vt 0.36230469 0.35839844 0.00000000
vt 0.36401367 0.36303711 0.00000000
vt 0.34497070 0.36962891 0.00000000
vt 0.34716797 0.36499023 0.00000000
vt 0.34472656 0.35595703 0.00000000
vt 0.36010742 0.34448242 0.00000000
vt 0.34448242 0.34667969 0.00000000
vt 0.31884766 0.34790039 0.00000000
vt 0.34277344 0.34765625 0.00000000
vt 0.34301758 0.35424805 0.00000000
vt 0.32275391 0.35937500 0.00000000
vt 0.34326172 0.35986328 0.00000000
vt 0.32495117 0.36279297 0.00000000
vt 0.31542969 0.38842773 0.00000000
vt 0.32104492 0.38354492 0.00000000
vt 0.33032227 0.41772461 0.00000000
vt 0.32250977 0.40966797 0.00000000
vt 0.34155273 0.42163086 0.00000000
vt 0.32812500 0.42407227 0.00000000
vt 0.31933594 0.44140625 0.00000000
vt 0.33837891 0.42553711 0.00000000
vt 0.33789062 0.43481445 0.00000000
vt 0.34497070 0.44506836 0.00000000
vt 0.34448242 0.43872070 0.00000000
vt 0.36572266 0.44140625 0.00000000
vt 0.36254883 0.44409180 0.00000000
vt 0.31079102 0.45678711 0.00000000
vt 0.36254883 0.45043945 0.00000000
vt 0.35522461 0.46704102 0.00000000
vt 0.37744141 0.46044922 0.00000000
vt 0.36499023 0.44848633 0.00000000
vt 0.37768555 0.45458984 0.00000000
vt 0.38208008 0.45996094 0.00000000
vt 0.38769531 0.46557617 0.00000000
vt 0.39282227 0.45654297 0.00000000
vt 0.39306641 0.46142578 0.00000000
vt 0.41821289 0.44311523 0.00000000
vt 0.41455078 0.45556641 0.00000000
vt 0.41650391 0.45874023 0.00000000
vt 0.42163086 0.44653320 0.00000000
vt 0.44750977 0.44604492 0.00000000
vt 0.44946289 0.47192383 0.00000000
vt 0.45581055 0.44433594 0.00000000
vt 0.77465820 0.22094727 0.00000000
vt 0.78906250 0.19116211 0.00000000
vt 0.79833984 0.19189453 0.00000000
vt 0.77783203 0.19995117 0.00000000
vt 0.79028320 0.18554688 0.00000000
vt 0.80175781 0.19799805 0.00000000
vt 0.80053711 0.18872070 0.00000000
vt 0.80810547 0.23535156 0.00000000
vt 0.80786133 0.18505859 0.00000000
vt 0.81079102 0.20361328 0.00000000
vt 0.81079102 0.19555664 0.00000000
vt 0.81420898 0.23168945 0.00000000
vt 0.81469727 0.20068359 0.00000000
vt 0.79199219 0.18261719 0.00000000
vt 0.78295898 0.17700195 0.00000000
vt 0.78393555 0.17578125 0.00000000
vt 0.80737305 0.17675781 0.00000000
vt 0.75048828 0.15820312 0.00000000
vt 0.81787109 0.19287109 0.00000000
vt 0.82934570 0.19677734 0.00000000
vt 0.83178711 0.17871094 0.00000000
vt 0.83862305 0.17529297 0.00000000
vt 0.80590820 0.14331055 0.00000000
vt 0.83593750 0.18017578 0.00000000
vt 0.83081055 0.19970703 0.00000000
vt 0.83691406 0.19091797 0.00000000
vt 0.84741211 0.18090820 0.00000000
vt 0.84790039 0.22216797 0.00000000
vt 0.85766602 0.15234375 0.00000000
vt 0.86572266 0.13867188 0.00000000
vt 0.86645508 0.13891602 0.00000000
vt 0.85229492 0.20190430 0.00000000
vt 0.87231445 0.14794922 0.00000000
vt 0.85107422 0.24389648 0.00000000
vt 0.83837891 0.26196289 0.00000000
vt 0.85839844 0.24975586 0.00000000
vt 0.86938477 0.28564453 0.00000000
vt 0.54028320 0.65454102 0.00000000
vt 0.51782227 0.66870117 0.00000000
vt 0.52392578 0.64819336 0.00000000
vt 0.53002930 0.69848633 0.00000000
vt 0.53906250 0.69799805 0.00000000
vt 0.54199219 0.69775391 0.00000000
vt 0.54174805 0.70556641 0.00000000
vt 0.56640625 0.66894531 0.00000000
vt 0.55615234 0.72412109 0.00000000
vt 0.57104492 0.67529297 0.00000000
vt 0.58300781 0.69970703 0.00000000
vt 0.55224609 0.65332031 0.00000000
vt 0.57299805 0.65600586 0.00000000
vt 0.55957031 0.62988281 0.00000000
vt 0.55249023 0.63159180 0.00000000
vt 0.54907227 0.65063477 0.00000000
vt 0.54809570 0.62817383 0.00000000
vt 0.55615234 0.62207031 0.00000000
vt 0.55883789 0.57885742 0.00000000
vt 0.53881836 0.61499023 0.00000000
vt 0.53076172 0.63476562 0.00000000
vt 0.53881836 0.58764648 0.00000000
vt 0.53344727 0.61450195 0.00000000
vt 0.53491211 0.58325195 0.00000000
vt 0.53369141 0.61718750 0.00000000
vt 0.52954102 0.61474609 0.00000000
vt 0.51147461 0.59667969 0.00000000
vt 0.50683594 0.56787109 0.00000000
vt 0.52709961 0.63208008 0.00000000
vt 0.52172852 0.63330078 0.00000000
vt 0.52075195 0.61206055 0.00000000
vt 0.50878906 0.59643555 0.00000000
vt 0.51806641 0.62890625 0.00000000
vt 0.51098633 0.63085938 0.00000000
vt 0.52124023 0.64697266 0.00000000
vt 0.51538086 0.63574219 0.00000000
vt 0.51562500 0.66479492 0.00000000
vt 0.50439453 0.68481445 0.00000000
vt 0.50268555 0.66674805 0.00000000
vt 0.51000977 0.65576172 0.00000000
vt 0.50756836 0.65307617 0.00000000
vt 0.49658203 0.65747070 0.00000000
vt 0.50024414 0.67431641 0.00000000
vt 0.46435547 0.63818359 0.00000000
vt 0.49951172 0.57592773 0.00000000
vt 0.46093750 0.60742188 0.00000000
vt 0.46044922 0.57543945 0.00000000
vt 0.45800781 0.61035156 0.00000000
vt 0.45922852 0.64111328 0.00000000
vt 0.43920898 0.57104492 0.00000000
vt 0.43994141 0.57592773 0.00000000
vt 0.43652344 0.60571289 0.00000000
vt 0.43481445 0.60986328 0.00000000
vt 0.42163086 0.60961914 0.00000000
vt 0.42602539 0.60571289 0.00000000
vt 0.42895508 0.58984375 0.00000000
vt 0.42480469 0.58666992 0.00000000
vt 0.41699219 0.56689453 0.00000000
vt 0.40771484 0.61718750 0.00000000
vt 0.40917969 0.56616211 0.00000000
vt 0.46606445 0.56347656 0.00000000
vt 0.41040039 0.56127930 0.00000000
vt 0.40063477 0.56201172 0.00000000
vt 0.36694336 0.55786133 0.00000000
vt 0.41723633 0.56152344 0.00000000
vt 0.37304688 0.55590820 0.00000000
vt 0.39575195 0.55322266 0.00000000
vt 0.39624023 0.53759766 0.00000000
vt 0.39550781 0.53515625 0.00000000
vt 0.37573242 0.52441406 0.00000000
vt 0.40405273 0.52319336 0.00000000
vt 0.36303711 0.49926758 0.00000000
vt 0.41284180 0.52319336 0.00000000
vt 0.39477539 0.49340820 0.00000000
vt 0.42871094 0.51757812 0.00000000
vt 0.43823242 0.55541992 0.00000000
vt 0.45849609 0.53979492 0.00000000
vt 0.45532227 0.50244141 0.00000000
vt 0.42333984 0.47363281 0.00000000
vt 0.47094727 0.51220703 0.00000000
vt 0.51171875 0.55834961 0.00000000
vt 0.47631836 0.49414062 0.00000000
vt 0.47094727 0.48193359 0.00000000
vt 0.47729492 0.48437500 0.00000000
vt 0.48120117 0.50097656 0.00000000
vt 0.51611328 0.56054688 0.00000000
vt 0.51440430 0.54370117 0.00000000
vt 0.53466797 0.56225586 0.00000000
vt 0.55834961 0.57763672 0.00000000
vt 0.55786133 0.57446289 0.00000000
vt 0.51318359 0.51220703 0.00000000
vt 0.50854492 0.48535156 0.00000000
vt 0.52270508 0.54638672 0.00000000
vt 0.52514648 0.53662109 0.00000000
vt 0.53857422 0.55859375 0.00000000
vt 0.57299805 0.52978516 0.00000000
vt 0.56054688 0.52294922 0.00000000
vt 0.52490234 0.52001953 0.00000000
vt 0.53051758 0.53710938 0.00000000
vt 0.54248047 0.53393555 0.00000000
vt 0.54589844 0.53369141 0.00000000
vt 0.53686523 0.51977539 0.00000000
vt 0.54272461 0.51708984 0.00000000
vt 0.55029297 0.50024414 0.00000000
vt 0.53295898 0.51123047 0.00000000
vt 0.52099609 0.50805664 0.00000000
vt 0.56591797 0.51391602 0.00000000
vt 0.57055664 0.51440430 0.00000000
vt 0.56420898 0.49951172 0.00000000
vt 0.56713867 0.49755859 0.00000000
vt 0.56030273 0.49755859 0.00000000
vt 0.56347656 0.49291992 0.00000000
vt 0.55737305 0.49267578 0.00000000
vt 0.58178711 0.46166992 0.00000000
vt 0.56054688 0.47314453 0.00000000
vt 0.55737305 0.47412109 0.00000000
vt 0.53540039 0.47363281 0.00000000
vt 0.53491211 0.50366211 0.00000000
vt 0.53100586 0.48413086 0.00000000
vt 0.53002930 0.50415039 0.00000000
vt 0.52368164 0.48632812 0.00000000
vt 0.51855469 0.48803711 0.00000000
vt 0.51293945 0.48291016 0.00000000
vt 0.52270508 0.46801758 0.00000000
vt 0.51220703 0.47436523 0.00000000
vt 0.05468750 0.10375977 0.00000000
vt 0.03710938 0.08642578 0.00000000
vt 0.04321289 0.07666016 0.00000000
vt 0.03833008 0.07519531 0.00000000
vt 0.01562500 0.07202148 0.00000000
vt 0.11059570 0.06298828 0.00000000
vt 0.07177734 0.13671875 0.00000000
vt 0.08911133 0.11132812 0.00000000
vt 0.07299805 0.13427734 0.00000000
vt 0.07324219 0.13037109 0.00000000
vt 0.09155273 0.12329102 0.00000000
vt 0.09350586 0.12548828 0.00000000
vt 0.07519531 0.14428711 0.00000000
vt 0.10571289 0.10400391 0.00000000
vt 0.12597656 0.08764648 0.00000000
vt 0.12036133 0.10473633 0.00000000
vt 0.09277344 0.11254883 0.00000000
vt 0.12084961 0.11962891 0.00000000
vt 0.07495117 0.14794922 0.00000000
vt 0.13623047 0.10742188 0.00000000
vt 0.89453125 0.13037109 0.00000000
vt 0.91943359 0.11425781 0.00000000
vt 0.93286133 0.12792969 0.00000000
vt 0.93359375 0.12475586 0.00000000
vt 0.91943359 0.11059570 0.00000000
vt 0.94067383 0.12866211 0.00000000
vt 0.94287109 0.12646484 0.00000000
vt 0.94824219 0.13720703 0.00000000
vt 0.93359375 0.08984375 0.00000000
vt 0.95410156 0.15698242 0.00000000
vt 0.92724609 0.17675781 0.00000000
vt 0.94189453 0.18457031 0.00000000
vt 0.89306641 0.11523438 0.00000000
vt 0.89062500 0.12841797 0.00000000
vt 0.90258789 0.16357422 0.00000000
vt 0.92041016 0.18383789 0.00000000
vt 0.88964844 0.15136719 0.00000000
vt 0.87597656 0.12939453 0.00000000
vt 0.86059570 0.13354492 0.00000000
vt 0.84790039 0.12939453 0.00000000
vt 0.87841797 0.16381836 0.00000000
vt 0.88476562 0.10864258 0.00000000
vt 0.89404297 0.09692383 0.00000000
vt 0.93530273 0.08251953 0.00000000
vt 0.87548828 0.09643555 0.00000000
vt 0.86352539 0.08471680 0.00000000
vt 0.89721680 0.16796875 0.00000000
vt 0.90039062 0.17895508 0.00000000
vt 0.83666992 0.91235352 0.00000000
vt 0.84814453 0.91503906 0.00000000
vt 0.85278320 0.94604492 0.00000000
vt 0.79394531 0.96508789 0.00000000
vt 0.84472656 0.90698242 0.00000000
vt 0.85571289 0.91650391 0.00000000
vt 0.85668945 0.88452148 0.00000000
vt 0.87841797 0.87792969 0.00000000
vt 0.88623047 0.92211914 0.00000000
vt 0.88671875 0.93383789 0.00000000
vt 0.85913086 0.93994141 0.00000000
vt 0.87426758 0.95507812 0.00000000
vt 0.88061523 0.98315430 0.00000000
vt 0.87573242 0.95410156 0.00000000
vt 0.89184570 0.95825195 0.00000000
vt 0.19824219 0.14306641 0.00000000
vt 0.16552734 0.14062500 0.00000000
vt 0.18090820 0.12915039 0.00000000
vt 0.15454102 0.14428711 0.00000000
vt 0.17163086 0.16503906 0.00000000
vt 0.18237305 0.12402344 0.00000000
vt 0.20727539 0.14379883 0.00000000
vt 0.20385742 0.11303711 0.00000000
vt 0.20605469 0.10620117 0.00000000
vt 0.20556641 0.13671875 0.00000000
vt 0.20996094 0.13964844 0.00000000
vt 0.21582031 0.14453125 0.00000000
vt 0.21337891 0.13525391 0.00000000
vt 0.22167969 0.12646484 0.00000000
vt 0.21777344 0.13378906 0.00000000
vt 0.22802734 0.12597656 0.00000000
vt 0.23461914 0.14160156 0.00000000
vt 0.22241211 0.11547852 0.00000000
vt 0.24121094 0.12402344 0.00000000
vt 0.25805664 0.13574219 0.00000000
vt 0.24023438 0.12084961 0.00000000
vt 0.21069336 0.10522461 0.00000000
vt 0.24169922 0.08984375 0.00000000
vt 0.20996094 0.07958984 0.00000000
vt 0.21142578 0.08007812 0.00000000
vt 0.20385742 0.08715820 0.00000000
vt 0.87597656 0.72070312 0.00000000
vt 0.86791992 0.73779297 0.00000000
vt 0.86865234 0.73291016 0.00000000
vt 0.87011719 0.71557617 0.00000000
vt 0.84570312 0.76440430 0.00000000
vt 0.87084961 0.68798828 0.00000000
vt 0.86816406 0.75024414 0.00000000
vt 0.88598633 0.78906250 0.00000000
vt 0.82055664 0.77929688 0.00000000
vt 0.77636719 0.78051758 0.00000000
vt 0.86523438 0.79321289 0.00000000
vt 0.82202148 0.78076172 0.00000000
vt 0.86865234 0.80224609 0.00000000
vt 0.88793945 0.82031250 0.00000000
vt 0.86572266 0.80029297 0.00000000
vt 0.82153320 0.79101562 0.00000000
vt 0.82397461 0.79565430 0.00000000
vt 0.93139648 0.23852539 0.00000000
vt 0.90795898 0.22753906 0.00000000
vt 0.91894531 0.22485352 0.00000000
vt 0.93359375 0.23608398 0.00000000
vt 0.91992188 0.22167969 0.00000000
vt 0.94018555 0.22119141 0.00000000
vt 0.90600586 0.22436523 0.00000000
vt 0.91308594 0.20043945 0.00000000
vt 0.88842773 0.22949219 0.00000000
vt 0.87060547 0.22045898 0.00000000
vt 0.87426758 0.23266602 0.00000000
vt 0.86645508 0.23754883 0.00000000
vt 0.85791016 0.20507812 0.00000000
vt 0.95629883 0.23437500 0.00000000
vt 0.95434570 0.23242188 0.00000000
vt 0.98168945 0.21997070 0.00000000
vt 0.97875977 0.21508789 0.00000000
vt 0.98291016 0.21997070 0.00000000
vt 0.95800781 0.23461914 0.00000000
vt 0.98632812 0.22851562 0.00000000
vt 0.95385742 0.23120117 0.00000000
vt 0.98388672 0.17749023 0.00000000
vt 0.94213867 0.19384766 0.00000000
vt 0.93383789 0.19628906 0.00000000
vt 0.96142578 0.17114258 0.00000000
vt 0.96826172 0.15258789 0.00000000
vt 0.98925781 0.15234375 0.00000000
vt 0.25903320 0.51611328 0.00000000
vt 0.25000000 0.50854492 0.00000000
vt 0.26025391 0.51293945 0.00000000
vt 0.21362305 0.48583984 0.00000000
vt 0.19091797 0.44653320 0.00000000
vt 0.15429688 0.41088867 0.00000000
vt 0.18066406 0.45190430 0.00000000
vt 0.20043945 0.48046875 0.00000000
vt 0.19482422 0.50585938 0.00000000
vt 0.19506836 0.48803711 0.00000000
vt 0.19311523 0.48144531 0.00000000
vt 0.19091797 0.49340820 0.00000000
vt 0.19262695 0.52148438 0.00000000
vt 0.17529297 0.54833984 0.00000000
vt 0.19555664 0.52465820 0.00000000
vt 0.24658203 0.51293945 0.00000000
vt 0.18652344 0.53906250 0.00000000
vt 0.22045898 0.55615234 0.00000000
vt 0.18090820 0.55761719 0.00000000
vt 0.25634766 0.51684570 0.00000000
vt 0.24023438 0.53588867 0.00000000
vt 0.24560547 0.53857422 0.00000000
vt 0.24462891 0.54199219 0.00000000
vt 0.23779297 0.56909180 0.00000000
vt 0.21606445 0.57690430 0.00000000
vt 0.19287109 0.60595703 0.00000000
vt 0.20581055 0.61621094 0.00000000
vt 0.19726562 0.62036133 0.00000000
vt 0.18530273 0.62866211 0.00000000
vt 0.18603516 0.61401367 0.00000000
vt 0.19360352 0.58935547 0.00000000
vt 0.18212891 0.57104492 0.00000000
vt 0.18969727 0.58911133 0.00000000
vt 0.18408203 0.58105469 0.00000000
vt 0.17578125 0.59106445 0.00000000
vt 0.16748047 0.60913086 0.00000000
vt 0.16479492 0.60693359 0.00000000
vt 0.16918945 0.58447266 0.00000000
vt 0.16357422 0.59643555 0.00000000
vt 0.16333008 0.58520508 0.00000000
vt 0.15332031 0.59887695 0.00000000
vt 0.16015625 0.59716797 0.00000000
vt 0.15966797 0.60473633 0.00000000
vt 0.51708984 0.69018555 0.00000000
vt 0.54052734 0.74121094 0.00000000
vt 0.54638672 0.80834961 0.00000000
vt 0.52172852 0.77148438 0.00000000
vt 0.51391602 0.69311523 0.00000000
vt 0.46313477 0.68994141 0.00000000
vt 0.43798828 0.74536133 0.00000000
vt 0.47216797 0.76708984 0.00000000
vt 0.47216797 0.79516602 0.00000000
vt 0.45849609 0.77929688 0.00000000
vt 0.45727539 0.76684570 0.00000000
vt 0.45532227 0.76977539 0.00000000
vt 0.43896484 0.76416016 0.00000000
vt 0.40551758 0.80786133 0.00000000
vt 0.44189453 0.76220703 0.00000000
vt 0.39990234 0.75073242 0.00000000
vt 0.38500977 0.80517578 0.00000000
vt 0.41064453 0.74047852 0.00000000
vt 0.36450195 0.75659180 0.00000000
vt 0.36132812 0.80444336 0.00000000
vt 0.35913086 0.80493164 0.00000000
vt 0.33471680 0.80761719 0.00000000
vt 0.37109375 0.73730469 0.00000000
vt 0.40893555 0.73803711 0.00000000
vt 0.38867188 0.72875977 0.00000000
vt 0.38623047 0.72753906 0.00000000
vt 0.42822266 0.72900391 0.00000000
vt 0.39941406 0.72143555 0.00000000
vt 0.42578125 0.72705078 0.00000000
vt 0.42065430 0.71191406 0.00000000
vt 0.39941406 0.68359375 0.00000000
vt 0.42089844 0.70727539 0.00000000
vt 0.41577148 0.68359375 0.00000000
vt 0.40893555 0.68798828 0.00000000
vt 0.40502930 0.67919922 0.00000000
vt 0.83325195 0.64819336 0.00000000
vt 0.77001953 0.65209961 0.00000000
vt 0.83056641 0.64624023 0.00000000
vt 0.85668945 0.61254883 0.00000000
vt 0.74853516 0.66967773 0.00000000
vt 0.77954102 0.67602539 0.00000000
vt 0.80957031 0.66772461 0.00000000
vt 0.77587891 0.68798828 0.00000000
vt 0.76953125 0.70263672 0.00000000
vt 0.74926758 0.71093750 0.00000000
vt 0.77197266 0.70605469 0.00000000
vt 0.78051758 0.69726562 0.00000000
vt 0.78125000 0.68115234 0.00000000
vt 0.80371094 0.70019531 0.00000000
vt 0.76879883 0.72705078 0.00000000
vt 0.82836914 0.75927734 0.00000000
vt 0.83569336 0.73706055 0.00000000
vt 0.81396484 0.67285156 0.00000000
vt 0.82348633 0.66601562 0.00000000
vt 0.82885742 0.71386719 0.00000000
vt 0.85058594 0.72924805 0.00000000
vt 0.84497070 0.71044922 0.00000000
vt 0.84619141 0.69287109 0.00000000
vt 0.84912109 0.69262695 0.00000000
vt 0.83935547 0.67651367 0.00000000
vt 0.83349609 0.65844727 0.00000000
vt 0.62841797 0.57788086 0.00000000
vt 0.59838867 0.59912109 0.00000000
vt 0.62719727 0.57177734 0.00000000
vt 0.56884766 0.63208008 0.00000000
vt 0.65405273 0.52490234 0.00000000
vt 0.65258789 0.52294922 0.00000000
vt 0.70336914 0.56054688 0.00000000
vt 0.64819336 0.66748047 0.00000000
vt 0.59521484 0.67211914 0.00000000
vt 0.70483398 0.68481445 0.00000000
vt 0.59790039 0.69018555 0.00000000
vt 0.67236328 0.68652344 0.00000000
vt 0.63476562 0.69433594 0.00000000
vt 0.64916992 0.67089844 0.00000000
vt 0.63256836 0.70385742 0.00000000
vt 0.64941406 0.70043945 0.00000000
vt 0.67846680 0.71020508 0.00000000
vt 0.67333984 0.71801758 0.00000000
vt 0.66015625 0.71630859 0.00000000
vt 0.64990234 0.70288086 0.00000000
vt 0.66064453 0.71777344 0.00000000
vt 0.67675781 0.72021484 0.00000000
vt 0.67602539 0.74853516 0.00000000
vt 0.31372070 0.36108398 0.00000000
vt 0.31665039 0.34399414 0.00000000
vt 0.26904297 0.34497070 0.00000000
vt 0.29272461 0.34887695 0.00000000
vt 0.31591797 0.34936523 0.00000000
vt 0.27416992 0.34936523 0.00000000
vt 0.25146484 0.34301758 0.00000000
vt 0.29028320 0.35913086 0.00000000
vt 0.30957031 0.35913086 0.00000000
vt 0.24243164 0.35449219 0.00000000
vt 0.22900391 0.34155273 0.00000000
vt 0.27221680 0.35913086 0.00000000
vt 0.29296875 0.36206055 0.00000000
vt 0.30932617 0.36303711 0.00000000
vt 0.28710938 0.36499023 0.00000000
vt 0.28759766 0.36840820 0.00000000
vt 0.29809570 0.37084961 0.00000000
vt 0.31225586 0.38671875 0.00000000
vt 0.27197266 0.36132812 0.00000000
vt 0.29052734 0.39428711 0.00000000
vt 0.29980469 0.40600586 0.00000000
vt 0.25073242 0.35766602 0.00000000
vt 0.26660156 0.38867188 0.00000000
vt 0.24047852 0.35888672 0.00000000
vt 0.22680664 0.36425781 0.00000000
vt 0.22827148 0.36547852 0.00000000
vt 0.24365234 0.36938477 0.00000000
vt 0.22924805 0.38256836 0.00000000
vt 0.28930664 0.41870117 0.00000000
vt 0.23828125 0.37719727 0.00000000
vt 0.23608398 0.39355469 0.00000000
vt 0.23852539 0.39965820 0.00000000
vt 0.24731445 0.42260742 0.00000000
vt 0.22583008 0.40234375 0.00000000
vt 0.30371094 0.41210938 0.00000000
vt 0.29418945 0.42236328 0.00000000
vt 0.28784180 0.43261719 0.00000000
vt 0.28588867 0.42968750 0.00000000
vt 0.27075195 0.43432617 0.00000000
vt 0.26611328 0.43896484 0.00000000
vt 0.27319336 0.46777344 0.00000000
vt 0.31054688 0.45898438 0.00000000
vt 0.31030273 0.46020508 0.00000000
vt 0.25952148 0.43774414 0.00000000
vt 0.25927734 0.44726562 0.00000000
vt 0.25561523 0.44433594 0.00000000
vt 0.25244141 0.44921875 0.00000000
vt 0.26635742 0.47412109 0.00000000
vt 0.26586914 0.46826172 0.00000000
vt 0.23559570 0.45849609 0.00000000
vt 0.26293945 0.47412109 0.00000000
vt 0.24902344 0.47534180 0.00000000
vt 0.24365234 0.47827148 0.00000000
vt 0.21728516 0.46533203 0.00000000
vt 0.23022461 0.45751953 0.00000000
vt 0.23022461 0.45458984 0.00000000
vt 0.23144531 0.44897461 0.00000000
vt 0.23754883 0.45239258 0.00000000
vt 0.24707031 0.44750977 0.00000000
vt 0.24877930 0.44458008 0.00000000
vt 0.21899414 0.42626953 0.00000000
vt 0.00512695 0.13281250 0.00000000
vt 0.03759766 0.14086914 0.00000000
vt 0.07666016 0.15454102 0.00000000
vt 0.14404297 0.13623047 0.00000000
vt 0.12133789 0.14892578 0.00000000
vt 0.08251953 0.16601562 0.00000000
vt 0.02392578 0.15869141 0.00000000
vt 0.06787109 0.16552734 0.00000000
vt 0.06787109 0.18115234 0.00000000
vt 0.01977539 0.16674805 0.00000000
vt 0.01391602 0.18261719 0.00000000
vt 0.00000000 0.16894531 0.00000000
vt 0.06518555 0.16870117 0.00000000
vt 0.03515625 0.16406250 0.00000000
vt 0.06494141 0.18115234 0.00000000
vt 0.05834961 0.23437500 0.00000000
vt 0.06152344 0.23461914 0.00000000
vt 0.02734375 0.20800781 0.00000000
vt 0.02978516 0.18969727 0.00000000
vt 0.02636719 0.18994141 0.00000000
vt 0.02416992 0.20971680 0.00000000
vt 0.01635742 0.22119141 0.00000000
vt 0.00366211 0.19116211 0.00000000
vt 0.08129883 0.46191406 0.00000000
vt 0.06958008 0.44799805 0.00000000
vt 0.07519531 0.44360352 0.00000000
vt 0.05761719 0.41186523 0.00000000
vt 0.00854492 0.39526367 0.00000000
vt 0.06127930 0.46191406 0.00000000
vt 0.07153320 0.47436523 0.00000000
vt 0.05175781 0.50341797 0.00000000
vt 0.00878906 0.42968750 0.00000000
vt 0.07910156 0.47827148 0.00000000
vt 0.11303711 0.47314453 0.00000000
vt 0.03198242 0.54882812 0.00000000
vt 0.00708008 0.59399414 0.00000000
vt 0.06347656 0.51977539 0.00000000
vt 0.05151367 0.53515625 0.00000000
vt 0.04272461 0.55224609 0.00000000
vt 0.03613281 0.55151367 0.00000000
vt 0.04711914 0.55786133 0.00000000
vt 0.03808594 0.55981445 0.00000000
vt 0.06127930 0.53125000 0.00000000
vt 0.06958008 0.52050781 0.00000000
vt 0.07299805 0.57592773 0.00000000
vt 0.07031250 0.52294922 0.00000000
vt 0.09301758 0.49829102 0.00000000
vt 0.10327148 0.49169922 0.00000000
vt 0.12011719 0.47949219 0.00000000
vt 0.09716797 0.50854492 0.00000000
vt 0.13281250 0.50805664 0.00000000
vt 0.14990234 0.49804688 0.00000000
vt 0.09936523 0.54687500 0.00000000
vt 0.13842773 0.51074219 0.00000000
vt 0.09448242 0.54833984 0.00000000
vt 0.09765625 0.54956055 0.00000000
vt 0.08203125 0.57617188 0.00000000
vt 0.07543945 0.57861328 0.00000000
vt 0.07446289 0.58618164 0.00000000
vt 0.68676758 0.10180664 0.00000000
vt 0.68798828 0.13696289 0.00000000
vt 0.68383789 0.09863281 0.00000000
vt 0.68676758 0.14843750 0.00000000
vt 0.71020508 0.10107422 0.00000000
vt 0.69628906 0.14453125 0.00000000
vt 0.71240234 0.09814453 0.00000000
vt 0.70605469 0.14135742 0.00000000
vt 0.71215820 0.10668945 0.00000000
vt 0.69238281 0.07641602 0.00000000
vt 0.70092773 0.08349609 0.00000000
vt 0.72827148 0.08349609 0.00000000
vt 0.71459961 0.10327148 0.00000000
vt 0.72094727 0.10302734 0.00000000
vt 0.71997070 0.10644531 0.00000000
vt 0.73120117 0.10644531 0.00000000
vt 0.72851562 0.10815430 0.00000000
vt 0.72998047 0.11499023 0.00000000
vt 0.73193359 0.11206055 0.00000000
vt 0.74877930 0.10986328 0.00000000
vt 0.73095703 0.07983398 0.00000000
vt 0.75903320 0.07568359 0.00000000
vt 0.74194336 0.11181641 0.00000000
vt 0.74438477 0.11645508 0.00000000
vt 0.74707031 0.11254883 0.00000000
vt 0.75415039 0.13818359 0.00000000
vt 0.74877930 0.13647461 0.00000000
vt 0.73095703 0.14770508 0.00000000
vt 0.74682617 0.14086914 0.00000000
vt 0.76440430 0.15283203 0.00000000
vt 0.78857422 0.16381836 0.00000000
vt 0.76440430 0.15551758 0.00000000
vt 0.73168945 0.15039062 0.00000000
vt 0.70971680 0.14697266 0.00000000
vt 0.70483398 0.15332031 0.00000000
vt 0.70532227 0.15478516 0.00000000
vt 0.70117188 0.15478516 0.00000000
vt 0.70092773 0.15698242 0.00000000
vt 0.62939453 0.13061523 0.00000000
vt 0.61718750 0.09716797 0.00000000
vt 0.62036133 0.09472656 0.00000000
vt 0.62597656 0.13037109 0.00000000
vt 0.61035156 0.09375000 0.00000000
vt 0.63012695 0.07690430 0.00000000
vt 0.61059570 0.09667969 0.00000000
vt 0.61376953 0.13671875 0.00000000
vt 0.60156250 0.10107422 0.00000000
vt 0.60156250 0.09106445 0.00000000
vt 0.59985352 0.09375000 0.00000000
vt 0.57714844 0.10327148 0.00000000
vt 0.57153320 0.17333984 0.00000000
vt 0.51196289 0.17358398 0.00000000
vt 0.57934570 0.09716797 0.00000000
vt 0.57836914 0.09570312 0.00000000
vt 0.57617188 0.09936523 0.00000000
vt 0.52612305 0.11474609 0.00000000
vt 0.54492188 0.09521484 0.00000000
vt 0.54492188 0.10156250 0.00000000
vt 0.53393555 0.10375977 0.00000000
vt 0.49584961 0.09155273 0.00000000
vt 0.53979492 0.07714844 0.00000000
vt 0.97436523 0.61132812 0.00000000
vt 0.97485352 0.61352539 0.00000000
vt 0.93774414 0.63159180 0.00000000
vt 0.94189453 0.63183594 0.00000000
vt 0.94506836 0.64086914 0.00000000
vt 0.94897461 0.64184570 0.00000000
vt 0.98437500 0.62060547 0.00000000
vt 0.94067383 0.64477539 0.00000000
vt 0.98193359 0.69360352 0.00000000
vt 0.92016602 0.65307617 0.00000000
vt 0.94799805 0.69091797 0.00000000
vt 0.91308594 0.66406250 0.00000000
vt 0.94335938 0.64575195 0.00000000
vt 0.94799805 0.67065430 0.00000000
vt 0.95483398 0.69287109 0.00000000
vt 0.98120117 0.54272461 0.00000000
vt 0.95239258 0.57958984 0.00000000
vt 0.97802734 0.54321289 0.00000000
vt 0.94458008 0.55786133 0.00000000
vt 0.93115234 0.55981445 0.00000000
vt 0.95654297 0.52075195 0.00000000
vt 0.93017578 0.55151367 0.00000000
vt 0.94238281 0.50244141 0.00000000
vt 0.92480469 0.54809570 0.00000000
vt 0.98339844 0.51855469 0.00000000
vt 0.92822266 0.54736328 0.00000000
vt 0.92675781 0.53247070 0.00000000
vt 0.94116211 0.50537109 0.00000000
vt 0.92456055 0.53393555 0.00000000
vt 0.91967773 0.52099609 0.00000000
vt 0.93164062 0.50830078 0.00000000
vt 0.91650391 0.52026367 0.00000000
vt 0.88452148 0.54321289 0.00000000
vt 0.93481445 0.46679688 0.00000000
vt 0.94580078 0.48803711 0.00000000
vt 0.94604492 0.48388672 0.00000000
vt 0.94799805 0.48657227 0.00000000
vt 0.94702148 0.48315430 0.00000000
vt 0.91064453 0.01708984 0.00000000
vt 0.92016602 0.01416016 0.00000000
vt 0.92065430 0.01611328 0.00000000
vt 0.91064453 0.01562500 0.00000000
vt 0.88623047 0.02392578 0.00000000
vt 0.88647461 0.02880859 0.00000000
vt 0.86572266 0.01416016 0.00000000
vt 0.86352539 0.81420898 0.00000000
vt 0.85351562 0.81665039 0.00000000
vt 0.86450195 0.80688477 0.00000000
vt 0.83959961 0.82348633 0.00000000
vt 0.84155273 0.82470703 0.00000000
vt 0.83325195 0.83203125 0.00000000
vt 0.85595703 0.87548828 0.00000000
vt 0.81079102 0.83276367 0.00000000
vt 0.80737305 0.84423828 0.00000000
vt 0.77539062 0.81567383 0.00000000
vt 0.79370117 0.94238281 0.00000000
vt 0.80175781 0.87548828 0.00000000
vt 0.77734375 0.82739258 0.00000000
vt 0.77514648 0.82885742 0.00000000
vt 0.76245117 0.82788086 0.00000000
vt 0.79711914 0.85546875 0.00000000
vt 0.79370117 0.87011719 0.00000000
vt 0.79296875 0.85522461 0.00000000
vt 0.75854492 0.82934570 0.00000000
vt 0.20849609 0.01171875 0.00000000
vt 0.24194336 0.03466797 0.00000000
vt 0.22802734 0.04199219 0.00000000
vt 0.24072266 0.05908203 0.00000000
vt 0.22851562 0.08520508 0.00000000
vt 0.24755859 0.04882812 0.00000000
vt 0.24829102 0.05517578 0.00000000
vt 0.24389648 0.03100586 0.00000000
vt 0.23999023 0.02319336 0.00000000
vt 0.25415039 0.05029297 0.00000000
vt 0.25122070 0.01708984 0.00000000
vt 0.29394531 0.02709961 0.00000000
vt 0.29492188 0.05029297 0.00000000
vt 0.29931641 0.05468750 0.00000000
vt 0.30151367 0.04443359 0.00000000
vt 0.93920898 0.01416016 0.00000000
vt 0.95385742 0.03491211 0.00000000
vt 0.89941406 0.03149414 0.00000000
vt 0.76367188 0.33374023 0.00000000
vt 0.75756836 0.34106445 0.00000000
vt 0.77392578 0.30224609 0.00000000
vt 0.76098633 0.32592773 0.00000000
vt 0.75878906 0.35400391 0.00000000
vt 0.75561523 0.38037109 0.00000000
vt 0.74316406 0.33691406 0.00000000
vt 0.76171875 0.29980469 0.00000000
vt 0.75097656 0.37182617 0.00000000
vt 0.71118164 0.31250000 0.00000000
vt 0.72094727 0.33105469 0.00000000
vt 0.72949219 0.34667969 0.00000000
vt 0.73242188 0.37475586 0.00000000
vt 0.73828125 0.39086914 0.00000000
vt 0.74804688 0.40942383 0.00000000
vt 0.75854492 0.42431641 0.00000000
vt 0.76513672 0.46142578 0.00000000
vt 0.76025391 0.44628906 0.00000000
vt 0.71948242 0.38867188 0.00000000
vt 0.73632812 0.43432617 0.00000000
vt 0.74511719 0.40991211 0.00000000
vt 0.74121094 0.40625000 0.00000000
vt 0.73706055 0.40893555 0.00000000
vt 0.71459961 0.43481445 0.00000000
vt 0.73608398 0.39453125 0.00000000
vt 0.72338867 0.39086914 0.00000000
vt 0.72045898 0.40454102 0.00000000
vt 0.71215820 0.40527344 0.00000000
vt 0.71484375 0.40332031 0.00000000
vt 0.71972656 0.39526367 0.00000000
vt 0.71606445 0.40234375 0.00000000
vt 0.95410156 0.35009766 0.00000000
vt 0.95263672 0.46142578 0.00000000
vt 0.93774414 0.41064453 0.00000000
vt 0.93750000 0.38720703 0.00000000
vt 0.52319336 0.04101562 0.00000000
vt 0.53784180 0.02880859 0.00000000
vt 0.54589844 0.03955078 0.00000000
vt 0.54565430 0.03540039 0.00000000
vt 0.56127930 0.02392578 0.00000000
vt 0.56347656 0.02465820 0.00000000
vt 0.58374023 0.02539062 0.00000000
vt 0.54101562 0.04248047 0.00000000
vt 0.61181641 0.04736328 0.00000000
vt 0.61962891 0.06372070 0.00000000
vt 0.61621094 0.07617188 0.00000000
vt 0.59082031 0.08715820 0.00000000
vt 0.57153320 0.07568359 0.00000000
vt 0.58959961 0.08789062 0.00000000
vt 0.56713867 0.08056641 0.00000000
vt 0.56372070 0.07812500 0.00000000
vt 0.54833984 0.07714844 0.00000000
vt 0.54370117 0.06567383 0.00000000
vt 0.53637695 0.06005859 0.00000000
vt 0.98071289 0.04956055 0.00000000
vt 0.97338867 0.06201172 0.00000000
vt 0.97998047 0.03955078 0.00000000
vt 0.98339844 0.05444336 0.00000000
vt 0.96899414 0.06982422 0.00000000
vt 0.95751953 0.06420898 0.00000000
vt 0.95727539 0.04028320 0.00000000
vt 0.95117188 0.04736328 0.00000000
vt 0.96264648 0.07080078 0.00000000
vt 0.94775391 0.05444336 0.00000000
vt 0.94653320 0.04174805 0.00000000
vt 0.95288086 0.06958008 0.00000000
vt 0.95336914 0.10571289 0.00000000
vt 0.97143555 0.10034180 0.00000000
vt 0.96020508 0.11132812 0.00000000
vt 0.94165039 0.08300781 0.00000000
vt 0.93847656 0.07617188 0.00000000
vt 0.93652344 0.05004883 0.00000000
vt 0.94165039 0.05981445 0.00000000
vt 0.93896484 0.05981445 0.00000000
vt 0.93579102 0.07373047 0.00000000
vt 0.93066406 0.04711914 0.00000000
vt 0.92993164 0.04296875 0.00000000
vt 0.91845703 0.06250000 0.00000000
vt 0.91748047 0.07421875 0.00000000
vt 0.91430664 0.05908203 0.00000000
vt 0.91479492 0.04418945 0.00000000
vt 0.91259766 0.04272461 0.00000000
vt 0.91015625 0.06005859 0.00000000
vt 0.89428711 0.04760742 0.00000000
vt 0.91235352 0.06250000 0.00000000
vt 0.89648438 0.07006836 0.00000000
vt 0.91455078 0.07226562 0.00000000
vt 0.90820312 0.07495117 0.00000000
vt 0.90747070 0.07250977 0.00000000
vt 0.99658203 0.70166016 0.00000000
vt 0.95800781 0.72875977 0.00000000
vt 0.97265625 0.71142578 0.00000000
vt 0.99707031 0.72045898 0.00000000
vt 0.96069336 0.71118164 0.00000000
vt 0.95678711 0.72387695 0.00000000
vt 0.95483398 0.71655273 0.00000000
vt 0.95068359 0.70361328 0.00000000
vt 0.94189453 0.69799805 0.00000000
vt 0.94995117 0.70483398 0.00000000
vt 0.94067383 0.70141602 0.00000000
vt 0.69897461 0.03808594 0.00000000
vt 0.69677734 0.04272461 0.00000000
vt 0.69213867 0.04443359 0.00000000
vt 0.68383789 0.06103516 0.00000000
vt 0.62646484 0.03710938 0.00000000
vt 0.68115234 0.05981445 0.00000000
vt 0.66918945 0.07373047 0.00000000
vt 0.66918945 0.12670898 0.00000000
vt 0.63452148 0.08837891 0.00000000
vt 0.64184570 0.07666016 0.00000000
vt 0.63989258 0.07299805 0.00000000
vt 0.62597656 0.07055664 0.00000000
vt 0.66162109 0.06909180 0.00000000
vt 0.66870117 0.07080078 0.00000000
vt 0.48461914 0.02539062 0.00000000
vt 0.52441406 0.01538086 0.00000000
vt 0.51293945 0.06079102 0.00000000
vt 0.48925781 0.07055664 0.00000000
vt 0.44555664 0.04663086 0.00000000
vt 0.45434570 0.00976562 0.00000000
vt 0.52319336 0.00488281 0.00000000
vt 0.53076172 0.01123047 0.00000000
vt 0.35253906 0.07788086 0.00000000
vt 0.36328125 0.14550781 0.00000000
vt 0.29345703 0.16381836 0.00000000
vt 0.76635742 0.17480469 0.00000000
vt 0.75366211 0.17944336 0.00000000
vt 0.72509766 0.16821289 0.00000000
vt 0.72412109 0.16479492 0.00000000
vt 0.67553711 0.17163086 0.00000000
vt 0.72851562 0.17236328 0.00000000
vt 0.72167969 0.17065430 0.00000000
vt 0.75024414 0.18164062 0.00000000
vt 0.72607422 0.17456055 0.00000000
vt 0.75024414 0.18725586 0.00000000
vt 0.76806641 0.18408203 0.00000000
vt 0.74316406 0.19482422 0.00000000
vt 0.70117188 0.17626953 0.00000000
vt 0.74438477 0.19873047 0.00000000
vt 0.76196289 0.19677734 0.00000000
vt 0.76538086 0.19555664 0.00000000
vt 0.76586914 0.20800781 0.00000000
vt 0.76782227 0.21850586 0.00000000
vt 0.72338867 0.19580078 0.00000000
vt 0.71362305 0.19946289 0.00000000
vt 0.75415039 0.22460938 0.00000000
vt 0.72192383 0.19970703 0.00000000
vt 0.74389648 0.22900391 0.00000000
vt 0.75415039 0.22851562 0.00000000
vt 0.77001953 0.22143555 0.00000000
vt 0.71704102 0.22436523 0.00000000
vt 0.71337891 0.20336914 0.00000000
vt 0.70532227 0.20190430 0.00000000
vt 0.70141602 0.19921875 0.00000000
vt 0.70068359 0.20776367 0.00000000
vt 0.69653320 0.20458984 0.00000000
vt 0.67187500 0.19775391 0.00000000
vt 0.63549805 0.13598633 0.00000000
vt 0.66503906 0.17333984 0.00000000
vt 0.67407227 0.17358398 0.00000000
vt 0.66381836 0.17553711 0.00000000
vt 0.64672852 0.17749023 0.00000000
vt 0.64086914 0.18530273 0.00000000
vt 0.65258789 0.19555664 0.00000000
vt 0.66333008 0.20239258 0.00000000
vt 0.64550781 0.20019531 0.00000000
vt 0.67822266 0.20288086 0.00000000
vt 0.65527344 0.21166992 0.00000000
vt 0.67822266 0.20556641 0.00000000
vt 0.69335938 0.21166992 0.00000000
vt 0.64453125 0.21313477 0.00000000
vt 0.65039062 0.20849609 0.00000000
vt 0.65747070 0.21997070 0.00000000
vt 0.66308594 0.22167969 0.00000000
vt 0.66064453 0.22851562 0.00000000
vt 0.67724609 0.22119141 0.00000000
vt 0.69189453 0.21508789 0.00000000
vt 0.67065430 0.25122070 0.00000000
vt 0.63891602 0.26123047 0.00000000
vt 0.66870117 0.26025391 0.00000000
vt 0.68457031 0.24658203 0.00000000
vt 0.67651367 0.25537109 0.00000000
vt 0.68896484 0.23754883 0.00000000
vt 0.68945312 0.25048828 0.00000000
vt 0.67358398 0.26049805 0.00000000
vt 0.70751953 0.26367188 0.00000000
vt 0.67065430 0.26342773 0.00000000
vt 0.65356445 0.28198242 0.00000000
vt 0.69726562 0.27368164 0.00000000
vt 0.69189453 0.28466797 0.00000000
vt 0.67993164 0.30126953 0.00000000
vt 0.64697266 0.28906250 0.00000000
vt 0.69799805 0.27734375 0.00000000
vt 0.71728516 0.26147461 0.00000000
vt 0.70434570 0.28906250 0.00000000
vt 0.71557617 0.25805664 0.00000000
vt 0.74291992 0.28637695 0.00000000
vt 0.73779297 0.29980469 0.00000000
vt 0.74389648 0.29028320 0.00000000
vt 0.72167969 0.24291992 0.00000000
vt 0.72045898 0.25292969 0.00000000
vt 0.73071289 0.25122070 0.00000000
vt 0.72387695 0.24267578 0.00000000
vt 0.72778320 0.23657227 0.00000000
vt 0.73022461 0.23852539 0.00000000
vt 0.73730469 0.23510742 0.00000000
vt 0.73925781 0.23876953 0.00000000
vt 0.75512695 0.24291992 0.00000000
vt 0.77392578 0.23364258 0.00000000
vt 0.75854492 0.27612305 0.00000000
vt 0.75830078 0.28027344 0.00000000
vt 0.75512695 0.29760742 0.00000000
vt 0.76416016 0.27734375 0.00000000
vt 0.76391602 0.27246094 0.00000000
vt 0.77294922 0.26147461 0.00000000
vt 0.77270508 0.27050781 0.00000000
vt 0.77221680 0.26611328 0.00000000
vt 0.13769531 0.41552734 0.00000000
vt 0.13867188 0.42968750 0.00000000
vt 0.13745117 0.42944336 0.00000000
vt 0.13940430 0.41528320 0.00000000
vt 0.13916016 0.41088867 0.00000000
vt 0.14355469 0.41113281 0.00000000
vt 0.14160156 0.40429688 0.00000000
vt 0.13989258 0.40185547 0.00000000
vt 0.14306641 0.40234375 0.00000000
vt 0.09692383 0.44702148 0.00000000
vt 0.09130859 0.39672852 0.00000000
vt 0.06762695 0.39477539 0.00000000
vt 0.05322266 0.39257812 0.00000000
vt 0.06567383 0.39282227 0.00000000
vt 0.08251953 0.38525391 0.00000000
vt 0.08300781 0.38916016 0.00000000
vt 0.09155273 0.39404297 0.00000000
vt 0.12304688 0.38769531 0.00000000
vt 0.12133789 0.38500977 0.00000000
vt 0.08813477 0.35180664 0.00000000
vt 0.12475586 0.37817383 0.00000000
vt 0.12255859 0.37597656 0.00000000
vt 0.13085938 0.36303711 0.00000000
vt 0.13085938 0.37646484 0.00000000
vt 0.13818359 0.38012695 0.00000000
vt 0.13256836 0.36621094 0.00000000
vt 0.13720703 0.36376953 0.00000000
vt 0.12597656 0.34082031 0.00000000
vt 0.14819336 0.36791992 0.00000000
vt 0.14843750 0.34130859 0.00000000
vt 0.16088867 0.36010742 0.00000000
vt 0.14208984 0.37988281 0.00000000
vt 0.15820312 0.36450195 0.00000000
vt 0.16357422 0.36987305 0.00000000
vt 0.17358398 0.35498047 0.00000000
vt 0.16137695 0.37255859 0.00000000
vt 0.18750000 0.41113281 0.00000000
vt 0.17309570 0.37158203 0.00000000
vt 0.18774414 0.35693359 0.00000000
vt 0.18896484 0.35546875 0.00000000
vt 0.19604492 0.38647461 0.00000000
vt 0.20092773 0.40527344 0.00000000
vt 0.20532227 0.39257812 0.00000000
vt 0.18969727 0.36791992 0.00000000
vt 0.19726562 0.37109375 0.00000000
vt 0.19873047 0.36767578 0.00000000
vt 0.19189453 0.36596680 0.00000000
vt 0.20532227 0.37817383 0.00000000
vt 0.21972656 0.34350586 0.00000000
vt 0.23144531 0.32324219 0.00000000
vt 0.94140625 0.94360352 0.00000000
vt 0.90112305 0.99902344 0.00000000
vt 0.90161133 0.95947266 0.00000000
vt 0.27832031 0.09472656 0.00000000
vt 0.32910156 0.02490234 0.00000000
vt 0.34594727 0.06713867 0.00000000
vt 0.61157227 0.23022461 0.00000000
vt 0.64794922 0.22802734 0.00000000
vt 0.61914062 0.27539062 0.00000000
vt 0.61840820 0.27709961 0.00000000
vt 0.63085938 0.28247070 0.00000000
vt 0.60937500 0.27270508 0.00000000
vt 0.60009766 0.27319336 0.00000000
vt 0.62524414 0.28588867 0.00000000
vt 0.61328125 0.29345703 0.00000000
vt 0.60375977 0.28710938 0.00000000
vt 0.60986328 0.22656250 0.00000000
vt 0.62231445 0.19604492 0.00000000
vt 0.57543945 0.26147461 0.00000000
vt 0.57885742 0.28393555 0.00000000
vt 0.57397461 0.28735352 0.00000000
vt 0.56323242 0.29150391 0.00000000
vt 0.59106445 0.19726562 0.00000000
vt 0.60571289 0.18481445 0.00000000
vt 0.58886719 0.19555664 0.00000000
vt 0.58789062 0.21191406 0.00000000
vt 0.58569336 0.20996094 0.00000000
vt 0.56054688 0.21142578 0.00000000
vt 0.57690430 0.17700195 0.00000000
vt 0.57153320 0.22583008 0.00000000
vt 0.60571289 0.22998047 0.00000000
vt 0.57153320 0.23217773 0.00000000
vt 0.59643555 0.23999023 0.00000000
vt 0.55468750 0.23291016 0.00000000
vt 0.56005859 0.24267578 0.00000000
vt 0.55688477 0.24902344 0.00000000
vt 0.54492188 0.24658203 0.00000000
vt 0.53613281 0.19677734 0.00000000
vt 0.54125977 0.18627930 0.00000000
vt 0.51904297 0.20947266 0.00000000
vt 0.52050781 0.20483398 0.00000000
vt 0.54492188 0.25048828 0.00000000
vt 0.53491211 0.25781250 0.00000000
vt 0.53588867 0.29028320 0.00000000
vt 0.53515625 0.25415039 0.00000000
vt 0.52758789 0.26123047 0.00000000
vt 0.50561523 0.26123047 0.00000000
vt 0.49926758 0.21630859 0.00000000
vt 0.47729492 0.22753906 0.00000000
vt 0.49707031 0.21142578 0.00000000
vt 0.50000000 0.19458008 0.00000000
vt 0.48486328 0.19726562 0.00000000
vt 0.47509766 0.21557617 0.00000000
vt 0.23461914 0.97241211 0.00000000
vt 0.17944336 0.95849609 0.00000000
vt 0.14160156 0.91918945 0.00000000
vt 0.15112305 0.90991211 0.00000000
vt 0.13525391 0.92089844 0.00000000
vt 0.13720703 0.96264648 0.00000000
vt 0.17895508 0.96069336 0.00000000
vt 0.14770508 0.97143555 0.00000000
vt 0.12133789 0.96289062 0.00000000
vt 0.12597656 0.93090820 0.00000000
vt 0.11743164 0.93286133 0.00000000
vt 0.11694336 0.91894531 0.00000000
vt 0.11474609 0.93481445 0.00000000
vt 0.08276367 0.94726562 0.00000000
vt 0.11425781 0.92016602 0.00000000
vt 0.10644531 0.90917969 0.00000000
vt 0.10473633 0.92431641 0.00000000
vt 0.85839844 0.53125000 0.00000000
vt 0.89111328 0.50976562 0.00000000
vt 0.85839844 0.54003906 0.00000000
vt 0.86181641 0.54516602 0.00000000
vt 0.89624023 0.51416016 0.00000000
vt 0.89013672 0.50341797 0.00000000
vt 0.90258789 0.49047852 0.00000000
vt 0.88647461 0.50463867 0.00000000
vt 0.89770508 0.48852539 0.00000000
vt 0.89306641 0.47412109 0.00000000
vt 0.87500000 0.48339844 0.00000000
vt 0.84497070 0.48950195 0.00000000
vt 0.83935547 0.49853516 0.00000000
vt 0.87719727 0.48022461 0.00000000
vt 0.87622070 0.46777344 0.00000000
vt 0.88574219 0.46044922 0.00000000
vt 0.86254883 0.46655273 0.00000000
vt 0.83813477 0.48559570 0.00000000
vt 0.83886719 0.49243164 0.00000000
vt 0.86279297 0.46313477 0.00000000
vt 0.87060547 0.45166016 0.00000000
vt 0.89453125 0.43701172 0.00000000
vt 0.85253906 0.45556641 0.00000000
vt 0.89062500 0.42626953 0.00000000
vt 0.86694336 0.44555664 0.00000000
vt 0.86254883 0.45043945 0.00000000
vt 0.87011719 0.41674805 0.00000000
vt 0.85815430 0.44848633 0.00000000
vt 0.84155273 0.44238281 0.00000000
vt 0.83203125 0.43847656 0.00000000
vt 0.82934570 0.41894531 0.00000000
vt 0.82910156 0.43872070 0.00000000
vt 0.83862305 0.44702148 0.00000000
vt 0.80297852 0.46752930 0.00000000
vt 0.81030273 0.43872070 0.00000000
vt 0.90014648 0.87377930 0.00000000
vt 0.92431641 0.87548828 0.00000000
vt 0.89648438 0.90063477 0.00000000
vt 0.92236328 0.88427734 0.00000000
vt 0.92724609 0.88354492 0.00000000
vt 0.92358398 0.89501953 0.00000000
vt 0.91625977 0.91455078 0.00000000
vt 0.90087891 0.95263672 0.00000000
vt 0.92578125 0.92114258 0.00000000
vt 0.92260742 0.90917969 0.00000000
vt 0.92382812 0.92163086 0.00000000
vt 0.93041992 0.88769531 0.00000000
vt 0.94628906 0.93457031 0.00000000
vt 0.94897461 0.91406250 0.00000000
vt 0.94799805 0.96582031 0.00000000
vt 0.25048828 0.20141602 0.00000000
vt 0.21313477 0.17993164 0.00000000
vt 0.24536133 0.15820312 0.00000000
vt 0.23315430 0.24023438 0.00000000
vt 0.24121094 0.24121094 0.00000000
vt 0.20263672 0.20483398 0.00000000
vt 0.20239258 0.18945312 0.00000000
vt 0.21362305 0.17578125 0.00000000
vt 0.20874023 0.16796875 0.00000000
vt 0.19653320 0.17114258 0.00000000
vt 0.19750977 0.20483398 0.00000000
vt 0.18554688 0.19409180 0.00000000
vt 0.20581055 0.21875000 0.00000000
vt 0.18432617 0.18994141 0.00000000
vt 0.14648438 0.16821289 0.00000000
vt 0.19897461 0.25122070 0.00000000
vt 0.20922852 0.22094727 0.00000000
vt 0.20190430 0.25048828 0.00000000
vt 0.21166992 0.27587891 0.00000000
vt 0.18530273 0.26220703 0.00000000
vt 0.19580078 0.27905273 0.00000000
vt 0.18627930 0.27392578 0.00000000
vt 0.18383789 0.27124023 0.00000000
vt 0.18408203 0.27392578 0.00000000
vt 0.16064453 0.26464844 0.00000000
vt 0.16772461 0.26074219 0.00000000
vt 0.16821289 0.25854492 0.00000000
vt 0.16088867 0.26196289 0.00000000
vt 0.14721680 0.25634766 0.00000000
vt 0.15136719 0.23730469 0.00000000
vt 0.14941406 0.25463867 0.00000000
vt 0.14868164 0.23828125 0.00000000
vt 0.14257812 0.23266602 0.00000000
vt 0.14624023 0.23144531 0.00000000
vt 0.09057617 0.24072266 0.00000000
vt 0.14477539 0.21728516 0.00000000
vt 0.13085938 0.21166992 0.00000000
vt 0.07958984 0.20361328 0.00000000
vt 0.13720703 0.20288086 0.00000000
vt 0.13842773 0.21142578 0.00000000
vt 0.13525391 0.20849609 0.00000000
vt 0.13427734 0.19506836 0.00000000
vt 0.12353516 0.19067383 0.00000000
vt 0.13793945 0.19238281 0.00000000
vt 0.16186523 0.17993164 0.00000000
vt 0.14477539 0.17016602 0.00000000
vt 0.13891602 0.16259766 0.00000000
vt 0.12573242 0.18872070 0.00000000
vt 0.11914062 0.17626953 0.00000000
vt 0.11572266 0.17065430 0.00000000
vt 0.10766602 0.16137695 0.00000000
vt 0.11547852 0.17578125 0.00000000
vt 0.10815430 0.16430664 0.00000000
vt 0.37548828 0.02392578 0.00000000
vt 0.38159180 0.02734375 0.00000000
vt 0.37304688 0.02636719 0.00000000
vt 0.38330078 0.02612305 0.00000000
vt 0.38818359 0.05151367 0.00000000
vt 0.39208984 0.04980469 0.00000000
vt 0.39428711 0.05029297 0.00000000
vt 0.39135742 0.05419922 0.00000000
vt 0.40454102 0.03857422 0.00000000
vt 0.38989258 0.05932617 0.00000000
vt 0.37670898 0.06787109 0.00000000
vt 0.35913086 0.04052734 0.00000000
vt 0.35034180 0.04516602 0.00000000
vt 0.35791016 0.07495117 0.00000000
vt 0.37060547 0.07690430 0.00000000
vt 0.39331055 0.06518555 0.00000000
vt 0.37866211 0.07055664 0.00000000
vt 0.37377930 0.08007812 0.00000000
vt 0.38085938 0.07250977 0.00000000
vt 0.37451172 0.08154297 0.00000000
vt 0.40649414 0.07275391 0.00000000
vt 0.38525391 0.10961914 0.00000000
vt 0.40209961 0.06054688 0.00000000
vt 0.41796875 0.07690430 0.00000000
vt 0.41723633 0.07543945 0.00000000
vt 0.40478516 0.06176758 0.00000000
vt 0.42504883 0.07299805 0.00000000
vt 0.40795898 0.04785156 0.00000000
vt 0.41503906 0.05249023 0.00000000
vt 0.45703125 0.06054688 0.00000000
vt 0.41748047 0.05102539 0.00000000
vt 0.40991211 0.03759766 0.00000000
vt 0.40600586 0.04101562 0.00000000
vt 0.93383789 0.76953125 0.00000000
vt 0.94726562 0.75170898 0.00000000
vt 0.94531250 0.77026367 0.00000000
vt 0.94653320 0.77978516 0.00000000
vt 0.94458008 0.78808594 0.00000000
vt 0.94702148 0.78759766 0.00000000
vt 0.95605469 0.78393555 0.00000000
vt 0.96655273 0.80786133 0.00000000
vt 0.96484375 0.78637695 0.00000000
vt 0.95751953 0.78295898 0.00000000
vt 0.96582031 0.74267578 0.00000000
vt 0.96777344 0.78515625 0.00000000
vt 0.98071289 0.81005859 0.00000000
vt 0.99194336 0.81909180 0.00000000
vt 1.00000000 0.75781250 0.00000000
vt 0.98413086 0.73632812 0.00000000
vt 0.44555664 0.28247070 0.00000000
vt 0.44677734 0.23730469 0.00000000
vt 0.44799805 0.29638672 0.00000000
vt 0.44384766 0.22558594 0.00000000
vt 0.46020508 0.19091797 0.00000000
vt 0.46142578 0.19506836 0.00000000
vt 0.46533203 0.19213867 0.00000000
vt 0.46533203 0.19116211 0.00000000
vt 0.49414062 0.17333984 0.00000000
vt 0.50732422 0.13671875 0.00000000
vt 0.48413086 0.15844727 0.00000000
vt 0.47021484 0.16845703 0.00000000
vt 0.44116211 0.17724609 0.00000000
vt 0.42993164 0.20605469 0.00000000
vt 0.45263672 0.14135742 0.00000000
vt 0.41552734 0.19311523 0.00000000
vt 0.42260742 0.14697266 0.00000000
vt 0.40600586 0.18554688 0.00000000
vt 0.41430664 0.15185547 0.00000000
vt 0.41577148 0.14624023 0.00000000
vt 0.38696289 0.16137695 0.00000000
vt 0.40258789 0.14868164 0.00000000
vt 0.39819336 0.13574219 0.00000000
vt 0.38232422 0.15307617 0.00000000
vt 0.37963867 0.15380859 0.00000000
vt 0.38623047 0.13891602 0.00000000
vt 0.47607422 0.11450195 0.00000000
vt 0.48999023 0.08911133 0.00000000
vt 0.49462891 0.11132812 0.00000000
vt 0.48291016 0.11743164 0.00000000
vt 0.46997070 0.11865234 0.00000000
vt 0.48706055 0.12255859 0.00000000
vt 0.49218750 0.12622070 0.00000000
vt 0.41748047 0.11425781 0.00000000
vt 0.46142578 0.11352539 0.00000000
vt 0.43115234 0.11328125 0.00000000
vt 0.47534180 0.09545898 0.00000000
vt 0.48364258 0.08422852 0.00000000
vt 0.49194336 0.08642578 0.00000000
vt 0.47729492 0.07885742 0.00000000
vt 0.45751953 0.08129883 0.00000000
vt 0.45507812 0.07885742 0.00000000
vt 0.44726562 0.07958984 0.00000000
vt 0.45898438 0.11035156 0.00000000
vt 0.44873047 0.08886719 0.00000000
vt 0.43237305 0.08691406 0.00000000
vt 0.43725586 0.08325195 0.00000000
vt 0.44458008 0.10888672 0.00000000
vt 0.43359375 0.11230469 0.00000000
vt 0.41333008 0.08203125 0.00000000
vt 0.41308594 0.08764648 0.00000000
vt 0.40185547 0.10156250 0.00000000
vt 0.43017578 0.10815430 0.00000000
vt 0.40942383 0.09838867 0.00000000
vt 0.42602539 0.11010742 0.00000000
vt 0.40649414 0.11303711 0.00000000
vt 0.36767578 0.12158203 0.00000000
vt 0.37939453 0.11791992 0.00000000
vt 0.51025391 0.92529297 0.00000000
vt 0.50292969 0.91479492 0.00000000
vt 0.50488281 0.91528320 0.00000000
vt 0.51245117 0.90747070 0.00000000
vt 0.52099609 0.92651367 0.00000000
vt 0.47436523 0.87255859 0.00000000
vt 0.47363281 0.92358398 0.00000000
vt 0.46704102 0.91015625 0.00000000
vt 0.50781250 0.86816406 0.00000000
vt 0.50976562 0.86621094 0.00000000
vt 0.51000977 0.82592773 0.00000000
vt 0.51684570 0.83740234 0.00000000
vt 0.51562500 0.80444336 0.00000000
vt 0.50097656 0.86352539 0.00000000
vt 0.50390625 0.83276367 0.00000000
vt 0.49487305 0.82885742 0.00000000
vt 0.48095703 0.77246094 0.00000000
vt 0.49877930 0.83251953 0.00000000
vt 0.48510742 0.83520508 0.00000000
vt 0.47363281 0.83300781 0.00000000
vt 0.47534180 0.83642578 0.00000000
vt 0.47265625 0.85546875 0.00000000
vt 0.41772461 0.83081055 0.00000000
vt 0.47167969 0.87109375 0.00000000
vt 0.46069336 0.88183594 0.00000000
vt 0.45654297 0.89868164 0.00000000
vt 0.45898438 0.87988281 0.00000000
vt 0.41845703 0.86596680 0.00000000
vt 0.43408203 0.90112305 0.00000000
vt 0.41650391 0.83398438 0.00000000
vt 0.41625977 0.86425781 0.00000000
vt 0.39819336 0.87939453 0.00000000
vt 0.38159180 0.88818359 0.00000000
vt 0.39941406 0.86816406 0.00000000
vt 0.37719727 0.84765625 0.00000000
vt 0.40063477 0.87011719 0.00000000
vt 0.38012695 0.87866211 0.00000000
vt 0.39697266 0.87866211 0.00000000
vt 0.38159180 0.88061523 0.00000000
vt 0.37915039 0.88671875 0.00000000
vt 0.36694336 0.88842773 0.00000000
vt 0.75634766 0.76391602 0.00000000
vt 0.73828125 0.71679688 0.00000000
vt 0.76123047 0.71557617 0.00000000
vt 0.72509766 0.75195312 0.00000000
vt 0.76513672 0.78198242 0.00000000
vt 0.77392578 0.78784180 0.00000000
vt 0.75659180 0.77148438 0.00000000
vt 0.76342773 0.78222656 0.00000000
vt 0.73266602 0.76098633 0.00000000
vt 0.71484375 0.74780273 0.00000000
vt 0.71411133 0.71435547 0.00000000
vt 0.71582031 0.75146484 0.00000000
vt 0.71044922 0.76147461 0.00000000
vt 0.68432617 0.75927734 0.00000000
vt 0.68164062 0.75415039 0.00000000
vt 0.71435547 0.77050781 0.00000000
vt 0.69287109 0.79101562 0.00000000
vt 0.68115234 0.77783203 0.00000000
vt 0.72290039 0.77319336 0.00000000
vt 0.72021484 0.77514648 0.00000000
vt 0.71972656 0.79174805 0.00000000
vt 0.72412109 0.79028320 0.00000000
vt 0.71997070 0.81201172 0.00000000
vt 0.73168945 0.80957031 0.00000000
vt 0.71630859 0.81616211 0.00000000
vt 0.70263672 0.80712891 0.00000000
vt 0.69067383 0.79223633 0.00000000
vt 0.67651367 0.78759766 0.00000000
vt 0.69946289 0.80688477 0.00000000
vt 0.68408203 0.80102539 0.00000000
vt 0.67504883 0.78955078 0.00000000
vt 0.68164062 0.80639648 0.00000000
vt 0.68896484 0.80908203 0.00000000
vt 0.69702148 0.82373047 0.00000000
vt 0.68969727 0.82958984 0.00000000
vt 0.68701172 0.83154297 0.00000000
vt 0.69384766 0.83349609 0.00000000
vt 0.70043945 0.82250977 0.00000000
vt 0.70507812 0.82788086 0.00000000
vt 0.69140625 0.85009766 0.00000000
vt 0.65942383 0.83984375 0.00000000
vt 0.64746094 0.81689453 0.00000000
vt 0.65380859 0.86157227 0.00000000
vt 0.63549805 0.86718750 0.00000000
vt 0.66821289 0.86181641 0.00000000
vt 0.68041992 0.86621094 0.00000000
vt 0.68554688 0.86181641 0.00000000
vt 0.69360352 0.85205078 0.00000000
vt 0.70898438 0.85571289 0.00000000
vt 0.70019531 0.87548828 0.00000000
vt 0.71069336 0.84765625 0.00000000
vt 0.71630859 0.86547852 0.00000000
vt 0.70849609 0.82739258 0.00000000
vt 0.73583984 0.83374023 0.00000000
vt 0.73315430 0.86254883 0.00000000
vt 0.74365234 0.85815430 0.00000000
vt 0.73217773 0.82153320 0.00000000
vt 0.74365234 0.83300781 0.00000000
vt 0.73437500 0.81909180 0.00000000
vt 0.74023438 0.82006836 0.00000000
vt 0.73754883 0.82324219 0.00000000
vt 0.76586914 0.81201172 0.00000000
vt 0.73999023 0.83032227 0.00000000
vt 0.74658203 0.83129883 0.00000000
vt 0.74658203 0.85522461 0.00000000
vt 0.77270508 0.86425781 0.00000000
vt 0.75146484 0.86425781 0.00000000
vt 0.54980469 0.00512695 0.00000000
vt 0.54980469 0.00146484 0.00000000
vt 0.56347656 0.00122070 0.00000000
vt 0.56347656 0.00488281 0.00000000
vt 0.54492188 0.00317383 0.00000000
vt 0.53686523 0.00659180 0.00000000
vt 0.53271484 0.00097656 0.00000000
vt 0.53222656 0.00268555 0.00000000
vt 0.52172852 0.28588867 0.00000000
vt 0.49829102 0.34350586 0.00000000
vt 0.50708008 0.28930664 0.00000000
vt 0.48120117 0.28149414 0.00000000
vt 0.45385742 0.29736328 0.00000000
vt 0.45214844 0.32397461 0.00000000
vt 0.44775391 0.32177734 0.00000000
vt 0.52832031 0.33862305 0.00000000
vt 0.54736328 0.31127930 0.00000000
vt 0.55151367 0.31494141 0.00000000
vt 0.58178711 0.29101562 0.00000000
vt 0.55004883 0.32348633 0.00000000
vt 0.55322266 0.32153320 0.00000000
vt 0.54443359 0.33984375 0.00000000
vt 0.54101562 0.35156250 0.00000000
vt 0.52514648 0.34179688 0.00000000
vt 0.52832031 0.34936523 0.00000000
vt 0.54003906 0.35473633 0.00000000
vt 0.50854492 0.34667969 0.00000000
vt 0.50341797 0.34741211 0.00000000
vt 0.50561523 0.37255859 0.00000000
vt 0.50976562 0.36987305 0.00000000
vt 0.52172852 0.37695312 0.00000000
vt 0.55322266 0.37060547 0.00000000
vt 0.51977539 0.40380859 0.00000000
vt 0.52001953 0.41210938 0.00000000
vt 0.53051758 0.42749023 0.00000000
vt 0.51391602 0.46533203 0.00000000
vt 0.94165039 0.29296875 0.00000000
vt 0.97827148 0.29296875 0.00000000
vt 0.95581055 0.32788086 0.00000000
vt 0.32958984 0.81103516 0.00000000
vt 0.34985352 0.85742188 0.00000000
vt 0.32006836 0.84252930 0.00000000
vt 0.29223633 0.82885742 0.00000000
vt 0.28979492 0.79345703 0.00000000
vt 0.27465820 0.82202148 0.00000000
vt 0.30712891 0.83740234 0.00000000
vt 0.31982422 0.84399414 0.00000000
vt 0.30664062 0.84082031 0.00000000
vt 0.29638672 0.83715820 0.00000000
vt 0.29565430 0.83886719 0.00000000
vt 0.27954102 0.82910156 0.00000000
vt 0.29077148 0.83105469 0.00000000
vt 0.27783203 0.83007812 0.00000000
vt 0.28173828 0.84692383 0.00000000
vt 0.26635742 0.81420898 0.00000000
vt 0.25195312 0.84228516 0.00000000
vt 0.21508789 0.85278320 0.00000000
vt 0.19091797 0.81616211 0.00000000
vt 0.54516602 0.91723633 0.00000000
vt 0.53930664 0.89526367 0.00000000
vt 0.56152344 0.90576172 0.00000000
vt 0.55444336 0.89672852 0.00000000
vt 0.54492188 0.89257812 0.00000000
vt 0.55639648 0.89233398 0.00000000
vt 0.56347656 0.89916992 0.00000000
vt 0.54516602 0.88574219 0.00000000
vt 0.57031250 0.89184570 0.00000000
vt 0.57104492 0.89624023 0.00000000
vt 0.58129883 0.88891602 0.00000000
vt 0.57153320 0.89697266 0.00000000
vt 0.55786133 0.93334961 0.00000000
vt 0.58691406 0.90039062 0.00000000
vt 0.55419922 0.91918945 0.00000000
vt 0.55249023 0.91992188 0.00000000
vt 0.54711914 0.91992188 0.00000000
vt 0.55517578 0.93261719 0.00000000
vt 0.54907227 0.93408203 0.00000000
vt 0.54785156 0.94482422 0.00000000
vt 0.54956055 0.94311523 0.00000000
vt 0.55590820 0.93383789 0.00000000
vt 0.55883789 0.94970703 0.00000000
vt 0.56127930 0.93579102 0.00000000
vt 0.56884766 0.95141602 0.00000000
vt 0.58056641 0.93750000 0.00000000
vt 0.58398438 0.95410156 0.00000000
vt 0.58178711 0.93554688 0.00000000
vt 0.59985352 0.94775391 0.00000000
vt 0.60009766 0.94897461 0.00000000
vt 0.60449219 0.95214844 0.00000000
vt 0.60913086 0.95532227 0.00000000
vt 0.60595703 0.94531250 0.00000000
vt 0.61279297 0.95361328 0.00000000
vt 0.65551758 0.94580078 0.00000000
vt 0.59204102 0.90917969 0.00000000
vt 0.63012695 0.94140625 0.00000000
vt 0.60009766 0.93090820 0.00000000
vt 0.61132812 0.92919922 0.00000000
vt 0.60595703 0.90722656 0.00000000
vt 0.59277344 0.90747070 0.00000000
vt 0.58837891 0.89843750 0.00000000
vt 0.59667969 0.84399414 0.00000000
vt 0.60498047 0.90600586 0.00000000
vt 0.60913086 0.89965820 0.00000000
vt 0.61669922 0.89697266 0.00000000
vt 0.61083984 0.90014648 0.00000000
vt 0.62255859 0.90039062 0.00000000
vt 0.62817383 0.89770508 0.00000000
vt 0.65136719 0.88818359 0.00000000
vt 0.61987305 0.93359375 0.00000000
vt 0.62866211 0.90942383 0.00000000
vt 0.63037109 0.90844727 0.00000000
vt 0.62622070 0.92993164 0.00000000
vt 0.63769531 0.91528320 0.00000000
vt 0.64135742 0.91430664 0.00000000
vt 0.64233398 0.93090820 0.00000000
vt 0.64282227 0.93750000 0.00000000
vt 0.69409180 0.95800781 0.00000000
vt 0.67089844 0.90014648 0.00000000
vt 0.65649414 0.89013672 0.00000000
vt 0.66162109 0.88720703 0.00000000
vt 0.97705078 0.84643555 0.00000000
vt 0.97436523 0.86010742 0.00000000
vt 0.96044922 0.81103516 0.00000000
vt 0.98144531 0.84936523 0.00000000
vt 0.99731445 0.84326172 0.00000000
vt 0.98315430 0.86865234 0.00000000
vt 0.98730469 0.86572266 0.00000000
vt 0.98120117 0.87133789 0.00000000
vt 0.96020508 0.88500977 0.00000000
vt 0.08300781 0.97534180 0.00000000
vt 0.08496094 0.96899414 0.00000000
vt 0.12255859 0.99023438 0.00000000
vt 0.07617188 0.97290039 0.00000000
vt 0.07373047 0.96630859 0.00000000
vt 0.05541992 0.98364258 0.00000000
vt 0.05859375 0.93432617 0.00000000
vt 0.04345703 0.97900391 0.00000000
vt 0.04614258 0.98315430 0.00000000
vt 0.03686523 0.98486328 0.00000000
vt 0.03417969 0.98046875 0.00000000
vt 0.06665039 0.92626953 0.00000000
vt 0.02319336 0.94311523 0.00000000
vt 0.01342773 0.95092773 0.00000000
vt 0.06396484 0.92578125 0.00000000
vt 0.06152344 0.91894531 0.00000000
vt 0.06494141 0.91845703 0.00000000
vt 0.05810547 0.92993164 0.00000000
vt 0.05297852 0.92993164 0.00000000
vt 0.02246094 0.94018555 0.00000000
vt 0.00878906 0.94140625 0.00000000
vt 0.05175781 0.92700195 0.00000000
vt 0.02343750 0.91723633 0.00000000
vt 0.06469727 0.90307617 0.00000000
vt 0.01831055 0.89233398 0.00000000
vt 0.79150391 0.40185547 0.00000000
vt 0.76635742 0.43212891 0.00000000
vt 0.79174805 0.39965820 0.00000000
vt 0.79614258 0.40576172 0.00000000
vt 0.80908203 0.40063477 0.00000000
vt 0.79980469 0.39062500 0.00000000
vt 0.76855469 0.41357422 0.00000000
vt 0.79541016 0.38403320 0.00000000
vt 0.82543945 0.40185547 0.00000000
vt 0.81689453 0.40380859 0.00000000
vt 0.85815430 0.36206055 0.00000000
vt 0.82153320 0.36962891 0.00000000
vt 0.79296875 0.37866211 0.00000000
vt 0.85058594 0.39550781 0.00000000
vt 0.85424805 0.35400391 0.00000000
vt 0.83251953 0.40454102 0.00000000
vt 0.83276367 0.40698242 0.00000000
vt 0.84936523 0.39868164 0.00000000
vt 0.85888672 0.40234375 0.00000000
vt 0.86743164 0.41259766 0.00000000
vt 0.83544922 0.35156250 0.00000000
vt 0.85083008 0.34863281 0.00000000
vt 0.83618164 0.34838867 0.00000000
vt 0.82055664 0.33862305 0.00000000
vt 0.76757812 0.34252930 0.00000000
vt 0.86328125 0.33227539 0.00000000
vt 0.78564453 0.32031250 0.00000000
vt 0.80834961 0.30151367 0.00000000
vt 0.35351562 0.72241211 0.00000000
vt 0.33789062 0.68994141 0.00000000
vt 0.38012695 0.72387695 0.00000000
vt 0.31909180 0.72387695 0.00000000
vt 0.32324219 0.69897461 0.00000000
vt 0.36767578 0.69921875 0.00000000
vt 0.34497070 0.68090820 0.00000000
vt 0.34619141 0.67675781 0.00000000
vt 0.36425781 0.69555664 0.00000000
vt 0.33520508 0.68530273 0.00000000
vt 0.33471680 0.67187500 0.00000000
vt 0.37011719 0.62866211 0.00000000
vt 0.30664062 0.68872070 0.00000000
vt 0.31347656 0.65087891 0.00000000
vt 0.35546875 0.61840820 0.00000000
vt 0.32250977 0.69311523 0.00000000
vt 0.32739258 0.69384766 0.00000000
vt 0.30590820 0.69409180 0.00000000
vt 0.28881836 0.68725586 0.00000000
vt 0.29077148 0.69335938 0.00000000
vt 0.28662109 0.69775391 0.00000000
vt 0.28588867 0.72192383 0.00000000
vt 0.28491211 0.69531250 0.00000000
vt 0.27270508 0.71337891 0.00000000
vt 0.27050781 0.70751953 0.00000000
vt 0.25976562 0.69311523 0.00000000
vt 0.26196289 0.69091797 0.00000000
vt 0.26440430 0.68041992 0.00000000
vt 0.23925781 0.70214844 0.00000000
vt 0.26879883 0.70971680 0.00000000
vt 0.23925781 0.70458984 0.00000000
vt 0.24194336 0.68481445 0.00000000
vt 0.26049805 0.68457031 0.00000000
vt 0.25219727 0.68579102 0.00000000
vt 0.24975586 0.68286133 0.00000000
vt 0.25366211 0.64990234 0.00000000
vt 0.25024414 0.64941406 0.00000000
vt 0.26708984 0.64331055 0.00000000
vt 0.25610352 0.64550781 0.00000000
vt 0.24877930 0.64477539 0.00000000
vt 0.26831055 0.63720703 0.00000000
vt 0.28637695 0.66381836 0.00000000
vt 0.28076172 0.63500977 0.00000000
vt 0.24560547 0.64721680 0.00000000
vt 0.21655273 0.72021484 0.00000000
vt 0.25073242 0.62524414 0.00000000
vt 0.24487305 0.58764648 0.00000000
vt 0.26074219 0.60473633 0.00000000
vt 0.28247070 0.62646484 0.00000000
vt 0.28808594 0.62548828 0.00000000
vt 0.29516602 0.61840820 0.00000000
vt 0.31005859 0.62377930 0.00000000
vt 0.32153320 0.61914062 0.00000000
vt 0.35498047 0.61157227 0.00000000
vt 0.31323242 0.61669922 0.00000000
vt 0.32958984 0.61157227 0.00000000
vt 0.34155273 0.60107422 0.00000000
vt 0.36157227 0.60791016 0.00000000
vt 0.31396484 0.58447266 0.00000000
vt 0.35034180 0.59912109 0.00000000
vt 0.34399414 0.59765625 0.00000000
vt 0.35498047 0.59326172 0.00000000
vt 0.34350586 0.58886719 0.00000000
vt 0.34057617 0.58666992 0.00000000
vt 0.35009766 0.57812500 0.00000000
vt 0.32397461 0.57446289 0.00000000
vt 0.36303711 0.56274414 0.00000000
vt 0.28784180 0.58642578 0.00000000
vt 0.27612305 0.57666016 0.00000000
vt 0.26049805 0.58666992 0.00000000
vt 0.24584961 0.58593750 0.00000000
vt 0.24536133 0.57519531 0.00000000
vt 0.24291992 0.57275391 0.00000000
vt 0.24926758 0.56787109 0.00000000
vt 0.29272461 0.46899414 0.00000000
vt 0.82885742 0.48828125 0.00000000
vt 0.82446289 0.50341797 0.00000000
vt 0.81738281 0.48291016 0.00000000
vt 0.80541992 0.50146484 0.00000000
vt 0.80541992 0.52758789 0.00000000
vt 0.79589844 0.50073242 0.00000000
vt 0.80053711 0.49755859 0.00000000
vt 0.80224609 0.50439453 0.00000000
vt 0.78027344 0.53491211 0.00000000
vt 0.75976562 0.48950195 0.00000000
vt 0.80151367 0.52758789 0.00000000
vt 0.80468750 0.55029297 0.00000000
vt 0.81445312 0.55297852 0.00000000
vt 0.79882812 0.55151367 0.00000000
vt 0.81030273 0.55810547 0.00000000
vt 0.81542969 0.57031250 0.00000000
vt 0.82373047 0.57397461 0.00000000
vt 0.81298828 0.58471680 0.00000000
vt 0.75805664 0.51171875 0.00000000
vt 0.75195312 0.51269531 0.00000000
vt 0.77490234 0.53442383 0.00000000
vt 0.78955078 0.57543945 0.00000000
vt 0.79882812 0.59667969 0.00000000
vt 0.78002930 0.56127930 0.00000000
vt 0.77758789 0.56689453 0.00000000
vt 0.76000977 0.53710938 0.00000000
vt 0.79956055 0.62573242 0.00000000
vt 0.82592773 0.63549805 0.00000000
vt 0.82397461 0.58813477 0.00000000
vt 0.79711914 0.62939453 0.00000000
vt 0.82714844 0.63989258 0.00000000
vt 0.82226562 0.64038086 0.00000000
vt 0.78344727 0.63525391 0.00000000
vt 0.76928711 0.63598633 0.00000000
vt 0.71752930 0.64306641 0.00000000
vt 0.79492188 0.60083008 0.00000000
vt 0.79492188 0.59594727 0.00000000
vt 0.79174805 0.59643555 0.00000000
vt 0.78442383 0.59912109 0.00000000
vt 0.78027344 0.62939453 0.00000000
vt 0.77734375 0.57543945 0.00000000
vt 0.77685547 0.61254883 0.00000000
vt 0.77954102 0.59741211 0.00000000
vt 0.77172852 0.63110352 0.00000000
vt 0.77172852 0.60815430 0.00000000
vt 0.76513672 0.57739258 0.00000000
vt 0.76513672 0.63085938 0.00000000
vt 0.72216797 0.63720703 0.00000000
vt 0.71704102 0.60620117 0.00000000
vt 0.71826172 0.63769531 0.00000000
vt 0.71557617 0.63818359 0.00000000
vt 0.70874023 0.58886719 0.00000000
vt 0.71752930 0.55981445 0.00000000
vt 0.71289062 0.56201172 0.00000000
vt 0.70410156 0.54931641 0.00000000
vt 0.69970703 0.51684570 0.00000000
vt 0.69677734 0.52636719 0.00000000
vt 0.73193359 0.51928711 0.00000000
vt 0.75219727 0.54394531 0.00000000
vt 0.74609375 0.52880859 0.00000000
vt 0.76489258 0.54296875 0.00000000
vt 0.73828125 0.51757812 0.00000000
vt 0.73095703 0.50708008 0.00000000
vt 0.76879883 0.54077148 0.00000000
vt 0.76831055 0.56860352 0.00000000
vt 0.74829102 0.07226562 0.00000000
vt 0.70776367 0.05346680 0.00000000
vt 0.77880859 0.02441406 0.00000000
vt 0.69848633 0.01098633 0.00000000
vt 0.77832031 0.01342773 0.00000000
vt 0.00268555 0.03784180 0.00000000
vt 0.02636719 0.03588867 0.00000000
vt 0.01708984 0.06567383 0.00000000
vt 0.02368164 0.06250000 0.00000000
vt 0.00952148 0.01708984 0.00000000
vt 0.03027344 0.04663086 0.00000000
vt 0.03027344 0.00341797 0.00000000
vt 0.00415039 0.01293945 0.00000000
vt 0.03857422 0.05541992 0.00000000
vt 0.04248047 0.05664062 0.00000000
vt 0.03710938 0.04638672 0.00000000
vt 0.03833008 0.04296875 0.00000000
vt 0.05664062 0.01831055 0.00000000
vt 0.03808594 0.01831055 0.00000000
vt 0.02978516 0.03564453 0.00000000
vt 0.03247070 0.02368164 0.00000000
vt 0.03393555 0.01757812 0.00000000
vt 0.04809570 0.00000000 0.00000000
vt 0.10327148 0.05444336 0.00000000
vt 0.11938477 0.03149414 0.00000000
vt 0.12451172 0.03979492 0.00000000
vt 0.12670898 0.03857422 0.00000000
vt 0.12084961 0.02221680 0.00000000
vt 0.16284180 0.05419922 0.00000000
vt 0.11962891 0.02246094 0.00000000
vt 0.11572266 0.01000977 0.00000000
vt 0.07006836 0.24951172 0.00000000
vt 0.06982422 0.24682617 0.00000000
vt 0.08276367 0.24072266 0.00000000
vt 0.08276367 0.24340820 0.00000000
vt 0.09399414 0.25048828 0.00000000
vt 0.13134766 0.77685547 0.00000000
vt 0.11791992 0.77026367 0.00000000
vt 0.14843750 0.76440430 0.00000000
vt 0.19775391 0.79638672 0.00000000
vt 0.19775391 0.79882812 0.00000000
vt 0.16503906 0.79492188 0.00000000
vt 0.22900391 0.80859375 0.00000000
vt 0.20166016 0.78881836 0.00000000
vt 0.22412109 0.80273438 0.00000000
vt 0.23950195 0.77709961 0.00000000
vt 0.24829102 0.79736328 0.00000000
vt 0.20336914 0.76269531 0.00000000
vt 0.23486328 0.77978516 0.00000000
vt 0.24536133 0.74829102 0.00000000
vt 0.18041992 0.73657227 0.00000000
vt 0.20263672 0.72338867 0.00000000
vt 0.18212891 0.72583008 0.00000000
vt 0.16381836 0.72729492 0.00000000
vt 0.14404297 0.72631836 0.00000000
vt 0.24902344 0.74780273 0.00000000
vt 0.25488281 0.75170898 0.00000000
vt 0.25634766 0.74536133 0.00000000
vt 0.24316406 0.77832031 0.00000000
vt 0.27783203 0.73925781 0.00000000
vt 0.30200195 0.72753906 0.00000000
vt 0.29858398 0.73803711 0.00000000
vt 0.31420898 0.72631836 0.00000000
vt 0.32641602 0.78906250 0.00000000
vt 0.26757812 0.78784180 0.00000000
vt 0.25390625 0.79077148 0.00000000
vt 0.25463867 0.79614258 0.00000000
vt 0.26660156 0.80200195 0.00000000
vt 0.15234375 0.90136719 0.00000000
vt 0.14990234 0.90136719 0.00000000
vt 0.15136719 0.88330078 0.00000000
vt 0.14526367 0.88085938 0.00000000
vt 0.08569336 0.90454102 0.00000000
vt 0.14233398 0.86962891 0.00000000
vt 0.16284180 0.86328125 0.00000000
vt 0.12524414 0.86401367 0.00000000
vt 0.12597656 0.84497070 0.00000000
vt 0.12866211 0.86279297 0.00000000
vt 0.11914062 0.84179688 0.00000000
vt 0.07080078 0.89843750 0.00000000
vt 0.12329102 0.84545898 0.00000000
vt 0.12280273 0.84106445 0.00000000
vt 0.12475586 0.82739258 0.00000000
vt 0.04150391 0.88623047 0.00000000
vt 0.12475586 0.80615234 0.00000000
vt 0.15649414 0.81274414 0.00000000
vt 0.10302734 0.79711914 0.00000000
vt 0.11596680 0.81103516 0.00000000
vt 0.11962891 0.82104492 0.00000000
vt 0.12133789 0.82714844 0.00000000
vt 0.11376953 0.81445312 0.00000000
vt 0.10668945 0.80883789 0.00000000
vt 0.10424805 0.81030273 0.00000000
vt 0.10229492 0.79882812 0.00000000
vt 0.08544922 0.79785156 0.00000000
vt 0.07128906 0.79418945 0.00000000
vt 0.08422852 0.81372070 0.00000000
vt 0.06811523 0.79614258 0.00000000
vt 0.06982422 0.78955078 0.00000000
vt 0.09082031 0.77905273 0.00000000
vt 0.03955078 0.78637695 0.00000000
vt 0.03369141 0.77368164 0.00000000
vt 0.02148438 0.77539062 0.00000000
vt 0.02172852 0.77270508 0.00000000
vt 0.01586914 0.78784180 0.00000000
vt 0.02685547 0.79052734 0.00000000
vt 0.03808594 0.80200195 0.00000000
vt 0.05981445 0.79931641 0.00000000
vt 0.05639648 0.81274414 0.00000000
vt 0.02441406 0.80029297 0.00000000
vt 0.00000000 0.84277344 0.00000000
vt 0.03540039 0.83007812 0.00000000
vt 0.02465820 0.80688477 0.00000000
vt 0.01977539 0.82861328 0.00000000
vt 0.03198242 0.83300781 0.00000000
vt 0.03222656 0.84252930 0.00000000
vt 0.02368164 0.85937500 0.00000000
vt 0.02539062 0.88623047 0.00000000
vt 0.03930664 0.88818359 0.00000000
vt 0.02709961 0.86889648 0.00000000
vt 0.87524414 0.54150391 0.00000000
vt 0.88745117 0.55786133 0.00000000
vt 0.87060547 0.57958984 0.00000000
vt 0.92138672 0.56298828 0.00000000
vt 0.91064453 0.58300781 0.00000000
vt 0.89892578 0.57495117 0.00000000
vt 0.90332031 0.58740234 0.00000000
vt 0.91845703 0.59912109 0.00000000
vt 0.89355469 0.57861328 0.00000000
vt 0.89672852 0.58203125 0.00000000
vt 0.90429688 0.59252930 0.00000000
vt 0.91210938 0.61181641 0.00000000
vt 0.87475586 0.58276367 0.00000000
vt 0.87719727 0.59570312 0.00000000
vt 0.87304688 0.59155273 0.00000000
vt 0.86718750 0.59448242 0.00000000
vt 0.84619141 0.56689453 0.00000000
vt 0.87011719 0.59692383 0.00000000
vt 0.90625000 0.62280273 0.00000000
vt 0.86938477 0.60473633 0.00000000
vt 0.86450195 0.60278320 0.00000000
vt 0.85180664 0.59619141 0.00000000
vt 0.86767578 0.61254883 0.00000000
vt 0.86499023 0.60961914 0.00000000
vt 0.86157227 0.61108398 0.00000000
vt 0.86230469 0.61376953 0.00000000
vt 0.86547852 0.64355469 0.00000000
vt 0.90429688 0.63623047 0.00000000
vt 0.86669922 0.64868164 0.00000000
vt 0.90869141 0.63720703 0.00000000
vt 0.89526367 0.64404297 0.00000000
vt 0.84985352 0.66015625 0.00000000
vt 0.92236328 0.63916016 0.00000000
vt 0.91748047 0.62304688 0.00000000
vt 0.91284180 0.61914062 0.00000000
vt 0.06567383 0.01293945 0.00000000
vt 0.07202148 0.06445312 0.00000000
vt 0.04541016 0.07031250 0.00000000
vt 0.86987305 0.02343750 0.00000000
vt 0.88208008 0.04052734 0.00000000
vt 0.86962891 0.02978516 0.00000000
vt 0.85522461 0.01782227 0.00000000
vt 0.82690430 0.02001953 0.00000000
vt 0.82714844 0.02783203 0.00000000
vt 0.82397461 0.02319336 0.00000000
vt 0.80908203 0.01684570 0.00000000
vt 0.81054688 0.02001953 0.00000000
vt 0.79785156 0.05493164 0.00000000
vt 0.81445312 0.02368164 0.00000000
vt 0.83081055 0.05102539 0.00000000
vt 0.86816406 0.06152344 0.00000000
vt 0.81689453 0.06323242 0.00000000
vt 0.81201172 0.06738281 0.00000000
vt 0.81860352 0.07128906 0.00000000
vt 0.14282227 0.60009766 0.00000000
vt 0.19799805 0.71826172 0.00000000
vt 0.11254883 0.65771484 0.00000000
vt 0.12182617 0.61914062 0.00000000
vt 0.10888672 0.71728516 0.00000000
vt 0.11328125 0.63256836 0.00000000
vt 0.12133789 0.60864258 0.00000000
vt 0.09643555 0.61572266 0.00000000
vt 0.10571289 0.64794922 0.00000000
vt 0.09838867 0.64746094 0.00000000
vt 0.10205078 0.62963867 0.00000000
vt 0.09179688 0.62768555 0.00000000
vt 0.09423828 0.61401367 0.00000000
vt 0.10107422 0.60009766 0.00000000
vt 0.08691406 0.63037109 0.00000000
vt 0.09423828 0.64526367 0.00000000
vt 0.07788086 0.64721680 0.00000000
vt 0.09863281 0.64916992 0.00000000
vt 0.10253906 0.66748047 0.00000000
vt 0.08642578 0.65209961 0.00000000
vt 0.09741211 0.69140625 0.00000000
vt 0.07568359 0.66088867 0.00000000
vt 0.05541992 0.64697266 0.00000000
vt 0.03979492 0.60815430 0.00000000
vt 0.06396484 0.58666992 0.00000000
vt 0.03491211 0.60400391 0.00000000
vt 0.04931641 0.63964844 0.00000000
vt 0.03686523 0.60937500 0.00000000
vt 0.04101562 0.62939453 0.00000000
vt 0.04565430 0.63940430 0.00000000
vt 0.03808594 0.63427734 0.00000000
vt 0.02905273 0.60302734 0.00000000
vt 0.02148438 0.58959961 0.00000000
vt 0.01025391 0.61376953 0.00000000
vt 0.01025391 0.60986328 0.00000000
vt 0.00415039 0.59887695 0.00000000
vt 0.00512695 0.60766602 0.00000000
vt 0.01489258 0.64794922 0.00000000
vt 0.01196289 0.64672852 0.00000000
vt 0.05249023 0.64526367 0.00000000
vt 0.02807617 0.65551758 0.00000000
vt 0.02319336 0.66064453 0.00000000
vt 0.00976562 0.67138672 0.00000000
vt 0.02392578 0.66333008 0.00000000
vt 0.00854492 0.70019531 0.00000000
vt 0.05200195 0.65502930 0.00000000
vt 0.02905273 0.65771484 0.00000000
vt 0.05419922 0.65942383 0.00000000
vt 0.05102539 0.65991211 0.00000000
vt 0.05712891 0.66186523 0.00000000
vt 0.05493164 0.66357422 0.00000000
vt 0.05908203 0.67382812 0.00000000
vt 0.05981445 0.66845703 0.00000000
vt 0.06250000 0.67431641 0.00000000
vt 0.06494141 0.68041992 0.00000000
vt 0.06860352 0.68188477 0.00000000
vt 0.06689453 0.70214844 0.00000000
vt 0.07543945 0.71142578 0.00000000
vt 0.02124023 0.72119141 0.00000000
vt 0.01147461 0.71020508 0.00000000
vt 0.00610352 0.71337891 0.00000000
vt 0.01293945 0.71606445 0.00000000
vt 0.01464844 0.72631836 0.00000000
vt 0.00708008 0.74121094 0.00000000
vt 0.02221680 0.73193359 0.00000000
vt 0.03173828 0.73291016 0.00000000
vt 0.02392578 0.74389648 0.00000000
vt 0.02783203 0.73364258 0.00000000
vt 0.02221680 0.75366211 0.00000000
vt 0.00024414 0.75292969 0.00000000
vt 0.03002930 0.76293945 0.00000000
vt 0.02465820 0.75146484 0.00000000
vt 0.02954102 0.75756836 0.00000000
vt 0.03222656 0.76269531 0.00000000
vt 0.06445312 0.76196289 0.00000000
vt 0.06811523 0.75024414 0.00000000
vt 0.06762695 0.76684570 0.00000000
vt 0.07592773 0.73388672 0.00000000
vt 0.07104492 0.75122070 0.00000000
vt 0.06933594 0.76611328 0.00000000
vt 0.07763672 0.76416016 0.00000000
vt 0.07446289 0.74389648 0.00000000
vt 0.08349609 0.74536133 0.00000000
vt 0.07934570 0.73120117 0.00000000
vt 0.08349609 0.75634766 0.00000000
vt 0.08422852 0.73266602 0.00000000
vt 0.08886719 0.72216797 0.00000000
vt 0.08666992 0.73999023 0.00000000
vt 0.09033203 0.72485352 0.00000000
vt 0.09790039 0.72265625 0.00000000
vt 0.09667969 0.73364258 0.00000000
vt 0.09594727 0.72534180 0.00000000
vt 0.09863281 0.73046875 0.00000000
vt 0.10083008 0.74169922 0.00000000
vt 0.09887695 0.74365234 0.00000000
vt 0.10058594 0.74951172 0.00000000
vt 0.10742188 0.76000977 0.00000000
vt 0.11474609 0.79467773 0.00000000
vt 0.10595703 0.75341797 0.00000000
vt 0.10351562 0.74609375 0.00000000
vt 0.48071289 0.97778320 0.00000000
vt 0.47338867 0.97509766 0.00000000
vt 0.48632812 0.96948242 0.00000000
vt 0.48730469 0.97192383 0.00000000
vt 0.48852539 0.95166016 0.00000000
vt 0.50854492 0.95629883 0.00000000
vt 0.49780273 0.92651367 0.00000000
vt 0.48339844 0.94995117 0.00000000
vt 0.48608398 0.92553711 0.00000000
vt 0.47973633 0.94482422 0.00000000
vt 0.55541992 0.96435547 0.00000000
vt 0.53491211 0.96826172 0.00000000
vt 0.53027344 0.94067383 0.00000000
vt 0.55810547 0.96411133 0.00000000
vt 0.61328125 0.97460938 0.00000000
vt 0.97851562 0.89379883 0.00000000
vt 0.95898438 0.89160156 0.00000000
vt 0.98266602 0.88452148 0.00000000
vt 0.95654297 0.89770508 0.00000000
vt 0.97998047 0.90405273 0.00000000
vt 0.95947266 0.91088867 0.00000000
vt 0.95776367 0.90795898 0.00000000
vt 0.98388672 0.91088867 0.00000000
vt 0.95629883 0.92602539 0.00000000
vt 0.98730469 0.91406250 0.00000000
vt 0.98217773 0.92333984 0.00000000
vt 0.98657227 0.95776367 0.00000000
vt 0.59423828 0.52905273 0.00000000
vt 0.59863281 0.50366211 0.00000000
vt 0.60107422 0.52172852 0.00000000
vt 0.59033203 0.49902344 0.00000000
vt 0.60229492 0.50219727 0.00000000
vt 0.58935547 0.49511719 0.00000000
vt 0.60302734 0.50390625 0.00000000
vt 0.60375977 0.51635742 0.00000000
vt 0.59570312 0.47119141 0.00000000
vt 0.58056641 0.49584961 0.00000000
vt 0.61718750 0.50537109 0.00000000
vt 0.62890625 0.50000000 0.00000000
vt 0.62597656 0.50732422 0.00000000
vt 0.61816406 0.52612305 0.00000000
vt 0.63354492 0.52392578 0.00000000
vt 0.64746094 0.51879883 0.00000000
vt 0.64721680 0.50854492 0.00000000
vt 0.66162109 0.49389648 0.00000000
vt 0.62133789 0.48193359 0.00000000
vt 0.62597656 0.46630859 0.00000000
vt 0.64746094 0.46630859 0.00000000
vt 0.60424805 0.43432617 0.00000000
vt 0.64038086 0.46166992 0.00000000
vt 0.64306641 0.46020508 0.00000000
vt 0.65234375 0.46215820 0.00000000
vt 0.64208984 0.45312500 0.00000000
vt 0.63330078 0.45068359 0.00000000
vt 0.63964844 0.45458984 0.00000000
vt 0.63574219 0.44946289 0.00000000
vt 0.63623047 0.44091797 0.00000000
vt 0.64941406 0.43579102 0.00000000
vt 0.63330078 0.43945312 0.00000000
vt 0.64648438 0.43334961 0.00000000
vt 0.65258789 0.42700195 0.00000000
vt 0.65380859 0.42895508 0.00000000
vt 0.64257812 0.42163086 0.00000000
vt 0.62377930 0.42358398 0.00000000
vt 0.62524414 0.41748047 0.00000000
vt 0.64208984 0.41625977 0.00000000
vt 0.65551758 0.40478516 0.00000000
vt 0.65405273 0.40283203 0.00000000
vt 0.63427734 0.39282227 0.00000000
vt 0.59350586 0.41821289 0.00000000
vt 0.59643555 0.41601562 0.00000000
vt 0.59252930 0.40917969 0.00000000
vt 0.62646484 0.39062500 0.00000000
vt 0.61718750 0.39208984 0.00000000
vt 0.62792969 0.38671875 0.00000000
vt 0.66162109 0.35693359 0.00000000
vt 0.63623047 0.38061523 0.00000000
vt 0.63549805 0.37622070 0.00000000
vt 0.65185547 0.36450195 0.00000000
vt 0.65185547 0.36108398 0.00000000
vt 0.63452148 0.36523438 0.00000000
vt 0.62866211 0.37280273 0.00000000
vt 0.62500000 0.37158203 0.00000000
vt 0.62573242 0.37670898 0.00000000
vt 0.62207031 0.38793945 0.00000000
vt 0.61914062 0.37158203 0.00000000
vt 0.63256836 0.35400391 0.00000000
vt 0.57592773 0.38378906 0.00000000
vt 0.58740234 0.35742188 0.00000000
vt 0.57812500 0.36401367 0.00000000
vt 0.58569336 0.35449219 0.00000000
vt 0.56713867 0.36914062 0.00000000
vt 0.55639648 0.35546875 0.00000000
vt 0.56787109 0.38427734 0.00000000
vt 0.56982422 0.38134766 0.00000000
vt 0.57299805 0.40185547 0.00000000
vt 0.57763672 0.40283203 0.00000000
vt 0.58422852 0.40991211 0.00000000
vt 0.57128906 0.40405273 0.00000000
vt 0.55908203 0.40844727 0.00000000
vt 0.54663086 0.40747070 0.00000000
vt 0.56909180 0.42041016 0.00000000
vt 0.55786133 0.41821289 0.00000000
vt 0.56884766 0.42944336 0.00000000
vt 0.53808594 0.41552734 0.00000000
vt 0.57153320 0.42407227 0.00000000
vt 0.58569336 0.43750000 0.00000000
vt 0.56152344 0.43872070 0.00000000
vt 0.57666016 0.43359375 0.00000000
vt 0.56982422 0.43554688 0.00000000
vt 0.58471680 0.44750977 0.00000000
vt 0.58178711 0.45166016 0.00000000
vt 0.58276367 0.44653320 0.00000000
vt 0.56787109 0.44238281 0.00000000
vt 0.56762695 0.44628906 0.00000000
vt 0.56445312 0.44750977 0.00000000
vt 0.52929688 0.44433594 0.00000000
vt 0.18286133 0.87744141 0.00000000
vt 0.20092773 0.87841797 0.00000000
vt 0.20141602 0.88256836 0.00000000
vt 0.20312500 0.88208008 0.00000000
vt 0.20727539 0.87255859 0.00000000
vt 0.22998047 0.87670898 0.00000000
vt 0.20507812 0.88842773 0.00000000
vt 0.21240234 0.88598633 0.00000000
vt 0.20434570 0.92724609 0.00000000
vt 0.15820312 0.88354492 0.00000000
vt 0.21484375 0.90478516 0.00000000
vt 0.20654297 0.91870117 0.00000000
vt 0.21411133 0.92285156 0.00000000
vt 0.21923828 0.95288086 0.00000000
vt 0.23095703 0.92309570 0.00000000
vt 0.26416016 0.93920898 0.00000000
vt 0.26367188 0.94970703 0.00000000
vt 0.25830078 0.91894531 0.00000000
vt 0.25317383 0.89672852 0.00000000
vt 0.25219727 0.87866211 0.00000000
vt 0.24780273 0.86279297 0.00000000
vt 0.25244141 0.86401367 0.00000000
vt 0.26049805 0.90869141 0.00000000
vt 0.25708008 0.89086914 0.00000000
vt 0.25610352 0.87744141 0.00000000
vt 0.26416016 0.84985352 0.00000000
vt 0.27783203 0.89355469 0.00000000
vt 0.28515625 0.85351562 0.00000000
vt 0.29638672 0.86938477 0.00000000
vt 0.29467773 0.85791016 0.00000000
vt 0.29736328 0.85766602 0.00000000
vt 0.30639648 0.86938477 0.00000000
vt 0.30615234 0.84619141 0.00000000
vt 0.31323242 0.86083984 0.00000000
vt 0.30541992 0.87719727 0.00000000
vt 0.29785156 0.89404297 0.00000000
vt 0.31640625 0.85937500 0.00000000
vt 0.31616211 0.87792969 0.00000000
vt 0.31250000 0.87988281 0.00000000
vt 0.31250000 0.88940430 0.00000000
vt 0.30590820 0.89453125 0.00000000
vt 0.30053711 0.90869141 0.00000000
vt 0.31469727 0.89477539 0.00000000
vt 0.31958008 0.89477539 0.00000000
vt 0.31909180 0.91333008 0.00000000
vt 0.30419922 0.91406250 0.00000000
vt 0.32299805 0.91284180 0.00000000
vt 0.33911133 0.93334961 0.00000000
vt 0.32202148 0.93041992 0.00000000
vt 0.31713867 0.94384766 0.00000000
vt 0.31884766 0.92993164 0.00000000
vt 0.30273438 0.94628906 0.00000000
vt 0.30346680 0.93286133 0.00000000
vt 0.30200195 0.94580078 0.00000000
vt 0.29736328 0.93041992 0.00000000
vt 0.29614258 0.92382812 0.00000000
vt 0.42529297 0.26684570 0.00000000
vt 0.42211914 0.25048828 0.00000000
vt 0.43432617 0.22314453 0.00000000
vt 0.42309570 0.26489258 0.00000000
vt 0.41455078 0.27050781 0.00000000
vt 0.35913086 0.30151367 0.00000000
vt 0.42065430 0.25170898 0.00000000
vt 0.42236328 0.26440430 0.00000000
vt 0.41357422 0.25000000 0.00000000
vt 0.41113281 0.24340820 0.00000000
vt 0.41308594 0.26879883 0.00000000
vt 0.34692383 0.29980469 0.00000000
vt 0.32983398 0.34155273 0.00000000
vt 0.40136719 0.20581055 0.00000000
vt 0.39624023 0.22949219 0.00000000
vt 0.39111328 0.22631836 0.00000000
vt 0.39819336 0.24780273 0.00000000
vt 0.40722656 0.24926758 0.00000000
vt 0.41064453 0.26757812 0.00000000
vt 0.39526367 0.25366211 0.00000000
vt 0.38354492 0.27832031 0.00000000
vt 0.35156250 0.28125000 0.00000000
vt 0.35766602 0.29101562 0.00000000
vt 0.34960938 0.28442383 0.00000000
vt 0.34082031 0.28369141 0.00000000
vt 0.33813477 0.27392578 0.00000000
vt 0.35693359 0.20556641 0.00000000
vt 0.37573242 0.19946289 0.00000000
vt 0.34667969 0.21215820 0.00000000
vt 0.32739258 0.25341797 0.00000000
vt 0.30200195 0.23022461 0.00000000
vt 0.32299805 0.25903320 0.00000000
vt 0.32080078 0.25366211 0.00000000
vt 0.29980469 0.27172852 0.00000000
vt 0.31103516 0.24194336 0.00000000
vt 0.30810547 0.25000000 0.00000000
vt 0.29663086 0.23486328 0.00000000
vt 0.27539062 0.21313477 0.00000000
vt 0.25585938 0.19482422 0.00000000
vt 0.29614258 0.23876953 0.00000000
vt 0.28710938 0.22851562 0.00000000
vt 0.26220703 0.20874023 0.00000000
vt 0.28100586 0.25415039 0.00000000
vt 0.25976562 0.23974609 0.00000000
vt 0.27587891 0.25390625 0.00000000
vt 0.28125000 0.25854492 0.00000000
vt 0.28881836 0.25854492 0.00000000
vt 0.28881836 0.26293945 0.00000000
vt 0.29516602 0.26611328 0.00000000
vt 0.29003906 0.27001953 0.00000000
vt 0.29663086 0.27001953 0.00000000
vt 0.30712891 0.29296875 0.00000000
vt 0.27783203 0.27441406 0.00000000
vt 0.31665039 0.30566406 0.00000000
vt 0.29565430 0.31225586 0.00000000
vt 0.28784180 0.32324219 0.00000000
vt 0.36572266 0.94848633 0.00000000
vt 0.34130859 0.94604492 0.00000000
vt 0.36450195 0.91162109 0.00000000
vt 0.35839844 0.89257812 0.00000000
vt 0.39501953 0.91210938 0.00000000
vt 0.36962891 0.94604492 0.00000000
vt 0.36865234 0.91748047 0.00000000
vt 0.39550781 0.91821289 0.00000000
vt 0.41406250 0.92675781 0.00000000
vt 0.40258789 0.92944336 0.00000000
vt 0.44458008 0.91381836 0.00000000
vt 0.38867188 0.95458984 0.00000000
vt 0.38134766 0.96752930 0.00000000
vt 0.40087891 0.96191406 0.00000000
vt 0.39550781 0.96508789 0.00000000
vt 0.39721680 0.99121094 0.00000000
vt 0.41186523 0.97167969 0.00000000
vt 0.35278320 0.99731445 0.00000000
vt 0.33325195 0.99145508 0.00000000
vt 0.30273438 0.95825195 0.00000000
vt 0.29736328 1.00000000 0.00000000
vt 0.44067383 0.96801758 0.00000000
vt 0.43261719 0.97729492 0.00000000
vt 0.42407227 0.98925781 0.00000000
vt 0.42626953 0.99877930 0.00000000
vt 0.45190430 0.97265625 0.00000000
vt 0.41967773 0.92919922 0.00000000
vt 0.44335938 0.93286133 0.00000000
vt 0.42822266 0.92504883 0.00000000
vt 0.44580078 0.93164062 0.00000000
vt 0.44604492 0.90551758 0.00000000
vt 0.76049805 0.95288086 0.00000000
vt 0.76586914 0.96020508 0.00000000
vt 0.74267578 0.95874023 0.00000000
vt 0.74047852 0.97705078 0.00000000
vt 0.76000977 0.96972656 0.00000000
vt 0.79858398 0.98071289 0.00000000
vt 0.80786133 1.00000000 0.00000000
vt 0.76733398 0.95922852 0.00000000
vt 0.82324219 0.99462891 0.00000000
vt 0.77075195 0.95605469 0.00000000
vt 0.76171875 0.94604492 0.00000000
vt 0.79882812 0.94750977 0.00000000
vt 0.73681641 0.95410156 0.00000000
vt 0.72094727 0.95727539 0.00000000
vt 0.66918945 0.98266602 0.00000000
vt 0.66674805 0.97778320 0.00000000
vt 0.65917969 0.97802734 0.00000000
vt 0.71655273 0.95458984 0.00000000
vt 0.74658203 0.90527344 0.00000000
vt 0.69018555 0.91894531 0.00000000
vt 0.75854492 0.89770508 0.00000000
vt 0.78442383 0.87866211 0.00000000
vt 0.84594727 0.06103516 0.00000000
vt 0.84960938 0.07470703 0.00000000
vt 0.81738281 0.08081055 0.00000000
vt 0.85351562 0.11206055 0.00000000
vt 0.81567383 0.12207031 0.00000000
vt 0.82177734 0.12988281 0.00000000
vt 0.80786133 0.12402344 0.00000000
vt 0.80200195 0.11914062 0.00000000
vt 0.80004883 0.12426758 0.00000000
vt 0.79174805 0.15893555 0.00000000
vt 0.79345703 0.11376953 0.00000000
vt 0.79589844 0.11108398 0.00000000
vt 0.79956055 0.08251953 0.00000000
vt 0.78198242 0.05688477 0.00000000
vt 0.78027344 0.09790039 0.00000000
vt 0.76562500 0.08935547 0.00000000
vt 0.90332031 0.35668945 0.00000000
vt 0.89794922 0.36645508 0.00000000
vt 0.87768555 0.35815430 0.00000000
vt 0.88110352 0.38598633 0.00000000
vt 0.90063477 0.37866211 0.00000000
vt 0.90039062 0.36669922 0.00000000
vt 0.90307617 0.37817383 0.00000000
vt 0.90747070 0.35791016 0.00000000
vt 0.92382812 0.37792969 0.00000000
vt 0.95410156 0.33862305 0.00000000
vt 0.90502930 0.35058594 0.00000000
vt 0.91162109 0.34619141 0.00000000
vt 0.90136719 0.34912109 0.00000000
vt 0.91503906 0.34106445 0.00000000
vt 0.92333984 0.32739258 0.00000000
vt 0.93994141 0.30810547 0.00000000
vt 0.91015625 0.34082031 0.00000000
vt 0.90771484 0.34545898 0.00000000
vt 0.91137695 0.33374023 0.00000000
vt 0.88037109 0.35278320 0.00000000
vt 0.87622070 0.35742188 0.00000000
vt 0.86791992 0.33105469 0.00000000
vt 0.87036133 0.32788086 0.00000000
vt 0.87182617 0.32690430 0.00000000
vt 0.89379883 0.32763672 0.00000000
vt 0.92016602 0.32641602 0.00000000
vt 0.91943359 0.32153320 0.00000000
vt 0.92236328 0.32299805 0.00000000
vt 0.92700195 0.31665039 0.00000000
vt 0.92382812 0.31372070 0.00000000
vt 0.93750000 0.30664062 0.00000000
vt 0.93750000 0.30053711 0.00000000
vt 0.88940430 0.30908203 0.00000000
vt 0.93334961 0.30151367 0.00000000
vt 0.93261719 0.29589844 0.00000000
vt 0.93505859 0.28491211 0.00000000
vt 0.91015625 0.29418945 0.00000000
vt 0.92968750 0.29418945 0.00000000
vt 0.93261719 0.28540039 0.00000000
vt 0.93212891 0.27832031 0.00000000
vt 0.93408203 0.28027344 0.00000000
vt 0.94482422 0.27026367 0.00000000
vt 0.95166016 0.24755859 0.00000000
vt 0.92724609 0.26757812 0.00000000
vt 0.91430664 0.27612305 0.00000000
vt 0.91699219 0.27075195 0.00000000
vt 0.91430664 0.28149414 0.00000000
vt 0.91064453 0.28808594 0.00000000
vt 0.91137695 0.28344727 0.00000000
vt 0.90942383 0.28149414 0.00000000
vt 0.90820312 0.28710938 0.00000000
vt 0.90625000 0.29223633 0.00000000
vt 0.89331055 0.30249023 0.00000000
vt 0.89477539 0.28588867 0.00000000
vt 0.88964844 0.30102539 0.00000000
vt 0.89453125 0.28442383 0.00000000
vt 0.89111328 0.28344727 0.00000000
vt 0.88525391 0.28784180 0.00000000
vt 0.85766602 0.29687500 0.00000000
vt 0.88208008 0.31079102 0.00000000
vt 0.85961914 0.31933594 0.00000000
vt 0.86816406 0.32177734 0.00000000
vt 0.88208008 0.31494141 0.00000000
vt 0.87841797 0.31909180 0.00000000
vt 0.29589844 0.14770508 0.00000000
vt 0.27563477 0.15478516 0.00000000
vt 0.27978516 0.13647461 0.00000000
vt 0.27807617 0.12255859 0.00000000
vt 0.26782227 0.12377930 0.00000000
vt 0.29394531 0.14257812 0.00000000
vt 0.29907227 0.13208008 0.00000000
vt 0.30395508 0.12475586 0.00000000
vt 0.30053711 0.12158203 0.00000000
vt 0.28320312 0.13134766 0.00000000
vt 0.27954102 0.12353516 0.00000000
vt 0.28393555 0.10693359 0.00000000
vt 0.34179688 0.07617188 0.00000000
vt 0.27929688 0.10961914 0.00000000
vt 0.26904297 0.10668945 0.00000000
vt 0.26074219 0.11059570 0.00000000
vt 0.25292969 0.10473633 0.00000000
vt 0.27514648 0.10522461 0.00000000
vt 0.24218750 0.07592773 0.00000000
vt 0.31689453 0.17822266 0.00000000
vt 0.33764648 0.16821289 0.00000000
vt 0.31762695 0.18505859 0.00000000
vt 0.33764648 0.16528320 0.00000000
vt 0.30712891 0.17675781 0.00000000
vt 0.37353516 0.14819336 0.00000000
vt 0.31469727 0.19360352 0.00000000
vt 0.30493164 0.21191406 0.00000000
vt 0.31640625 0.21752930 0.00000000
vt 0.29638672 0.18212891 0.00000000
vt 0.29785156 0.20312500 0.00000000
vt 0.26782227 0.16870117 0.00000000
vt 0.23876953 0.14477539 0.00000000
vt 0.00317383 0.09277344 0.00000000
vt 0.00512695 0.11352539 0.00000000
vt 0.00000000 0.12426758 0.00000000
vt 0.01123047 0.12841797 0.00000000
vt 0.00634766 0.05810547 0.00000000
vt 0.57519531 0.00024414 0.00000000
vt 0.58374023 0.00244141 0.00000000
vt 0.56787109 0.00219727 0.00000000

# 1601 vertex normals
vn -0.10236220 0.03149606 0.99212599
vn 0.00787402 0.06299213 1.00000000
vn -0.02362205 0.59842521 0.80314958
vn 0.00000000 0.18897638 0.98425198
vn -0.01574803 0.04724409 1.00000000
vn -0.07874016 -0.07086614 0.99212599
vn -0.08661418 -0.03937008 0.99212599
vn -0.11811024 0.00000000 0.99212599
vn -0.00787402 0.00787402 1.00000000
vn 0.00787402 0.00000000 1.00000000
vn 0.00000000 0.00000000 1.00000000
vn 0.01574803 0.14173228 0.99212599
vn 0.02362205 0.11023622 0.99212599
vn 0.00000000 0.09448819 0.99212599
vn 0.02362205 0.07874016 1.00000000
vn -0.08661418 0.44881889 0.88976377
vn -0.06299213 0.09448819 0.99212599
vn -0.03937008 0.00787402 1.00000000
vn -0.12598425 0.08661418 0.99212599
vn -0.04724409 0.14960630 0.98425198
vn 0.04724409 -0.08661418 0.99212599
vn 0.03937008 -0.03149606 1.00000000
vn 0.07874016 -0.20472440 0.97637796
vn 0.04724409 0.00787402 1.00000000
vn 0.03937008 0.02362205 1.00000000
vn -0.01574803 -0.02362205 1.00000000
vn 0.14960630 0.25196850 0.95275593
vn 0.01574803 -0.01574803 1.00000000
vn -0.01574803 -0.01574803 1.00000000
vn 0.11023622 -0.35433072 0.92913383
vn 0.19685039 -0.10236220 0.97637796
vn 0.03149606 0.01574803 1.00000000
vn 0.08661418 0.14173228 0.98425198
vn 0.00000000 -0.02362205 1.00000000
vn 0.00000000 -0.03149606 1.00000000
vn -0.00787402 0.07874016 1.00000000
vn 0.00000000 0.89763778 0.43307087
vn -0.01574803 0.09448819 0.99212599
vn 0.03149606 0.18897638 0.98425198
vn 0.25196850 0.44094488 0.85826772
vn 0.07086614 0.20472440 0.97637796
vn -0.00787402 0.50393701 0.86614174
vn 0.01574803 0.02362205 1.00000000
vn -0.38582677 -0.54330707 0.74803150
vn -0.01574803 -0.03937008 1.00000000
vn -0.02362205 -0.06299213 1.00000000
vn -0.14173228 -0.51968503 0.84251970
vn -0.03937008 -0.05511811 1.00000000
vn -0.02362205 -0.04724409 1.00000000
vn 0.00787402 0.01574803 1.00000000
vn -0.48818898 -0.57480317 0.65354329
vn -0.03149606 -0.02362205 1.00000000
vn 0.00787402 0.03149606 1.00000000
vn -0.02362205 -0.01574803 1.00000000
vn -0.63779527 -0.15748031 0.74803150
vn -0.61417323 -0.43307087 0.66141731
vn -0.47244096 -0.23622048 0.85039371
vn -0.04724409 -0.03149606 1.00000000
vn 0.04724409 0.00000000 1.00000000
vn -0.07086614 -0.03149606 1.00000000
vn -0.02362205 -0.00787402 1.00000000
vn 0.03149606 0.05511811 1.00000000
vn 0.00787402 0.04724409 1.00000000
vn 0.14173228 0.12598425 0.98425198
vn 0.29921260 0.07086614 0.95275593
vn 0.06299213 -0.01574803 1.00000000
vn 0.00000000 0.03937008 1.00000000
vn 0.42519686 -0.27559054 0.86614174
vn 0.01574803 -0.09448819 0.99212599
vn 0.07086614 -0.03937008 1.00000000
vn 0.03149606 -0.18110237 0.98425198
vn -0.04724409 0.21259843 0.97637796
vn -0.00787402 0.25984251 0.96850395
vn -0.06299213 0.29133859 0.95275593
vn 0.00000000 -0.00787402 1.00000000
vn 0.03937008 0.08661418 0.99212599
vn -0.00787402 -0.08661418 1.00000000
vn 0.10236220 0.62992126 0.77165353
vn 0.07086614 0.43307087 0.89763778
vn 0.05511811 0.09448819 0.99212599
vn 0.07874016 0.06299213 0.99212599
vn 0.00787402 -0.13385826 0.99212599
vn 0.06299213 0.06299213 0.99212599
vn -0.04724409 -0.00787402 1.00000000
vn 0.17322835 -0.06299213 0.98425198
vn 0.02362205 -0.11023622 0.99212599
vn -0.09448819 -0.03937008 0.99212599
vn -0.11811024 0.02362205 0.99212599
vn -0.10236220 -0.14960630 0.98425198
vn 0.02362205 -0.20472440 0.97637796
vn 0.00000000 -0.07874016 1.00000000
vn -0.00787402 0.00000000 1.00000000
vn 0.00787402 -0.49606299 0.86614174
vn 0.10236220 -0.25984251 0.96062994
vn 0.07874016 -0.53543305 0.84251970
vn -0.01574803 -0.62204725 0.77952754
vn -0.02362205 -0.19685039 0.97637796
vn -0.07874016 -0.23622048 0.96850395
vn -0.02362205 -0.12598425 0.99212599
vn -0.00787402 -0.01574803 1.00000000
vn -0.20472440 -0.29921260 0.92913383
vn -0.04724409 -0.04724409 1.00000000
vn 0.03937008 -0.01574803 1.00000000
vn 0.04724409 0.03149606 1.00000000
vn 0.10236220 0.13385826 0.98425198
vn 0.24409449 -0.03937008 0.96850395
vn 0.20472440 0.22834645 0.95275593
vn 0.06299213 0.11023622 0.99212599
vn -0.03149606 -0.06299213 1.00000000
vn -0.00787402 -0.03937008 1.00000000
vn -0.03937008 -0.47244096 0.88188976
vn -0.14960630 -0.19685039 0.96850395
vn -0.19685039 -0.41732284 0.88976377
vn -0.03149606 -0.16535433 0.98425198
vn -0.03149606 -0.15748031 0.98425198
vn 0.04724409 0.08661418 0.99212599
vn 0.03149606 0.10236220 0.99212599
vn 0.14173228 0.33070865 0.92913383
vn -0.07086614 -0.18897638 0.97637796
vn -0.00787402 -0.02362205 1.00000000
vn 0.03149606 0.04724409 1.00000000
vn 0.03149606 0.08661418 0.99212599
vn 0.07086614 0.12598425 0.99212599
vn 0.03937008 0.06299213 1.00000000
vn -0.01574803 -0.06299213 1.00000000
vn -0.05511811 0.03149606 1.00000000
vn 0.04724409 0.06299213 1.00000000
vn -0.09448819 0.31496063 0.94488192
vn -0.08661418 0.14960630 0.98425198
vn 0.00000000 -0.06299213 1.00000000
vn 0.21259843 -0.23622048 0.94488192
vn 0.07874016 -0.08661418 0.99212599
vn 0.02362205 -0.07874016 1.00000000
vn 0.01574803 0.20472440 0.97637796
vn -0.03149606 -0.08661418 0.99212599
vn -0.24409449 -0.42519686 0.87401575
vn -0.04724409 -0.29921260 0.95275593
vn 0.00000000 -0.10236220 0.99212599
vn 0.15748031 0.03937008 0.98425198
vn 0.02362205 -0.02362205 1.00000000
vn 0.25196850 -0.18110237 0.95275593
vn 0.24409449 -0.52755904 0.81102359
vn 0.09448819 -0.33070865 0.93700784
vn 0.02362205 -0.05511811 1.00000000
vn -0.06299213 -0.02362205 1.00000000
vn -0.07874016 -0.20472440 0.97637796
vn -0.03149606 0.14173228 0.99212599
vn -0.18897638 0.13385826 0.97637796
vn -0.03937008 -0.04724409 1.00000000
vn -0.05511811 -0.17322835 0.98425198
vn -0.07086614 -0.28346455 0.96062994
vn 0.00000000 -0.22834645 0.97637796
vn 0.00000000 -0.17322835 0.98425198
vn -0.05511811 0.21259843 0.97637796
vn -0.02362205 0.08661418 0.99212599
vn 0.11023622 -0.25196850 0.96062994
vn 0.01574803 -0.06299213 1.00000000
vn -0.03149606 -0.21259843 0.97637796
vn 0.05511811 -0.31496063 0.94488192
vn 0.00787402 -0.02362205 1.00000000
vn -0.10236220 -0.37007874 0.92125982
vn -0.06299213 -0.26771653 0.96062994
vn 0.16535433 -0.07874016 0.98425198
vn 0.14960630 -0.03149606 0.99212599
vn 0.09448819 -0.02362205 0.99212599
vn 0.14960630 -0.47244096 0.86614174
vn -0.00787402 -0.18897638 0.98425198
vn -0.01574803 -0.32283464 0.94488192
vn 0.04724409 -0.44881889 0.88976377
vn 0.05511811 -0.12598425 0.99212599
vn 0.00787402 -0.01574803 1.00000000
vn 0.04724409 -0.11811024 0.99212599
vn -0.34645671 -0.36220473 0.86614174
vn 0.00000000 0.00787402 1.00000000
vn -0.18110237 -0.11811024 0.97637796
vn 0.07874016 -0.25196850 0.96062994
vn -0.12598425 -0.11811024 0.98425198
vn -0.50393701 0.01574803 0.86614174
vn -0.14960630 0.00787402 0.99212599
vn -0.11811024 0.01574803 0.99212599
vn -0.36220473 0.03149606 0.92913383
vn -0.01574803 0.00787402 1.00000000
vn -0.10236220 0.11811024 0.98425198
vn -0.06299213 0.02362205 1.00000000
vn -0.22834645 0.25984251 0.93700784
vn -0.13385826 0.08661418 0.98425198
vn -0.01574803 0.05511811 1.00000000
vn -0.11023622 0.34645671 0.92913383
vn -0.00787402 0.01574803 1.00000000
vn -0.14960630 0.50393701 0.85039371
vn -0.69291341 -0.06299213 0.72440946
vn -0.04724409 0.08661418 0.99212599
vn 0.00787402 -0.04724409 1.00000000
vn -0.32283464 0.27559054 0.90551180
vn -0.11811024 0.23622048 0.96850395
vn -0.08661418 0.39370078 0.91338581
vn 0.00787402 0.00787402 1.00000000
vn 0.02362205 0.12598425 0.99212599
vn 0.18110237 0.38582677 0.90551180
vn 0.01574803 0.04724409 1.00000000
vn 0.11811024 0.40157479 0.91338581
vn 0.04724409 -0.04724409 1.00000000
vn 0.29133859 -0.19685039 0.93700784
vn 0.05511811 0.04724409 1.00000000
vn 0.02362205 0.04724409 1.00000000
vn 0.25984251 0.22834645 0.93700784
vn -0.00787402 0.05511811 1.00000000
vn -0.29133859 -0.29133859 0.91338581
vn -0.05511811 0.41732284 0.90551180
vn 0.15748031 0.24409449 0.96062994
vn -0.01574803 0.06299213 1.00000000
vn -0.12598425 0.02362205 0.99212599
vn -0.25984251 -0.29921260 0.92125982
vn -0.07874016 -0.15748031 0.98425198
vn -0.24409449 0.13385826 0.96062994
vn -0.03937008 0.12598425 0.99212599
vn -0.22834645 0.17322835 0.96062994
vn -0.03937008 0.11023622 0.99212599
vn 0.00000000 0.01574803 1.00000000
vn 0.00000000 0.85826772 0.51181102
vn 0.00787402 0.02362205 1.00000000
vn 0.01574803 0.33070865 0.94488192
vn -0.03937008 0.19685039 0.97637796
vn 0.01574803 -0.07086614 1.00000000
vn -0.02362205 0.16535433 0.98425198
vn 0.00787402 -0.08661418 1.00000000
vn 0.05511811 -0.44881889 0.88976377
vn 0.08661418 -0.26771653 0.96062994
vn 0.07874016 -0.00787402 1.00000000
vn -0.03149606 -0.18897638 0.98425198
vn -0.02362205 -0.03937008 1.00000000
vn -0.03149606 0.11811024 0.99212599
vn -0.11023622 0.09448819 0.99212599
vn -0.03937008 0.27559054 0.96062994
vn -0.11811024 0.08661418 0.99212599
vn -0.24409449 0.58267719 0.77165353
vn -0.05511811 0.22047244 0.97637796
vn -0.05511811 -0.07086614 0.99212599
vn -0.45669290 -0.11811024 0.88188976
vn -0.14960630 0.37007874 0.91338581
vn -0.05511811 -0.34645671 0.93700784
vn -0.02362205 -0.11023622 0.99212599
vn 0.02362205 -0.29921260 0.95275593
vn 0.01574803 -0.02362205 1.00000000
vn -0.01574803 0.18110237 0.98425198
vn 0.08661418 -0.38582677 0.92125982
vn -0.11811024 0.29133859 0.94488192
vn 0.09448819 -0.19685039 0.97637796
vn 0.11811024 -0.52755904 0.84251970
vn -0.12598425 -0.02362205 0.99212599
vn 0.14173228 0.22834645 0.96062994
vn -0.62992126 0.04724409 0.77952754
vn -0.04724409 0.07874016 0.99212599
vn 0.16535433 0.07086614 0.98425198
vn 0.11023622 0.00787402 0.99212599
vn 0.22834645 0.24409449 0.94488192
vn 0.00000000 0.25984251 0.96850395
vn -0.01574803 0.12598425 0.99212599
vn -0.14960630 -0.00787402 0.99212599
vn -0.99212599 0.05511811 0.13385826
vn -0.46456692 0.88188976 0.02362205
vn 0.01574803 1.00000000 -0.00787402
vn -1.00000000 0.00000000 0.02362205
vn -0.00787402 1.00000000 0.00000000
vn 0.01574803 1.00000000 0.00000000
vn -0.01574803 1.00000000 -0.01574803
vn -0.06299213 1.00000000 0.00000000
vn -0.83464569 0.55905509 -0.00787402
vn -0.15748031 0.98425198 0.00000000
vn -1.00000000 0.01574803 0.00000000
vn -1.00000000 0.00000000 0.00000000
vn -1.00000000 0.01574803 0.01574803
vn -1.00000000 0.06299213 0.00000000
vn -1.00000000 0.01574803 -0.00787402
vn -1.00000000 -0.00787402 0.00000000
vn -1.00000000 0.08661418 0.01574803
vn -1.00000000 0.03149606 0.07086614
vn -0.97637796 0.21259843 0.00000000
vn -0.99212599 0.09448819 0.01574803
vn -0.67716533 0.70866144 0.19685039
vn -1.00000000 0.03937008 0.01574803
vn -0.96062994 -0.24409449 0.11811024
vn -1.00000000 -0.07086614 0.00787402
vn -0.96062994 0.18110237 0.20472440
vn -0.78740156 -0.53543305 0.30708662
vn -0.98425198 -0.14960630 0.11023622
vn -1.00000000 -0.07086614 -0.00787402
vn -1.00000000 -0.01574803 -0.01574803
vn -0.99212599 -0.12598425 0.03937008
vn -0.86614174 -0.48818898 0.11023622
vn -1.00000000 -0.03149606 0.04724409
vn -1.00000000 -0.07874016 0.00787402
vn -0.99212599 -0.09448819 -0.01574803
vn -0.98425198 -0.18110237 -0.04724409
vn -0.96850395 -0.24409449 0.04724409
vn -0.96850395 0.23622048 0.03937008
vn -0.96850395 0.23622048 0.02362205
vn -0.99212599 0.04724409 0.07874016
vn -0.87401575 0.47244096 0.08661418
vn -1.00000000 -0.02362205 -0.00787402
vn -0.99212599 0.11811024 0.05511811
vn -0.96850395 -0.20472440 -0.11811024
vn -0.99212599 -0.14173228 -0.03937008
vn -0.99212599 0.01574803 -0.09448819
vn -0.96062994 -0.25984251 -0.09448819
vn -0.99212599 -0.07086614 -0.07086614
vn -0.88976377 -0.12598425 -0.44094488
vn -1.00000000 -0.04724409 0.00787402
vn -0.98425198 -0.18897638 -0.03149606
vn -1.00000000 0.03937008 0.02362205
vn -0.98425198 -0.18110237 -0.03149606
vn -0.98425198 -0.17322835 0.00787402
vn -0.99212599 0.08661418 0.03937008
vn -0.93700784 0.33070865 0.11811024
vn -0.86614174 0.48818898 0.09448819
vn -0.97637796 0.20472440 0.00000000
vn -0.90551180 -0.40944880 -0.08661418
vn -0.96062994 -0.23622048 -0.15748031
vn -0.97637796 -0.14960630 -0.16535433
vn -0.96850395 0.18897638 0.16535433
vn -0.87401575 -0.40157479 -0.27559054
vn 0.06299213 0.00000000 1.00000000
vn 0.05511811 0.07086614 0.99212599
vn 0.03149606 -0.01574803 1.00000000
vn 0.06299213 0.13385826 0.99212599
vn 0.22047244 0.00787402 0.97637796
vn 0.30708662 0.00787402 0.95275593
vn 0.29133859 -0.33858266 0.89763778
vn 0.09448819 -0.03937008 0.99212599
vn -0.03937008 -0.30708662 0.95275593
vn -0.04724409 -0.02362205 1.00000000
vn 0.01574803 -0.11023622 0.99212599
vn 0.01574803 -0.14960630 0.99212599
vn -0.01574803 -0.14960630 0.99212599
vn 0.29133859 -0.65354329 0.70078743
vn 0.06299213 -0.03937008 1.00000000
vn 0.13385826 0.15748031 0.97637796
vn 0.00000000 0.02362205 1.00000000
vn 0.05511811 0.22047244 0.97637796
vn 0.18897638 0.07874016 0.97637796
vn 0.25984251 0.52755904 0.81102359
vn 0.08661418 0.05511811 0.99212599
vn 0.00787402 0.18110237 0.98425198
vn 0.45669290 0.03937008 0.88976377
vn 0.21259843 0.00787402 0.97637796
vn 0.14173228 -0.05511811 0.99212599
vn -0.02362205 -0.21259843 0.97637796
vn 0.02362205 -0.15748031 0.98425198
vn 0.05511811 0.10236220 0.99212599
vn 0.03937008 -0.05511811 1.00000000
vn 0.04724409 0.26771653 0.96062994
vn 0.85039371 0.00787402 0.51968503
vn 0.96062994 -0.04724409 0.26771653
vn 0.99212599 0.02362205 0.12598425
vn 0.98425198 -0.11023622 0.15748031
vn 0.98425198 0.02362205 0.18897638
vn -0.03149606 -0.20472440 0.97637796
vn 0.08661418 0.29133859 0.95275593
vn 0.19685039 0.33858266 0.92125982
vn -0.01574803 -0.08661418 0.99212599
vn 0.03149606 0.14173228 0.99212599
vn 0.01574803 -0.12598425 0.99212599
vn 0.02362205 0.21259843 0.97637796
vn -0.04724409 -0.11023622 0.99212599
vn -0.05511811 -0.31496063 0.94488192
vn -0.07874016 -0.48818898 0.87401575
vn -0.07874016 -0.12598425 0.99212599
vn -0.24409449 -0.63779527 0.73228347
vn -0.11811024 0.21259843 0.96850395
vn 0.03149606 -0.05511811 1.00000000
vn 0.00787402 -0.14173228 0.99212599
vn 0.11023622 0.44881889 0.88188976
vn 0.76377952 0.37007874 0.52755904
vn 0.01574803 0.09448819 0.99212599
vn -0.00787402 0.14173228 0.99212599
vn -0.00787402 0.99212599 0.11023622
vn -0.37007874 -0.14173228 0.91338581
vn -0.08661418 0.01574803 1.00000000
vn -0.01574803 -0.04724409 1.00000000
vn 0.00787402 0.99212599 0.12598425
vn 0.02362205 1.00000000 0.02362205
vn -0.03937008 0.97637796 0.21259843
vn 0.02362205 1.00000000 0.00787402
vn 0.03937008 0.98425198 0.14960630
vn 0.97637796 0.00000000 0.22834645
vn 0.97637796 -0.03937008 0.21259843
vn 0.98425198 -0.12598425 0.11811024
vn 0.71653545 -0.62204725 0.31496063
vn 0.98425198 -0.08661418 0.16535433
vn 1.00000000 -0.02362205 0.02362205
vn 0.92125982 -0.35433072 0.14960630
vn 1.00000000 -0.04724409 0.00787402
vn 1.00000000 -0.01574803 0.01574803
vn 1.00000000 0.01574803 0.01574803
vn 0.97637796 -0.19685039 0.03149606
vn 1.00000000 0.00000000 0.00000000
vn 1.00000000 -0.07086614 0.00787402
vn 0.99212599 -0.08661418 0.04724409
vn 1.00000000 0.00787402 -0.01574803
vn 1.00000000 -0.07086614 -0.01574803
vn 0.32283464 -0.94488192 -0.00787402
vn 1.00000000 -0.02362205 -0.00787402
vn 0.99212599 -0.14173228 0.02362205
vn 0.49606299 -0.86614174 0.01574803
vn 0.99212599 -0.12598425 0.03149606
vn 0.81889760 -0.55118108 0.17322835
vn 0.98425198 -0.16535433 0.03937008
vn 0.93700784 -0.26771653 0.22047244
vn 0.99212599 0.07874016 0.03937008
vn 0.90551180 -0.34645671 0.25196850
vn 0.98425198 0.09448819 0.12598425
vn 0.96850395 0.23622048 0.01574803
vn 1.00000000 0.05511811 0.00787402
vn 0.98425198 0.18897638 0.03149606
vn 0.96850395 -0.23622048 0.00787402
vn 0.93700784 -0.33070865 -0.07874016
vn 0.96062994 -0.28346455 0.01574803
vn 1.00000000 0.00000000 -0.00787402
vn 0.74803150 -0.60629922 -0.26771653
vn 0.96850395 -0.23622048 -0.07874016
vn 0.00000000 -1.00000000 0.06299213
vn 0.03149606 -1.00000000 0.01574803
vn 0.01574803 -1.00000000 0.00000000
vn 0.02362205 -1.00000000 0.03149606
vn 0.07086614 -0.99212599 0.06299213
vn 0.00787402 -1.00000000 0.00787402
vn 0.09448819 -0.99212599 0.02362205
vn 0.25984251 -0.96062994 0.09448819
vn 0.02362205 -1.00000000 0.00000000
vn -0.00787402 -1.00000000 -0.00787402
vn 0.07874016 -0.99212599 0.08661418
vn 0.01574803 -1.00000000 -0.01574803
vn 0.00000000 -1.00000000 -0.00787402
vn 0.07874016 -1.00000000 -0.03149606
vn 0.00787402 -1.00000000 -0.01574803
vn -0.04724409 -1.00000000 -0.05511811
vn -0.02362205 -1.00000000 -0.02362205
vn 0.00787402 -1.00000000 0.01574803
vn -0.01574803 -1.00000000 0.00000000
vn 0.07874016 -1.00000000 -0.02362205
vn -0.14173228 -0.99212599 0.03149606
vn -0.09448819 -0.99212599 0.03149606
vn 0.00000000 -1.00000000 0.02362205
vn -0.03937008 -1.00000000 0.00000000
vn -0.07874016 -0.99212599 0.04724409
vn 0.06299213 -1.00000000 0.05511811
vn 0.04724409 -1.00000000 0.00787402
vn 0.07086614 -1.00000000 0.03937008
vn 0.15748031 -0.98425198 0.05511811
vn 0.09448819 -0.99212599 0.09448819
vn 0.01574803 -1.00000000 0.07874016
vn 0.00000000 -0.92913383 0.36220473
vn 0.12598425 -0.99212599 0.05511811
vn 0.05511811 -1.00000000 0.04724409
vn 0.03937008 -1.00000000 0.01574803
vn 0.02362205 -0.99212599 0.09448819
vn 0.00000000 -1.00000000 0.00000000
vn -0.02362205 -1.00000000 -0.01574803
vn 0.00000000 -1.00000000 0.03937008
vn -0.04724409 -0.98425198 0.16535433
vn -0.05511811 -1.00000000 -0.03937008
vn -0.03149606 -1.00000000 -0.01574803
vn -0.01574803 -1.00000000 -0.03937008
vn -0.05511811 -1.00000000 0.00000000
vn -0.04724409 -1.00000000 0.00787402
vn -0.17322835 -0.97637796 0.14173228
vn -0.02362205 -1.00000000 0.05511811
vn -0.02362205 -1.00000000 0.00000000
vn 0.00000000 -1.00000000 0.00787402
vn -0.00787402 -1.00000000 0.00787402
vn -0.02362205 -1.00000000 -0.00787402
vn -0.02362205 -1.00000000 0.03937008
vn 0.01574803 -0.99212599 0.10236220
vn 0.00787402 -1.00000000 0.00000000
vn -0.01574803 -1.00000000 -0.01574803
vn 0.05511811 -0.99212599 -0.07874016
vn 0.19685039 -0.97637796 -0.05511811
vn 0.23622048 -0.96850395 -0.05511811
vn 0.02362205 -1.00000000 -0.01574803
vn 0.02362205 -1.00000000 -0.03149606
vn -0.48818898 -0.02362205 0.87401575
vn -0.96850395 -0.24409449 0.00000000
vn -1.00000000 -0.07086614 0.03937008
vn -1.00000000 -0.04724409 0.00000000
vn -0.99212599 -0.14173228 0.00000000
vn -1.00000000 -0.04724409 -0.02362205
vn -0.93700784 -0.34645671 0.02362205
vn -1.00000000 -0.03937008 -0.01574803
vn -1.00000000 -0.07086614 0.02362205
vn -0.96850395 -0.23622048 0.01574803
vn -0.95275593 -0.29133859 -0.11023622
vn -0.98425198 -0.05511811 0.18110237
vn -0.95275593 -0.24409449 -0.18110237
vn -1.00000000 -0.05511811 -0.00787402
vn -1.00000000 0.02362205 0.07086614
vn -0.96850395 0.00787402 0.25196850
vn -1.00000000 -0.00787402 0.03937008
vn -0.96062994 -0.01574803 0.27559054
vn -1.00000000 -0.07874016 -0.01574803
vn -1.00000000 0.00787402 0.00000000
vn -0.77952754 -0.40157479 -0.48818898
vn -0.99212599 -0.04724409 -0.11023622
vn -0.96062994 -0.07086614 -0.27559054
vn -1.00000000 0.02362205 -0.04724409
vn -0.99212599 0.06299213 -0.11023622
vn -1.00000000 0.03149606 0.03149606
vn -0.93700784 0.16535433 -0.32283464
vn -0.98425198 -0.13385826 -0.09448819
vn -0.98425198 -0.14173228 -0.09448819
vn -0.98425198 -0.16535433 -0.03149606
vn -0.90551180 0.08661418 0.40944880
vn -0.99212599 0.07874016 0.07086614
vn -0.99212599 0.14960630 0.03937008
vn -0.91338581 0.39370078 0.12598425
vn -0.98425198 0.15748031 0.00000000
vn -0.99212599 0.10236220 0.11023622
vn -1.00000000 0.03937008 0.06299213
vn -0.99212599 0.06299213 0.11811024
vn -1.00000000 0.05511811 0.01574803
vn -0.57480317 0.72440946 0.37795275
vn -0.70866144 0.60629922 0.35433072
vn -1.00000000 0.02362205 0.02362205
vn -0.68503934 0.69291341 0.24409449
vn -0.39370078 0.88976377 0.24409449
vn -1.00000000 0.04724409 0.02362205
vn -1.00000000 -0.00787402 0.00787402
vn -0.10236220 0.99212599 0.10236220
vn -0.03937008 0.98425198 0.16535433
vn 0.04724409 0.97637796 0.22834645
vn 0.16535433 0.98425198 0.00787402
vn 0.10236220 0.92913383 0.35433072
vn -0.06299213 1.00000000 0.04724409
vn 0.03149606 1.00000000 0.00000000
vn 0.50393701 0.86614174 0.00787402
vn -0.03149606 1.00000000 0.00787402
vn -0.09448819 0.99212599 0.00000000
vn -0.29133859 0.95275593 -0.04724409
vn -0.08661418 0.99212599 0.03149606
vn -0.39370078 0.90551180 0.14173228
vn 0.35433072 0.93700784 -0.01574803
vn 0.21259843 0.97637796 0.00000000
vn 0.03937008 1.00000000 0.03149606
vn 1.00000000 -0.00787402 0.00787402
vn 0.99212599 0.08661418 0.00787402
vn 0.77165353 0.63779527 0.00787402
vn 0.99212599 0.08661418 0.01574803
vn 0.99212599 0.11811024 0.02362205
vn 0.99212599 0.12598425 0.05511811
vn 0.97637796 0.22047244 0.07086614
vn 1.00000000 0.07086614 0.02362205
vn 1.00000000 0.08661418 0.00787402
vn 0.94488192 0.33070865 0.06299213
vn 0.99212599 0.08661418 0.02362205
vn 1.00000000 0.03149606 0.02362205
vn 0.98425198 0.17322835 0.00787402
vn 0.74803150 0.66141731 -0.09448819
vn 1.00000000 0.01574803 -0.00787402
vn 1.00000000 -0.03937008 0.01574803
vn 1.00000000 -0.07874016 0.00000000
vn 0.89763778 -0.43307087 0.05511811
vn 0.99212599 -0.10236220 0.01574803
vn 0.92125982 -0.38582677 -0.03937008
vn 1.00000000 -0.07086614 0.00000000
vn 0.97637796 -0.19685039 0.01574803
vn 1.00000000 -0.02362205 0.00787402
vn 1.00000000 -0.03937008 0.07874016
vn 0.96062994 0.07086614 0.25984251
vn 0.79527557 -0.59842521 -0.05511811
vn 0.97637796 0.20472440 0.00787402
vn 1.00000000 -0.07086614 -0.02362205
vn 1.00000000 0.04724409 0.01574803
vn 1.00000000 -0.01574803 -0.01574803
vn 0.98425198 0.15748031 0.04724409
vn 0.99212599 0.09448819 0.03149606
vn 1.00000000 0.03149606 -0.00787402
vn 0.75590551 -0.54330707 -0.36220473
vn 0.99212599 -0.13385826 -0.03937008
vn 0.99212599 -0.08661418 -0.03149606
vn 1.00000000 -0.03149606 -0.02362205
vn 0.73228347 -0.49606299 -0.46456692
vn 1.00000000 -0.07874016 -0.01574803
vn 0.88188976 -0.34645671 -0.32283464
vn 1.00000000 0.07874016 -0.01574803
vn 0.99212599 0.14173228 -0.02362205
vn 0.88188976 -0.46456692 0.07086614
vn 1.00000000 -0.03149606 -0.00787402
vn 0.71653545 -0.14173228 -0.68503934
vn 1.00000000 -0.03149606 -0.03149606
vn 0.99212599 0.10236220 -0.09448819
vn 0.86614174 0.49606299 -0.08661418
vn 0.98425198 0.14960630 -0.06299213
vn 1.00000000 0.02362205 0.00000000
vn 0.89763778 0.43307087 0.02362205
vn 0.96062994 -0.26771653 0.03149606
vn 0.96850395 -0.25196850 0.05511811
vn 0.82677168 0.10236220 0.55905509
vn 1.00000000 0.03937008 0.00787402
vn 1.00000000 0.03937008 0.02362205
vn 0.96850395 0.22834645 0.04724409
vn 0.85826772 0.50393701 -0.09448819
vn 1.00000000 0.04724409 -0.00787402
vn 0.97637796 0.17322835 -0.09448819
vn 1.00000000 0.01574803 0.00000000
vn 0.04724409 0.96850395 0.23622048
vn -0.11023622 0.98425198 0.13385826
vn -0.43307087 0.90551180 -0.01574803
vn -0.00787402 1.00000000 0.00787402
vn 0.00787402 1.00000000 0.00000000
vn -0.12598425 0.99212599 0.01574803
vn 0.00000000 1.00000000 -0.00787402
vn -0.03149606 1.00000000 0.00000000
vn 0.01574803 1.00000000 -0.01574803
vn -0.29921260 0.95275593 0.08661418
vn -0.16535433 0.98425198 -0.00787402
vn -0.24409449 0.96062994 -0.14960630
vn -0.03937008 0.99212599 0.11023622
vn 0.03149606 1.00000000 0.02362205
vn -0.10236220 0.99212599 0.00000000
vn 0.29921260 0.95275593 -0.07086614
vn -0.05511811 1.00000000 -0.02362205
vn 0.40944880 0.89763778 -0.14960630
vn 0.03149606 1.00000000 -0.01574803
vn -0.04724409 0.99212599 -0.10236220
vn 0.69291341 0.66141731 -0.28346455
vn 0.19685039 0.92913383 -0.31496063
vn 0.00787402 0.99212599 -0.13385826
vn 0.07086614 1.00000000 0.00000000
vn 0.13385826 0.99212599 -0.02362205
vn 0.50393701 0.85826772 -0.07086614
vn 0.25984251 0.92913383 0.26771653
vn 0.02362205 1.00000000 0.00000000
vn 0.91338581 0.31496063 0.27559054
vn 0.85039371 0.44881889 0.27559054
vn 0.01574803 1.00000000 0.03937008
vn 0.11023622 0.99212599 0.01574803
vn 0.03149606 1.00000000 0.00787402
vn 0.12598425 0.99212599 0.03149606
vn 0.14960630 0.98425198 -0.03937008
vn 0.14960630 0.98425198 -0.04724409
vn -0.18110237 0.98425198 0.03149606
vn -0.07874016 0.99212599 0.13385826
vn 0.07086614 0.99212599 0.06299213
vn -0.37007874 0.92125982 0.11811024
vn -0.03937008 1.00000000 0.00787402
vn -0.01574803 1.00000000 0.00787402
vn -0.18110237 0.98425198 0.01574803
vn -0.60629922 0.79527557 0.00000000
vn -0.36220473 0.90551180 0.22047244
vn -0.22047244 0.96850395 0.12598425
vn 0.02362205 1.00000000 -0.00787402
vn 0.04724409 1.00000000 0.00787402
vn 0.36220473 0.92913383 -0.09448819
vn -1.00000000 0.04724409 -0.00787402
vn -0.96062994 0.29133859 0.00787402
vn -1.00000000 0.00787402 -0.00787402
vn -1.00000000 0.03149606 -0.02362205
vn -1.00000000 0.04724409 0.06299213
vn -0.99212599 0.10236220 0.00787402
vn -1.00000000 0.07086614 0.00000000
vn -0.75590551 0.65354329 0.00787402
vn -0.99212599 0.09448819 -0.02362205
vn -1.00000000 0.03937008 0.07086614
vn -0.80314958 0.59055120 -0.07086614
vn -0.94488192 0.31496063 0.06299213
vn -0.86614174 0.41732284 0.26771653
vn -1.00000000 0.06299213 0.02362205
vn -1.00000000 0.03149606 -0.00787402
vn -0.98425198 0.12598425 0.10236220
vn -0.96850395 -0.15748031 0.21259843
vn -1.00000000 -0.04724409 0.02362205
vn -1.00000000 0.00787402 0.01574803
vn -0.96062994 0.22047244 0.15748031
vn -0.88188976 -0.47244096 0.03937008
vn -0.99212599 0.00000000 0.12598425
vn -0.00787402 -1.00000000 -0.01574803
vn 0.04724409 -0.99212599 0.11023622
vn -0.25984251 -0.96062994 -0.03937008
vn -0.06299213 -0.99212599 -0.07874016
vn -0.98425198 0.18897638 -0.01574803
vn -0.99212599 -0.03149606 -0.09448819
vn -1.00000000 0.00787402 -0.05511811
vn -0.98425198 -0.13385826 -0.11811024
vn -1.00000000 -0.01574803 -0.03937008
vn -1.00000000 -0.01574803 0.01574803
vn -1.00000000 0.08661418 0.00787402
vn -0.97637796 0.20472440 0.03937008
vn -0.92913383 0.33858266 0.13385826
vn -0.98425198 0.17322835 0.07086614
vn -1.00000000 0.04724409 0.00787402
vn -1.00000000 -0.06299213 -0.03149606
vn -1.00000000 -0.02362205 0.00787402
vn -0.96850395 -0.23622048 -0.07086614
vn -1.00000000 -0.07086614 -0.02362205
vn -0.98425198 -0.14173228 -0.10236220
vn -0.96850395 0.15748031 0.17322835
vn -0.88188976 -0.45669290 0.11023622
vn -1.00000000 0.02362205 0.06299213
vn -0.98425198 0.03149606 0.17322835
vn -0.44094488 -0.89763778 0.00000000
vn -0.02362205 -1.00000000 0.01574803
vn -0.06299213 -0.99212599 0.07874016
vn -0.23622048 -0.96850395 0.00000000
vn -0.03149606 -1.00000000 0.00787402
vn 0.09448819 -0.94488192 0.30708662
vn 0.02362205 -1.00000000 0.02362205
vn 0.03149606 -0.97637796 0.19685039
vn 0.06299213 -1.00000000 0.01574803
vn -0.04724409 1.00000000 -0.06299213
vn 0.00000000 1.00000000 0.02362205
vn -0.04724409 1.00000000 -0.03937008
vn -0.03149606 1.00000000 -0.00787402
vn -0.00787402 1.00000000 -0.03937008
vn -0.45669290 0.88976377 -0.03937008
vn -0.08661418 1.00000000 -0.02362205
vn -0.00787402 1.00000000 -0.01574803
vn -0.07086614 1.00000000 0.00787402
vn -0.45669290 0.88188976 -0.11023622
vn 1.00000000 -0.01574803 0.00000000
vn 1.00000000 -0.06299213 0.00000000
vn -0.95275593 -0.31496063 0.00787402
vn -0.94488192 -0.33070865 -0.00787402
vn -0.76377952 -0.62992126 0.13385826
vn -0.80314958 -0.59055120 0.04724409
vn -0.96850395 -0.19685039 0.14173228
vn -0.99212599 -0.10236220 0.01574803
vn -0.97637796 0.10236220 0.18110237
vn -0.99212599 0.07874016 0.04724409
vn -1.00000000 -0.05511811 -0.01574803
vn -1.00000000 0.03937008 0.00787402
vn -0.98425198 0.18897638 0.00787402
vn -0.98425198 0.15748031 0.03937008
vn -0.99212599 -0.08661418 -0.02362205
vn -0.99212599 0.14173228 0.01574803
vn -0.99212599 0.09448819 0.02362205
vn -0.77165353 0.59055120 0.23622048
vn -1.00000000 0.03149606 0.01574803
vn -0.92913383 0.37007874 0.06299213
vn -0.13385826 -0.99212599 -0.00787402
vn -0.99212599 -0.10236220 -0.05511811
vn -0.99212599 -0.14173228 0.05511811
vn -0.99212599 -0.12598425 -0.03937008
vn -0.97637796 -0.19685039 -0.06299213
vn -0.97637796 -0.15748031 -0.11811024
vn -0.99212599 0.14173228 -0.00787402
vn -0.90551180 0.40944880 -0.07086614
vn -0.88188976 0.47244096 -0.03149606
vn -0.85826772 0.49606299 -0.11023622
vn -0.99212599 -0.11023622 0.03937008
vn -0.96850395 0.23622048 -0.02362205
vn -1.00000000 -0.06299213 0.00000000
vn -0.94488192 -0.32283464 0.00000000
vn -0.88976377 -0.40157479 0.22834645
vn -0.92913383 -0.34645671 0.13385826
vn -1.00000000 -0.02362205 0.00000000
vn -0.99212599 -0.03149606 0.11023622
vn -0.97637796 -0.01574803 0.22834645
vn -1.00000000 -0.00787402 0.03149606
vn -1.00000000 0.05511811 0.00787402
vn -0.89763778 0.44881889 0.05511811
vn -0.98425198 -0.00787402 0.18110237
vn -0.92125982 0.24409449 0.30708662
vn -1.00000000 0.00000000 0.01574803
vn -0.99212599 0.06299213 0.07086614
vn -0.99212599 0.08661418 0.06299213
vn -1.00000000 -0.04724409 -0.03149606
vn -1.00000000 0.03937008 0.00000000
vn -0.75590551 0.65354329 0.09448819
vn -0.99212599 -0.03149606 -0.13385826
vn -1.00000000 -0.03937008 -0.07874016
vn -1.00000000 -0.00787402 -0.00787402
vn -1.00000000 0.01574803 0.00787402
vn -0.94488192 -0.21259843 -0.25984251
vn -1.00000000 -0.04724409 -0.03937008
vn -1.00000000 -0.00787402 -0.03937008
vn -0.92913383 -0.23622048 -0.27559054
vn -1.00000000 0.02362205 0.01574803
vn -1.00000000 -0.02362205 -0.03937008
vn -0.91338581 -0.22047244 -0.33858266
vn -1.00000000 -0.03149606 -0.04724409
vn -0.94488192 -0.14960630 -0.28346455
vn -1.00000000 -0.07874016 -0.02362205
vn -0.92913383 -0.33858266 -0.15748031
vn -0.61417323 -0.77165353 -0.17322835
vn -0.99212599 0.10236220 0.04724409
vn -0.95275593 0.25984251 0.14960630
vn -0.99212599 0.10236220 0.07086614
vn 0.29921260 0.92913383 -0.22834645
vn 0.62204725 0.77952754 0.10236220
vn 0.00787402 1.00000000 0.01574803
vn 0.09448819 0.98425198 0.17322835
vn 0.01574803 1.00000000 0.05511811
vn 0.01574803 1.00000000 0.03149606
vn 0.12598425 0.95275593 0.26771653
vn 0.04724409 0.89763778 0.44094488
vn -0.03149606 0.96850395 0.24409449
vn -0.02362205 1.00000000 0.04724409
vn -0.00787402 1.00000000 -0.02362205
vn -0.09448819 0.99212599 0.07874016
vn -0.03937008 1.00000000 0.03937008
vn -0.03937008 1.00000000 0.01574803
vn -0.10236220 0.99212599 0.07874016
vn 0.22047244 0.97637796 -0.04724409
vn -0.07086614 0.99212599 0.11811024
vn -0.20472440 0.97637796 0.02362205
vn -0.09448819 0.99212599 -0.02362205
vn 0.04724409 0.99212599 -0.07874016
vn -0.07874016 1.00000000 -0.02362205
vn 0.00787402 1.00000000 -0.00787402
vn 0.19685039 0.97637796 -0.11023622
vn 0.11811024 0.92913383 -0.34645671
vn -0.04724409 0.98425198 -0.18110237
vn 0.03149606 1.00000000 -0.06299213
vn -0.01574803 1.00000000 -0.00787402
vn 0.02362205 1.00000000 -0.03149606
vn -0.04724409 0.98425198 -0.15748031
vn -0.01574803 1.00000000 -0.02362205
vn -0.04724409 1.00000000 0.00000000
vn -0.03149606 1.00000000 -0.04724409
vn -0.34645671 0.93700784 -0.03937008
vn -0.12598425 0.99212599 -0.03149606
vn -0.42519686 0.88976377 -0.15748031
vn 1.00000000 0.05511811 -0.05511811
vn 0.99212599 -0.02362205 -0.09448819
vn 0.99212599 -0.04724409 -0.09448819
vn 1.00000000 0.04724409 -0.02362205
vn 0.96850395 0.22047244 -0.08661418
vn 1.00000000 0.03937008 -0.00787402
vn 1.00000000 -0.02362205 0.07874016
vn 1.00000000 -0.03937008 0.07086614
vn 1.00000000 -0.02362205 0.04724409
vn 0.99212599 -0.07874016 0.09448819
vn 0.98425198 -0.08661418 0.15748031
vn 1.00000000 -0.00787402 0.00000000
vn 0.96850395 -0.22047244 0.14173228
vn 1.00000000 0.03937008 -0.03149606
vn 1.00000000 -0.03937008 0.04724409
vn 1.00000000 0.01574803 -0.04724409
vn 0.98425198 -0.11023622 0.13385826
vn 0.96062994 -0.13385826 0.25196850
vn 0.99212599 -0.07874016 0.04724409
vn 1.00000000 -0.03937008 0.03149606
vn 0.98425198 0.12598425 -0.11023622
vn 0.99212599 0.05511811 -0.11023622
vn 1.00000000 0.02362205 -0.01574803
vn 0.98425198 0.14960630 -0.10236220
vn 0.68503934 -0.68503934 0.25984251
vn 1.00000000 -0.01574803 0.00787402
vn 1.00000000 0.07874016 -0.03149606
vn 1.00000000 -0.07874016 0.02362205
vn 0.96850395 -0.24409449 0.04724409
vn 0.99212599 0.08661418 -0.04724409
vn 0.99212599 0.10236220 -0.06299213
vn 0.99212599 0.10236220 -0.04724409
vn 0.99212599 -0.09448819 0.00787402
vn 1.00000000 -0.02362205 0.01574803
vn 1.00000000 0.06299213 -0.03149606
vn -0.00787402 -1.00000000 0.00000000
vn -0.02362205 -1.00000000 0.02362205
vn 0.03937008 -1.00000000 0.00000000
vn 0.00787402 -1.00000000 -0.00787402
vn -0.10236220 -0.99212599 -0.03149606
vn 0.00000000 -1.00000000 -0.02362205
vn -0.11023622 -0.99212599 -0.05511811
vn -0.15748031 -0.98425198 0.00000000
vn 0.96850395 0.23622048 -0.03149606
vn 0.94488192 0.29133859 -0.16535433
vn 1.00000000 0.05511811 -0.04724409
vn 1.00000000 0.04724409 -0.01574803
vn 0.98425198 0.05511811 -0.14960630
vn 0.99212599 -0.03937008 -0.07874016
vn 0.99212599 0.07086614 -0.12598425
vn 0.98425198 -0.01574803 -0.17322835
vn 1.00000000 -0.00787402 -0.01574803
vn 0.99212599 -0.13385826 -0.03149606
vn 0.98425198 -0.14173228 -0.07086614
vn 0.99212599 0.13385826 0.00787402
vn 1.00000000 0.05511811 -0.00787402
vn 1.00000000 0.02362205 0.05511811
vn 0.99212599 0.11023622 -0.00787402
vn 0.99212599 0.11811024 0.01574803
vn 0.82677168 0.52755904 0.20472440
vn 1.00000000 0.05511811 0.05511811
vn 0.99212599 0.00787402 0.08661418
vn 1.00000000 -0.00787402 0.07874016
vn 1.00000000 -0.01574803 0.03149606
vn -0.05511811 -1.00000000 -0.00787402
vn -0.10236220 -0.99212599 0.00787402
vn -0.11023622 -0.99212599 -0.01574803
vn -0.22834645 -0.97637796 0.00000000
vn -0.02362205 -0.99212599 -0.08661418
vn -0.05511811 -1.00000000 -0.02362205
vn 0.14960630 0.99212599 0.03937008
vn 0.30708662 0.95275593 -0.04724409
vn -0.09448819 0.99212599 -0.01574803
vn -0.07874016 1.00000000 0.01574803
vn -0.06299213 1.00000000 -0.02362205
vn 0.00787402 1.00000000 -0.01574803
vn -0.35433072 0.92125982 -0.16535433
vn 0.04724409 0.99212599 -0.11811024
vn -0.10236220 0.99212599 -0.03937008
vn -0.16535433 0.98425198 -0.03937008
vn 0.02362205 1.00000000 -0.03937008
vn 0.00000000 1.00000000 0.03149606
vn 0.29921260 0.86614174 0.39370078
vn 0.12598425 0.96062994 0.24409449
vn 0.01574803 1.00000000 0.00787402
vn -0.05511811 0.91338581 0.40944880
vn -0.00787402 1.00000000 0.01574803
vn 0.00787402 0.97637796 0.21259843
vn 0.02362205 1.00000000 0.01574803
vn 0.42519686 0.87401575 0.24409449
vn 0.55118108 0.74803150 0.36220473
vn 0.04724409 1.00000000 0.04724409
vn -0.02362205 1.00000000 -0.01574803
vn 0.05511811 1.00000000 0.03937008
vn 0.01574803 1.00000000 0.01574803
vn 0.05511811 1.00000000 0.04724409
vn 0.78740156 0.35433072 0.50393701
vn 0.71653545 0.46456692 0.51968503
vn 0.29921260 0.91338581 0.28346455
vn 0.03149606 1.00000000 0.05511811
vn -0.01574803 0.97637796 -0.19685039
vn 0.03937008 0.99212599 0.08661418
vn 0.14173228 0.98425198 0.06299213
vn 0.03149606 1.00000000 0.03149606
vn -0.92913383 0.36220473 0.06299213
vn -1.00000000 0.07874016 -0.00787402
vn -0.85039371 0.52755904 -0.07874016
vn -1.00000000 0.06299213 -0.00787402
vn -0.77952754 0.56692910 -0.25984251
vn -0.96062994 0.18897638 -0.18897638
vn -1.00000000 0.00000000 -0.00787402
vn -0.99212599 -0.03937008 -0.13385826
vn -0.99212599 0.06299213 -0.12598425
vn -0.92125982 0.08661418 -0.37795275
vn -0.88188976 -0.00787402 -0.47244096
vn -0.99212599 0.03149606 -0.13385826
vn -1.00000000 -0.03937008 0.00000000
vn -0.99212599 -0.13385826 0.07086614
vn -1.00000000 -0.04724409 -0.04724409
vn -0.89763778 -0.44094488 -0.07874016
vn -0.98425198 -0.17322835 0.05511811
vn -0.98425198 -0.06299213 0.15748031
vn -0.98425198 -0.02362205 0.15748031
vn 0.10236220 -0.98425198 0.14960630
vn 0.01574803 -1.00000000 0.08661418
vn 0.00000000 -1.00000000 -0.01574803
vn 0.83464569 0.55118108 -0.00787402
vn 0.30708662 0.95275593 -0.05511811
vn 0.07086614 1.00000000 -0.01574803
vn 0.92913383 0.37795275 0.00787402
vn 1.00000000 0.02362205 0.01574803
vn 1.00000000 0.00787402 0.00000000
vn 1.00000000 0.03149606 0.00000000
vn 0.98425198 0.15748031 0.05511811
vn 0.99212599 -0.04724409 0.14173228
vn 1.00000000 -0.03149606 0.05511811
vn 0.99212599 0.10236220 -0.01574803
vn 0.99212599 0.13385826 -0.04724409
vn 0.99212599 -0.11811024 0.00787402
vn 0.85826772 -0.51181102 0.03937008
vn 0.79527557 -0.60629922 0.00787402
vn 0.90551180 -0.42519686 -0.01574803
vn 0.82677168 -0.55905509 -0.04724409
vn 1.00000000 -0.01574803 -0.00787402
vn 0.96062994 0.26771653 0.04724409
vn 0.96850395 0.25196850 -0.03937008
vn 1.00000000 -0.04724409 0.02362205
vn 1.00000000 0.02362205 -0.00787402
vn 0.99212599 0.12598425 -0.00787402
vn 1.00000000 -0.06299213 0.00787402
vn 0.77165353 -0.62992126 -0.03149606
vn 0.93700784 0.25196850 -0.23622048
vn 1.00000000 -0.02362205 -0.05511811
vn 0.99212599 -0.09448819 -0.03149606
vn 0.99212599 -0.14173228 -0.05511811
vn 0.91338581 -0.39370078 -0.07874016
vn 0.32283464 -0.94488192 -0.03149606
vn 1.00000000 -0.02362205 0.00000000
vn 0.08661418 -1.00000000 0.00787402
vn 0.03937008 -1.00000000 0.00787402
vn 0.33070865 -0.94488192 -0.02362205
vn 0.04724409 -1.00000000 -0.00787402
vn 0.14960630 -0.98425198 -0.03937008
vn -0.00787402 -1.00000000 -0.03149606
vn 0.00787402 -1.00000000 -0.02362205
vn 0.05511811 -1.00000000 -0.05511811
vn -0.03937008 -1.00000000 -0.03149606
vn -0.11023622 -0.99212599 -0.00787402
vn 0.03149606 -1.00000000 -0.00787402
vn -0.27559054 -0.94488192 -0.16535433
vn -0.15748031 -0.98425198 -0.03149606
vn -0.01574803 -1.00000000 -0.00787402
vn 0.14960630 -0.99212599 -0.04724409
vn 0.10236220 -0.99212599 0.02362205
vn 0.01574803 -1.00000000 0.03149606
vn 0.17322835 -0.97637796 0.12598425
vn 0.14173228 -0.96850395 0.18897638
vn 0.14960630 -0.96062994 0.22834645
vn 0.21259843 -0.96850395 0.11811024
vn -0.54330707 0.69291341 -0.46456692
vn -0.51968503 0.72440946 -0.45669290
vn -0.03149606 1.00000000 -0.03149606
vn -0.01574803 1.00000000 -0.05511811
vn 0.00787402 1.00000000 -0.03937008
vn 0.13385826 0.99212599 -0.01574803
vn 0.09448819 0.99212599 0.06299213
vn -0.06299213 1.00000000 -0.03149606
vn -0.07874016 0.99212599 -0.07086614
vn -0.17322835 0.97637796 -0.11811024
vn 0.26771653 0.96062994 0.08661418
vn 0.88188976 0.40944880 0.25196850
vn 0.11811024 0.99212599 0.00787402
vn 0.19685039 0.97637796 0.02362205
vn 0.48818898 0.85826772 0.14960630
vn 0.03937008 1.00000000 0.04724409
vn 0.03937008 1.00000000 0.02362205
vn -0.12598425 0.99212599 -0.03937008
vn -0.11023622 0.98425198 -0.13385826
vn 0.08661418 0.98425198 0.14960630
vn -0.09448819 0.99212599 -0.07086614
vn 0.13385826 0.96850395 0.21259843
vn 0.06299213 0.99212599 0.09448819
vn 0.23622048 0.96850395 0.10236220
vn -0.37007874 0.92125982 -0.09448819
vn 0.25984251 0.96062994 0.03149606
vn 0.06299213 1.00000000 0.02362205
vn 0.18897638 0.97637796 0.08661418
vn -0.11811024 0.98425198 -0.11811024
vn -0.18897638 0.97637796 -0.11811024
vn 0.08661418 0.99212599 -0.00787402
vn -0.02362205 1.00000000 -0.00787402
vn -0.05511811 1.00000000 -0.01574803
vn -0.02362205 1.00000000 -0.07086614
vn -0.04724409 1.00000000 -0.00787402
vn 0.05511811 0.99212599 -0.09448819
vn 0.32283464 0.93700784 -0.09448819
vn 0.05511811 1.00000000 -0.00787402
vn -0.22047244 0.97637796 -0.03937008
vn -0.07086614 1.00000000 -0.00787402
vn -0.40944880 0.90551180 -0.10236220
vn -0.04724409 1.00000000 -0.03149606
vn -0.18110237 0.97637796 -0.11023622
vn 0.03937008 1.00000000 0.00000000
vn 0.06299213 1.00000000 -0.06299213
vn 0.33070865 0.94488192 -0.03149606
vn 0.20472440 0.94488192 0.25984251
vn 0.35433072 0.92125982 0.14960630
vn 0.42519686 0.85039371 0.30708662
vn 0.62204725 0.77165353 0.14960630
vn 0.55118108 0.77165353 0.31496063
vn 0.04724409 1.00000000 0.00000000
vn -0.02362205 1.00000000 0.00000000
vn 0.00000000 1.00000000 0.00000000
vn -0.66929132 -0.51181102 -0.53543305
vn 0.00000000 1.00000000 0.01574803
vn -0.13385826 0.98425198 -0.09448819
vn 0.09448819 0.79527557 0.60629922
vn 0.03937008 1.00000000 0.05511811
vn -0.06299213 1.00000000 0.05511811
vn -0.87401575 0.47244096 -0.09448819
vn -0.07086614 1.00000000 -0.02362205
vn -0.33070865 0.93700784 -0.11811024
vn -0.14960630 0.98425198 -0.03937008
vn 0.00000000 -0.99212599 -0.08661418
vn -0.21259843 -0.96850395 -0.11023622
vn -0.07874016 -0.99212599 -0.07086614
vn -0.07086614 -1.00000000 -0.05511811
vn -0.22834645 -0.95275593 -0.18110237
vn -0.25196850 -0.95275593 -0.17322835
vn 0.03937008 -1.00000000 0.02362205
vn 0.02362205 -1.00000000 0.00787402
vn 0.03149606 -1.00000000 -0.07874016
vn 0.01574803 -0.96062994 -0.29133859
vn -0.14960630 -0.99212599 -0.00787402
vn -0.10236220 -0.99212599 0.03149606
vn -0.03937008 -1.00000000 -0.01574803
vn 0.05511811 -0.99212599 0.11811024
vn 0.15748031 -0.97637796 0.12598425
vn 0.01574803 -1.00000000 -0.07874016
vn 0.00787402 -0.99212599 0.14173228
vn -0.07086614 -0.97637796 -0.21259843
vn 0.03937008 -1.00000000 -0.01574803
vn 0.07874016 -1.00000000 0.03937008
vn 0.11811024 -0.99212599 0.02362205
vn 0.18110237 -0.97637796 0.09448819
vn 0.02362205 -1.00000000 0.03937008
vn 0.07086614 -1.00000000 0.01574803
vn -0.03149606 -1.00000000 0.01574803
vn -0.25196850 -0.96850395 -0.07874016
vn -0.07086614 -1.00000000 0.03149606
vn -0.07086614 -0.99212599 0.06299213
vn -0.03149606 -1.00000000 0.00000000
vn -0.26771653 -0.96062994 0.11811024
vn -0.04724409 -1.00000000 -0.04724409
vn 0.00000000 -0.97637796 -0.20472440
vn 0.00000000 -1.00000000 -0.03937008
vn -0.10236220 -0.99212599 -0.07086614
vn 0.00787402 -1.00000000 0.02362205
vn -0.05511811 -0.97637796 -0.22834645
vn -0.01574803 -0.99212599 -0.09448819
vn -0.01574803 -0.55905509 -0.82677168
vn -0.03149606 -0.18897638 -0.98425198
vn -0.04724409 -0.11811024 -0.99212599
vn 0.97637796 0.07086614 -0.18897638
vn 0.95275593 -0.30708662 0.07086614
vn 1.00000000 -0.03937008 0.03937008
vn -0.96850395 0.18110237 -0.15748031
vn -0.99212599 0.09448819 -0.01574803
vn -0.97637796 0.20472440 -0.03149606
vn -1.00000000 0.05511811 -0.01574803
vn -0.77165353 0.60629922 -0.18897638
vn -1.00000000 0.01574803 -0.01574803
vn -1.00000000 0.03149606 -0.01574803
vn -0.83464569 -0.51181102 -0.20472440
vn -0.94488192 -0.23622048 0.21259843
vn -0.77165353 -0.62204725 0.13385826
vn -0.98425198 -0.16535433 0.02362205
vn -0.97637796 -0.22834645 0.00787402
vn -1.00000000 -0.07874016 0.01574803
vn -0.79527557 0.60629922 0.00787402
vn -0.99212599 0.12598425 0.00787402
vn -0.67716533 0.71653545 -0.16535433
vn -0.74803150 0.65354329 -0.11023622
vn -0.96062994 0.28346455 -0.01574803
vn -0.99212599 0.11811024 -0.00787402
vn -0.04724409 0.99212599 -0.07874016
vn -1.00000000 -0.00787402 0.01574803
vn -0.97637796 0.16535433 0.11811024
vn -0.85826772 0.46456692 0.21259843
vn -0.71653545 0.51181102 0.47244096
vn -0.85039371 0.53543305 0.00787402
vn -1.00000000 0.07874016 0.00787402
vn -0.91338581 0.39370078 0.08661418
vn -1.00000000 -0.03149606 0.03149606
vn -0.88188976 0.47244096 0.09448819
vn -0.99212599 -0.13385826 0.05511811
vn -1.00000000 -0.07086614 0.03149606
vn -1.00000000 0.07874016 -0.01574803
vn -0.98425198 0.18110237 -0.07874016
vn -0.98425198 -0.11811024 -0.14960630
vn -0.79527557 -0.60629922 0.05511811
vn -0.99212599 -0.03937008 -0.07874016
vn -0.98425198 0.01574803 -0.18897638
vn -0.90551180 0.38582677 -0.18110237
vn -0.93700784 0.35433072 0.02362205
vn -0.99212599 0.10236220 -0.10236220
vn -0.99212599 -0.03937008 -0.11023622
vn -0.85826772 -0.12598425 -0.49606299
vn -1.00000000 -0.06299213 -0.04724409
vn -0.67716533 -0.66929132 -0.29921260
vn -0.98425198 -0.03149606 -0.14960630
vn -0.99212599 -0.07086614 -0.06299213
vn -1.00000000 -0.03937008 -0.03149606
vn -0.87401575 0.00787402 -0.48818898
vn -0.89763778 0.00000000 -0.43307087
vn -1.00000000 0.00000000 -0.01574803
vn -1.00000000 0.00787402 -0.04724409
vn -0.99212599 -0.09448819 -0.07874016
vn -0.88976377 -0.44094488 -0.14960630
vn -0.99212599 -0.14173228 -0.01574803
vn -0.99212599 -0.11023622 -0.01574803
vn -1.00000000 -0.08661418 -0.00787402
vn -0.99212599 -0.01574803 -0.11023622
vn -1.00000000 -0.01574803 0.00787402
vn -0.87401575 0.46456692 -0.14960630
vn -1.00000000 -0.06299213 0.01574803
vn -1.00000000 0.00787402 0.00787402
vn -0.59842521 -0.55118108 -0.58267719
vn 0.01574803 -1.00000000 0.01574803
vn 0.97637796 -0.21259843 0.03937008
vn 0.97637796 -0.22047244 0.00787402
vn 0.89763778 -0.40157479 0.17322835
vn 0.92913383 -0.33070865 0.16535433
vn 0.89763778 -0.42519686 0.09448819
vn 1.00000000 -0.03149606 0.03937008
vn 0.99212599 -0.11023622 0.00787402
vn 0.87401575 0.42519686 -0.25196850
vn 0.87401575 0.44094488 -0.19685039
vn 0.99212599 0.10236220 -0.03937008
vn 0.97637796 0.22834645 0.00000000
vn 0.85039371 0.51181102 -0.14173228
vn 0.98425198 0.18110237 0.00000000
vn 0.97637796 -0.13385826 0.14960630
vn 1.00000000 0.01574803 -0.07874016
vn 0.96850395 -0.22047244 -0.09448819
vn 0.91338581 0.24409449 -0.32283464
vn 0.86614174 -0.02362205 -0.50393701
vn 0.19685039 -0.14960630 -0.96850395
vn 0.92125982 0.00000000 -0.39370078
vn 0.21259843 -0.01574803 -0.97637796
vn 0.65354329 0.00000000 -0.75590551
vn 0.79527557 0.57480317 -0.18897638
vn 0.93700784 0.33070865 -0.13385826
vn 0.99212599 -0.11811024 -0.03937008
vn 1.00000000 -0.03937008 -0.02362205
vn 0.96850395 -0.22834645 0.04724409
vn 0.75590551 -0.62992126 -0.16535433
vn 0.93700784 -0.34645671 -0.03937008
vn 0.74803150 -0.66141731 -0.07874016
vn 1.00000000 -0.04724409 -0.00787402
vn 1.00000000 -0.01574803 -0.08661418
vn 0.95275593 0.03149606 -0.29921260
vn 1.00000000 0.04724409 0.00000000
vn 0.60629922 0.78740156 -0.07874016
vn 1.00000000 0.03937008 -0.03937008
vn 0.94488192 0.33070865 0.00000000
vn 1.00000000 0.07086614 -0.00787402
vn 0.97637796 0.20472440 -0.01574803
vn 0.99212599 0.12598425 -0.02362205
vn 0.75590551 -0.51968503 0.40157479
vn 0.96062994 -0.23622048 0.14173228
vn 0.95275593 -0.24409449 0.19685039
vn 0.94488192 -0.31496063 0.05511811
vn 0.97637796 -0.20472440 0.09448819
vn 0.99212599 0.06299213 0.11023622
vn 0.98425198 -0.16535433 0.09448819
vn 0.83464569 0.10236220 0.53543305
vn 1.00000000 0.02362205 0.04724409
vn 1.00000000 -0.03937008 0.00000000
vn 0.97637796 -0.19685039 0.06299213
vn 0.91338581 -0.13385826 0.37795275
vn 0.98425198 -0.11023622 0.14960630
vn 1.00000000 -0.08661418 0.01574803
vn 0.99212599 -0.14173228 -0.00787402
vn 0.09448819 -0.96850395 -0.23622048
vn -0.27559054 0.94488192 -0.16535433
vn 0.25196850 0.96850395 -0.03149606
vn 0.09448819 0.61417323 -0.77952754
vn 1.00000000 0.03149606 -0.06299213
vn 0.65354329 0.05511811 -0.75590551
vn 0.03149606 0.11023622 -0.99212599
vn 1.00000000 0.00000000 -0.03937008
vn 0.06299213 -0.01574803 -1.00000000
vn 0.07874016 -0.15748031 -0.98425198
vn 0.25196850 0.18110237 -0.95275593
vn 0.06299213 -0.37007874 -0.92913383
vn 0.00000000 -0.16535433 -0.98425198
vn 0.00000000 -0.05511811 -1.00000000
vn -0.04724409 -0.26771653 -0.96062994
vn 0.00787402 0.05511811 -1.00000000
vn -0.02362205 0.09448819 -0.99212599
vn -0.01574803 0.10236220 -0.99212599
vn -0.02362205 0.50393701 -0.85826772
vn -0.01574803 0.00787402 -1.00000000
vn -0.04724409 1.00000000 -0.07086614
vn -0.06299213 1.00000000 -0.03937008
vn -0.20472440 0.96850395 -0.11811024
vn -0.67716533 0.72440946 -0.14173228
vn -0.70866144 0.66929132 -0.22047244
vn -0.21259843 0.97637796 -0.05511811
vn 0.00000000 1.00000000 0.00787402
vn 0.00787402 0.95275593 -0.29921260
vn -0.03937008 0.38582677 -0.92125982
vn -0.02362205 1.00000000 -0.05511811
vn -0.60629922 0.28346455 -0.74015749
vn -0.37795275 0.88188976 -0.27559054
vn -0.13385826 0.95275593 -0.26771653
vn -0.25196850 0.85826772 -0.44881889
vn -0.02362205 0.99212599 -0.09448819
vn -0.00787402 0.97637796 -0.21259843
vn 0.03149606 0.96062994 -0.27559054
vn -0.00787402 0.00000000 -1.00000000
vn 0.00787402 1.00000000 -0.07086614
vn -0.00787402 0.81102359 -0.58267719
vn -0.01574803 0.00000000 -1.00000000
vn 0.00787402 0.02362205 -1.00000000
vn 0.00000000 -0.01574803 -1.00000000
vn 0.00787402 0.04724409 -1.00000000
vn 0.00787402 0.90551180 -0.41732284
vn 0.01574803 0.98425198 -0.18110237
vn 0.02362205 1.00000000 -0.04724409
vn 0.22047244 0.96850395 -0.12598425
vn -0.00787402 1.00000000 -0.05511811
vn 0.07086614 1.00000000 0.03937008
vn 0.10236220 0.99212599 0.01574803
vn 0.29133859 0.95275593 0.04724409
vn -0.95275593 0.29133859 0.10236220
vn -0.96062994 0.28346455 0.03937008
vn -0.97637796 -0.03149606 0.21259843
vn -0.98425198 0.06299213 0.14960630
vn -0.99212599 0.12598425 0.03149606
vn -0.75590551 0.65354329 0.00000000
vn -0.92913383 -0.22834645 0.29133859
vn -1.00000000 -0.03149606 0.01574803
vn -0.80314958 -0.59842521 0.00000000
vn -0.86614174 -0.37795275 0.32283464
vn -1.00000000 0.04724409 -0.01574803
vn -0.99212599 -0.08661418 0.03149606
vn -1.00000000 -0.03149606 0.02362205
vn -0.82677168 -0.34645671 0.44094488
vn -0.93700784 0.05511811 -0.33858266
vn -0.98425198 0.11023622 -0.15748031
vn -0.99212599 -0.07086614 -0.09448819
vn -0.99212599 -0.14173228 -0.02362205
vn -0.87401575 0.48031497 -0.04724409
vn -0.97637796 -0.20472440 -0.02362205
vn -0.73228347 -0.66141731 -0.15748031
vn -0.81889760 -0.37007874 -0.44094488
vn -0.99212599 0.05511811 -0.11811024
vn -0.87401575 0.48031497 0.03149606
vn 0.00787402 -0.99212599 -0.11811024
vn 0.90551180 -0.43307087 -0.01574803
vn 0.58267719 -0.75590551 -0.28346455
vn 0.88188976 -0.16535433 -0.43307087
vn 0.98425198 -0.14960630 0.04724409
vn 0.88976377 -0.45669290 0.05511811
vn 1.00000000 -0.01574803 -0.02362205
vn 0.98425198 -0.12598425 -0.08661418
vn 0.80314958 0.04724409 -0.59842521
vn 0.05511811 -0.04724409 -1.00000000
vn -0.00787402 -0.02362205 -1.00000000
vn 0.01574803 0.01574803 -1.00000000
vn 0.00000000 0.00000000 -1.00000000
vn 0.59055120 0.00787402 -0.81102359
vn 1.00000000 0.00787402 -0.07086614
vn 0.99212599 0.13385826 -0.03937008
vn 0.88976377 0.44094488 -0.11023622
vn 0.98425198 0.11811024 -0.13385826
vn 0.99212599 0.01574803 -0.10236220
vn 0.19685039 0.07086614 -0.97637796
vn 0.14960630 0.14173228 -0.97637796
vn 0.01574803 0.00000000 -1.00000000
vn 0.00787402 0.03937008 -1.00000000
vn -0.00787402 0.11811024 -0.99212599
vn 0.32283464 -0.04724409 -0.94488192
vn 0.38582677 0.02362205 -0.92125982
vn 0.03937008 -0.06299213 -1.00000000
vn 0.10236220 -0.03937008 -0.99212599
vn 0.13385826 -0.14173228 -0.98425198
vn 0.42519686 -0.60629922 -0.66929132
vn 0.01574803 -0.03149606 -1.00000000
vn 0.10236220 -0.18897638 -0.97637796
vn 0.11023622 -0.13385826 -0.98425198
vn 0.17322835 -0.40157479 -0.89763778
vn 0.04724409 -0.20472440 -0.97637796
vn 0.00000000 -0.03149606 -1.00000000
vn 0.01574803 -0.09448819 -0.99212599
vn -0.00787402 0.02362205 -1.00000000
vn -0.01574803 0.18897638 -0.98425198
vn -0.02362205 0.02362205 -1.00000000
vn -0.53543305 0.61417323 -0.58267719
vn -0.06299213 0.11811024 -0.99212599
vn 0.00000000 -0.00787402 -1.00000000
vn -0.07874016 0.08661418 -0.99212599
vn -0.00787402 0.03149606 -1.00000000
vn 0.02362205 0.22047244 -0.97637796
vn -0.11023622 0.33070865 -0.93700784
vn -0.02362205 0.06299213 -1.00000000
vn -0.00787402 0.03937008 -1.00000000
vn 0.02362205 0.66929132 -0.74803150
vn -0.02362205 0.03149606 -1.00000000
vn -0.18897638 0.09448819 -0.97637796
vn -0.04724409 -0.00787402 -1.00000000
vn -0.00787402 -0.03937008 -1.00000000
vn -0.33858266 -0.33070865 -0.88188976
vn -0.01574803 -0.30708662 -0.95275593
vn -0.00787402 -0.14173228 -0.99212599
vn -0.03149606 0.00000000 -1.00000000
vn 0.03937008 0.20472440 -0.97637796
vn -0.14960630 -0.32283464 -0.93700784
vn 0.05511811 0.18897638 -0.98425198
vn -0.01574803 -0.24409449 -0.96850395
vn 0.00787402 0.07086614 -1.00000000
vn 0.03937008 0.22047244 -0.97637796
vn 0.03937008 0.02362205 -1.00000000
vn 0.03937008 0.26771653 -0.96062994
vn 0.16535433 0.19685039 -0.96850395
vn 0.04724409 -0.07874016 -0.99212599
vn 0.03149606 -0.12598425 -0.99212599
vn 0.18897638 -0.46456692 -0.86614174
vn 0.03149606 -0.30708662 -0.95275593
vn 0.07086614 -0.27559054 -0.96062994
vn 0.05511811 -0.15748031 -0.98425198
vn 0.02362205 -0.15748031 -0.98425198
vn 0.11811024 0.06299213 -0.99212599
vn 0.09448819 -0.24409449 -0.96850395
vn -0.98425198 0.15748031 0.06299213
vn -0.52755904 0.14173228 -0.84251970
vn -0.20472440 0.00000000 -0.97637796
vn -0.27559054 -0.00787402 -0.96062994
vn -0.25196850 0.00787402 -0.96850395
vn 0.01574803 0.68503934 -0.72440946
vn 0.07086614 1.00000000 -0.03937008
vn -0.00787402 0.07874016 -1.00000000
vn 0.01574803 0.21259843 -0.97637796
vn 0.18110237 0.97637796 -0.12598425
vn -0.02362205 0.82677168 -0.55905509
vn 0.00787402 0.93700784 -0.35433072
vn -0.00787402 0.71653545 -0.70078743
vn 0.00000000 0.00787402 -1.00000000
vn -0.01574803 0.09448819 -0.99212599
vn 0.00000000 0.01574803 -1.00000000
vn 0.10236220 0.07874016 -0.99212599
vn 0.10236220 0.44094488 -0.88976377
vn -0.08661418 0.40157479 -0.91338581
vn 0.02362205 0.03149606 -1.00000000
vn 0.04724409 0.03937008 -1.00000000
vn 0.29133859 0.34645671 -0.88976377
vn 0.30708662 0.26771653 -0.91338581
vn 0.31496063 -0.18897638 -0.92913383
vn 0.05511811 -0.06299213 -1.00000000
vn 0.04724409 0.00787402 -1.00000000
vn 0.09448819 -0.11811024 -0.98425198
vn 0.18897638 -0.14960630 -0.96850395
vn 0.21259843 -0.30708662 -0.92913383
vn -0.08661418 0.13385826 -0.98425198
vn -0.02362205 0.12598425 -0.99212599
vn -0.01574803 0.07086614 -1.00000000
vn -0.31496063 0.45669290 -0.83464569
vn -0.21259843 0.38582677 -0.89763778
vn -0.02362205 0.04724409 -1.00000000
vn 0.02362205 -0.03149606 -1.00000000
vn 0.01574803 0.07874016 -1.00000000
vn 0.02362205 0.38582677 -0.92125982
vn 0.02362205 0.08661418 -1.00000000
vn 0.02362205 -0.11023622 -0.99212599
vn -0.02362205 0.00000000 -1.00000000
vn 0.17322835 -0.28346455 -0.94488192
vn 0.01574803 -0.07086614 -1.00000000
vn 0.04724409 -0.33070865 -0.94488192
vn 0.07086614 -0.13385826 -0.99212599
vn 0.03937008 -0.40157479 -0.91338581
vn -0.06299213 0.07874016 -0.99212599
vn -0.17322835 0.18897638 -0.96850395
vn -0.48031497 0.35433072 -0.80314958
vn -0.39370078 0.13385826 -0.91338581
vn -0.37007874 -0.14960630 -0.91338581
vn -0.20472440 0.34645671 -0.91338581
vn 0.05511811 0.00000000 -1.00000000
vn 0.03149606 -0.01574803 -1.00000000
vn 0.33070865 -0.18110237 -0.92913383
vn 0.14960630 -0.06299213 -0.98425198
vn 0.15748031 -0.04724409 -0.98425198
vn 0.06299213 0.00787402 -1.00000000
vn 0.59055120 0.17322835 -0.78740156
vn 0.55905509 0.05511811 -0.82677168
vn 0.02362205 0.07874016 -1.00000000
vn 0.17322835 0.64566928 -0.74015749
vn 0.05511811 0.03937008 -1.00000000
vn 0.01574803 -0.01574803 -1.00000000
vn 0.00787402 -0.04724409 -1.00000000
vn -0.03149606 -0.13385826 -0.99212599
vn -0.05511811 -0.44094488 -0.89763778
vn -0.07086614 -0.10236220 -0.99212599
vn 0.03937008 -0.13385826 -0.99212599
vn -0.08661418 -0.06299213 -0.99212599
vn -0.03149606 -0.02362205 -1.00000000
vn -0.02362205 0.01574803 -1.00000000
vn -0.23622048 -0.03937008 -0.96850395
vn -0.55118108 0.54330707 -0.62992126
vn -0.02362205 0.00787402 -1.00000000
vn -0.11023622 -0.09448819 -0.99212599
vn -0.04724409 0.03149606 -1.00000000
vn -0.10236220 0.18897638 -0.97637796
vn -0.25984251 -0.47244096 -0.84251970
vn -0.00787402 -0.00787402 -1.00000000
vn 0.00787402 -0.01574803 -1.00000000
vn 0.00787402 0.03149606 -1.00000000
vn 0.00787402 0.36220473 -0.92913383
vn -0.02362205 0.08661418 -0.99212599
vn -0.03937008 0.00000000 -1.00000000
vn 0.00787402 0.00787402 -1.00000000
vn -0.05511811 0.03149606 -1.00000000
vn 0.03937008 0.10236220 -0.99212599
vn -0.03937008 0.18897638 -0.98425198
vn -0.03149606 0.14960630 -0.98425198
vn -0.03149606 0.19685039 -0.97637796
vn -0.01574803 0.07874016 -1.00000000
vn 0.04724409 -0.10236220 -0.99212599
vn 0.06299213 -0.07874016 -0.99212599
vn 0.05511811 -0.19685039 -0.97637796
vn 0.04724409 -0.11811024 -0.99212599
vn -0.05511811 0.27559054 -0.96062994
vn -0.03149606 0.40157479 -0.91338581
vn -0.22834645 0.61417323 -0.75590551
vn 0.00000000 -0.14173228 -0.99212599
vn -0.01574803 -0.21259843 -0.97637796
vn -0.24409449 0.34645671 -0.90551180
vn -0.01574803 0.06299213 -1.00000000
vn -0.03937008 0.32283464 -0.94488192
vn -0.02362205 -0.14173228 -0.99212599
vn -0.00787402 0.14960630 -0.99212599
vn -0.05511811 -0.13385826 -0.99212599
vn -0.08661418 0.23622048 -0.96850395
vn -0.12598425 0.03149606 -0.99212599
vn 0.02362205 0.10236220 -0.99212599
vn -0.13385826 -0.10236220 -0.98425198
vn -0.45669290 -0.07086614 -0.88976377
vn -0.02362205 -0.00787402 -1.00000000
vn -0.13385826 -0.59842521 -0.78740156
vn -0.18110237 0.03149606 -0.98425198
vn 0.01574803 -0.05511811 -1.00000000
vn -0.04724409 -0.07874016 -1.00000000
vn 0.03149606 0.07874016 -1.00000000
vn 0.03149606 -0.07086614 -1.00000000
vn -0.33858266 -0.15748031 -0.92913383
vn 0.00787402 -0.08661418 -1.00000000
vn -0.02362205 -0.25984251 -0.96850395
vn 0.00000000 -0.04724409 -1.00000000
vn 0.16535433 -0.37007874 -0.91338581
vn 0.11811024 -0.30708662 -0.94488192
vn -0.09448819 -0.05511811 -0.99212599
vn -0.00787402 -0.01574803 -1.00000000
vn -0.18110237 0.00000000 -0.98425198
vn -0.06299213 0.03149606 -1.00000000
vn -0.11023622 0.10236220 -0.99212599
vn -0.00787402 0.19685039 -0.98425198
vn -0.01574803 0.04724409 -1.00000000
vn 0.07086614 0.01574803 -1.00000000
vn 0.11811024 -0.06299213 -0.99212599
vn 0.00787402 -0.02362205 -1.00000000
vn -0.03149606 0.14173228 -0.99212599
vn -0.28346455 0.82677168 -0.48818898
vn 0.00000000 -0.06299213 -1.00000000
vn -0.17322835 0.33858266 -0.92125982
vn -0.03149606 0.08661418 -0.99212599
vn -0.18897638 0.36220473 -0.91338581
vn -0.10236220 0.14960630 -0.98425198
vn -0.08661418 0.16535433 -0.98425198
vn 0.01574803 -0.03937008 -1.00000000
vn 0.10236220 -0.22047244 -0.96850395
vn 0.05511811 -0.12598425 -0.99212599
vn 0.04724409 -0.07086614 -1.00000000
vn 0.03149606 -0.35433072 -0.93700784
vn 0.00000000 -0.10236220 -0.99212599
vn 0.03149606 -0.07874016 -1.00000000
vn 0.07086614 -0.43307087 -0.89763778
vn -0.01574803 -0.05511811 -1.00000000
vn -0.13385826 -0.11811024 -0.98425198
vn -0.02362205 -0.14960630 -0.99212599
vn -0.08661418 -0.12598425 -0.99212599
vn -0.10236220 0.16535433 -0.98425198
vn -0.03937008 0.46456692 -0.88188976
vn -0.01574803 0.16535433 -0.98425198
vn 0.00000000 0.03937008 -1.00000000
vn -0.03937008 -0.02362205 -1.00000000
vn -0.04724409 -0.03937008 -1.00000000
vn -0.14173228 -0.09448819 -0.98425198
vn -0.03937008 -0.13385826 -0.99212599
vn 0.08661418 -0.02362205 -0.99212599
vn 0.10236220 -0.13385826 -0.98425198
vn -0.00787402 0.09448819 -0.99212599
vn 0.11811024 0.10236220 -0.98425198
vn -0.05511811 0.32283464 -0.94488192
vn 0.70866144 0.07874016 -0.70078743
vn 0.11811024 0.32283464 -0.93700784
vn 0.00000000 0.14173228 -0.99212599
vn 0.11811024 0.48818898 -0.86614174
vn -0.01574803 0.25984251 -0.96850395
vn 0.01574803 0.18897638 -0.98425198
vn 0.00787402 0.01574803 -1.00000000
vn -0.01574803 0.03149606 -1.00000000
vn 0.13385826 0.41732284 -0.89763778
vn 0.04724409 0.18897638 -0.98425198
vn -0.00787402 0.37007874 -0.92913383
vn -0.00787402 -0.08661418 -1.00000000
vn 0.02362205 -0.10236220 -0.99212599
vn -0.02362205 -0.05511811 -1.00000000
vn 0.13385826 -0.08661418 -0.98425198
vn 0.03937008 -0.02362205 -1.00000000
vn 0.46456692 -0.23622048 -0.85826772
vn 0.01574803 -0.00787402 -1.00000000
vn 0.55118108 -0.20472440 -0.80314958
vn 0.03149606 -0.06299213 -1.00000000
vn 0.02362205 -0.04724409 -1.00000000
vn 0.29133859 -0.26771653 -0.92125982
vn 0.50393701 -0.80314958 -0.31496063
vn 0.03937008 -0.08661418 -0.99212599
vn -0.08661418 0.01574803 -0.99212599
vn 0.18110237 -0.55905509 -0.81102359
vn 0.07874016 -0.08661418 -0.99212599
vn 0.60629922 -0.68503934 -0.40157479
vn 0.14173228 -0.37795275 -0.91338581
vn 0.22834645 -0.18110237 -0.96062994
vn -0.01574803 0.03937008 -1.00000000
vn 0.06299213 0.02362205 -1.00000000
vn 0.38582677 -0.01574803 -0.92125982
vn 0.15748031 -0.07086614 -0.98425198
vn 0.04724409 -0.02362205 -1.00000000
vn 0.04724409 -0.31496063 -0.94488192
vn -0.11811024 0.04724409 -0.99212599
vn -0.49606299 0.55905509 -0.66929132
vn -0.12598425 0.01574803 -0.99212599
vn -0.16535433 0.11023622 -0.97637796
vn -0.06299213 0.22047244 -0.97637796
vn -0.05511811 0.60629922 -0.78740156
vn -0.02362205 -0.11811024 -0.99212599
vn -0.00787402 0.05511811 -1.00000000
vn -0.06299213 -0.35433072 -0.92913383
vn -0.01574803 0.08661418 -1.00000000
vn -0.07874016 0.10236220 -0.99212599
vn -0.02362205 0.11811024 -0.99212599
vn -0.24409449 0.07086614 -0.96850395
vn -0.03149606 0.07874016 -1.00000000
vn -0.25984251 -0.07086614 -0.96062994
vn -0.14173228 -0.83464569 -0.52755904
vn -0.09448819 0.03937008 -0.99212599
vn -0.19685039 0.49606299 -0.84251970
vn -0.21259843 0.21259843 -0.95275593
vn -0.01574803 0.22834645 -0.97637796

# Mesh 'meshes[0]' with 3604 faces
g meshes[0]
usemtl tripo_material_a760cdaf-6d9b-43dd-8c3d-961c70717b4a
f  1/1/1 2/2/2 3/3/3
f  3/3/3 2/2/2 4/4/4
f  3/3/3 4/4/4 5/5/5
f  3/3/3 5/5/5 1/1/1
f  2/2/2 1/1/1 6/6/6
f  6/6/6 1/1/1 7/7/7
f  6/6/6 7/7/7 8/8/8
f  1/1/1 5/5/5 9/9/9
f  1/1/1 9/9/9 7/7/7
f  10/10/10 11/11/11 5/5/5
f  5/5/5 11/11/11 9/9/9
f  8/8/8 7/7/7 12/12/12
f  8/8/8 12/12/12 13/13/13
f  12/12/12 7/7/7 14/14/14
f  13/13/13 12/12/12 15/15/15
f  15/15/15 12/12/12 14/14/14
f  14/14/14 7/7/7 9/9/9
f  15/15/15 14/14/14 16/16/16
f  15/15/15 16/16/16 17/17/17
f  15/15/15 17/17/17 18/18/18
f  18/18/18 17/17/17 19/19/19
f  17/17/17 16/16/16 20/20/20
f  17/17/17 20/20/20 19/19/19
f  20/20/20 16/16/16 14/14/14
f  19/19/19 20/20/20 21/21/21
f  20/20/20 14/14/14 22/22/22
f  20/20/20 22/22/22 21/21/21
f  22/22/22 14/14/14 9/9/9
f  21/21/21 22/22/22 23/23/23
f  22/22/22 9/9/9 24/24/24
f  23/23/23 22/22/22 25/25/25
f  23/23/23 25/25/25 26/26/26
f  25/25/25 22/22/22 24/24/24
f  25/25/25 24/24/24 27/27/27
f  25/25/25 27/27/27 28/28/28
f  25/25/25 28/28/28 29/29/29
f  27/27/27 24/24/24 30/30/30
f  27/27/27 30/30/30 28/28/28
f  30/30/30 24/24/24 31/31/31
f  30/30/30 31/31/31 28/28/28
f  32/32/32 24/24/24 9/9/9
f  24/24/24 32/32/32 31/31/31
f  32/32/32 9/9/9 11/11/11
f  28/28/28 31/31/31 33/33/33
f  33/33/33 31/31/31 32/32/32
f  32/32/32 11/11/11 34/34/34
f  34/34/34 11/11/11 35/35/35
f  34/34/34 35/35/35 36/36/36
f  34/34/34 36/36/36 37/37/37
f  34/34/34 37/37/37 38/38/38
f  34/34/34 38/38/38 39/39/39
f  34/34/34 39/39/39 32/32/32
f  33/33/33 32/32/32 40/40/40
f  40/40/40 32/32/32 39/39/39
f  40/40/40 39/39/39 41/41/41
f  41/41/41 39/39/39 42/42/42
f  33/33/33 40/40/40 43/43/43
f  43/43/43 40/40/40 41/41/41
f  33/33/33 43/43/43 28/28/28
f  43/43/43 41/41/41 44/44/5
f  43/43/43 44/44/5 28/28/28
f  45/45/44 46/46/45 47/47/46
f  46/46/45 45/45/44 48/48/47
f  45/45/44 47/47/46 49/49/45
f  45/45/44 49/49/45 48/48/47
f  47/47/46 46/46/45 50/50/48
f  50/50/48 46/46/45 51/51/49
f  47/47/46 50/50/48 52/52/50
f  47/47/46 52/52/50 49/49/45
f  50/50/48 51/51/49 53/53/6
f  53/53/6 51/51/49 54/54/51
f  53/53/6 54/54/51 55/55/52
f  50/50/48 53/53/6 56/56/53
f  50/50/48 56/56/53 52/52/50
f  53/53/6 55/55/52 57/57/54
f  53/53/6 57/57/54 56/56/53
f  57/57/54 55/55/52 58/58/55
f  58/58/55 55/55/52 59/59/56
f  58/58/55 59/59/56 57/57/54
f  59/59/56 55/55/52 60/60/57
f  57/57/54 59/59/56 61/61/58
f  61/61/58 59/59/56 60/60/57
f  57/57/54 61/61/58 62/62/59
f  57/57/54 62/62/59 56/56/53
f  61/61/58 60/60/57 63/63/60
f  63/63/60 60/60/57 64/64/61
f  61/61/58 63/63/60 65/65/62
f  61/61/58 65/65/62 62/62/59
f  65/65/62 63/63/60 66/66/63
f  66/66/63 63/63/60 67/67/11
f  65/65/62 66/66/63 68/68/64
f  62/62/59 65/65/62 69/69/65
f  69/69/65 65/65/62 68/68/64
f  69/69/65 68/68/64 70/70/66
f  70/70/66 68/68/64 71/71/67
f  69/69/65 70/70/66 72/72/68
f  69/69/65 72/72/68 62/62/59
f  72/72/68 70/70/66 73/73/69
f  62/62/59 72/72/68 74/74/70
f  74/74/70 72/72/68 75/75/71
f  62/62/59 74/74/70 56/56/53
f  74/74/70 75/75/71 76/76/72
f  74/74/70 76/76/72 56/56/53
f  56/56/53 76/76/72 77/77/73
f  77/77/73 76/76/72 78/78/74
f  77/77/73 78/78/74 79/79/75
f  56/56/53 77/77/73 80/80/76
f  80/80/76 77/77/73 79/79/75
f  56/56/53 80/80/76 52/52/50
f  80/80/76 79/79/75 81/81/77
f  52/52/50 80/80/76 82/82/78
f  82/82/78 80/80/76 83/83/2
f  83/83/2 80/80/76 81/81/77
f  82/82/78 83/83/2 84/84/79
f  52/52/50 82/82/78 85/85/80
f  85/85/80 82/82/78 84/84/79
f  84/84/79 83/83/2 86/86/81
f  84/84/79 86/86/81 85/85/80
f  86/86/81 83/83/2 87/87/82
f  87/87/82 83/83/2 81/81/77
f  85/85/80 86/86/81 88/88/83
f  52/52/50 85/85/80 89/89/84
f  89/89/84 85/85/80 88/88/83
f  52/52/50 89/89/84 49/49/45
f  88/88/83 86/86/81 90/90/85
f  90/90/85 86/86/81 87/87/82
f  88/88/83 90/90/85 91/91/86
f  91/91/86 90/90/85 87/87/82
f  89/89/84 88/88/83 92/92/87
f  49/49/45 89/89/84 93/93/88
f  92/92/87 88/88/83 94/94/45
f  94/94/45 88/88/83 91/91/86
f  89/89/84 92/92/87 95/95/89
f  95/95/89 92/92/87 94/94/45
f  95/95/89 94/94/45 96/96/90
f  94/94/45 91/91/86 97/97/91
f  89/89/84 95/95/89 98/98/92
f  89/89/84 98/98/92 93/93/88
f  97/97/91 91/91/86 99/99/93
f  99/99/93 91/91/86 100/100/94
f  100/100/94 91/91/86 87/87/82
f  99/99/93 100/100/94 101/101/95
f  101/101/95 100/100/94 87/87/82
f  99/99/93 101/101/95 102/102/96
f  101/101/95 87/87/82 81/81/77
f  101/101/95 81/81/77 102/102/96
f  102/102/96 81/81/77 103/103/97
f  102/102/96 103/103/97 104/104/98
f  103/103/97 81/81/77 79/79/75
f  104/104/98 103/103/97 105/105/99
f  105/105/99 103/103/97 79/79/75
f  106/106/63 107/107/100 98/98/92
f  98/98/92 107/107/100 108/108/101
f  108/108/101 107/107/100 48/48/47
f  98/98/92 108/108/101 93/93/88
f  108/108/101 48/48/47 49/49/45
f  108/108/101 49/49/45 93/93/88
f  109/109/102 110/110/15 111/111/103
f  111/111/103 110/110/15 112/112/18
f  111/111/103 112/112/18 113/113/104
f  113/113/104 112/112/18 114/114/61
f  113/113/104 114/114/61 115/115/105
f  111/111/103 113/113/104 116/116/106
f  113/113/104 115/115/105 117/117/107
f  113/113/104 117/117/107 116/116/106
f  117/117/107 115/115/105 118/118/108
f  117/117/107 118/118/108 119/119/109
f  117/117/107 119/119/109 116/116/106
f  119/119/109 118/118/108 120/120/110
f  119/119/109 120/120/110 121/121/111
f  111/111/103 116/116/106 122/122/112
f  111/111/103 122/122/112 109/109/102
f  109/109/102 122/122/112 116/116/106
f  116/116/106 119/119/109 123/123/113
f  116/116/106 123/123/113 109/109/102
f  119/119/109 121/121/111 124/124/114
f  119/119/109 124/124/114 123/123/113
f  123/123/113 124/124/114 109/109/102
f  124/124/114 121/121/111 125/125/115
f  109/109/102 124/124/114 126/126/116
f  126/126/116 124/124/114 127/127/117
f  109/109/102 126/126/116 110/110/15
f  110/110/15 126/126/116 128/128/13
f  128/128/13 126/126/116 129/129/118
f  128/128/13 129/129/118 130/130/119
f  128/128/13 130/130/119 131/131/6
f  128/128/13 131/131/6 132/132/8
f  131/131/6 130/130/119 133/133/120
f  134/134/51 135/135/49 136/136/52
f  136/136/52 135/135/49 137/137/50
f  137/137/50 135/135/49 138/138/45
f  139/139/61 140/140/57 136/136/52
f  139/139/61 136/136/52 137/137/50
f  139/139/61 137/137/50 141/141/105
f  141/141/105 137/137/50 142/142/108
f  137/137/50 138/138/45 143/143/121
f  137/137/50 143/143/121 142/142/108
f  144/144/100 138/138/45 145/145/47
f  138/138/45 144/144/100 143/143/121
f  143/143/121 144/144/100 146/146/122
f  143/143/121 146/146/122 147/147/123
f  143/143/121 147/147/123 148/148/124
f  143/143/121 148/148/124 142/142/108
f  142/142/108 148/148/124 149/149/125
f  150/150/126 151/151/127 152/152/128
f  150/150/126 152/152/128 153/153/129
f  151/151/127 150/150/126 154/154/130
f  155/155/131 156/156/132 153/153/129
f  155/155/131 153/153/129 157/157/133
f  153/153/129 152/152/128 158/158/134
f  153/153/129 158/158/134 157/157/133
f  158/158/134 152/152/128 151/151/127
f  157/157/133 158/158/134 159/159/135
f  157/157/133 159/159/135 160/160/136
f  160/160/136 159/159/135 161/161/137
f  160/160/136 161/161/137 162/162/26
f  162/162/26 161/161/137 163/163/23
f  161/161/137 159/159/135 164/164/138
f  159/159/135 158/158/134 165/165/139
f  159/159/135 165/165/139 164/164/138
f  165/165/139 158/158/134 151/151/127
f  164/164/138 165/165/139 166/166/140
f  165/165/139 151/151/127 167/167/141
f  165/165/139 167/167/141 166/166/140
f  167/167/141 151/151/127 154/154/130
f  167/167/141 154/154/130 168/168/142
f  167/167/141 168/168/142 166/166/140
f  168/168/142 154/154/130 169/169/143
f  166/166/140 168/168/142 170/170/144
f  166/166/140 170/170/144 171/171/11
f  166/166/140 171/171/11 172/172/145
f  173/173/146 174/174/147 175/175/148
f  173/173/146 175/175/148 176/176/149
f  174/174/147 173/173/146 177/177/150
f  177/177/150 173/173/146 178/178/151
f  178/178/151 173/173/146 176/176/149
f  177/177/150 178/178/151 179/179/99
f  177/177/150 179/179/99 174/174/147
f  179/179/99 178/178/151 180/180/98
f  174/174/147 179/179/99 181/181/75
f  180/180/98 178/178/151 182/182/152
f  180/180/98 182/182/152 183/183/96
f  182/182/152 178/178/151 176/176/149
f  174/174/147 181/181/75 184/184/74
f  182/182/152 176/176/149 185/185/153
f  174/174/147 184/184/74 186/186/154
f  186/186/154 184/184/74 187/187/72
f  186/186/154 187/187/72 188/188/71
f  174/174/147 186/186/154 189/189/155
f  174/174/147 189/189/155 175/175/148
f  175/175/148 189/189/155 176/176/149
f  186/186/154 188/188/71 190/190/156
f  191/191/157 185/185/153 176/176/149
f  191/191/157 176/176/149 189/189/155
f  189/189/155 186/186/154 192/192/158
f  192/192/158 186/186/154 190/190/156
f  190/190/156 188/188/71 193/193/69
f  193/193/69 188/188/71 194/194/68
f  192/192/158 190/190/156 195/195/159
f  190/190/156 193/193/69 196/196/160
f  190/190/156 196/196/160 195/195/159
f  196/196/160 193/193/69 197/197/67
f  197/197/67 193/193/69 198/198/66
f  195/195/159 196/196/160 199/199/161
f  195/195/159 199/199/161 192/192/158
f  199/199/161 196/196/160 200/200/75
f  200/200/75 196/196/160 197/197/67
f  192/192/158 199/199/161 201/201/162
f  192/192/158 201/201/162 189/189/155
f  201/201/162 199/199/161 200/200/75
f  189/189/155 201/201/162 202/202/163
f  202/202/163 201/201/162 200/200/75
f  189/189/155 202/202/163 203/203/164
f  189/189/155 203/203/164 191/191/157
f  203/203/164 202/202/163 204/204/165
f  204/204/165 202/202/163 200/200/75
f  191/191/157 203/203/164 205/205/166
f  205/205/166 203/203/164 204/204/165
f  191/191/157 205/205/166 206/206/167
f  205/205/166 204/204/165 207/207/168
f  205/205/166 207/207/168 206/206/167
f  191/191/157 206/206/167 185/185/153
f  207/207/168 204/204/165 208/208/75
f  208/208/75 204/204/165 200/200/75
f  206/206/167 207/207/168 209/209/169
f  209/209/169 207/207/168 208/208/75
f  206/206/167 209/209/169 210/210/170
f  206/206/167 210/210/170 185/185/153
f  210/210/170 209/209/169 208/208/75
f  185/185/153 210/210/170 211/211/171
f  185/185/153 211/211/171 212/212/172
f  212/212/172 211/211/171 210/210/170
f  185/185/153 212/212/172 213/213/173
f  213/213/173 212/212/172 214/214/91
f  214/214/91 212/212/172 215/215/174
f  214/214/91 215/215/174 213/213/173
f  215/215/174 212/212/172 210/210/170
f  215/215/174 210/210/170 216/216/175
f  215/215/174 216/216/175 213/213/173
f  217/217/176 210/210/170 208/208/75
f  210/210/170 217/217/176 218/218/177
f  210/210/170 218/218/177 216/216/175
f  218/218/177 217/217/176 208/208/75
f  216/216/175 218/218/177 219/219/178
f  216/216/175 219/219/178 213/213/173
f  218/218/177 208/208/75 220/220/179
f  218/218/177 220/220/179 219/219/178
f  220/220/179 208/208/75 221/221/180
f  220/220/179 221/221/180 222/222/181
f  220/220/179 222/222/181 219/219/178
f  221/221/180 208/208/75 223/223/182
f  223/223/182 208/208/75 200/200/75
f  222/222/181 221/221/180 224/224/183
f  224/224/183 221/221/180 223/223/182
f  222/222/181 224/224/183 225/225/184
f  222/222/181 225/225/184 219/219/178
f  224/224/183 223/223/182 226/226/185
f  224/224/183 226/226/185 227/227/186
f  227/227/186 226/226/185 223/223/182
f  224/224/183 227/227/186 225/225/184
f  225/225/184 227/227/186 228/228/187
f  227/227/186 223/223/182 229/229/188
f  227/227/186 229/229/188 228/228/187
f  229/229/188 223/223/182 230/230/189
f  230/230/189 223/223/182 200/200/75
f  228/228/187 229/229/188 231/231/190
f  231/231/190 229/229/188 230/230/189
f  225/225/184 228/228/187 232/232/191
f  225/225/184 232/232/191 219/219/178
f  228/228/187 231/231/190 233/233/192
f  232/232/191 228/228/187 234/234/193
f  234/234/193 228/228/187 233/233/192
f  234/234/193 233/233/192 235/235/192
f  233/233/192 231/231/190 236/236/194
f  236/236/194 231/231/190 230/230/189
f  233/233/192 236/236/194 237/237/195
f  237/237/195 236/236/194 230/230/189
f  233/233/192 237/237/195 235/235/192
f  235/235/192 237/237/195 238/238/196
f  235/235/192 238/238/196 239/239/197
f  238/238/196 237/237/195 240/240/15
f  238/238/196 240/240/15 239/239/197
f  240/240/15 237/237/195 230/230/189
f  239/239/197 240/240/15 241/241/198
f  240/240/15 230/230/189 242/242/50
f  242/242/50 230/230/189 200/200/75
f  241/241/198 240/240/15 243/243/199
f  243/243/199 240/240/15 242/242/50
f  241/241/198 243/243/199 244/244/200
f  242/242/50 200/200/75 197/197/67
f  243/243/199 242/242/50 245/245/201
f  243/243/199 245/245/201 244/244/200
f  245/245/201 242/242/50 197/197/67
f  244/244/200 245/245/201 246/246/63
f  246/246/63 245/245/201 197/197/67
f  244/244/200 246/246/63 247/247/11
f  246/246/63 197/197/67 248/248/64
f  249/249/202 250/250/203 251/251/204
f  250/250/203 249/249/202 252/252/131
f  250/250/203 252/252/131 253/253/133
f  249/249/202 251/251/204 254/254/205
f  251/251/204 250/250/203 255/255/206
f  255/255/206 250/250/203 253/253/133
f  251/251/204 255/255/206 254/254/205
f  249/249/202 254/254/205 256/256/207
f  255/255/206 253/253/133 257/257/208
f  256/256/207 254/254/205 258/258/209
f  254/254/205 255/255/206 259/259/210
f  254/254/205 259/259/210 258/258/209
f  259/259/210 255/255/206 257/257/208
f  256/256/207 258/258/209 260/260/211
f  258/258/209 259/259/210 261/261/212
f  258/258/209 261/261/212 260/260/211
f  261/261/212 259/259/210 257/257/208
f  262/262/213 257/257/208 253/253/133
f  262/262/213 253/253/133 263/263/136
f  262/262/213 263/263/136 264/264/26
f  262/262/213 264/264/26 265/265/29
f  262/262/213 265/265/29 257/257/208
f  265/265/29 264/264/26 266/266/25
f  261/261/212 257/257/208 267/267/214
f  267/267/214 257/257/208 265/265/29
f  261/261/212 267/267/214 268/268/215
f  267/267/214 265/265/29 269/269/216
f  267/267/214 269/269/216 268/268/215
f  269/269/216 265/265/29 270/270/5
f  270/270/5 265/265/29 271/271/28
f  269/269/216 270/270/5 272/272/217
f  261/261/212 268/268/215 273/273/18
f  261/261/212 273/273/18 260/260/211
f  268/268/215 269/269/216 274/274/218
f  274/274/218 269/269/216 272/272/217
f  268/268/215 274/274/218 273/273/18
f  272/272/217 270/270/5 275/275/38
f  272/272/217 275/275/38 274/274/218
f  273/273/18 274/274/218 276/276/219
f  273/273/18 276/276/219 260/260/211
f  276/276/219 274/274/218 275/275/38
f  275/275/38 270/270/5 277/277/42
f  277/277/42 270/270/5 278/278/41
f  275/275/38 277/277/42 279/279/39
f  276/276/219 275/275/38 280/280/220
f  280/280/220 275/275/38 281/281/37
f  260/260/211 276/276/219 282/282/11
f  282/282/11 276/276/219 280/280/220
f  260/260/211 282/282/11 283/283/221
f  282/282/11 280/280/220 284/284/222
f  282/282/11 284/284/222 285/285/223
f  286/286/224 287/287/126 288/288/225
f  287/287/126 286/286/224 289/289/130
f  289/289/130 286/286/224 290/290/143
f  291/291/144 292/292/142 290/290/143
f  291/291/144 290/290/143 286/286/224
f  291/291/144 286/286/224 293/293/197
f  291/291/144 293/293/197 294/294/11
f  294/294/11 293/293/197 295/295/198
f  294/294/11 295/295/198 296/296/200
f  293/293/197 286/286/224 297/297/226
f  293/293/197 297/297/226 298/298/192
f  298/298/192 297/297/226 299/299/193
f  299/299/193 297/297/226 300/300/227
f  300/300/227 297/297/226 301/301/228
f  301/301/228 297/297/226 286/286/224
f  300/300/227 301/301/228 302/302/229
f  300/300/227 302/302/229 299/299/193
f  302/302/229 301/301/228 286/286/224
f  299/299/193 302/302/229 303/303/230
f  299/299/193 303/303/230 304/304/191
f  303/303/230 302/302/229 305/305/231
f  305/305/231 302/302/229 286/286/224
f  303/303/230 305/305/231 304/304/191
f  305/305/231 286/286/224 306/306/232
f  306/306/232 286/286/224 288/288/225
f  304/304/191 305/305/231 307/307/233
f  307/307/233 305/305/231 308/308/234
f  304/304/191 307/307/233 309/309/235
f  309/309/235 307/307/233 308/308/234
f  308/308/234 305/305/231 310/310/236
f  310/310/236 305/305/231 306/306/232
f  308/308/234 310/310/236 311/311/237
f  311/311/237 310/310/236 306/306/232
f  309/309/235 308/308/234 312/312/238
f  312/312/238 308/308/234 311/311/237
f  304/304/191 309/309/235 313/313/239
f  313/313/239 309/309/235 312/312/238
f  311/311/237 306/306/232 314/314/240
f  314/314/240 306/306/232 315/315/174
f  314/314/240 315/315/174 311/311/237
f  315/315/174 306/306/232 288/288/225
f  312/312/238 311/311/237 316/316/241
f  316/316/241 311/311/237 315/315/174
f  312/312/238 316/316/241 317/317/242
f  312/312/238 317/317/242 313/313/239
f  316/316/241 315/315/174 318/318/243
f  316/316/241 318/318/243 317/317/242
f  318/318/243 315/315/174 319/319/244
f  318/318/243 319/319/244 317/317/242
f  320/320/245 315/315/174 288/288/225
f  315/315/174 320/320/245 321/321/246
f  315/315/174 321/321/246 319/319/244
f  320/320/245 288/288/225 322/322/247
f  322/322/247 288/288/225 287/287/126
f  322/322/247 287/287/126 323/323/129
f  322/322/247 323/323/129 324/324/132
f  320/320/245 322/322/247 325/325/248
f  320/320/245 325/325/248 321/321/246
f  325/325/248 322/322/247 324/324/132
f  321/321/246 325/325/248 326/326/249
f  321/321/246 326/326/249 319/319/244
f  325/325/248 324/324/132 327/327/202
f  325/325/248 327/327/202 326/326/249
f  326/326/249 327/327/202 319/319/244
f  327/327/202 324/324/132 328/328/131
f  319/319/244 327/327/202 329/329/207
f  319/319/244 329/329/207 317/317/242
f  317/317/242 329/329/207 330/330/250
f  317/317/242 330/330/250 313/313/239
f  330/330/250 329/329/207 331/331/43
f  330/330/250 331/331/43 332/332/8
f  331/331/43 329/329/207 333/333/251
f  333/333/251 329/329/207 334/334/211
f  330/330/250 332/332/8 335/335/252
f  330/330/250 335/335/252 313/313/239
f  332/332/8 331/331/43 336/336/253
f  332/332/8 336/336/253 335/335/252
f  331/331/43 333/333/251 337/337/254
f  331/331/43 337/337/254 336/336/253
f  333/333/251 334/334/211 338/338/255
f  333/333/251 338/338/255 337/337/254
f  338/338/255 334/334/211 339/339/221
f  337/337/254 338/338/255 340/340/256
f  340/340/256 338/338/255 339/339/221
f  337/337/254 340/340/256 341/341/257
f  337/337/254 341/341/257 336/336/253
f  341/341/257 340/340/256 339/339/221
f  336/336/253 341/341/257 342/342/258
f  342/342/258 341/341/257 339/339/221
f  336/336/253 342/342/258 335/335/252
f  342/342/258 339/339/221 343/343/259
f  342/342/258 343/343/259 335/335/252
f  343/343/259 339/339/221 344/344/11
f  343/343/259 344/344/11 345/345/223
f  335/335/252 343/343/259 346/346/260
f  335/335/252 346/346/260 313/313/239
f  343/343/259 345/345/223 347/347/261
f  348/348/262 345/345/223 349/349/222
f  345/345/223 348/348/262 347/347/261
f  343/343/259 347/347/261 350/350/263
f  351/351/264 352/352/265 348/348/262
f  347/347/261 348/348/262 353/353/266
f  353/353/266 348/348/262 352/352/265
f  353/353/266 352/352/265 354/354/264
f  354/354/264 352/352/265 355/355/267
f  347/347/261 353/353/266 356/356/268
f  356/356/268 353/353/266 354/354/264
f  347/347/261 356/356/268 350/350/263
f  356/356/268 354/354/264 357/357/269
f  350/350/263 356/356/268 358/358/270
f  358/358/270 356/356/268 359/359/271
f  358/358/270 359/359/271 360/360/271
f  358/358/270 360/360/271 350/350/263
f  361/361/272 343/343/259 350/350/263
f  361/361/272 350/350/263 360/360/271
f  343/343/259 361/361/272 346/346/260
f  346/346/260 361/361/272 362/362/273
f  361/361/272 360/360/271 363/363/274
f  361/361/272 363/363/274 362/362/273
f  363/363/274 360/360/271 364/364/275
f  346/346/260 362/362/273 365/365/276
f  365/365/276 362/362/273 363/363/274
f  346/346/260 365/365/276 366/366/277
f  346/346/260 366/366/277 313/313/239
f  365/365/276 363/363/274 367/367/278
f  367/367/278 363/363/274 368/368/279
f  367/367/278 368/368/279 369/369/280
f  367/367/278 369/369/280 370/370/281
f  367/367/278 370/370/281 365/365/276
f  365/365/276 370/370/281 366/366/277
f  313/313/239 366/366/277 371/371/282
f  366/366/277 370/370/281 372/372/283
f  366/366/277 372/372/283 371/371/282
f  313/313/239 371/371/282 373/373/284
f  313/313/239 373/373/284 304/304/191
f  304/304/191 373/373/284 374/374/285
f  374/374/285 373/373/284 375/375/286
f  372/372/283 370/370/281 376/376/287
f  376/376/287 370/370/281 377/377/288
f  371/371/282 372/372/283 378/378/289
f  371/371/282 378/378/289 373/373/284
f  378/378/289 372/372/283 379/379/290
f  375/375/286 373/373/284 380/380/291
f  375/375/286 380/380/291 381/381/292
f  381/381/292 380/380/291 382/382/293
f  379/379/290 372/372/283 383/383/294
f  383/383/294 372/372/283 376/376/287
f  378/378/289 379/379/290 384/384/295
f  384/384/295 379/379/290 383/383/294
f  378/378/289 384/384/295 385/385/296
f  378/378/289 385/385/296 373/373/284
f  386/386/297 380/380/291 373/373/284
f  386/386/297 373/373/284 385/385/296
f  380/380/291 386/386/297 382/382/293
f  385/385/296 384/384/295 387/387/298
f  387/387/298 384/384/295 383/383/294
f  386/386/297 385/385/296 388/388/299
f  388/388/299 385/385/296 387/387/298
f  382/382/293 386/386/297 389/389/300
f  389/389/300 386/386/297 388/388/299
f  388/388/299 387/387/298 390/390/301
f  390/390/301 387/387/298 383/383/294
f  388/388/299 390/390/301 389/389/300
f  390/390/301 383/383/294 391/391/302
f  391/391/302 383/383/294 376/376/287
f  392/392/303 393/393/304 382/382/293
f  392/392/303 382/382/293 394/394/305
f  394/394/305 382/382/293 389/389/300
f  392/392/303 394/394/305 395/395/306
f  395/395/306 394/394/305 396/396/307
f  396/396/307 394/394/305 389/389/300
f  395/395/306 396/396/307 397/397/308
f  397/397/308 396/396/307 398/398/309
f  398/398/309 396/396/307 389/389/300
f  397/397/308 398/398/309 399/399/310
f  399/399/310 398/398/309 400/400/311
f  400/400/311 398/398/309 401/401/312
f  401/401/312 398/398/309 389/389/300
f  401/401/312 389/389/300 402/402/313
f  402/402/313 389/389/300 403/403/314
f  403/403/314 389/389/300 390/390/301
f  402/402/313 403/403/314 404/404/315
f  403/403/314 390/390/301 405/405/316
f  403/403/314 405/405/316 404/404/315
f  405/405/316 390/390/301 391/391/302
f  405/405/316 391/391/302 406/406/317
f  405/405/316 406/406/317 404/404/315
f  406/406/317 391/391/302 376/376/287
f  406/406/317 376/376/287 407/407/318
f  407/407/318 376/376/287 377/377/288
f  404/404/315 406/406/317 408/408/319
f  408/408/319 406/406/317 407/407/318
f  408/408/319 407/407/318 377/377/288
f  404/404/315 408/408/319 409/409/320
f  408/408/319 377/377/288 410/410/321
f  411/411/322 412/412/323 413/413/324
f  413/413/324 412/412/323 414/414/325
f  414/414/325 412/412/323 415/415/326
f  415/415/326 412/412/323 411/411/322
f  411/411/322 413/413/324 416/416/92
f  415/415/326 411/411/322 417/417/327
f  411/411/322 416/416/92 418/418/174
f  417/417/327 411/411/322 419/419/328
f  419/419/328 411/411/322 420/420/329
f  420/420/329 411/411/322 418/418/174
f  419/419/328 420/420/329 421/421/330
f  421/421/330 420/420/329 418/418/174
f  419/419/328 421/421/330 422/422/331
f  419/419/328 422/422/331 417/417/327
f  422/422/331 421/421/330 418/418/174
f  417/417/327 422/422/331 423/423/332
f  424/424/333 418/418/174 416/416/92
f  424/424/333 416/416/92 425/425/89
f  424/424/333 425/425/89 426/426/90
f  418/418/174 424/424/333 427/427/334
f  427/427/334 424/424/333 426/426/90
f  418/418/174 427/427/334 422/422/331
f  423/423/332 422/422/331 428/428/91
f  428/428/91 422/422/331 427/427/334
f  428/428/91 427/427/334 426/426/90
f  423/423/332 428/428/91 429/429/335
f  428/428/91 426/426/90 430/430/45
f  431/431/336 432/432/337 433/433/338
f  433/433/338 432/432/337 434/434/339
f  432/432/337 431/431/336 435/435/340
f  432/432/337 435/435/340 434/434/339
f  433/433/338 434/434/339 436/436/341
f  436/436/341 434/434/339 437/437/342
f  436/436/341 437/437/342 438/438/343
f  436/436/341 438/438/343 433/433/338
f  437/437/342 434/434/339 439/439/344
f  439/439/344 434/434/339 435/435/340
f  433/433/338 438/438/343 440/440/2
f  433/433/338 440/440/2 441/441/120
f  441/441/120 440/440/2 442/442/6
f  433/433/338 441/441/120 431/431/336
f  439/439/344 435/435/340 443/443/345
f  444/444/346 435/435/340 431/431/336
f  435/435/340 444/444/346 443/443/345
f  431/431/336 441/441/120 445/445/347
f  445/445/347 441/441/120 446/446/119
f  444/444/346 431/431/336 447/447/348
f  447/447/348 431/431/336 445/445/347
f  444/444/346 447/447/348 448/448/349
f  444/444/346 448/448/349 443/443/345
f  443/443/345 448/448/349 449/449/350
f  443/443/345 449/449/350 450/450/326
f  448/448/349 447/447/348 451/451/351
f  443/443/345 450/450/326 452/452/352
f  443/443/345 452/452/352 439/439/344
f  439/439/344 452/452/352 453/453/353
f  439/439/344 453/453/353 454/454/354
f  453/453/353 452/452/352 455/455/355
f  455/455/355 452/452/352 456/456/356
f  451/451/351 447/447/348 457/457/357
f  457/457/357 447/447/348 445/445/347
f  451/451/351 457/457/357 458/458/358
f  457/457/357 445/445/347 446/446/119
f  457/457/357 446/446/119 458/458/358
f  459/459/324 460/460/359 461/461/63
f  459/459/324 461/461/63 462/462/92
f  460/460/359 459/459/324 463/463/325
f  460/460/359 463/463/325 464/464/200
f  460/460/359 464/464/200 461/461/63
f  464/464/200 463/463/325 465/465/326
f  464/464/200 465/465/326 466/466/350
f  464/464/200 466/466/350 467/467/360
f  464/464/200 467/467/360 468/468/100
f  461/461/63 464/464/200 469/469/361
f  469/469/361 464/464/200 468/468/100
f  461/461/63 469/469/361 470/470/122
f  461/461/63 470/470/122 471/471/100
f  470/470/122 469/469/361 472/472/123
f  472/472/123 469/469/361 468/468/100
f  472/472/123 468/468/100 473/473/124
f  474/474/362 475/475/165 476/476/363
f  476/476/363 475/475/165 477/477/349
f  477/477/349 475/475/165 478/478/350
f  478/478/350 475/475/165 474/474/362
f  476/476/363 477/477/349 479/479/351
f  478/478/350 474/474/362 480/480/360
f  476/476/363 479/479/351 481/481/198
f  476/476/363 481/481/198 474/474/362
f  481/481/198 479/479/351 482/482/358
f  480/480/360 474/474/362 483/483/364
f  483/483/364 474/474/362 481/481/198
f  480/480/360 483/483/364 484/484/365
f  480/480/360 484/484/365 485/485/100
f  484/484/365 483/483/364 486/486/366
f  484/484/365 486/486/366 485/485/100
f  483/483/364 481/481/198 487/487/367
f  483/483/364 487/487/367 486/486/366
f  486/486/366 487/487/367 488/488/368
f  486/486/366 488/488/368 485/485/100
f  485/485/100 488/488/368 489/489/125
f  489/489/125 488/488/368 487/487/367
f  485/485/100 489/489/125 490/490/124
f  487/487/367 481/481/198 491/491/115
f  487/487/367 491/491/115 489/489/125
f  489/489/125 491/491/115 492/492/110
f  489/489/125 492/492/110 493/493/108
f  492/492/110 491/491/115 494/494/111
f  491/491/115 481/481/198 495/495/117
f  491/491/115 495/495/117 496/496/114
f  495/495/117 481/481/198 482/482/358
f  495/495/117 482/482/358 497/497/118
f  495/495/117 497/497/118 498/498/116
f  497/497/118 482/482/358 499/499/119
f  500/500/2 501/501/343 502/502/369
f  500/500/2 502/502/369 503/503/4
f  502/502/369 501/501/343 504/504/10
f  502/502/369 504/504/10 503/503/4
f  503/503/4 504/504/10 505/505/5
f  504/504/10 501/501/343 506/506/342
f  504/504/10 506/506/342 507/507/344
f  508/508/34 509/509/11 504/504/10
f  508/508/34 504/504/10 510/510/370
f  510/510/370 504/504/10 507/507/344
f  508/508/34 510/510/370 511/511/371
f  510/510/370 507/507/344 512/512/372
f  512/512/372 507/507/344 513/513/373
f  511/511/371 510/510/370 514/514/374
f  514/514/374 510/510/370 512/512/372
f  511/511/371 514/514/374 515/515/375
f  514/514/374 512/512/372 516/516/376
f  514/514/374 516/516/376 515/515/375
f  517/517/61 518/518/18 519/519/377
f  517/517/61 519/519/377 520/520/60
f  520/520/60 519/519/377 521/521/145
f  520/520/60 521/521/145 522/522/11
f  519/519/377 518/518/18 523/523/378
f  519/519/377 523/523/378 521/521/145
f  521/521/145 523/523/378 524/524/140
f  523/523/378 518/518/18 525/525/19
f  524/524/140 523/523/378 526/526/138
f  526/526/138 523/523/378 525/525/19
f  526/526/138 525/525/19 527/527/21
f  526/526/138 527/527/21 528/528/23
f  526/526/138 528/528/23 529/529/137
f  530/530/371 531/531/375 532/532/379
f  532/532/379 531/531/375 533/533/36
f  530/530/371 532/532/379 534/534/35
f  534/534/35 532/532/379 533/533/36
f  530/530/371 534/534/35 535/535/34
f  535/535/34 534/534/35 536/536/11
f  533/533/36 531/531/375 537/537/376
f  533/533/36 537/537/376 538/538/37
f  538/538/37 537/537/376 539/539/380
f  539/539/380 537/537/376 540/540/381
f  538/538/37 539/539/380 541/541/382
f  538/538/37 541/541/382 542/542/383
f  538/538/37 542/542/383 543/543/384
f  544/544/335 545/545/327 546/546/332
f  545/545/327 544/544/335 547/547/385
f  545/545/327 547/547/385 548/548/326
f  548/548/326 547/547/385 549/549/352
f  549/549/352 547/547/385 550/550/356
f  550/550/356 547/547/385 551/551/386
f  551/551/386 547/547/385 552/552/387
f  551/551/386 552/552/387 553/553/388
f  551/551/386 553/553/388 554/554/389
f  554/554/389 553/553/388 555/555/390
f  555/555/390 553/553/388 552/552/387
f  555/555/390 552/552/387 556/556/391
f  555/555/390 556/556/391 557/557/392
f  552/552/387 547/547/385 558/558/393
f  552/552/387 558/558/393 556/556/391
f  558/558/393 547/547/385 559/559/394
f  559/559/394 547/547/385 544/544/335
f  556/556/391 558/558/393 560/560/395
f  556/556/391 560/560/395 557/557/392
f  560/560/395 558/558/393 561/561/396
f  561/561/396 558/558/393 559/559/394
f  557/557/392 560/560/395 562/562/397
f  562/562/397 560/560/395 561/561/396
f  559/559/394 544/544/335 563/563/398
f  561/561/396 559/559/394 564/564/399
f  559/559/394 563/563/398 565/565/400
f  565/565/400 563/563/398 544/544/335
f  559/559/394 565/565/400 564/564/399
f  565/565/400 544/544/335 566/566/400
f  565/565/400 566/566/400 564/564/399
f  564/564/399 566/566/400 561/561/396
f  566/566/400 544/544/335 567/567/401
f  561/561/396 566/566/400 568/568/402
f  568/568/402 566/566/400 567/567/401
f  561/561/396 568/568/402 562/562/397
f  568/568/402 567/567/401 569/569/403
f  569/569/403 567/567/401 570/570/404
f  569/569/403 570/570/404 571/571/405
f  569/569/403 571/571/405 572/572/406
f  569/569/403 572/572/406 573/573/407
f  568/568/402 569/569/403 574/574/408
f  574/574/408 569/569/403 573/573/407
f  575/575/409 562/562/397 568/568/402
f  575/575/409 568/568/402 574/574/408
f  574/574/408 573/573/407 576/576/410
f  574/574/408 576/576/410 577/577/411
f  577/577/411 576/576/410 573/573/407
f  574/574/408 577/577/411 575/575/409
f  577/577/411 573/573/407 578/578/412
f  577/577/411 578/578/412 575/575/409
f  578/578/412 573/573/407 579/579/413
f  578/578/412 579/579/413 580/580/414
f  578/578/412 580/580/414 575/575/409
f  581/581/415 562/562/397 575/575/409
f  581/581/415 575/575/409 580/580/414
f  562/562/397 581/581/415 557/557/392
f  581/581/415 580/580/414 582/582/416
f  557/557/392 581/581/415 583/583/417
f  583/583/417 581/581/415 582/582/416
f  557/557/392 583/583/417 584/584/418
f  584/584/418 583/583/417 585/585/419
f  585/585/419 583/583/417 582/582/416
f  585/585/419 582/582/416 586/586/420
f  587/587/335 588/588/91 589/589/93
f  587/587/335 589/589/93 590/590/421
f  587/587/335 590/590/421 591/591/422
f  587/587/335 591/591/422 592/592/401
f  591/591/422 590/590/421 593/593/423
f  591/591/422 593/593/423 592/592/401
f  593/593/423 590/590/421 594/594/424
f  595/595/425 596/596/426 594/594/424
f  594/594/424 596/596/426 597/597/427
f  594/594/424 597/597/427 593/593/423
f  597/597/427 596/596/426 598/598/428
f  598/598/428 596/596/426 599/599/429
f  598/598/428 599/599/429 597/597/427
f  599/599/429 596/596/426 600/600/430
f  597/597/427 599/599/429 601/601/431
f  597/597/427 601/601/431 593/593/423
f  593/593/423 601/601/431 599/599/429
f  599/599/429 600/600/430 602/602/432
f  599/599/429 602/602/432 593/593/423
f  602/602/432 600/600/430 603/603/433
f  593/593/423 602/602/432 604/604/434
f  602/602/432 603/603/433 605/605/435
f  605/605/435 603/603/433 606/606/436
f  605/605/435 606/606/436 607/607/437
f  605/605/435 607/607/437 608/608/438
f  602/602/432 605/605/435 609/609/439
f  604/604/434 602/602/432 610/610/440
f  610/610/440 602/602/432 609/609/439
f  604/604/434 610/610/440 593/593/423
f  610/610/440 609/609/439 611/611/441
f  611/611/441 609/609/439 612/612/442
f  593/593/423 610/610/440 613/613/443
f  613/613/443 610/610/440 611/611/441
f  611/611/441 612/612/442 614/614/444
f  611/611/441 614/614/444 613/613/443
f  593/593/423 613/613/443 592/592/401
f  613/613/443 614/614/444 615/615/445
f  615/615/445 614/614/444 616/616/446
f  615/615/445 616/616/446 613/613/443
f  616/616/446 614/614/444 617/617/447
f  592/592/401 613/613/443 618/618/448
f  618/618/448 613/613/443 616/616/446
f  618/618/448 616/616/446 617/617/447
f  592/592/401 618/618/448 619/619/404
f  618/618/448 617/617/447 620/620/449
f  618/618/448 620/620/449 619/619/404
f  619/619/404 620/620/449 621/621/450
f  622/622/421 623/623/93 624/624/96
f  622/622/421 624/624/96 625/625/152
f  623/623/93 622/622/421 626/626/421
f  626/626/421 622/622/421 627/627/451
f  627/627/451 622/622/421 628/628/452
f  626/626/421 627/627/451 629/629/453
f  626/626/421 629/629/453 630/630/454
f  626/626/421 630/630/454 631/631/424
f  631/631/424 630/630/454 632/632/425
f  632/632/425 630/630/454 629/629/453
f  632/632/425 629/629/453 633/633/455
f  629/629/453 627/627/451 634/634/456
f  629/629/453 634/634/456 633/633/455
f  634/634/456 627/627/451 628/628/452
f  632/632/425 633/633/455 635/635/457
f  635/635/457 633/633/455 634/634/456
f  632/632/425 635/635/457 636/636/426
f  636/636/426 635/635/457 637/637/430
f  637/637/430 635/635/457 638/638/458
f  634/634/456 628/628/452 639/639/459
f  634/634/456 639/639/459 635/635/457
f  639/639/459 628/628/452 640/640/460
f  638/638/458 635/635/457 641/641/430
f  638/638/458 641/641/430 642/642/461
f  642/642/461 641/641/430 643/643/462
f  643/643/462 641/641/430 644/644/463
f  644/644/463 641/641/430 635/635/457
f  643/643/462 644/644/463 645/645/464
f  646/646/465 635/635/457 639/639/459
f  635/635/457 646/646/465 644/644/463
f  644/644/463 646/646/465 645/645/464
f  646/646/465 639/639/459 640/640/460
f  645/645/464 646/646/465 647/647/466
f  647/647/466 646/646/465 640/640/460
f  647/647/466 640/640/460 628/628/452
f  645/645/464 647/647/466 622/622/421
f  622/622/421 647/647/466 628/628/452
f  648/648/443 649/649/152 650/650/153
f  649/649/152 648/648/443 651/651/421
f  648/648/443 650/650/153 652/652/467
f  652/652/467 650/650/153 653/653/173
f  648/648/443 652/652/467 654/654/468
f  651/651/421 648/648/443 655/655/469
f  655/655/469 648/648/443 654/654/468
f  651/651/421 655/655/469 656/656/464
f  655/655/469 654/654/468 657/657/470
f  656/656/464 655/655/469 658/658/462
f  655/655/469 657/657/470 659/659/471
f  658/658/462 655/655/469 660/660/459
f  660/660/459 655/655/469 661/661/472
f  661/661/472 655/655/469 659/659/471
f  660/660/459 661/661/472 662/662/473
f  662/662/473 661/661/472 663/663/474
f  663/663/474 661/661/472 659/659/471
f  663/663/474 659/659/471 664/664/475
f  663/663/474 664/664/475 665/665/476
f  663/663/474 665/665/476 666/666/477
f  663/663/474 666/666/477 667/667/478
f  667/667/478 666/666/477 668/668/479
f  668/668/479 666/666/477 665/665/476
f  668/668/479 665/665/476 669/669/480
f  668/668/479 669/669/480 670/670/438
f  671/671/481 213/213/173 219/219/178
f  672/672/467 213/213/173 673/673/468
f  673/673/468 213/213/173 674/674/482
f  674/674/482 213/213/173 675/675/483
f  675/675/483 213/213/173 671/671/481
f  673/673/468 674/674/482 676/676/484
f  673/673/468 676/676/484 677/677/485
f  674/674/482 675/675/483 678/678/486
f  674/674/482 678/678/486 676/676/484
f  675/675/483 671/671/481 679/679/487
f  675/675/483 679/679/487 678/678/486
f  677/677/485 676/676/484 680/680/488
f  677/677/485 680/680/488 681/681/489
f  676/676/484 678/678/486 682/682/490
f  676/676/484 682/682/490 680/680/488
f  678/678/486 679/679/487 683/683/491
f  679/679/487 671/671/481 684/684/492
f  679/679/487 684/684/492 683/683/491
f  678/678/486 683/683/491 685/685/493
f  678/678/486 685/685/493 682/682/490
f  685/685/493 683/683/491 686/686/494
f  685/685/493 686/686/494 682/682/490
f  683/683/491 684/684/492 687/687/495
f  683/683/491 687/687/495 686/686/494
f  688/688/496 684/684/492 671/671/481
f  684/684/492 688/688/496 687/687/495
f  688/688/496 671/671/481 219/219/178
f  682/682/490 686/686/494 689/689/283
f  687/687/495 688/688/496 690/690/497
f  687/687/495 690/690/497 686/686/494
f  688/688/496 219/219/178 691/691/498
f  688/688/496 691/691/498 690/690/497
f  682/682/490 689/689/283 692/692/499
f  682/682/490 692/692/499 680/680/488
f  689/689/283 686/686/494 693/693/500
f  693/693/500 686/686/494 690/690/497
f  689/689/283 693/693/500 692/692/499
f  680/680/488 692/692/499 694/694/501
f  680/680/488 694/694/501 695/695/502
f  695/695/502 694/694/501 696/696/503
f  696/696/503 694/694/501 692/692/499
f  696/696/503 692/692/499 697/697/504
f  697/697/504 692/692/499 693/693/500
f  696/696/503 697/697/504 698/698/505
f  699/699/506 693/693/500 690/690/497
f  699/699/506 690/690/497 691/691/498
f  698/698/505 697/697/504 700/700/507
f  698/698/505 700/700/507 701/701/508
f  701/701/508 700/700/507 697/697/504
f  701/701/508 697/697/504 702/702/509
f  703/703/271 697/697/504 693/693/500
f  697/697/504 703/703/271 702/702/509
f  703/703/271 693/693/500 699/699/506
f  702/702/509 703/703/271 704/704/510
f  705/705/511 699/699/506 691/691/498
f  705/705/511 691/691/498 219/219/178
f  705/705/511 219/219/178 232/232/191
f  699/699/506 705/705/511 706/706/512
f  706/706/512 705/705/511 232/232/191
f  699/699/506 706/706/512 707/707/513
f  707/707/513 706/706/512 232/232/191
f  699/699/506 707/707/513 708/708/514
f  699/699/506 708/708/514 709/709/515
f  709/709/515 708/708/514 707/707/513
f  699/699/506 709/709/515 703/703/271
f  707/707/513 232/232/191 710/710/506
f  707/707/513 710/710/506 709/709/515
f  710/710/506 232/232/191 711/711/292
f  711/711/292 232/232/191 712/712/285
f  711/711/292 712/712/285 713/713/286
f  709/709/515 710/710/506 714/714/516
f  709/709/515 714/714/516 703/703/271
f  714/714/516 710/710/506 715/715/517
f  715/715/517 710/710/506 711/711/292
f  703/703/271 714/714/516 716/716/518
f  716/716/518 714/714/516 715/715/517
f  715/715/517 711/711/292 717/717/519
f  715/715/517 717/717/519 716/716/518
f  718/718/293 719/719/304 711/711/292
f  711/711/292 719/719/304 720/720/500
f  711/711/292 720/720/500 717/717/519
f  720/720/500 719/719/304 721/721/303
f  720/720/500 721/721/303 722/722/306
f  720/720/500 722/722/306 723/723/308
f  720/720/500 723/723/308 724/724/310
f  720/720/500 724/724/310 725/725/520
f  720/720/500 725/725/520 726/726/521
f  720/720/500 726/726/521 727/727/522
f  728/728/523 717/717/519 720/720/500
f  728/728/523 720/720/500 727/727/522
f  717/717/519 728/728/523 729/729/524
f  729/729/524 728/728/523 727/727/522
f  717/717/519 729/729/524 730/730/525
f  730/730/525 729/729/524 727/727/522
f  717/717/519 730/730/525 716/716/518
f  716/716/518 730/730/525 703/703/271
f  703/703/271 730/730/525 727/727/522
f  703/703/271 727/727/522 731/731/526
f  732/732/262 733/733/222 734/734/220
f  735/735/37 736/736/384 734/734/220
f  734/734/220 736/736/384 737/737/527
f  732/732/262 734/734/220 738/738/528
f  734/734/220 737/737/527 739/739/529
f  734/734/220 739/739/529 738/738/528
f  739/739/529 737/737/527 740/740/530
f  732/732/262 738/738/528 741/741/264
f  741/741/264 738/738/528 742/742/267
f  741/741/264 742/742/267 743/743/265
f  738/738/528 739/739/529 744/744/531
f  744/744/531 739/739/529 740/740/530
f  738/738/528 744/744/531 745/745/532
f  738/738/528 745/745/532 742/742/267
f  744/744/531 740/740/530 746/746/265
f  744/744/531 746/746/265 745/745/532
f  746/746/265 740/740/530 747/747/533
f  747/747/533 740/740/530 748/748/534
f  746/746/265 747/747/533 749/749/535
f  745/745/532 746/746/265 750/750/536
f  745/745/532 750/750/536 742/742/267
f  750/750/536 746/746/265 749/749/535
f  742/742/267 750/750/536 751/751/537
f  750/750/536 749/749/535 752/752/538
f  750/750/536 752/752/538 751/751/537
f  751/751/537 752/752/538 742/742/267
f  752/752/538 749/749/535 753/753/539
f  742/742/267 752/752/538 754/754/264
f  755/755/373 756/756/264 757/757/372
f  757/757/372 756/756/264 758/758/376
f  758/758/376 756/756/264 759/759/381
f  759/759/381 756/756/264 760/760/264
f  756/756/264 755/755/373 761/761/540
f  756/756/264 761/761/540 760/760/264
f  759/759/381 760/760/264 762/762/541
f  762/762/541 760/760/264 761/761/540
f  759/759/381 762/762/541 763/763/542
f  761/761/540 755/755/373 764/764/543
f  761/761/540 764/764/543 762/762/541
f  764/764/543 755/755/373 765/765/344
f  766/766/544 767/767/545 762/762/541
f  762/762/541 764/764/543 768/768/546
f  766/766/544 762/762/541 769/769/547
f  769/769/547 762/762/541 768/768/546
f  766/766/544 769/769/547 770/770/548
f  766/766/544 770/770/548 771/771/549
f  771/771/549 770/770/548 772/772/550
f  772/772/550 770/770/548 769/769/547
f  771/771/549 772/772/550 773/773/551
f  769/769/547 768/768/546 774/774/552
f  769/769/547 774/774/552 772/772/550
f  775/775/553 768/768/546 764/764/543
f  773/773/551 772/772/550 776/776/402
f  774/774/552 768/768/546 777/777/554
f  774/774/552 777/777/554 772/772/550
f  777/777/554 768/768/546 775/775/553
f  772/772/550 777/777/554 776/776/402
f  775/775/553 764/764/543 778/778/555
f  775/775/553 778/778/555 777/777/554
f  778/778/555 764/764/543 765/765/344
f  778/778/555 765/765/344 779/779/556
f  779/779/556 765/765/344 780/780/354
f  778/778/555 779/779/556 781/781/557
f  781/781/557 779/779/556 780/780/354
f  778/778/555 781/781/557 777/777/554
f  781/781/557 780/780/354 782/782/558
f  782/782/558 780/780/354 783/783/353
f  781/781/557 782/782/558 784/784/559
f  781/781/557 784/784/559 777/777/554
f  784/784/559 782/782/558 785/785/560
f  777/777/554 784/784/559 786/786/561
f  777/777/554 786/786/561 776/776/402
f  786/786/561 784/784/559 787/787/562
f  786/786/561 787/787/562 788/788/563
f  786/786/561 788/788/563 776/776/402
f  776/776/402 788/788/563 789/789/564
f  776/776/402 789/789/564 790/790/565
f  791/791/566 792/792/567 793/793/355
f  793/793/355 792/792/567 794/794/353
f  791/791/566 793/793/355 795/795/568
f  794/794/353 792/792/567 796/796/569
f  795/795/568 793/793/355 797/797/570
f  792/792/567 791/791/566 798/798/571
f  792/792/567 798/798/571 796/796/569
f  791/791/566 795/795/568 799/799/572
f  799/799/572 795/795/568 797/797/570
f  791/791/566 799/799/572 798/798/571
f  800/800/573 801/801/574 793/793/355
f  793/793/355 801/801/574 797/797/570
f  797/797/570 801/801/574 802/802/575
f  799/799/572 797/797/570 803/803/576
f  797/797/570 802/802/575 804/804/577
f  797/797/570 804/804/577 803/803/576
f  799/799/572 803/803/576 805/805/578
f  805/805/578 803/803/576 804/804/577
f  799/799/572 805/805/578 798/798/571
f  804/804/577 802/802/575 806/806/579
f  805/805/578 804/804/577 807/807/580
f  807/807/580 804/804/577 806/806/579
f  805/805/578 807/807/580 808/808/581
f  805/805/578 808/808/581 798/798/571
f  807/807/580 806/806/579 809/809/582
f  807/807/580 809/809/582 808/808/581
f  806/806/579 802/802/575 810/810/418
f  810/810/418 802/802/575 811/811/583
f  810/810/418 811/811/583 812/812/584
f  809/809/582 806/806/579 813/813/585
f  809/809/582 813/813/585 808/808/581
f  813/813/585 806/806/579 810/810/418
f  808/808/581 813/813/585 814/814/586
f  808/808/581 814/814/586 798/798/571
f  813/813/585 810/810/418 815/815/587
f  813/813/585 815/815/587 814/814/586
f  815/815/587 810/810/418 816/816/588
f  814/814/586 815/815/587 817/817/589
f  814/814/586 817/817/589 798/798/571
f  817/817/589 815/815/587 816/816/588
f  798/798/571 817/817/589 818/818/590
f  817/817/589 816/816/588 819/819/591
f  817/817/589 819/819/591 818/818/590
f  819/819/591 816/816/588 820/820/559
f  820/820/559 816/816/588 821/821/563
f  820/820/559 821/821/563 822/822/562
f  819/819/591 820/820/559 823/823/592
f  819/819/591 823/823/592 818/818/590
f  798/798/571 818/818/590 824/824/593
f  824/824/593 818/818/590 823/823/592
f  798/798/571 824/824/593 796/796/569
f  823/823/592 820/820/559 825/825/594
f  823/823/592 825/825/594 824/824/593
f  824/824/593 825/825/594 796/796/569
f  825/825/594 820/820/559 826/826/560
f  796/796/569 825/825/594 827/827/595
f  827/827/595 825/825/594 826/826/560
f  796/796/569 827/827/595 794/794/353
f  827/827/595 826/826/560 828/828/558
f  827/827/595 828/828/558 794/794/353
f  829/829/386 830/830/596 831/831/356
f  830/830/596 829/829/386 832/832/389
f  831/831/356 830/830/596 833/833/573
f  831/831/356 833/833/573 834/834/355
f  830/830/596 832/832/389 835/835/597
f  830/830/596 835/835/597 833/833/573
f  835/835/597 832/832/389 836/836/390
f  833/833/573 835/835/597 837/837/598
f  837/837/598 835/835/597 836/836/390
f  833/833/573 837/837/598 838/838/574
f  838/838/574 837/837/598 839/839/599
f  837/837/598 836/836/390 840/840/575
f  837/837/598 840/840/575 839/839/599
f  840/840/575 836/836/390 841/841/392
f  840/840/575 841/841/392 842/842/418
f  838/838/574 839/839/599 843/843/600
f  843/843/600 839/839/599 840/840/575
f  838/838/574 843/843/600 844/844/575
f  844/844/575 843/843/600 845/845/583
f  845/845/583 843/843/600 840/840/575
f  840/840/575 842/842/418 846/846/601
f  845/845/583 840/840/575 847/847/584
f  840/840/575 846/846/601 848/848/602
f  840/840/575 848/848/602 847/847/584
f  848/848/602 846/846/601 849/849/575
f  848/848/602 849/849/575 847/847/584
f  849/849/575 846/846/601 850/850/603
f  847/847/584 849/849/575 851/851/418
f  852/852/380 853/853/604 854/854/382
f  854/854/382 853/853/604 855/855/605
f  854/854/382 855/855/605 856/856/606
f  855/855/605 853/853/604 857/857/607
f  855/855/605 857/857/607 856/856/606
f  857/857/607 853/853/604 858/858/608
f  854/854/382 856/856/606 859/859/609
f  859/859/609 856/856/606 857/857/607
f  857/857/607 858/858/608 860/860/610
f  854/854/382 859/859/609 861/861/383
f  861/861/383 859/859/609 862/862/611
f  861/861/383 862/862/611 863/863/612
f  859/859/609 857/857/607 864/864/613
f  862/862/611 859/859/609 865/865/614
f  865/865/614 859/859/609 864/864/613
f  865/865/614 864/864/613 857/857/607
f  865/865/614 857/857/607 860/860/610
f  862/862/611 865/865/614 866/866/615
f  866/866/615 865/865/614 860/860/610
f  867/867/527 868/868/384 869/869/616
f  869/869/616 868/868/384 870/870/617
f  870/870/617 868/868/384 871/871/383
f  867/867/527 869/869/616 872/872/618
f  872/872/618 869/869/616 870/870/617
f  870/870/617 871/871/383 873/873/619
f  867/867/527 872/872/618 874/874/620
f  873/873/619 871/871/383 875/875/612
f  867/867/527 874/874/620 876/876/530
f  873/873/619 875/875/612 877/877/621
f  873/873/619 877/877/621 870/870/617
f  872/872/618 870/870/617 878/878/622
f  878/878/622 870/870/617 877/877/621
f  872/872/618 878/878/622 879/879/623
f  872/872/618 879/879/623 874/874/620
f  878/878/622 877/877/621 880/880/624
f  880/880/624 877/877/621 875/875/612
f  879/879/623 878/878/622 881/881/625
f  881/881/625 878/878/622 880/880/624
f  874/874/620 879/879/623 882/882/626
f  882/882/626 879/879/623 881/881/625
f  881/881/625 880/880/624 883/883/610
f  883/883/610 880/880/624 875/875/612
f  881/881/625 883/883/610 882/882/626
f  883/883/610 875/875/612 884/884/611
f  882/882/626 883/883/610 885/885/627
f  882/882/626 885/885/627 874/874/620
f  874/874/620 885/885/627 886/886/628
f  874/874/620 886/886/628 876/876/530
f  886/886/628 885/885/627 887/887/629
f  876/876/530 886/886/628 888/888/534
f  886/886/628 887/887/629 889/889/533
f  886/886/628 889/889/533 888/888/534
f  890/890/381 891/891/604 892/892/380
f  891/891/604 890/890/381 893/893/608
f  893/893/608 890/890/381 894/894/630
f  894/894/630 890/890/381 895/895/542
f  893/893/608 894/894/630 896/896/631
f  897/897/542 898/898/632 899/899/630
f  899/899/630 898/898/632 900/900/631
f  898/898/632 897/897/542 901/901/633
f  898/898/632 901/901/633 900/900/631
f  901/901/633 897/897/542 902/902/634
f  901/901/633 902/902/634 900/900/631
f  902/902/634 897/897/542 903/903/541
f  900/900/631 902/902/634 904/904/635
f  904/904/635 902/902/634 905/905/636
f  905/905/636 902/902/634 903/903/541
f  904/904/635 905/905/636 906/906/262
f  907/907/545 908/908/637 903/903/541
f  903/903/541 908/908/637 905/905/636
f  906/906/262 905/905/636 909/909/638
f  906/906/262 909/909/638 910/910/639
f  910/910/639 909/909/638 905/905/636
f  910/910/639 905/905/636 911/911/640
f  905/905/636 908/908/637 912/912/641
f  905/905/636 912/912/641 911/911/640
f  912/912/641 908/908/637 913/913/642
f  911/911/640 912/912/641 914/914/643
f  914/914/643 912/912/641 913/913/642
f  911/911/640 914/914/643 915/915/644
f  915/915/644 914/914/643 913/913/642
f  916/916/264 917/917/645 918/918/269
f  918/918/269 917/917/645 919/919/646
f  918/918/269 919/919/646 920/920/647
f  919/919/646 917/917/645 921/921/648
f  919/919/646 921/921/648 922/922/649
f  921/921/648 917/917/645 923/923/539
f  923/923/539 917/917/645 924/924/538
f  922/922/649 921/921/648 925/925/645
f  925/925/645 921/921/648 923/923/539
f  925/925/645 923/923/539 926/926/535
f  925/925/645 926/926/535 927/927/533
f  925/925/645 927/927/533 928/928/650
f  925/925/645 928/928/650 929/929/651
f  928/928/650 927/927/533 930/930/652
f  931/931/538 932/932/645 933/933/264
f  934/934/269 935/935/653 936/936/268
f  936/936/268 935/935/653 937/937/271
f  935/935/653 934/934/269 938/938/654
f  938/938/654 934/934/269 939/939/647
f  938/938/654 939/939/647 935/935/653
f  937/937/271 935/935/653 940/940/275
f  937/937/271 940/940/275 941/941/271
f  935/935/653 939/939/647 942/942/655
f  935/935/653 942/942/655 940/940/275
f  943/943/274 940/940/275 944/944/279
f  944/944/279 940/940/275 945/945/656
f  945/945/656 940/940/275 946/946/271
f  946/946/271 940/940/275 942/942/655
f  946/946/271 942/942/655 947/947/657
f  942/942/655 939/939/647 948/948/658
f  942/942/655 948/948/658 947/947/657
f  949/949/659 939/939/647 950/950/660
f  939/939/647 949/949/659 948/948/658
f  948/948/658 949/949/659 951/951/661
f  946/946/271 947/947/657 952/952/662
f  953/953/663 954/954/664 948/948/658
f  947/947/657 948/948/658 955/955/665
f  955/955/665 948/948/658 954/954/664
f  955/955/665 954/954/664 956/956/666
f  956/956/666 954/954/664 957/957/667
f  947/947/657 955/955/665 958/958/668
f  958/958/668 955/955/665 956/956/666
f  947/947/657 958/958/668 959/959/669
f  947/947/657 959/959/669 952/952/662
f  958/958/668 956/956/666 960/960/670
f  960/960/670 956/956/666 957/957/667
f  958/958/668 960/960/670 959/959/669
f  960/960/670 957/957/667 961/961/671
f  960/960/670 961/961/671 962/962/672
f  959/959/669 960/960/670 963/963/673
f  959/959/669 963/963/673 952/952/662
f  960/960/670 962/962/672 964/964/674
f  964/964/674 962/962/672 952/952/662
f  960/960/670 964/964/674 963/963/673
f  963/963/673 964/964/674 952/952/662
f  965/965/262 966/966/608 967/967/631
f  965/965/262 967/967/631 968/968/635
f  969/969/462 970/970/459 971/971/675
f  971/971/675 970/970/459 972/972/473
f  971/971/675 972/972/473 973/973/474
f  971/971/675 973/973/474 974/974/478
f  971/971/675 974/974/478 975/975/479
f  969/969/462 971/971/675 976/976/461
f  971/971/675 975/975/479 977/977/438
f  978/978/676 979/979/438 977/977/438
f  977/977/438 979/979/438 980/980/437
f  977/977/438 980/980/437 981/981/468
f  977/977/438 981/981/468 971/971/675
f  981/981/468 980/980/437 982/982/436
f  981/981/468 982/982/436 983/983/433
f  981/981/468 983/983/433 984/984/677
f  984/984/677 983/983/433 985/985/430
f  971/971/675 981/981/468 986/986/678
f  986/986/678 981/981/468 984/984/677
f  986/986/678 984/984/677 985/985/430
f  971/971/675 986/986/678 976/976/461
f  986/986/678 985/985/430 987/987/458
f  986/986/678 987/987/458 976/976/461
f  988/988/280 989/989/679 990/990/281
f  989/989/679 988/988/280 991/991/279
f  989/989/679 991/991/279 992/992/656
f  990/990/281 989/989/679 993/993/680
f  993/993/680 989/989/679 992/992/656
f  990/990/281 993/993/680 994/994/288
f  994/994/288 993/993/680 995/995/321
f  993/993/680 992/992/656 996/996/681
f  995/995/321 993/993/680 997/997/682
f  995/995/321 997/997/682 998/998/319
f  993/993/680 996/996/681 999/999/683
f  993/993/680 999/999/683 997/997/682
f  996/996/681 992/992/656 1000/1000/684
f  996/996/681 1000/1000/684 999/999/683
f  1000/1000/684 992/992/656 1001/1001/271
f  1000/1000/684 1001/1001/271 1002/1002/662
f  999/999/683 1000/1000/684 1003/1003/685
f  999/999/683 1003/1003/685 1004/1004/686
f  999/999/683 1004/1004/686 997/997/682
f  1005/1005/320 998/998/319 997/997/682
f  997/997/682 1004/1004/686 1006/1006/687
f  997/997/682 1006/1006/687 1005/1005/320
f  1006/1006/687 1004/1004/686 1007/1007/688
f  1006/1006/687 1007/1007/688 1005/1005/320
f  1007/1007/688 1004/1004/686 1008/1008/689
f  1005/1005/320 1007/1007/688 1009/1009/313
f  1005/1005/320 1009/1009/313 1010/1010/315
f  1007/1007/688 1008/1008/689 1011/1011/690
f  1007/1007/688 1011/1011/690 1009/1009/313
f  1011/1011/690 1008/1008/689 1012/1012/691
f  1009/1009/313 1011/1011/690 1013/1013/692
f  1009/1009/313 1013/1013/692 1014/1014/312
f  1014/1014/312 1013/1013/692 1015/1015/311
f  1015/1015/311 1013/1013/692 1016/1016/693
f  1015/1015/311 1016/1016/693 1017/1017/310
f  1016/1016/693 1013/1013/692 1018/1018/694
f  1018/1018/694 1013/1013/692 1011/1011/690
f  1016/1016/693 1018/1018/694 1019/1019/695
f  1020/1020/696 1011/1011/690 1012/1012/691
f  1011/1011/690 1020/1020/696 1018/1018/694
f  1020/1020/696 1012/1012/691 1021/1021/697
f  1019/1019/695 1018/1018/694 1022/1022/698
f  1022/1022/698 1018/1018/694 1020/1020/696
f  1019/1019/695 1022/1022/698 1021/1021/697
f  1021/1021/697 1022/1022/698 1020/1020/696
f  1023/1023/468 1024/1024/699 1025/1025/700
f  1024/1024/699 1023/1023/468 1026/1026/485
f  1025/1025/700 1024/1024/699 1027/1027/701
f  1027/1027/701 1024/1024/699 1028/1028/702
f  1027/1027/701 1028/1028/702 1029/1029/703
f  1025/1025/700 1027/1027/701 1030/1030/704
f  1025/1025/700 1030/1030/704 1031/1031/705
f  1027/1027/701 1029/1029/703 1032/1032/706
f  1027/1027/701 1032/1032/706 1030/1030/704
f  1030/1030/704 1032/1032/706 1031/1031/705
f  1032/1032/706 1029/1029/703 1033/1033/707
f  1032/1032/706 1033/1033/707 1031/1031/705
f  1034/1034/611 1035/1035/615 1036/1036/708
f  1036/1036/708 1035/1035/615 1037/1037/610
f  1034/1034/611 1036/1036/708 1038/1038/709
f  1036/1036/708 1037/1037/610 1039/1039/710
f  1036/1036/708 1039/1039/710 1038/1038/709
f  1039/1039/710 1037/1037/610 1040/1040/711
f  1040/1040/711 1037/1037/610 1041/1041/262
f  1040/1040/711 1041/1041/262 1042/1042/712
f  1040/1040/711 1042/1042/712 1043/1043/713
f  1043/1043/713 1042/1042/712 1044/1044/714
f  1045/1045/715 1038/1038/709 1044/1044/714
f  1043/1043/713 1044/1044/714 1046/1046/716
f  1046/1046/716 1044/1044/714 1038/1038/709
f  1043/1043/713 1046/1046/716 1040/1040/711
f  1046/1046/716 1038/1038/709 1039/1039/710
f  1047/1047/717 1039/1039/710 1040/1040/711
f  1047/1047/717 1040/1040/711 1046/1046/716
f  1047/1047/717 1046/1046/716 1039/1039/710
f  1048/1048/718 1049/1049/563 1050/1050/588
f  1048/1048/718 1050/1050/588 1051/1051/418
f  1048/1048/718 1051/1051/418 1052/1052/575
f  1048/1048/718 1052/1052/575 1053/1053/603
f  1049/1049/563 1048/1048/718 1054/1054/719
f  1049/1049/563 1054/1054/719 1055/1055/564
f  1056/1056/262 1057/1057/610 1058/1058/608
f  1059/1059/485 1060/1060/489 1061/1061/720
f  1059/1059/485 1061/1061/720 1062/1062/699
f  1062/1062/699 1061/1061/720 1063/1063/721
f  1061/1061/720 1060/1060/489 1064/1064/722
f  1061/1061/720 1064/1064/722 1065/1065/723
f  1061/1061/720 1065/1065/723 1063/1063/721
f  1064/1064/722 1060/1060/489 1066/1066/724
f  1065/1065/723 1064/1064/722 1067/1067/725
f  1067/1067/725 1064/1064/722 1066/1066/724
f  1066/1066/724 1060/1060/489 1068/1068/726
f  1068/1068/726 1060/1060/489 1069/1069/488
f  1067/1067/725 1066/1066/724 1070/1070/727
f  1070/1070/727 1066/1066/724 1068/1068/726
f  1065/1065/723 1067/1067/725 1071/1071/728
f  1071/1071/728 1067/1067/725 1070/1070/727
f  1065/1065/723 1071/1071/728 1063/1063/721
f  1068/1068/726 1069/1069/488 1072/1072/729
f  1068/1068/726 1072/1072/729 1070/1070/727
f  1072/1072/729 1069/1069/488 1073/1073/502
f  1074/1074/503 1075/1075/505 1073/1073/502
f  1073/1073/502 1075/1075/505 1072/1072/729
f  1072/1072/729 1075/1075/505 1076/1076/508
f  1077/1077/730 1071/1071/728 1070/1070/727
f  1077/1077/730 1070/1070/727 1072/1072/729
f  1071/1071/728 1077/1077/730 1078/1078/731
f  1072/1072/729 1076/1076/508 1079/1079/732
f  1077/1077/730 1072/1072/729 1080/1080/733
f  1077/1077/730 1080/1080/733 1078/1078/731
f  1072/1072/729 1079/1079/732 1081/1081/690
f  1079/1079/732 1076/1076/508 1082/1082/510
f  1082/1082/510 1076/1076/508 1083/1083/509
f  1079/1079/732 1082/1082/510 1081/1081/690
f  1080/1080/733 1072/1072/729 1084/1084/271
f  1084/1084/271 1072/1072/729 1081/1081/690
f  1078/1078/731 1080/1080/733 1085/1085/734
f  1085/1085/734 1080/1080/733 1084/1084/271
f  1078/1078/731 1085/1085/734 1086/1086/735
f  1078/1078/731 1086/1086/735 1087/1087/736
f  1078/1078/731 1087/1087/736 1071/1071/728
f  1086/1086/735 1085/1085/734 1088/1088/276
f  1088/1088/276 1085/1085/734 1084/1084/271
f  1087/1087/736 1086/1086/735 1089/1089/737
f  1089/1089/737 1086/1086/735 1088/1088/276
f  1071/1071/728 1087/1087/736 1090/1090/274
f  1090/1090/274 1087/1087/736 1089/1089/737
f  1071/1071/728 1090/1090/274 1063/1063/721
f  1091/1091/738 1063/1063/721 1092/1092/739
f  1092/1092/739 1063/1063/721 1093/1093/740
f  1093/1093/740 1063/1063/721 1090/1090/274
f  1092/1092/739 1093/1093/740 1094/1094/741
f  1094/1094/741 1093/1093/740 1090/1090/274
f  1092/1092/739 1094/1094/741 1095/1095/742
f  1095/1095/742 1094/1094/741 1096/1096/743
f  1096/1096/743 1094/1094/741 1097/1097/744
f  1097/1097/744 1094/1094/741 1090/1090/274
f  1097/1097/744 1090/1090/274 1098/1098/745
f  1097/1097/744 1098/1098/745 1099/1099/746
f  1098/1098/745 1090/1090/274 1100/1100/747
f  1100/1100/747 1090/1090/274 1089/1089/737
f  1099/1099/746 1098/1098/745 1101/1101/748
f  1100/1100/747 1089/1089/737 1102/1102/749
f  1100/1100/747 1102/1102/749 1098/1098/745
f  1098/1098/745 1102/1102/749 1101/1101/748
f  1102/1102/749 1089/1089/737 1088/1088/276
f  1102/1102/749 1088/1088/276 1103/1103/283
f  1102/1102/749 1103/1103/283 1101/1101/748
f  1103/1103/283 1088/1088/276 1084/1084/271
f  1104/1104/750 1105/1105/751 1101/1101/748
f  1104/1104/750 1101/1101/748 1106/1106/752
f  1106/1106/752 1101/1101/748 1107/1107/753
f  1107/1107/753 1101/1101/748 1103/1103/283
f  1104/1104/750 1106/1106/752 1108/1108/754
f  1108/1108/754 1106/1106/752 1107/1107/753
f  1108/1108/754 1107/1107/753 1103/1103/283
f  1108/1108/754 1103/1103/283 1109/1109/755
f  1109/1109/755 1103/1103/283 1110/1110/756
f  1108/1108/754 1109/1109/755 1111/1111/757
f  1108/1108/754 1111/1111/757 1112/1112/758
f  1112/1112/758 1111/1111/757 1113/1113/759
f  1111/1111/757 1109/1109/755 1114/1114/760
f  1114/1114/760 1109/1109/755 1110/1110/756
f  1113/1113/759 1111/1111/757 1115/1115/761
f  1115/1115/761 1111/1111/757 1114/1114/760
f  1116/1116/762 1110/1110/756 1103/1103/283
f  1110/1110/756 1116/1116/762 1114/1114/760
f  1116/1116/762 1103/1103/283 1084/1084/271
f  1115/1115/761 1114/1114/760 1117/1117/763
f  1117/1117/763 1114/1114/760 1116/1116/762
f  1113/1113/759 1115/1115/761 1118/1118/764
f  1118/1118/764 1115/1115/761 1117/1117/763
f  1117/1117/763 1116/1116/762 1119/1119/765
f  1119/1119/765 1116/1116/762 1084/1084/271
f  1117/1117/763 1119/1119/765 1118/1118/764
f  1113/1113/759 1118/1118/764 1120/1120/766
f  1113/1113/759 1120/1120/766 1121/1121/767
f  1120/1120/766 1118/1118/764 1122/1122/768
f  1122/1122/768 1118/1118/764 1119/1119/765
f  1120/1120/766 1122/1122/768 1123/1123/769
f  1120/1120/766 1123/1123/769 1124/1124/770
f  1120/1120/766 1124/1124/770 1125/1125/771
f  1122/1122/768 1119/1119/765 1126/1126/772
f  1126/1126/772 1119/1119/765 1127/1127/773
f  1126/1126/772 1127/1127/773 1128/1128/774
f  1127/1127/773 1119/1119/765 1129/1129/775
f  1128/1128/774 1127/1127/773 1130/1130/776
f  1128/1128/774 1130/1130/776 1131/1131/697
f  1131/1131/697 1130/1130/776 1132/1132/695
f  1129/1129/775 1119/1119/765 1133/1133/777
f  1133/1133/777 1119/1119/765 1084/1084/271
f  1127/1127/773 1129/1129/775 1134/1134/778
f  1134/1134/778 1129/1129/775 1133/1133/777
f  1127/1127/773 1134/1134/778 1135/1135/779
f  1127/1127/773 1135/1135/779 1130/1130/776
f  1134/1134/778 1133/1133/777 1136/1136/780
f  1134/1134/778 1136/1136/780 1135/1135/779
f  1133/1133/777 1084/1084/271 1137/1137/781
f  1133/1133/777 1137/1137/781 1136/1136/780
f  1137/1137/781 1084/1084/271 1081/1081/690
f  1135/1135/779 1136/1136/780 1138/1138/782
f  1138/1138/782 1136/1136/780 1137/1137/781
f  1137/1137/781 1081/1081/690 1139/1139/783
f  1137/1137/781 1139/1139/783 1138/1138/782
f  1139/1139/783 1081/1081/690 1140/1140/690
f  1139/1139/783 1140/1140/690 1138/1138/782
f  1138/1138/782 1140/1140/690 1135/1135/779
f  1135/1135/779 1140/1140/690 1130/1130/776
f  1140/1140/690 1081/1081/690 1082/1082/510
f  1140/1140/690 1082/1082/510 1141/1141/526
f  1140/1140/690 1141/1141/526 1130/1130/776
f  1141/1141/526 1082/1082/510 1142/1142/271
f  1130/1130/776 1141/1141/526 1143/1143/784
f  1130/1130/776 1143/1143/784 1144/1144/785
f  1130/1130/776 1144/1144/785 1132/1132/695
f  1132/1132/695 1144/1144/785 1145/1145/693
f  1145/1145/693 1144/1144/785 1146/1146/310
f  1146/1146/310 1144/1144/785 1143/1143/784
f  1143/1143/784 1141/1141/526 1147/1147/786
f  1143/1143/784 1147/1147/786 1146/1146/310
f  1147/1147/786 1141/1141/526 1148/1148/522
f  1146/1146/310 1147/1147/786 1149/1149/520
f  1147/1147/786 1148/1148/522 1150/1150/521
f  1147/1147/786 1150/1150/521 1149/1149/520
f  1151/1151/627 1152/1152/533 1153/1153/629
f  1152/1152/533 1151/1151/627 1154/1154/652
f  1154/1154/652 1151/1151/627 1155/1155/787
f  1154/1154/652 1155/1155/787 1156/1156/650
f  1156/1156/650 1155/1155/787 1157/1157/788
f  1155/1155/787 1151/1151/627 1158/1158/608
f  1155/1155/787 1158/1158/608 1157/1157/788
f  1156/1156/650 1157/1157/788 1159/1159/651
f  1159/1159/651 1157/1157/788 1158/1158/608
f  1158/1158/608 1151/1151/627 1160/1160/610
f  1158/1158/608 1160/1160/610 1161/1161/789
f  1161/1161/789 1160/1160/610 1162/1162/709
f  1163/1163/790 1164/1164/791 1162/1162/709
f  1162/1162/709 1164/1164/791 1165/1165/792
f  1161/1161/789 1162/1162/709 1166/1166/793
f  1166/1166/793 1162/1162/709 1165/1165/792
f  1166/1166/793 1165/1165/792 1161/1161/789
f  1161/1161/789 1165/1165/792 1167/1167/794
f  1161/1161/789 1167/1167/794 1168/1168/795
f  1161/1161/789 1168/1168/795 1158/1158/608
f  1167/1167/794 1165/1165/792 1169/1169/796
f  1167/1167/794 1169/1169/796 1168/1168/795
f  1169/1169/796 1165/1165/792 1170/1170/797
f  1158/1158/608 1168/1168/795 1171/1171/798
f  1171/1171/798 1168/1168/795 1169/1169/796
f  1169/1169/796 1170/1170/797 1172/1172/799
f  1169/1169/796 1172/1172/799 1171/1171/798
f  1172/1172/799 1170/1170/797 1173/1173/800
f  1171/1171/798 1172/1172/799 1174/1174/801
f  1171/1171/798 1174/1174/801 1158/1158/608
f  1174/1174/801 1172/1172/799 1173/1173/800
f  1158/1158/608 1174/1174/801 1175/1175/802
f  1158/1158/608 1175/1175/802 1159/1159/651
f  1174/1174/801 1173/1173/800 1176/1176/803
f  1174/1174/801 1176/1176/803 1175/1175/802
f  1176/1176/803 1173/1173/800 1177/1177/804
f  1177/1177/804 1173/1173/800 1178/1178/805
f  1176/1176/803 1177/1177/804 1179/1179/806
f  1176/1176/803 1179/1179/806 1175/1175/802
f  1179/1179/806 1177/1177/804 1180/1180/807
f  1179/1179/806 1180/1180/807 1181/1181/808
f  1175/1175/802 1179/1179/806 1182/1182/809
f  1175/1175/802 1182/1182/809 1159/1159/651
f  1179/1179/806 1181/1181/808 1183/1183/810
f  1179/1179/806 1183/1183/810 1182/1182/809
f  1183/1183/810 1181/1181/808 1184/1184/811
f  1184/1184/811 1181/1181/808 1185/1185/812
f  1182/1182/809 1183/1183/810 1186/1186/813
f  1182/1182/809 1186/1186/813 1159/1159/651
f  1186/1186/813 1183/1183/810 1184/1184/811
f  1159/1159/651 1186/1186/813 1187/1187/645
f  1186/1186/813 1184/1184/811 1188/1188/814
f  1188/1188/814 1184/1184/811 1185/1185/812
f  1186/1186/813 1188/1188/814 1187/1187/645
f  1188/1188/814 1185/1185/812 1189/1189/815
f  1189/1189/815 1185/1185/812 1190/1190/816
f  1187/1187/645 1188/1188/814 1191/1191/817
f  1187/1187/645 1191/1191/817 1192/1192/649
f  1192/1192/649 1191/1191/817 1193/1193/646
f  1191/1191/817 1188/1188/814 1194/1194/818
f  1194/1194/818 1188/1188/814 1189/1189/815
f  1193/1193/646 1191/1191/817 1195/1195/819
f  1195/1195/819 1191/1191/817 1194/1194/818
f  1193/1193/646 1195/1195/819 1196/1196/820
f  1196/1196/820 1195/1195/819 1194/1194/818
f  1194/1194/818 1189/1189/815 1197/1197/821
f  1197/1197/821 1189/1189/815 1190/1190/816
f  1194/1194/818 1197/1197/821 1196/1196/820
f  1196/1196/820 1197/1197/821 1190/1190/816
f  1193/1193/646 1196/1196/820 1198/1198/647
f  1196/1196/820 1190/1190/816 1199/1199/645
f  1196/1196/820 1199/1199/645 1198/1198/647
f  1198/1198/647 1199/1199/645 1200/1200/660
f  1201/1201/705 1202/1202/468 1203/1203/700
f  1204/1204/709 1205/1205/610 1206/1206/611
f  1207/1207/822 1208/1208/601 1209/1209/418
f  1210/1210/420 1209/1209/418 1211/1211/419
f  1207/1207/822 1209/1209/418 1212/1212/823
f  1212/1212/823 1209/1209/418 1213/1213/824
f  1213/1213/824 1209/1209/418 1210/1210/420
f  1212/1212/823 1213/1213/824 1207/1207/822
f  1214/1214/416 1215/1215/414 1210/1210/420
f  1210/1210/420 1215/1215/414 1213/1213/824
f  1213/1213/824 1215/1215/414 1216/1216/412
f  1217/1217/825 1208/1208/601 1207/1207/822
f  1208/1208/601 1217/1217/825 1218/1218/603
f  1213/1213/824 1216/1216/412 1219/1219/396
f  1219/1219/396 1216/1216/412 1220/1220/584
f  1219/1219/396 1220/1220/584 1221/1221/826
f  1219/1219/396 1221/1221/826 1222/1222/827
f  1218/1218/603 1217/1217/825 1223/1223/828
f  1218/1218/603 1223/1223/828 1224/1224/829
f  1224/1224/829 1223/1223/828 1225/1225/830
f  1223/1223/828 1217/1217/825 1226/1226/831
f  1225/1225/830 1223/1223/828 1227/1227/832
f  1227/1227/832 1223/1223/828 1226/1226/831
f  1225/1225/830 1227/1227/832 1228/1228/833
f  1225/1225/830 1228/1228/833 1229/1229/718
f  1227/1227/832 1226/1226/831 1230/1230/834
f  1227/1227/832 1230/1230/834 1228/1228/833
f  1226/1226/831 1217/1217/825 1231/1231/835
f  1231/1231/835 1217/1217/825 1207/1207/822
f  1230/1230/834 1226/1226/831 1232/1232/836
f  1232/1232/836 1226/1226/831 1231/1231/835
f  1231/1231/835 1207/1207/822 1233/1233/837
f  1231/1231/835 1233/1233/837 1232/1232/836
f  1233/1233/837 1207/1207/822 1213/1213/824
f  1233/1233/837 1213/1213/824 1219/1219/396
f  1233/1233/837 1219/1219/396 1232/1232/836
f  1230/1230/834 1232/1232/836 1234/1234/838
f  1230/1230/834 1234/1234/838 1228/1228/833
f  1234/1234/838 1232/1232/836 1235/1235/839
f  1235/1235/839 1232/1232/836 1236/1236/840
f  1235/1235/839 1236/1236/840 1234/1234/838
f  1236/1236/840 1232/1232/836 1219/1219/396
f  1228/1228/833 1234/1234/838 1237/1237/841
f  1237/1237/841 1234/1234/838 1236/1236/840
f  1238/1238/842 1239/1239/843 1228/1228/833
f  1238/1238/842 1228/1228/833 1240/1240/844
f  1240/1240/844 1228/1228/833 1237/1237/841
f  1238/1238/842 1240/1240/844 1241/1241/845
f  1237/1237/841 1236/1236/840 1242/1242/846
f  1243/1243/847 1236/1236/840 1219/1219/396
f  1236/1236/840 1243/1243/847 1242/1242/846
f  1243/1243/847 1219/1219/396 1222/1222/827
f  1243/1243/847 1222/1222/827 1244/1244/848
f  1242/1242/846 1243/1243/847 1245/1245/849
f  1242/1242/846 1245/1245/849 1237/1237/841
f  1237/1237/841 1245/1245/849 1240/1240/844
f  1245/1245/849 1243/1243/847 1246/1246/850
f  1245/1245/849 1246/1246/850 1247/1247/565
f  1245/1245/849 1247/1247/565 1240/1240/844
f  1240/1240/844 1247/1247/565 1248/1248/851
f  1240/1240/844 1248/1248/851 1241/1241/845
f  1248/1248/851 1247/1247/565 1249/1249/852
f  1248/1248/851 1249/1249/852 1250/1250/853
f  1248/1248/851 1250/1250/853 1241/1241/845
f  1241/1241/845 1250/1250/853 1251/1251/854
f  1251/1251/854 1250/1250/853 1252/1252/855
f  1252/1252/855 1250/1250/853 1253/1253/856
f  1254/1254/468 1255/1255/705 1256/1256/857
f  1254/1254/468 1256/1256/857 1257/1257/470
f  1257/1257/470 1256/1256/857 1258/1258/858
f  1256/1256/857 1255/1255/705 1259/1259/859
f  1259/1259/859 1255/1255/705 1260/1260/707
f  1259/1259/859 1260/1260/707 1261/1261/860
f  1259/1259/859 1261/1261/860 1262/1262/435
f  1256/1256/857 1259/1259/859 1263/1263/700
f  1256/1256/857 1263/1263/700 1258/1258/858
f  1263/1263/700 1259/1259/859 1262/1262/435
f  1258/1258/858 1263/1263/700 1264/1264/861
f  1258/1258/858 1264/1264/861 1265/1265/475
f  1263/1263/700 1262/1262/435 1266/1266/860
f  1263/1263/700 1266/1266/860 1264/1264/861
f  1266/1266/860 1262/1262/435 1267/1267/862
f  1265/1265/475 1264/1264/861 1268/1268/863
f  1268/1268/863 1264/1264/861 1266/1266/860
f  1265/1265/475 1268/1268/863 1269/1269/864
f  1268/1268/863 1266/1266/860 1270/1270/464
f  1271/1271/551 1272/1272/865 1273/1273/549
f  1273/1273/549 1272/1272/865 1274/1274/544
f  1274/1274/544 1272/1272/865 1275/1275/545
f  1275/1275/545 1272/1272/865 1276/1276/866
f  1275/1275/545 1276/1276/866 1277/1277/867
f  1272/1272/865 1271/1271/551 1278/1278/868
f  1272/1272/865 1278/1278/868 1276/1276/866
f  1277/1277/867 1276/1276/866 1279/1279/869
f  1279/1279/869 1276/1276/866 1278/1278/868
f  1277/1277/867 1279/1279/869 1280/1280/870
f  1279/1279/869 1278/1278/868 1281/1281/588
f  1279/1279/869 1281/1281/588 1280/1280/870
f  1278/1278/868 1271/1271/551 1282/1282/565
f  1278/1278/868 1282/1282/565 1281/1281/588
f  1282/1282/565 1271/1271/551 1283/1283/402
f  1280/1280/870 1281/1281/588 1284/1284/871
f  1280/1280/870 1284/1284/871 1285/1285/872
f  1285/1285/872 1284/1284/871 1281/1281/588
f  1280/1280/870 1285/1285/872 1286/1286/873
f  1281/1281/588 1282/1282/565 1287/1287/874
f  1281/1281/588 1287/1287/874 1285/1285/872
f  1287/1287/874 1282/1282/565 1288/1288/719
f  1288/1288/719 1282/1282/565 1289/1289/564
f  1285/1285/872 1287/1287/874 1290/1290/875
f  1285/1285/872 1290/1290/875 1286/1286/873
f  1290/1290/875 1287/1287/874 1288/1288/719
f  1286/1286/873 1290/1290/875 1291/1291/876
f  1286/1286/873 1291/1291/876 1292/1292/877
f  1290/1290/875 1288/1288/719 1293/1293/878
f  1290/1290/875 1293/1293/878 1291/1291/876
f  1292/1292/877 1291/1291/876 1294/1294/879
f  1294/1294/879 1291/1291/876 1295/1295/880
f  1295/1295/880 1291/1291/876 1296/1296/881
f  1296/1296/881 1291/1291/876 1293/1293/878
f  1294/1294/879 1295/1295/880 1297/1297/718
f  1295/1295/880 1296/1296/881 1298/1298/882
f  1295/1295/880 1298/1298/882 1297/1297/718
f  1298/1298/882 1296/1296/881 1293/1293/878
f  1297/1297/718 1298/1298/882 1299/1299/883
f  1299/1299/883 1298/1298/882 1293/1293/878
f  1297/1297/718 1299/1299/883 1300/1300/884
f  1297/1297/718 1300/1300/884 1301/1301/830
f  1301/1301/830 1300/1300/884 1302/1302/829
f  1300/1300/884 1299/1299/883 1303/1303/885
f  1303/1303/885 1299/1299/883 1293/1293/878
f  1300/1300/884 1303/1303/885 1302/1302/829
f  1303/1303/885 1293/1293/878 1288/1288/719
f  1303/1303/885 1288/1288/719 1304/1304/718
f  1303/1303/885 1304/1304/718 1302/1302/829
f  1302/1302/829 1304/1304/718 1305/1305/603
f  1306/1306/707 1307/1307/703 1308/1308/860
f  1308/1308/860 1307/1307/703 1309/1309/886
f  1309/1309/886 1307/1307/703 1310/1310/702
f  1308/1308/860 1309/1309/886 1311/1311/887
f  1311/1311/887 1309/1309/886 1310/1310/702
f  1308/1308/860 1311/1311/887 1312/1312/435
f  1308/1308/860 1312/1312/435 1313/1313/435
f  1311/1311/887 1310/1310/702 1314/1314/888
f  1312/1312/435 1311/1311/887 1315/1315/889
f  1315/1315/889 1311/1311/887 1314/1314/888
f  1312/1312/435 1315/1315/889 1316/1316/890
f  1312/1312/435 1316/1316/890 1313/1313/435
f  1316/1316/890 1315/1315/889 1314/1314/888
f  1316/1316/890 1314/1314/888 1313/1313/435
f  1314/1314/888 1310/1310/702 1317/1317/699
f  1313/1313/435 1314/1314/888 1318/1318/891
f  1318/1318/891 1314/1314/888 1317/1317/699
f  1318/1318/891 1317/1317/699 1319/1319/721
f  1318/1318/891 1319/1319/721 1320/1320/738
f  1321/1321/892 1322/1322/644 1323/1323/642
f  1322/1322/644 1321/1321/892 1324/1324/612
f  1324/1324/612 1321/1321/892 1325/1325/893
f  1322/1322/644 1324/1324/612 1326/1326/894
f  1322/1322/644 1326/1326/894 1327/1327/895
f  1322/1322/644 1327/1327/895 1328/1328/640
f  1328/1328/640 1327/1327/895 1329/1329/639
f  1329/1329/639 1327/1327/895 1330/1330/262
f  1327/1327/895 1326/1326/894 1331/1331/896
f  1330/1330/262 1327/1327/895 1332/1332/897
f  1332/1332/897 1327/1327/895 1331/1331/896
f  1331/1331/896 1326/1326/894 1333/1333/898
f  1330/1330/262 1332/1332/897 1334/1334/899
f  1330/1330/262 1334/1334/899 1335/1335/712
f  1331/1331/896 1333/1333/898 1336/1336/900
f  1331/1331/896 1336/1336/900 1332/1332/897
f  1333/1333/898 1326/1326/894 1337/1337/901
f  1337/1337/901 1326/1326/894 1324/1324/612
f  1333/1333/898 1337/1337/901 1336/1336/900
f  1337/1337/901 1324/1324/612 1338/1338/708
f  1337/1337/901 1338/1338/708 1336/1336/900
f  1338/1338/708 1324/1324/612 1339/1339/902
f  1338/1338/708 1339/1339/902 1336/1336/900
f  1336/1336/900 1339/1339/902 1340/1340/903
f  1336/1336/900 1340/1340/903 1332/1332/897
f  1340/1340/903 1339/1339/902 1341/1341/265
f  1340/1340/903 1341/1341/265 1342/1342/904
f  1340/1340/903 1342/1342/904 1343/1343/905
f  1343/1343/905 1342/1342/904 1344/1344/906
f  1343/1343/905 1344/1344/906 1345/1345/709
f  1340/1340/903 1343/1343/905 1346/1346/907
f  1346/1346/907 1343/1343/905 1345/1345/709
f  1340/1340/903 1346/1346/907 1347/1347/908
f  1340/1340/903 1347/1347/908 1332/1332/897
f  1346/1346/907 1345/1345/709 1348/1348/909
f  1346/1346/907 1348/1348/909 1347/1347/908
f  1348/1348/909 1345/1345/709 1349/1349/789
f  1347/1347/908 1348/1348/909 1350/1350/910
f  1347/1347/908 1350/1350/910 1332/1332/897
f  1348/1348/909 1349/1349/789 1351/1351/911
f  1348/1348/909 1351/1351/911 1350/1350/910
f  1351/1351/911 1349/1349/789 1352/1352/912
f  1351/1351/911 1352/1352/912 1350/1350/910
f  1352/1352/912 1349/1349/789 1353/1353/617
f  1350/1350/910 1352/1352/912 1354/1354/913
f  1354/1354/913 1352/1352/912 1353/1353/617
f  1350/1350/910 1354/1354/913 1332/1332/897
f  1353/1353/617 1349/1349/789 1355/1355/914
f  1354/1354/913 1353/1353/617 1356/1356/915
f  1354/1354/913 1356/1356/915 1332/1332/897
f  1353/1353/617 1355/1355/914 1357/1357/916
f  1353/1353/617 1357/1357/916 1356/1356/915
f  1357/1357/916 1355/1355/914 1358/1358/816
f  1332/1332/897 1356/1356/915 1359/1359/917
f  1356/1356/915 1357/1357/916 1360/1360/918
f  1356/1356/915 1360/1360/918 1359/1359/917
f  1360/1360/918 1357/1357/916 1361/1361/919
f  1360/1360/918 1361/1361/919 1359/1359/917
f  1359/1359/917 1361/1361/919 1357/1357/916
f  1359/1359/917 1357/1357/916 1362/1362/920
f  1357/1357/916 1358/1358/816 1363/1363/921
f  1357/1357/916 1363/1363/921 1362/1362/920
f  1359/1359/917 1362/1362/920 1364/1364/634
f  1359/1359/917 1364/1364/634 1332/1332/897
f  1364/1364/634 1362/1362/920 1363/1363/921
f  1332/1332/897 1364/1364/634 1365/1365/922
f  1332/1332/897 1365/1365/922 1334/1334/899
f  1334/1334/899 1365/1365/922 1335/1335/712
f  1335/1335/712 1365/1365/922 1366/1366/715
f  1366/1366/715 1365/1365/922 1364/1364/634
f  1335/1335/712 1366/1366/715 1367/1367/714
f  1364/1364/634 1363/1363/921 1368/1368/923
f  1364/1364/634 1368/1368/923 1366/1366/715
f  1368/1368/923 1363/1363/921 1369/1369/924
f  1368/1368/923 1369/1369/924 1366/1366/715
f  1366/1366/715 1369/1369/924 1370/1370/790
f  1366/1366/715 1370/1370/790 1371/1371/709
f  1369/1369/924 1363/1363/921 1372/1372/925
f  1369/1369/924 1372/1372/925 1370/1370/790
f  1372/1372/925 1363/1363/921 1358/1358/816
f  1370/1370/790 1372/1372/925 1373/1373/791
f  1373/1373/791 1372/1372/925 1358/1358/816
f  1374/1374/686 1375/1375/926 1376/1376/689
f  1375/1375/926 1374/1374/686 1377/1377/685
f  1376/1376/689 1375/1375/926 1378/1378/927
f  1375/1375/926 1377/1377/685 1379/1379/928
f  1375/1375/926 1379/1379/928 1378/1378/927
f  1379/1379/928 1377/1377/685 1380/1380/929
f  1378/1378/927 1379/1379/928 1381/1381/930
f  1381/1381/930 1379/1379/928 1380/1380/929
f  1380/1380/929 1377/1377/685 1382/1382/684
f  1378/1378/927 1381/1381/930 1383/1383/931
f  1376/1376/689 1378/1378/927 1384/1384/932
f  1384/1384/932 1378/1378/927 1383/1383/931
f  1376/1376/689 1384/1384/932 1385/1385/691
f  1385/1385/691 1384/1384/932 1386/1386/697
f  1386/1386/697 1384/1384/932 1387/1387/774
f  1387/1387/774 1384/1384/932 1388/1388/933
f  1383/1383/931 1381/1381/930 1389/1389/934
f  1389/1389/934 1381/1381/930 1380/1380/929
f  1384/1384/932 1383/1383/931 1390/1390/935
f  1384/1384/932 1390/1390/935 1388/1388/933
f  1390/1390/935 1383/1383/931 1389/1389/934
f  1388/1388/933 1390/1390/935 1391/1391/936
f  1391/1391/936 1390/1390/935 1392/1392/937
f  1392/1392/937 1390/1390/935 1389/1389/934
f  1391/1391/936 1392/1392/937 1393/1393/770
f  1393/1393/770 1392/1392/937 1394/1394/938
f  1394/1394/938 1392/1392/937 1389/1389/934
f  1393/1393/770 1394/1394/938 1395/1395/271
f  1396/1396/939 1389/1389/934 1380/1380/929
f  1389/1389/934 1396/1396/939 1394/1394/938
f  1396/1396/939 1380/1380/929 1382/1382/684
f  1397/1397/940 1394/1394/938 1398/1398/941
f  1398/1398/941 1394/1394/938 1399/1399/942
f  1399/1399/942 1394/1394/938 1396/1396/939
f  1398/1398/941 1399/1399/942 1400/1400/288
f  1396/1396/939 1382/1382/684 1401/1401/943
f  1396/1396/939 1401/1401/943 1399/1399/942
f  1400/1400/288 1399/1399/942 1402/1402/671
f  1400/1400/288 1402/1402/671 1403/1403/667
f  1402/1402/671 1399/1399/942 1401/1401/943
f  1402/1402/671 1401/1401/943 1404/1404/672
f  1404/1404/672 1401/1401/943 1405/1405/662
f  1406/1406/944 1382/1382/684 1405/1405/662
f  1406/1406/944 1405/1405/662 1401/1401/943
f  1406/1406/944 1401/1401/943 1382/1382/684
f  1407/1407/471 1408/1408/470 1409/1409/470
f  1407/1407/471 1409/1409/470 1410/1410/475
f  1410/1410/475 1409/1409/470 1408/1408/470
f  1411/1411/476 1410/1410/475 1412/1412/480
f  1412/1412/480 1410/1410/475 1413/1413/424
f  1413/1413/424 1410/1410/475 1408/1408/470
f  1412/1412/480 1413/1413/424 1414/1414/438
f  1414/1414/438 1413/1413/424 1415/1415/945
f  1413/1413/424 1408/1408/470 1416/1416/946
f  1413/1413/424 1416/1416/946 1415/1415/945
f  1416/1416/946 1408/1408/470 1417/1417/858
f  1414/1414/438 1415/1415/945 1418/1418/438
f  1418/1418/438 1415/1415/945 1416/1416/946
f  1418/1418/438 1416/1416/946 1417/1417/858
f  1414/1414/438 1418/1418/438 1419/1419/676
f  1419/1419/676 1418/1418/438 1420/1420/469
f  1420/1420/469 1418/1418/438 1421/1421/947
f  1421/1421/947 1418/1418/438 1417/1417/858
f  1421/1421/947 1417/1417/858 1422/1422/475
f  1423/1423/637 1424/1424/892 1425/1425/642
f  1424/1424/892 1423/1423/637 1426/1426/545
f  1424/1424/892 1426/1426/545 1427/1427/948
f  1424/1424/892 1427/1427/948 1428/1428/893
f  1428/1428/893 1427/1427/948 1429/1429/612
f  1429/1429/612 1427/1427/948 1430/1430/949
f  1429/1429/612 1430/1430/949 1431/1431/902
f  1431/1431/902 1430/1430/949 1427/1427/948
f  1431/1431/902 1427/1427/948 1432/1432/950
f  1432/1432/950 1427/1427/948 1433/1433/951
f  1433/1433/951 1427/1427/948 1434/1434/952
f  1435/1435/953 1427/1427/948 1426/1426/545
f  1427/1427/948 1435/1435/953 1434/1434/952
f  1435/1435/953 1426/1426/545 1436/1436/867
f  1434/1434/952 1435/1435/953 1437/1437/833
f  1435/1435/953 1436/1436/867 1438/1438/870
f  1437/1437/833 1435/1435/953 1439/1439/954
f  1435/1435/953 1438/1438/870 1440/1440/873
f  1439/1439/954 1435/1435/953 1441/1441/394
f  1441/1441/394 1435/1435/953 1440/1440/873
f  1439/1439/954 1441/1441/394 1442/1442/955
f  1441/1441/394 1440/1440/873 1443/1443/877
f  1442/1442/955 1441/1441/394 1444/1444/956
f  1442/1442/955 1444/1444/956 1445/1445/957
f  1441/1441/394 1443/1443/877 1446/1446/958
f  1441/1441/394 1446/1446/958 1444/1444/956
f  1446/1446/958 1443/1443/877 1447/1447/879
f  1444/1444/956 1446/1446/958 1448/1448/959
f  1448/1448/959 1446/1446/958 1447/1447/879
f  1449/1449/960 1450/1450/413 1451/1451/407
f  1449/1449/960 1451/1451/407 1452/1452/406
f  1449/1449/960 1452/1452/406 1453/1453/961
f  1453/1453/961 1452/1452/406 1454/1454/405
f  1453/1453/961 1454/1454/405 1455/1455/404
f  1453/1453/961 1455/1455/404 1456/1456/962
f  1449/1449/960 1453/1453/961 1457/1457/963
f  1453/1453/961 1456/1456/962 1458/1458/964
f  1453/1453/961 1458/1458/964 1457/1457/963
f  1459/1459/965 1450/1450/413 1449/1449/960
f  1459/1459/965 1449/1449/960 1457/1457/963
f  1450/1450/413 1459/1459/965 1460/1460/966
f  1450/1450/413 1460/1460/966 1461/1461/414
f  1461/1461/414 1460/1460/966 1462/1462/412
f  1462/1462/412 1460/1460/966 1463/1463/967
f  1463/1463/967 1460/1460/966 1459/1459/965
f  1462/1462/412 1463/1463/967 1464/1464/584
f  1464/1464/584 1463/1463/967 1465/1465/826
f  1459/1459/965 1457/1457/963 1466/1466/968
f  1463/1463/967 1459/1459/965 1467/1467/969
f  1463/1463/967 1467/1467/969 1465/1465/826
f  1467/1467/969 1459/1459/965 1466/1466/968
f  1465/1465/826 1467/1467/969 1468/1468/970
f  1465/1465/826 1468/1468/970 1469/1469/827
f  1467/1467/969 1466/1466/968 1470/1470/971
f  1470/1470/971 1466/1466/968 1457/1457/963
f  1467/1467/969 1470/1470/971 1468/1468/970
f  1470/1470/971 1457/1457/963 1471/1471/972
f  1469/1469/827 1468/1468/970 1472/1472/848
f  1471/1471/972 1457/1457/963 1458/1458/964
f  1472/1472/848 1468/1468/970 1473/1473/973
f  1472/1472/848 1473/1473/973 1474/1474/974
f  1470/1470/971 1471/1471/972 1475/1475/975
f  1470/1470/971 1475/1475/975 1468/1468/970
f  1475/1475/975 1471/1471/972 1458/1458/964
f  1473/1473/973 1468/1468/970 1476/1476/976
f  1473/1473/973 1476/1476/976 1474/1474/974
f  1476/1476/976 1468/1468/970 1475/1475/975
f  1474/1474/974 1476/1476/976 1477/1477/977
f  1477/1477/977 1476/1476/976 1475/1475/975
f  1477/1477/977 1475/1475/975 1458/1458/964
f  1474/1474/974 1477/1477/977 1478/1478/563
f  1478/1478/563 1477/1477/977 1458/1458/964
f  1478/1478/563 1458/1458/964 1456/1456/962
f  1478/1478/563 1456/1456/962 1479/1479/978
f  1478/1478/563 1479/1479/978 1480/1480/979
f  1481/1481/449 1482/1482/447 1483/1483/450
f  1483/1483/450 1482/1482/447 1484/1484/980
f  1483/1483/450 1484/1484/980 1485/1485/404
f  1484/1484/980 1482/1482/447 1486/1486/430
f  1486/1486/430 1482/1482/447 1487/1487/444
f  1486/1486/430 1487/1487/444 1488/1488/442
f  1484/1484/980 1486/1486/430 1489/1489/981
f  1485/1485/404 1484/1484/980 1490/1490/982
f  1490/1490/982 1484/1484/980 1489/1489/981
f  1485/1485/404 1490/1490/982 1491/1491/432
f  1485/1485/404 1491/1491/432 1492/1492/962
f  1492/1492/962 1491/1491/432 1493/1493/978
f  1490/1490/982 1489/1489/981 1494/1494/983
f  1494/1494/983 1489/1489/981 1486/1486/430
f  1491/1491/432 1490/1490/982 1495/1495/984
f  1495/1495/984 1490/1490/982 1494/1494/983
f  1491/1491/432 1495/1495/984 1496/1496/985
f  1491/1491/432 1496/1496/985 1497/1497/986
f  1495/1495/984 1494/1494/983 1498/1498/987
f  1495/1495/984 1498/1498/987 1496/1496/985
f  1498/1498/987 1494/1494/983 1499/1499/988
f  1498/1498/987 1499/1499/988 1496/1496/985
f  1499/1499/988 1494/1494/983 1486/1486/430
f  1497/1497/986 1496/1496/985 1500/1500/475
f  1500/1500/475 1496/1496/985 1499/1499/988
f  1500/1500/475 1499/1499/988 1501/1501/989
f  1500/1500/475 1501/1501/989 1502/1502/439
f  1502/1502/439 1501/1501/989 1499/1499/988
f  1502/1502/439 1499/1499/988 1486/1486/430
f  1500/1500/475 1502/1502/439 1503/1503/990
f  1502/1502/439 1486/1486/430 1504/1504/991
f  1504/1504/991 1486/1486/430 1505/1505/992
f  1505/1505/992 1486/1486/430 1488/1488/442
f  1505/1505/992 1488/1488/442 1506/1506/439
f  1504/1504/991 1505/1505/992 1507/1507/993
f  1504/1504/991 1507/1507/993 1502/1502/439
f  1507/1507/993 1505/1505/992 1506/1506/439
f  1502/1502/439 1507/1507/993 1508/1508/474
f  1508/1508/474 1507/1507/993 1506/1506/439
f  1502/1502/439 1508/1508/474 1503/1503/990
f  1508/1508/474 1506/1506/439 1509/1509/435
f  1510/1510/994 1503/1503/990 1511/1511/995
f  1511/1511/995 1503/1503/990 1508/1508/474
f  1508/1508/474 1509/1509/435 1512/1512/426
f  1512/1512/426 1509/1509/435 1513/1513/438
f  1511/1511/995 1508/1508/474 1514/1514/996
f  1511/1511/995 1514/1514/996 1515/1515/435
f  1508/1508/474 1512/1512/426 1516/1516/997
f  1508/1508/474 1516/1516/997 1514/1514/996
f  1515/1515/435 1514/1514/996 1517/1517/469
f  1514/1514/996 1516/1516/997 1518/1518/998
f  1518/1518/998 1516/1516/997 1512/1512/426
f  1514/1514/996 1518/1518/998 1517/1517/469
f  1518/1518/998 1512/1512/426 1519/1519/999
f  1518/1518/998 1519/1519/999 1517/1517/469
f  1519/1519/999 1512/1512/426 1513/1513/438
f  1517/1517/469 1519/1519/999 1520/1520/1000
f  1520/1520/1000 1519/1519/999 1513/1513/438
f  1517/1517/469 1520/1520/1000 1521/1521/676
f  1521/1521/676 1520/1520/1000 1513/1513/438
f  1522/1522/816 1523/1523/792 1524/1524/791
f  1523/1523/792 1522/1522/816 1525/1525/797
f  1526/1526/1001 1522/1522/816 1527/1527/914
f  1522/1522/816 1526/1526/1001 1528/1528/1002
f  1528/1528/1002 1526/1526/1001 1529/1529/1003
f  1522/1522/816 1528/1528/1002 1530/1530/1004
f  1530/1530/1004 1528/1528/1002 1529/1529/1003
f  1522/1522/816 1530/1530/1004 1525/1525/797
f  1531/1531/1005 1532/1532/800 1525/1525/797
f  1531/1531/1005 1525/1525/797 1530/1530/1004
f  1531/1531/1005 1530/1530/1004 1533/1533/1006
f  1531/1531/1005 1533/1533/1006 1534/1534/1007
f  1534/1534/1007 1533/1533/1006 1530/1530/1004
f  1531/1531/1005 1534/1534/1007 1535/1535/1008
f  1531/1531/1005 1535/1535/1008 1536/1536/805
f  1535/1535/1008 1534/1534/1007 1537/1537/792
f  1535/1535/1008 1537/1537/792 1538/1538/1009
f  1535/1535/1008 1538/1538/1009 1539/1539/1010
f  1537/1537/792 1534/1534/1007 1540/1540/1011
f  1540/1540/1011 1534/1534/1007 1530/1530/1004
f  1537/1537/792 1540/1540/1011 1541/1541/1012
f  1537/1537/792 1541/1541/1012 1542/1542/1013
f  1537/1537/792 1542/1542/1013 1538/1538/1009
f  1541/1541/1012 1540/1540/1011 1543/1543/1014
f  1543/1543/1014 1540/1540/1011 1530/1530/1004
f  1541/1541/1012 1543/1543/1014 1542/1542/1013
f  1542/1542/1013 1543/1543/1014 1544/1544/1015
f  1543/1543/1014 1530/1530/1004 1545/1545/1016
f  1543/1543/1014 1545/1545/1016 1544/1544/1015
f  1542/1542/1013 1544/1544/1015 1546/1546/1017
f  1546/1546/1017 1544/1544/1015 1545/1545/1016
f  1547/1547/1018 1538/1538/1009 1542/1542/1013
f  1547/1547/1018 1542/1542/1013 1546/1546/1017
f  1548/1548/1019 1539/1539/1010 1538/1538/1009
f  1539/1539/1010 1548/1548/1019 1549/1549/1020
f  1538/1538/1009 1547/1547/1018 1550/1550/1021
f  1538/1538/1009 1550/1550/1021 1548/1548/1019
f  1549/1549/1020 1548/1548/1019 1551/1551/1022
f  1551/1551/1022 1548/1548/1019 1550/1550/1021
f  1549/1549/1020 1551/1551/1022 1552/1552/1023
f  1552/1552/1023 1551/1551/1022 1553/1553/916
f  1551/1551/1022 1550/1550/1021 1554/1554/1024
f  1551/1551/1022 1554/1554/1024 1553/1553/916
f  1555/1555/1025 1550/1550/1021 1547/1547/1018
f  1554/1554/1024 1550/1550/1021 1556/1556/1026
f  1556/1556/1026 1550/1550/1021 1555/1555/1025
f  1554/1554/1024 1556/1556/1026 1557/1557/1027
f  1554/1554/1024 1557/1557/1027 1553/1553/916
f  1556/1556/1026 1555/1555/1025 1558/1558/1028
f  1556/1556/1026 1558/1558/1028 1557/1557/1027
f  1555/1555/1025 1547/1547/1018 1559/1559/1029
f  1559/1559/1029 1547/1547/1018 1546/1546/1017
f  1558/1558/1028 1555/1555/1025 1560/1560/1030
f  1560/1560/1030 1555/1555/1025 1559/1559/1029
f  1557/1557/1027 1558/1558/1028 1561/1561/1031
f  1562/1562/1032 1553/1553/916 1557/1557/1027
f  1553/1553/916 1562/1562/1032 1563/1563/1033
f  1562/1562/1032 1557/1557/1027 1561/1561/1031
f  1564/1564/1034 1565/1565/1035 1562/1562/1032
f  1564/1564/1034 1562/1562/1032 1566/1566/1005
f  1566/1566/1005 1562/1562/1032 1561/1561/1031
f  1566/1566/1005 1561/1561/1031 1567/1567/1036
f  1567/1567/1036 1561/1561/1031 1568/1568/1037
f  1568/1568/1037 1561/1561/1031 1569/1569/1038
f  1569/1569/1038 1561/1561/1031 1558/1558/1028
f  1569/1569/1038 1558/1558/1028 1560/1560/1030
f  1569/1569/1038 1560/1560/1030 1570/1570/1039
f  1569/1569/1038 1570/1570/1039 1571/1571/1040
f  1570/1570/1039 1560/1560/1030 1572/1572/1041
f  1570/1570/1039 1572/1572/1041 1573/1573/1042
f  1572/1572/1041 1560/1560/1030 1574/1574/1043
f  1574/1574/1043 1560/1560/1030 1559/1559/1029
f  1574/1574/1043 1559/1559/1029 1546/1546/1017
f  1574/1574/1043 1546/1546/1017 1572/1572/1041
f  1572/1572/1041 1546/1546/1017 1573/1573/1042
f  1573/1573/1042 1546/1546/1017 1575/1575/1044
f  1573/1573/1042 1575/1575/1044 1576/1576/1045
f  1576/1576/1045 1575/1575/1044 1577/1577/1046
f  1575/1575/1044 1546/1546/1017 1578/1578/1047
f  1578/1578/1047 1546/1546/1017 1545/1545/1016
f  1577/1577/1046 1575/1575/1044 1579/1579/1048
f  1578/1578/1047 1545/1545/1016 1580/1580/1049
f  1580/1580/1049 1545/1545/1016 1581/1581/789
f  1580/1580/1049 1581/1581/789 1578/1578/1047
f  1581/1581/789 1545/1545/1016 1530/1530/1004
f  1575/1575/1044 1578/1578/1047 1582/1582/1050
f  1582/1582/1050 1578/1578/1047 1581/1581/789
f  1581/1581/789 1530/1530/1004 1529/1529/1003
f  1581/1581/789 1529/1529/1003 1583/1583/896
f  1575/1575/1044 1582/1582/1050 1584/1584/1051
f  1584/1584/1051 1582/1582/1050 1581/1581/789
f  1575/1575/1044 1584/1584/1051 1579/1579/1048
f  1581/1581/789 1583/1583/896 1585/1585/636
f  1581/1581/789 1585/1585/636 1584/1584/1051
f  1584/1584/1051 1585/1585/636 1579/1579/1048
f  1579/1579/1048 1585/1585/636 1577/1577/1046
f  1577/1577/1046 1585/1585/636 1586/1586/1052
f  1586/1586/1052 1585/1585/636 1587/1587/1053
f  1586/1586/1052 1587/1587/1053 1588/1588/1054
f  1589/1589/774 1590/1590/769 1591/1591/768
f  1589/1589/774 1591/1591/768 1592/1592/772
f  1590/1590/769 1589/1589/774 1593/1593/1055
f  1593/1593/1055 1589/1589/774 1594/1594/933
f  1590/1590/769 1593/1593/1055 1595/1595/770
f  1593/1593/1055 1594/1594/933 1596/1596/936
f  1593/1593/1055 1596/1596/936 1595/1595/770
f  1597/1597/808 1598/1598/1056 1599/1599/812
f  1599/1599/812 1598/1598/1056 1600/1600/816
f  1600/1600/816 1598/1598/1056 1601/1601/645
f  1602/1602/608 1603/1603/660 1601/1601/645
f  1602/1602/608 1601/1601/645 1598/1598/1056
f  1598/1598/1056 1597/1597/808 1604/1604/792
f  1604/1604/792 1597/1597/808 1605/1605/807
f  1606/1606/805 1605/1605/807 1607/1607/804
f  1605/1605/807 1606/1606/805 1608/1608/1057
f  1605/1605/807 1608/1608/1057 1604/1604/792
f  1608/1608/1057 1606/1606/805 1609/1609/1008
f  1608/1608/1057 1609/1609/1008 1610/1610/1010
f  1608/1608/1057 1610/1610/1010 1604/1604/792
f  1604/1604/792 1610/1610/1010 1611/1611/1020
f  1612/1612/1058 1598/1598/1056 1604/1604/792
f  1604/1604/792 1611/1611/1020 1613/1613/1059
f  1604/1604/792 1613/1613/1059 1612/1612/1058
f  1613/1613/1059 1611/1611/1020 1614/1614/1023
f  1598/1598/1056 1612/1612/1058 1615/1615/1060
f  1615/1615/1060 1612/1612/1058 1613/1613/1059
f  1598/1598/1056 1615/1615/1060 1616/1616/1061
f  1598/1598/1056 1616/1616/1061 1617/1617/1062
f  1616/1616/1061 1615/1615/1060 1618/1618/1063
f  1616/1616/1061 1618/1618/1063 1617/1617/1062
f  1615/1615/1060 1613/1613/1059 1619/1619/1033
f  1619/1619/1033 1613/1613/1059 1614/1614/1023
f  1615/1615/1060 1619/1619/1033 1618/1618/1063
f  1618/1618/1063 1619/1619/1033 1617/1617/1062
f  1619/1619/1033 1614/1614/1023 1620/1620/916
f  1617/1617/1062 1619/1619/1033 1621/1621/611
f  1621/1621/611 1619/1619/1033 1622/1622/1064
f  1622/1622/1064 1619/1619/1033 1623/1623/1032
f  1621/1621/611 1622/1622/1064 1624/1624/1035
f  1624/1624/1035 1622/1622/1064 1623/1623/1032
f  1625/1625/805 1626/1626/800 1627/1627/1005
f  1628/1628/469 1629/1629/947 1630/1630/985
f  1628/1628/469 1630/1630/985 1631/1631/430
f  1628/1628/469 1631/1631/430 1632/1632/435
f  1632/1632/435 1631/1631/430 1633/1633/1065
f  1631/1631/430 1630/1630/985 1634/1634/1066
f  1634/1634/1066 1630/1630/985 1635/1635/1067
f  1634/1634/1066 1635/1635/1067 1636/1636/1068
f  1634/1634/1066 1636/1636/1068 1637/1637/1069
f  1634/1634/1066 1637/1637/1069 1631/1631/430
f  1637/1637/1069 1636/1636/1068 1638/1638/439
f  1633/1633/1065 1631/1631/430 1639/1639/1066
f  1631/1631/430 1637/1637/1069 1640/1640/1070
f  1640/1640/1070 1637/1637/1069 1638/1638/439
f  1631/1631/430 1640/1640/1070 1639/1639/1066
f  1640/1640/1070 1638/1638/439 1641/1641/986
f  1640/1640/1070 1641/1641/986 1639/1639/1066
f  1639/1639/1066 1641/1641/986 1633/1633/1065
f  1641/1641/986 1638/1638/439 1642/1642/1071
f  1633/1633/1065 1641/1641/986 1643/1643/986
f  1641/1641/986 1642/1642/1071 1644/1644/1072
f  1641/1641/986 1644/1644/1072 1643/1643/986
f  1643/1643/986 1644/1644/1072 1645/1645/1073
f  1643/1643/986 1645/1645/1073 1646/1646/1074
f  1647/1647/947 1648/1648/475 1649/1649/857
f  1649/1649/857 1648/1648/475 1650/1650/864
f  1651/1651/863 1652/1652/464 1650/1650/864
f  1650/1650/864 1652/1652/464 1653/1653/1075
f  1650/1650/864 1653/1653/1075 1649/1649/857
f  1654/1654/860 1655/1655/862 1652/1652/464
f  1652/1652/464 1655/1655/862 1656/1656/1076
f  1652/1652/464 1656/1656/1076 1653/1653/1075
f  1656/1656/1076 1655/1655/862 1657/1657/1077
f  1653/1653/1075 1656/1656/1076 1658/1658/439
f  1653/1653/1075 1658/1658/439 1649/1649/857
f  1658/1658/439 1656/1656/1076 1657/1657/1077
f  1649/1649/857 1658/1658/439 1659/1659/981
f  1658/1658/439 1657/1657/1077 1660/1660/988
f  1649/1649/857 1659/1659/981 1661/1661/1078
f  1649/1649/857 1661/1661/1078 1647/1647/947
f  1647/1647/947 1661/1661/1078 1662/1662/1079
f  1647/1647/947 1662/1662/1079 1663/1663/1080
f  1662/1662/1079 1661/1661/1078 1664/1664/1081
f  1662/1662/1079 1664/1664/1081 1663/1663/1080
f  1664/1664/1081 1661/1661/1078 1659/1659/981
f  1647/1647/947 1663/1663/1080 1665/1665/1082
f  1665/1665/1082 1663/1663/1080 1664/1664/1081
f  1647/1647/947 1665/1665/1082 1666/1666/985
f  1666/1666/985 1665/1665/1082 1667/1667/1067
f  1665/1665/1082 1664/1664/1081 1668/1668/947
f  1665/1665/1082 1668/1668/947 1667/1667/1067
f  1668/1668/947 1664/1664/1081 1659/1659/981
f  1667/1667/1067 1668/1668/947 1669/1669/1068
f  1669/1669/1068 1668/1668/947 1670/1670/1083
f  1670/1670/1083 1668/1668/947 1659/1659/981
f  1669/1669/1068 1670/1670/1083 1671/1671/439
f  1671/1671/439 1670/1670/1083 1672/1672/1084
f  1672/1672/1084 1670/1670/1083 1659/1659/981
f  1671/1671/439 1672/1672/1084 1673/1673/1071
f  1672/1672/1084 1659/1659/981 1674/1674/426
f  1672/1672/1084 1674/1674/426 1673/1673/1071
f  1674/1674/426 1659/1659/981 1658/1658/439
f  1674/1674/426 1658/1658/439 1660/1660/988
f  1673/1673/1071 1674/1674/426 1675/1675/1085
f  1673/1673/1071 1675/1675/1085 1676/1676/1086
f  1673/1673/1071 1676/1676/1086 1677/1677/1087
f  1673/1673/1071 1677/1677/1087 1678/1678/1072
f  1676/1676/1086 1675/1675/1085 1679/1679/439
f  1679/1679/439 1675/1675/1085 1674/1674/426
f  1677/1677/1087 1676/1676/1086 1680/1680/1088
f  1677/1677/1087 1680/1680/1088 1678/1678/1072
f  1680/1680/1088 1676/1676/1086 1679/1679/439
f  1678/1678/1072 1680/1680/1088 1681/1681/1073
f  1682/1682/993 1674/1674/426 1660/1660/988
f  1680/1680/1088 1679/1679/439 1683/1683/430
f  1680/1680/1088 1683/1683/430 1681/1681/1073
f  1684/1684/457 1679/1679/439 1674/1674/426
f  1684/1684/457 1674/1674/426 1682/1682/993
f  1679/1679/439 1684/1684/457 1685/1685/435
f  1684/1684/457 1682/1682/993 1686/1686/1089
f  1684/1684/457 1686/1686/1089 1685/1685/435
f  1687/1687/1090 1682/1682/993 1660/1660/988
f  1682/1682/993 1687/1687/1090 1686/1686/1089
f  1687/1687/1090 1660/1660/988 1688/1688/471
f  1688/1688/471 1660/1660/988 1657/1657/1077
f  1688/1688/471 1657/1657/1077 1689/1689/738
f  1687/1687/1090 1688/1688/471 1690/1690/1091
f  1687/1687/1090 1690/1690/1091 1686/1686/1089
f  1690/1690/1091 1688/1688/471 1691/1691/1092
f  1690/1690/1091 1691/1691/1092 1686/1686/1089
f  1688/1688/471 1689/1689/738 1692/1692/1093
f  1688/1688/471 1692/1692/1093 1691/1691/1092
f  1686/1686/1089 1691/1691/1092 1693/1693/1094
f  1693/1693/1094 1691/1691/1092 1692/1692/1093
f  1686/1686/1089 1693/1693/1094 1694/1694/475
f  1694/1694/475 1693/1693/1094 1692/1692/1093
f  1686/1686/1089 1694/1694/475 1685/1685/435
f  1692/1692/1093 1689/1689/738 1695/1695/1095
f  1692/1692/1093 1695/1695/1095 1694/1694/475
f  1695/1695/1095 1689/1689/738 1696/1696/1096
f  1685/1685/435 1694/1694/475 1697/1697/862
f  1685/1685/435 1697/1697/862 1679/1679/439
f  1694/1694/475 1695/1695/1095 1698/1698/1097
f  1694/1694/475 1698/1698/1097 1697/1697/862
f  1679/1679/439 1697/1697/862 1683/1683/430
f  1698/1698/1097 1695/1695/1095 1699/1699/1098
f  1699/1699/1098 1695/1695/1095 1696/1696/1096
f  1697/1697/862 1698/1698/1097 1700/1700/1099
f  1697/1697/862 1700/1700/1099 1683/1683/430
f  1698/1698/1097 1699/1699/1098 1701/1701/458
f  1698/1698/1097 1701/1701/458 1700/1700/1099
f  1701/1701/458 1699/1699/1098 1702/1702/1100
f  1702/1702/1100 1699/1699/1098 1696/1696/1096
f  1700/1700/1099 1701/1701/458 1703/1703/1101
f  1700/1700/1099 1703/1703/1101 1683/1683/430
f  1703/1703/1101 1701/1701/458 1702/1702/1100
f  1683/1683/430 1703/1703/1101 1704/1704/480
f  1683/1683/430 1704/1704/480 1681/1681/1073
f  1681/1681/1073 1704/1704/480 1703/1703/1101
f  1681/1681/1073 1703/1703/1101 1702/1702/1100
f  1681/1681/1073 1702/1702/1100 1696/1696/1096
f  1681/1681/1073 1696/1696/1096 1705/1705/1074
f  1705/1705/1074 1696/1696/1096 1706/1706/1102
f  1706/1706/1102 1696/1696/1096 1707/1707/1103
f  1706/1706/1102 1707/1707/1103 1708/1708/1104
f  1709/1709/843 1710/1710/718 1711/1711/833
f  1710/1710/718 1709/1709/843 1712/1712/1105
f  1712/1712/1105 1709/1709/843 1713/1713/842
f  1710/1710/718 1712/1712/1105 1714/1714/1106
f  1714/1714/1106 1712/1712/1105 1715/1715/398
f  1710/1710/718 1714/1714/1106 1716/1716/1107
f  1710/1710/718 1716/1716/1107 1717/1717/879
f  1718/1718/663 1719/1719/667 1720/1720/664
f  1719/1719/667 1718/1718/663 1721/1721/1108
f  1719/1719/667 1721/1721/1108 1722/1722/1109
f  1722/1722/1109 1721/1721/1108 1723/1723/1110
f  1719/1719/667 1722/1722/1109 1724/1724/691
f  1722/1722/1109 1723/1723/1110 1725/1725/1111
f  1722/1722/1109 1725/1725/1111 1724/1724/691
f  1725/1725/1111 1723/1723/1110 1726/1726/1112
f  1725/1725/1111 1726/1726/1112 1727/1727/1113
f  1725/1725/1111 1727/1727/1113 1728/1728/1114
f  1719/1719/667 1724/1724/691 1729/1729/288
f  1725/1725/1111 1728/1728/1114 1730/1730/292
f  1730/1730/292 1728/1728/1114 1731/1731/484
f  1725/1725/1111 1730/1730/292 1724/1724/691
f  1729/1729/288 1724/1724/691 1732/1732/1115
f  1729/1729/288 1732/1732/1115 1733/1733/940
f  1729/1729/288 1733/1733/940 1734/1734/941
f  1732/1732/1115 1724/1724/691 1735/1735/1116
f  1732/1732/1115 1735/1735/1116 1733/1733/940
f  1724/1724/691 1730/1730/292 1736/1736/1117
f  1724/1724/691 1736/1736/1117 1735/1735/1116
f  1736/1736/1117 1730/1730/292 1737/1737/1118
f  1737/1737/1118 1730/1730/292 1738/1738/1119
f  1735/1735/1116 1736/1736/1117 1739/1739/1120
f  1739/1739/1120 1736/1736/1117 1737/1737/1118
f  1735/1735/1116 1739/1739/1120 1733/1733/940
f  1739/1739/1120 1737/1737/1118 1740/1740/271
f  1739/1739/1120 1740/1740/271 1733/1733/940
f  1733/1733/940 1740/1740/271 1741/1741/938
f  1741/1741/938 1740/1740/271 1742/1742/271
f  1743/1743/663 1744/1744/658 1745/1745/661
f  1743/1743/663 1745/1745/661 1746/1746/1108
f  1746/1746/1108 1745/1745/661 1747/1747/1110
f  1747/1747/1110 1745/1745/661 1748/1748/771
f  1748/1748/771 1745/1745/661 1749/1749/659
f  1748/1748/771 1749/1749/659 1750/1750/660
f  1747/1747/1110 1748/1748/771 1751/1751/1113
f  1747/1747/1110 1751/1751/1113 1752/1752/1112
f  1751/1751/1113 1748/1748/771 1753/1753/274
f  1748/1748/771 1750/1750/660 1754/1754/1121
f  1748/1748/771 1754/1754/1121 1753/1753/274
f  1754/1754/1121 1750/1750/660 1755/1755/608
f  1751/1751/1113 1753/1753/274 1756/1756/1122
f  1753/1753/274 1754/1754/1121 1757/1757/1123
f  1751/1751/1113 1756/1756/1122 1758/1758/1124
f  1751/1751/1113 1758/1758/1124 1759/1759/1114
f  1758/1758/1124 1756/1756/1122 1760/1760/1125
f  1758/1758/1124 1760/1760/1125 1759/1759/1114
f  1760/1760/1125 1756/1756/1122 1761/1761/1126
f  1759/1759/1114 1760/1760/1125 1762/1762/1113
f  1757/1757/1123 1754/1754/1121 1763/1763/631
f  1763/1763/631 1754/1754/1121 1755/1755/608
f  1757/1757/1123 1763/1763/631 1764/1764/265
f  1764/1764/265 1763/1763/631 1765/1765/262
f  1763/1763/631 1755/1755/608 1766/1766/1054
f  1763/1763/631 1766/1766/1054 1765/1765/262
f  1765/1765/262 1766/1766/1054 1764/1764/265
f  1766/1766/1054 1755/1755/608 1767/1767/1056
f  1764/1764/265 1766/1766/1054 1768/1768/1127
f  1766/1766/1054 1767/1767/1056 1769/1769/1062
f  1768/1768/1127 1766/1766/1054 1770/1770/611
f  1770/1770/611 1766/1766/1054 1769/1769/1062
f  1771/1771/271 1772/1772/771 1773/1773/770
f  1772/1772/771 1771/1771/271 1774/1774/1128
f  1772/1772/771 1774/1774/1128 1775/1775/519
f  1776/1776/766 1772/1772/771 1777/1777/767
f  1778/1778/758 1779/1779/759 1777/1777/767
f  1777/1777/767 1772/1772/771 1780/1780/1129
f  1777/1777/767 1780/1780/1129 1778/1778/758
f  1778/1778/758 1780/1780/1129 1781/1781/275
f  1778/1778/758 1781/1781/275 1782/1782/754
f  1781/1781/275 1780/1780/1129 1783/1783/270
f  1782/1782/754 1781/1781/275 1784/1784/275
f  1784/1784/275 1781/1781/275 1783/1783/270
f  1782/1782/754 1784/1784/275 1785/1785/750
f  1786/1786/1130 1780/1780/1129 1772/1772/771
f  1780/1780/1129 1786/1786/1130 1783/1783/270
f  1786/1786/1130 1772/1772/771 1787/1787/1131
f  1787/1787/1131 1772/1772/771 1775/1775/519
f  1787/1787/1131 1775/1775/519 1786/1786/1130
f  1783/1783/270 1786/1786/1130 1788/1788/1132
f  1788/1788/1132 1786/1786/1130 1775/1775/519
f  1783/1783/270 1788/1788/1132 1789/1789/1133
f  1788/1788/1132 1775/1775/519 1790/1790/1134
f  1788/1788/1132 1790/1790/1134 1789/1789/1133
f  1790/1790/1134 1775/1775/519 1791/1791/729
f  1791/1791/729 1775/1775/519 1792/1792/1135
f  1790/1790/1134 1791/1791/729 1793/1793/1136
f  1790/1790/1134 1793/1793/1136 1789/1789/1133
f  1794/1794/1137 1795/1795/1138 1791/1791/729
f  1793/1793/1136 1791/1791/729 1796/1796/1139
f  1796/1796/1139 1791/1791/729 1795/1795/1138
f  1789/1789/1133 1793/1793/1136 1797/1797/1140
f  1797/1797/1140 1793/1793/1136 1796/1796/1139
f  1789/1789/1133 1797/1797/1140 1798/1798/270
f  1796/1796/1139 1795/1795/1138 1799/1799/1141
f  1799/1799/1141 1795/1795/1138 1800/1800/1142
f  1799/1799/1141 1800/1800/1142 1801/1801/1143
f  1796/1796/1139 1799/1799/1141 1802/1802/1144
f  1797/1797/1140 1796/1796/1139 1803/1803/1145
f  1797/1797/1140 1803/1803/1145 1798/1798/270
f  1803/1803/1145 1796/1796/1139 1804/1804/1146
f  1804/1804/1146 1796/1796/1139 1802/1802/1144
f  1803/1803/1145 1804/1804/1146 1805/1805/1147
f  1803/1803/1145 1805/1805/1147 1798/1798/270
f  1805/1805/1147 1804/1804/1146 1802/1802/1144
f  1798/1798/270 1805/1805/1147 1806/1806/1148
f  1806/1806/1148 1805/1805/1147 1802/1802/1144
f  1806/1806/1148 1802/1802/1144 1807/1807/1149
f  1798/1798/270 1806/1806/1148 1808/1808/1150
f  1806/1806/1148 1807/1807/1149 1809/1809/1151
f  1806/1806/1148 1809/1809/1151 1808/1808/1150
f  1809/1809/1151 1807/1807/1149 1810/1810/1152
f  1810/1810/1152 1807/1807/1149 1802/1802/1144
f  1808/1808/1150 1809/1809/1151 1811/1811/1153
f  1811/1811/1153 1809/1809/1151 1810/1810/1152
f  1798/1798/270 1808/1808/1150 1812/1812/271
f  1798/1798/270 1812/1812/271 1789/1789/1133
f  1789/1789/1133 1812/1812/271 1783/1783/270
f  1783/1783/270 1812/1812/271 1784/1784/275
f  1812/1812/271 1808/1808/1150 1813/1813/1154
f  1812/1812/271 1813/1813/1154 1784/1784/275
f  1813/1813/1154 1808/1808/1150 1811/1811/1153
f  1814/1814/1155 1810/1810/1152 1802/1802/1144
f  1814/1814/1155 1802/1802/1144 1815/1815/1156
f  1816/1816/1157 1811/1811/1153 1810/1810/1152
f  1816/1816/1157 1810/1810/1152 1814/1814/1155
f  1816/1816/1157 1814/1814/1155 1817/1817/1158
f  1811/1811/1153 1816/1816/1157 1818/1818/271
f  1818/1818/271 1816/1816/1157 1817/1817/1158
f  1819/1819/1159 1813/1813/1154 1811/1811/1153
f  1819/1819/1159 1811/1811/1153 1818/1818/271
f  1813/1813/1154 1819/1819/1159 1820/1820/1160
f  1820/1820/1160 1819/1819/1159 1821/1821/494
f  1821/1821/494 1819/1819/1159 1818/1818/271
f  1813/1813/1154 1820/1820/1160 1822/1822/293
f  1813/1813/1154 1822/1822/293 1784/1784/275
f  1822/1822/293 1820/1820/1160 1821/1821/494
f  1784/1784/275 1822/1822/293 1823/1823/1161
f  1784/1784/275 1823/1823/1161 1785/1785/750
f  1785/1785/750 1823/1823/1161 1824/1824/751
f  1823/1823/1161 1822/1822/293 1825/1825/1162
f  1825/1825/1162 1822/1822/293 1821/1821/494
f  1824/1824/751 1823/1823/1161 1826/1826/1163
f  1826/1826/1163 1823/1823/1161 1825/1825/1162
f  1824/1824/751 1826/1826/1163 1827/1827/1164
f  1824/1824/751 1827/1827/1164 1828/1828/748
f  1826/1826/1163 1825/1825/1162 1829/1829/1165
f  1829/1829/1165 1825/1825/1162 1821/1821/494
f  1828/1828/748 1827/1827/1164 1830/1830/746
f  1830/1830/746 1827/1827/1164 1831/1831/1166
f  1830/1830/746 1831/1831/1166 1832/1832/744
f  1832/1832/744 1831/1831/1166 1833/1833/743
f  1833/1833/743 1831/1831/1166 1827/1827/1164
f  1834/1834/1154 1827/1827/1164 1826/1826/1163
f  1827/1827/1164 1834/1834/1154 1833/1833/743
f  1834/1834/1154 1826/1826/1163 1829/1829/1165
f  1833/1833/743 1834/1834/1154 1835/1835/742
f  1835/1835/742 1834/1834/1154 1836/1836/738
f  1836/1836/738 1834/1834/1154 1829/1829/1165
f  1835/1835/742 1836/1836/738 1837/1837/739
f  1838/1838/526 1829/1829/1165 1821/1821/494
f  1838/1838/526 1821/1821/494 1818/1818/271
f  1829/1829/1165 1838/1838/526 1839/1839/1167
f  1839/1839/1167 1838/1838/526 1818/1818/271
f  1829/1829/1165 1839/1839/1167 1836/1836/738
f  1839/1839/1167 1818/1818/271 1840/1840/1168
f  1840/1840/1168 1818/1818/271 1817/1817/1158
f  1840/1840/1168 1817/1817/1158 1841/1841/1114
f  1840/1840/1168 1841/1841/1114 1842/1842/499
f  1842/1842/499 1841/1841/1114 1817/1817/1158
f  1840/1840/1168 1842/1842/499 1839/1839/1167
f  1842/1842/499 1817/1817/1158 1843/1843/1169
f  1842/1842/499 1843/1843/1169 1839/1839/1167
f  1839/1839/1167 1843/1843/1169 1836/1836/738
f  1843/1843/1169 1817/1817/1158 1814/1814/1155
f  1836/1836/738 1843/1843/1169 1844/1844/1170
f  1836/1836/738 1844/1844/1170 1845/1845/1096
f  1845/1845/1096 1844/1844/1170 1843/1843/1169
f  1846/1846/842 1847/1847/845 1848/1848/1105
f  1848/1848/1105 1847/1847/845 1849/1849/398
f  1849/1849/398 1847/1847/845 1850/1850/854
f  1851/1851/1107 1852/1852/1106 1849/1849/398
f  1849/1849/398 1850/1850/854 1853/1853/1171
f  1849/1849/398 1853/1853/1171 1851/1851/1107
f  1851/1851/1107 1853/1853/1171 1854/1854/835
f  1851/1851/1107 1854/1854/835 1855/1855/879
f  1853/1853/1171 1850/1850/854 1856/1856/1172
f  1853/1853/1171 1856/1856/1172 1854/1854/835
f  1856/1856/1172 1850/1850/854 1857/1857/1173
f  1857/1857/1173 1850/1850/854 1858/1858/855
f  1856/1856/1172 1857/1857/1173 1859/1859/603
f  1856/1856/1172 1859/1859/603 1854/1854/835
f  1857/1857/1173 1858/1858/855 1860/1860/1174
f  1857/1857/1173 1860/1860/1174 1859/1859/603
f  1860/1860/1174 1858/1858/855 1861/1861/1175
f  1861/1861/1175 1858/1858/855 1862/1862/1176
f  1861/1861/1175 1862/1862/1176 1863/1863/1177
f  1861/1861/1175 1863/1863/1177 1860/1860/1174
f  1860/1860/1174 1863/1863/1177 1859/1859/603
f  1864/1864/1178 1855/1855/879 1854/1854/835
f  1855/1855/879 1864/1864/1178 1865/1865/959
f  1864/1864/1178 1854/1854/835 1866/1866/1179
f  1864/1864/1178 1866/1866/1179 1865/1865/959
f  1867/1867/1180 1854/1854/835 1859/1859/603
f  1859/1859/603 1863/1863/1177 1868/1868/1181
f  1859/1859/603 1868/1868/1181 1867/1867/1180
f  1854/1854/835 1867/1867/1180 1869/1869/1182
f  1854/1854/835 1869/1869/1182 1866/1866/1179
f  1866/1866/1179 1869/1869/1182 1870/1870/1183
f  1870/1870/1183 1869/1869/1182 1867/1867/1180
f  1871/1871/1184 1865/1865/959 1866/1866/1179
f  1868/1868/1181 1863/1863/1177 1872/1872/1185
f  1872/1872/1185 1863/1863/1177 1873/1873/1186
f  1873/1873/1186 1863/1863/1177 1874/1874/719
f  1872/1872/1185 1873/1873/1186 1875/1875/1187
f  1872/1872/1185 1875/1875/1187 1868/1868/1181
f  1875/1875/1187 1873/1873/1186 1876/1876/1188
f  1875/1875/1187 1876/1876/1188 1877/1877/1189
f  1875/1875/1187 1877/1877/1189 1878/1878/1190
f  1875/1875/1187 1878/1878/1190 1879/1879/1191
f  1879/1879/1191 1878/1878/1190 1880/1880/1192
f  1868/1868/1181 1875/1875/1187 1881/1881/1180
f  1868/1868/1181 1881/1881/1180 1882/1882/1193
f  1868/1868/1181 1882/1882/1193 1867/1867/1180
f  1882/1882/1193 1881/1881/1180 1883/1883/1194
f  1882/1882/1193 1883/1883/1194 1867/1867/1180
f  1883/1883/1194 1881/1881/1180 1884/1884/1195
f  1883/1883/1194 1884/1884/1195 1867/1867/1180
f  1881/1881/1180 1875/1875/1187 1885/1885/1196
f  1881/1881/1180 1885/1885/1196 1884/1884/1195
f  1885/1885/1196 1875/1875/1187 1879/1879/1191
f  1867/1867/1180 1884/1884/1195 1886/1886/1197
f  1867/1867/1180 1886/1886/1197 1870/1870/1183
f  1884/1884/1195 1885/1885/1196 1887/1887/1198
f  1886/1886/1197 1884/1884/1195 1888/1888/1199
f  1888/1888/1199 1884/1884/1195 1887/1887/1198
f  1887/1887/1198 1885/1885/1196 1889/1889/1200
f  1889/1889/1200 1885/1885/1196 1879/1879/1191
f  1888/1888/1199 1887/1887/1198 1890/1890/1201
f  1890/1890/1201 1887/1887/1198 1889/1889/1200
f  1886/1886/1197 1888/1888/1199 1891/1891/392
f  1891/1891/392 1888/1888/1199 1890/1890/1201
f  1886/1886/1197 1891/1891/392 1870/1870/1183
f  1889/1889/1200 1879/1879/1191 1892/1892/1202
f  1889/1889/1200 1892/1892/1202 1890/1890/1201
f  1892/1892/1202 1879/1879/1191 1893/1893/1203
f  1893/1893/1203 1879/1879/1191 1880/1880/1192
f  1890/1890/1201 1892/1892/1202 1894/1894/1204
f  1894/1894/1204 1892/1892/1202 1893/1893/1203
f  1890/1890/1201 1894/1894/1204 1891/1891/392
f  1893/1893/1203 1880/1880/1192 1895/1895/1205
f  1893/1893/1203 1895/1895/1205 1894/1894/1204
f  1895/1895/1205 1880/1880/1192 1896/1896/1206
f  1895/1895/1205 1896/1896/1206 1897/1897/1207
f  1895/1895/1205 1897/1897/1207 1894/1894/1204
f  1894/1894/1204 1897/1897/1207 1898/1898/1208
f  1894/1894/1204 1898/1898/1208 1891/1891/392
f  1898/1898/1208 1897/1897/1207 1899/1899/1209
f  1898/1898/1208 1899/1899/1209 1900/1900/1210
f  1898/1898/1208 1900/1900/1210 1901/1901/955
f  1901/1901/955 1900/1900/1210 1902/1902/954
f  1898/1898/1208 1901/1901/955 1903/1903/957
f  1898/1898/1208 1903/1903/957 1904/1904/390
f  1898/1898/1208 1904/1904/390 1891/1891/392
f  1904/1904/390 1903/1903/957 1905/1905/1211
f  1891/1891/392 1904/1904/390 1906/1906/1212
f  1905/1905/1211 1903/1903/957 1907/1907/1213
f  1907/1907/1213 1903/1903/957 1908/1908/956
f  1907/1907/1213 1908/1908/956 1865/1865/959
f  1907/1907/1213 1865/1865/959 1871/1871/1184
f  1907/1907/1213 1871/1871/1184 1905/1905/1211
f  1905/1905/1211 1871/1871/1184 1904/1904/390
f  1904/1904/390 1871/1871/1184 1906/1906/1212
f  1906/1906/1212 1871/1871/1184 1909/1909/1214
f  1906/1906/1212 1909/1909/1214 1891/1891/392
f  1909/1909/1214 1871/1871/1184 1866/1866/1179
f  1909/1909/1214 1866/1866/1179 1870/1870/1183
f  1891/1891/392 1909/1909/1214 1910/1910/1215
f  1910/1910/1215 1909/1909/1214 1870/1870/1183
f  1910/1910/1215 1870/1870/1183 1891/1891/392
f  1911/1911/435 1912/1912/891 1913/1913/862
f  1913/1913/862 1912/1912/891 1914/1914/738
f  1913/1913/862 1914/1914/738 1915/1915/1077
f  1916/1916/848 1917/1917/885 1918/1918/847
f  1918/1918/847 1917/1917/885 1919/1919/850
f  1917/1917/885 1916/1916/848 1920/1920/974
f  1919/1919/850 1917/1917/885 1921/1921/1216
f  1922/1922/979 1920/1920/974 1923/1923/563
f  1919/1919/850 1921/1921/1216 1924/1924/1217
f  1919/1919/850 1924/1924/1217 1925/1925/565
f  1924/1924/1217 1921/1921/1216 1926/1926/1218
f  1924/1924/1217 1926/1926/1218 1925/1925/565
f  1925/1925/565 1926/1926/1218 1927/1927/1219
f  1927/1927/1219 1926/1926/1218 1921/1921/1216
f  1925/1925/565 1927/1927/1219 1928/1928/1220
f  1928/1928/1220 1927/1927/1219 1929/1929/1221
f  1927/1927/1219 1921/1921/1216 1930/1930/1222
f  1927/1927/1219 1930/1930/1222 1929/1929/1221
f  1930/1930/1222 1921/1921/1216 1917/1917/885
f  1930/1930/1222 1917/1917/885 1931/1931/1223
f  1930/1930/1222 1931/1931/1223 1929/1929/1221
f  1931/1931/1223 1917/1917/885 1920/1920/974
f  1929/1929/1221 1931/1931/1223 1932/1932/1224
f  1932/1932/1224 1931/1931/1223 1920/1920/974
f  1932/1932/1224 1920/1920/974 1922/1922/979
f  1929/1929/1221 1932/1932/1224 1933/1933/1225
f  1933/1933/1225 1932/1932/1224 1922/1922/979
f  1934/1934/995 1935/1935/435 1936/1936/994
f  1936/1936/994 1935/1935/435 1937/1937/990
f  1937/1937/990 1935/1935/435 1938/1938/986
f  1937/1937/990 1938/1938/986 1939/1939/475
f  1938/1938/986 1935/1935/435 1940/1940/1226
f  1938/1938/986 1940/1940/1226 1941/1941/1065
f  1941/1941/1065 1940/1940/1226 1935/1935/435
f  1942/1942/1003 1943/1943/1001 1944/1944/914
f  1942/1942/1003 1944/1944/914 1945/1945/1227
f  1942/1942/1003 1945/1945/1227 1946/1946/896
f  1947/1947/951 1948/1948/952 1949/1949/833
f  1947/1947/951 1949/1949/833 1950/1950/833
f  1947/1947/951 1950/1950/833 1951/1951/1228
f  1947/1947/951 1951/1951/1228 1952/1952/950
f  1952/1952/950 1951/1951/1228 1953/1953/1229
f  1951/1951/1228 1950/1950/833 1954/1954/718
f  1954/1954/718 1950/1950/833 1949/1949/833
f  1953/1953/1229 1951/1951/1228 1955/1955/1230
f  1955/1955/1230 1951/1951/1228 1954/1954/718
f  1953/1953/1229 1955/1955/1230 1956/1956/1231
f  1953/1953/1229 1956/1956/1231 1957/1957/1232
f  1955/1955/1230 1954/1954/718 1958/1958/396
f  1958/1958/396 1954/1954/718 1949/1949/833
f  1955/1955/1230 1958/1958/396 1959/1959/1233
f  1955/1955/1230 1959/1959/1233 1956/1956/1231
f  1959/1959/1233 1958/1958/396 1960/1960/1206
f  1959/1959/1233 1960/1960/1206 1956/1956/1231
f  1958/1958/396 1949/1949/833 1961/1961/557
f  1958/1958/396 1961/1961/557 1960/1960/1206
f  1960/1960/1206 1961/1961/557 1962/1962/1207
f  1962/1962/1207 1961/1961/557 1963/1963/1209
f  1963/1963/1209 1961/1961/557 1964/1964/1210
f  1964/1964/1210 1961/1961/557 1949/1949/833
f  1964/1964/1210 1949/1949/833 1965/1965/954
f  1966/1966/1192 1956/1956/1231 1960/1960/1206
f  1956/1956/1231 1966/1966/1192 1967/1967/1234
f  1967/1967/1234 1966/1966/1192 1968/1968/1235
f  1956/1956/1231 1967/1967/1234 1969/1969/1236
f  1956/1956/1231 1969/1969/1236 1957/1957/1232
f  1967/1967/1234 1968/1968/1235 1970/1970/1237
f  1970/1970/1237 1968/1968/1235 1971/1971/1238
f  1970/1970/1237 1971/1971/1238 1972/1972/1239
f  1970/1970/1237 1972/1972/1239 1967/1967/1234
f  1972/1972/1239 1971/1971/1238 1973/1973/1240
f  1967/1967/1234 1972/1972/1239 1974/1974/1241
f  1967/1967/1234 1974/1974/1241 1975/1975/1242
f  1976/1976/1243 1957/1957/1232 1969/1969/1236
f  1976/1976/1243 1969/1969/1236 1967/1967/1234
f  1976/1976/1243 1967/1967/1234 1975/1975/1242
f  1957/1957/1232 1976/1976/1243 1977/1977/1244
f  1976/1976/1243 1975/1975/1242 1978/1978/1245
f  1976/1976/1243 1978/1978/1245 1977/1977/1244
f  1979/1979/1227 1980/1980/914 1981/1981/896
f  1981/1981/896 1980/1980/914 1982/1982/1042
f  1982/1982/1042 1980/1980/914 1983/1983/789
f  1981/1981/896 1982/1982/1042 1984/1984/1246
f  1981/1981/896 1984/1984/1246 1985/1985/636
f  1982/1982/1042 1983/1983/789 1986/1986/1247
f  1982/1982/1042 1986/1986/1247 1984/1984/1246
f  1985/1985/636 1984/1984/1246 1987/1987/1053
f  1984/1984/1246 1986/1986/1247 1988/1988/1248
f  1984/1984/1246 1988/1988/1248 1987/1987/1053
f  1987/1987/1053 1988/1988/1248 1986/1986/1247
f  1986/1986/1247 1983/1983/789 1989/1989/264
f  1989/1989/264 1983/1983/789 1990/1990/709
f  1987/1987/1053 1986/1986/1247 1991/1991/1249
f  1991/1991/1249 1986/1986/1247 1989/1989/264
f  1987/1987/1053 1991/1991/1249 1992/1992/1250
f  1992/1992/1250 1991/1991/1249 1989/1989/264
f  1987/1987/1053 1992/1992/1250 1993/1993/1251
f  1993/1993/1251 1992/1992/1250 1989/1989/264
f  1989/1989/264 1990/1990/709 1994/1994/906
f  1987/1987/1053 1993/1993/1251 1995/1995/1252
f  1987/1987/1053 1995/1995/1252 1996/1996/1253
f  1996/1996/1253 1995/1995/1252 1997/1997/1254
f  1995/1995/1252 1993/1993/1251 1998/1998/1255
f  1995/1995/1252 1998/1998/1255 1997/1997/1254
f  1998/1998/1255 1993/1993/1251 1999/1999/1256
f  1999/1999/1256 1993/1993/1251 2000/2000/1257
f  2000/2000/1257 1993/1993/1251 1989/1989/264
f  1999/1999/1256 2000/2000/1257 2001/2001/1258
f  1999/1999/1256 2001/2001/1258 1998/1998/1255
f  2001/2001/1258 2000/2000/1257 1989/1989/264
f  1998/1998/1255 2001/2001/1258 2002/2002/1259
f  1998/1998/1255 2002/2002/1259 1997/1997/1254
f  2002/2002/1259 2001/2001/1258 2003/2003/1260
f  2002/2002/1259 2003/2003/1260 1997/1997/1254
f  2003/2003/1260 2001/2001/1258 1989/1989/264
f  1997/1997/1254 2003/2003/1260 2004/2004/1261
f  1997/1997/1254 2004/2004/1261 2005/2005/1262
f  2005/2005/1262 2004/2004/1261 2003/2003/1260
f  1997/1997/1254 2005/2005/1262 2006/2006/1263
f  2005/2005/1262 2003/2003/1260 2007/2007/1264
f  2007/2007/1264 2003/2003/1260 1989/1989/264
f  2006/2006/1263 2005/2005/1262 2008/2008/1265
f  2008/2008/1265 2005/2005/1262 2007/2007/1264
f  2006/2006/1263 2008/2008/1265 2009/2009/1266
f  2006/2006/1263 2009/2009/1266 2010/2010/1267
f  2010/2010/1267 2009/2009/1266 2011/2011/1268
f  2011/2011/1268 2009/2009/1266 2008/2008/1265
f  2010/2010/1267 2011/2011/1268 2012/2012/1245
f  2013/2013/1232 2014/2014/1244 2012/2012/1245
f  2013/2013/1232 2012/2012/1245 2015/2015/1229
f  2015/2015/1229 2012/2012/1245 2011/2011/1268
f  2015/2015/1229 2011/2011/1268 2016/2016/1269
f  2016/2016/1269 2011/2011/1268 2017/2017/1270
f  2016/2016/1269 2017/2017/1270 2015/2015/1229
f  2017/2017/1270 2011/2011/1268 2008/2008/1265
f  2017/2017/1270 2008/2008/1265 2018/2018/1271
f  2018/2018/1271 2008/2008/1265 2019/2019/1272
f  2019/2019/1272 2008/2008/1265 2007/2007/1264
f  2018/2018/1271 2019/2019/1272 2017/2017/1270
f  2019/2019/1272 2007/2007/1264 1989/1989/264
f  2015/2015/1229 2017/2017/1270 2020/2020/1273
f  2015/2015/1229 2020/2020/1273 2021/2021/950
f  2017/2017/1270 2019/2019/1272 2022/2022/612
f  2022/2022/612 2019/2019/1272 1989/1989/264
f  2020/2020/1273 2017/2017/1270 2023/2023/1274
f  2023/2023/1274 2017/2017/1270 2022/2022/612
f  2020/2020/1273 2023/2023/1274 2024/2024/1275
f  2020/2020/1273 2024/2024/1275 2021/2021/950
f  2024/2024/1275 2023/2023/1274 2022/2022/612
f  2024/2024/1275 2022/2022/612 2025/2025/1028
f  2022/2022/612 1989/1989/264 2026/2026/533
f  2022/2022/612 2026/2026/533 2025/2025/1028
f  2026/2026/533 1989/1989/264 1994/1994/906
f  2024/2024/1275 2025/2025/1028 2027/2027/1276
f  2024/2024/1275 2027/2027/1276 2021/2021/950
f  2027/2027/1276 2025/2025/1028 2026/2026/533
f  2021/2021/950 2027/2027/1276 2028/2028/265
f  2029/2029/904 2028/2028/265 1994/1994/906
f  2027/2027/1276 2026/2026/533 2030/2030/1277
f  2027/2027/1276 2030/2030/1277 2028/2028/265
f  2030/2030/1277 2026/2026/533 1994/1994/906
f  2030/2030/1277 1994/1994/906 2028/2028/265
f  2031/2031/271 2032/2032/271 2033/2033/1128
f  2034/2034/1118 2035/2035/1119 2032/2032/271
f  2032/2032/271 2035/2035/1119 2036/2036/506
f  2036/2036/506 2035/2035/1119 2037/2037/1278
f  2037/2037/1278 2035/2035/1119 2038/2038/1279
f  2032/2032/271 2036/2036/506 2039/2039/1280
f  2032/2032/271 2039/2039/1280 2033/2033/1128
f  2036/2036/506 2037/2037/1278 2040/2040/1281
f  2036/2036/506 2040/2040/1281 2039/2039/1280
f  2037/2037/1278 2038/2038/1279 2041/2041/1282
f  2037/2037/1278 2041/2041/1282 2040/2040/1281
f  2041/2041/1282 2038/2038/1279 2042/2042/1283
f  2039/2039/1280 2040/2040/1281 2043/2043/1284
f  2039/2039/1280 2043/2043/1284 2033/2033/1128
f  2040/2040/1281 2041/2041/1282 2044/2044/1285
f  2040/2040/1281 2044/2044/1285 2043/2043/1284
f  2033/2033/1128 2043/2043/1284 2045/2045/1286
f  2045/2045/1286 2043/2043/1284 2044/2044/1285
f  2033/2033/1128 2045/2045/1286 2046/2046/1135
f  2033/2033/1128 2046/2046/1135 2047/2047/519
f  2046/2046/1135 2045/2045/1286 2044/2044/1285
f  2046/2046/1135 2044/2044/1285 2048/2048/1287
f  2049/2049/1288 2044/2044/1285 2041/2041/1282
f  2049/2049/1288 2041/2041/1282 2042/2042/1283
f  2048/2048/1287 2044/2044/1285 2050/2050/1289
f  2048/2048/1287 2050/2050/1289 2046/2046/1135
f  2050/2050/1289 2044/2044/1285 2049/2049/1288
f  2046/2046/1135 2050/2050/1289 2051/2051/1137
f  2046/2046/1135 2051/2051/1137 2052/2052/729
f  2051/2051/1137 2050/2050/1289 2053/2053/1290
f  2053/2053/1290 2050/2050/1289 2049/2049/1288
f  2051/2051/1137 2053/2053/1290 2054/2054/1291
f  2051/2051/1137 2054/2054/1291 2055/2055/1138
f  2055/2055/1138 2054/2054/1291 2053/2053/1290
f  2055/2055/1138 2053/2053/1290 2056/2056/1142
f  2056/2056/1142 2053/2053/1290 2057/2057/1143
f  2057/2057/1143 2053/2053/1290 2049/2049/1288
f  2057/2057/1143 2049/2049/1288 2058/2058/1292
f  2057/2057/1143 2058/2058/1292 2059/2059/1141
f  2058/2058/1292 2049/2049/1288 2060/2060/1293
f  2058/2058/1292 2060/2060/1293 2059/2059/1141
f  2061/2061/1156 2062/2062/1144 2059/2059/1141
f  2061/2061/1156 2059/2059/1141 2060/2060/1293
f  2061/2061/1156 2060/2060/1293 2063/2063/1294
f  2063/2063/1294 2060/2060/1293 2064/2064/1295
f  2060/2060/1293 2049/2049/1288 2065/2065/1296
f  2060/2060/1293 2065/2065/1296 2064/2064/1295
f  2065/2065/1296 2049/2049/1288 2042/2042/1283
f  2064/2064/1295 2065/2065/1296 2038/2038/1279
f  2038/2038/1279 2065/2065/1296 2042/2042/1283
f  2066/2066/950 2067/2067/265 2068/2068/902
f  2069/2069/1119 2070/2070/292 2071/2071/484
f  2072/2072/1279 2069/2069/1119 2073/2073/1295
f  2069/2069/1119 2071/2071/484 2074/2074/1297
f  2069/2069/1119 2074/2074/1297 2073/2073/1295
f  2073/2073/1295 2074/2074/1297 2075/2075/1298
f  2073/2073/1295 2075/2075/1298 2076/2076/1294
f  2076/2076/1294 2075/2075/1298 2077/2077/1299
f  2077/2077/1299 2075/2075/1298 2074/2074/1297
f  2076/2076/1294 2077/2077/1299 2078/2078/1300
f  2077/2077/1299 2074/2074/1297 2079/2079/504
f  2077/2077/1299 2079/2079/504 2078/2078/1300
f  2080/2080/1113 2074/2074/1297 2071/2071/484
f  2074/2074/1297 2080/2080/1113 2079/2079/504
f  2079/2079/504 2080/2080/1113 2078/2078/1300
f  2080/2080/1113 2071/2071/484 2081/2081/1114
f  2078/2078/1300 2080/2080/1113 2082/2082/1126
f  2078/2078/1300 2082/2082/1126 2083/2083/1301
f  2082/2082/1126 2080/2080/1113 2084/2084/1125
f  2085/2085/432 2086/2086/986 2087/2087/1302
f  2085/2085/432 2087/2087/1302 2088/2088/978
f  2087/2087/1302 2086/2086/986 2089/2089/1074
f  2088/2088/978 2087/2087/1302 2090/2090/1303
f  2088/2088/978 2090/2090/1303 2091/2091/979
f  2091/2091/979 2090/2090/1303 2092/2092/1225
f  2090/2090/1303 2087/2087/1302 2093/2093/1304
f  2090/2090/1303 2093/2093/1304 2094/2094/1305
f  2094/2094/1305 2093/2093/1304 2087/2087/1302
f  2092/2092/1225 2090/2090/1303 2095/2095/1306
f  2095/2095/1306 2090/2090/1303 2094/2094/1305
f  2092/2092/1225 2095/2095/1306 2096/2096/1307
f  2092/2092/1225 2096/2096/1307 2097/2097/1220
f  2092/2092/1225 2097/2097/1220 2098/2098/1221
f  2096/2096/1307 2095/2095/1306 2099/2099/1308
f  2096/2096/1307 2099/2099/1308 2097/2097/1220
f  2095/2095/1306 2094/2094/1305 2100/2100/1309
f  2095/2095/1306 2100/2100/1309 2099/2099/1308
f  2100/2100/1309 2094/2094/1305 2101/2101/1310
f  2100/2100/1309 2101/2101/1310 2099/2099/1308
f  2102/2102/1311 2094/2094/1305 2087/2087/1302
f  2102/2102/1311 2087/2087/1302 2103/2103/1312
f  2094/2094/1305 2102/2102/1311 2104/2104/1313
f  2104/2104/1313 2102/2102/1311 2103/2103/1312
f  2094/2094/1305 2104/2104/1313 2101/2101/1310
f  2103/2103/1312 2087/2087/1302 2105/2105/1312
f  2103/2103/1312 2105/2105/1312 2104/2104/1313
f  2101/2101/1310 2104/2104/1313 2106/2106/1314
f  2106/2106/1314 2104/2104/1313 2105/2105/1312
f  2107/2107/1315 2099/2099/1308 2101/2101/1310
f  2107/2107/1315 2101/2101/1310 2106/2106/1314
f  2108/2108/603 2097/2097/1220 2099/2099/1308
f  2097/2097/1220 2108/2108/603 2109/2109/565
f  2109/2109/565 2108/2108/603 2110/2110/852
f  2108/2108/603 2099/2099/1308 2111/2111/1316
f  2111/2111/1316 2099/2099/1308 2107/2107/1315
f  2110/2110/852 2108/2108/603 2112/2112/1317
f  2108/2108/603 2111/2111/1316 2113/2113/1318
f  2108/2108/603 2113/2113/1318 2112/2112/1317
f  2113/2113/1318 2111/2111/1316 2114/2114/1319
f  2114/2114/1319 2111/2111/1316 2107/2107/1315
f  2112/2112/1317 2113/2113/1318 2115/2115/868
f  2115/2115/868 2113/2113/1318 2114/2114/1319
f  2110/2110/852 2112/2112/1317 2116/2116/856
f  2110/2110/852 2116/2116/856 2117/2117/853
f  2112/2112/1317 2115/2115/868 2118/2118/719
f  2112/2112/1317 2118/2118/719 2116/2116/856
f  2116/2116/856 2118/2118/719 2119/2119/1176
f  2116/2116/856 2119/2119/1176 2120/2120/855
f  2119/2119/1176 2118/2118/719 2121/2121/1177
f  2118/2118/719 2115/2115/868 2122/2122/1188
f  2122/2122/1188 2115/2115/868 2114/2114/1319
f  2118/2118/719 2122/2122/1188 2123/2123/1186
f  2122/2122/1188 2114/2114/1319 2124/2124/1320
f  2124/2124/1320 2114/2114/1319 2107/2107/1315
f  2124/2124/1320 2107/2107/1315 2122/2122/1188
f  2122/2122/1188 2107/2107/1315 2125/2125/1321
f  2122/2122/1188 2125/2125/1321 2126/2126/1322
f  2122/2122/1188 2126/2126/1322 2127/2127/1323
f  2127/2127/1323 2126/2126/1322 2128/2128/1324
f  2128/2128/1324 2126/2126/1322 2125/2125/1321
f  2127/2127/1323 2128/2128/1324 2129/2129/1325
f  2125/2125/1321 2107/2107/1315 2130/2130/1326
f  2125/2125/1321 2130/2130/1326 2131/2131/1327
f  2125/2125/1321 2131/2131/1327 2128/2128/1324
f  2130/2130/1326 2107/2107/1315 2132/2132/1328
f  2131/2131/1327 2130/2130/1326 2133/2133/1329
f  2133/2133/1329 2130/2130/1326 2132/2132/1328
f  2131/2131/1327 2133/2133/1329 2128/2128/1324
f  2132/2132/1328 2107/2107/1315 2106/2106/1314
f  2133/2133/1329 2132/2132/1328 2134/2134/1330
f  2134/2134/1330 2132/2132/1328 2106/2106/1314
f  2133/2133/1329 2134/2134/1330 2135/2135/1331
f  2133/2133/1329 2135/2135/1331 2136/2136/1332
f  2133/2133/1329 2136/2136/1332 2128/2128/1324
f  2135/2135/1331 2134/2134/1330 2137/2137/1333
f  2135/2135/1331 2137/2137/1333 2136/2136/1332
f  2137/2137/1333 2134/2134/1330 2106/2106/1314
f  2136/2136/1332 2137/2137/1333 2138/2138/1334
f  2138/2138/1334 2137/2137/1333 2106/2106/1314
f  2136/2136/1332 2138/2138/1334 2139/2139/1335
f  2138/2138/1334 2106/2106/1314 2140/2140/1336
f  2138/2138/1334 2140/2140/1336 2139/2139/1335
f  2136/2136/1332 2139/2139/1335 2141/2141/1337
f  2141/2141/1337 2139/2139/1335 2140/2140/1336
f  2136/2136/1332 2141/2141/1337 2128/2128/1324
f  2140/2140/1336 2106/2106/1314 2142/2142/1338
f  2140/2140/1336 2142/2142/1338 2141/2141/1337
f  2142/2142/1338 2106/2106/1314 2105/2105/1312
f  2128/2128/1324 2141/2141/1337 2143/2143/1339
f  2089/2089/1074 2105/2105/1312 2087/2087/1302
f  2128/2128/1324 2143/2143/1339 2144/2144/1340
f  2128/2128/1324 2144/2144/1340 2129/2129/1325
f  2129/2129/1325 2144/2144/1340 2145/2145/1341
f  2145/2145/1341 2144/2144/1340 2146/2146/1342
f  2146/2146/1342 2144/2144/1340 2143/2143/1339
f  2145/2145/1341 2146/2146/1342 2147/2147/1343
f  2147/2147/1343 2146/2146/1342 2143/2143/1339
f  2145/2145/1341 2147/2147/1343 2148/2148/1344
f  2147/2147/1343 2143/2143/1339 2149/2149/1345
f  2147/2147/1343 2149/2149/1345 2148/2148/1344
f  2149/2149/1345 2143/2143/1339 2150/2150/1346
f  2150/2150/1346 2143/2143/1339 2141/2141/1337
f  2148/2148/1344 2149/2149/1345 2151/2151/1347
f  2149/2149/1345 2150/2150/1346 2152/2152/1348
f  2149/2149/1345 2152/2152/1348 2151/2151/1347
f  2151/2151/1347 2152/2152/1348 2150/2150/1346
f  2148/2148/1344 2151/2151/1347 2153/2153/1349
f  2148/2148/1344 2153/2153/1349 2154/2154/1314
f  2154/2154/1314 2153/2153/1349 2155/2155/1350
f  2153/2153/1349 2151/2151/1347 2156/2156/1351
f  2156/2156/1351 2151/2151/1347 2150/2150/1346
f  2155/2155/1350 2153/2153/1349 2157/2157/1352
f  2157/2157/1352 2153/2153/1349 2156/2156/1351
f  2157/2157/1352 2156/2156/1351 2150/2150/1346
f  2155/2155/1350 2157/2157/1352 2158/2158/1353
f  2158/2158/1353 2157/2157/1352 2159/2159/1354
f  2159/2159/1354 2157/2157/1352 2150/2150/1346
f  2159/2159/1354 2150/2150/1346 2160/2160/1355
f  2160/2160/1355 2150/2150/1346 2141/2141/1337
f  2159/2159/1354 2160/2160/1355 2161/2161/1356
f  2160/2160/1355 2141/2141/1337 2162/2162/1357
f  2162/2162/1357 2141/2141/1337 2142/2142/1338
f  2161/2161/1356 2160/2160/1355 2163/2163/1358
f  2161/2161/1356 2163/2163/1358 2164/2164/1359
f  2164/2164/1359 2163/2163/1358 2165/2165/1360
f  2163/2163/1358 2160/2160/1355 2166/2166/1361
f  2166/2166/1361 2160/2160/1355 2162/2162/1357
f  2165/2165/1360 2163/2163/1358 2167/2167/1362
f  2167/2167/1362 2163/2163/1358 2166/2166/1361
f  2166/2166/1361 2162/2162/1357 2168/2168/1363
f  2168/2168/1363 2162/2162/1357 2142/2142/1338
f  2166/2166/1361 2168/2168/1363 2167/2167/1362
f  2165/2165/1360 2167/2167/1362 2169/2169/1364
f  2168/2168/1363 2142/2142/1338 2170/2170/1365
f  2168/2168/1363 2170/2170/1365 2167/2167/1362
f  2170/2170/1365 2142/2142/1338 2171/2171/1366
f  2171/2171/1366 2142/2142/1338 2105/2105/1312
f  2167/2167/1362 2170/2170/1365 2172/2172/1367
f  2167/2167/1362 2172/2172/1367 2169/2169/1364
f  2170/2170/1365 2171/2171/1366 2173/2173/1368
f  2170/2170/1365 2173/2173/1368 2172/2172/1367
f  2171/2171/1366 2105/2105/1312 2174/2174/1369
f  2171/2171/1366 2174/2174/1369 2173/2173/1368
f  2174/2174/1369 2105/2105/1312 2089/2089/1074
f  2172/2172/1367 2173/2173/1368 2175/2175/1370
f  2172/2172/1367 2175/2175/1370 2169/2169/1364
f  2173/2173/1368 2174/2174/1369 2176/2176/1371
f  2173/2173/1368 2176/2176/1371 2175/2175/1370
f  2176/2176/1371 2174/2174/1369 2177/2177/1372
f  2176/2176/1371 2177/2177/1372 2175/2175/1370
f  2177/2177/1372 2174/2174/1369 2089/2089/1074
f  2175/2175/1370 2177/2177/1372 2178/2178/1373
f  2178/2178/1373 2177/2177/1372 2089/2089/1074
f  2179/2179/1374 2169/2169/1364 2175/2175/1370
f  2179/2179/1374 2175/2175/1370 2178/2178/1373
f  2169/2169/1364 2179/2179/1374 2180/2180/1375
f  2169/2169/1364 2180/2180/1375 2181/2181/1338
f  2182/2182/1102 2181/2181/1338 2089/2089/1074
f  2181/2181/1338 2180/2180/1375 2183/2183/1376
f  2181/2181/1338 2183/2183/1376 2089/2089/1074
f  2180/2180/1375 2179/2179/1374 2184/2184/1377
f  2180/2180/1375 2184/2184/1377 2183/2183/1376
f  2184/2184/1377 2179/2179/1374 2178/2178/1373
f  2183/2183/1376 2184/2184/1377 2089/2089/1074
f  2089/2089/1074 2184/2184/1377 2178/2178/1373
f  2185/2185/1126 2186/2186/1122 2187/2187/1378
f  2185/2185/1126 2187/2187/1378 2188/2188/1301
f  2187/2187/1378 2186/2186/1122 2189/2189/274
f  2188/2188/1301 2187/2187/1378 2190/2190/1300
f  2190/2190/1300 2187/2187/1378 2189/2189/274
f  2190/2190/1300 2189/2189/274 2191/2191/1379
f  2191/2191/1379 2189/2189/274 2192/2192/1123
f  2191/2191/1379 2192/2192/1123 2193/2193/1127
f  2193/2193/1127 2192/2192/1123 2194/2194/265
f  2190/2190/1300 2191/2191/1379 2195/2195/1156
f  2190/2190/1300 2195/2195/1156 2196/2196/1294
f  2195/2195/1156 2191/2191/1379 2197/2197/1380
f  2195/2195/1156 2197/2197/1380 2198/2198/1381
f  2195/2195/1156 2198/2198/1381 2199/2199/1382
f  2200/2200/1042 2201/2201/1040 2202/2202/1039
f  2201/2201/1040 2200/2200/1042 2203/2203/1383
f  2203/2203/1383 2200/2200/1042 2204/2204/1045
f  2203/2203/1383 2204/2204/1045 2205/2205/1384
f  2203/2203/1383 2205/2205/1384 2206/2206/1385
f  2205/2205/1384 2204/2204/1045 2207/2207/1046
f  2206/2206/1385 2205/2205/1384 2208/2208/1253
f  2205/2205/1384 2207/2207/1046 2209/2209/1052
f  2205/2205/1384 2209/2209/1052 2208/2208/1253
f  2208/2208/1253 2209/2209/1052 2210/2210/1054
f  2208/2208/1253 2210/2210/1054 2211/2211/1053
f  2212/2212/1038 2213/2213/265 2214/2214/1037
f  2213/2213/265 2212/2212/1038 2215/2215/1040
f  2213/2213/265 2215/2215/1040 2216/2216/1386
f  2213/2213/265 2216/2216/1386 2214/2214/1037
f  2216/2216/1386 2215/2215/1040 2217/2217/1383
f  2214/2214/1037 2216/2216/1386 2218/2218/1387
f  2214/2214/1037 2218/2218/1387 2219/2219/1036
f  2216/2216/1386 2217/2217/1383 2220/2220/1314
f  2220/2220/1314 2217/2217/1383 2221/2221/1385
f  2218/2218/1387 2216/2216/1386 2222/2222/1388
f  2218/2218/1387 2222/2222/1388 2219/2219/1036
f  2222/2222/1388 2216/2216/1386 2223/2223/1344
f  2223/2223/1344 2216/2216/1386 2220/2220/1314
f  2219/2219/1036 2222/2222/1388 2224/2224/1389
f  2224/2224/1389 2222/2222/1388 2223/2223/1344
f  2219/2219/1036 2224/2224/1389 2225/2225/1005
f  2225/2225/1005 2224/2224/1389 2226/2226/1034
f  2226/2226/1034 2224/2224/1389 2227/2227/1390
f  2227/2227/1390 2224/2224/1389 2223/2223/1344
f  2227/2227/1390 2223/2223/1344 2228/2228/1344
f  2228/2228/1344 2223/2223/1344 2229/2229/1314
f  2229/2229/1314 2223/2223/1344 2230/2230/1391
f  2230/2230/1391 2223/2223/1344 2220/2220/1314
f  2229/2229/1314 2230/2230/1391 2231/2231/1314
f  2231/2231/1314 2230/2230/1391 2220/2220/1314
f  2229/2229/1314 2231/2231/1314 2232/2232/1392
f  2231/2231/1314 2220/2220/1314 2233/2233/1393
f  2232/2232/1392 2231/2231/1314 2234/2234/1394
f  2232/2232/1392 2234/2234/1394 2235/2235/1395
f  2232/2232/1392 2235/2235/1395 2236/2236/1396
f  2236/2236/1396 2235/2235/1395 2237/2237/1397
f  2237/2237/1397 2235/2235/1395 2234/2234/1394
f  2234/2234/1394 2231/2231/1314 2238/2238/1398
f  2238/2238/1398 2231/2231/1314 2233/2233/1393
f  2237/2237/1397 2234/2234/1394 2239/2239/1399
f  2239/2239/1399 2234/2234/1394 2238/2238/1398
f  2239/2239/1399 2238/2238/1398 2237/2237/1397
f  2237/2237/1397 2238/2238/1398 2240/2240/1400
f  2237/2237/1397 2240/2240/1400 2241/2241/1401
f  2241/2241/1401 2240/2240/1400 2238/2238/1398
f  2237/2237/1397 2241/2241/1401 2242/2242/1402
f  2241/2241/1401 2238/2238/1398 2243/2243/1403
f  2243/2243/1403 2238/2238/1398 2233/2233/1393
f  2242/2242/1402 2241/2241/1401 2244/2244/1404
f  2244/2244/1404 2241/2241/1401 2243/2243/1403
f  2242/2242/1402 2244/2244/1404 2245/2245/1405
f  2242/2242/1402 2245/2245/1405 2246/2246/1406
f  2245/2245/1405 2244/2244/1404 2247/2247/1407
f  2244/2244/1404 2243/2243/1403 2248/2248/1408
f  2244/2244/1404 2248/2248/1408 2247/2247/1407
f  2248/2248/1408 2243/2243/1403 2233/2233/1393
f  2247/2247/1407 2248/2248/1408 2249/2249/1409
f  2247/2247/1407 2249/2249/1409 2250/2250/1410
f  2247/2247/1407 2250/2250/1410 2251/2251/1411
f  2251/2251/1411 2250/2250/1410 2252/2252/1412
f  2252/2252/1412 2250/2250/1410 2249/2249/1409
f  2252/2252/1412 2249/2249/1409 2253/2253/1413
f  2248/2248/1408 2233/2233/1393 2254/2254/1414
f  2249/2249/1409 2248/2248/1408 2255/2255/1415
f  2255/2255/1415 2248/2248/1408 2254/2254/1414
f  2249/2249/1409 2255/2255/1415 2256/2256/1416
f  2256/2256/1416 2255/2255/1415 2254/2254/1414
f  2253/2253/1413 2249/2249/1409 2257/2257/1417
f  2249/2249/1409 2256/2256/1416 2258/2258/1418
f  2249/2249/1409 2258/2258/1418 2257/2257/1417
f  2253/2253/1413 2257/2257/1417 2259/2259/1419
f  2259/2259/1419 2257/2257/1417 2258/2258/1418
f  2260/2260/1420 2253/2253/1413 2261/2261/1421
f  2261/2261/1421 2253/2253/1413 2262/2262/1422
f  2262/2262/1422 2253/2253/1413 2259/2259/1419
f  2261/2261/1421 2262/2262/1422 2263/2263/1423
f  2263/2263/1423 2262/2262/1422 2264/2264/1420
f  2264/2264/1420 2262/2262/1422 2265/2265/1424
f  2265/2265/1424 2262/2262/1422 2266/2266/1425
f  2265/2265/1424 2266/2266/1425 2267/2267/1426
f  2266/2266/1425 2262/2262/1422 2268/2268/1427
f  2268/2268/1427 2262/2262/1422 2259/2259/1419
f  2266/2266/1425 2268/2268/1427 2267/2267/1426
f  2268/2268/1427 2259/2259/1419 2269/2269/1428
f  2269/2269/1428 2259/2259/1419 2258/2258/1418
f  2269/2269/1428 2258/2258/1418 2268/2268/1427
f  2268/2268/1427 2258/2258/1418 2267/2267/1426
f  2267/2267/1426 2258/2258/1418 2270/2270/1314
f  2267/2267/1426 2270/2270/1314 2271/2271/1429
f  2270/2270/1314 2258/2258/1418 2272/2272/1430
f  2270/2270/1314 2272/2272/1430 2273/2273/1431
f  2273/2273/1431 2272/2272/1430 2274/2274/1432
f  2273/2273/1431 2274/2274/1432 2275/2275/1433
f  2275/2275/1433 2274/2274/1432 2276/2276/1434
f  2276/2276/1434 2274/2274/1432 2272/2272/1430
f  2275/2275/1433 2276/2276/1434 2277/2277/1314
f  2277/2277/1314 2276/2276/1434 2278/2278/1435
f  2276/2276/1434 2272/2272/1430 2279/2279/1436
f  2276/2276/1434 2279/2279/1436 2278/2278/1435
f  2278/2278/1435 2279/2279/1436 2272/2272/1430
f  2278/2278/1435 2272/2272/1430 2280/2280/1437
f  2281/2281/1438 2272/2272/1430 2258/2258/1418
f  2272/2272/1430 2281/2281/1438 2280/2280/1437
f  2281/2281/1438 2258/2258/1418 2256/2256/1416
f  2281/2281/1438 2256/2256/1416 2282/2282/1439
f  2280/2280/1437 2281/2281/1438 2283/2283/1440
f  2280/2280/1437 2283/2283/1440 2278/2278/1435
f  2283/2283/1440 2281/2281/1438 2282/2282/1439
f  2282/2282/1439 2256/2256/1416 2254/2254/1414
f  2282/2282/1439 2254/2254/1414 2283/2283/1440
f  2278/2278/1435 2283/2283/1440 2284/2284/1441
f  2278/2278/1435 2284/2284/1441 2285/2285/1442
f  2284/2284/1441 2283/2283/1440 2286/2286/1443
f  2284/2284/1441 2286/2286/1443 2285/2285/1442
f  2286/2286/1443 2283/2283/1440 2254/2254/1414
f  2285/2285/1442 2286/2286/1443 2287/2287/1444
f  2287/2287/1444 2286/2286/1443 2288/2288/1445
f  2287/2287/1444 2288/2288/1445 2289/2289/1446
f  2286/2286/1443 2254/2254/1414 2290/2290/1447
f  2286/2286/1443 2290/2290/1447 2288/2288/1445
f  2290/2290/1447 2254/2254/1414 2291/2291/1448
f  2289/2289/1446 2288/2288/1445 2292/2292/1449
f  2291/2291/1448 2254/2254/1414 2233/2233/1393
f  2288/2288/1445 2290/2290/1447 2293/2293/1450
f  2293/2293/1450 2290/2290/1447 2291/2291/1448
f  2288/2288/1445 2293/2293/1450 2294/2294/1451
f  2288/2288/1445 2294/2294/1451 2292/2292/1449
f  2291/2291/1448 2233/2233/1393 2295/2295/1452
f  2295/2295/1452 2233/2233/1393 2220/2220/1314
f  2295/2295/1452 2220/2220/1314 2296/2296/1453
f  2291/2291/1448 2295/2295/1452 2297/2297/1454
f  2291/2291/1448 2297/2297/1454 2293/2293/1450
f  2297/2297/1454 2295/2295/1452 2296/2296/1453
f  2298/2298/1455 2294/2294/1451 2293/2293/1450
f  2298/2298/1455 2293/2293/1450 2297/2297/1454
f  2298/2298/1455 2297/2297/1454 2296/2296/1453
f  2294/2294/1451 2298/2298/1455 2292/2292/1449
f  2298/2298/1455 2296/2296/1453 2299/2299/1456
f  2298/2298/1455 2299/2299/1456 2292/2292/1449
f  2292/2292/1449 2299/2299/1456 2300/2300/1457
f  2292/2292/1449 2300/2300/1457 2301/2301/1458
f  2302/2302/1034 2303/2303/1390 2304/2304/1035
f  2304/2304/1035 2303/2303/1390 2305/2305/1459
f  2305/2305/1459 2303/2303/1390 2306/2306/1344
f  2305/2305/1459 2306/2306/1344 2307/2307/1314
f  2304/2304/1035 2305/2305/1459 2308/2308/1460
f  2308/2308/1460 2305/2305/1459 2309/2309/1441
f  2309/2309/1441 2305/2305/1459 2307/2307/1314
f  2304/2304/1035 2308/2308/1460 2310/2310/1127
f  2304/2304/1035 2310/2310/1127 2311/2311/611
f  2308/2308/1460 2309/2309/1441 2312/2312/1268
f  2312/2312/1268 2309/2309/1441 2307/2307/1314
f  2310/2310/1127 2308/2308/1460 2313/2313/1461
f  2313/2313/1461 2308/2308/1460 2312/2312/1268
f  2310/2310/1127 2313/2313/1461 2314/2314/1462
f  2314/2314/1462 2313/2313/1461 2312/2312/1268
f  2310/2310/1127 2314/2314/1462 2315/2315/1379
f  2314/2314/1462 2312/2312/1268 2316/2316/1463
f  2314/2314/1462 2316/2316/1463 2315/2315/1379
f  2316/2316/1463 2312/2312/1268 2307/2307/1314
f  2315/2315/1379 2316/2316/1463 2317/2317/1464
f  2315/2315/1379 2317/2317/1464 2318/2318/1380
f  2317/2317/1464 2316/2316/1463 2319/2319/1465
f  2316/2316/1463 2307/2307/1314 2320/2320/1385
f  2316/2316/1463 2320/2320/1385 2319/2319/1465
f  2320/2320/1385 2307/2307/1314 2321/2321/1466
f  2321/2321/1466 2307/2307/1314 2322/2322/1392
f  2321/2321/1466 2322/2322/1392 2323/2323/1396
f  2319/2319/1465 2320/2320/1385 2324/2324/1467
f  2319/2319/1465 2324/2324/1467 2317/2317/1464
f  2320/2320/1385 2321/2321/1466 2325/2325/1468
f  2320/2320/1385 2325/2325/1468 2324/2324/1467
f  2321/2321/1466 2323/2323/1396 2326/2326/1469
f  2321/2321/1466 2326/2326/1469 2325/2325/1468
f  2326/2326/1469 2323/2323/1396 2327/2327/1397
f  2324/2324/1467 2325/2325/1468 2328/2328/1263
f  2328/2328/1263 2325/2325/1468 2326/2326/1469
f  2328/2328/1263 2326/2326/1469 2327/2327/1397
f  2324/2324/1467 2328/2328/1263 2317/2317/1464
f  2328/2328/1263 2327/2327/1397 2329/2329/1402
f  2328/2328/1263 2329/2329/1402 2330/2330/1470
f  2330/2330/1470 2329/2329/1402 2331/2331/1406
f  2330/2330/1470 2331/2331/1406 2332/2332/1405
f  2330/2330/1470 2332/2332/1405 2333/2333/1471
f  2333/2333/1471 2332/2332/1405 2334/2334/1407
f  2333/2333/1471 2334/2334/1407 2335/2335/1411
f  2330/2330/1470 2333/2333/1471 2336/2336/1472
f  2336/2336/1472 2333/2333/1471 2335/2335/1411
f  2328/2328/1263 2330/2330/1470 2337/2337/1473
f  2337/2337/1473 2330/2330/1470 2336/2336/1472
f  2338/2338/1412 2339/2339/1474 2335/2335/1411
f  2335/2335/1411 2339/2339/1474 2340/2340/1475
f  2335/2335/1411 2340/2340/1475 2336/2336/1472
f  2340/2340/1475 2339/2339/1474 2341/2341/1476
f  2336/2336/1472 2340/2340/1475 2342/2342/1477
f  2336/2336/1472 2342/2342/1477 2337/2337/1473
f  2342/2342/1477 2340/2340/1475 2341/2341/1476
f  2343/2343/1478 2328/2328/1263 2337/2337/1473
f  2343/2343/1478 2337/2337/1473 2342/2342/1477
f  2342/2342/1477 2341/2341/1476 2344/2344/1479
f  2344/2344/1479 2341/2341/1476 2345/2345/1480
f  2342/2342/1477 2344/2344/1479 2346/2346/1481
f  2346/2346/1481 2344/2344/1479 2345/2345/1480
f  2343/2343/1478 2342/2342/1477 2347/2347/1482
f  2347/2347/1482 2342/2342/1477 2346/2346/1481
f  2346/2346/1481 2345/2345/1480 2348/2348/1483
f  2348/2348/1483 2345/2345/1480 2349/2349/1484
f  2348/2348/1483 2349/2349/1484 2350/2350/1485
f  2348/2348/1483 2350/2350/1485 2346/2346/1481
f  2350/2350/1485 2349/2349/1484 2351/2351/1486
f  2346/2346/1481 2350/2350/1485 2352/2352/1487
f  2352/2352/1487 2350/2350/1485 2351/2351/1486
f  2346/2346/1481 2352/2352/1487 2347/2347/1482
f  2352/2352/1487 2351/2351/1486 2353/2353/1381
f  2347/2347/1482 2352/2352/1487 2354/2354/1488
f  2354/2354/1488 2352/2352/1487 2353/2353/1381
f  2347/2347/1482 2354/2354/1488 2343/2343/1478
f  2354/2354/1488 2353/2353/1381 2355/2355/1418
f  2355/2355/1418 2353/2353/1381 2318/2318/1380
f  2355/2355/1418 2318/2318/1380 2354/2354/1488
f  2354/2354/1488 2318/2318/1380 2317/2317/1464
f  2354/2354/1488 2317/2317/1464 2356/2356/1489
f  2343/2343/1478 2354/2354/1488 2357/2357/1490
f  2357/2357/1490 2354/2354/1488 2356/2356/1489
f  2357/2357/1490 2356/2356/1489 2317/2317/1464
f  2343/2343/1478 2357/2357/1490 2328/2328/1263
f  2328/2328/1263 2357/2357/1490 2317/2317/1464
f  2358/2358/1169 2359/2359/1420 2360/2360/1096
f  2359/2359/1420 2358/2358/1169 2361/2361/1491
f  2361/2361/1491 2358/2358/1169 2362/2362/1492
f  2362/2362/1492 2358/2358/1169 2363/2363/1155
f  2359/2359/1420 2361/2361/1491 2364/2364/1493
f  2364/2364/1493 2361/2361/1491 2365/2365/1494
f  2365/2365/1494 2361/2361/1491 2362/2362/1492
f  2365/2365/1494 2362/2362/1492 2364/2364/1493
f  2359/2359/1420 2364/2364/1493 2366/2366/1495
f  2366/2366/1495 2364/2364/1493 2362/2362/1492
f  2359/2359/1420 2366/2366/1495 2367/2367/1496
f  2366/2366/1495 2362/2362/1492 2368/2368/1497
f  2366/2366/1495 2368/2368/1497 2367/2367/1496
f  2369/2369/1382 2362/2362/1492 2363/2363/1155
f  2369/2369/1382 2363/2363/1155 2370/2370/1156
f  2362/2362/1492 2369/2369/1382 2368/2368/1497
f  2359/2359/1420 2367/2367/1496 2371/2371/1498
f  2371/2371/1498 2367/2367/1496 2372/2372/1499
f  2371/2371/1498 2372/2372/1499 2373/2373/1500
f  2372/2372/1499 2367/2367/1496 2374/2374/1501
f  2372/2372/1499 2374/2374/1501 2373/2373/1500
f  2375/2375/1502 2367/2367/1496 2368/2368/1497
f  2367/2367/1496 2375/2375/1502 2374/2374/1501
f  2375/2375/1502 2368/2368/1497 2376/2376/1503
f  2374/2374/1501 2375/2375/1502 2377/2377/1504
f  2377/2377/1504 2375/2375/1502 2376/2376/1503
f  2374/2374/1501 2377/2377/1504 2373/2373/1500
f  2376/2376/1503 2368/2368/1497 2378/2378/1505
f  2376/2376/1503 2378/2378/1505 2377/2377/1504
f  2378/2378/1505 2368/2368/1497 2369/2369/1382
f  2377/2377/1504 2378/2378/1505 2379/2379/1506
f  2379/2379/1506 2378/2378/1505 2380/2380/1507
f  2380/2380/1507 2378/2378/1505 2369/2369/1382
f  2379/2379/1506 2380/2380/1507 2381/2381/1508
f  2381/2381/1508 2380/2380/1507 2369/2369/1382
f  2379/2379/1506 2381/2381/1508 2382/2382/1412
f  2382/2382/1412 2381/2381/1508 2369/2369/1382
f  2377/2377/1504 2379/2379/1506 2383/2383/1509
f  2383/2383/1509 2379/2379/1506 2382/2382/1412
f  2377/2377/1504 2383/2383/1509 2373/2373/1500
f  2384/2384/1510 2385/2385/1511 2373/2373/1500
f  2384/2384/1510 2373/2373/1500 2386/2386/1512
f  2386/2386/1512 2373/2373/1500 2387/2387/1393
f  2387/2387/1393 2373/2373/1500 2383/2383/1509
f  2386/2386/1512 2387/2387/1393 2388/2388/1314
f  2383/2383/1509 2382/2382/1412 2389/2389/1513
f  2383/2383/1509 2389/2389/1513 2387/2387/1393
f  2387/2387/1393 2389/2389/1513 2390/2390/1514
f  2389/2389/1513 2382/2382/1412 2391/2391/1515
f  2387/2387/1393 2390/2390/1514 2392/2392/1516
f  2387/2387/1393 2392/2392/1516 2388/2388/1314
f  2390/2390/1514 2389/2389/1513 2393/2393/1517
f  2390/2390/1514 2393/2393/1517 2392/2392/1516
f  2393/2393/1517 2389/2389/1513 2391/2391/1515
f  2388/2388/1314 2392/2392/1516 2394/2394/1518
f  2388/2388/1314 2394/2394/1518 2395/2395/1429
f  2388/2388/1314 2395/2395/1429 2396/2396/1314
f  2394/2394/1518 2392/2392/1516 2397/2397/1519
f  2397/2397/1519 2392/2392/1516 2393/2393/1517
f  2395/2395/1429 2394/2394/1518 2398/2398/1520
f  2398/2398/1520 2394/2394/1518 2397/2397/1519
f  2395/2395/1429 2398/2398/1520 2399/2399/1424
f  2398/2398/1520 2397/2397/1519 2400/2400/1521
f  2398/2398/1520 2400/2400/1521 2399/2399/1424
f  2400/2400/1521 2397/2397/1519 2393/2393/1517
f  2399/2399/1424 2400/2400/1521 2401/2401/1420
f  2402/2402/1522 2400/2400/1521 2403/2403/1523
f  2400/2400/1521 2393/2393/1517 2404/2404/1524
f  2400/2400/1521 2404/2404/1524 2403/2403/1523
f  2403/2403/1523 2404/2404/1524 2405/2405/1525
f  2404/2404/1524 2393/2393/1517 2406/2406/1526
f  2404/2404/1524 2406/2406/1526 2405/2405/1525
f  2403/2403/1523 2405/2405/1525 2407/2407/1527
f  2407/2407/1527 2405/2405/1525 2406/2406/1526
f  2406/2406/1526 2393/2393/1517 2391/2391/1515
f  2407/2407/1527 2406/2406/1526 2408/2408/1528
f  2408/2408/1528 2406/2406/1526 2391/2391/1515
f  2407/2407/1527 2408/2408/1528 2409/2409/1484
f  2409/2409/1484 2408/2408/1528 2391/2391/1515
f  2407/2407/1527 2409/2409/1484 2410/2410/1480
f  2409/2409/1484 2391/2391/1515 2411/2411/1529
f  2411/2411/1529 2391/2391/1515 2382/2382/1412
f  2409/2409/1484 2411/2411/1529 2412/2412/1486
f  2411/2411/1529 2382/2382/1412 2369/2369/1382
f  2411/2411/1529 2369/2369/1382 2412/2412/1486
f  2412/2412/1486 2369/2369/1382 2413/2413/1381
f  2414/2414/1530 2415/2415/1391 2416/2416/1486
f  2416/2416/1486 2415/2415/1391 2417/2417/1531
f  2416/2416/1486 2417/2417/1531 2418/2418/1238
f  2414/2414/1530 2416/2416/1486 2419/2419/1532
f  2419/2419/1532 2416/2416/1486 2420/2420/1533
f  2416/2416/1486 2418/2418/1238 2421/2421/1534
f  2416/2416/1486 2421/2421/1534 2420/2420/1533
f  2421/2421/1534 2418/2418/1238 2422/2422/1535
f  2420/2420/1533 2421/2421/1534 2423/2423/1536
f  2420/2420/1533 2423/2423/1536 2419/2419/1532
f  2423/2423/1536 2421/2421/1534 2422/2422/1535
f  2422/2422/1535 2418/2418/1238 2424/2424/1235
f  2425/2425/1484 2414/2414/1530 2419/2419/1532
f  2425/2425/1484 2419/2419/1532 2423/2423/1536
f  2414/2414/1530 2425/2425/1484 2426/2426/1537
f  2414/2414/1530 2426/2426/1537 2415/2415/1391
f  2425/2425/1484 2423/2423/1536 2427/2427/1538
f  2426/2426/1537 2425/2425/1484 2428/2428/1539
f  2428/2428/1539 2425/2425/1484 2427/2427/1538
f  2426/2426/1537 2428/2428/1539 2429/2429/1323
f  2426/2426/1537 2429/2429/1323 2415/2415/1391
f  2428/2428/1539 2427/2427/1538 2430/2430/1540
f  2428/2428/1539 2430/2430/1540 2429/2429/1323
f  2415/2415/1391 2429/2429/1323 2431/2431/1325
f  2415/2415/1391 2431/2431/1325 2432/2432/1341
f  2415/2415/1391 2432/2432/1341 2433/2433/1314
f  2433/2433/1314 2432/2432/1341 2434/2434/1344
f  2430/2430/1540 2427/2427/1538 2435/2435/1541
f  2435/2435/1541 2427/2427/1538 2423/2423/1536
f  2429/2429/1323 2430/2430/1540 2436/2436/1542
f  2436/2436/1542 2430/2430/1540 2435/2435/1541
f  2429/2429/1323 2436/2436/1542 2437/2437/1189
f  2429/2429/1323 2437/2437/1189 2438/2438/1188
f  2437/2437/1189 2436/2436/1542 2439/2439/1190
f  2439/2439/1190 2436/2436/1542 2435/2435/1541
f  2435/2435/1541 2423/2423/1536 2440/2440/1543
f  2440/2440/1543 2423/2423/1536 2422/2422/1535
f  2435/2435/1541 2440/2440/1543 2441/2441/1544
f  2440/2440/1543 2422/2422/1535 2442/2442/1545
f  2440/2440/1543 2442/2442/1545 2441/2441/1544
f  2442/2442/1545 2422/2422/1535 2424/2424/1235
f  2435/2435/1541 2441/2441/1544 2443/2443/1546
f  2443/2443/1546 2441/2441/1544 2442/2442/1545
f  2435/2435/1541 2443/2443/1546 2439/2439/1190
f  2443/2443/1546 2442/2442/1545 2424/2424/1235
f  2439/2439/1190 2443/2443/1546 2444/2444/1192
f  2444/2444/1192 2443/2443/1546 2424/2424/1235
f  2445/2445/1547 2446/2446/1267 2447/2447/1267
f  2447/2447/1267 2446/2446/1267 2448/2448/1263
f  2448/2448/1263 2446/2446/1267 2449/2449/1254
f  2449/2449/1254 2446/2446/1267 2450/2450/1548
f  2449/2449/1254 2450/2450/1548 2451/2451/1253
f  2450/2450/1548 2446/2446/1267 2452/2452/1549
f  2452/2452/1549 2446/2446/1267 2445/2445/1547
f  2450/2450/1548 2452/2452/1549 2453/2453/1550
f  2453/2453/1550 2452/2452/1549 2454/2454/1551
f  2454/2454/1551 2452/2452/1549 2455/2455/1552
f  2455/2455/1552 2452/2452/1549 2445/2445/1547
f  2454/2454/1551 2455/2455/1552 2456/2456/1553
f  2457/2457/1554 2445/2445/1547 2447/2447/1267
f  2445/2445/1547 2457/2457/1554 2455/2455/1552
f  2457/2457/1554 2447/2447/1267 2458/2458/1555
f  2458/2458/1555 2447/2447/1267 2459/2459/1245
f  2458/2458/1555 2459/2459/1245 2460/2460/1556
f  2460/2460/1556 2459/2459/1245 2461/2461/1242
f  2460/2460/1556 2461/2461/1242 2462/2462/1241
f  2460/2460/1556 2462/2462/1241 2458/2458/1555
f  2458/2458/1555 2462/2462/1241 2457/2457/1554
f  2457/2457/1554 2462/2462/1241 2455/2455/1552
f  2455/2455/1552 2462/2462/1241 2463/2463/1557
f  2463/2463/1557 2462/2462/1241 2464/2464/1239
f  2455/2455/1552 2463/2463/1557 2465/2465/1458
f  2455/2455/1552 2465/2465/1458 2466/2466/1457
f  2467/2467/1344 2468/2468/1314 2469/2469/1314
f  2470/2470/1435 2471/2471/1442 2468/2468/1314
f  2468/2468/1314 2471/2471/1442 2469/2469/1314
f  2472/2472/1444 2473/2473/1446 2471/2471/1442
f  2469/2469/1314 2471/2471/1442 2474/2474/1558
f  2474/2474/1558 2471/2471/1442 2473/2473/1446
f  2474/2474/1558 2473/2473/1446 2475/2475/1458
f  2475/2475/1458 2473/2473/1446 2476/2476/1449
f  2474/2474/1558 2475/2475/1458 2477/2477/1557
f  2469/2469/1314 2474/2474/1558 2478/2478/1559
f  2478/2478/1559 2474/2474/1558 2477/2477/1557
f  2469/2469/1314 2478/2478/1559 2479/2479/1314
f  2469/2469/1314 2479/2479/1314 2480/2480/1391
f  2478/2478/1559 2477/2477/1557 2481/2481/1500
f  2478/2478/1559 2481/2481/1500 2479/2479/1314
f  2479/2479/1314 2481/2481/1500 2480/2480/1391
f  2481/2481/1500 2477/2477/1557 2482/2482/1531
f  2481/2481/1500 2482/2482/1531 2480/2480/1391
f  2483/2483/1560 2484/2484/1561 2485/2485/1350
f  2485/2485/1350 2484/2484/1561 2486/2486/1314
f  2486/2486/1314 2484/2484/1561 2487/2487/1433
f  2487/2487/1433 2484/2484/1561 2488/2488/1562
f  2488/2488/1562 2484/2484/1561 2483/2483/1560
f  2487/2487/1433 2488/2488/1562 2489/2489/1431
f  2489/2489/1431 2488/2488/1562 2490/2490/1563
f  2490/2490/1563 2488/2488/1562 2483/2483/1560
f  2489/2489/1431 2490/2490/1563 2491/2491/1314
f  2491/2491/1314 2490/2490/1563 2492/2492/1314
f  2490/2490/1563 2483/2483/1560 2493/2493/1564
f  2492/2492/1314 2490/2490/1563 2494/2494/1565
f  2494/2494/1565 2490/2490/1563 2493/2493/1564
f  2493/2493/1564 2483/2483/1560 2495/2495/1441
f  2495/2495/1441 2483/2483/1560 2485/2485/1350
f  2493/2493/1564 2495/2495/1441 2494/2494/1565
f  2492/2492/1314 2494/2494/1565 2496/2496/1524
f  2492/2492/1314 2496/2496/1524 2497/2497/1566
f  2492/2492/1314 2497/2497/1566 2498/2498/1512
f  2496/2496/1524 2494/2494/1565 2499/2499/1567
f  2499/2499/1567 2494/2494/1565 2500/2500/1568
f  2500/2500/1568 2494/2494/1565 2495/2495/1441
f  2500/2500/1568 2495/2495/1441 2499/2499/1567
f  2496/2496/1524 2499/2499/1567 2501/2501/1569
f  2501/2501/1569 2499/2499/1567 2495/2495/1441
f  2496/2496/1524 2501/2501/1569 2497/2497/1566
f  2502/2502/1570 2495/2495/1441 2485/2485/1350
f  2502/2502/1570 2485/2485/1350 2503/2503/1353
f  2502/2502/1570 2503/2503/1353 2504/2504/1354
f  2502/2502/1570 2504/2504/1354 2505/2505/1356
f  2502/2502/1570 2505/2505/1356 2506/2506/1359
f  2495/2495/1441 2502/2502/1570 2507/2507/1263
f  2507/2507/1263 2502/2502/1570 2506/2506/1359
f  2495/2495/1441 2507/2507/1263 2501/2501/1569
f  2508/2508/1571 2497/2497/1566 2501/2501/1569
f  2508/2508/1571 2501/2501/1569 2509/2509/1572
f  2508/2508/1571 2509/2509/1572 2497/2497/1566
f  2509/2509/1572 2501/2501/1569 2507/2507/1263
f  2497/2497/1566 2509/2509/1572 2510/2510/1573
f  2497/2497/1566 2510/2510/1573 2511/2511/1574
f  2511/2511/1574 2510/2510/1573 2509/2509/1572
f  2497/2497/1566 2511/2511/1574 2498/2498/1512
f  2511/2511/1574 2509/2509/1572 2512/2512/1442
f  2511/2511/1574 2512/2512/1442 2498/2498/1512
f  2512/2512/1442 2509/2509/1572 2507/2507/1263
f  2498/2498/1512 2512/2512/1442 2513/2513/1575
f  2498/2498/1512 2513/2513/1575 2514/2514/1510
f  2512/2512/1442 2507/2507/1263 2515/2515/1576
f  2514/2514/1510 2513/2513/1575 2516/2516/1577
f  2516/2516/1577 2513/2513/1575 2512/2512/1442
f  2514/2514/1510 2516/2516/1577 2517/2517/1578
f  2514/2514/1510 2517/2517/1578 2518/2518/1511
f  2516/2516/1577 2512/2512/1442 2519/2519/1346
f  2519/2519/1346 2512/2512/1442 2515/2515/1576
f  2517/2517/1578 2516/2516/1577 2520/2520/1579
f  2520/2520/1579 2516/2516/1577 2519/2519/1346
f  2517/2517/1578 2520/2520/1579 2518/2518/1511
f  2518/2518/1511 2520/2520/1579 2521/2521/1580
f  2521/2521/1580 2520/2520/1579 2519/2519/1346
f  2518/2518/1511 2521/2521/1580 2522/2522/1498
f  2518/2518/1511 2522/2522/1498 2523/2523/1581
f  2518/2518/1511 2523/2523/1581 2524/2524/1500
f  2524/2524/1500 2523/2523/1581 2522/2522/1498
f  2525/2525/1420 2522/2522/1498 2526/2526/1096
f  2526/2526/1096 2522/2522/1498 2527/2527/1104
f  2526/2526/1096 2527/2527/1104 2528/2528/1103
f  2522/2522/1498 2521/2521/1580 2529/2529/1517
f  2522/2522/1498 2529/2529/1517 2527/2527/1104
f  2529/2529/1517 2521/2521/1580 2530/2530/1582
f  2530/2530/1582 2521/2521/1580 2519/2519/1346
f  2529/2529/1517 2530/2530/1582 2531/2531/1583
f  2527/2527/1104 2529/2529/1517 2532/2532/1584
f  2532/2532/1584 2529/2529/1517 2531/2531/1583
f  2531/2531/1583 2530/2530/1582 2533/2533/1585
f  2531/2531/1583 2533/2533/1585 2532/2532/1584
f  2530/2530/1582 2519/2519/1346 2534/2534/1586
f  2530/2530/1582 2534/2534/1586 2533/2533/1585
f  2534/2534/1586 2519/2519/1346 2535/2535/1587
f  2532/2532/1584 2533/2533/1585 2536/2536/1588
f  2532/2532/1584 2536/2536/1588 2527/2527/1104
f  2536/2536/1588 2533/2533/1585 2534/2534/1586
f  2535/2535/1587 2519/2519/1346 2515/2515/1576
f  2534/2534/1586 2535/2535/1587 2537/2537/1589
f  2537/2537/1589 2535/2535/1587 2515/2515/1576
f  2534/2534/1586 2537/2537/1589 2536/2536/1588
f  2527/2527/1104 2536/2536/1588 2538/2538/1590
f  2527/2527/1104 2538/2538/1590 2539/2539/1102
f  2539/2539/1102 2538/2538/1590 2536/2536/1588
f  2539/2539/1102 2536/2536/1588 2540/2540/1498
f  2540/2540/1498 2536/2536/1588 2537/2537/1589
f  2539/2539/1102 2540/2540/1498 2541/2541/1338
f  2541/2541/1338 2540/2540/1498 2537/2537/1589
f  2541/2541/1338 2537/2537/1589 2542/2542/1591
f  2542/2542/1591 2537/2537/1589 2515/2515/1576
f  2541/2541/1338 2542/2542/1591 2543/2543/1364
f  2543/2543/1364 2542/2542/1591 2544/2544/1360
f  2542/2542/1591 2515/2515/1576 2545/2545/1592
f  2545/2545/1592 2515/2515/1576 2507/2507/1263
f  2544/2544/1360 2542/2542/1591 2546/2546/1593
f  2546/2546/1593 2542/2542/1591 2545/2545/1592
f  2546/2546/1593 2545/2545/1592 2507/2507/1263
f  2544/2544/1360 2546/2546/1593 2506/2506/1359
f  2506/2506/1359 2546/2546/1593 2507/2507/1263
f  2547/2547/1453 2548/2548/1314 2549/2549/1594
f  2549/2549/1594 2548/2548/1314 2550/2550/1595
f  2550/2550/1595 2548/2548/1314 2551/2551/1385
f  2547/2547/1453 2549/2549/1594 2552/2552/1596
f  2547/2547/1453 2552/2552/1596 2553/2553/1597
f  2547/2547/1453 2553/2553/1597 2554/2554/1456
f  2554/2554/1456 2553/2553/1597 2555/2555/1457
f  2555/2555/1457 2553/2553/1597 2552/2552/1596
f  2555/2555/1457 2552/2552/1596 2556/2556/1598
f  2556/2556/1598 2552/2552/1596 2549/2549/1594
f  2556/2556/1598 2549/2549/1594 2557/2557/1599
f  2557/2557/1599 2549/2549/1594 2550/2550/1595
f  2555/2555/1457 2556/2556/1598 2558/2558/1553
f  2558/2558/1553 2556/2556/1598 2557/2557/1599
f  2555/2555/1457 2558/2558/1553 2559/2559/1552
f  2558/2558/1553 2557/2557/1599 2550/2550/1595
f  2558/2558/1553 2550/2550/1595 2560/2560/1600
f  2560/2560/1600 2550/2550/1595 2561/2561/1550
f  2560/2560/1600 2561/2561/1550 2558/2558/1553
f  2561/2561/1550 2550/2550/1595 2551/2551/1385
f  2561/2561/1550 2551/2551/1385 2562/2562/1253
f  2561/2561/1550 2562/2562/1253 2563/2563/1548
f  2558/2558/1553 2561/2561/1550 2564/2564/1601
f  2558/2558/1553 2564/2564/1601 2565/2565/1551
f  2565/2565/1551 2564/2564/1601 2561/2561/1550
f  2566/2566/1522 2567/2567/1420 2568/2568/1521
f  2567/2567/1420 2566/2566/1522 2569/2569/1423
f  2569/2569/1423 2566/2566/1522 2570/2570/1420
f  2569/2569/1423 2570/2570/1420 2571/2571/1421
f  2570/2570/1420 2566/2566/1522 2572/2572/1523
f  2570/2570/1420 2572/2572/1523 2573/2573/1480
f  2573/2573/1480 2572/2572/1523 2574/2574/1527
f  2570/2570/1420 2573/2573/1480 2575/2575/1474
f  2575/2575/1474 2573/2573/1480 2576/2576/1476
f  2570/2570/1420 2575/2575/1474 2577/2577/1412
f  2570/2570/1420 2577/2577/1412 2578/2578/1413
f  2579/2579/1531 2580/2580/1240 2581/2581/1238
f  2580/2580/1240 2579/2579/1531 2582/2582/1239
f  2582/2582/1239 2579/2579/1531 2583/2583/1557
f  2584/2584/1424 2585/2585/1426 2586/2586/1429

