# File produced by Tripo

mtllib mandrake+slice.mtl

# 2421 vertex positions
v 0.09653473 0.01946831 0.48760986
v 0.07321930 0.05417252 0.48760986
v 0.07200623 -0.00220990 0.49053955
v 0.02301979 -0.00566244 0.48791504
v 0.10073090 0.06487274 0.48260498
v 0.11425781 0.02453041 0.47616577
v 0.11365509 -0.00186276 0.47735596
v 0.11956787 0.00599670 0.46963501
v 0.11989594 -0.01068020 0.46865845
v 0.13005066 0.01084328 0.43966675
v 0.11911774 0.02597237 0.46908569
v 0.11683655 0.04216385 0.47189331
v 0.13294983 0.00059086 0.42355347
v 0.13072205 -0.01199818 0.43722534
v 0.13233948 0.03733826 0.41882324
v 0.13203430 0.02094269 0.39349365
v 0.12925720 0.06612396 0.40728760
v 0.12800598 0.07027435 0.43386841
v 0.11802673 0.05750275 0.46636963
v 0.11616516 0.07274628 0.46749878
v 0.12884521 0.08582306 0.42687988
v 0.12858582 0.11647034 0.40008545
v 0.11505890 0.09850311 0.46463013
v 0.12751770 0.10437012 0.42718506
v 0.12977600 0.13468933 0.41430664
v 0.10087585 0.10315704 0.47479248
v 0.11606598 0.12010193 0.45773315
v 0.11492920 0.15322876 0.45117188
v 0.13183594 0.18408203 0.39752197
v 0.11622620 0.19372559 0.43377686
v 0.07202148 0.11946106 0.47317505
v 0.07808685 0.16358948 0.45968628
v 0.03620529 0.11770630 0.47232056
v 0.02715683 0.05273438 0.48379517
v -0.02621269 0.17616272 0.45809937
v -0.00940228 0.01860428 0.48687744
v -0.01869774 -0.01959991 0.48782349
v -0.07292175 -0.00759315 0.49017334
v -0.02125168 0.07798004 0.48019409
v -0.06666565 0.04137802 0.48727417
v -0.09759521 0.04762650 0.48519897
v -0.09452057 -0.00029200 0.48843384
v -0.07606506 0.08161163 0.48129272
v -0.03924561 0.12921143 0.47009277
v -0.11412811 0.01957321 0.47756958
v -0.11637115 -0.01138115 0.47622681
v -0.10233307 0.08113861 0.47845459
v -0.08345032 0.13388062 0.46783447
v -0.11724854 0.04689789 0.47204590
v -0.11392975 0.11420441 0.46215820
v -0.13754272 0.01994705 0.43890381
v -0.12577820 -0.00952435 0.45883179
v -0.13684082 -0.04136658 0.43408203
v -0.14576721 -0.00079519 0.39367676
v -0.13453674 0.06055832 0.43661499
v -0.14192200 0.03075218 0.41458130
v -0.14920044 0.01010132 0.36526489
v -0.14906311 -0.01364708 0.35867310
v -0.13322449 0.09058380 0.42919922
v -0.13934326 0.07386017 0.38790894
v -0.15318298 -0.00234151 0.28628540
v -0.15237427 -0.01215839 0.27407837
v -0.15328979 -0.01160240 0.24565125
v -0.15396118 0.00321674 0.23390198
v -0.15332031 -0.00768185 0.22735596
v -0.15531921 -0.01221943 0.19836426
v -0.15502930 -0.00016528 0.18206787
v -0.15228271 0.01552010 0.29406738
v -0.15170288 0.01849937 0.22436523
v -0.14944458 0.03213120 0.32794189
v -0.14920044 0.04314041 0.27902222
v -0.15180969 0.03211212 0.17570496
v -0.14102173 0.07839966 0.35299683
v -0.15359497 0.02263641 0.16543579
v -0.15615845 0.00364828 0.11432648
v -0.15238953 0.04737091 0.12123871
v -0.14964294 0.03905487 0.21723938
v -0.14398193 0.07427216 0.18339539
v -0.14506531 0.06789398 0.28088379
v -0.15548706 0.02817154 0.08175659
v -0.15945435 -0.01344967 0.07722473
v -0.14257812 0.09889984 0.11914062
v -0.14569092 0.08388519 0.09216309
v -0.15049744 0.06298828 0.06242371
v -0.15777588 0.02306557 0.05465317
v -0.15838623 0.01459312 0.05425262
v -0.15737915 0.01058388 0.03611755
v -0.13705444 0.12506104 0.15664673
v -0.13558960 0.13882446 0.14292908
v -0.14099121 0.08693695 0.20944214
v -0.13032532 0.16687012 0.24543762
v -0.13288879 0.16896057 0.15359497
v -0.12838745 0.21818542 0.20135498
v -0.13537598 0.12016296 0.25537109
v -0.13978577 0.09521484 0.29989624
v -0.13633728 0.11605072 0.33782959
v -0.13002014 0.17201233 0.33602905
v -0.13148499 0.15011597 0.38818359
v -0.12890625 0.18681335 0.27288818
v -0.12733459 0.27355957 0.25723267
v -0.12681580 0.28814697 0.30313110
v -0.12855530 0.20085144 0.34820557
v -0.12576294 0.28567505 0.32678223
v -0.12770081 0.19119263 0.38015747
v -0.12270355 0.26138306 0.37115479
v -0.12009430 0.31265259 0.34454346
v -0.12409210 0.20664978 0.39733887
v -0.11392975 0.32305908 0.35308838
v -0.12963867 0.12753296 0.42309570
v -0.11290741 0.22033691 0.41973877
v -0.11396790 0.15771484 0.44677734
v -0.07749176 0.17648315 0.45394897
v -0.08082581 0.23797607 0.42456055
v -0.05088806 0.19734192 0.44924927
v -0.00243735 0.19966125 0.44909668
v -0.02114487 0.22155762 0.43771362
v 0.05163574 0.21145630 0.44229126
v -0.10239410 0.28375244 0.39257812
v -0.04110336 0.26663208 0.40591431
v 0.08219147 0.23352051 0.42642212
v 0.06688690 0.25607300 0.41299438
v 0.11737823 0.21171570 0.42492676
v 0.13938904 0.21836853 0.37368774
v 0.09792328 0.28503418 0.39401245
v 0.11917877 0.27685547 0.38250732
v 0.09740448 0.32922363 0.35806274
v 0.08250427 0.32156372 0.36599731
v 0.03994751 0.27743530 0.39712524
v 0.03117371 0.32867432 0.35583496
v 0.08695221 0.36056519 0.32885742
v -0.01483154 0.31756592 0.36486816
v -0.01851273 0.35803223 0.32681274
v -0.07943726 0.32778931 0.36175537
v -0.08745575 0.29000854 0.39083862
v -0.09638977 0.32351685 0.36444092
v -0.08145142 0.36401367 0.32669067
v -0.09483337 0.36593628 0.32293701
v 0.07389832 -0.04877853 0.48760986
v 0.07200623 -0.00220990 0.49053955
v 0.02301979 -0.00566244 0.48791504
v 0.03037262 -0.04599762 0.48599243
v -0.01289463 -0.06048584 0.48458862
v -0.01869774 -0.01959991 0.48782349
v -0.07292175 -0.00759315 0.49017334
v -0.07386780 -0.05770874 0.48687744
v -0.06875610 -0.11285400 0.47671509
v -0.08981323 -0.10710144 0.47610474
v 0.03188705 -0.09020996 0.47946167
v -0.01712799 -0.10547638 0.47634888
v -0.08515930 -0.15135193 0.46267700
v 0.01163578 -0.13255310 0.46832275
v -0.05706024 -0.15657043 0.46276855
v -0.06476593 -0.19357300 0.44796753
v -0.08535004 -0.21107483 0.43688965
v 0.00906849 -0.16517639 0.45712280
v 0.07551575 -0.10804749 0.47784424
v 0.07212830 -0.16012573 0.46127319
v -0.05934906 -0.23269653 0.42810059
v -0.08133698 -0.27362061 0.40078735
v -0.01365280 -0.19692993 0.44451904
v -0.06172943 -0.28430176 0.39556885
v 0.02973747 -0.19828796 0.44375610
v 0.01027966 -0.23294067 0.42517090
v -0.08767700 -0.30441284 0.37762451
v -0.05274200 -0.34851074 0.34146118
v -0.09027100 -0.33001709 0.35382080
v -0.01084900 -0.29281616 0.38595581
v 0.00242329 -0.33566284 0.34762573
v 0.00857830 -0.26162720 0.40759277
v 0.02548599 -0.29583740 0.38348389
v 0.05612183 -0.36163330 0.32864380
v 0.07157898 -0.26409912 0.40859985
v 0.07035828 -0.30325317 0.37997437
v 0.08757019 -0.32617188 0.35897827
v 0.08963776 -0.28854370 0.38995361
v 0.07828522 -0.23985291 0.42346191
v 0.08063507 -0.19859314 0.44500732
v 0.10913849 -0.23161316 0.41833496
v 0.12060547 -0.31195068 0.35147095
v 0.11679077 -0.34512329 0.32217407
v 0.11817169 -0.25942993 0.39273071
v 0.12895203 -0.32394409 0.31845093
v 0.08654785 -0.15293884 0.46282959
v 0.11366272 -0.20733643 0.42901611
v 0.11190033 -0.17741394 0.44326782
v 0.09188080 -0.09951782 0.47863770
v 0.10998535 -0.13812256 0.45925903
v 0.09618378 -0.04087448 0.48620605
v 0.09653473 0.01946831 0.48760986
v 0.11365509 -0.00186276 0.47735596
v 0.10077667 -0.08844757 0.47796631
v 0.11512756 -0.03882217 0.47445679
v 0.11265564 -0.05595016 0.47445679
v 0.11359406 -0.08008575 0.47015381
v 0.11899567 -0.05080414 0.46792603
v 0.11939240 -0.02577782 0.46884155
v 0.11989594 -0.01068020 0.46865845
v 0.12155151 -0.03529739 0.46340942
v 0.11982727 -0.06787872 0.46463013
v 0.12727356 -0.04905319 0.44479370
v 0.13102722 -0.03299332 0.43624878
v 0.13072205 -0.01199818 0.43722534
v 0.13005066 0.01084328 0.43966675
v 0.13267517 -0.02277184 0.43164062
v 0.13270569 -0.04140854 0.42248535
v 0.13165283 -0.05690384 0.42904663
v 0.13279724 -0.01063824 0.39996338
v 0.13294983 0.00059086 0.42355347
v 0.13200378 0.00056344 0.38934326
v 0.12658691 0.00119913 0.34167480
v 0.12950134 -0.01759720 0.35217285
v 0.12910461 -0.01077175 0.32205200
v 0.13070679 -0.01798439 0.30953979
v 0.13212585 -0.03617096 0.30746460
v 0.13235474 -0.03401947 0.38632202
v 0.12991333 -0.04422379 0.35479736
v 0.13180542 -0.05874252 0.39990234
v 0.13067627 -0.04508591 0.33270264
v 0.13439941 -0.04178238 0.28759766
v 0.12855530 -0.10153198 0.32217407
v 0.13676453 -0.05294418 0.25888062
v 0.12815857 -0.09368134 0.36215210
v 0.12991333 -0.09770203 0.41290283
v 0.12809753 -0.12541199 0.34048462
v 0.13693237 -0.09298706 0.25433350
v 0.13276672 -0.15557861 0.31991577
v 0.13970947 -0.14231873 0.26715088
v 0.12995911 -0.15199280 0.39685059
v 0.12882996 -0.14482117 0.41217041
v 0.13166809 -0.16703796 0.33868408
v 0.13291931 -0.20693970 0.38513184
v 0.13288879 -0.18777466 0.35363770
v 0.13282776 -0.19372559 0.35211182
v 0.14233398 -0.19819641 0.28811646
v 0.14295959 -0.18556213 0.27416992
v 0.13417053 -0.21791077 0.37216187
v 0.12985229 -0.20761108 0.39883423
v 0.14079285 -0.18717957 0.27078247
v 0.14440918 -0.18266296 0.26193237
v 0.14410400 -0.20191956 0.27911377
v 0.14202881 -0.21400452 0.30233765
v 0.13621521 -0.24925232 0.36267090
v 0.14624023 -0.22192383 0.27499390
v 0.15005493 -0.18307495 0.23185730
v 0.13392639 -0.25891113 0.35214233
v 0.12403107 -0.21101379 0.41363525
v 0.14575195 -0.25991821 0.24385071
v 0.14825439 -0.21469116 0.24897766
v 0.13958740 -0.26727295 0.29785156
v 0.13623047 -0.30081177 0.29846191
v 0.12571716 -0.27474976 0.36947632
v 0.13204956 -0.29183960 0.33892822
v 0.12901306 -0.29861450 0.33651733
v 0.13267517 -0.29904175 0.32806396
v 0.12240601 -0.18589783 0.42630005
v 0.12055206 -0.15461731 0.44027710
v 0.12062836 -0.13267517 0.44656372
v 0.12879944 -0.09644318 0.42675781
v 0.11995697 -0.10752869 0.45587158
v 0.12155151 -0.07998657 0.45764160
v -0.07292175 -0.00759315 0.49017334
v -0.09452057 -0.00029200 0.48843384
v -0.07386780 -0.05770874 0.48687744
v -0.09800720 -0.06555176 0.48278809
v -0.11637115 -0.01138115 0.47622681
v -0.08981323 -0.10710144 0.47610474
v -0.10987854 -0.12544250 0.46292114
v -0.11566925 -0.06215286 0.47155762
v -0.12577820 -0.00952435 0.45883179
v -0.08515930 -0.15135193 0.46267700
v -0.12451172 -0.06752014 0.45245361
v -0.13684082 -0.04136658 0.43408203
v -0.11611938 -0.10694122 0.46127319
v -0.11145020 -0.20159912 0.43200684
v -0.13545227 -0.09877777 0.42160034
v -0.14576721 -0.00079519 0.39367676
v -0.11724091 -0.16087341 0.44308472
v -0.08535004 -0.21107483 0.43688965
v -0.12055206 -0.20909119 0.41589355
v -0.10401917 -0.23605347 0.41680908
v -0.08133698 -0.27362061 0.40078735
v -0.08767700 -0.30441284 0.37762451
v -0.11366272 -0.28308105 0.37716675
v -0.09027100 -0.33001709 0.35382080
v -0.11331940 -0.34234619 0.32540894
v -0.12052917 -0.28918457 0.36135864
v -0.12565613 -0.25363159 0.36190796
v -0.13017273 -0.32025146 0.28842163
v -0.13200378 -0.16151428 0.40414429
v -0.12802124 -0.25714111 0.32931519
v -0.13047791 -0.21955872 0.26461792
v -0.12893677 -0.21640015 0.35534668
v -0.14106750 -0.07257843 0.37637329
v -0.14906311 -0.01364708 0.35867310
v -0.13000488 -0.19804382 0.29000854
v -0.13584900 -0.12886047 0.36660767
v -0.13630676 -0.14367676 0.20127869
v -0.13758850 -0.18943787 0.17495728
v -0.13494873 -0.12474823 0.26000977
v -0.14086914 -0.14654541 0.14529419
v -0.14086914 -0.08548737 0.32647705
v -0.14006042 -0.09399414 0.21684265
v -0.14077759 -0.10636902 0.18382263
v -0.14686584 -0.13052368 0.10248566
v -0.14904785 -0.06129456 0.18360901
v -0.15269470 -0.06475067 0.13342285
v -0.14805603 -0.04584885 0.29296875
v -0.14965820 -0.04649734 0.22068787
v -0.15444946 -0.04529953 0.14695740
v -0.14981079 -0.02728653 0.31869507
v -0.15318298 -0.00234151 0.28628540
v -0.15237427 -0.01215839 0.27407837
v -0.15292358 -0.01906776 0.23657227
v -0.15328979 -0.01160240 0.24565125
v -0.15481567 -0.01921844 0.19848633
v -0.15368652 -0.01363277 0.22169495
v -0.14961243 -0.00978661 0.23016357
v -0.15332031 -0.00768185 0.22735596
v -0.15531921 -0.01221943 0.19836426
v -0.15559387 -0.01452446 0.18289185
v -0.15272522 -0.01532745 0.19224548
v -0.15502930 -0.00016528 0.18206787
v -0.15556335 -0.03780746 0.13066101
v 0.13200378 0.00056344 0.38934326
v 0.13203430 0.02094269 0.39349365
v 0.13294983 0.00059086 0.42355347
v 0.12721252 0.01142406 0.35183716
v 0.12658691 0.00119913 0.34167480
v 0.12384033 0.05509949 0.35351562
v 0.12925720 0.06612396 0.40728760
v 0.12568665 0.01441288 0.32556152
v 0.12858582 0.11647034 0.40008545
v 0.12619019 0.01136589 0.31192017
v 0.12910461 -0.01077175 0.32205200
v 0.12425232 0.05215454 0.32275391
v 0.12672424 0.11053467 0.36956787
v 0.13041687 0.13378906 0.35571289
v 0.12542725 0.08194733 0.33264160
v 0.12977600 0.13468933 0.41430664
v 0.12962341 0.02476692 0.28643799
v 0.13723755 0.00121963 0.24168396
v 0.13613892 -0.00630713 0.25167847
v 0.13975525 0.09274292 0.25012207
v 0.14508057 0.04315186 0.21397400
v 0.14442444 0.01489449 0.19990540
v 0.14002991 0.00076663 0.22410583
v 0.14465332 -0.00341249 0.19659424
v 0.15306091 0.01628304 0.15080261
v 0.15444946 0.06126404 0.17477417
v 0.15641785 0.01071548 0.12001038
v 0.14791870 0.08901978 0.20922852
v 0.15702820 0.06349182 0.14910889
v 0.15061951 0.12344360 0.17071533
v 0.15811157 0.02597618 0.10144043
v 0.15795898 -0.00990486 0.06914520
v 0.16233826 0.02998352 0.05350113
v 0.16238403 0.00773239 0.04037857
v 0.15911865 0.06159973 0.08415222
v 0.15643311 0.08901215 0.13366699
v 0.15361023 0.11196899 0.07846069
v 0.15660095 0.07716370 0.03711319
v 0.14888000 0.14802551 0.09680939
v 0.16174316 0.02709770 0.02585602
v 0.15975952 0.04025650 0.01501846
v 0.15698242 0.00776672 -0.00084126
v 0.15644836 0.03590393 -0.01836014
v 0.14659119 0.17294312 0.15728760
v 0.14958191 0.12463379 0.19306946
v 0.14614868 0.11705780 0.22659302
v 0.14871216 0.16000366 0.19949341
v 0.13992310 0.21517944 0.15171814
v 0.14712524 0.17791748 0.19424438
v 0.14901733 0.14839172 0.21974182
v 0.14929199 0.18907166 0.22375488
v 0.15126038 0.17964172 0.24014282
v 0.14697266 0.21455383 0.23597717
v 0.14855957 0.21331787 0.25421143
v 0.15055847 0.19818115 0.27456665
v 0.15052795 0.16345215 0.24462891
v 0.14813232 0.14469910 0.23612976
v 0.14755249 0.12892151 0.22085571
v 0.14637756 0.15664673 0.26797485
v 0.14930725 0.18307495 0.28237915
v 0.14422607 0.14627075 0.26541138
v 0.14402771 0.19892883 0.32675171
v 0.13951111 0.15457153 0.29861450
v 0.14297485 0.12210846 0.24737549
v 0.13998413 0.14282227 0.28356934
v 0.13542175 0.10320282 0.27545166
v 0.13436890 0.15269470 0.30072021
v 0.13764954 0.14810181 0.30236816
v 0.13639832 0.15927124 0.32015991
v 0.12954712 0.10005188 0.30679321
v 0.13351440 0.17669678 0.37228394
v 0.13183594 0.18408203 0.39752197
v 0.12678528 0.10871887 0.34365845
v 0.14144897 0.20613098 0.36532593
v 0.12684631 0.08407593 0.31686401
v 0.12898254 0.07891846 0.30462646
v 0.14335632 0.23495483 0.33322144
v 0.13938904 0.21836853 0.37368774
v 0.11622620 0.19372559 0.43377686
v 0.13598633 0.25131226 0.36090088
v 0.11737823 0.21171570 0.42492676
v 0.14202881 0.25848389 0.30776978
v 0.13821411 0.28558350 0.30911255
v 0.11917877 0.27685547 0.38250732
v 0.13224792 0.34713745 0.28741455
v 0.11637878 0.32901001 0.34246826
v 0.09740448 0.32922363 0.35806274
v 0.10399628 0.36694336 0.31692505
v 0.08695221 0.36056519 0.32885742
v 0.08250427 0.32156372 0.36599731
v 0.14076233 0.26168823 0.25152588
v 0.14521790 0.22221375 0.23101807
v 0.14158630 0.23695374 0.21849060
v 0.14390564 0.21614075 0.21438599
v 0.14144897 0.23023987 0.20822144
v -0.01851273 0.35803223 0.32681274
v -0.08145142 0.36401367 0.32669067
v -0.07943726 0.32778931 0.36175537
v -0.09483337 0.36593628 0.32293701
v -0.09638977 0.32351685 0.36444092
v -0.01367474 0.38854980 0.28973389
v -0.09398651 0.39605713 0.28622437
v -0.11444855 0.37075806 0.30004883
v -0.11392975 0.32305908 0.35308838
v -0.12009430 0.31265259 0.34454346
v -0.12142944 0.34814453 0.29974365
v -0.12576294 0.28567505 0.32678223
v -0.12651062 0.36557007 0.23022461
v -0.12681580 0.28814697 0.30313110
v -0.12733459 0.27355957 0.25723267
v -0.12344360 0.40447998 0.21791077
v -0.12829590 0.32934570 0.21838379
v -0.11506653 0.40994263 0.24302673
v -0.12838745 0.21818542 0.20135498
v -0.12838745 0.38912964 0.20106506
v -0.13009644 0.41912842 0.18023682
v -0.13038635 0.27792358 0.18693542
v -0.13116455 0.23094177 0.16871643
v -0.13160706 0.35345459 0.18093872
v -0.13679504 0.27380371 0.14898682
v -0.13575745 0.20695496 0.13484192
v -0.14685059 0.32382202 0.12382507
v -0.13365173 0.39935303 0.17521667
v -0.14210510 0.24125671 0.10910797
v -0.14103699 0.37725830 0.13600159
v -0.14869690 0.30966187 0.10214233
v -0.14521790 0.25772095 0.08226776
v -0.14457703 0.27447510 0.05588913
v -0.14685059 0.34292603 0.10601807
v -0.14668274 0.32815552 0.07793427
v -0.14131165 0.29022217 0.03241348
v -0.13609314 0.42251587 0.12823486
v -0.13285828 0.36013794 0.01332378
v -0.13543701 0.31219482 -0.00250363
v -0.12893677 0.37756348 -0.01271629
v -0.12847900 0.42404175 0.00863743
v -0.13684082 0.39590454 0.06129837
v -0.13285828 0.43826294 0.06647491
v -0.12524414 0.44528198 -0.00241733
v -0.13166809 0.44125366 0.11830139
v -0.12916565 0.45147705 0.05859375
v -0.12101746 0.45712280 -0.00995636
v -0.11981964 0.44006348 0.17750549
v -0.11718750 0.47357178 0.05496597
v -0.12046814 0.46444702 0.09906769
v -0.12076569 0.45370483 0.13877869
v -0.11403656 0.47015381 -0.01361465
v -0.09364319 0.46542358 0.14639282
v -0.09447479 0.47781372 0.09900665
v -0.11528778 0.47589111 0.02841568
v -0.11241150 0.47564697 -0.03091049
v -0.09215546 0.48529053 0.05899429
v -0.07295227 0.47595215 0.11183167
v -0.09584808 0.48626709 0.01417732
v -0.09323120 0.48574829 -0.05588150
v -0.07770538 0.48870850 -0.00735092
v -0.03943634 0.48971558 0.00182056
v -0.05578613 0.48629761 0.04988861
v 0.00724459 0.48788452 0.01228619
v 0.00853920 0.48809814 -0.01252651
v 0.07157135 0.49038696 0.00177443
v -0.01912689 0.47994995 0.08253479
v 0.05625534 0.48919678 0.02517700
v 0.09092712 0.48666382 0.03876877
v 0.09426880 0.48580933 -0.04204178
v 0.02725792 0.48004150 0.08027649
v 0.06782532 0.48254395 0.07885742
v -0.00917816 0.46704102 0.13502502
v 0.02611351 0.47125244 0.11884308
v -0.02096939 0.45397949 0.17289734
v 0.03083611 0.45751953 0.16229248
v 0.08223724 0.47161865 0.12680054
v 0.09532166 0.48150635 0.07789612
v 0.09616852 0.45294189 0.18244934
v 0.11029816 0.47216797 0.07960510
v 0.09682465 0.46813965 0.13571167
v 0.10726166 0.47836304 0.03599167
v 0.11415100 0.47744751 -0.02285957
v 0.11895752 0.46343994 0.02439880
v 0.11304474 0.45858765 0.12380219
v 0.11809540 0.42474365 0.21109009
v 0.11763763 0.46017456 0.08277130
v 0.12397003 0.42526245 0.17361450
v 0.12753296 0.44641113 0.02207756
v 0.13214111 0.45046997 -0.03462982
v 0.12538147 0.44241333 0.09397888
v 0.12696838 0.41641235 0.17543030
v 0.12799072 0.42041016 0.06533813
v 0.12991333 0.39916992 0.21838379
v 0.12884521 0.40072632 0.14743042
v 0.13093567 0.42568970 0.01807594
v 0.13421631 0.43865967 -0.02211952
v 0.14424133 0.34582520 -0.01533508
v 0.12965393 0.34027100 0.15324402
v 0.13847351 0.32263184 0.03689194
v 0.13050842 0.36102295 0.06135559
v 0.13040161 0.31088257 0.13288879
v 0.14027405 0.26742554 0.07200623
v 0.14154053 0.29669189 0.02789307
v 0.14419556 0.31268311 -0.01455498
v 0.14260864 0.27026367 0.03529739
v 0.14006042 0.23999023 -0.01306248
v 0.14250183 0.18858337 -0.00549603
v 0.14541626 0.21398926 0.02862930
v 0.14468384 0.20242310 0.05874634
v 0.14152527 0.23295593 0.10800934
v 0.14591980 0.19213867 0.09053802
v 0.13302612 0.29168701 0.11621857
v 0.13642883 0.26004028 0.15075684
v 0.13619995 0.26544189 0.17877197
v 0.14476013 0.18847656 0.12133026
v 0.14888000 0.14802551 0.09680939
v 0.14659119 0.17294312 0.15728760
v 0.13992310 0.21517944 0.15171814
v 0.14144897 0.23023987 0.20822144
v 0.14712524 0.17791748 0.19424438
v 0.14158630 0.23695374 0.21849060
v 0.13697815 0.30493164 0.22326660
v 0.14076233 0.26168823 0.25152588
v 0.13551331 0.35061646 0.23457336
v 0.13023376 0.38763428 0.17712402
v 0.13562012 0.35498047 0.25747681
v 0.13821411 0.28558350 0.30911255
v 0.13171387 0.38986206 0.20947266
v 0.13224792 0.34713745 0.28741455
v 0.13131714 0.37741089 0.25515747
v 0.12005615 0.40408325 0.24963379
v 0.11872864 0.38101196 0.28607178
v 0.11637878 0.32901001 0.34246826
v 0.10399628 0.36694336 0.31692505
v 0.09717560 0.38806152 0.29586792
v 0.08695221 0.36056519 0.32885742
v 0.09931946 0.43121338 0.22499084
v 0.09648132 0.40481567 0.27221680
v 0.07948303 0.38815308 0.29660034
v 0.09434509 0.44403076 0.20210266
v 0.03220367 0.37655640 0.30590820
v 0.03117371 0.32867432 0.35583496
v 0.03061485 0.44104004 0.20098877
v 0.08831787 0.42645264 0.23750305
v 0.08251190 0.40975952 0.26605225
v 0.02857208 0.42413330 0.23490906
v -0.01380825 0.42892456 0.22630310
v 0.02755737 0.40655518 0.26422119
v -0.01018810 0.40975952 0.25897217
v -0.07044983 0.42996216 0.23008728
v -0.07845306 0.40841675 0.26763916
v -0.09548950 0.42459106 0.23892212
v -0.09460449 0.44995117 0.18827820
v 0.11679077 -0.34512329 0.32217407
v 0.08757019 -0.32617188 0.35897827
v 0.07906342 -0.38287354 0.30151367
v 0.05612183 -0.36163330 0.32864380
v 0.00242329 -0.33566284 0.34762573
v 0.01585197 -0.35855103 0.32479858
v 0.01826859 -0.38348389 0.29342651
v 0.05648804 -0.40173340 0.27563477
v 0.02371407 -0.42141724 0.23377991
v 0.11577606 -0.37536621 0.28753662
v 0.06617737 -0.43893433 0.21412659
v 0.08489990 -0.41046143 0.26248169
v 0.12692261 -0.35833740 0.28356934
v 0.12895203 -0.32394409 0.31845093
v 0.11516571 -0.40377808 0.24516296
v 0.02838898 -0.45156860 0.17034912
v -0.01760292 -0.44659424 0.18716431
v 0.09085846 -0.43624878 0.21748352
v 0.09120941 -0.45700073 0.17156982
v 0.07351685 -0.46435547 0.15287781
v 0.02388000 -0.47201538 0.11058044
v -0.00999165 -0.46926880 0.12629700
v 0.02195358 -0.47848511 0.07757568
v 0.08853149 -0.47457886 0.11818695
v 0.07076263 -0.48513794 0.06558990
v 0.02923203 -0.48333740 0.04425812
v -0.00695276 -0.48605347 0.03089714
v 0.03306580 -0.48583984 -0.00419903
v 0.07505035 -0.48953247 0.02257919
v 0.09325409 -0.48458862 0.05683899
v 0.09459686 -0.48748779 0.00873184
v 0.11415863 -0.45599365 0.12626648
v 0.11428070 -0.47457886 0.02535439
v 0.11209869 -0.44091797 0.16964722
v 0.11618805 -0.42318726 0.20352173
v 0.12170410 -0.42251587 0.17355347
v 0.11626434 -0.46975708 0.05216217
v 0.11414337 -0.46520996 0.09091949
v 0.12322998 -0.44705200 0.09850311
v 0.12409973 -0.39904785 0.21537781
v 0.12242126 -0.42501831 0.15399170
v 0.12643433 -0.40258789 0.20289612
v 0.12384033 -0.39712524 0.23538208
v 0.12666321 -0.37371826 0.25839233
v 0.13031006 -0.38308716 0.22381592
v 0.13082886 -0.34356689 0.18878174
v 0.13458252 -0.34353638 0.26647949
v 0.13587952 -0.35092163 0.23501587
v 0.13591003 -0.33468628 0.19607544
v 0.14379883 -0.30136108 0.20318604
v 0.13557434 -0.31076050 0.17596436
v 0.13204956 -0.30282593 0.16067505
v 0.13426208 -0.31741333 0.16206360
v 0.13638306 -0.27941895 0.14187622
v 0.12655640 -0.39920044 0.18812561
v 0.12901306 -0.34545898 0.16375732
v 0.12573242 -0.40243530 0.15534973
v 0.13215637 -0.31008911 0.14546204
v 0.12867737 -0.35647583 0.16253662
v 0.12693787 -0.34396362 0.13484192
v 0.12608337 -0.37545776 0.14085388
v 0.12545776 -0.41128540 0.14218140
v 0.12538147 -0.35263062 0.12366486
v 0.12611389 -0.41235352 0.13442993
v 0.13377380 -0.27371216 0.12085724
v 0.13113403 -0.28466797 0.13290405
v 0.13827515 -0.26379395 0.13023376
v 0.13838196 -0.24877930 0.12680054
v 0.13812256 -0.24450684 0.11087799
v 0.14898682 -0.22836304 0.13729858
v 0.14311218 -0.25650024 0.14489746
v 0.15409851 -0.20416260 0.13059998
v 0.14581299 -0.27764893 0.17460632
v 0.14794922 -0.23826599 0.14807129
v 0.14694214 -0.25787354 0.16992188
v 0.14334106 -0.29583740 0.21287537
v 0.14746094 -0.24235535 0.17721558
v 0.14012146 -0.31430054 0.24423218
v 0.14543152 -0.28271484 0.22364807
v 0.13586426 -0.33236694 0.27130127
v 0.14183044 -0.30126953 0.24816895
v 0.13391113 -0.32830811 0.28851318
v 0.13623047 -0.30081177 0.29846191
v 0.14285278 -0.29089355 0.25399780
v 0.14422607 -0.27224731 0.24578857
v 0.14575195 -0.25991821 0.24385071
v 0.14683533 -0.26010132 0.22702026
v 0.14808655 -0.24252319 0.21702576
v 0.15139771 -0.19595337 0.19213867
v 0.14868164 -0.20901489 0.15562439
v 0.14916992 -0.19073486 0.15443420
v 0.14991760 -0.17680359 0.14202881
v 0.15095520 -0.17309570 0.15171814
v 0.15090942 -0.15954590 0.14039612
v 0.15208435 -0.16160583 0.10530090
v 0.15342712 -0.12345123 0.09536743
v 0.15112305 -0.14692688 0.13087463
v 0.15197754 -0.14877319 0.09867859
v 0.15208435 -0.16314697 0.09217834
v 0.15165710 -0.13749695 0.08020782
v 0.15426636 -0.10997009 0.06388092
v 0.14521790 -0.15066528 0.08185577
v 0.15022278 -0.15045166 0.07837677
v 0.14959717 -0.17256165 0.09286499
v 0.14097595 -0.20953369 0.08622742
v 0.14942932 -0.13713074 0.05782700
v 0.13510132 -0.24739075 0.10056305
v 0.13772583 -0.20680237 0.06347656
v 0.13002014 -0.28530884 0.10760498
v 0.13281250 -0.23449707 0.07126617
v 0.13710022 -0.20507812 0.05128479
v 0.12564087 -0.33963013 0.12003326
v 0.12370300 -0.30139160 0.07099915
v 0.12710571 -0.26614380 0.04150009
v 0.14424133 -0.16043091 0.01118851
v 0.14363098 -0.15339661 -0.01143551
v 0.14791870 -0.09878540 0.00915146
v 0.15344238 -0.06742096 0.03355408
v 0.14939880 -0.05193329 0.00703430
v 0.14607239 -0.10481262 -0.01110554
v 0.13529968 -0.22312927 0.02368736
v 0.13841248 -0.23730469 -0.00052041
v 0.12994385 -0.28619385 0.01207924
v 0.12491608 -0.28793335 0.04338455
v 0.12528992 -0.31942749 0.03213882
v 0.13102722 -0.32620239 0.00358152
v 0.13226318 -0.38198853 0.00251150
v 0.12412262 -0.32333374 0.04544449
v 0.13165283 -0.39498901 0.01442051
v 0.13087463 -0.42312622 0.01711082
v 0.12962341 -0.39419556 0.02460098
v 0.12806702 -0.39398193 0.04733658
v 0.12635803 -0.37042236 0.09333801
v 0.13232422 -0.42959595 -0.00548172
v 0.12626648 -0.45733643 0.01101780
v 0.12564087 -0.44647217 0.02560234
v 0.12908936 -0.42971802 0.03535461
v 0.12364960 -0.45516968 0.04392242
v 0.12863159 -0.42047119 0.04274750
v 0.12635803 -0.44082642 0.05109787
v 0.12657166 -0.43945312 0.07366943
v 0.12843323 -0.42333984 0.05636978
v 0.12730408 -0.39498901 0.05773544
v 0.12754822 -0.37683105 0.05966949
v 0.12904358 -0.40753174 0.06407166
v 0.12863159 -0.39648438 0.06925201
v 0.12040710 -0.45739746 0.08420563
v 0.12785339 -0.43072510 0.08811951
v 0.12876892 -0.39779663 0.08909607
v 0.12739563 -0.42559814 0.09528351
v 0.12745667 -0.41207886 0.10812378
v 0.12800598 -0.39816284 0.09837341
v 0.12641907 -0.37393188 0.09996796
v 0.12670898 -0.39981079 0.12114716
v 0.12491608 -0.34573364 0.10221863
v -0.11331940 -0.34234619 0.32540894
v -0.12052917 -0.28918457 0.36135864
v -0.12108612 -0.34381104 0.30718994
v -0.13017273 -0.32025146 0.28842163
v -0.11631775 -0.37689209 0.28497314
v -0.13040161 -0.34411621 0.27651978
v -0.12739563 -0.36062622 0.27548218
v -0.13252258 -0.32525635 0.26312256
v -0.13047791 -0.21955872 0.26461792
v -0.08274078 -0.37884521 0.30444336
v -0.09027100 -0.33001709 0.35382080
v -0.13388062 -0.35031128 0.25668335
v -0.13508606 -0.23425293 0.21189880
v -0.13758850 -0.18943787 0.17495728
v -0.13824463 -0.27459717 0.20007324
v -0.06842804 -0.36660767 0.32260132
v -0.05274200 -0.34851074 0.34146118
v -0.08319855 -0.40225220 0.27490234
v -0.04655457 -0.36972046 0.31912231
v 0.00242329 -0.33566284 0.34762573
v -0.05458832 -0.38946533 0.29544067
v -0.00470209 -0.37548828 0.30502319
v 0.01585197 -0.35855103 0.32479858
v 0.01826859 -0.38348389 0.29342651
v -0.01627922 -0.41687012 0.24615479
v 0.02371407 -0.42141724 0.23377991
v -0.01760292 -0.44659424 0.18716431
v -0.05670547 -0.41235352 0.26113892
v -0.06313324 -0.43103027 0.22857666
v -0.07064056 -0.44375610 0.20349121
v -0.08657837 -0.42822266 0.23204041
v -0.05833054 -0.46536255 0.14921570
v -0.00999165 -0.46926880 0.12629700
v 0.02838898 -0.45156860 0.17034912
v -0.09067535 -0.46035767 0.16119385
v -0.06971741 -0.47583008 0.11629486
v -0.06893921 -0.48446655 0.07671356
v 0.02195358 -0.47848511 0.07757568
v -0.00695276 -0.48605347 0.03089714
v -0.09233093 -0.47363281 0.11691284
v -0.06144333 -0.48870850 0.04114151
v -0.06711578 -0.49057007 0.00344062
v 0.03306580 -0.48583984 -0.00419903
v -0.09324646 -0.48559570 0.04644394
v -0.09621429 -0.48641968 -0.02117729
v -0.11819458 -0.47116089 0.05882645
v -0.11578369 -0.47393799 0.01508427
v -0.11961365 -0.45706177 0.12510681
v -0.12528992 -0.45867920 0.02099991
v -0.12799072 -0.45675659 0.07364655
v -0.13336182 -0.44818115 0.05027390
v -0.13237000 -0.42797852 0.15209961
v -0.12124634 -0.43826294 0.17674255
v -0.11833954 -0.42468262 0.20861816
v -0.13114929 -0.41455078 0.18841553
v -0.13815308 -0.39785767 0.16142273
v -0.12863159 -0.39865112 0.22314453
v -0.11788940 -0.41162109 0.23210144
v -0.11622620 -0.39520264 0.25979614
v -0.12634277 -0.38229370 0.25378418
v -0.13389587 -0.38107300 0.22958374
v -0.11690521 -0.38647461 0.27157593
v -0.13403320 -0.35839844 0.25088501
v -0.13743591 -0.30731201 0.21740723
v -0.14105225 -0.34701538 0.21076965
v -0.14619446 -0.29559326 0.17074585
v -0.13835144 -0.29507446 0.20774841
v -0.14006042 -0.27926636 0.19239807
v -0.13928223 -0.25875854 0.18588257
v -0.13871765 -0.24577332 0.17820740
v -0.14021301 -0.24723816 0.16842651
v -0.14051819 -0.21582031 0.15199280
v -0.14317322 -0.26040649 0.15998840
v -0.13960266 -0.19403076 0.15504456
v -0.14086914 -0.14654541 0.14529419
v -0.14535522 -0.16032410 0.09904480
v -0.14686584 -0.13052368 0.10248566
v -0.14190674 -0.21987915 0.14170837
v -0.14480591 -0.25317383 0.13824463
v -0.14627075 -0.18457031 0.06158447
v -0.14492798 -0.22940063 0.09365082
v -0.14550781 -0.26724243 0.15095520
v -0.14646912 -0.27157593 0.14619446
v -0.14637756 -0.28073120 0.15818787
v -0.14752197 -0.30175781 0.11423492
v -0.14659119 -0.30584717 0.16763306
v -0.14447021 -0.34664917 0.16128540
v -0.14237976 -0.38104248 0.09383392
v -0.13873291 -0.41735840 0.06212997
v -0.14131165 -0.38867188 0.04414368
v -0.13438416 -0.42486572 0.03001404
v -0.14262390 -0.30426025 0.03107452
v -0.14395142 -0.29202271 0.04347610
v -0.14123535 -0.31588745 0.01274204
v -0.13127136 -0.43872070 0.01314735
v -0.12898254 -0.43975830 0.00881290
v -0.13032532 -0.39620972 0.00436211
v -0.14227295 -0.29864502 0.02538681
v -0.14437866 -0.27102661 0.02076149
v -0.13870239 -0.25631714 0.00569153
v -0.12834167 -0.32049561 -0.00457668
v -0.14526367 -0.20861816 0.02063942
v -0.13349915 -0.24197388 -0.01045704
v -0.14329529 -0.19056702 0.00105762
v -0.14392090 -0.22760010 0.04473114
v -0.14710999 -0.18301392 0.02490044
v -0.15083313 -0.14323425 0.00074804
v -0.15214539 -0.14074707 0.03636932
v -0.15261841 -0.09801483 0.07195282
v -0.15879822 -0.04244232 0.09038544
v -0.15216064 -0.08718109 0.04900360
v -0.15428162 -0.06594086 0.06555176
v -0.14886475 -0.05473328 0.01745987
v -0.15098572 -0.03030777 0.02680588
v -0.15174866 -0.02169037 0.00923920
v -0.15118408 -0.03587341 -0.00567722
v -0.14942932 -0.05470276 -0.00249290
v 0.13439941 -0.04178238 0.28759766
v 0.13023376 -0.03691101 0.29144287
v 0.13212585 -0.03617096 0.30746460
v 0.13494873 -0.03503036 0.27770996
v 0.13070679 -0.01798439 0.30953979
v 0.13067627 -0.04508591 0.33270264
v 0.13676453 -0.05294418 0.25888062
v 0.13693237 -0.09298706 0.25433350
v 0.12855530 -0.10153198 0.32217407
v 0.13351440 -0.01125526 0.27108765
v 0.12910461 -0.01077175 0.32205200
v 0.12619019 0.01136589 0.31192017
v 0.13613892 -0.00630713 0.25167847
v 0.14285278 -0.06826019 0.19552612
v 0.14311218 -0.03135681 0.20613098
v 0.14050293 -0.01154327 0.22377014
v 0.14137268 -0.00498533 0.21894836
v 0.14002991 0.00076663 0.22410583
v 0.13359070 -0.00226331 0.24276733
v 0.13723755 0.00121963 0.24168396
v 0.14465332 -0.00341249 0.19659424
v 0.14825439 -0.00991344 0.17555237
v 0.15097046 -0.00687695 0.15727234
v 0.15306091 0.01628304 0.15080261
v 0.15220642 -0.01046562 0.15382385
v 0.15879822 -0.02311897 0.10314178
v 0.15641785 0.01071548 0.12001038
v 0.15229797 -0.02741814 0.15205383
v 0.15795898 -0.00990486 0.06914520
v 0.16213989 -0.04237747 0.07788086
v 0.15200806 -0.07186127 0.14584351
v 0.15994263 -0.01592255 0.05257034
v 0.16238403 0.00773239 0.04037857
v 0.15527344 -0.06246567 0.11522675
v 0.15931702 -0.01692009 0.04190063
v 0.15698242 0.00776672 -0.00084126
v 0.14971924 -0.03874207 -0.00010082
v 0.14939880 -0.05193329 0.00703430
v 0.15344238 -0.06742096 0.03355408
v 0.16033936 -0.04173279 0.05233383
v 0.15846252 -0.07616425 0.07406616
v 0.15426636 -0.10997009 0.06388092
v 0.15342712 -0.12345123 0.09536743
v 0.15112305 -0.14692688 0.13087463
v 0.14991760 -0.17680359 0.14202881
v 0.15090942 -0.15954590 0.14039612
v 0.15156555 -0.12722778 0.14561462
v 0.15188599 -0.11727905 0.15367126
v 0.15628052 -0.15974426 0.18865967
v 0.15095520 -0.17309570 0.15171814
v 0.15386963 -0.14122009 0.18156433
v 0.15487671 -0.10794067 0.17303467
v 0.14916992 -0.19073486 0.15443420
v 0.15139771 -0.19595337 0.19213867
v 0.14768982 -0.09207153 0.17892456
v 0.14222717 -0.09893799 0.21742249
v 0.13970947 -0.14231873 0.26715088
v 0.14837646 -0.14845276 0.21586609
v 0.14605713 -0.16001892 0.23638916
v 0.14295959 -0.18556213 0.27416992
v 0.14440918 -0.18266296 0.26193237
v 0.14723206 -0.17402649 0.24031067
v 0.14410400 -0.20191956 0.27911377
v 0.14703369 -0.16540527 0.23652649
v 0.15005493 -0.18307495 0.23185730
v 0.14916992 -0.15934753 0.21852112
v 0.15069580 -0.16471863 0.21563721
v 0.14825439 -0.21469116 0.24897766
v 0.14624023 -0.22192383 0.27499390
v 0.14630127 -0.14987183 0.21136475
v 0.15116882 -0.13938904 0.19816589
v 0.15174866 -0.15847778 0.20466614
v 0.15403748 -0.16117859 0.20199585
v 0.14918518 -0.16859436 0.20169067
v 0.15309143 -0.17898560 0.21315002
v 0.14808655 -0.24252319 0.21702576
v 0.14575195 -0.25991821 0.24385071
v -0.13288879 0.16896057 0.15359497
v -0.12838745 0.21818542 0.20135498
v -0.13116455 0.23094177 0.16871643
v -0.13575745 0.20695496 0.13484192
v -0.13537598 0.15347290 0.13403320
v -0.13558960 0.13882446 0.14292908
v -0.14355469 0.11166382 0.09387970
v -0.14257812 0.09889984 0.11914062
v -0.14569092 0.08388519 0.09216309
v -0.14888000 0.08579254 0.05625916
v -0.15049744 0.06298828 0.06242371
v -0.14356995 0.13148499 0.09403992
v -0.13961792 0.19400024 0.11615753
v -0.14210510 0.24125671 0.10910797
v -0.13679504 0.27380371 0.14898682
v -0.14736938 0.16088867 0.08509064
v -0.14285278 0.21261597 0.09686279
v -0.14521790 0.25772095 0.08226776
v -0.14978027 0.15910339 0.07379150
v -0.14863586 0.10843658 0.05875015
v -0.14427185 0.22532654 0.07591248
v -0.14480591 0.22990417 0.04247665
v -0.15068054 0.16156006 0.06263733
v -0.14540100 0.20481873 0.07126617
v -0.14457703 0.27447510 0.05588913
v -0.14805603 0.17752075 0.02772331
v -0.15193176 0.11849213 0.02912331
v -0.14195251 0.25747681 0.01303864
v -0.14131165 0.29022217 0.03241348
v -0.13543701 0.31219482 -0.00250363
v -0.14248657 0.24299622 0.00026402
v -0.14669800 0.18406677 0.00220466
v -0.14762878 0.17399597 -0.00730944
v -0.14460754 0.17520142 -0.00229359
v -0.14804077 0.16500854 -0.00337934
v -0.14973450 0.14889526 -0.00149405
v -0.14549255 0.15478516 -0.00424671
v -0.15017700 0.14440918 0.00157297
v -0.14266968 0.13835144 -0.00247312
v -0.14982605 0.12840271 -0.00274611
v -0.15165710 0.10948181 -0.00397730
v -0.15280151 0.10075378 -0.00023226
v -0.15565491 0.07334137 -0.00132179
v -0.15309143 0.08540344 0.02274895
v -0.15629578 0.05845642 0.01798820
v -0.16020203 0.03955841 -0.01235867
v -0.15777588 0.02306557 0.05465317
v -0.15957642 0.01954842 -0.00354290
v -0.15737915 0.01058388 0.03611755
v -0.15174866 -0.02169037 0.00923920
v -0.15444946 -0.04529953 0.14695740
v -0.15559387 -0.01452446 0.18289185
v -0.15556335 -0.03780746 0.13066101
v -0.15269470 -0.06475067 0.13342285
v -0.14904785 -0.06129456 0.18360901
v -0.14077759 -0.10636902 0.18382263
v -0.14686584 -0.13052368 0.10248566
v -0.15879822 -0.04244232 0.09038544
v -0.15615845 0.00364828 0.11432648
v -0.15502930 -0.00016528 0.18206787
v -0.15945435 -0.01344967 0.07722473
v -0.15428162 -0.06594086 0.06555176
v -0.15261841 -0.09801483 0.07195282
v -0.15098572 -0.03030777 0.02680588
v -0.15737915 0.01058388 0.03611755
v -0.15174866 -0.02169037 0.00923920
v 0.15162659 0.15362549 0.05766296
v 0.14591980 0.19213867 0.09053802
v 0.14888000 0.14802551 0.09680939
v 0.15361023 0.11196899 0.07846069
v 0.15660095 0.07716370 0.03711319
v 0.15197754 0.16035461 0.04874802
v 0.15199280 0.10681915 0.01644135
v 0.15975952 0.04025650 0.01501846
v 0.14468384 0.20242310 0.05874634
v 0.15208435 0.06629944 -0.01346970
v 0.15016174 0.09253693 -0.00339723
v 0.14913940 0.17597961 0.02764702
v 0.14541626 0.21398926 0.02862930
v 0.15077209 0.14874268 0.03339386
v 0.14894104 0.10412598 0.00916004
v 0.14894104 0.12722778 0.02186012
v 0.15100098 0.13067627 0.01798248
v 0.14797974 0.10394287 -0.00467300
v 0.14779663 0.12364197 0.00670242
v 0.14779663 0.11352539 -0.00645256
v 0.14840698 0.13940430 0.01003742
v 0.14863586 0.14253235 0.00464869
v 0.14433289 0.13786316 -0.00349021
v 0.14764404 0.17544556 0.01297188
v 0.14517212 0.14440918 -0.00898170
v 0.14250183 0.18858337 -0.00549603
v -0.14329529 -0.19056702 0.00105762
v -0.15083313 -0.14323425 0.00074804
v -0.15029907 -0.13911438 -0.01080990
v -0.13844299 -0.19421387 -0.02189636
v -0.15048218 -0.10386658 -0.01723480
v -0.14886475 -0.05473328 0.01745987
v -0.14942932 -0.05470276 -0.00249290
v -0.15713501 -0.07651520 -0.07060242
v -0.15118408 -0.03587341 -0.00567722
v -0.16062927 -0.01618767 -0.05843353
v -0.15980530 -0.03767395 -0.07119751
v -0.15161133 -0.12504578 -0.03677368
v -0.14956665 -0.13674927 -0.03618240
v -0.15364075 -0.12593079 -0.06021881
v -0.15020752 -0.15270996 -0.07383728
v -0.15182495 -0.12005615 -0.11045074
v -0.15792847 -0.03362274 -0.09483337
v -0.15058899 -0.12747192 -0.12939453
v -0.14962769 -0.16854858 -0.10591125
v -0.14888000 -0.18737793 -0.14088440
v -0.14605713 -0.25772095 -0.18391418
v -0.15063477 -0.11065674 -0.16181946
v -0.14765930 -0.17422485 -0.19906616
v -0.15003967 -0.21568298 -0.13583374
v -0.14930725 -0.18804932 -0.09509277
v -0.14698792 -0.22563171 -0.12310028
v -0.14672852 -0.25524902 -0.16476440
v -0.14091492 -0.22991943 -0.10962677
v -0.13471985 -0.28668213 -0.14462280
v -0.13577271 -0.25036621 -0.10928345
v -0.14323425 -0.19105530 -0.08183289
v -0.14299011 -0.17326355 -0.05658340
v -0.13526917 -0.22241211 -0.07592010
v -0.13793945 -0.19343567 -0.04483032
v -0.13215637 -0.24629211 -0.08490753
v -0.13093567 -0.31951904 -0.14967346
v -0.12727356 -0.26437378 -0.05730057
v -0.12510681 -0.29510498 -0.07658386
v -0.12599182 -0.32626343 -0.11538696
v -0.12355804 -0.31756592 -0.04940414
v -0.12994385 -0.24868774 -0.03431320
v -0.12532043 -0.30023193 -0.03350449
v -0.13349915 -0.24197388 -0.01045704
v -0.12834167 -0.32049561 -0.00457668
v -0.13870239 -0.25631714 0.00569153
v -0.12739563 -0.39840698 -0.04006958
v -0.12962341 -0.39944458 -0.01426315
v -0.13032532 -0.39620972 0.00436211
v -0.14123535 -0.31588745 0.01274204
v -0.12898254 -0.43975830 0.00881290
v 0.13232422 -0.42959595 -0.00548172
v 0.13226318 -0.38198853 0.00251150
v 0.13087463 -0.42312622 0.01711082
v 0.13534546 -0.37600708 -0.00490713
v 0.13102722 -0.32620239 0.00358152
v 0.13595581 -0.42895508 -0.02386093
v 0.13804626 -0.40072632 -0.02392578
v 0.14239502 -0.33071899 -0.01698303
v 0.12812805 -0.45794678 -0.01672363
v 0.12626648 -0.45733643 0.01101780
v 0.13879395 -0.42556763 -0.03802872
v 0.11838531 -0.47341919 -0.02102661
v 0.11428070 -0.47457886 0.02535439
v 0.09459686 -0.48748779 0.00873184
v 0.14010620 -0.42651367 -0.04793549
v 0.12715149 -0.46093750 -0.05910110
v 0.13998413 -0.39904785 -0.03527832
v 0.11800385 -0.47030640 -0.06747437
v 0.14183044 -0.39398193 -0.04037094
v 0.14253235 -0.35906982 -0.03153229
v 0.14143372 -0.27658081 -0.03272247
v 0.14561462 -0.34048462 -0.05340195
v 0.14019775 -0.41305542 -0.04985809
v 0.14199829 -0.41250610 -0.05271149
v 0.13354492 -0.44564819 -0.06269073
v 0.14071655 -0.41693115 -0.06278229
v 0.14270020 -0.39126587 -0.06549835
v 0.13563538 -0.43743896 -0.07070160
v 0.12669373 -0.45983887 -0.06952667
v 0.13862610 -0.42474365 -0.07660675
v 0.13360596 -0.44195557 -0.08427429
v 0.11957550 -0.46621704 -0.08914185
v 0.09206390 -0.48129272 -0.08160400
v 0.14022827 -0.39700317 -0.07540894
v 0.13038635 -0.44958496 -0.09088898
v 0.13859558 -0.41848755 -0.08528900
v 0.14237976 -0.38201904 -0.07575989
v 0.14086914 -0.38189697 -0.08562469
v 0.14352417 -0.36038208 -0.07683563
v 0.14321899 -0.30160522 -0.10089111
v 0.14352417 -0.29244995 -0.05691910
v 0.13575745 -0.42379761 -0.09203339
v 0.14332581 -0.32843018 -0.10871124
v 0.14192200 -0.37655640 -0.08779907
v 0.13838196 -0.41345215 -0.09278870
v 0.13351440 -0.43679810 -0.09724426
v 0.13836670 -0.39276123 -0.12488556
v 0.13281250 -0.42071533 -0.14221191
v 0.12716675 -0.43719482 -0.15121460
v 0.13906860 -0.37487793 -0.12797546
v 0.14234924 -0.31393433 -0.13342285
v 0.13354492 -0.41455078 -0.14920044
v 0.14019775 -0.34735107 -0.13848877
v 0.13719177 -0.26367188 -0.13905334
v 0.13179016 -0.41400146 -0.17173767
v 0.13023376 -0.42453003 -0.16070557
v 0.12429810 -0.43679810 -0.16693115
v 0.11505890 -0.44741821 -0.16340637
v 0.11855316 -0.43975830 -0.17738342
v 0.11895752 -0.45635986 -0.13114929
v 0.09158325 -0.46057129 -0.16166687
v 0.08831024 -0.47399902 -0.12289429
v 0.08827972 -0.44528198 -0.20080566
v 0.07542419 -0.46142578 -0.16320801
v 0.05649567 -0.48150635 -0.08651733
v 0.05964661 -0.46917725 -0.13771057
v 0.05957413 -0.44815063 -0.19137573
v 0.02077103 -0.46997070 -0.11772156
v 0.07269287 -0.48886108 -0.03431702
v 0.02560806 -0.46133423 -0.14379883
v 0.02179146 -0.44195557 -0.19203186
v -0.02067757 -0.44326782 -0.19480896
v -0.06309509 -0.46264648 -0.15608215
v -0.06929779 -0.47579956 -0.11441803
v 0.02018356 -0.42126465 -0.23327637
v -0.01919365 -0.41595459 -0.24595642
v 0.01754379 -0.38677979 -0.28854370
v 0.01865959 -0.47711182 -0.08679199
v 0.02922058 -0.41827393 -0.24017334
v -0.06397247 -0.48248291 -0.08251190
v -0.09255219 -0.48031616 -0.08139801
v 0.01933861 -0.48242188 -0.05176926
v -0.06679535 -0.48892212 -0.03565598
v -0.09621429 -0.48641968 -0.02117729
v -0.06711578 -0.49057007 0.00344062
v 0.03306580 -0.48583984 -0.00419903
v 0.07505035 -0.48953247 0.02257919
v 0.09484863 -0.48623657 -0.03322983
v 0.14607239 -0.10481262 -0.01110554
v 0.14791870 -0.09878540 0.00915146
v 0.14363098 -0.15339661 -0.01143551
v 0.14476013 -0.15739441 -0.02974701
v 0.15083313 -0.09075165 -0.07050323
v 0.14796448 -0.06294250 -0.02757835
v 0.14939880 -0.05193329 0.00703430
v 0.14971924 -0.03874207 -0.00010082
v 0.14114380 -0.19203186 -0.04927826
v 0.14273071 -0.19790649 -0.01551056
v 0.14424133 -0.16043091 0.01118851
v 0.13841248 -0.23730469 -0.00052041
v 0.14494324 -0.13925171 -0.07546234
v 0.14213562 -0.23774719 -0.01746178
v 0.14184570 -0.14768982 -0.10859680
v 0.14830017 -0.11544800 -0.10009766
v 0.13880920 -0.16493225 -0.10427856
v 0.14088440 -0.16867065 -0.14067078
v 0.14065552 -0.23675537 -0.04066467
v 0.13677979 -0.20057678 -0.09925079
v 0.13735962 -0.20790100 -0.15234375
v 0.13748169 -0.20228577 -0.18032837
v 0.13406372 -0.24168396 -0.17623901
v 0.13609314 -0.23605347 -0.14303589
v 0.13716125 -0.23327637 -0.09563446
v 0.13719177 -0.26367188 -0.13905334
v 0.14321899 -0.30160522 -0.10089111
v 0.14352417 -0.29244995 -0.05691910
v 0.14143372 -0.27658081 -0.03272247
v 0.14561462 -0.34048462 -0.05340195
v 0.14239502 -0.33071899 -0.01698303
v 0.14015198 -0.25405884 -0.00838089
v 0.13534546 -0.37600708 -0.00490713
v 0.13102722 -0.32620239 0.00358152
v 0.12994385 -0.28619385 0.01207924
v -0.12528992 -0.45867920 0.02099991
v -0.12898254 -0.43975830 0.00881290
v -0.12309265 -0.44949341 -0.03839874
v -0.12713623 -0.43283081 -0.02659988
v -0.12962341 -0.39944458 -0.01426315
v -0.12739563 -0.39840698 -0.04006958
v -0.11717224 -0.46395874 -0.03883362
v -0.11578369 -0.47393799 0.01508427
v -0.11156464 -0.47006226 -0.06358337
v -0.09621429 -0.48641968 -0.02117729
v -0.12220001 -0.44952393 -0.06352234
v -0.09255219 -0.48031616 -0.08139801
v -0.12588501 -0.42944336 -0.05127335
v -0.12361145 -0.44412231 -0.07339478
v -0.11161804 -0.46597290 -0.08808899
v -0.09227753 -0.46896362 -0.13102722
v -0.06929779 -0.47579956 -0.11441803
v -0.06309509 -0.46264648 -0.15608215
v -0.12667847 -0.40997314 -0.06732178
v -0.12287140 -0.44302368 -0.08507538
v -0.11112213 -0.46121216 -0.11014557
v -0.09095001 -0.45010376 -0.18466187
v -0.12608337 -0.38381958 -0.08520508
v -0.12355804 -0.31756592 -0.04940414
v -0.12536621 -0.42205811 -0.09265900
v -0.12171936 -0.43920898 -0.10651398
v -0.11143494 -0.44900513 -0.14691162
v -0.12221527 -0.43084717 -0.12473297
v -0.12532043 -0.39965820 -0.11487579
v -0.12576294 -0.36578369 -0.13038635
v -0.12510681 -0.29510498 -0.07658386
v -0.12599182 -0.32626343 -0.11538696
v -0.12149048 -0.42520142 -0.14575195
v -0.12487030 -0.40213013 -0.13653564
v -0.12330627 -0.41500854 -0.16162109
v -0.12860107 -0.32034302 -0.13160706
v -0.13215637 -0.24629211 -0.08490753
v -0.13093567 -0.31951904 -0.14967346
v -0.12896729 -0.37023926 -0.17315674
v -0.11171722 -0.43743896 -0.17657471
v -0.12709045 -0.39523315 -0.19633484
v -0.13174438 -0.35516357 -0.19226074
v -0.12181854 -0.40924072 -0.20565796
v -0.12702942 -0.39007568 -0.23176575
v -0.11408234 -0.41918945 -0.21531677
v -0.12890625 -0.38204956 -0.21000671
v -0.13316345 -0.36984253 -0.21931458
v -0.12008667 -0.40057373 -0.23883057
v -0.11532593 -0.40054321 -0.25009155
v -0.12623596 -0.37557983 -0.26300049
v -0.13359070 -0.36145020 -0.24798584
v -0.13899231 -0.33108521 -0.21163940
v -0.13375854 -0.30743408 -0.16485596
v -0.13471985 -0.28668213 -0.14462280
v -0.13577271 -0.25036621 -0.10928345
v -0.14048767 -0.31344604 -0.20074463
v -0.13836670 -0.33557129 -0.23809814
v -0.14414978 -0.29251099 -0.18846130
v -0.14698792 -0.22563171 -0.12310028
v -0.14672852 -0.25524902 -0.16476440
v -0.14605713 -0.25772095 -0.18391418
v -0.15003967 -0.21568298 -0.13583374
v -0.14407349 -0.28186035 -0.23742676
v -0.13771057 -0.33132935 -0.25936890
v -0.14587402 -0.25595093 -0.21595764
v -0.14765930 -0.17422485 -0.19906616
v -0.14517212 -0.22720337 -0.24124146
v -0.14663696 -0.17318726 -0.20787048
v -0.13973999 -0.25292969 -0.28799438
v -0.14402771 -0.20903015 -0.24638367
v -0.14042664 -0.29391479 -0.26528931
v -0.13514709 -0.32147217 -0.29013062
v -0.13375854 -0.34429932 -0.27655029
v -0.13058472 -0.33053589 -0.30355835
v -0.13702393 -0.30816650 -0.28582764
v -0.13648987 -0.28695679 -0.29788208
v -0.13375854 -0.28439331 -0.31982422
v -0.13383484 -0.30508423 -0.30822754
v -0.12818909 -0.31277466 -0.32635498
v -0.12641907 -0.30383301 -0.33734131
v -0.11597443 -0.31231689 -0.35079956
v -0.11650085 -0.32550049 -0.33889771
v -0.12796021 -0.32000732 -0.32128906
v -0.12052155 -0.33715820 -0.32202148
v -0.12635803 -0.34973145 -0.29693604
v -0.11537933 -0.34173584 -0.32412720
v -0.11995697 -0.36413574 -0.29415894
v -0.08557129 -0.31683350 -0.36669922
v -0.12857056 -0.35940552 -0.27923584
v -0.11544800 -0.38656616 -0.27096558
v -0.11402893 -0.36309814 -0.30194092
v -0.08444977 -0.34674072 -0.33825684
v -0.07217407 -0.34732056 -0.34039307
v -0.05649948 -0.34072876 -0.34683228
v -0.08377838 -0.35974121 -0.32424927
v -0.05963898 -0.35906982 -0.32885742
v -0.07228088 -0.35882568 -0.32867432
v -0.07924652 -0.36611938 -0.31964111
v -0.06704712 -0.36785889 -0.31973267
v -0.04675293 -0.35818481 -0.32824707
v -0.01651955 -0.33743286 -0.34594727
v -0.05778122 -0.37124634 -0.31369019
v -0.02414703 -0.36569214 -0.31744385
v 0.00524092 -0.34005737 -0.34365845
v -0.06617737 -0.38107300 -0.30465698
v -0.07957458 -0.37820435 -0.30618286
v -0.08045959 -0.38931274 -0.29174805
v 0.04697037 -0.34426880 -0.34371948
v 0.05249786 -0.35757446 -0.33145142
v 0.00843906 -0.36337280 -0.31854248
v 0.01754379 -0.38677979 -0.28854370
v -0.05897903 -0.38702393 -0.29598999
v -0.02491188 -0.39257812 -0.28317261
v -0.01919365 -0.41595459 -0.24595642
v -0.06619263 -0.39764404 -0.28289795
v -0.08291626 -0.40304565 -0.27178955
v -0.06260681 -0.41732788 -0.25195312
v -0.07147980 -0.40499878 -0.27154541
v -0.02067757 -0.44326782 -0.19480896
v -0.08258820 -0.41592407 -0.25366211
v -0.08469391 -0.42446899 -0.23890686
v -0.06743622 -0.43966675 -0.21058655
v -0.15359497 0.09010315 -0.00761032
v -0.15565491 0.07334137 -0.00132179
v -0.15280151 0.10075378 -0.00023226
v -0.14566040 0.10071564 -0.00362206
v -0.15165710 0.10948181 -0.00397730
v -0.15426636 0.07414246 -0.00662851
v -0.15652466 0.06916046 -0.01167679
v -0.16020203 0.03955841 -0.01235867
v -0.15200806 0.11365509 -0.00907803
v -0.14682007 0.11934662 -0.00402308
v -0.14982605 0.12840271 -0.00274611
v -0.14927673 0.13194275 -0.00605345
v -0.14266968 0.13835144 -0.00247312
v -0.14973450 0.14889526 -0.00149405
v -0.14952087 0.14968872 -0.00863457
v -0.14549255 0.15478516 -0.00424671
v -0.14804077 0.16500854 -0.00337934
v -0.15136719 0.11515808 -0.04169083
v -0.14762878 0.17399597 -0.00730944
v -0.14460754 0.17520142 -0.00229359
v -0.15876770 0.04856491 -0.05317307
v -0.14715576 0.18760681 -0.06121826
v -0.16273499 0.01476002 -0.04195786
v -0.15957642 0.01954842 -0.00354290
v -0.15174866 -0.02169037 0.00923920
v -0.15763855 0.04021835 -0.07641602
v -0.16258240 0.00636244 -0.05204773
v -0.15209961 0.12704468 -0.08439636
v -0.15411377 0.09587860 -0.08271790
v -0.15493774 0.06793213 -0.09188080
v -0.15318298 0.05338669 -0.10566711
v -0.15036011 0.10649872 -0.10681915
v -0.14707947 0.10707092 -0.12157440
v -0.14277649 0.10591125 -0.14395142
v -0.14042664 0.13644409 -0.15315247
v -0.14950562 0.15371704 -0.10958099
v -0.14431763 0.17276001 -0.14366150
v -0.13925171 0.17341614 -0.16764832
v -0.13677979 0.17747498 -0.19587708
v -0.13668823 0.14375305 -0.20240784
v -0.13333130 0.18724060 -0.23124695
v -0.13206482 0.23059082 -0.25173950
v -0.13902283 0.21192932 -0.18730164
v -0.14714050 0.23550415 -0.16816711
v -0.14778137 0.26794434 -0.18075562
v -0.14852905 0.19590759 -0.12786865
v -0.15173340 0.24475098 -0.14384460
v -0.14912415 0.19650269 -0.10832977
v -0.14814758 0.19915771 -0.08349609
v -0.15005493 0.27728271 -0.12580872
v -0.14512634 0.25833130 -0.07769775
v -0.14486694 0.24255371 -0.05931854
v -0.13519287 0.32345581 -0.07513428
v -0.13455200 0.30499268 -0.03359222
v -0.14379883 0.23587036 -0.03012657
v -0.14248657 0.24299622 0.00026402
v -0.14195251 0.25747681 0.01303864
v -0.13543701 0.31219482 -0.00250363
v 0.14543152 0.12311554 -0.00993919
v 0.14517212 0.14440918 -0.00898170
v 0.14433289 0.13786316 -0.00349021
v 0.14779663 0.11352539 -0.00645256
v 0.14413452 0.13941956 -0.01569557
v 0.14250183 0.18858337 -0.00549603
v 0.14581299 0.11952209 -0.01609612
v 0.14006042 0.23999023 -0.01306248
v 0.14797974 0.10394287 -0.00467300
v 0.14047241 0.17407227 -0.02729607
v 0.14094543 0.12867737 -0.02015686
v 0.14274597 0.13894653 -0.02276802
v 0.14157104 0.12648010 -0.03230667
v 0.13977051 0.13597107 -0.02954865
v 0.13993835 0.14326477 -0.03654861
v 0.13584900 0.22140503 -0.05028152
v 0.13697815 0.13349915 -0.05234528
v 0.13909912 0.13493347 -0.03968811
v 0.13951111 0.12024689 -0.07160187
v 0.13768005 0.15264893 -0.07195282
v 0.13497925 0.17877197 -0.06881714
v 0.13729858 0.14160156 -0.08852386
v 0.14875793 0.09069824 -0.02831841
v 0.15016174 0.09253693 -0.00339723
v 0.15208435 0.06629944 -0.01346970
v 0.12464905 0.46426392 -0.03333664
v 0.11415100 0.47744751 -0.02285957
v 0.11895752 0.46343994 0.02439880
v 0.13214111 0.45046997 -0.03462982
v 0.12020111 0.46725464 -0.08148956
v 0.09426880 0.48580933 -0.04204178
v 0.09092712 0.48666382 0.03876877
v 0.09671783 0.48040771 -0.08386230
v 0.13421631 0.43865967 -0.02211952
v 0.12753296 0.44641113 0.02207756
v 0.13366699 0.43484497 -0.05955887
v 0.14424133 0.34582520 -0.01533508
v 0.12910461 0.44198608 -0.08954620
v 0.13922119 0.35702515 -0.05323410
v 0.14283752 0.32916260 -0.03361893
v 0.14419556 0.31268311 -0.01455498
v 0.14006042 0.23999023 -0.01306248
v 0.13165283 0.33013916 -0.08406067
v 0.13059998 0.40216064 -0.09156036
v 0.13401794 0.28836060 -0.06770325
v 0.13584900 0.22140503 -0.05028152
v 0.14047241 0.17407227 -0.02729607
v 0.12579346 0.33700562 -0.11508942
v 0.13128662 0.26040649 -0.08954620
v 0.13497925 0.17877197 -0.06881714
v 0.13697815 0.13349915 -0.05234528
v 0.13479614 0.23338318 -0.11373138
v 0.13768005 0.15264893 -0.07195282
v 0.13739014 0.18533325 -0.10394287
v 0.13729858 0.14160156 -0.08852386
v 0.13447571 0.17962646 -0.11679840
v 0.13037109 0.23870850 -0.13813782
v 0.13293457 0.29782104 -0.13606262
v 0.12959290 0.21919250 -0.14918518
v 0.13592529 0.16925049 -0.12861633
v 0.12421417 0.30804443 -0.17439270
v 0.12988281 0.32501221 -0.13377380
v 0.13037109 0.29818726 -0.14384460
v 0.12724304 0.32742310 -0.13954163
v 0.12968445 0.35461426 -0.14340210
v 0.12976074 0.31445312 -0.14355469
v 0.12602234 0.31631470 -0.14845276
v 0.12608337 0.35269165 -0.15876770
v 0.12236023 0.33432007 -0.15524292
v 0.12591553 0.33557129 -0.16090393
v 0.12330627 0.36611938 -0.20083618
v 0.12512207 0.41311646 -0.17189026
v 0.12014008 0.41613770 -0.19468689
v 0.12490845 0.42944336 -0.14666748
v 0.11867523 0.44552612 -0.15528870
v 0.12415314 0.42349243 -0.13061523
v 0.12237549 0.44024658 -0.13279724
v 0.11618805 0.46234131 -0.11080170
v 0.09732819 0.46737671 -0.14033508
v 0.10899353 0.44485474 -0.17958069
v 0.11727905 0.40383911 -0.25021362
v 0.12123871 0.40069580 -0.21492004
v 0.12931824 0.36715698 -0.25509644
v 0.12989807 0.36288452 -0.27569580
v 0.13038635 0.33660889 -0.22705078
v 0.12451935 0.31155396 -0.18626404
v 0.13041687 0.25418091 -0.17671204
v 0.13673401 0.20703125 -0.17823792
v 0.13916016 0.29693604 -0.23301697
v 0.13670349 0.24426270 -0.19760132
v 0.14070129 0.24861145 -0.20735168
v 0.14793396 0.26647949 -0.24578857
v 0.14306641 0.30139160 -0.26632690
v 0.13366699 0.34786987 -0.28784180
v 0.13061523 0.35263062 -0.29830933
v 0.13270569 0.30615234 -0.32617188
v 0.12158203 0.36868286 -0.29986572
v 0.11891937 0.34866333 -0.32604980
v 0.09922791 0.37014771 -0.31698608
v 0.09805298 0.33828735 -0.35095215
v 0.10005188 0.39685059 -0.28112793
v 0.08381653 0.35308838 -0.33718872
v 0.08275604 0.37054443 -0.31781006
v 0.03510284 0.36752319 -0.31567383
v 0.08686829 0.38488770 -0.29974365
v 0.03834915 0.38616943 -0.29284668
v 0.08516693 0.40182495 -0.27612305
v 0.02577591 0.40353394 -0.26794434
v 0.09341431 0.41210938 -0.26034546
v 0.03672409 0.42410278 -0.23536682
v 0.10058594 0.42385864 -0.23751831
v 0.09378815 0.42776489 -0.23377991
v 0.05216980 0.43606567 -0.21290588
v 0.09719086 0.45291138 -0.18203735
v 0.07612610 0.45263672 -0.17927551
v 0.02736855 0.45462036 -0.16932678
v 0.02626038 0.46804810 -0.12995911
v 0.07348633 0.48098755 -0.08666992
v 0.02429771 0.47976685 -0.08045959
v -0.01651764 0.46868896 -0.12867737
v 0.06153107 0.48764038 -0.04207611
v 0.07157135 0.49038696 0.00177443
v 0.00853920 0.48809814 -0.01252651
v -0.02098274 0.47973633 -0.08308411
v 0.15644836 0.03590393 -0.01836014
v 0.15975952 0.04025650 0.01501846
v 0.16174316 0.02709770 0.02585602
v -0.15174866 -0.02169037 0.00923920
v -0.16273499 0.01476002 -0.04195786
v -0.15118408 -0.03587341 -0.00567722
v 0.15975952 0.04025650 0.01501846
v 0.15644836 0.03590393 -0.01836014
v 0.15208435 0.06629944 -0.01346970
v 0.15681458 0.01267052 -0.03270340
v 0.15698242 0.00776672 -0.00084126
v 0.15773010 0.03411102 -0.03499985
v 0.16168213 -0.00511074 -0.06513977
v 0.15826416 0.00646114 -0.08177948
v 0.15408325 0.04500198 -0.07512665
v 0.14839172 0.07176208 -0.05421066
v 0.14875793 0.09069824 -0.02831841
v 0.13951111 0.12024689 -0.07160187
v 0.15559387 0.02130890 -0.13342285
v 0.15773010 -0.00104296 -0.12221527
v 0.15357971 0.04860306 -0.10789490
v 0.15150452 0.00138521 -0.17189026
v 0.14842224 0.07091522 -0.08876038
v 0.15551758 0.05936432 -0.13861084
v 0.14758301 0.07759857 -0.06638336
v 0.14355469 0.09468842 -0.08869171
v 0.14332581 0.11096191 -0.08000183
v 0.13729858 0.14160156 -0.08852386
v 0.13934326 0.11789703 -0.10577393
v 0.13447571 0.17962646 -0.11679840
v 0.13592529 0.16925049 -0.12861633
v 0.14515686 0.10927582 -0.14321899
v 0.14108276 0.16751099 -0.16275024
v 0.12959290 0.21919250 -0.14918518
v 0.13673401 0.20703125 -0.17823792
v 0.14646912 0.18424988 -0.19944763
v 0.14070129 0.24861145 -0.20735168
v 0.15013123 0.09318542 -0.16502380
v 0.14813232 0.23039246 -0.22543335
v 0.14826965 0.05980682 -0.19728088
v 0.14793396 0.26647949 -0.24578857
v 0.14918518 0.17855835 -0.23526001
v 0.15173340 0.13505554 -0.20610046
v 0.14978027 0.10932159 -0.22850037
v 0.15049744 0.13940430 -0.24592590
v 0.14729309 0.04208374 -0.19943237
v 0.14645386 0.00544834 -0.19789124
v 0.14851379 0.10192108 -0.23918152
v 0.14732361 0.11468506 -0.25863647
v 0.14758301 0.09559631 -0.25051880
v 0.14141846 0.13940430 -0.29861450
v 0.14674377 0.18872070 -0.25720215
v 0.14816284 0.24641418 -0.27581787
v 0.14033508 0.19683838 -0.28939819
v 0.13127136 0.25735474 -0.34289551
v 0.13290405 0.20312500 -0.33505249
v 0.14685059 0.27310181 -0.27468872
v 0.14093018 0.28469849 -0.30462646
v 0.14306641 0.30139160 -0.26632690
v 0.13366699 0.34786987 -0.28784180
v 0.13790894 0.13452148 -0.33715820
v 0.14515686 0.09440613 -0.27520752
v 0.14089966 0.10047913 -0.32110596
v 0.14703369 0.07906342 -0.24021912
v 0.14508057 0.08095551 -0.26968384
v 0.14219666 0.08757019 -0.30596924
v 0.13906860 0.07382965 -0.33200073
v 0.13949585 0.09400940 -0.34927368
v 0.14178467 0.05570602 -0.25430298
v 0.14314270 0.04463577 -0.22682190
v 0.13951111 0.04409409 -0.26159668
v 0.14222717 0.02051735 -0.22473145
v 0.13784790 0.05188370 -0.29901123
v 0.13569641 0.05715561 -0.34201050
v 0.13677979 0.06312561 -0.35986328
v 0.15013123 -0.01442051 -0.17738342
v 0.14013672 0.00041634 -0.22866821
v 0.13505554 0.01143837 -0.26065063
v 0.13206482 -0.00245166 -0.26635742
v 0.13781738 0.02180672 -0.25256348
v 0.13563538 0.02118492 -0.26565552
v 0.13635254 0.03628922 -0.28247070
v 0.13388062 0.02532768 -0.28903198
v 0.13291931 0.02246857 -0.29006958
v 0.13021851 0.01290607 -0.29879761
v 0.12748718 0.00772810 -0.31771851
v 0.12745667 -0.00313187 -0.29595947
v 0.13069153 0.02404213 -0.30636597
v 0.12741089 0.02052689 -0.35122681
v 0.12773132 0.01598358 -0.35559082
v 0.12554932 0.00858879 -0.34039307
v 0.12422943 0.00273919 -0.36331177
v 0.12539673 0.00241852 -0.33367920
v 0.12338257 -0.01007557 -0.32507324
v 0.12264252 -0.00592279 -0.36657715
v 0.12991333 0.02657127 -0.33248901
v 0.13162231 0.03527451 -0.36218262
v 0.13163757 0.03077507 -0.32733154
v 0.12757874 0.03305054 -0.34466553
v 0.13218689 0.03626633 -0.34426880
v 0.13429260 0.04775238 -0.35223389
v 0.13494873 0.03704453 -0.29797363
v 0.13729858 0.04286575 -0.29260254
v 0.13496399 0.04390717 -0.31994629
v 0.13328552 0.03912735 -0.32940674
v 0.13348389 0.04655075 -0.34033203
v 0.12977600 0.04302216 -0.33148193
v 0.14971924 -0.03874207 -0.00010082
v 0.15089417 -0.03039169 -0.02261734
v 0.15698242 0.00776672 -0.00084126
v 0.15681458 0.01267052 -0.03270340
v 0.14796448 -0.06294250 -0.02757835
v 0.15510559 -0.01353550 -0.03759003
v 0.16168213 -0.00511074 -0.06513977
v 0.15083313 -0.04468918 -0.04384995
v 0.15083313 -0.09075165 -0.07050323
v 0.15689087 -0.03746796 -0.07276154
v 0.15243530 -0.08155060 -0.08197021
v 0.14830017 -0.11544800 -0.10009766
v 0.14494324 -0.13925171 -0.07546234
v 0.15985107 -0.05746460 -0.10164642
v 0.16172791 -0.01703453 -0.08798981
v 0.15826416 0.00646114 -0.08177948
v 0.15773010 -0.00104296 -0.12221527
v 0.16067505 -0.03686523 -0.10185242
v 0.16101074 -0.02183151 -0.11366272
v 0.15150452 0.00138521 -0.17189026
v 0.15599060 -0.02017212 -0.14918518
v 0.15544128 -0.04528427 -0.13345337
v 0.15383911 -0.03165054 -0.14938354
v 0.15066528 -0.02203751 -0.17118835
v 0.15051270 -0.02857208 -0.16751099
v 0.15013123 -0.01442051 -0.17738342
v 0.14645386 0.00544834 -0.19789124
v 0.14611816 -0.02951813 -0.19493103
v 0.14846802 -0.04594040 -0.18740845
v 0.14524841 -0.04034042 -0.20356750
v 0.14237976 -0.03084946 -0.21707153
v 0.13969421 -0.02053642 -0.22946167
v 0.14013672 0.00041634 -0.22866821
v 0.13206482 -0.00245166 -0.26635742
v 0.13398743 -0.03814697 -0.25366211
v 0.12937927 -0.01738167 -0.27413940
v 0.12745667 -0.00313187 -0.29595947
v 0.12338257 -0.01007557 -0.32507324
v 0.11625671 -0.04211044 -0.34991455
v 0.11897278 -0.04912186 -0.32983398
v 0.13182068 -0.02823448 -0.26113892
v 0.12959290 -0.04001617 -0.27362061
v 0.12285614 -0.06004715 -0.31445312
v 0.11705017 -0.05871582 -0.35223389
v 0.12617493 -0.08272552 -0.32714844
v 0.13139343 -0.05130768 -0.27130127
v 0.13099670 -0.06659698 -0.28240967
v 0.13581848 -0.04827499 -0.24819946
v 0.13572693 -0.06062317 -0.25506592
v 0.13977051 -0.05619812 -0.23220825
v 0.13470459 -0.07987976 -0.27685547
v 0.14100647 -0.06315613 -0.23344421
v 0.13027954 -0.10480499 -0.33624268
v 0.14096069 -0.06765747 -0.22833252
v 0.14508057 -0.07722473 -0.21504211
v 0.14286804 -0.07254028 -0.22763062
v 0.13829041 -0.10637665 -0.28439331
v 0.14256287 -0.08471680 -0.23274231
v 0.13951111 -0.13748169 -0.32196045
v 0.14520264 -0.15083313 -0.28915405
v 0.14033508 -0.16416931 -0.33825684
v 0.14295959 -0.10962677 -0.25192261
v 0.14479065 -0.10231781 -0.23171997
v 0.14549255 -0.11618805 -0.24461365
v 0.14547729 -0.12568665 -0.24981689
v 0.14794922 -0.11692047 -0.22631836
v 0.14962769 -0.12750244 -0.23268127
v 0.14134216 -0.17077637 -0.33294678
v 0.14730835 -0.16954041 -0.30288696
v 0.15028381 -0.15957642 -0.27041626
v 0.14729309 -0.19540405 -0.32431030
v 0.14862061 -0.19650269 -0.29751587
v 0.14672852 -0.09612274 -0.21755981
v 0.14892578 -0.10749817 -0.21110535
v 0.15173340 -0.13153076 -0.22135925
v 0.15185547 -0.09149170 -0.16961670
v 0.15423584 -0.11202240 -0.18395996
v 0.15135193 -0.11808014 -0.20297241
v 0.15254211 -0.11414337 -0.15672302
v 0.14379883 -0.12777710 -0.21148682
v 0.15153503 -0.13333130 -0.21475220
v 0.15141296 -0.15850830 -0.20568848
v 0.15196228 -0.16102600 -0.24746704
v 0.14964294 -0.18898010 -0.26727295
v 0.14520264 -0.21812439 -0.32138062
v 0.14424133 -0.22409058 -0.29861450
v 0.14480591 -0.20455933 -0.25918579
v 0.14167786 -0.22929382 -0.29888916
v 0.14756775 -0.18582153 -0.23069763
v 0.14450073 -0.21299744 -0.26168823
v 0.14073181 -0.24104309 -0.29693604
v 0.14215088 -0.22679138 -0.26986694
v 0.13716125 -0.24949646 -0.27658081
v 0.14433289 -0.20542908 -0.24038696
v 0.14169312 -0.21597290 -0.23640442
v 0.14526367 -0.19299316 -0.21940613
v 0.13777161 -0.23228455 -0.24694824
v 0.13378906 -0.26998901 -0.28286743
v 0.13877869 -0.21807861 -0.22718811
v 0.13409424 -0.24412537 -0.24691772
v 0.13015747 -0.25003052 -0.22267151
v 0.13021851 -0.29037476 -0.27246094
v 0.13508606 -0.22038269 -0.21299744
v 0.13748169 -0.20228577 -0.18032837
v 0.14083862 -0.18647766 -0.18923950
v 0.14088440 -0.16867065 -0.14067078
v 0.15148926 -0.15266418 -0.19046021
v 0.14787292 -0.14630127 -0.16363525
v 0.15121460 -0.13827515 -0.17588806
v 0.14848328 -0.13037109 -0.13339233
v 0.14184570 -0.14768982 -0.10859680
v 0.15663147 -0.09819031 -0.12525940
v -0.11528778 0.47589111 0.02841568
v -0.09323120 0.48574829 -0.05588150
v -0.11241150 0.47564697 -0.03091049
v -0.09584808 0.48626709 0.01417732
v -0.07770538 0.48870850 -0.00735092
v -0.04848862 0.48736572 -0.03926468
v -0.03943634 0.48971558 0.00182056
v 0.00853920 0.48809814 -0.01252651
v -0.02098274 0.47973633 -0.08308411
v -0.08602905 0.48355103 -0.07640839
v -0.10785675 0.47564697 -0.07058716
v -0.09557343 0.48275757 -0.07584381
v -0.11230469 0.46832275 -0.06660461
v -0.11403656 0.47015381 -0.01361465
v -0.12101746 0.45712280 -0.00995636
v -0.11935425 0.45510864 -0.07041931
v -0.11424255 0.45977783 -0.11120605
v -0.12394714 0.44110107 -0.10063934
v -0.12524414 0.44528198 -0.00241733
v -0.11222839 0.45928955 -0.12322998
v -0.12623596 0.42974854 -0.06560516
v -0.12701416 0.41934204 -0.04447937
v -0.12847900 0.42404175 0.00863743
v -0.12893677 0.37756348 -0.01271629
v -0.12959290 0.41336060 -0.10879517
v -0.12948608 0.36703491 -0.06829071
v -0.13455200 0.30499268 -0.03359222
v -0.13543701 0.31219482 -0.00250363
v -0.13519287 0.32345581 -0.07513428
v -0.13790894 0.37374878 -0.14503479
v -0.13616943 0.39697266 -0.16503906
v -0.14591980 0.31243896 -0.13122559
v -0.14512634 0.25833130 -0.07769775
v -0.15005493 0.27728271 -0.12580872
v -0.14527893 0.33764648 -0.16867065
v -0.15075684 0.28106689 -0.16102600
v -0.15173340 0.24475098 -0.14384460
v -0.13833618 0.38464355 -0.19752502
v -0.14778137 0.26794434 -0.18075562
v -0.14714050 0.23550415 -0.16816711
v -0.14353943 0.34704590 -0.19444275
v -0.14701843 0.30465698 -0.18812561
v -0.13775635 0.36593628 -0.23365784
v -0.13327026 0.41177368 -0.16729736
v -0.13317871 0.40292358 -0.20759583
v -0.13000488 0.41983032 -0.17190552
v -0.11953735 0.44174194 -0.15649414
v -0.11941528 0.42987061 -0.19673157
v -0.13432312 0.38220215 -0.23941040
v -0.12043762 0.41616821 -0.22631836
v -0.12000275 0.40472412 -0.24691772
v -0.10660553 0.43734741 -0.19847107
v -0.09598541 0.45175171 -0.18139648
v -0.09669495 0.44247437 -0.20149231
v -0.09554291 0.42532349 -0.23570251
v -0.08119965 0.45318604 -0.18041992
v -0.09549713 0.46691895 -0.13636780
v -0.07558441 0.46664429 -0.14361572
v -0.08998108 0.47402954 -0.11542511
v -0.06487274 0.47485352 -0.11424255
v -0.01651764 0.46868896 -0.12867737
v 0.02429771 0.47976685 -0.08045959
v -0.01687241 0.45913696 -0.15777588
v 0.02626038 0.46804810 -0.12995911
v 0.02736855 0.45462036 -0.16932678
v -0.01916122 0.44473267 -0.19309998
v 0.00747538 0.43701172 -0.20861816
v 0.05216980 0.43606567 -0.21290588
v 0.03672409 0.42410278 -0.23536682
v -0.00898170 0.42453003 -0.23384094
v -0.05211258 0.42663574 -0.23377991
v -0.01433945 0.40524292 -0.26528931
v 0.02577591 0.40353394 -0.26794434
v -0.08267975 0.42889404 -0.23115540
v -0.06474304 0.40905762 -0.26345825
v -0.09458160 0.40664673 -0.26681519
v -0.07404327 0.38970947 -0.29223633
v -0.00329256 0.38644409 -0.29098511
v 0.08686829 0.38488770 -0.29974365
v 0.03834915 0.38616943 -0.29284668
v 0.03510284 0.36752319 -0.31567383
v 0.08275604 0.37054443 -0.31781006
v -0.00893116 0.36877441 -0.31317139
v -0.05693436 0.36947632 -0.31622314
v -0.01167297 0.35003662 -0.33374023
v 0.08381653 0.35308838 -0.33718872
v 0.04157257 0.33898926 -0.34634399
v 0.00905228 0.32952881 -0.35351562
v -0.02776527 0.33013916 -0.35400391
v -0.07614136 0.34909058 -0.33984375
v -0.08111572 0.33093262 -0.35751343
v -0.08779144 0.37179565 -0.31448364
v -0.09673309 0.35125732 -0.33557129
v -0.09643555 0.32431030 -0.36102295
v -0.09590912 0.38589478 -0.29568481
v -0.11374664 0.38363647 -0.28408813
v -0.11531067 0.33081055 -0.33969116
v -0.11274719 0.35104370 -0.32272339
v -0.11870575 0.38046265 -0.28082275
v -0.11539459 0.29547119 -0.36926270
v -0.13273621 0.37060547 -0.25588989
v -0.12745667 0.35525513 -0.27947998
v -0.12513733 0.31649780 -0.31994629
v -0.12512207 0.28491211 -0.34646606
v -0.12849426 0.26821899 -0.33639526
v -0.12832642 0.28619385 -0.31686401
v -0.13529968 0.35430908 -0.25305176
v -0.13223267 0.33709717 -0.26422119
v -0.13040161 0.31671143 -0.28067017
v -0.14036560 0.31649780 -0.22129822
v -0.13453674 0.29620361 -0.23826599
v -0.13206482 0.23059082 -0.25173950
v -0.12997437 0.25347900 -0.30685425
v -0.13333130 0.18724060 -0.23124695
v -0.13789368 0.25634766 -0.21112061
v -0.13902283 0.21192932 -0.18730164
v -0.15118408 -0.03587341 -0.00567722
v -0.16273499 0.01476002 -0.04195786
v -0.16062927 -0.01618767 -0.05843353
v -0.16062927 -0.01618767 -0.05843353
v -0.16273499 0.01476002 -0.04195786
v -0.16258240 0.00636244 -0.05204773
v -0.15740967 -0.00516033 -0.07479858
v -0.16258240 0.00636244 -0.05204773
v -0.15763855 0.04021835 -0.07641602
v -0.15620422 -0.01179504 -0.08905792
v -0.16062927 -0.01618767 -0.05843353
v -0.16258240 0.00636244 -0.05204773
v -0.15740967 -0.00516033 -0.07479858
v -0.15620422 -0.01179504 -0.08905792
v -0.15792847 -0.03362274 -0.09483337
v -0.15980530 -0.03767395 -0.07119751
v -0.15713501 -0.07651520 -0.07060242
v -0.15980530 -0.03767395 -0.07119751
v -0.15792847 -0.03362274 -0.09483337
v -0.15763855 0.04021835 -0.07641602
v -0.15318298 0.05338669 -0.10566711
v -0.15620422 -0.01179504 -0.08905792
v -0.15319824 0.03951263 -0.12112427
v -0.15339661 0.03392029 -0.15490723
v -0.14683533 0.07611847 -0.14170837
v -0.14277649 0.10591125 -0.14395142
v -0.15562439 -0.00713348 -0.11801147
v -0.15374756 0.01327896 -0.16207886
v -0.15377808 -0.01856422 -0.14308167
v -0.14984131 0.02656746 -0.21119690
v -0.14910889 -0.02426720 -0.19679260
v -0.14079285 0.10525513 -0.17903137
v -0.14042664 0.13644409 -0.15315247
v -0.14923096 0.05337524 -0.19625854
v -0.13668823 0.14375305 -0.20240784
v -0.14857483 0.00730944 -0.23478699
v -0.14868164 0.05793762 -0.22485352
v -0.14546204 0.08264160 -0.22581482
v -0.13645935 0.14419556 -0.24090576
v -0.13304138 0.18415833 -0.26181030
v -0.13333130 0.18724060 -0.23124695
v -0.12997437 0.25347900 -0.30685425
v -0.15019226 0.06275177 -0.30706787
v -0.14875793 0.08862305 -0.31396484
v -0.12849426 0.26821899 -0.33639526
v -0.12832642 0.28619385 -0.31686401
v -0.13562012 0.18400574 -0.33273315
v -0.14079285 0.13973999 -0.30554199
v -0.14067078 0.14489746 -0.35928345
v -0.13572693 0.18495178 -0.37078857
v -0.14360046 0.11627197 -0.37118530
v -0.14845276 0.07172394 -0.35140991
v -0.13027954 0.23089600 -0.37536621
v -0.12512207 0.28491211 -0.34646606
v -0.11539459 0.29547119 -0.36926270
v -0.13844299 0.13122559 -0.40463257
v -0.14959717 0.03836060 -0.32849121
v -0.14315796 0.08779907 -0.39620972
v -0.14614868 -0.02612495 -0.22921753
v -0.14643860 -0.00548553 -0.27685547
v -0.14550781 0.05595779 -0.38125610
v -0.14808655 0.02417564 -0.32809448
v -0.14073181 -0.01389885 -0.34307861
v -0.14114380 0.01079082 -0.39373779
v -0.13841248 -0.00450277 -0.41616821
v -0.13591003 -0.04149246 -0.37036133
v -0.13786316 0.00940990 -0.43356323
v -0.13916016 0.04629898 -0.42984009
v -0.13612366 0.01741409 -0.44177246
v -0.13259888 -0.02348137 -0.44039917
v -0.13827515 0.08618927 -0.42379761
v -0.11775970 -0.02778053 -0.47143555
v -0.11932373 0.00770187 -0.47222900
v -0.11451721 -0.00496149 -0.47677612
v -0.11830902 0.02915192 -0.47390747
v -0.13598633 0.04989243 -0.43902588
v -0.09761047 0.01837921 -0.48690796
v -0.09443665 -0.02020454 -0.48748779
v -0.10922241 0.06727600 -0.47607422
v -0.11922455 0.07210541 -0.46517944
v -0.11211395 0.10396576 -0.46633911
v -0.07653046 0.09855652 -0.47763062
v -0.11658478 0.13172913 -0.45394897
v -0.11252594 0.12777710 -0.45932007
v -0.07077026 0.16091919 -0.46011353
v -0.11258698 0.16360474 -0.44717407
v -0.09344482 0.17015076 -0.45004272
v -0.07854462 0.21949768 -0.43231201
v -0.11698151 0.17428589 -0.43688965
v -0.11338043 0.20216370 -0.42971802
v -0.11168671 0.23493958 -0.41409302
v -0.08296967 0.24227905 -0.41958618
v -0.11614990 0.21882629 -0.41818237
v -0.12573242 0.13439941 -0.43319702
v -0.09304047 0.27944946 -0.39599609
v -0.06909943 0.27014160 -0.40283203
v -0.07299042 0.30813599 -0.37530518
v -0.09611511 0.29907227 -0.38171387
v -0.08111572 0.33093262 -0.35751343
v -0.09643555 0.32431030 -0.36102295
v -0.11560059 0.26373291 -0.39205933
v -0.13217163 0.19702148 -0.39035034
v -0.13497925 0.14431763 -0.40942383
v -0.13537598 0.11122131 -0.42156982
v -0.15620422 -0.01179504 -0.08905792
v -0.15562439 -0.00713348 -0.11801147
v -0.15792847 -0.03362274 -0.09483337
v -0.15544128 -0.03821945 -0.13114929
v -0.15377808 -0.01856422 -0.14308167
v -0.15213013 -0.08331299 -0.14657593
v -0.15058899 -0.12747192 -0.12939453
v -0.15129089 -0.02647018 -0.17054749
v -0.15374756 0.01327896 -0.16207886
v -0.15063477 -0.11065674 -0.16181946
v -0.14910889 -0.02426720 -0.19679260
v -0.15086365 -0.05605316 -0.15824890
v -0.14164734 -0.10618591 -0.20448303
v -0.14454651 -0.07416534 -0.18545532
v -0.14529419 -0.02726173 -0.18281555
v -0.14860535 -0.03329849 -0.19393921
v -0.14614868 -0.02612495 -0.22921753
v -0.14857483 0.00730944 -0.23478699
v -0.13977051 -0.05818939 -0.23144531
v -0.14643860 -0.00548553 -0.27685547
v -0.14012146 -0.08703613 -0.21022034
v -0.13717651 -0.04703522 -0.29162598
v -0.14073181 -0.01389885 -0.34307861
v -0.13528442 -0.06638336 -0.26953125
v -0.13591003 -0.04149246 -0.37036133
v -0.14114380 0.01079082 -0.39373779
v -0.12968445 -0.09680176 -0.32162476
v -0.13526917 -0.07891846 -0.25424194
v -0.13456726 -0.09756470 -0.25421143
v -0.13157654 -0.07899475 -0.40945435
v -0.13841248 -0.00450277 -0.41616821
v -0.13786316 0.00940990 -0.43356323
v -0.13049316 -0.04800797 -0.43807983
v -0.13259888 -0.02348137 -0.44039917
v -0.11775970 -0.02778053 -0.47143555
v -0.13613892 -0.12275696 -0.24926758
v -0.11390686 -0.05266571 -0.47293091
v -0.11451721 -0.00496149 -0.47677612
v -0.11748505 -0.05987167 -0.46774292
v -0.11032104 -0.09396362 -0.46899414
v -0.11804199 -0.10287476 -0.45803833
v -0.11008453 -0.12219238 -0.46170044
v -0.12596130 -0.07216644 -0.44299316
v -0.11848450 -0.13887024 -0.44741821
v -0.11026001 -0.15316772 -0.45138550
v -0.12779236 -0.12966919 -0.41799927
v -0.12203217 -0.17306519 -0.42712402
v -0.11781311 -0.17655945 -0.43453979
v -0.10936737 -0.18778992 -0.43777466
v -0.11302185 -0.21208191 -0.42285156
v -0.10571289 -0.22441101 -0.42144775
v -0.11862183 -0.22061157 -0.41073608
v -0.11710358 -0.25326538 -0.39321899
v -0.12294006 -0.23359680 -0.39102173
v -0.12768555 -0.19883728 -0.38476562
v -0.12934875 -0.12408447 -0.39624023
v -0.12971497 -0.23739624 -0.35848999
v -0.12869263 -0.11516571 -0.32934570
v -0.12928772 -0.17260742 -0.34722900
v -0.13029480 -0.14152527 -0.30783081
v -0.13578796 -0.23027039 -0.31051636
v -0.13929749 -0.19578552 -0.26812744
v -0.14320374 -0.18667603 -0.23794556
v -0.13851929 -0.21768188 -0.28564453
v -0.13781738 -0.20454407 -0.27127075
v -0.13995361 -0.22145081 -0.28085327
v -0.14115906 -0.20211792 -0.25842285
v -0.13401794 -0.25988770 -0.32669067
v -0.14018250 -0.23266602 -0.28222656
v -0.14402771 -0.20903015 -0.24638367
v -0.13973999 -0.25292969 -0.28799438
v -0.14353943 -0.19242859 -0.23721313
v -0.13313293 -0.27322388 -0.32882690
v -0.13375854 -0.28439331 -0.31982422
v -0.12953186 -0.28500366 -0.33871460
v -0.12641907 -0.30383301 -0.33734131
v -0.14663696 -0.17318726 -0.20787048
v -0.14517212 -0.22720337 -0.24124146
v -0.14581299 -0.15960693 -0.20791626
v -0.14765930 -0.17422485 -0.19906616
v -0.11878967 -0.30130005 -0.35583496
v -0.11597443 -0.31231689 -0.35079956
v -0.08557129 -0.31683350 -0.36669922
v -0.11650085 -0.32550049 -0.33889771
v -0.08828735 -0.29489136 -0.38330078
v -0.11164093 -0.28387451 -0.37704468
v -0.11967468 -0.28482056 -0.36633301
v -0.12464142 -0.26217651 -0.36825562
v -0.11804962 -0.27139282 -0.37832642
v -0.10073853 -0.25756836 -0.40304565
v -0.08301544 -0.24879456 -0.41473389
v 0.13917542 -0.35522461 -0.14942932
v 0.13256836 -0.40057373 -0.16815186
v 0.13182068 -0.40817261 -0.17671204
v 0.13505554 -0.37661743 -0.17010498
v 0.13824463 -0.35293579 -0.16534424
v 0.13011169 -0.40093994 -0.19268799
v 0.12576294 -0.42343140 -0.18612671
v 0.11569214 -0.43453979 -0.19192505
v 0.12424469 -0.41882324 -0.19799805
v 0.12077332 -0.41271973 -0.21682739
v 0.11618805 -0.42428589 -0.21003723
v 0.12806702 -0.39535522 -0.21063232
v 0.11028290 -0.40286255 -0.25048828
v 0.08403015 -0.41973877 -0.24755859
v 0.07843781 -0.42864990 -0.23429871
v 0.05936050 -0.42971802 -0.23008728
v 0.06282043 -0.42086792 -0.24755859
v 0.05743790 -0.40957642 -0.26486206
v 0.04506683 -0.39007568 -0.29190063
v 0.08193207 -0.41033936 -0.26214600
v 0.07629395 -0.39752197 -0.28210449
v 0.11013794 -0.37161255 -0.29473877
v 0.07984161 -0.38754272 -0.29345703
v 0.04240799 -0.38217163 -0.30215454
v 0.00843906 -0.36337280 -0.31854248
v 0.05249786 -0.35757446 -0.33145142
v 0.06585693 -0.38534546 -0.29873657
v 0.08914185 -0.33081055 -0.35342407
v 0.11302948 -0.33795166 -0.33126831
v 0.11694336 -0.35980225 -0.29833984
v 0.12312317 -0.31405640 -0.33920288
v 0.12518311 -0.32708740 -0.31555176
v 0.11625671 -0.39086914 -0.25823975
v 0.12327576 -0.36709595 -0.26647949
v 0.12882996 -0.31173706 -0.29666138
v 0.12838745 -0.36013794 -0.24310303
v 0.12712097 -0.34606934 -0.26379395
v 0.12884521 -0.31130981 -0.25500488
v 0.13024902 -0.33773804 -0.23495483
v 0.13021851 -0.29037476 -0.27246094
v 0.13807678 -0.31121826 -0.16716003
v 0.13092041 -0.30447388 -0.22006226
v 0.12956238 -0.26922607 -0.21321106
v 0.13015747 -0.25003052 -0.22267151
v 0.13406372 -0.24168396 -0.17623901
v 0.13609314 -0.23605347 -0.14303589
v 0.13748169 -0.20228577 -0.18032837
v 0.13072205 -0.29525757 -0.29669189
v 0.13378906 -0.26998901 -0.28286743
v 0.13021851 -0.29037476 -0.27246094
v 0.12828064 -0.31628418 -0.31326294
v 0.12882996 -0.31173706 -0.29666138
v 0.12518311 -0.32708740 -0.31555176
v 0.12312317 -0.31405640 -0.33920288
v 0.12936401 -0.30493164 -0.31842041
v 0.12974548 -0.29824829 -0.32687378
v 0.13185120 -0.28268433 -0.31842041
v 0.12908936 -0.29559326 -0.33889771
v 0.11714172 -0.30786133 -0.35876465
v 0.11302948 -0.33795166 -0.33126831
v 0.12971497 -0.28979492 -0.34567261
v 0.13687134 -0.26394653 -0.30728149
v 0.13716125 -0.24949646 -0.27658081
v 0.14073181 -0.24104309 -0.29693604
v 0.08914185 -0.33081055 -0.35342407
v 0.13806152 -0.25531006 -0.31860352
v 0.12835693 -0.28256226 -0.35372925
v 0.12319946 -0.28082275 -0.37084961
v 0.09519958 -0.30334473 -0.37625122
v 0.13206482 -0.26898193 -0.35311890
v 0.13931274 -0.24295044 -0.33523560
v 0.14424133 -0.22409058 -0.29861450
v 0.14167786 -0.22929382 -0.29888916
v 0.14520264 -0.21812439 -0.32138062
v 0.13656616 -0.23818970 -0.36105347
v 0.12742615 -0.25076294 -0.38571167
v 0.14300537 -0.21987915 -0.33843994
v 0.14862061 -0.19650269 -0.29751587
v 0.14729309 -0.19540405 -0.32431030
v 0.13581848 -0.23106384 -0.37380981
v 0.14085388 -0.21836853 -0.35723877
v 0.14460754 -0.19879150 -0.34423828
v 0.13882446 -0.21020508 -0.37301636
v 0.14556885 -0.18850708 -0.32855225
v 0.14730835 -0.16954041 -0.30288696
v 0.14282227 -0.19599915 -0.35360718
v 0.14527893 -0.18014526 -0.33148193
v 0.14134216 -0.17077637 -0.33294678
v 0.13838196 -0.18666077 -0.37344360
v 0.13528442 -0.19447327 -0.38934326
v 0.14033508 -0.16416931 -0.33825684
v 0.14520264 -0.15083313 -0.28915405
v 0.13240051 -0.17045593 -0.40060425
v 0.13694763 -0.16432190 -0.36309814
v 0.13951111 -0.13748169 -0.32196045
v 0.13560486 -0.15022278 -0.35745239
v 0.13375854 -0.15782166 -0.38198853
v 0.13456726 -0.14524841 -0.36242676
v 0.13252258 -0.13484192 -0.36489868
v 0.13027954 -0.10480499 -0.33624268
v 0.13055420 -0.14541626 -0.39230347
v 0.12748718 -0.15310669 -0.41500854
v 0.12428284 -0.18218994 -0.42373657
v 0.12068939 -0.16256714 -0.43313599
v 0.11402130 -0.18186951 -0.43856812
v 0.12748718 -0.19839478 -0.41400146
v 0.11463928 -0.20420837 -0.42956543
v 0.10894012 -0.18978882 -0.43850708
v 0.11145020 -0.15910339 -0.44924927
v 0.08638763 -0.22856140 -0.42733765
v 0.08748627 -0.16854858 -0.45523071
v 0.07089233 -0.19595337 -0.44543457
v 0.11441040 -0.21676636 -0.42413330
v 0.13194275 -0.20059204 -0.40078735
v 0.13117981 -0.22317505 -0.39270020
v 0.12614441 -0.21067810 -0.41159058
v 0.11524963 -0.23971558 -0.41085815
v 0.07315063 -0.22624207 -0.43011475
v 0.01341343 -0.22967529 -0.42642212
v 0.01321316 -0.19529724 -0.44415283
v 0.06951141 -0.25695801 -0.41226196
v -0.05416489 -0.20021057 -0.44366455
v 0.08940125 -0.27218628 -0.40054321
v 0.11578369 -0.25906372 -0.39764404
v 0.12293243 -0.26492310 -0.38388062
v 0.11499023 -0.28515625 -0.37945557
v 0.07321167 -0.28497314 -0.39312744
v 0.07370758 -0.30670166 -0.37606812
v 0.05249786 -0.35757446 -0.33145142
v 0.04697037 -0.34426880 -0.34371948
v 0.01032257 -0.28817749 -0.38821411
v 0.02071762 -0.31604004 -0.36572266
v 0.00524092 -0.34005737 -0.34365845
v -0.01651955 -0.33743286 -0.34594727
v 0.02583504 -0.25671387 -0.41061401
v -0.01402569 -0.30816650 -0.37255859
v -0.01760483 -0.25946045 -0.40902710
v -0.05788803 -0.28344727 -0.39486694
v -0.05691910 -0.31433105 -0.36981201
v -0.05649948 -0.34072876 -0.34683228
v -0.08557129 -0.31683350 -0.36669922
v -0.08828735 -0.29489136 -0.38330078
v -0.08301544 -0.24879456 -0.41473389
v -0.05586624 -0.24243164 -0.42120361
v -0.08601379 -0.20924377 -0.43615723
v -0.10571289 -0.22441101 -0.42144775
v -0.10936737 -0.18778992 -0.43777466
v 0.14093018 0.28469849 -0.30462646
v 0.13366699 0.34786987 -0.28784180
v 0.14685059 0.27310181 -0.27468872
v 0.13270569 0.30615234 -0.32617188
v 0.12716675 0.27502441 -0.35943604
v 0.12590027 0.29629517 -0.35351562
v 0.13061523 0.35263062 -0.29830933
v 0.13127136 0.25735474 -0.34289551
v 0.14816284 0.24641418 -0.27581787
v 0.12313080 0.24697876 -0.38796997
v 0.13290405 0.20312500 -0.33505249
v 0.14033508 0.19683838 -0.28939819
v 0.11562347 0.32449341 -0.35256958
v 0.11891937 0.34866333 -0.32604980
v 0.09805298 0.33828735 -0.35095215
v 0.12854004 0.21937561 -0.37243652
v 0.13308716 0.16213989 -0.38894653
v 0.13790894 0.13452148 -0.33715820
v 0.12760925 0.20234680 -0.39508057
v 0.12303925 0.20491028 -0.40798950
v 0.11540985 0.24543762 -0.40280151
v 0.12617493 0.17982483 -0.41616821
v 0.11028290 0.20895386 -0.42407227
v 0.11012268 0.28912354 -0.38476562
v 0.09624481 0.26828003 -0.40380859
v 0.10312653 0.29779053 -0.38287354
v 0.09061432 0.28814697 -0.39254761
v 0.08590698 0.33129883 -0.35827637
v 0.08381653 0.35308838 -0.33718872
v 0.04157257 0.33898926 -0.34634399
v 0.05648041 0.29727173 -0.38214111
v 0.00905228 0.32952881 -0.35351562
v 0.08165741 0.25738525 -0.41296387
v 0.07579041 0.22355652 -0.43408203
v 0.02217293 0.29000854 -0.38619995
v 0.06505585 0.25152588 -0.41564941
v -0.01876259 0.29562378 -0.38204956
v -0.02776527 0.33013916 -0.35400391
v -0.07299042 0.30813599 -0.37530518
v -0.08111572 0.33093262 -0.35751343
v -0.01965332 0.26080322 -0.40859985
v -0.06909943 0.27014160 -0.40283203
v 0.05870819 0.22398376 -0.43618774
v 0.04912186 0.22557068 -0.43441772
v -0.05772400 0.23944092 -0.42425537
v -0.08296967 0.24227905 -0.41958618
v 0.07318115 0.21205139 -0.43920898
v 0.03961945 0.20666504 -0.44412231
v -0.02474403 0.21562195 -0.44088745
v -0.04703522 0.20248413 -0.44726562
v -0.07854462 0.21949768 -0.43231201
v -0.02602959 0.19636536 -0.45013428
v -0.06970215 0.19784546 -0.44540405
v -0.09344482 0.17015076 -0.45004272
v -0.07077026 0.16091919 -0.46011353
v -0.02807808 0.16874695 -0.45925903
v 0.06385040 0.17279053 -0.45529175
v -0.07653046 0.09855652 -0.47763062
v -0.11211395 0.10396576 -0.46633911
v 0.00433731 0.14457703 -0.46484375
v -0.02213287 0.11529541 -0.47219849
v 0.06255341 0.12229156 -0.47006226
v 0.09352875 0.10544586 -0.47271729
v -0.02409172 0.07511139 -0.48013306
v 0.03571701 0.07604980 -0.48019409
v 0.07937622 0.08524323 -0.47955322
v 0.00871086 0.04060364 -0.48397827
v 0.07699585 0.05871201 -0.48455811
v 0.10132599 0.06748962 -0.48059082
v 0.07821655 0.01972008 -0.48739624
v -0.03935242 0.02856827 -0.48617554
v -0.07532501 0.06411743 -0.48471069
v -0.10922241 0.06727600 -0.47607422
v -0.09761047 0.01837921 -0.48690796
v 0.04336166 -0.00713825 -0.48739624
v 0.07448578 -0.00622654 -0.49057007
v -0.02689934 -0.01068211 -0.48724365
v 0.09005737 -0.00729799 -0.48818970
v -0.07570648 0.03307724 -0.48925781
v -0.08866882 0.00607204 -0.48941040
v -0.09443665 -0.02020454 -0.48748779
v -0.06951141 0.00578499 -0.49011230
v -0.06042099 -0.03630066 -0.48739624
v 0.09988403 0.02743530 -0.48300171
v 0.10800171 -0.00957012 -0.47308350
v 0.10892487 0.00434303 -0.47427368
v 0.11288452 -0.00019147 -0.46862793
v 0.11761475 -0.00461292 -0.45443726
v 0.11487579 -0.01289368 -0.45947266
v 0.12094879 -0.00945091 -0.43969727
v 0.12216949 -0.00324655 -0.43115234
v 0.12284851 -0.00777102 -0.38812256
v 0.12075043 0.00178742 -0.44415283
v 0.11640930 0.00776815 -0.46307373
v 0.12405396 -0.00041321 -0.39486694
v 0.12264252 -0.00592279 -0.36657715
v 0.12422943 0.00273919 -0.36331177
v 0.12398529 0.00935745 -0.43627930
v 0.12654114 0.01119709 -0.38479614
v 0.12773132 0.01598358 -0.35559082
v 0.12525940 0.01566887 -0.43371582
v 0.12832642 0.02009201 -0.38296509
v 0.12741089 0.02052689 -0.35122681
v 0.12252808 0.01968765 -0.44778442
v 0.13162231 0.03527451 -0.36218262
v 0.11280823 0.01589584 -0.47109985
v 0.11683655 0.02559090 -0.46759033
v 0.12756348 0.02705574 -0.43511963
v 0.12901306 0.03405380 -0.43280029
v 0.13175964 0.03660583 -0.39270020
v 0.13252258 0.04298782 -0.40374756
v 0.13363647 0.04681015 -0.38397217
v 0.13429260 0.04775238 -0.35223389
v 0.13557434 0.05705643 -0.38403320
v 0.13569641 0.05715561 -0.34201050
v 0.13677979 0.06312561 -0.35986328
v 0.13542175 0.06491089 -0.39385986
v 0.13737488 0.08049774 -0.38973999
v 0.13906860 0.07382965 -0.33200073
v 0.13565063 0.06752777 -0.40914917
v 0.13949585 0.09400940 -0.34927368
v 0.13363647 0.05455399 -0.40835571
v 0.13308716 0.04975510 -0.42007446
v 0.12930298 0.05643845 -0.44110107
v 0.13485718 0.08271027 -0.41644287
v 0.13090515 0.04222488 -0.42755127
v 0.12710571 0.04724503 -0.44421387
v 0.12058258 0.04121017 -0.46292114
v 0.13261414 0.06941223 -0.42779541
v 0.12632751 0.09884644 -0.44955444
v 0.11364746 0.04491043 -0.47296143
v 0.11607361 0.08124542 -0.46746826
v 0.11388397 0.10920715 -0.46292114
v 0.13101196 0.10598755 -0.43319702
v 0.12426758 0.12730408 -0.44357300
v 0.13305664 0.11329651 -0.41943359
v 0.11688995 0.13652039 -0.45001221
v 0.11197662 0.14929199 -0.44952393
v 0.12937927 0.13514709 -0.42968750
v 0.13026428 0.12777710 -0.42477417
v 0.13656616 0.11107635 -0.37728882
v 0.14089966 0.10047913 -0.32110596
v 0.13339233 0.12469482 -0.40808105
v 0.13298035 0.14186096 -0.40853882
v 0.13249207 0.15415955 -0.40380859
v 0.12282562 0.14865112 -0.43618774
v 0.12536621 0.15939331 -0.42715454
v 0.12974548 0.16419983 -0.41217041
v 0.12021637 0.17041016 -0.43014526
v 0.11098480 0.17239380 -0.44030762
v 0.07840729 0.18519592 -0.44857788
v 0.13027954 -0.10480499 -0.33624268
v 0.12545776 -0.09712982 -0.36135864
v 0.12617493 -0.08272552 -0.32714844
v 0.12171936 -0.08329773 -0.37997437
v 0.11705017 -0.05871582 -0.35223389
v 0.12472534 -0.10955811 -0.39294434
v 0.12181091 -0.10902405 -0.42330933
v 0.11651611 -0.06596375 -0.43441772
v 0.12347412 -0.11893463 -0.41497803
v 0.12612915 -0.12687683 -0.40673828
v 0.12756348 -0.12605286 -0.38827515
v 0.13252258 -0.13484192 -0.36489868
v 0.12440491 -0.14096069 -0.42391968
v 0.12907410 -0.13571167 -0.39535522
v 0.13055420 -0.14541626 -0.39230347
v 0.12748718 -0.15310669 -0.41500854
v 0.11799622 -0.14143372 -0.44369507
v 0.12068939 -0.16256714 -0.43313599
v 0.11774445 -0.11954498 -0.44567871
v 0.11145020 -0.15910339 -0.44924927
v 0.11402130 -0.18186951 -0.43856812
v 0.11029053 -0.14044189 -0.45611572
v 0.11784363 -0.10140991 -0.43978882
v 0.11293030 -0.11994934 -0.45642090
v 0.11864471 -0.09378052 -0.43646240
v 0.11106110 -0.11196136 -0.45907593
v 0.10161591 -0.11792755 -0.46765137
v 0.11321259 -0.09822083 -0.45504761
v 0.10974884 -0.05501938 -0.46170044
v 0.10719299 -0.10113525 -0.46450806
v 0.08953857 -0.12367249 -0.47097778
v 0.10894012 -0.18978882 -0.43850708
v 0.08748627 -0.16854858 -0.45523071
v 0.10498047 -0.04882431 -0.47048950
v 0.07444000 -0.16262817 -0.45935059
v 0.07089233 -0.19595337 -0.44543457
v 0.09767151 -0.09683990 -0.47357178
v 0.08905792 -0.09212494 -0.47863770
v 0.07520294 -0.11978912 -0.47366333
v 0.01103401 -0.16157532 -0.45809937
v 0.01321316 -0.19529724 -0.44415283
v 0.03131104 -0.14608765 -0.46377563
v 0.02161407 -0.12738037 -0.46932983
v -0.05706024 -0.16610718 -0.45794678
v -0.05516434 -0.13299561 -0.46926880
v 0.01848221 -0.10036469 -0.47610474
v -0.05416489 -0.20021057 -0.44366455
v -0.06996155 -0.18998718 -0.44729614
v -0.08601379 -0.20924377 -0.43615723
v -0.08773041 -0.15739441 -0.45828247
v -0.10936737 -0.18778992 -0.43777466
v -0.11026001 -0.15316772 -0.45138550
v -0.08205414 -0.13656616 -0.46643066
v -0.09784698 -0.10388184 -0.47256470
v -0.11008453 -0.12219238 -0.46170044
v -0.11032104 -0.09396362 -0.46899414
v -0.08392334 -0.09885406 -0.47680664
v -0.09764862 -0.06373596 -0.48156738
v -0.11390686 -0.05266571 -0.47293091
v -0.05739975 -0.09885406 -0.47802734
v -0.06606293 -0.06513214 -0.48416138
v -0.09443665 -0.02020454 -0.48748779
v -0.11451721 -0.00496149 -0.47677612
v -0.00358343 -0.07084656 -0.48184204
v -0.06042099 -0.03630066 -0.48739624
v -0.06951141 0.00578499 -0.49011230
v -0.01379395 -0.03646088 -0.48577881
v -0.02689934 -0.01068211 -0.48724365
v 0.04336166 -0.00713825 -0.48739624
v 0.03953934 -0.05224991 -0.48498535
v 0.07448578 -0.00622654 -0.49057007
v 0.07146454 -0.06948090 -0.48440552
v 0.07757568 -0.02525139 -0.48971558
v 0.09005737 -0.00729799 -0.48818970
v 0.08938599 -0.05077744 -0.48376465
v 0.10507202 -0.04106522 -0.47119141
v 0.10581970 -0.02889061 -0.47210693
v 0.10800171 -0.00957012 -0.47308350
v 0.10868835 -0.01946449 -0.47116089
v 0.11487579 -0.01289368 -0.45947266
v 0.11401367 -0.02227020 -0.45797729
v 0.11024475 -0.03482819 -0.46569824
v 0.11223602 -0.03873062 -0.45681763
v 0.10877991 -0.04853821 -0.46572876
v 0.11992645 -0.01413631 -0.43530273
v 0.12094879 -0.00945091 -0.43969727
v 0.12284851 -0.00777102 -0.38812256
v 0.11897278 -0.02143860 -0.43228149
v 0.11277771 -0.02961922 -0.45755005
v 0.11737823 -0.03406143 -0.43951416
v 0.11791992 -0.02821922 -0.43447876
v 0.12052917 -0.01681137 -0.37307739
v 0.12264252 -0.00592279 -0.36657715
v 0.12338257 -0.01007557 -0.32507324
v 0.11785889 -0.02964020 -0.41348267
v 0.11837006 -0.02681923 -0.35937500
v 0.11788177 -0.03400421 -0.40667725
v 0.11659241 -0.03842545 -0.40560913
v 0.11625671 -0.04211044 -0.34991455
v 0.11897278 -0.04912186 -0.32983398
v 0.11646271 -0.04770279 -0.41354370
v 0.11488342 -0.04164886 -0.44485474
v 0.11677551 -0.04731750 -0.43746948

# 2421 UV coordinates
vt 0.20825195 0.75268555 0.00000000
vt 0.19335938 0.74487305 0.00000000
vt 0.21801758 0.73876953 0.00000000
vt 0.21606445 0.71557617 0.00000000
vt 0.18945312 0.75903320 0.00000000
vt 0.20751953 0.76293945 0.00000000
vt 0.21850586 0.76171875 0.00000000
vt 0.21411133 0.76660156 0.00000000
vt 0.21923828 0.76806641 0.00000000
vt 0.21704102 0.78051758 0.00000000
vt 0.20727539 0.76757812 0.00000000
vt 0.20068359 0.76708984 0.00000000
vt 0.21630859 0.78930664 0.00000000
vt 0.22192383 0.78686523 0.00000000
vt 0.20190430 0.79003906 0.00000000
vt 0.20849609 0.80200195 0.00000000
vt 0.18920898 0.79516602 0.00000000
vt 0.18847656 0.78393555 0.00000000
vt 0.19384766 0.76953125 0.00000000
vt 0.18676758 0.76904297 0.00000000
vt 0.18066406 0.78662109 0.00000000
vt 0.16455078 0.79760742 0.00000000
vt 0.17480469 0.76928711 0.00000000
vt 0.17163086 0.78637695 0.00000000
vt 0.15625000 0.79052734 0.00000000
vt 0.17260742 0.76147461 0.00000000
vt 0.16503906 0.77246094 0.00000000
vt 0.14941406 0.77197266 0.00000000
vt 0.13354492 0.79272461 0.00000000
vt 0.12890625 0.77587891 0.00000000
vt 0.16381836 0.74926758 0.00000000
vt 0.14379883 0.75537109 0.00000000
vt 0.16259766 0.73291016 0.00000000
vt 0.19091797 0.72338867 0.00000000
vt 0.13183594 0.70922852 0.00000000
vt 0.20385742 0.70312500 0.00000000
vt 0.21948242 0.69458008 0.00000000
vt 0.21044922 0.67138672 0.00000000
vt 0.17675781 0.70410156 0.00000000
vt 0.18896484 0.68066406 0.00000000
vt 0.18334961 0.66772461 0.00000000
vt 0.20410156 0.66210938 0.00000000
vt 0.17016602 0.67993164 0.00000000
vt 0.15234375 0.70043945 0.00000000
vt 0.19140625 0.65625000 0.00000000
vt 0.20703125 0.65234375 0.00000000
vt 0.16796875 0.66748047 0.00000000
vt 0.14599609 0.68041992 0.00000000
vt 0.17919922 0.65502930 0.00000000
vt 0.15087891 0.66430664 0.00000000
vt 0.18505859 0.63500977 0.00000000
vt 0.20166016 0.63964844 0.00000000
vt 0.20678711 0.62304688 0.00000000
vt 0.18310547 0.61157227 0.00000000
vt 0.16699219 0.64111328 0.00000000
vt 0.17504883 0.62622070 0.00000000
vt 0.17333984 0.60156250 0.00000000
vt 0.18188477 0.59448242 0.00000000
vt 0.15332031 0.64379883 0.00000000
vt 0.15185547 0.62329102 0.00000000
vt 0.16625977 0.56762695 0.00000000
vt 0.16772461 0.56103516 0.00000000
vt 0.16113281 0.54858398 0.00000000
vt 0.15332031 0.54785156 0.00000000
vt 0.15698242 0.54321289 0.00000000
vt 0.15380859 0.53076172 0.00000000
vt 0.14501953 0.52783203 0.00000000
vt 0.15917969 0.57373047 0.00000000
vt 0.14428711 0.54687500 0.00000000
vt 0.15771484 0.59130859 0.00000000
vt 0.14379883 0.57324219 0.00000000
vt 0.12646484 0.53002930 0.00000000
vt 0.14306641 0.61010742 0.00000000
vt 0.12890625 0.52490234 0.00000000
vt 0.12500000 0.50366211 0.00000000
vt 0.10571289 0.51342773 0.00000000
vt 0.13256836 0.54785156 0.00000000
vt 0.10888672 0.54321289 0.00000000
vt 0.13354492 0.57910156 0.00000000
vt 0.10668945 0.49414062 0.00000000
vt 0.12719727 0.48217773 0.00000000
vt 0.08007812 0.52490234 0.00000000
vt 0.08398438 0.50878906 0.00000000
vt 0.08154297 0.49487305 0.00000000
vt 0.10058594 0.48510742 0.00000000
vt 0.10595703 0.48095703 0.00000000
vt 0.10424805 0.47314453 0.00000000
vt 0.08178711 0.54541016 0.00000000
vt 0.07055664 0.54345703 0.00000000
vt 0.10913086 0.55615234 0.00000000
vt 0.08178711 0.58886719 0.00000000
vt 0.05908203 0.55517578 0.00000000
vt 0.05151367 0.58349609 0.00000000
vt 0.10424805 0.58203125 0.00000000
vt 0.12524414 0.59277344 0.00000000
vt 0.12426758 0.61206055 0.00000000
vt 0.10058594 0.62426758 0.00000000
vt 0.12109375 0.64062500 0.00000000
vt 0.07934570 0.60449219 0.00000000
vt 0.04101562 0.61865234 0.00000000
vt 0.04833984 0.64013672 0.00000000
vt 0.09130859 0.63623047 0.00000000
vt 0.05419922 0.64965820 0.00000000
vt 0.10205078 0.64648438 0.00000000
vt 0.07470703 0.66113281 0.00000000
vt 0.04858398 0.66528320 0.00000000
vt 0.10083008 0.65722656 0.00000000
vt 0.04931641 0.67236328 0.00000000
vt 0.13696289 0.65063477 0.00000000
vt 0.10083008 0.67065430 0.00000000
vt 0.13110352 0.66821289 0.00000000
vt 0.12646484 0.68579102 0.00000000
vt 0.09716797 0.68823242 0.00000000
vt 0.11938477 0.69946289 0.00000000
vt 0.12109375 0.72070312 0.00000000
vt 0.10888672 0.71386719 0.00000000
vt 0.11889648 0.74560547 0.00000000
vt 0.07226562 0.68041992 0.00000000
vt 0.08325195 0.70849609 0.00000000
vt 0.10937500 0.76098633 0.00000000
vt 0.09667969 0.75463867 0.00000000
vt 0.11938477 0.77734375 0.00000000
vt 0.11840820 0.79809570 0.00000000
vt 0.08325195 0.76977539 0.00000000
vt 0.08544922 0.78100586 0.00000000
vt 0.05859375 0.77319336 0.00000000
vt 0.06103516 0.76586914 0.00000000
vt 0.08178711 0.74389648 0.00000000
vt 0.05175781 0.74267578 0.00000000
vt 0.04028320 0.77001953 0.00000000
vt 0.05639648 0.72143555 0.00000000
vt 0.03320312 0.72094727 0.00000000
vt 0.04931641 0.69116211 0.00000000
vt 0.07031250 0.68847656 0.00000000
vt 0.05102539 0.68261719 0.00000000
vt 0.03247070 0.69311523 0.00000000
vt 0.03173828 0.68017578 0.00000000
vt 0.79907227 0.33984375 0.00000000
vt 0.77832031 0.34936523 0.00000000
vt 0.76831055 0.32177734 0.00000000
vt 0.78906250 0.31762695 0.00000000
vt 0.78735352 0.29223633 0.00000000
vt 0.76611328 0.29736328 0.00000000
vt 0.75122070 0.27026367 0.00000000
vt 0.77465820 0.26123047 0.00000000
vt 0.80493164 0.25439453 0.00000000
vt 0.79956055 0.24389648 0.00000000
vt 0.81079102 0.30932617 0.00000000
vt 0.81030273 0.28173828 0.00000000
vt 0.82324219 0.23828125 0.00000000
vt 0.83032227 0.29125977 0.00000000
vt 0.83081055 0.25195312 0.00000000
vt 0.85034180 0.24121094 0.00000000
vt 0.85717773 0.22680664 0.00000000
vt 0.84765625 0.28369141 0.00000000
vt 0.82788086 0.32788086 0.00000000
vt 0.85498047 0.31689453 0.00000000
vt 0.87402344 0.23608398 0.00000000
vt 0.89672852 0.21679688 0.00000000
vt 0.86157227 0.26660156 0.00000000
vt 0.90502930 0.22656250 0.00000000
vt 0.86938477 0.28857422 0.00000000
vt 0.88623047 0.27124023 0.00000000
vt 0.91235352 0.20922852 0.00000000
vt 0.94653320 0.21777344 0.00000000
vt 0.92944336 0.19921875 0.00000000
vt 0.92041016 0.25097656 0.00000000
vt 0.95043945 0.24926758 0.00000000
vt 0.90356445 0.26562500 0.00000000
vt 0.92797852 0.27001953 0.00000000
vt 0.97314453 0.27636719 0.00000000
vt 0.91259766 0.29809570 0.00000000
vt 0.93872070 0.29443359 0.00000000
vt 0.95654297 0.30151367 0.00000000
vt 0.93090820 0.30639648 0.00000000
vt 0.89990234 0.30541992 0.00000000
vt 0.87768555 0.31542969 0.00000000
vt 0.90185547 0.32543945 0.00000000
vt 0.95532227 0.32250977 0.00000000
vt 0.97778320 0.31835938 0.00000000
vt 0.92163086 0.32739258 0.00000000
vt 0.97314453 0.32885742 0.00000000
vt 0.85375977 0.32543945 0.00000000
vt 0.88940430 0.33227539 0.00000000
vt 0.87255859 0.33544922 0.00000000
vt 0.82690430 0.33837891 0.00000000
vt 0.85107422 0.34057617 0.00000000
vt 0.80078125 0.35327148 0.00000000
vt 0.77539062 0.36816406 0.00000000
vt 0.79003906 0.37377930 0.00000000
vt 0.82397461 0.34570312 0.00000000
vt 0.80517578 0.36523438 0.00000000
vt 0.81250000 0.35986328 0.00000000
vt 0.82421875 0.35522461 0.00000000
vt 0.81250000 0.36572266 0.00000000
vt 0.80151367 0.37304688 0.00000000
vt 0.79638672 0.37744141 0.00000000
vt 0.80712891 0.37280273 0.00000000
vt 0.82104492 0.36279297 0.00000000
vt 0.81884766 0.37792969 0.00000000
vt 0.81518555 0.38671875 0.00000000
vt 0.80615234 0.39331055 0.00000000
vt 0.79589844 0.39648438 0.00000000
vt 0.81225586 0.39208984 0.00000000
vt 0.82275391 0.39111328 0.00000000
vt 0.82739258 0.38330078 0.00000000
vt 0.81518555 0.40942383 0.00000000
vt 0.80444336 0.40258789 0.00000000
vt 0.81250000 0.41674805 0.00000000
vt 0.82666016 0.43627930 0.00000000
vt 0.83227539 0.42700195 0.00000000
vt 0.83178711 0.44458008 0.00000000
vt 0.83764648 0.44555664 0.00000000
vt 0.84545898 0.44140625 0.00000000
vt 0.83032227 0.40844727 0.00000000
vt 0.84545898 0.41918945 0.00000000
vt 0.83740234 0.39575195 0.00000000
vt 0.85058594 0.42993164 0.00000000
vt 0.84521484 0.45068359 0.00000000
vt 0.87890625 0.41625977 0.00000000
vt 0.86816406 0.45263672 0.00000000
vt 0.86474609 0.39941406 0.00000000
vt 0.84960938 0.37719727 0.00000000
vt 0.88525391 0.39965820 0.00000000
vt 0.90380859 0.43847656 0.00000000
vt 0.90795898 0.39624023 0.00000000
vt 0.92260742 0.42041016 0.00000000
vt 0.87768555 0.36743164 0.00000000
vt 0.86914062 0.36303711 0.00000000
vt 0.90600586 0.38452148 0.00000000
vt 0.90478516 0.35424805 0.00000000
vt 0.91015625 0.37329102 0.00000000
vt 0.91406250 0.37304688 0.00000000
vt 0.93847656 0.39453125 0.00000000
vt 0.93774414 0.40502930 0.00000000
vt 0.91430664 0.35595703 0.00000000
vt 0.90063477 0.34790039 0.00000000
vt 0.94018555 0.40478516 0.00000000
vt 0.94335938 0.40942383 0.00000000
vt 0.94287109 0.39794922 0.00000000
vt 0.93896484 0.38281250 0.00000000
vt 0.92919922 0.34667969 0.00000000
vt 0.95190430 0.38964844 0.00000000
vt 0.96093750 0.40991211 0.00000000
vt 0.93725586 0.34643555 0.00000000
vt 0.89672852 0.33959961 0.00000000
vt 0.97778320 0.38818359 0.00000000
vt 0.96215820 0.39672852 0.00000000
vt 0.96142578 0.36206055 0.00000000
vt 0.97485352 0.34667969 0.00000000
vt 0.93603516 0.33227539 0.00000000
vt 0.95458984 0.33740234 0.00000000
vt 0.95800781 0.33447266 0.00000000
vt 0.96166992 0.33740234 0.00000000
vt 0.88208008 0.34252930 0.00000000
vt 0.86474609 0.34594727 0.00000000
vt 0.85400391 0.35009766 0.00000000
vt 0.84497070 0.37109375 0.00000000
vt 0.84057617 0.35424805 0.00000000
vt 0.82861328 0.36230469 0.00000000
vt 0.35131836 0.79492188 0.00000000
vt 0.36303711 0.79467773 0.00000000
vt 0.34472656 0.82006836 0.00000000
vt 0.35546875 0.82763672 0.00000000
vt 0.37329102 0.80395508 0.00000000
vt 0.34570312 0.84741211 0.00000000
vt 0.35375977 0.86083984 0.00000000
vt 0.36596680 0.82934570 0.00000000
vt 0.38281250 0.80664062 0.00000000
vt 0.33813477 0.87036133 0.00000000
vt 0.37500000 0.83593750 0.00000000
vt 0.39013672 0.82714844 0.00000000
vt 0.36010742 0.85302734 0.00000000
vt 0.34594727 0.90258789 0.00000000
vt 0.38208008 0.85888672 0.00000000
vt 0.41723633 0.82006836 0.00000000
vt 0.35522461 0.88208008 0.00000000
vt 0.33178711 0.90332031 0.00000000
vt 0.35180664 0.91113281 0.00000000
vt 0.33886719 0.92114258 0.00000000
vt 0.32397461 0.93994141 0.00000000
vt 0.32568359 0.96044922 0.00000000
vt 0.34106445 0.95312500 0.00000000
vt 0.32592773 0.97851562 0.00000000
vt 0.34008789 0.99389648 0.00000000
vt 0.34619141 0.96118164 0.00000000
vt 0.36279297 0.94580078 0.00000000
vt 0.35986328 1.00000000 0.00000000
vt 0.37060547 0.89379883 0.00000000
vt 0.37548828 0.95654297 0.00000000
vt 0.40771484 0.97875977 0.00000000
vt 0.37597656 0.93139648 0.00000000
vt 0.40844727 0.85742188 0.00000000
vt 0.43017578 0.83422852 0.00000000
vt 0.40869141 0.94140625 0.00000000
vt 0.39526367 0.88867188 0.00000000
vt 0.46142578 0.94165039 0.00000000
vt 0.45556641 0.97656250 0.00000000
vt 0.44140625 0.91699219 0.00000000
vt 0.48291016 0.96044922 0.00000000
vt 0.42431641 0.88110352 0.00000000
vt 0.47485352 0.90502930 0.00000000
vt 0.47998047 0.93188477 0.00000000
vt 0.50512695 0.96752930 0.00000000
vt 0.49780273 0.89746094 0.00000000
vt 0.51269531 0.92431641 0.00000000
vt 0.45239258 0.86450195 0.00000000
vt 0.48461914 0.88208008 0.00000000
vt 0.51831055 0.89868164 0.00000000
vt 0.44506836 0.84985352 0.00000000
vt 0.46533203 0.84594727 0.00000000
vt 0.46875000 0.85351562 0.00000000
vt 0.48388672 0.86547852 0.00000000
vt 0.48168945 0.85986328 0.00000000
vt 0.50097656 0.87451172 0.00000000
vt 0.49194336 0.86645508 0.00000000
vt 0.48950195 0.86181641 0.00000000
vt 0.49096680 0.85986328 0.00000000
vt 0.50268555 0.87133789 0.00000000
vt 0.50903320 0.87597656 0.00000000
vt 0.50488281 0.87353516 0.00000000
vt 0.51269531 0.86962891 0.00000000
vt 0.52734375 0.89892578 0.00000000
vt 0.34619141 0.31054688 0.00000000
vt 0.35351562 0.30541992 0.00000000
vt 0.35693359 0.32104492 0.00000000
vt 0.33740234 0.29565430 0.00000000
vt 0.33129883 0.29565430 0.00000000
vt 0.35083008 0.28173828 0.00000000
vt 0.37109375 0.29467773 0.00000000
vt 0.33007812 0.28662109 0.00000000
vt 0.38378906 0.27636719 0.00000000
vt 0.32495117 0.28344727 0.00000000
vt 0.32153320 0.29370117 0.00000000
vt 0.34033203 0.27343750 0.00000000
vt 0.37255859 0.26904297 0.00000000
vt 0.37524414 0.25708008 0.00000000
vt 0.35229492 0.26684570 0.00000000
vt 0.39379883 0.27490234 0.00000000
vt 0.32055664 0.27124023 0.00000000
vt 0.29931641 0.26538086 0.00000000
vt 0.30029297 0.27075195 0.00000000
vt 0.32885742 0.23779297 0.00000000
vt 0.30249023 0.24291992 0.00000000
vt 0.28979492 0.24829102 0.00000000
vt 0.29345703 0.26025391 0.00000000
vt 0.28320312 0.25317383 0.00000000
vt 0.27416992 0.23266602 0.00000000
vt 0.29492188 0.22485352 0.00000000
vt 0.26269531 0.22534180 0.00000000
vt 0.31445312 0.22656250 0.00000000
vt 0.28759766 0.21630859 0.00000000
vt 0.31225586 0.20361328 0.00000000
vt 0.26123047 0.21459961 0.00000000
vt 0.24047852 0.21655273 0.00000000
vt 0.24731445 0.19873047 0.00000000
vt 0.23657227 0.20190430 0.00000000
vt 0.26660156 0.19702148 0.00000000
vt 0.29028320 0.20336914 0.00000000
vt 0.28002930 0.17895508 0.00000000
vt 0.25659180 0.17749023 0.00000000
vt 0.29614258 0.17309570 0.00000000
vt 0.23779297 0.19116211 0.00000000
vt 0.23876953 0.18310547 0.00000000
vt 0.22363281 0.18920898 0.00000000
vt 0.22631836 0.17480469 0.00000000
vt 0.32275391 0.18334961 0.00000000
vt 0.31982422 0.20996094 0.00000000
vt 0.32812500 0.22265625 0.00000000
vt 0.33227539 0.20043945 0.00000000
vt 0.33374023 0.16796875 0.00000000
vt 0.33593750 0.19311523 0.00000000
vt 0.33520508 0.21020508 0.00000000
vt 0.34838867 0.19848633 0.00000000
vt 0.35083008 0.20605469 0.00000000
vt 0.36254883 0.19335938 0.00000000
vt 0.36791992 0.19970703 0.00000000
vt 0.36938477 0.21069336 0.00000000
vt 0.35058594 0.21044922 0.00000000
vt 0.33935547 0.21630859 0.00000000
vt 0.32983398 0.21679688 0.00000000
vt 0.35546875 0.22021484 0.00000000
vt 0.36791992 0.21679688 0.00000000
vt 0.34936523 0.22460938 0.00000000
vt 0.38598633 0.22680664 0.00000000
vt 0.36499023 0.23095703 0.00000000
vt 0.33642578 0.22729492 0.00000000
vt 0.35571289 0.23144531 0.00000000
vt 0.34008789 0.24218750 0.00000000
vt 0.36425781 0.23339844 0.00000000
vt 0.36328125 0.23583984 0.00000000
vt 0.37207031 0.23779297 0.00000000
vt 0.34936523 0.25292969 0.00000000
vt 0.39331055 0.24853516 0.00000000
vt 0.40356445 0.25390625 0.00000000
vt 0.36376953 0.26147461 0.00000000
vt 0.40014648 0.23632812 0.00000000
vt 0.34790039 0.26123047 0.00000000
vt 0.34252930 0.25903320 0.00000000
vt 0.39892578 0.21728516 0.00000000
vt 0.40649414 0.23535156 0.00000000
vt 0.41845703 0.26342773 0.00000000
vt 0.41284180 0.22094727 0.00000000
vt 0.42285156 0.25390625 0.00000000
vt 0.39819336 0.20190430 0.00000000
vt 0.40747070 0.19384766 0.00000000
vt 0.42895508 0.21997070 0.00000000
vt 0.42016602 0.16796875 0.00000000
vt 0.43310547 0.19116211 0.00000000
vt 0.44238281 0.19628906 0.00000000
vt 0.44042969 0.17138672 0.00000000
vt 0.44775391 0.17749023 0.00000000
vt 0.44873047 0.20141602 0.00000000
vt 0.38305664 0.18237305 0.00000000
vt 0.36474609 0.18872070 0.00000000
vt 0.36547852 0.17993164 0.00000000
vt 0.35620117 0.18627930 0.00000000
vt 0.35864258 0.17993164 0.00000000
vt 0.39794922 0.59179688 0.00000000
vt 0.39721680 0.56152344 0.00000000
vt 0.42065430 0.56372070 0.00000000
vt 0.39550781 0.55517578 0.00000000
vt 0.42309570 0.55517578 0.00000000
vt 0.37548828 0.59301758 0.00000000
vt 0.37329102 0.55468750 0.00000000
vt 0.38623047 0.54394531 0.00000000
vt 0.41943359 0.54467773 0.00000000
vt 0.41992188 0.53759766 0.00000000
vt 0.39233398 0.53466797 0.00000000
vt 0.42260742 0.52221680 0.00000000
vt 0.36181641 0.52124023 0.00000000
vt 0.41357422 0.51586914 0.00000000
vt 0.39794922 0.49438477 0.00000000
vt 0.34619141 0.53247070 0.00000000
vt 0.36767578 0.50390625 0.00000000
vt 0.35327148 0.54248047 0.00000000
vt 0.39306641 0.45703125 0.00000000
vt 0.34497070 0.52148438 0.00000000
vt 0.32836914 0.52563477 0.00000000
vt 0.37060547 0.47534180 0.00000000
vt 0.37744141 0.45239258 0.00000000
vt 0.34887695 0.50219727 0.00000000
vt 0.36254883 0.46362305 0.00000000
vt 0.36865234 0.43457031 0.00000000
vt 0.33764648 0.47290039 0.00000000
vt 0.33251953 0.51660156 0.00000000
vt 0.35864258 0.43920898 0.00000000
vt 0.32226562 0.49755859 0.00000000
vt 0.33422852 0.46093750 0.00000000
vt 0.34423828 0.43627930 0.00000000
vt 0.32519531 0.43481445 0.00000000
vt 0.31567383 0.47558594 0.00000000
vt 0.30761719 0.46289062 0.00000000
vt 0.29687500 0.43652344 0.00000000
vt 0.30664062 0.51416016 0.00000000
vt 0.27343750 0.46166992 0.00000000
vt 0.27758789 0.43798828 0.00000000
vt 0.25878906 0.46337891 0.00000000
vt 0.25122070 0.49829102 0.00000000
vt 0.28540039 0.48754883 0.00000000
vt 0.27783203 0.50659180 0.00000000
vt 0.24536133 0.50830078 0.00000000
vt 0.29833984 0.52001953 0.00000000
vt 0.27001953 0.51831055 0.00000000
vt 0.23901367 0.50952148 0.00000000
vt 0.31982422 0.53857422 0.00000000
vt 0.25830078 0.53833008 0.00000000
vt 0.28173828 0.53417969 0.00000000
vt 0.30078125 0.53710938 0.00000000
vt 0.22656250 0.53369141 0.00000000
vt 0.30053711 0.55249023 0.00000000
vt 0.27783203 0.55126953 0.00000000
vt 0.24584961 0.53833008 0.00000000
vt 0.21826172 0.53564453 0.00000000
vt 0.25878906 0.55175781 0.00000000
vt 0.28344727 0.56176758 0.00000000
vt 0.23828125 0.54809570 0.00000000
vt 0.20556641 0.54541016 0.00000000
vt 0.22753906 0.55761719 0.00000000
vt 0.23120117 0.57592773 0.00000000
vt 0.25390625 0.56884766 0.00000000
vt 0.23559570 0.59863281 0.00000000
vt 0.22412109 0.59863281 0.00000000
vt 0.22998047 0.62915039 0.00000000
vt 0.26904297 0.58715820 0.00000000
vt 0.24096680 0.62231445 0.00000000
vt 0.24707031 0.63940430 0.00000000
vt 0.20922852 0.63940430 0.00000000
vt 0.26757812 0.60937500 0.00000000
vt 0.26611328 0.62866211 0.00000000
vt 0.29418945 0.59277344 0.00000000
vt 0.28588867 0.60937500 0.00000000
vt 0.31298828 0.58764648 0.00000000
vt 0.30712891 0.61230469 0.00000000
vt 0.28881836 0.63647461 0.00000000
vt 0.26538086 0.64233398 0.00000000
vt 0.31591797 0.64379883 0.00000000
vt 0.26708984 0.65063477 0.00000000
vt 0.29296875 0.64355469 0.00000000
vt 0.24609375 0.64819336 0.00000000
vt 0.21875000 0.65209961 0.00000000
vt 0.24169922 0.65795898 0.00000000
vt 0.28906250 0.65795898 0.00000000
vt 0.33251953 0.65649414 0.00000000
vt 0.27124023 0.66552734 0.00000000
vt 0.31665039 0.66430664 0.00000000
vt 0.24804688 0.68383789 0.00000000
vt 0.21875000 0.67578125 0.00000000
vt 0.27954102 0.67211914 0.00000000
vt 0.31909180 0.66796875 0.00000000
vt 0.27148438 0.68750000 0.00000000
vt 0.34082031 0.66748047 0.00000000
vt 0.31005859 0.68017578 0.00000000
vt 0.25000000 0.69384766 0.00000000
vt 0.23046875 0.69580078 0.00000000
vt 0.25000000 0.73559570 0.00000000
vt 0.32617188 0.70678711 0.00000000
vt 0.27636719 0.73608398 0.00000000
vt 0.28027344 0.71435547 0.00000000
vt 0.32055664 0.72265625 0.00000000
vt 0.30126953 0.75415039 0.00000000
vt 0.27734375 0.74926758 0.00000000
vt 0.25634766 0.75024414 0.00000000
vt 0.28515625 0.75976562 0.00000000
vt 0.27001953 0.78198242 0.00000000
vt 0.28247070 0.80322266 0.00000000
vt 0.29223633 0.78588867 0.00000000
vt 0.30712891 0.78540039 0.00000000
vt 0.32275391 0.76269531 0.00000000
vt 0.32275391 0.78417969 0.00000000
vt 0.31665039 0.73437500 0.00000000
vt 0.33911133 0.74023438 0.00000000
vt 0.35327148 0.73266602 0.00000000
vt 0.33764648 0.77880859 0.00000000
vt 0.32836914 0.79931641 0.00000000
vt 0.35522461 0.78466797 0.00000000
vt 0.35473633 0.76000977 0.00000000
vt 0.37353516 0.73974609 0.00000000
vt 0.38085938 0.76464844 0.00000000
vt 0.37988281 0.73486328 0.00000000
vt 0.36499023 0.70605469 0.00000000
vt 0.38769531 0.71704102 0.00000000
vt 0.35791016 0.68481445 0.00000000
vt 0.32617188 0.68139648 0.00000000
vt 0.36645508 0.67797852 0.00000000
vt 0.40429688 0.69238281 0.00000000
vt 0.33911133 0.67358398 0.00000000
vt 0.38452148 0.67163086 0.00000000
vt 0.36206055 0.66870117 0.00000000
vt 0.35327148 0.65795898 0.00000000
vt 0.37402344 0.65795898 0.00000000
vt 0.40966797 0.65917969 0.00000000
vt 0.38940430 0.65014648 0.00000000
vt 0.37573242 0.64624023 0.00000000
vt 0.39575195 0.64208984 0.00000000
vt 0.33715820 0.64575195 0.00000000
vt 0.36230469 0.64526367 0.00000000
vt 0.37622070 0.63769531 0.00000000
vt 0.32519531 0.64306641 0.00000000
vt 0.38378906 0.61547852 0.00000000
vt 0.41601562 0.61621094 0.00000000
vt 0.32666016 0.61254883 0.00000000
vt 0.34350586 0.64062500 0.00000000
vt 0.35888672 0.63842773 0.00000000
vt 0.34423828 0.61206055 0.00000000
vt 0.34033203 0.59179688 0.00000000
vt 0.36010742 0.61230469 0.00000000
vt 0.35791016 0.59423828 0.00000000
vt 0.34252930 0.56494141 0.00000000
vt 0.36279297 0.56176758 0.00000000
vt 0.34765625 0.55297852 0.00000000
vt 0.32128906 0.55249023 0.00000000
vt 0.54077148 0.61499023 0.00000000
vt 0.51757812 0.60937500 0.00000000
vt 0.54614258 0.58886719 0.00000000
vt 0.52832031 0.58569336 0.00000000
vt 0.50585938 0.56958008 0.00000000
vt 0.51977539 0.56884766 0.00000000
vt 0.53588867 0.56030273 0.00000000
vt 0.55395508 0.57104492 0.00000000
vt 0.56542969 0.54589844 0.00000000
vt 0.55761719 0.60302734 0.00000000
vt 0.58422852 0.55859375 0.00000000
vt 0.56616211 0.57934570 0.00000000
vt 0.55908203 0.61303711 0.00000000
vt 0.54394531 0.62719727 0.00000000
vt 0.57788086 0.59082031 0.00000000
vt 0.59472656 0.53271484 0.00000000
vt 0.57788086 0.51904297 0.00000000
vt 0.58789062 0.57006836 0.00000000
vt 0.60766602 0.55957031 0.00000000
vt 0.61279297 0.54809570 0.00000000
vt 0.62329102 0.51904297 0.00000000
vt 0.61059570 0.50683594 0.00000000
vt 0.63818359 0.51245117 0.00000000
vt 0.63085938 0.54833984 0.00000000
vt 0.65161133 0.53295898 0.00000000
vt 0.65356445 0.51171875 0.00000000
vt 0.65429688 0.49462891 0.00000000
vt 0.67504883 0.50756836 0.00000000
vt 0.67138672 0.53027344 0.00000000
vt 0.65942383 0.54248047 0.00000000
vt 0.68017578 0.53906250 0.00000000
vt 0.63110352 0.56396484 0.00000000
vt 0.67626953 0.55175781 0.00000000
vt 0.61157227 0.57226562 0.00000000
vt 0.59692383 0.58178711 0.00000000
vt 0.61132812 0.58325195 0.00000000
vt 0.66503906 0.55493164 0.00000000
vt 0.64770508 0.55810547 0.00000000
vt 0.64501953 0.56811523 0.00000000
vt 0.59277344 0.59497070 0.00000000
vt 0.62084961 0.58129883 0.00000000
vt 0.59960938 0.59497070 0.00000000
vt 0.58251953 0.59545898 0.00000000
vt 0.57080078 0.60620117 0.00000000
vt 0.58666992 0.60302734 0.00000000
vt 0.60083008 0.62329102 0.00000000
vt 0.56640625 0.62255859 0.00000000
vt 0.57910156 0.61889648 0.00000000
vt 0.59399414 0.62890625 0.00000000
vt 0.58984375 0.64672852 0.00000000
vt 0.60400391 0.64013672 0.00000000
vt 0.61206055 0.64111328 0.00000000
vt 0.61376953 0.63403320 0.00000000
vt 0.62182617 0.65112305 0.00000000
vt 0.60742188 0.59814453 0.00000000
vt 0.61645508 0.62231445 0.00000000
vt 0.62158203 0.59252930 0.00000000
vt 0.62133789 0.63769531 0.00000000
vt 0.61938477 0.61865234 0.00000000
vt 0.63452148 0.61840820 0.00000000
vt 0.63012695 0.60375977 0.00000000
vt 0.62841797 0.58715820 0.00000000
vt 0.63989258 0.61328125 0.00000000
vt 0.63256836 0.58569336 0.00000000
vt 0.63525391 0.64697266 0.00000000
vt 0.62866211 0.64599609 0.00000000
vt 0.62939453 0.65625000 0.00000000
vt 0.63232422 0.66333008 0.00000000
vt 0.64111328 0.66552734 0.00000000
vt 0.62695312 0.67382812 0.00000000
vt 0.62011719 0.66186523 0.00000000
vt 0.63037109 0.68627930 0.00000000
vt 0.60424805 0.65673828 0.00000000
vt 0.61987305 0.67211914 0.00000000
vt 0.60668945 0.66650391 0.00000000
vt 0.58496094 0.64916992 0.00000000
vt 0.60327148 0.67407227 0.00000000
vt 0.57250977 0.63916016 0.00000000
vt 0.57983398 0.65551758 0.00000000
vt 0.56274414 0.62866211 0.00000000
vt 0.56860352 0.64672852 0.00000000
vt 0.55468750 0.63085938 0.00000000
vt 0.54443359 0.64477539 0.00000000
vt 0.56445312 0.65307617 0.00000000
vt 0.56762695 0.66162109 0.00000000
vt 0.56933594 0.66796875 0.00000000
vt 0.57714844 0.66625977 0.00000000
vt 0.58300781 0.67407227 0.00000000
vt 0.59912109 0.69335938 0.00000000
vt 0.61694336 0.68798828 0.00000000
vt 0.61572266 0.69653320 0.00000000
vt 0.62402344 0.70263672 0.00000000
vt 0.61914062 0.70336914 0.00000000
vt 0.62207031 0.70825195 0.00000000
vt 0.64184570 0.70434570 0.00000000
vt 0.64990234 0.72216797 0.00000000
vt 0.62695312 0.71728516 0.00000000
vt 0.64526367 0.71020508 0.00000000
vt 0.64746094 0.70410156 0.00000000
vt 0.65502930 0.71459961 0.00000000
vt 0.66528320 0.72363281 0.00000000
vt 0.65332031 0.70776367 0.00000000
vt 0.65649414 0.70776367 0.00000000
vt 0.64843750 0.69921875 0.00000000
vt 0.65405273 0.68066406 0.00000000
vt 0.66845703 0.71118164 0.00000000
vt 0.64648438 0.66259766 0.00000000
vt 0.66552734 0.67993164 0.00000000
vt 0.64306641 0.64379883 0.00000000
vt 0.66259766 0.66723633 0.00000000
vt 0.67163086 0.68017578 0.00000000
vt 0.64184570 0.61938477 0.00000000
vt 0.66577148 0.63549805 0.00000000
vt 0.67871094 0.65087891 0.00000000
vt 0.68994141 0.69921875 0.00000000
vt 0.69580078 0.70776367 0.00000000
vt 0.68237305 0.73925781 0.00000000
vt 0.67114258 0.74829102 0.00000000
vt 0.68334961 0.75146484 0.00000000
vt 0.69409180 0.73706055 0.00000000
vt 0.68652344 0.67114258 0.00000000
vt 0.69921875 0.66455078 0.00000000
vt 0.69335938 0.64135742 0.00000000
vt 0.67871094 0.64062500 0.00000000
vt 0.68579102 0.62548828 0.00000000
vt 0.69921875 0.62304688 0.00000000
vt 0.69750977 0.59594727 0.00000000
vt 0.67871094 0.62377930 0.00000000
vt 0.69165039 0.59008789 0.00000000
vt 0.68823242 0.57690430 0.00000000
vt 0.68701172 0.58959961 0.00000000
vt 0.67675781 0.59106445 0.00000000
vt 0.65551758 0.60327148 0.00000000
vt 0.69506836 0.56909180 0.00000000
vt 0.68554688 0.56103516 0.00000000
vt 0.68066406 0.56640625 0.00000000
vt 0.67773438 0.57373047 0.00000000
vt 0.67114258 0.56201172 0.00000000
vt 0.67529297 0.57763672 0.00000000
vt 0.66918945 0.56860352 0.00000000
vt 0.65844727 0.57055664 0.00000000
vt 0.66845703 0.57714844 0.00000000
vt 0.67114258 0.59057617 0.00000000
vt 0.67089844 0.59863281 0.00000000
vt 0.66674805 0.58471680 0.00000000
vt 0.66455078 0.58959961 0.00000000
vt 0.65136719 0.56250000 0.00000000
vt 0.65209961 0.57495117 0.00000000
vt 0.65502930 0.59008789 0.00000000
vt 0.64916992 0.57763672 0.00000000
vt 0.64453125 0.58471680 0.00000000
vt 0.65039062 0.59057617 0.00000000
vt 0.65185547 0.60180664 0.00000000
vt 0.63940430 0.59155273 0.00000000
vt 0.65087891 0.61547852 0.00000000
vt 0.40625000 0.74633789 0.00000000
vt 0.38745117 0.74096680 0.00000000
vt 0.41381836 0.74121094 0.00000000
vt 0.41674805 0.72875977 0.00000000
vt 0.42578125 0.75292969 0.00000000
vt 0.42578125 0.73535156 0.00000000
vt 0.42822266 0.74267578 0.00000000
vt 0.42675781 0.72509766 0.00000000
vt 0.41162109 0.68212891 0.00000000
vt 0.41577148 0.76660156 0.00000000
vt 0.39208984 0.75634766 0.00000000
vt 0.43334961 0.73339844 0.00000000
vt 0.43579102 0.67944336 0.00000000
vt 0.44287109 0.65600586 0.00000000
vt 0.44360352 0.69653320 0.00000000
vt 0.40649414 0.77124023 0.00000000
vt 0.39477539 0.77490234 0.00000000
vt 0.43066406 0.77050781 0.00000000
vt 0.40649414 0.78125000 0.00000000
vt 0.38525391 0.79663086 0.00000000
vt 0.41918945 0.78076172 0.00000000
vt 0.40917969 0.80126953 0.00000000
vt 0.39697266 0.80688477 0.00000000
vt 0.41381836 0.81274414 0.00000000
vt 0.43945312 0.80419922 0.00000000
vt 0.44213867 0.82250977 0.00000000
vt 0.46850586 0.81201172 0.00000000
vt 0.43579102 0.78466797 0.00000000
vt 0.45190430 0.78735352 0.00000000
vt 0.46435547 0.78784180 0.00000000
vt 0.45214844 0.77734375 0.00000000
vt 0.48901367 0.79541016 0.00000000
vt 0.49780273 0.81640625 0.00000000
vt 0.47778320 0.83129883 0.00000000
vt 0.48486328 0.78149414 0.00000000
vt 0.50439453 0.79028320 0.00000000
vt 0.52246094 0.78955078 0.00000000
vt 0.52001953 0.82934570 0.00000000
vt 0.54345703 0.81250000 0.00000000
vt 0.50488281 0.78076172 0.00000000
vt 0.53784180 0.79052734 0.00000000
vt 0.55371094 0.78662109 0.00000000
vt 0.55981445 0.82788086 0.00000000
vt 0.53564453 0.77636719 0.00000000
vt 0.56201172 0.77172852 0.00000000
vt 0.53100586 0.76367188 0.00000000
vt 0.54736328 0.75830078 0.00000000
vt 0.50024414 0.76708984 0.00000000
vt 0.54223633 0.74536133 0.00000000
vt 0.52221680 0.75781250 0.00000000
vt 0.53027344 0.74975586 0.00000000
vt 0.48681641 0.75634766 0.00000000
vt 0.47753906 0.76513672 0.00000000
vt 0.46289062 0.76391602 0.00000000
vt 0.46997070 0.75512695 0.00000000
vt 0.47924805 0.74365234 0.00000000
vt 0.45361328 0.75292969 0.00000000
vt 0.45141602 0.76123047 0.00000000
vt 0.43823242 0.75708008 0.00000000
vt 0.43945312 0.74902344 0.00000000
vt 0.44970703 0.74511719 0.00000000
vt 0.43237305 0.75463867 0.00000000
vt 0.43798828 0.73681641 0.00000000
vt 0.44262695 0.71044922 0.00000000
vt 0.45288086 0.72705078 0.00000000
vt 0.46069336 0.70092773 0.00000000
vt 0.44482422 0.70385742 0.00000000
vt 0.44873047 0.69555664 0.00000000
vt 0.44848633 0.68652344 0.00000000
vt 0.45068359 0.68017578 0.00000000
vt 0.45483398 0.67993164 0.00000000
vt 0.45703125 0.66430664 0.00000000
vt 0.46044922 0.68457031 0.00000000
vt 0.45190430 0.65576172 0.00000000
vt 0.44970703 0.63500977 0.00000000
vt 0.46948242 0.63525391 0.00000000
vt 0.46704102 0.62207031 0.00000000
vt 0.46191406 0.66430664 0.00000000
vt 0.46752930 0.67871094 0.00000000
vt 0.49047852 0.64038086 0.00000000
vt 0.48388672 0.66259766 0.00000000
vt 0.46557617 0.68627930 0.00000000
vt 0.46850586 0.68701172 0.00000000
vt 0.46435547 0.69262695 0.00000000
vt 0.48706055 0.69506836 0.00000000
vt 0.46411133 0.70458984 0.00000000
vt 0.47338867 0.72094727 0.00000000
vt 0.50512695 0.72656250 0.00000000
vt 0.52197266 0.73754883 0.00000000
vt 0.52734375 0.72265625 0.00000000
vt 0.53808594 0.73291016 0.00000000
vt 0.52490234 0.68579102 0.00000000
vt 0.51635742 0.68017578 0.00000000
vt 0.53784180 0.69042969 0.00000000
vt 0.54833984 0.73535156 0.00000000
vt 0.55053711 0.73681641 0.00000000
vt 0.55249023 0.71997070 0.00000000
vt 0.52685547 0.68310547 0.00000000
vt 0.52270508 0.66992188 0.00000000
vt 0.52587891 0.66113281 0.00000000
vt 0.54370117 0.68530273 0.00000000
vt 0.51489258 0.64599609 0.00000000
vt 0.53320312 0.65356445 0.00000000
vt 0.51879883 0.63452148 0.00000000
vt 0.50610352 0.65502930 0.00000000
vt 0.50805664 0.63549805 0.00000000
vt 0.51367188 0.61621094 0.00000000
vt 0.49780273 0.61962891 0.00000000
vt 0.47827148 0.60546875 0.00000000
vt 0.47045898 0.58691406 0.00000000
vt 0.48730469 0.59960938 0.00000000
vt 0.47973633 0.59179688 0.00000000
vt 0.49243164 0.58032227 0.00000000
vt 0.48803711 0.57226562 0.00000000
vt 0.49536133 0.56811523 0.00000000
vt 0.49926758 0.56933594 0.00000000
vt 0.50048828 0.57739258 0.00000000
vt 0.85693359 0.02246094 0.00000000
vt 0.85351562 0.02246094 0.00000000
vt 0.84741211 0.01538086 0.00000000
vt 0.85595703 0.02954102 0.00000000
vt 0.84033203 0.01464844 0.00000000
vt 0.84179688 0.00439453 0.00000000
vt 0.87207031 0.03369141 0.00000000
vt 0.89575195 0.02954102 0.00000000
vt 0.88012695 0.00292969 0.00000000
vt 0.84399414 0.03320312 0.00000000
vt 0.83349609 0.01025391 0.00000000
vt 0.82421875 0.01831055 0.00000000
vt 0.84277344 0.04541016 0.00000000
vt 0.89233398 0.06616211 0.00000000
vt 0.86914062 0.06591797 0.00000000
vt 0.85449219 0.06054688 0.00000000
vt 0.85302734 0.06445312 0.00000000
vt 0.84838867 0.06225586 0.00000000
vt 0.84350586 0.05200195 0.00000000
vt 0.84228516 0.05395508 0.00000000
vt 0.85498047 0.07641602 0.00000000
vt 0.86230469 0.08764648 0.00000000
vt 0.86352539 0.09863281 0.00000000
vt 0.85278320 0.10791016 0.00000000
vt 0.86645508 0.10009766 0.00000000
vt 0.87719727 0.12768555 0.00000000
vt 0.85864258 0.12548828 0.00000000
vt 0.87695312 0.09912109 0.00000000
vt 0.87695312 0.15014648 0.00000000
vt 0.89233398 0.13867188 0.00000000
vt 0.90258789 0.09472656 0.00000000
vt 0.88403320 0.15747070 0.00000000
vt 0.87548828 0.16943359 0.00000000
vt 0.90209961 0.11401367 0.00000000
vt 0.88671875 0.16381836 0.00000000
vt 0.87963867 0.19238281 0.00000000
vt 0.90112305 0.18603516 0.00000000
vt 0.90795898 0.17993164 0.00000000
vt 0.91210938 0.16210938 0.00000000
vt 0.89697266 0.15380859 0.00000000
vt 0.91333008 0.13745117 0.00000000
vt 0.93383789 0.14013672 0.00000000
vt 0.93823242 0.12060547 0.00000000
vt 0.94531250 0.09545898 0.00000000
vt 0.95825195 0.09106445 0.00000000
vt 0.95190430 0.08959961 0.00000000
vt 0.93334961 0.08862305 0.00000000
vt 0.92651367 0.08422852 0.00000000
vt 0.95581055 0.06201172 0.00000000
vt 0.96118164 0.08203125 0.00000000
vt 0.94189453 0.06713867 0.00000000
vt 0.92016602 0.07373047 0.00000000
vt 0.96948242 0.07788086 0.00000000
vt 0.97216797 0.05566406 0.00000000
vt 0.90820312 0.07202148 0.00000000
vt 0.90673828 0.04931641 0.00000000
vt 0.92431641 0.01611328 0.00000000
vt 0.93774414 0.04541016 0.00000000
vt 0.94067383 0.03198242 0.00000000
vt 0.94799805 0.00952148 0.00000000
vt 0.95043945 0.01708984 0.00000000
vt 0.94848633 0.02856445 0.00000000
vt 0.96118164 0.00830078 0.00000000
vt 0.94409180 0.03222656 0.00000000
vt 0.95581055 0.03173828 0.00000000
vt 0.94384766 0.04248047 0.00000000
vt 0.94824219 0.04443359 0.00000000
vt 0.97583008 0.02514648 0.00000000
vt 0.98413086 0.01391602 0.00000000
vt 0.93945312 0.04760742 0.00000000
vt 0.93676758 0.05737305 0.00000000
vt 0.94653320 0.05200195 0.00000000
vt 0.94897461 0.05419922 0.00000000
vt 0.95385742 0.05322266 0.00000000
vt 0.95751953 0.04541016 0.00000000
vt 0.99072266 0.03784180 0.00000000
vt 1.00000000 0.02270508 0.00000000
vt 0.01220703 0.81762695 0.00000000
vt 0.00390625 0.78100586 0.00000000
vt 0.02490234 0.78686523 0.00000000
vt 0.03759766 0.80737305 0.00000000
vt 0.01538086 0.83251953 0.00000000
vt 0.00561523 0.83569336 0.00000000
vt 0.01611328 0.86938477 0.00000000
vt 0.00000000 0.86621094 0.00000000
vt 0.00512695 0.88330078 0.00000000
vt 0.02392578 0.89599609 0.00000000
vt 0.01269531 0.90478516 0.00000000
vt 0.02441406 0.85961914 0.00000000
vt 0.04077148 0.82226562 0.00000000
vt 0.06250000 0.80590820 0.00000000
vt 0.05639648 0.77905273 0.00000000
vt 0.04077148 0.85083008 0.00000000
vt 0.05761719 0.82421875 0.00000000
vt 0.08154297 0.80981445 0.00000000
vt 0.04516602 0.85668945 0.00000000
vt 0.03222656 0.88525391 0.00000000
vt 0.07226562 0.82690430 0.00000000
vt 0.08935547 0.83911133 0.00000000
vt 0.05151367 0.86059570 0.00000000
vt 0.06713867 0.83813477 0.00000000
vt 0.10156250 0.81420898 0.00000000
vt 0.07348633 0.86962891 0.00000000
vt 0.05078125 0.89404297 0.00000000
vt 0.11450195 0.83886719 0.00000000
vt 0.11914062 0.81616211 0.00000000
vt 0.14135742 0.81933594 0.00000000
vt 0.11254883 0.85083008 0.00000000
vt 0.08935547 0.87695312 0.00000000
vt 0.09155273 0.88403320 0.00000000
vt 0.08911133 0.88403320 0.00000000
vt 0.08544922 0.88940430 0.00000000
vt 0.07739258 0.89477539 0.00000000
vt 0.08178711 0.89477539 0.00000000
vt 0.07446289 0.89868164 0.00000000
vt 0.07763672 0.90283203 0.00000000
vt 0.07470703 0.90795898 0.00000000
vt 0.06860352 0.91210938 0.00000000
vt 0.06225586 0.91259766 0.00000000
vt 0.04467773 0.92553711 0.00000000
vt 0.03906250 0.91040039 0.00000000
vt 0.03027344 0.92480469 0.00000000
vt 0.03613281 0.94580078 0.00000000
vt 0.00073242 0.92724609 0.00000000
vt 0.02539062 0.95288086 0.00000000
vt 0.00219727 0.94189453 0.00000000
vt 0.00219727 0.96777344 0.00000000
vt 0.68969727 0.96533203 0.00000000
vt 0.68041992 0.98779297 0.00000000
vt 0.68188477 0.95605469 0.00000000
vt 0.70190430 0.95385742 0.00000000
vt 0.69750977 0.98413086 0.00000000
vt 0.74829102 0.96752930 0.00000000
vt 0.74658203 0.93725586 0.00000000
vt 0.68554688 0.92138672 0.00000000
vt 0.65356445 0.94409180 0.00000000
vt 0.64721680 0.98486328 0.00000000
vt 0.66357422 0.91235352 0.00000000
vt 0.67700195 0.90136719 0.00000000
vt 0.68164062 0.89038086 0.00000000
vt 0.65478516 0.87548828 0.00000000
vt 0.64306641 0.88427734 0.00000000
vt 0.64697266 0.86279297 0.00000000
vt 0.60693359 0.74926758 0.00000000
vt 0.62548828 0.72412109 0.00000000
vt 0.63061523 0.75122070 0.00000000
vt 0.62060547 0.77416992 0.00000000
vt 0.59667969 0.79711914 0.00000000
vt 0.60131836 0.74536133 0.00000000
vt 0.58349609 0.77929688 0.00000000
vt 0.58471680 0.82080078 0.00000000
vt 0.60620117 0.71875000 0.00000000
vt 0.56665039 0.80517578 0.00000000
vt 0.57275391 0.78955078 0.00000000
vt 0.58813477 0.73608398 0.00000000
vt 0.58764648 0.71240234 0.00000000
vt 0.59228516 0.75292969 0.00000000
vt 0.57885742 0.78100586 0.00000000
vt 0.58569336 0.76635742 0.00000000
vt 0.58300781 0.76416016 0.00000000
vt 0.57104492 0.78198242 0.00000000
vt 0.57617188 0.76855469 0.00000000
vt 0.56835938 0.77514648 0.00000000
vt 0.57788086 0.75878906 0.00000000
vt 0.57519531 0.75732422 0.00000000
vt 0.56958008 0.76000977 0.00000000
vt 0.57934570 0.73681641 0.00000000
vt 0.56640625 0.75634766 0.00000000
vt 0.56762695 0.72900391 0.00000000
vt 0.91162109 0.69897461 0.00000000
vt 0.93310547 0.69702148 0.00000000
vt 0.93481445 0.70190430 0.00000000
vt 0.90991211 0.70971680 0.00000000
vt 0.95019531 0.70239258 0.00000000
vt 0.97119141 0.68554688 0.00000000
vt 0.97216797 0.69262695 0.00000000
vt 0.96484375 0.72070312 0.00000000
vt 0.98071289 0.69189453 0.00000000
vt 0.99072266 0.70996094 0.00000000
vt 0.98120117 0.71630859 0.00000000
vt 0.94140625 0.71264648 0.00000000
vt 0.93579102 0.71337891 0.00000000
vt 0.94213867 0.72241211 0.00000000
vt 0.93115234 0.73144531 0.00000000
vt 0.94653320 0.74243164 0.00000000
vt 0.98242188 0.72900391 0.00000000
vt 0.94116211 0.75268555 0.00000000
vt 0.92651367 0.74682617 0.00000000
vt 0.92309570 0.76464844 0.00000000
vt 0.91406250 0.79296875 0.00000000
vt 0.95434570 0.76269531 0.00000000
vt 0.94067383 0.78906250 0.00000000
vt 0.91015625 0.76440430 0.00000000
vt 0.91796875 0.74511719 0.00000000
vt 0.90478516 0.76025391 0.00000000
vt 0.90625000 0.78198242 0.00000000
vt 0.90112305 0.75292969 0.00000000
vt 0.88769531 0.77294922 0.00000000
vt 0.89062500 0.75268555 0.00000000
vt 0.91455078 0.73901367 0.00000000
vt 0.92065430 0.72558594 0.00000000
vt 0.89941406 0.73583984 0.00000000
vt 0.91137695 0.72119141 0.00000000
vt 0.88867188 0.73950195 0.00000000
vt 0.88061523 0.77832031 0.00000000
vt 0.88061523 0.72436523 0.00000000
vt 0.86791992 0.73144531 0.00000000
vt 0.86132812 0.74121094 0.00000000
vt 0.85400391 0.72290039 0.00000000
vt 0.88623047 0.71435547 0.00000000
vt 0.86474609 0.71582031 0.00000000
vt 0.88891602 0.70361328 0.00000000
vt 0.85180664 0.70678711 0.00000000
vt 0.88159180 0.69726562 0.00000000
vt 0.82324219 0.70507812 0.00000000
vt 0.82250977 0.69384766 0.00000000
vt 0.82397461 0.68750000 0.00000000
vt 0.85180664 0.69580078 0.00000000
vt 0.80615234 0.68115234 0.00000000
vt 0.49023438 0.15649414 0.00000000
vt 0.49926758 0.18139648 0.00000000
vt 0.48461914 0.16699219 0.00000000
vt 0.50439453 0.18188477 0.00000000
vt 0.49340820 0.20385742 0.00000000
vt 0.49975586 0.15283203 0.00000000
vt 0.50830078 0.16577148 0.00000000
vt 0.52368164 0.19482422 0.00000000
vt 0.48730469 0.13964844 0.00000000
vt 0.47558594 0.14721680 0.00000000
vt 0.50683594 0.15039062 0.00000000
vt 0.48339844 0.12963867 0.00000000
vt 0.46362305 0.14086914 0.00000000
vt 0.46313477 0.12402344 0.00000000
vt 0.51025391 0.14648438 0.00000000
vt 0.50341797 0.12524414 0.00000000
vt 0.51391602 0.16284180 0.00000000
vt 0.50317383 0.11621094 0.00000000
vt 0.51806641 0.16284180 0.00000000
vt 0.52587891 0.17822266 0.00000000
vt 0.54003906 0.20898438 0.00000000
vt 0.54565430 0.17651367 0.00000000
vt 0.51513672 0.15185547 0.00000000
vt 0.51660156 0.15136719 0.00000000
vt 0.51000977 0.13159180 0.00000000
vt 0.51953125 0.14526367 0.00000000
vt 0.52929688 0.15429688 0.00000000
vt 0.51611328 0.13305664 0.00000000
vt 0.50854492 0.12182617 0.00000000
vt 0.52319336 0.13647461 0.00000000
vt 0.52075195 0.12524414 0.00000000
vt 0.51416016 0.11108398 0.00000000
vt 0.50195312 0.09838867 0.00000000
vt 0.53198242 0.14770508 0.00000000
vt 0.52148438 0.11889648 0.00000000
vt 0.52929688 0.13427734 0.00000000
vt 0.53857422 0.15405273 0.00000000
vt 0.54345703 0.14965820 0.00000000
vt 0.54760742 0.16088867 0.00000000
vt 0.58105469 0.17163086 0.00000000
vt 0.56542969 0.19018555 0.00000000
vt 0.53100586 0.12963867 0.00000000
vt 0.57421875 0.15820312 0.00000000
vt 0.54663086 0.15112305 0.00000000
vt 0.53564453 0.13378906 0.00000000
vt 0.52905273 0.12158203 0.00000000
vt 0.55639648 0.12963867 0.00000000
vt 0.55273438 0.11181641 0.00000000
vt 0.54931641 0.10107422 0.00000000
vt 0.56420898 0.13330078 0.00000000
vt 0.58911133 0.15332031 0.00000000
vt 0.55761719 0.11132812 0.00000000
vt 0.57836914 0.13476562 0.00000000
vt 0.61010742 0.16992188 0.00000000
vt 0.56713867 0.10278320 0.00000000
vt 0.55810547 0.10278320 0.00000000
vt 0.55566406 0.09497070 0.00000000
vt 0.54956055 0.09057617 0.00000000
vt 0.55834961 0.08911133 0.00000000
vt 0.53369141 0.09985352 0.00000000
vt 0.54125977 0.07910156 0.00000000
vt 0.52075195 0.08544922 0.00000000
vt 0.56079102 0.06762695 0.00000000
vt 0.53808594 0.07055664 0.00000000
vt 0.49560547 0.07910156 0.00000000
vt 0.52172852 0.06762695 0.00000000
vt 0.55004883 0.05566406 0.00000000
vt 0.50317383 0.05249023 0.00000000
vt 0.47534180 0.10107422 0.00000000
vt 0.51855469 0.04833984 0.00000000
vt 0.54321289 0.03588867 0.00000000
vt 0.53515625 0.01464844 0.00000000
vt 0.50415039 0.00292969 0.00000000
vt 0.47949219 0.01220703 0.00000000
vt 0.56518555 0.02441406 0.00000000
vt 0.56469727 0.00244141 0.00000000
vt 0.59765625 0.00952148 0.00000000
vt 0.48754883 0.06030273 0.00000000
vt 0.57177734 0.02709961 0.00000000
vt 0.46484375 0.02392578 0.00000000
vt 0.45800781 0.01025391 0.00000000
vt 0.47070312 0.06982422 0.00000000
vt 0.44042969 0.03393555 0.00000000
vt 0.42822266 0.02270508 0.00000000
vt 0.42211914 0.04296875 0.00000000
vt 0.45190430 0.08837891 0.00000000
vt 0.45190430 0.11767578 0.00000000
vt 0.48120117 0.11254883 0.00000000
vt 0.82934570 0.47241211 0.00000000
vt 0.82470703 0.46459961 0.00000000
vt 0.85864258 0.46850586 0.00000000
vt 0.86279297 0.47998047 0.00000000
vt 0.82934570 0.51074219 0.00000000
vt 0.80639648 0.49072266 0.00000000
vt 0.79614258 0.47412109 0.00000000
vt 0.78906250 0.48095703 0.00000000
vt 0.88647461 0.49096680 0.00000000
vt 0.88623047 0.47021484 0.00000000
vt 0.86328125 0.45800781 0.00000000
vt 0.90673828 0.45556641 0.00000000
vt 0.86303711 0.51538086 0.00000000
vt 0.91113281 0.46337891 0.00000000
vt 0.87353516 0.53491211 0.00000000
vt 0.86108398 0.53637695 0.00000000
vt 0.88183594 0.52880859 0.00000000
vt 0.88720703 0.55175781 0.00000000
vt 0.91113281 0.47827148 0.00000000
vt 0.90063477 0.51928711 0.00000000
vt 0.91015625 0.55078125 0.00000000
vt 0.91064453 0.56884766 0.00000000
vt 0.92871094 0.56396484 0.00000000
vt 0.92480469 0.54101562 0.00000000
vt 0.91894531 0.51318359 0.00000000
vt 0.93969727 0.53906250 0.00000000
vt 0.95581055 0.51293945 0.00000000
vt 0.94311523 0.48217773 0.00000000
vt 0.93188477 0.46655273 0.00000000
vt 0.96191406 0.47680664 0.00000000
vt 0.96044922 0.43164062 0.00000000
vt 0.91992188 0.44824219 0.00000000
vt 0.97045898 0.41674805 0.00000000
vt 0.94189453 0.41821289 0.00000000
vt 0.91967773 0.43286133 0.00000000
vt 0.12280273 0.28393555 0.00000000
vt 0.11718750 0.27368164 0.00000000
vt 0.13305664 0.25463867 0.00000000
vt 0.12280273 0.25585938 0.00000000
vt 0.10498047 0.25317383 0.00000000
vt 0.11108398 0.24096680 0.00000000
vt 0.14038086 0.25830078 0.00000000
vt 0.13232422 0.28540039 0.00000000
vt 0.14965820 0.24877930 0.00000000
vt 0.15063477 0.27343750 0.00000000
vt 0.13916016 0.24340820 0.00000000
vt 0.16333008 0.24487305 0.00000000
vt 0.12744141 0.24389648 0.00000000
vt 0.13940430 0.23754883 0.00000000
vt 0.15380859 0.23657227 0.00000000
vt 0.17114258 0.21997070 0.00000000
vt 0.17968750 0.23217773 0.00000000
vt 0.18896484 0.21166992 0.00000000
vt 0.12280273 0.23168945 0.00000000
vt 0.14184570 0.23193359 0.00000000
vt 0.15722656 0.22534180 0.00000000
vt 0.17700195 0.19091797 0.00000000
vt 0.11547852 0.21704102 0.00000000
vt 0.07763672 0.21655273 0.00000000
vt 0.13427734 0.22314453 0.00000000
vt 0.14550781 0.22119141 0.00000000
vt 0.16088867 0.20581055 0.00000000
vt 0.14624023 0.21093750 0.00000000
vt 0.12988281 0.20751953 0.00000000
vt 0.11865234 0.19189453 0.00000000
vt 0.07421875 0.19848633 0.00000000
vt 0.09765625 0.18872070 0.00000000
vt 0.14868164 0.19995117 0.00000000
vt 0.13623047 0.19824219 0.00000000
vt 0.14819336 0.19018555 0.00000000
vt 0.09887695 0.17993164 0.00000000
vt 0.05468750 0.18188477 0.00000000
vt 0.10302734 0.17138672 0.00000000
vt 0.13110352 0.17382812 0.00000000
vt 0.16406250 0.18969727 0.00000000
vt 0.14770508 0.16943359 0.00000000
vt 0.12915039 0.16113281 0.00000000
vt 0.15795898 0.16894531 0.00000000
vt 0.15576172 0.15209961 0.00000000
vt 0.16674805 0.16772461 0.00000000
vt 0.14526367 0.15991211 0.00000000
vt 0.14208984 0.15234375 0.00000000
vt 0.16455078 0.15209961 0.00000000
vt 0.17504883 0.14697266 0.00000000
vt 0.15966797 0.13452148 0.00000000
vt 0.14868164 0.13623047 0.00000000
vt 0.12329102 0.14599609 0.00000000
vt 0.10156250 0.16137695 0.00000000
vt 0.08740234 0.16528320 0.00000000
vt 0.06250000 0.17187500 0.00000000
vt 0.11279297 0.14624023 0.00000000
vt 0.13208008 0.13525391 0.00000000
vt 0.10034180 0.14599609 0.00000000
vt 0.05468750 0.15844727 0.00000000
vt 0.07812500 0.14721680 0.00000000
vt 0.08398438 0.13916016 0.00000000
vt 0.05346680 0.15014648 0.00000000
vt 0.10839844 0.12133789 0.00000000
vt 0.13696289 0.12451172 0.00000000
vt 0.09155273 0.12426758 0.00000000
vt 0.05175781 0.10986328 0.00000000
vt 0.08569336 0.10546875 0.00000000
vt 0.05346680 0.10571289 0.00000000
vt 0.11083984 0.09082031 0.00000000
vt 0.08081055 0.09716797 0.00000000
vt 0.12207031 0.11206055 0.00000000
vt 0.14404297 0.10693359 0.00000000
vt 0.15039062 0.11914062 0.00000000
vt 0.15356445 0.10351562 0.00000000
vt 0.13378906 0.10717773 0.00000000
vt 0.12817383 0.09594727 0.00000000
vt 0.13305664 0.08569336 0.00000000
vt 0.14453125 0.09423828 0.00000000
vt 0.15600586 0.08813477 0.00000000
vt 0.15673828 0.08081055 0.00000000
vt 0.16625977 0.07861328 0.00000000
vt 0.16674805 0.08789062 0.00000000
vt 0.15478516 0.09350586 0.00000000
vt 0.16284180 0.09887695 0.00000000
vt 0.15966797 0.11230469 0.00000000
vt 0.17041016 0.09863281 0.00000000
vt 0.16845703 0.11816406 0.00000000
vt 0.18481445 0.07275391 0.00000000
vt 0.15771484 0.12280273 0.00000000
vt 0.17138672 0.13452148 0.00000000
vt 0.17211914 0.11450195 0.00000000
vt 0.18701172 0.09399414 0.00000000
vt 0.19335938 0.09301758 0.00000000
vt 0.21533203 0.09692383 0.00000000
vt 0.18798828 0.10400391 0.00000000
vt 0.21166992 0.10937500 0.00000000
vt 0.19946289 0.10522461 0.00000000
vt 0.19824219 0.11206055 0.00000000
vt 0.20727539 0.11499023 0.00000000
vt 0.21801758 0.11059570 0.00000000
vt 0.23535156 0.10009766 0.00000000
vt 0.21044922 0.11938477 0.00000000
vt 0.22778320 0.11962891 0.00000000
vt 0.24584961 0.10400391 0.00000000
vt 0.20556641 0.12524414 0.00000000
vt 0.19750977 0.12133789 0.00000000
vt 0.19726562 0.13085938 0.00000000
vt 0.26635742 0.10961914 0.00000000
vt 0.26733398 0.11914062 0.00000000
vt 0.24414062 0.12158203 0.00000000
vt 0.24511719 0.14184570 0.00000000
vt 0.20751953 0.13134766 0.00000000
vt 0.22314453 0.14184570 0.00000000
vt 0.22192383 0.16455078 0.00000000
vt 0.20239258 0.13916016 0.00000000
vt 0.19482422 0.14306641 0.00000000
vt 0.20166016 0.15869141 0.00000000
vt 0.20092773 0.14575195 0.00000000
vt 0.21411133 0.19360352 0.00000000
vt 0.19238281 0.15429688 0.00000000
vt 0.18896484 0.16259766 0.00000000
vt 0.19238281 0.18115234 0.00000000
vt 0.76440430 0.62207031 0.00000000
vt 0.75366211 0.63159180 0.00000000
vt 0.75415039 0.62280273 0.00000000
vt 0.76074219 0.61962891 0.00000000
vt 0.76293945 0.61499023 0.00000000
vt 0.75805664 0.63085938 0.00000000
vt 0.75976562 0.63403320 0.00000000
vt 0.75073242 0.65136719 0.00000000
vt 0.77050781 0.61279297 0.00000000
vt 0.76684570 0.60913086 0.00000000
vt 0.76708984 0.60180664 0.00000000
vt 0.77124023 0.60278320 0.00000000
vt 0.76953125 0.59619141 0.00000000
vt 0.77368164 0.59448242 0.00000000
vt 0.77954102 0.59741211 0.00000000
vt 0.77661133 0.59179688 0.00000000
vt 0.78125000 0.58740234 0.00000000
vt 0.78613281 0.62426758 0.00000000
vt 0.78710938 0.58544922 0.00000000
vt 0.78491211 0.58422852 0.00000000
vt 0.76904297 0.66162109 0.00000000
vt 0.81811523 0.59790039 0.00000000
vt 0.74926758 0.67480469 0.00000000
vt 0.73168945 0.65893555 0.00000000
vt 0.71289062 0.67626953 0.00000000
vt 0.77392578 0.67431641 0.00000000
vt 0.75073242 0.68212891 0.00000000
vt 0.80981445 0.63696289 0.00000000
vt 0.79833984 0.65258789 0.00000000
vt 0.79223633 0.66796875 0.00000000
vt 0.79394531 0.67895508 0.00000000
vt 0.81347656 0.65478516 0.00000000
vt 0.82006836 0.65966797 0.00000000
vt 0.82788086 0.67016602 0.00000000
vt 0.84521484 0.66064453 0.00000000
vt 0.83007812 0.63354492 0.00000000
vt 0.85156250 0.63842773 0.00000000
vt 0.86328125 0.64819336 0.00000000
vt 0.87768555 0.65722656 0.00000000
vt 0.87109375 0.67382812 0.00000000
vt 0.89501953 0.67041016 0.00000000
vt 0.91601562 0.65917969 0.00000000
vt 0.88476562 0.63867188 0.00000000
vt 0.88354492 0.61914062 0.00000000
vt 0.90039062 0.62182617 0.00000000
vt 0.85156250 0.62084961 0.00000000
vt 0.87451172 0.60522461 0.00000000
vt 0.84277344 0.61230469 0.00000000
vt 0.83227539 0.60083008 0.00000000
vt 0.87866211 0.58178711 0.00000000
vt 0.84765625 0.57006836 0.00000000
vt 0.83398438 0.57153320 0.00000000
vt 0.85620117 0.53247070 0.00000000
vt 0.83447266 0.52905273 0.00000000
vt 0.81713867 0.56396484 0.00000000
vt 0.80419922 0.55004883 0.00000000
vt 0.80322266 0.53808594 0.00000000
vt 0.82275391 0.51416016 0.00000000
vt 0.58715820 0.83056641 0.00000000
vt 0.57836914 0.83422852 0.00000000
vt 0.57836914 0.83056641 0.00000000
vt 0.59252930 0.82397461 0.00000000
vt 0.57812500 0.83959961 0.00000000
vt 0.55468750 0.83300781 0.00000000
vt 0.58959961 0.83276367 0.00000000
vt 0.53198242 0.84814453 0.00000000
vt 0.59692383 0.82177734 0.00000000
vt 0.56713867 0.85400391 0.00000000
vt 0.58496094 0.83813477 0.00000000
vt 0.58349609 0.84350586 0.00000000
vt 0.59228516 0.84375000 0.00000000
vt 0.58715820 0.84667969 0.00000000
vt 0.58715820 0.85278320 0.00000000
vt 0.55712891 0.87353516 0.00000000
vt 0.59545898 0.86108398 0.00000000
vt 0.59204102 0.85205078 0.00000000
vt 0.60595703 0.85815430 0.00000000
vt 0.60937500 0.87182617 0.00000000
vt 0.61401367 0.88500977 0.00000000
vt 0.61889648 0.87207031 0.00000000
vt 0.61450195 0.82299805 0.00000000
vt 0.60400391 0.81372070 0.00000000
vt 0.61962891 0.80468750 0.00000000
vt 0.59277344 0.35620117 0.00000000
vt 0.59692383 0.36645508 0.00000000
vt 0.58691406 0.38208008 0.00000000
vt 0.58691406 0.35131836 0.00000000
vt 0.60888672 0.33740234 0.00000000
vt 0.61181641 0.36450195 0.00000000
vt 0.59912109 0.39770508 0.00000000
vt 0.62084961 0.34448242 0.00000000
vt 0.57714844 0.35229492 0.00000000
vt 0.57446289 0.37036133 0.00000000
vt 0.58740234 0.33569336 0.00000000
vt 0.53637695 0.31909180 0.00000000
vt 0.59960938 0.32519531 0.00000000
vt 0.55517578 0.30957031 0.00000000
vt 0.53735352 0.30639648 0.00000000
vt 0.52465820 0.30957031 0.00000000
vt 0.49755859 0.28417969 0.00000000
vt 0.55590820 0.28662109 0.00000000
vt 0.58520508 0.31005859 0.00000000
vt 0.53393555 0.27783203 0.00000000
vt 0.50146484 0.26245117 0.00000000
vt 0.47729492 0.26342773 0.00000000
vt 0.56982422 0.27636719 0.00000000
vt 0.53027344 0.25878906 0.00000000
vt 0.49560547 0.23632812 0.00000000
vt 0.47338867 0.23022461 0.00000000
vt 0.53051758 0.23901367 0.00000000
vt 0.49096680 0.22167969 0.00000000
vt 0.51416016 0.22143555 0.00000000
vt 0.49487305 0.20922852 0.00000000
vt 0.51904297 0.21240234 0.00000000
vt 0.54467773 0.22949219 0.00000000
vt 0.56372070 0.25366211 0.00000000
vt 0.54394531 0.21777344 0.00000000
vt 0.51855469 0.20629883 0.00000000
vt 0.58129883 0.23999023 0.00000000
vt 0.57250977 0.26489258 0.00000000
vt 0.56689453 0.24975586 0.00000000
vt 0.57568359 0.26342773 0.00000000
vt 0.58740234 0.27099609 0.00000000
vt 0.57299805 0.25659180 0.00000000
vt 0.57543945 0.25415039 0.00000000
vt 0.59204102 0.26342773 0.00000000
vt 0.58447266 0.25708008 0.00000000
vt 0.58691406 0.25439453 0.00000000
vt 0.61181641 0.25317383 0.00000000
vt 0.61840820 0.28295898 0.00000000
vt 0.62841797 0.27563477 0.00000000
vt 0.61499023 0.29858398 0.00000000
vt 0.62475586 0.30175781 0.00000000
vt 0.60693359 0.30249023 0.00000000
vt 0.61450195 0.30834961 0.00000000
vt 0.61718750 0.32446289 0.00000000
vt 0.63476562 0.31787109 0.00000000
vt 0.63525391 0.29223633 0.00000000
vt 0.64672852 0.25195312 0.00000000
vt 0.63037109 0.26171875 0.00000000
vt 0.63183594 0.23486328 0.00000000
vt 0.64086914 0.22680664 0.00000000
vt 0.61181641 0.23120117 0.00000000
vt 0.58764648 0.23706055 0.00000000
vt 0.56713867 0.21752930 0.00000000
vt 0.55053711 0.20214844 0.00000000
vt 0.60375977 0.21142578 0.00000000
vt 0.57226562 0.20361328 0.00000000
vt 0.57763672 0.19946289 0.00000000
vt 0.60009766 0.19409180 0.00000000
vt 0.61914062 0.20068359 0.00000000
vt 0.64306641 0.21655273 0.00000000
vt 0.64843750 0.21752930 0.00000000
vt 0.66015625 0.19653320 0.00000000
vt 0.65576172 0.22314453 0.00000000
vt 0.66162109 0.20678711 0.00000000
vt 0.67065430 0.22021484 0.00000000
vt 0.67651367 0.19799805 0.00000000
vt 0.66430664 0.24121094 0.00000000
vt 0.68164062 0.20922852 0.00000000
vt 0.67871094 0.22314453 0.00000000
vt 0.69946289 0.21337891 0.00000000
vt 0.67846680 0.23364258 0.00000000
vt 0.69750977 0.22216797 0.00000000
vt 0.67089844 0.24682617 0.00000000
vt 0.69677734 0.26049805 0.00000000
vt 0.66357422 0.25488281 0.00000000
vt 0.68237305 0.27880859 0.00000000
vt 0.65405273 0.26562500 0.00000000
vt 0.65673828 0.26953125 0.00000000
vt 0.66699219 0.28393555 0.00000000
vt 0.64208984 0.29565430 0.00000000
vt 0.65087891 0.29785156 0.00000000
vt 0.67041016 0.30517578 0.00000000
vt 0.66235352 0.33886719 0.00000000
vt 0.63232422 0.34985352 0.00000000
vt 0.64892578 0.37573242 0.00000000
vt 0.67382812 0.35546875 0.00000000
vt 0.62573242 0.37158203 0.00000000
vt 0.61767578 0.38891602 0.00000000
vt 0.64306641 0.39672852 0.00000000
vt 0.66088867 0.38305664 0.00000000
vt 0.02612305 0.71997070 0.00000000
vt 0.01904297 0.70043945 0.00000000
vt 0.02539062 0.69189453 0.00000000
vt 0.00122070 0.71191406 0.00000000
vt 0.00927734 0.68652344 0.00000000
vt 0.00952148 0.71313477 0.00000000
vt 0.93432617 0.79736328 0.00000000
vt 0.93896484 0.81469727 0.00000000
vt 0.92358398 0.81469727 0.00000000
vt 0.94995117 0.82006836 0.00000000
vt 0.95068359 0.80297852 0.00000000
vt 0.94018555 0.82348633 0.00000000
vt 0.95922852 0.83618164 0.00000000
vt 0.95507812 0.84643555 0.00000000
vt 0.93530273 0.84570312 0.00000000
vt 0.92114258 0.83691406 0.00000000
vt 0.91235352 0.82275391 0.00000000
vt 0.89794922 0.84692383 0.00000000
vt 0.94848633 0.87500000 0.00000000
vt 0.95996094 0.86816406 0.00000000
vt 0.93408203 0.86401367 0.00000000
vt 0.96215820 0.89477539 0.00000000
vt 0.92211914 0.85498047 0.00000000
vt 0.92993164 0.88134766 0.00000000
vt 0.91796875 0.84423828 0.00000000
vt 0.90991211 0.85644531 0.00000000
vt 0.90258789 0.85180664 0.00000000
vt 0.88842773 0.85620117 0.00000000
vt 0.89819336 0.86694336 0.00000000
vt 0.86767578 0.87133789 0.00000000
vt 0.87011719 0.87890625 0.00000000
vt 0.90380859 0.88696289 0.00000000
vt 0.87377930 0.89746094 0.00000000
vt 0.84741211 0.89282227 0.00000000
vt 0.85375977 0.90917969 0.00000000
vt 0.86791992 0.91894531 0.00000000
vt 0.83618164 0.92822266 0.00000000
vt 0.91357422 0.89892578 0.00000000
vt 0.84716797 0.93774414 0.00000000
vt 0.93457031 0.91430664 0.00000000
vt 0.83056641 0.95092773 0.00000000
vt 0.87207031 0.94018555 0.00000000
vt 0.89428711 0.92187500 0.00000000
vt 0.90966797 0.93286133 0.00000000
vt 0.89379883 0.94335938 0.00000000
vt 0.94384766 0.91381836 0.00000000
vt 0.96166992 0.91186523 0.00000000
vt 0.91479492 0.93823242 0.00000000
vt 0.90917969 0.94897461 0.00000000
vt 0.91918945 0.94409180 0.00000000
vt 0.90014648 0.97119141 0.00000000
vt 0.86962891 0.95312500 0.00000000
vt 0.84375000 0.96875000 0.00000000
vt 0.86767578 0.97216797 0.00000000
vt 0.83471680 0.99487305 0.00000000
vt 0.87402344 0.99633789 0.00000000
vt 0.82983398 0.96875000 0.00000000
vt 0.82128906 0.97778320 0.00000000
vt 0.81567383 0.96484375 0.00000000
vt 0.79296875 0.97753906 0.00000000
vt 0.90869141 0.99145508 0.00000000
vt 0.92236328 0.95678711 0.00000000
vt 0.92675781 0.98095703 0.00000000
vt 0.92773438 0.93774414 0.00000000
vt 0.93017578 0.95410156 0.00000000
vt 0.93164062 0.97241211 0.00000000
vt 0.94262695 0.98364258 0.00000000
vt 0.93652344 0.99316406 0.00000000
vt 0.94262695 0.94384766 0.00000000
vt 0.94555664 0.92871094 0.00000000
vt 0.94970703 0.94604492 0.00000000
vt 0.95825195 0.92700195 0.00000000
vt 0.95166016 0.96533203 0.00000000
vt 0.95263672 0.98706055 0.00000000
vt 0.95361328 0.99511719 0.00000000
vt 0.97241211 0.90893555 0.00000000
vt 0.97167969 0.92822266 0.00000000
vt 0.96777344 0.94335938 0.00000000
vt 0.97558594 0.94433594 0.00000000
vt 0.96069336 0.94091797 0.00000000
vt 0.96313477 0.94726562 0.00000000
vt 0.95751953 0.95581055 0.00000000
vt 0.96459961 0.95898438 0.00000000
vt 0.96630859 0.95898438 0.00000000
vt 0.97265625 0.96142578 0.00000000
vt 0.97875977 0.97070312 0.00000000
vt 0.98193359 0.95825195 0.00000000
vt 0.96826172 0.96728516 0.00000000
vt 0.97509766 0.98999023 0.00000000
vt 0.97753906 0.99047852 0.00000000
vt 0.98046875 0.98193359 0.00000000
vt 0.98510742 0.99365234 0.00000000
vt 0.98339844 0.97802734 0.00000000
vt 0.98925781 0.97241211 0.00000000
vt 0.98974609 0.99438477 0.00000000
vt 0.97045898 0.98168945 0.00000000
vt 0.96997070 0.99609375 0.00000000
vt 0.96704102 0.97778320 0.00000000
vt 0.96850586 0.98730469 0.00000000
vt 0.96557617 0.98681641 0.00000000
vt 0.95898438 0.99169922 0.00000000
vt 0.96020508 0.96411133 0.00000000
vt 0.95605469 0.96191406 0.00000000
vt 0.95800781 0.97509766 0.00000000
vt 0.96191406 0.98071289 0.00000000
vt 0.95825195 0.98559570 0.00000000
vt 0.95996094 0.98095703 0.00000000
vt 0.21313477 0.03222656 0.00000000
vt 0.22045898 0.04370117 0.00000000
vt 0.19824219 0.05444336 0.00000000
vt 0.21093750 0.06713867 0.00000000
vt 0.23339844 0.03027344 0.00000000
vt 0.22167969 0.05664062 0.00000000
vt 0.23144531 0.07031250 0.00000000
vt 0.23461914 0.04418945 0.00000000
vt 0.26171875 0.03173828 0.00000000
vt 0.24536133 0.05761719 0.00000000
vt 0.26391602 0.04003906 0.00000000
vt 0.28320312 0.03002930 0.00000000
vt 0.27978516 0.01074219 0.00000000
vt 0.26513672 0.05810547 0.00000000
vt 0.24560547 0.07226562 0.00000000
vt 0.23535156 0.08129883 0.00000000
vt 0.25585938 0.09130859 0.00000000
vt 0.25830078 0.06787109 0.00000000
vt 0.25878906 0.07861328 0.00000000
vt 0.27758789 0.10913086 0.00000000
vt 0.27465820 0.09130859 0.00000000
vt 0.27563477 0.07446289 0.00000000
vt 0.27832031 0.08618164 0.00000000
vt 0.28515625 0.09838867 0.00000000
vt 0.28588867 0.09326172 0.00000000
vt 0.28540039 0.10400391 0.00000000
vt 0.28784180 0.12011719 0.00000000
vt 0.29858398 0.10327148 0.00000000
vt 0.30029297 0.09228516 0.00000000
vt 0.30615234 0.10058594 0.00000000
vt 0.30883789 0.11035156 0.00000000
vt 0.31103516 0.11962891 0.00000000
vt 0.30346680 0.12866211 0.00000000
vt 0.32153320 0.14062500 0.00000000
vt 0.32788086 0.12011719 0.00000000
vt 0.33032227 0.13671875 0.00000000
vt 0.33496094 0.15087891 0.00000000
vt 0.35034180 0.15795898 0.00000000
vt 0.37329102 0.14941406 0.00000000
vt 0.36694336 0.13964844 0.00000000
vt 0.32812500 0.12719727 0.00000000
vt 0.33764648 0.12622070 0.00000000
vt 0.36303711 0.12963867 0.00000000
vt 0.37988281 0.14282227 0.00000000
vt 0.37597656 0.12280273 0.00000000
vt 0.34082031 0.11840820 0.00000000
vt 0.35034180 0.11523438 0.00000000
vt 0.32934570 0.11206055 0.00000000
vt 0.33593750 0.10864258 0.00000000
vt 0.32446289 0.10278320 0.00000000
vt 0.35205078 0.10693359 0.00000000
vt 0.32690430 0.10009766 0.00000000
vt 0.38696289 0.11547852 0.00000000
vt 0.32617188 0.09619141 0.00000000
vt 0.32299805 0.08715820 0.00000000
vt 0.32739258 0.09350586 0.00000000
vt 0.36401367 0.09716797 0.00000000
vt 0.33349609 0.08935547 0.00000000
vt 0.39111328 0.09497070 0.00000000
vt 0.38061523 0.07763672 0.00000000
vt 0.40722656 0.08813477 0.00000000
vt 0.35034180 0.08447266 0.00000000
vt 0.33862305 0.08105469 0.00000000
vt 0.34912109 0.07885742 0.00000000
vt 0.35449219 0.07641602 0.00000000
vt 0.34106445 0.07250977 0.00000000
vt 0.34716797 0.06933594 0.00000000
vt 0.40673828 0.08374023 0.00000000
vt 0.39282227 0.07348633 0.00000000
vt 0.37451172 0.06591797 0.00000000
vt 0.41064453 0.06494141 0.00000000
vt 0.39868164 0.05615234 0.00000000
vt 0.33032227 0.07910156 0.00000000
vt 0.33105469 0.07153320 0.00000000
vt 0.34326172 0.06298828 0.00000000
vt 0.30664062 0.06445312 0.00000000
vt 0.32006836 0.06005859 0.00000000
vt 0.33081055 0.06396484 0.00000000
vt 0.30859375 0.04931641 0.00000000
vt 0.33593750 0.06274414 0.00000000
vt 0.34082031 0.06005859 0.00000000
vt 0.34472656 0.04541016 0.00000000
vt 0.36450195 0.05786133 0.00000000
vt 0.38256836 0.05029297 0.00000000
vt 0.41674805 0.05322266 0.00000000
vt 0.40795898 0.04321289 0.00000000
vt 0.38378906 0.04003906 0.00000000
vt 0.40991211 0.04052734 0.00000000
vt 0.36474609 0.04003906 0.00000000
vt 0.38769531 0.03710938 0.00000000
vt 0.41284180 0.03515625 0.00000000
vt 0.39599609 0.03320312 0.00000000
vt 0.40625000 0.02416992 0.00000000
vt 0.37573242 0.03369141 0.00000000
vt 0.37719727 0.02734375 0.00000000
vt 0.36206055 0.03271484 0.00000000
vt 0.38720703 0.02270508 0.00000000
vt 0.41577148 0.01635742 0.00000000
vt 0.37377930 0.02294922 0.00000000
vt 0.39111328 0.01660156 0.00000000
vt 0.38208008 0.00585938 0.00000000
vt 0.41748047 0.00341797 0.00000000
vt 0.36816406 0.01684570 0.00000000
vt 0.34741211 0.01489258 0.00000000
vt 0.34643555 0.02539062 0.00000000
vt 0.31860352 0.01782227 0.00000000
vt 0.33618164 0.04248047 0.00000000
vt 0.32177734 0.03637695 0.00000000
vt 0.32495117 0.04418945 0.00000000
vt 0.30297852 0.03393555 0.00000000
vt 0.29736328 0.01733398 0.00000000
vt 0.28881836 0.04711914 0.00000000
vt 0.64770508 0.85815430 0.00000000
vt 0.67749023 0.82592773 0.00000000
vt 0.67236328 0.84179688 0.00000000
vt 0.64746094 0.84350586 0.00000000
vt 0.65258789 0.83032227 0.00000000
vt 0.65991211 0.80981445 0.00000000
vt 0.63989258 0.81518555 0.00000000
vt 0.63549805 0.79028320 0.00000000
vt 0.67309570 0.78710938 0.00000000
vt 0.68481445 0.81787109 0.00000000
vt 0.68798828 0.82983398 0.00000000
vt 0.68676758 0.82226562 0.00000000
vt 0.68872070 0.83447266 0.00000000
vt 0.66674805 0.84912109 0.00000000
vt 0.66943359 0.85620117 0.00000000
vt 0.69433594 0.83984375 0.00000000
vt 0.70947266 0.82568359 0.00000000
vt 0.71069336 0.83764648 0.00000000
vt 0.66967773 0.86376953 0.00000000
vt 0.71411133 0.82128906 0.00000000
vt 0.69970703 0.85229492 0.00000000
vt 0.69409180 0.86254883 0.00000000
vt 0.67114258 0.87573242 0.00000000
vt 0.69287109 0.88916016 0.00000000
vt 0.72192383 0.84692383 0.00000000
vt 0.71826172 0.87768555 0.00000000
vt 0.72143555 0.91357422 0.00000000
vt 0.70678711 0.91943359 0.00000000
vt 0.73388672 0.89331055 0.00000000
vt 0.74853516 0.85034180 0.00000000
vt 0.74951172 0.83422852 0.00000000
vt 0.76367188 0.87817383 0.00000000
vt 0.75537109 0.91845703 0.00000000
vt 0.77294922 0.89355469 0.00000000
vt 0.76977539 0.85620117 0.00000000
vt 0.78515625 0.88061523 0.00000000
vt 0.79003906 0.90014648 0.00000000
vt 0.76562500 0.82861328 0.00000000
vt 0.79663086 0.87915039 0.00000000
vt 0.80224609 0.89575195 0.00000000
vt 0.77661133 0.84423828 0.00000000
vt 0.78759766 0.86254883 0.00000000
vt 0.78564453 0.82666016 0.00000000
vt 0.74560547 0.82763672 0.00000000
vt 0.76513672 0.81958008 0.00000000
vt 0.74584961 0.82226562 0.00000000
vt 0.73242188 0.81787109 0.00000000
vt 0.75195312 0.81103516 0.00000000
vt 0.78369141 0.81811523 0.00000000
vt 0.76733398 0.80664062 0.00000000
vt 0.77856445 0.80371094 0.00000000
vt 0.74902344 0.80419922 0.00000000
vt 0.73706055 0.80175781 0.00000000
vt 0.74755859 0.79858398 0.00000000
vt 0.76538086 0.79248047 0.00000000
vt 0.73388672 0.79492188 0.00000000
vt 0.71508789 0.81005859 0.00000000
vt 0.71557617 0.79931641 0.00000000
vt 0.70336914 0.81054688 0.00000000
vt 0.69702148 0.79956055 0.00000000
vt 0.69873047 0.77392578 0.00000000
vt 0.66870117 0.76367188 0.00000000
vt 0.71166992 0.76879883 0.00000000
vt 0.69067383 0.75390625 0.00000000
vt 0.70947266 0.74584961 0.00000000
vt 0.72949219 0.76293945 0.00000000
vt 0.73266602 0.74731445 0.00000000
vt 0.72656250 0.72558594 0.00000000
vt 0.74096680 0.72802734 0.00000000
vt 0.74853516 0.74975586 0.00000000
vt 0.75585938 0.77026367 0.00000000
vt 0.76635742 0.74536133 0.00000000
vt 0.76049805 0.72607422 0.00000000
vt 0.76049805 0.78662109 0.00000000
vt 0.77441406 0.77099609 0.00000000
vt 0.78247070 0.78710938 0.00000000
vt 0.79321289 0.77221680 0.00000000
vt 0.78247070 0.73803711 0.00000000
vt 0.77929688 0.69311523 0.00000000
vt 0.77734375 0.71777344 0.00000000
vt 0.79174805 0.71484375 0.00000000
vt 0.78466797 0.69189453 0.00000000
vt 0.79663086 0.73632812 0.00000000
vt 0.80517578 0.75878906 0.00000000
vt 0.81005859 0.73291016 0.00000000
vt 0.79516602 0.68750000 0.00000000
vt 0.80981445 0.70483398 0.00000000
vt 0.83422852 0.72558594 0.00000000
vt 0.83618164 0.74414062 0.00000000
vt 0.82690430 0.76953125 0.00000000
vt 0.83959961 0.77099609 0.00000000
vt 0.80981445 0.77685547 0.00000000
vt 0.82543945 0.78002930 0.00000000
vt 0.84448242 0.77978516 0.00000000
vt 0.79980469 0.78393555 0.00000000
vt 0.79785156 0.79467773 0.00000000
vt 0.83569336 0.79125977 0.00000000
vt 0.82275391 0.79223633 0.00000000
vt 0.79931641 0.80249023 0.00000000
vt 0.85815430 0.79516602 0.00000000
vt 0.79370117 0.81835938 0.00000000
vt 0.80712891 0.81445312 0.00000000
vt 0.83374023 0.80688477 0.00000000
vt 0.85400391 0.80810547 0.00000000
vt 0.85668945 0.81762695 0.00000000
vt 0.84228516 0.82080078 0.00000000
vt 0.79687500 0.82617188 0.00000000
vt 0.80688477 0.82788086 0.00000000
vt 0.81982422 0.82641602 0.00000000
vt 0.79663086 0.84692383 0.00000000
vt 0.80981445 0.84887695 0.00000000
vt 0.83593750 0.86938477 0.00000000
vt 0.84863281 0.84228516 0.00000000
vt 0.84252930 0.89257812 0.00000000
vt 0.81250000 0.87304688 0.00000000
vt 0.81787109 0.89794922 0.00000000
vt 0.00976562 0.74365234 0.00000000
vt 0.02075195 0.77807617 0.00000000
vt 0.00122070 0.77514648 0.00000000
vt 0.99975586 0.03540039 0.00000000
vt 0.99975586 0.05419922 0.00000000
vt 0.99731445 0.04760742 0.00000000
vt 0.02294922 0.66357422 0.00000000
vt 0.01318359 0.65405273 0.00000000
vt 0.03100586 0.64086914 0.00000000
vt 0.02905273 0.66943359 0.00000000
vt 0.02221680 0.73291016 0.00000000
vt 0.02221680 0.74633789 0.00000000
vt 0.01147461 0.73632812 0.00000000
vt 0.00488281 0.73022461 0.00000000
vt 0.00537109 0.71752930 0.00000000
vt 0.01879883 0.71899414 0.00000000
vt 0.01538086 0.66601562 0.00000000
vt 0.02490234 0.68310547 0.00000000
vt 0.01586914 0.69091797 0.00000000
vt 0.76904297 0.57080078 0.00000000
vt 0.76049805 0.55786133 0.00000000
vt 0.79248047 0.56030273 0.00000000
vt 0.76562500 0.54931641 0.00000000
vt 0.76562500 0.53247070 0.00000000
vt 0.74658203 0.54223633 0.00000000
vt 0.73242188 0.54345703 0.00000000
vt 0.78784180 0.54687500 0.00000000
vt 0.77465820 0.52734375 0.00000000
vt 0.79125977 0.53369141 0.00000000
vt 0.76440430 0.50488281 0.00000000
vt 0.78955078 0.50732422 0.00000000
vt 0.72973633 0.52661133 0.00000000
vt 0.71728516 0.54174805 0.00000000
vt 0.75317383 0.51416016 0.00000000
vt 0.70971680 0.51855469 0.00000000
vt 0.77148438 0.49169922 0.00000000
vt 0.74853516 0.50073242 0.00000000
vt 0.73681641 0.50219727 0.00000000
vt 0.70654297 0.50000000 0.00000000
vt 0.68603516 0.49316406 0.00000000
vt 0.68701172 0.50805664 0.00000000
vt 0.64990234 0.47705078 0.00000000
vt 0.73974609 0.46166992 0.00000000
vt 0.72753906 0.46020508 0.00000000
vt 0.64062500 0.46411133 0.00000000
vt 0.63378906 0.47485352 0.00000000
vt 0.68066406 0.45898438 0.00000000
vt 0.70385742 0.46850586 0.00000000
vt 0.69702148 0.44287109 0.00000000
vt 0.67724609 0.44067383 0.00000000
vt 0.70971680 0.43505859 0.00000000
vt 0.73242188 0.44091797 0.00000000
vt 0.65502930 0.44213867 0.00000000
vt 0.63183594 0.46044922 0.00000000
vt 0.62426758 0.44995117 0.00000000
vt 0.69995117 0.42016602 0.00000000
vt 0.74926758 0.44921875 0.00000000
vt 0.72094727 0.42065430 0.00000000
vt 0.78759766 0.49169922 0.00000000
vt 0.77416992 0.47045898 0.00000000
vt 0.73730469 0.42504883 0.00000000
vt 0.75610352 0.44824219 0.00000000
vt 0.77294922 0.43774414 0.00000000
vt 0.75732422 0.41528320 0.00000000
vt 0.76293945 0.40332031 0.00000000
vt 0.78369141 0.42285156 0.00000000
vt 0.75537109 0.39599609 0.00000000
vt 0.73754883 0.40063477 0.00000000
vt 0.75097656 0.39257812 0.00000000
vt 0.77026367 0.38989258 0.00000000
vt 0.71923828 0.40698242 0.00000000
vt 0.77026367 0.37304688 0.00000000
vt 0.75292969 0.37500000 0.00000000
vt 0.75854492 0.37084961 0.00000000
vt 0.74267578 0.37573242 0.00000000
vt 0.73510742 0.39624023 0.00000000
vt 0.74511719 0.36303711 0.00000000
vt 0.76367188 0.35864258 0.00000000
vt 0.72412109 0.37573242 0.00000000
vt 0.72143555 0.38378906 0.00000000
vt 0.70605469 0.38500977 0.00000000
vt 0.70458984 0.36596680 0.00000000
vt 0.69433594 0.39428711 0.00000000
vt 0.69555664 0.39062500 0.00000000
vt 0.67309570 0.37841797 0.00000000
vt 0.67895508 0.39990234 0.00000000
vt 0.67163086 0.39355469 0.00000000
vt 0.64672852 0.40234375 0.00000000
vt 0.67529297 0.40649414 0.00000000
vt 0.66259766 0.41210938 0.00000000
vt 0.64843750 0.42236328 0.00000000
vt 0.63745117 0.41284180 0.00000000
vt 0.65625000 0.41943359 0.00000000
vt 0.69531250 0.40551758 0.00000000
vt 0.62548828 0.43115234 0.00000000
vt 0.62158203 0.41870117 0.00000000
vt 0.60668945 0.43603516 0.00000000
vt 0.61791992 0.44067383 0.00000000
vt 0.59985352 0.45043945 0.00000000
vt 0.60766602 0.45263672 0.00000000
vt 0.63720703 0.43603516 0.00000000
vt 0.66992188 0.43237305 0.00000000
vt 0.69311523 0.41870117 0.00000000
vt 0.70776367 0.40991211 0.00000000
vt 0.09204102 0.90209961 0.00000000
vt 0.10205078 0.89086914 0.00000000
vt 0.10180664 0.90722656 0.00000000
vt 0.11669922 0.89477539 0.00000000
vt 0.11083984 0.88452148 0.00000000
vt 0.13500977 0.90502930 0.00000000
vt 0.13452148 0.92504883 0.00000000
vt 0.12329102 0.87719727 0.00000000
vt 0.11035156 0.86596680 0.00000000
vt 0.14916992 0.91821289 0.00000000
vt 0.13623047 0.87060547 0.00000000
vt 0.13183594 0.89257812 0.00000000
vt 0.16430664 0.90380859 0.00000000
vt 0.14843750 0.89257812 0.00000000
vt 0.13110352 0.87475586 0.00000000
vt 0.13720703 0.87573242 0.00000000
vt 0.14990234 0.86279297 0.00000000
vt 0.13305664 0.85473633 0.00000000
vt 0.16015625 0.87402344 0.00000000
vt 0.16259766 0.84033203 0.00000000
vt 0.16162109 0.89086914 0.00000000
vt 0.18090820 0.85083008 0.00000000
vt 0.18945312 0.82153320 0.00000000
vt 0.17773438 0.86523438 0.00000000
vt 0.20922852 0.82446289 0.00000000
vt 0.19873047 0.80664062 0.00000000
vt 0.20703125 0.86328125 0.00000000
vt 0.17578125 0.87451172 0.00000000
vt 0.18212891 0.88208008 0.00000000
vt 0.23901367 0.82910156 0.00000000
vt 0.22314453 0.79980469 0.00000000
vt 0.22875977 0.78881836 0.00000000
vt 0.24707031 0.80834961 0.00000000
vt 0.24169922 0.79882812 0.00000000
vt 0.26196289 0.79077148 0.00000000
vt 0.18603516 0.89575195 0.00000000
vt 0.26635742 0.79980469 0.00000000
vt 0.26318359 0.78198242 0.00000000
vt 0.26513672 0.80444336 0.00000000
vt 0.27709961 0.81591797 0.00000000
vt 0.27246094 0.82397461 0.00000000
vt 0.28076172 0.83129883 0.00000000
vt 0.25732422 0.81689453 0.00000000
vt 0.27587891 0.84228516 0.00000000
vt 0.28295898 0.84765625 0.00000000
vt 0.25561523 0.84643555 0.00000000
vt 0.27319336 0.86181641 0.00000000
vt 0.27807617 0.86157227 0.00000000
vt 0.28466797 0.86523438 0.00000000
vt 0.28515625 0.88037109 0.00000000
vt 0.29028320 0.88574219 0.00000000
vt 0.28173828 0.88745117 0.00000000
vt 0.28393555 0.90576172 0.00000000
vt 0.27685547 0.89843750 0.00000000
vt 0.26318359 0.88574219 0.00000000
vt 0.24389648 0.85253906 0.00000000
vt 0.26367188 0.90966797 0.00000000
vt 0.21508789 0.86914062 0.00000000
vt 0.23876953 0.88647461 0.00000000
vt 0.21386719 0.88745117 0.00000000
vt 0.24169922 0.92260742 0.00000000
vt 0.21362305 0.92358398 0.00000000
vt 0.19799805 0.92968750 0.00000000
vt 0.22753906 0.92700195 0.00000000
vt 0.21801758 0.92602539 0.00000000
vt 0.22680664 0.93090820 0.00000000
vt 0.21215820 0.92871094 0.00000000
vt 0.25610352 0.93017578 0.00000000
vt 0.22998047 0.93505859 0.00000000
vt 0.20849609 0.93457031 0.00000000
vt 0.23730469 0.94189453 0.00000000
vt 0.19946289 0.93188477 0.00000000
vt 0.26074219 0.93505859 0.00000000
vt 0.26123047 0.94262695 0.00000000
vt 0.26928711 0.93530273 0.00000000
vt 0.27416992 0.94287109 0.00000000
vt 0.18286133 0.93505859 0.00000000
vt 0.20703125 0.94140625 0.00000000
vt 0.17968750 0.92797852 0.00000000
vt 0.17919922 0.93750000 0.00000000
vt 0.28222656 0.93652344 0.00000000
vt 0.28369141 0.94262695 0.00000000
vt 0.30126953 0.94018555 0.00000000
vt 0.29003906 0.94921875 0.00000000
vt 0.30053711 0.92578125 0.00000000
vt 0.28808594 0.92333984 0.00000000
vt 0.28173828 0.92700195 0.00000000
vt 0.27563477 0.91723633 0.00000000
vt 0.28344727 0.91796875 0.00000000
vt 0.29345703 0.90502930 0.00000000
vt 0.30200195 0.89843750 0.00000000
vt 0.58178711 0.12988281 0.00000000
vt 0.57177734 0.10888672 0.00000000
vt 0.57202148 0.10278320 0.00000000
vt 0.58178711 0.11547852 0.00000000
vt 0.58959961 0.12622070 0.00000000
vt 0.57958984 0.09716797 0.00000000
vt 0.56835938 0.09228516 0.00000000
vt 0.56542969 0.08349609 0.00000000
vt 0.57446289 0.08813477 0.00000000
vt 0.58422852 0.08178711 0.00000000
vt 0.57592773 0.07983398 0.00000000
vt 0.58813477 0.09228516 0.00000000
vt 0.59765625 0.06835938 0.00000000
vt 0.58593750 0.05444336 0.00000000
vt 0.57690430 0.05468750 0.00000000
vt 0.57104492 0.04565430 0.00000000
vt 0.58154297 0.04321289 0.00000000
vt 0.59057617 0.03637695 0.00000000
vt 0.60522461 0.02319336 0.00000000
vt 0.59497070 0.04931641 0.00000000
vt 0.60522461 0.04223633 0.00000000
vt 0.62280273 0.06152344 0.00000000
vt 0.61328125 0.04199219 0.00000000
vt 0.61083984 0.02026367 0.00000000
vt 0.61474609 0.00000000 0.00000000
vt 0.63085938 0.01684570 0.00000000
vt 0.61450195 0.03295898 0.00000000
vt 0.65209961 0.04003906 0.00000000
vt 0.64746094 0.06005859 0.00000000
vt 0.62915039 0.06738281 0.00000000
vt 0.65991211 0.06713867 0.00000000
vt 0.64770508 0.07397461 0.00000000
vt 0.60546875 0.07177734 0.00000000
vt 0.61743164 0.07958984 0.00000000
vt 0.64892578 0.08911133 0.00000000
vt 0.61303711 0.09326172 0.00000000
vt 0.62500000 0.08984375 0.00000000
vt 0.63842773 0.10693359 0.00000000
vt 0.62036133 0.10546875 0.00000000
vt 0.65307617 0.10595703 0.00000000
vt 0.60522461 0.14233398 0.00000000
vt 0.62963867 0.12377930 0.00000000
vt 0.64062500 0.13989258 0.00000000
vt 0.65185547 0.14257812 0.00000000
vt 0.63525391 0.16601562 0.00000000
vt 0.62158203 0.17773438 0.00000000
vt 0.65307617 0.17480469 0.00000000
vt 0.52758789 0.34375000 0.00000000
vt 0.51708984 0.32373047 0.00000000
vt 0.53442383 0.32592773 0.00000000
vt 0.53417969 0.36352539 0.00000000
vt 0.53808594 0.35058594 0.00000000
vt 0.54028320 0.36962891 0.00000000
vt 0.52221680 0.38012695 0.00000000
vt 0.52465820 0.36206055 0.00000000
vt 0.51684570 0.36474609 0.00000000
vt 0.51049805 0.35253906 0.00000000
vt 0.51025391 0.37133789 0.00000000
vt 0.51074219 0.39184570 0.00000000
vt 0.54150391 0.38745117 0.00000000
vt 0.50366211 0.37329102 0.00000000
vt 0.50268555 0.33691406 0.00000000
vt 0.50659180 0.31079102 0.00000000
vt 0.49243164 0.32031250 0.00000000
vt 0.53100586 0.41113281 0.00000000
vt 0.49243164 0.34057617 0.00000000
vt 0.49584961 0.37573242 0.00000000
vt 0.48828125 0.38769531 0.00000000
vt 0.50366211 0.41259766 0.00000000
vt 0.48730469 0.36938477 0.00000000
vt 0.47778320 0.34619141 0.00000000
vt 0.48071289 0.31396484 0.00000000
vt 0.48486328 0.31494141 0.00000000
vt 0.46728516 0.32617188 0.00000000
vt 0.46411133 0.36132812 0.00000000
vt 0.46264648 0.38500977 0.00000000
vt 0.46142578 0.33813477 0.00000000
vt 0.46313477 0.30126953 0.00000000
vt 0.45141602 0.31860352 0.00000000
vt 0.45458984 0.36694336 0.00000000
vt 0.45288086 0.35009766 0.00000000
vt 0.44555664 0.33325195 0.00000000
vt 0.44140625 0.35742188 0.00000000
vt 0.44531250 0.31860352 0.00000000
vt 0.44335938 0.29370117 0.00000000
vt 0.43774414 0.33886719 0.00000000
vt 0.43334961 0.31811523 0.00000000
vt 0.42578125 0.31640625 0.00000000
vt 0.42480469 0.35034180 0.00000000
vt 0.42529297 0.36425781 0.00000000
vt 0.41503906 0.31958008 0.00000000
vt 0.42529297 0.27905273 0.00000000
vt 0.39892578 0.37695312 0.00000000
vt 0.41040039 0.33837891 0.00000000
vt 0.39843750 0.30224609 0.00000000
vt 0.40161133 0.33056641 0.00000000
vt 0.39331055 0.36035156 0.00000000
vt 0.38769531 0.34301758 0.00000000
vt 0.37939453 0.34301758 0.00000000
vt 0.37036133 0.30371094 0.00000000
vt 0.38183594 0.36596680 0.00000000
vt 0.38305664 0.38452148 0.00000000
vt 0.40234375 0.39770508 0.00000000
vt 0.38598633 0.40112305 0.00000000
vt 0.39868164 0.41088867 0.00000000
vt 0.41625977 0.39355469 0.00000000
vt 0.41699219 0.40991211 0.00000000
vt 0.40454102 0.41528320 0.00000000
vt 0.37963867 0.41381836 0.00000000
vt 0.43774414 0.43432617 0.00000000
vt 0.38842773 0.44360352 0.00000000
vt 0.41259766 0.45190430 0.00000000
vt 0.42724609 0.40917969 0.00000000
vt 0.42187500 0.37939453 0.00000000
vt 0.44189453 0.37670898 0.00000000
vt 0.42700195 0.39062500 0.00000000
vt 0.44653320 0.40332031 0.00000000
vt 0.43725586 0.44506836 0.00000000
vt 0.45092773 0.48999023 0.00000000
vt 0.42163086 0.49584961 0.00000000
vt 0.46435547 0.44213867 0.00000000
vt 0.43652344 0.54687500 0.00000000
vt 0.47534180 0.42358398 0.00000000
vt 0.46411133 0.40039062 0.00000000
vt 0.47290039 0.39013672 0.00000000
vt 0.48803711 0.39746094 0.00000000
vt 0.48876953 0.43359375 0.00000000
vt 0.50927734 0.42846680 0.00000000
vt 0.56274414 0.43310547 0.00000000
vt 0.55029297 0.44042969 0.00000000
vt 0.50317383 0.48046875 0.00000000
vt 0.52832031 0.46630859 0.00000000
vt 0.55493164 0.47265625 0.00000000
vt 0.55590820 0.48974609 0.00000000
vt 0.47192383 0.47509766 0.00000000
vt 0.52587891 0.49462891 0.00000000
vt 0.48144531 0.50756836 0.00000000
vt 0.50830078 0.53369141 0.00000000
vt 0.53784180 0.52612305 0.00000000
vt 0.56372070 0.52001953 0.00000000
vt 0.54516602 0.54736328 0.00000000
vt 0.52539062 0.55395508 0.00000000
vt 0.48291016 0.55932617 0.00000000
vt 0.47216797 0.54003906 0.00000000
vt 0.45019531 0.56933594 0.00000000
vt 0.46875000 0.58129883 0.00000000
vt 0.43994141 0.59155273 0.00000000
vt 0.72631836 0.23388672 0.00000000
vt 0.74169922 0.26367188 0.00000000
vt 0.71093750 0.23974609 0.00000000
vt 0.74218750 0.23461914 0.00000000
vt 0.74462891 0.21118164 0.00000000
vt 0.74951172 0.22119141 0.00000000
vt 0.74780273 0.26196289 0.00000000
vt 0.73242188 0.20996094 0.00000000
vt 0.70239258 0.22900391 0.00000000
vt 0.74633789 0.19042969 0.00000000
vt 0.71142578 0.19165039 0.00000000
vt 0.69189453 0.20507812 0.00000000
vt 0.76025391 0.23217773 0.00000000
vt 0.75830078 0.25073242 0.00000000
vt 0.77001953 0.23779297 0.00000000
vt 0.73095703 0.18505859 0.00000000
vt 0.71777344 0.15747070 0.00000000
vt 0.68896484 0.16455078 0.00000000
vt 0.73388672 0.17089844 0.00000000
vt 0.73999023 0.16723633 0.00000000
vt 0.75244141 0.18457031 0.00000000
vt 0.73413086 0.15502930 0.00000000
vt 0.74951172 0.16284180 0.00000000
vt 0.76123047 0.20727539 0.00000000
vt 0.76562500 0.19165039 0.00000000
vt 0.76562500 0.21118164 0.00000000
vt 0.77075195 0.20312500 0.00000000
vt 0.77563477 0.23217773 0.00000000
vt 0.77807617 0.24755859 0.00000000
vt 0.79882812 0.23583984 0.00000000
vt 0.78906250 0.20605469 0.00000000
vt 0.81469727 0.22875977 0.00000000
vt 0.77099609 0.18286133 0.00000000
vt 0.76904297 0.16210938 0.00000000
vt 0.80493164 0.19799805 0.00000000
vt 0.77832031 0.17749023 0.00000000
vt 0.82592773 0.19750977 0.00000000
vt 0.83276367 0.22485352 0.00000000
vt 0.85400391 0.19873047 0.00000000
vt 0.85839844 0.21630859 0.00000000
vt 0.82104492 0.17236328 0.00000000
vt 0.84643555 0.16943359 0.00000000
vt 0.77734375 0.15942383 0.00000000
vt 0.78222656 0.15893555 0.00000000
vt 0.83618164 0.15161133 0.00000000
vt 0.84912109 0.15014648 0.00000000
vt 0.76855469 0.15551758 0.00000000
vt 0.78369141 0.14721680 0.00000000
vt 0.81591797 0.14208984 0.00000000
vt 0.82446289 0.13159180 0.00000000
vt 0.84326172 0.13793945 0.00000000
vt 0.81347656 0.13134766 0.00000000
vt 0.83496094 0.12622070 0.00000000
vt 0.84277344 0.10913086 0.00000000
vt 0.82958984 0.10644531 0.00000000
vt 0.81005859 0.11669922 0.00000000
vt 0.76660156 0.13330078 0.00000000
vt 0.82299805 0.07373047 0.00000000
vt 0.84204102 0.07250977 0.00000000
vt 0.79052734 0.10913086 0.00000000
vt 0.79858398 0.09008789 0.00000000
vt 0.75927734 0.10717773 0.00000000
vt 0.74169922 0.10375977 0.00000000
vt 0.79321289 0.06982422 0.00000000
vt 0.76464844 0.07983398 0.00000000
vt 0.74511719 0.09106445 0.00000000
vt 0.77221680 0.05810547 0.00000000
vt 0.74218750 0.07739258 0.00000000
vt 0.73144531 0.08642578 0.00000000
vt 0.73535156 0.05859375 0.00000000
vt 0.79321289 0.04443359 0.00000000
vt 0.81738281 0.05664062 0.00000000
vt 0.83471680 0.05371094 0.00000000
vt 0.82202148 0.03076172 0.00000000
vt 0.74829102 0.04003906 0.00000000
vt 0.73339844 0.04492188 0.00000000
vt 0.78125000 0.02709961 0.00000000
vt 0.72607422 0.04687500 0.00000000
vt 0.81274414 0.04101562 0.00000000
vt 0.81591797 0.02563477 0.00000000
vt 0.81591797 0.01171875 0.00000000
vt 0.80541992 0.02880859 0.00000000
vt 0.79467773 0.00952148 0.00000000
vt 0.72314453 0.06738281 0.00000000
vt 0.71411133 0.04760742 0.00000000
vt 0.71240234 0.05981445 0.00000000
vt 0.70996094 0.05175781 0.00000000
vt 0.70336914 0.04785156 0.00000000
vt 0.70703125 0.04418945 0.00000000
vt 0.69653320 0.04345703 0.00000000
vt 0.69384766 0.05517578 0.00000000
vt 0.67724609 0.06152344 0.00000000
vt 0.69873047 0.05810547 0.00000000
vt 0.70703125 0.06445312 0.00000000
vt 0.67602539 0.06884766 0.00000000
vt 0.66259766 0.07421875 0.00000000
vt 0.65942383 0.08251953 0.00000000
vt 0.69458008 0.07128906 0.00000000
vt 0.67114258 0.08276367 0.00000000
vt 0.65820312 0.09033203 0.00000000
vt 0.69458008 0.07470703 0.00000000
vt 0.67187500 0.08740234 0.00000000
vt 0.65966797 0.09814453 0.00000000
vt 0.70190430 0.07348633 0.00000000
vt 0.66503906 0.11743164 0.00000000
vt 0.71264648 0.06640625 0.00000000
vt 0.71264648 0.07202148 0.00000000
vt 0.69750977 0.08032227 0.00000000
vt 0.69775391 0.08398438 0.00000000
vt 0.68286133 0.09814453 0.00000000
vt 0.68334961 0.10644531 0.00000000
vt 0.67724609 0.11450195 0.00000000
vt 0.66552734 0.12597656 0.00000000
vt 0.68066406 0.11865234 0.00000000
vt 0.66479492 0.13305664 0.00000000
vt 0.67358398 0.12939453 0.00000000
vt 0.68701172 0.11840820 0.00000000
vt 0.69067383 0.12573242 0.00000000
vt 0.66674805 0.14306641 0.00000000
vt 0.69360352 0.11425781 0.00000000
vt 0.67993164 0.14501953 0.00000000
vt 0.68896484 0.10937500 0.00000000
vt 0.69165039 0.10351562 0.00000000
vt 0.70190430 0.09863281 0.00000000
vt 0.70141602 0.11743164 0.00000000
vt 0.69677734 0.08862305 0.00000000
vt 0.70556641 0.08740234 0.00000000
vt 0.71337891 0.08056641 0.00000000
vt 0.70117188 0.10839844 0.00000000
vt 0.71948242 0.11206055 0.00000000
vt 0.71972656 0.07958984 0.00000000
vt 0.72607422 0.09741211 0.00000000
vt 0.73217773 0.11059570 0.00000000
vt 0.71533203 0.12060547 0.00000000
vt 0.72705078 0.12500000 0.00000000
vt 0.71289062 0.12817383 0.00000000
vt 0.73461914 0.12597656 0.00000000
vt 0.73950195 0.13085938 0.00000000
vt 0.72412109 0.13305664 0.00000000
vt 0.71972656 0.13183594 0.00000000
vt 0.69628906 0.14184570 0.00000000
vt 0.67163086 0.15698242 0.00000000
vt 0.71240234 0.13647461 0.00000000
vt 0.71826172 0.14306641 0.00000000
vt 0.72070312 0.14941406 0.00000000
vt 0.73193359 0.13574219 0.00000000
vt 0.73168945 0.14306641 0.00000000
vt 0.72729492 0.15039062 0.00000000
vt 0.73706055 0.14624023 0.00000000
vt 0.74340820 0.14306641 0.00000000
vt 0.76171875 0.14233398 0.00000000
vt 0.31787109 0.38696289 0.00000000
vt 0.29882812 0.37792969 0.00000000
vt 0.32714844 0.36987305 0.00000000
vt 0.28540039 0.36474609 0.00000000
vt 0.30957031 0.34692383 0.00000000
vt 0.27270508 0.38476562 0.00000000
vt 0.24877930 0.38110352 0.00000000
vt 0.24414062 0.34521484 0.00000000
vt 0.25439453 0.38989258 0.00000000
vt 0.26025391 0.39746094 0.00000000
vt 0.27490234 0.39868164 0.00000000
vt 0.29248047 0.40869141 0.00000000
vt 0.24511719 0.40673828 0.00000000
vt 0.26855469 0.40600586 0.00000000
vt 0.27001953 0.41406250 0.00000000
vt 0.25122070 0.41772461 0.00000000
vt 0.22875977 0.40478516 0.00000000
vt 0.23486328 0.42309570 0.00000000
vt 0.22973633 0.38696289 0.00000000
vt 0.22045898 0.41821289 0.00000000
vt 0.22631836 0.43774414 0.00000000
vt 0.21752930 0.40234375 0.00000000
vt 0.23632812 0.37304688 0.00000000
vt 0.22070312 0.38598633 0.00000000
vt 0.23999023 0.36718750 0.00000000
vt 0.21923828 0.37915039 0.00000000
vt 0.20849609 0.38232422 0.00000000
vt 0.22436523 0.36889648 0.00000000
vt 0.22338867 0.33325195 0.00000000
vt 0.21533203 0.36987305 0.00000000
vt 0.19775391 0.38793945 0.00000000
vt 0.22192383 0.44458008 0.00000000
vt 0.20117188 0.42651367 0.00000000
vt 0.21582031 0.32739258 0.00000000
vt 0.19018555 0.42236328 0.00000000
vt 0.19140625 0.45166016 0.00000000
vt 0.20532227 0.36547852 0.00000000
vt 0.19775391 0.36083984 0.00000000
vt 0.18627930 0.38330078 0.00000000
vt 0.14038086 0.42919922 0.00000000
vt 0.14599609 0.45825195 0.00000000
vt 0.15429688 0.41015625 0.00000000
vt 0.14501953 0.39526367 0.00000000
vt 0.08740234 0.44042969 0.00000000
vt 0.08349609 0.39404297 0.00000000
vt 0.14184570 0.36669922 0.00000000
vt 0.09375000 0.46972656 0.00000000
vt 0.08007812 0.46289062 0.00000000
vt 0.06982422 0.48266602 0.00000000
vt 0.05615234 0.41796875 0.00000000
vt 0.04370117 0.45019531 0.00000000
vt 0.03637695 0.40893555 0.00000000
vt 0.06274414 0.40063477 0.00000000
vt 0.04907227 0.36621094 0.00000000
vt 0.03808594 0.38256836 0.00000000
vt 0.03881836 0.35644531 0.00000000
vt 0.06030273 0.36108398 0.00000000
vt 0.05102539 0.33081055 0.00000000
vt 0.03588867 0.32495117 0.00000000
vt 0.08129883 0.36083984 0.00000000
vt 0.07617188 0.33276367 0.00000000
vt 0.05395508 0.29785156 0.00000000
vt 0.03564453 0.28613281 0.00000000
vt 0.12524414 0.34057617 0.00000000
vt 0.08081055 0.31152344 0.00000000
vt 0.07421875 0.27709961 0.00000000
vt 0.11767578 0.31225586 0.00000000
vt 0.10815430 0.29101562 0.00000000
vt 0.16381836 0.29003906 0.00000000
vt 0.15966797 0.32592773 0.00000000
vt 0.18847656 0.29028320 0.00000000
vt 0.18408203 0.34155273 0.00000000
vt 0.19091797 0.30541992 0.00000000
vt 0.20092773 0.29174805 0.00000000
vt 0.19970703 0.32690430 0.00000000
vt 0.21582031 0.32104492 0.00000000
vt 0.21557617 0.31103516 0.00000000
vt 0.21850586 0.29565430 0.00000000
vt 0.21875000 0.30395508 0.00000000
vt 0.22900391 0.29907227 0.00000000
vt 0.22949219 0.30664062 0.00000000
vt 0.22167969 0.31591797 0.00000000
vt 0.22851562 0.31982422 0.00000000
vt 0.22070312 0.32763672 0.00000000
vt 0.24804688 0.30297852 0.00000000
vt 0.24511719 0.29882812 0.00000000
vt 0.28588867 0.30200195 0.00000000
vt 0.24975586 0.30932617 0.00000000
vt 0.22900391 0.31274414 0.00000000
vt 0.24316406 0.31860352 0.00000000
vt 0.24755859 0.31445312 0.00000000
vt 0.29687500 0.31079102 0.00000000
vt 0.30297852 0.30249023 0.00000000
vt 0.33520508 0.30957031 0.00000000
vt 0.26391602 0.31762695 0.00000000
vt 0.30664062 0.32031250 0.00000000
vt 0.26879883 0.32177734 0.00000000
vt 0.26928711 0.32568359 0.00000000
vt 0.31274414 0.33374023 0.00000000
vt 0.32812500 0.34130859 0.00000000
vt 0.26220703 0.33227539 0.00000000
vt 0.23852539 0.32446289 0.00000000
vt 0.24389648 0.32983398 0.00000000

# 1773 vertex normals
vn 0.28346455 0.02362205 0.96062994
vn -0.01574803 0.13385826 0.99212599
vn 0.01574803 0.00000000 1.00000000
vn -0.03149606 0.00000000 1.00000000
vn 0.42519686 0.12598425 0.89763778
vn 0.62204725 0.04724409 0.77952754
vn 0.59842521 -0.01574803 0.80314958
vn 0.90551180 0.01574803 0.42519686
vn 0.92913383 -0.01574803 0.37007874
vn 0.96062994 0.03937008 0.27559054
vn 0.92125982 0.04724409 0.38582677
vn 0.88976377 0.07086614 0.44881889
vn 1.00000000 0.00000000 0.03937008
vn 0.97637796 0.00000000 0.22834645
vn 1.00000000 0.05511811 0.05511811
vn 0.99212599 0.06299213 -0.09448819
vn 1.00000000 0.04724409 -0.06299213
vn 0.96850395 0.06299213 0.23622048
vn 0.94488192 0.07086614 0.33070865
vn 0.87401575 0.09448819 0.48031497
vn 0.98425198 0.04724409 0.18897638
vn 1.00000000 -0.03149606 -0.03937008
vn 0.85039371 0.10236220 0.51181102
vn 0.96850395 0.03937008 0.23622048
vn 0.98425198 0.00787402 0.17322835
vn 0.26771653 0.25196850 0.92913383
vn 0.88976377 0.11023622 0.44094488
vn 0.73228347 0.22047244 0.63779527
vn 0.96062994 0.03149606 0.28346455
vn 0.62992126 0.29133859 0.72440946
vn 0.01574803 0.24409449 0.96850395
vn 0.11811024 0.33858266 0.93700784
vn -0.00787402 0.22047244 0.97637796
vn -0.03149606 0.12598425 0.99212599
vn 0.00000000 0.29133859 0.95275593
vn 0.02362205 0.07086614 1.00000000
vn 0.02362205 -0.03149606 1.00000000
vn 0.00787402 -0.00787402 1.00000000
vn 0.01574803 0.16535433 0.98425198
vn 0.01574803 0.10236220 0.99212599
vn -0.18897638 0.09448819 0.97637796
vn -0.28346455 -0.02362205 0.96062994
vn -0.01574803 0.19685039 0.97637796
vn 0.00000000 0.22834645 0.97637796
vn -0.53543305 0.04724409 0.84251970
vn -0.72440946 -0.02362205 0.68503934
vn -0.37795275 0.19685039 0.90551180
vn -0.15748031 0.29133859 0.94488192
vn -0.82677168 0.08661418 0.55118108
vn -0.76377952 0.18897638 0.61417323
vn -0.93700784 0.01574803 0.36220473
vn -0.88188976 -0.05511811 0.46456692
vn -0.95275593 -0.06299213 0.30708662
vn -0.99212599 -0.05511811 0.13385826
vn -0.91338581 0.11023622 0.39370078
vn -0.98425198 0.08661418 0.13385826
vn -0.99212599 0.06299213 0.07874016
vn -0.99212599 -0.07874016 0.07874016
vn -0.96850395 0.11811024 0.20472440
vn -0.99212599 0.11811024 0.07874016
vn -1.00000000 -0.02362205 0.03937008
vn -0.99212599 -0.09448819 0.02362205
vn -1.00000000 -0.04724409 0.00000000
vn -1.00000000 0.06299213 0.01574803
vn -0.98425198 -0.18110237 0.05511811
vn -1.00000000 -0.03149606 0.03149606
vn -1.00000000 0.05511811 0.01574803
vn -0.99212599 0.08661418 0.02362205
vn -0.99212599 0.11811024 0.00787402
vn -0.99212599 0.13385826 0.05511811
vn -0.99212599 0.14173228 0.01574803
vn -0.99212599 0.14960630 0.03937008
vn -0.98425198 0.15748031 0.03937008
vn -0.99212599 0.09448819 0.03149606
vn -1.00000000 0.04724409 0.03937008
vn -0.98425198 0.14960630 0.03149606
vn -0.98425198 0.15748031 0.00787402
vn -0.98425198 0.17322835 0.03937008
vn -0.98425198 0.17322835 0.00787402
vn -0.99212599 0.12598425 0.03937008
vn -1.00000000 -0.02362205 -0.04724409
vn -0.98425198 0.15748031 0.04724409
vn -0.99212599 0.14173228 0.03937008
vn -0.98425198 0.13385826 0.08661418
vn -0.99212599 0.08661418 0.06299213
vn -0.99212599 -0.11811024 -0.04724409
vn -0.99212599 0.13385826 0.03149606
vn -0.99212599 0.10236220 0.05511811
vn -0.98425198 0.16535433 0.00787402
vn -0.99212599 0.08661418 0.01574803
vn -1.00000000 0.03937008 0.06299213
vn -1.00000000 0.01574803 0.03149606
vn -0.99212599 0.12598425 0.00787402
vn -0.99212599 0.11811024 0.01574803
vn -0.99212599 0.09448819 0.00000000
vn -0.99212599 0.10236220 0.06299213
vn -1.00000000 0.03149606 0.00000000
vn -1.00000000 0.01574803 0.01574803
vn -1.00000000 0.02362205 0.01574803
vn -1.00000000 0.03149606 0.01574803
vn -0.99212599 0.08661418 0.08661418
vn -0.99212599 0.07086614 0.07086614
vn -0.96062994 0.15748031 0.23622048
vn -0.96062994 0.19685039 0.20472440
vn -0.96062994 0.14173228 0.22834645
vn -0.74015749 0.43307087 0.51968503
vn -0.93700784 0.14960630 0.30708662
vn -0.71653545 0.31496063 0.62204725
vn -0.62992126 0.29133859 0.71653545
vn -0.28346455 0.37795275 0.88188976
vn -0.14960630 0.48818898 0.85826772
vn -0.07874016 0.39370078 0.91338581
vn 0.00787402 0.40944880 0.91338581
vn -0.00787402 0.53543305 0.84251970
vn 0.04724409 0.44094488 0.89763778
vn -0.44094488 0.47244096 0.76377952
vn 0.01574803 0.59055120 0.80314958
vn 0.20472440 0.44881889 0.87401575
vn 0.00787402 0.56692910 0.82677168
vn 0.69291341 0.34645671 0.63779527
vn 0.93700784 0.13385826 0.32283464
vn 0.21259843 0.54330707 0.81102359
vn 0.74803150 0.39370078 0.53543305
vn 0.38582677 0.60629922 0.69291341
vn -0.03149606 0.63779527 0.76377952
vn -0.01574803 0.61417323 0.78740156
vn -0.03149606 0.67716533 0.73228347
vn -0.01574803 0.72440946 0.69291341
vn 0.02362205 0.64566928 0.76377952
vn 0.03937008 0.71653545 0.69291341
vn 0.04724409 0.65354329 0.75590551
vn -0.01574803 0.57480317 0.81889760
vn -0.23622048 0.64566928 0.73228347
vn 0.03149606 0.74803150 0.66141731
vn -0.37795275 0.68503934 0.62204725
vn -0.00787402 -0.11023622 0.99212599
vn -0.02362205 -0.10236220 0.99212599
vn 0.01574803 -0.12598425 0.99212599
vn -0.03149606 -0.12598425 0.99212599
vn 0.00787402 -0.23622048 0.96850395
vn -0.20472440 -0.23622048 0.95275593
vn -0.01574803 -0.18897638 0.98425198
vn 0.02362205 -0.21259843 0.97637796
vn -0.22047244 -0.34645671 0.91338581
vn 0.00000000 -0.28346455 0.96062994
vn 0.00787402 -0.33070865 0.94488192
vn -0.01574803 -0.40157479 0.91338581
vn -0.20472440 -0.44881889 0.87401575
vn 0.00787402 -0.36220473 0.92913383
vn -0.01574803 -0.24409449 0.96850395
vn -0.01574803 -0.34645671 0.93700784
vn -0.00787402 -0.49606299 0.86614174
vn -0.17322835 -0.52755904 0.83464569
vn 0.02362205 -0.43307087 0.89763778
vn 0.01574803 -0.58267719 0.81102359
vn -0.01574803 -0.42519686 0.90551180
vn 0.00787402 -0.50393701 0.86614174
vn -0.23622048 -0.60629922 0.76377952
vn 0.01574803 -0.66141731 0.74803150
vn -0.32283464 -0.65354329 0.68503934
vn 0.03937008 -0.62992126 0.77165353
vn 0.01574803 -0.69291341 0.72440946
vn 0.00000000 -0.55905509 0.82677168
vn -0.03149606 -0.62992126 0.77952754
vn -0.03149606 -0.71653545 0.70078743
vn -0.01574803 -0.55905509 0.82677168
vn -0.00787402 -0.62992126 0.77165353
vn 0.25984251 -0.66929132 0.69291341
vn 0.32283464 -0.55905509 0.76377952
vn 0.07086614 -0.48818898 0.86614174
vn 0.14173228 -0.42519686 0.89763778
vn 0.34645671 -0.48031497 0.80314958
vn 0.63779527 -0.50393701 0.59055120
vn 0.53543305 -0.62204725 0.56692910
vn 0.67716533 -0.41732284 0.60629922
vn 0.92125982 -0.29133859 0.26771653
vn 0.23622048 -0.33858266 0.91338581
vn 0.55118108 -0.37007874 0.74803150
vn 0.47244096 -0.33858266 0.81102359
vn 0.18897638 -0.22047244 0.95275593
vn 0.55118108 -0.25196850 0.79527557
vn 0.29921260 -0.07086614 0.95275593
vn 0.48818898 -0.16535433 0.85826772
vn 0.66141731 -0.04724409 0.74803150
vn 0.59842521 -0.09448819 0.79527557
vn 0.70078743 -0.14960630 0.70078743
vn 0.89763778 -0.04724409 0.44094488
vn 0.91338581 -0.01574803 0.40944880
vn 0.92913383 -0.02362205 0.36220473
vn 0.91338581 -0.06299213 0.40944880
vn 0.95275593 -0.04724409 0.29921260
vn 0.96062994 -0.06299213 0.26771653
vn 0.98425198 0.02362205 0.18110237
vn 1.00000000 -0.03149606 0.03937008
vn 0.98425198 -0.05511811 0.16535433
vn 1.00000000 0.02362205 -0.03149606
vn 1.00000000 0.01574803 -0.08661418
vn 0.99212599 0.07874016 -0.04724409
vn 1.00000000 0.06299213 -0.02362205
vn 0.98425198 0.14960630 0.05511811
vn 0.99212599 0.08661418 0.06299213
vn 1.00000000 0.03149606 0.04724409
vn 1.00000000 -0.01574803 -0.04724409
vn 1.00000000 -0.03149606 -0.00787402
vn 1.00000000 -0.04724409 -0.03149606
vn 1.00000000 -0.03937008 0.07874016
vn 0.99212599 0.11023622 0.08661418
vn 1.00000000 -0.02362205 0.07874016
vn 0.99212599 -0.02362205 0.10236220
vn 1.00000000 -0.01574803 -0.01574803
vn 1.00000000 -0.03937008 -0.00787402
vn 0.99212599 0.04724409 0.12598425
vn 0.98425198 0.09448819 0.13385826
vn 0.98425198 0.10236220 0.14173228
vn 1.00000000 0.04724409 0.00787402
vn 0.99212599 -0.03149606 0.14960630
vn 1.00000000 0.07086614 0.03149606
vn 1.00000000 0.03937008 0.06299213
vn 1.00000000 0.07086614 0.04724409
vn 0.98425198 0.12598425 0.12598425
vn 0.98425198 0.11811024 0.14173228
vn 0.99212599 0.06299213 0.12598425
vn 0.99212599 0.07086614 0.11811024
vn 0.98425198 0.11023622 0.14173228
vn 0.96850395 0.15748031 0.19685039
vn 0.98425198 0.10236220 0.15748031
vn 0.99212599 0.00000000 0.11023622
vn 0.96062994 -0.14173228 0.23622048
vn 0.99212599 -0.05511811 0.11811024
vn 0.98425198 0.07086614 0.14960630
vn 0.98425198 -0.11811024 0.12598425
vn 0.85826772 -0.25196850 0.44881889
vn 0.99212599 -0.08661418 0.07874016
vn 1.00000000 -0.05511811 0.07086614
vn 0.99212599 -0.09448819 0.11811024
vn 0.98425198 -0.11023622 0.12598425
vn 0.88976377 -0.27559054 0.36220473
vn 0.97637796 -0.15748031 0.16535433
vn 0.96062994 -0.18897638 0.18110237
vn 0.96850395 -0.14173228 0.22047244
vn 0.91338581 -0.11811024 0.39370078
vn 0.89763778 -0.13385826 0.42519686
vn 0.93700784 -0.10236220 0.33070865
vn 0.96850395 -0.07086614 0.22834645
vn 0.88976377 -0.11023622 0.43307087
vn 0.94488192 -0.07874016 0.32283464
vn -0.37007874 -0.12598425 0.92125982
vn -0.46456692 -0.26771653 0.84251970
vn -0.76377952 -0.10236220 0.63779527
vn -0.88976377 -0.09448819 0.44094488
vn -0.87401575 -0.11811024 0.46456692
vn -0.49606299 -0.37795275 0.78740156
vn -0.96062994 -0.10236220 0.25196850
vn -0.87401575 -0.16535433 0.46456692
vn -0.91338581 -0.19685039 0.35433072
vn -0.38582677 -0.49606299 0.77952754
vn -0.59842521 -0.48818898 0.63779527
vn -0.55905509 -0.59055120 0.58267719
vn -0.92913383 -0.22834645 0.28346455
vn -0.98425198 -0.11811024 0.14960630
vn -0.99212599 -0.05511811 0.11811024
vn -0.98425198 -0.11023622 0.11023622
vn -1.00000000 -0.01574803 0.03937008
vn -1.00000000 0.00000000 0.06299213
vn -1.00000000 -0.07086614 0.01574803
vn -0.99212599 -0.10236220 0.05511811
vn -1.00000000 -0.05511811 0.01574803
vn -1.00000000 -0.08661418 0.00000000
vn -1.00000000 -0.04724409 0.06299213
vn -1.00000000 -0.00787402 0.07874016
vn -0.99212599 -0.09448819 0.00787402
vn -0.99212599 -0.04724409 0.09448819
vn -0.99212599 -0.14173228 0.00787402
vn -0.98425198 -0.15748031 0.03149606
vn -0.98425198 -0.13385826 0.09448819
vn -0.99212599 -0.11023622 0.09448819
vn -0.97637796 -0.18110237 0.07874016
vn -0.98425198 -0.14173228 0.09448819
vn -0.98425198 -0.16535433 0.02362205
vn -0.98425198 -0.18110237 0.03937008
vn -0.99212599 -0.13385826 0.05511811
vn -0.99212599 -0.11811024 0.03937008
vn -0.99212599 -0.12598425 0.03937008
vn -1.00000000 -0.06299213 0.03937008
vn -0.99212599 0.06299213 0.06299213
vn -1.00000000 0.04724409 0.01574803
vn -1.00000000 -0.03149606 0.02362205
vn -1.00000000 -0.07086614 0.03149606
vn 0.99212599 0.06299213 -0.10236220
vn 1.00000000 0.02362205 -0.07086614
vn 1.00000000 0.05511811 -0.01574803
vn 0.99212599 0.07086614 0.11023622
vn 0.99212599 -0.03149606 0.12598425
vn 1.00000000 -0.07874016 -0.01574803
vn 0.99212599 -0.11023622 0.04724409
vn 1.00000000 -0.06299213 0.04724409
vn 0.98425198 -0.03149606 0.18110237
vn 0.98425198 -0.04724409 0.16535433
vn 0.98425198 0.08661418 0.14960630
vn 0.98425198 -0.04724409 0.18897638
vn 0.97637796 -0.05511811 0.18897638
vn 0.98425198 -0.08661418 0.16535433
vn 0.98425198 0.04724409 0.18110237
vn 0.98425198 -0.01574803 0.16535433
vn 0.98425198 -0.05511811 0.14960630
vn 0.98425198 -0.03937008 0.14960630
vn 1.00000000 -0.03149606 0.07086614
vn 0.98425198 -0.00787402 0.15748031
vn 1.00000000 0.00787402 0.06299213
vn 0.99212599 0.09448819 0.04724409
vn 1.00000000 -0.03149606 0.06299213
vn 1.00000000 0.02362205 0.03937008
vn 1.00000000 -0.07086614 -0.02362205
vn 1.00000000 0.06299213 0.01574803
vn 0.99212599 0.10236220 0.02362205
vn 0.99212599 0.11023622 0.01574803
vn 0.99212599 0.09448819 -0.03149606
vn 0.99212599 0.09448819 0.03149606
vn 1.00000000 0.03149606 -0.07874016
vn 0.98425198 0.11811024 -0.10236220
vn 0.99212599 -0.11023622 -0.08661418
vn 0.99212599 0.10236220 -0.00787402
vn 1.00000000 0.00787402 0.03149606
vn 0.98425198 -0.07086614 0.15748031
vn 1.00000000 0.03149606 -0.04724409
vn 0.99212599 0.11023622 -0.00787402
vn 0.99212599 0.12598425 -0.07086614
vn 0.99212599 0.09448819 -0.08661418
vn 1.00000000 0.02362205 -0.03937008
vn 0.98425198 0.14960630 -0.06299213
vn 0.99212599 0.14173228 -0.03149606
vn 0.99212599 -0.10236220 0.06299213
vn 0.99212599 -0.11811024 0.07874016
vn 0.98425198 -0.12598425 0.11023622
vn 0.96062994 -0.20472440 0.16535433
vn 0.96850395 -0.18110237 0.16535433
vn 0.98425198 -0.13385826 0.13385826
vn 0.93700784 -0.26771653 0.21259843
vn 0.96850395 -0.15748031 0.17322835
vn 0.96850395 -0.15748031 0.18110237
vn 0.97637796 -0.12598425 0.17322835
vn 0.96850395 -0.17322835 0.17322835
vn 0.98425198 -0.12598425 0.11811024
vn 0.98425198 -0.15748031 0.11811024
vn 0.98425198 -0.11023622 0.14173228
vn 0.98425198 -0.13385826 0.07874016
vn 0.98425198 -0.14173228 0.07874016
vn 0.98425198 -0.09448819 0.12598425
vn 0.99212599 -0.03937008 0.13385826
vn 0.98425198 -0.04724409 0.17322835
vn 0.99212599 0.09448819 0.11023622
vn 0.92125982 0.24409449 0.29921260
vn 0.99212599 0.14173228 0.00787402
vn 0.99212599 0.11023622 0.07874016
vn 0.92125982 0.26771653 0.27559054
vn 0.80314958 0.40157479 0.44094488
vn 0.44881889 0.65354329 0.61417323
vn 1.00000000 0.08661418 -0.01574803
vn 0.98425198 0.15748031 -0.10236220
vn 0.99212599 0.08661418 -0.07086614
vn 0.98425198 0.14173228 -0.11811024
vn 0.99212599 0.11023622 -0.06299213
vn 0.03149606 0.79527557 0.60629922
vn -0.16535433 0.79527557 0.58267719
vn -0.77952754 0.48818898 0.39370078
vn -0.97637796 0.15748031 0.14173228
vn -0.99212599 0.06299213 0.07086614
vn -0.96062994 0.19685039 0.18110237
vn -1.00000000 0.00787402 0.06299213
vn -0.66929132 0.63779527 0.38582677
vn -0.98425198 0.04724409 0.14960630
vn -0.93700784 0.29921260 0.20472440
vn -0.99212599 -0.01574803 0.11811024
vn -0.99212599 -0.02362205 0.12598425
vn -0.98425198 -0.01574803 0.19685039
vn -0.97637796 -0.04724409 0.20472440
vn -0.98425198 -0.03149606 0.17322835
vn -0.97637796 -0.02362205 0.20472440
vn -0.98425198 0.05511811 0.18110237
vn -0.98425198 -0.06299213 0.15748031
vn -0.99212599 0.10236220 0.10236220
vn -1.00000000 -0.03149606 0.00787402
vn -1.00000000 -0.03937008 0.01574803
vn -1.00000000 0.00787402 -0.07874016
vn -0.99212599 0.11811024 -0.01574803
vn -0.99212599 0.07086614 -0.13385826
vn -0.98425198 0.07874016 -0.14173228
vn -0.99212599 0.09448819 -0.07874016
vn -1.00000000 0.06299213 -0.03937008
vn -0.99212599 0.07086614 -0.08661418
vn -0.99212599 0.09448819 -0.11811024
vn -0.99212599 0.14173228 -0.05511811
vn -0.98425198 0.17322835 -0.04724409
vn -0.91338581 0.39370078 0.10236220
vn -0.92125982 0.39370078 -0.02362205
vn -0.90551180 0.40944880 -0.05511811
vn -0.66929132 0.67716533 0.29921260
vn -0.73228347 0.67716533 0.03149606
vn -0.66929132 0.73228347 0.14960630
vn -0.63779527 0.73228347 0.23622048
vn -0.92913383 0.36220473 -0.05511811
vn -0.18110237 0.93700784 0.30708662
vn -0.31496063 0.92913383 0.19685039
vn -0.55118108 0.83464569 0.00000000
vn -0.70078743 0.70866144 -0.04724409
vn -0.13385826 0.98425198 0.09448819
vn 0.01574803 0.96850395 0.24409449
vn -0.31496063 0.94488192 0.00787402
vn -0.26771653 0.96062994 -0.04724409
vn -0.04724409 1.00000000 -0.00787402
vn 0.00000000 1.00000000 0.01574803
vn 0.02362205 0.99212599 0.12598425
vn 0.00000000 0.99212599 0.09448819
vn -0.00787402 0.99212599 -0.08661418
vn 0.03149606 1.00000000 -0.01574803
vn 0.03149606 0.98425198 0.17322835
vn -0.03149606 0.99212599 0.11023622
vn 0.24409449 0.96850395 0.06299213
vn 0.22834645 0.97637796 -0.04724409
vn -0.02362205 0.98425198 0.16535433
vn -0.01574803 0.98425198 0.18110237
vn 0.01574803 0.96062994 0.27559054
vn -0.03149606 0.96850395 0.25984251
vn 0.02362205 0.92913383 0.37007874
vn -0.02362205 0.93700784 0.33858266
vn -0.01574803 0.96062994 0.27559054
vn 0.22047244 0.96062994 0.17322835
vn 0.11023622 0.92913383 0.36220473
vn 0.66141731 0.74015749 0.11023622
vn 0.49606299 0.83464569 0.24409449
vn 0.65354329 0.75590551 0.06299213
vn 0.58267719 0.81102359 -0.00787402
vn 0.85039371 0.51968503 0.07086614
vn 0.76377952 0.62204725 0.18110237
vn 0.71653545 0.65354329 0.24409449
vn 0.88188976 0.46456692 0.07874016
vn 0.88976377 0.44881889 0.11811024
vn 0.96062994 0.27559054 0.07086614
vn 0.92913383 0.37007874 0.00000000
vn 0.97637796 0.21259843 0.03937008
vn 0.98425198 0.17322835 0.02362205
vn 1.00000000 0.04724409 0.02362205
vn 0.94488192 0.29921260 0.09448819
vn 1.00000000 0.06299213 -0.00787402
vn 0.98425198 0.09448819 0.12598425
vn 0.99212599 0.12598425 0.05511811
vn 0.99212599 0.08661418 0.04724409
vn 1.00000000 0.03937008 -0.04724409
vn 0.99212599 0.07874016 0.08661418
vn 1.00000000 0.05511811 0.00787402
vn 0.99212599 0.09448819 0.08661418
vn 0.99212599 0.05511811 0.09448819
vn 1.00000000 -0.03149606 -0.01574803
vn 1.00000000 0.02362205 -0.00787402
vn 0.99212599 -0.01574803 -0.10236220
vn 0.99212599 0.06299213 -0.11811024
vn 0.99212599 0.07874016 -0.05511811
vn 0.99212599 0.08661418 0.03149606
vn 0.99212599 0.10236220 0.04724409
vn 0.99212599 0.10236220 0.03937008
vn 0.99212599 0.11811024 0.07086614
vn 0.99212599 0.11023622 0.02362205
vn 0.99212599 0.10236220 0.03149606
vn 0.99212599 0.06299213 -0.07086614
vn 1.00000000 0.04724409 -0.05511811
vn 1.00000000 0.02362205 -0.06299213
vn 0.99212599 0.09448819 0.03937008
vn 0.99212599 0.10236220 -0.02362205
vn 0.91338581 0.33858266 0.22834645
vn 0.66929132 0.64566928 0.37795275
vn 0.74803150 0.51181102 0.43307087
vn 0.31496063 0.75590551 0.57480317
vn 0.43307087 0.79527557 0.42519686
vn 0.28346455 0.81102359 0.51181102
vn -0.04724409 0.79527557 0.60629922
vn -0.02362205 0.90551180 0.43307087
vn -0.03149606 0.75590551 0.65354329
vn -0.03149606 0.90551180 0.41732284
vn -0.02362205 0.88188976 0.46456692
vn -0.04724409 0.84251970 0.52755904
vn -0.03149606 0.87401575 0.48031497
vn 0.02362205 0.88976377 0.44881889
vn -0.03937008 0.82677168 0.55905509
vn 0.03149606 0.85039371 0.52755904
vn 0.03149606 0.88976377 0.45669290
vn 0.03149606 0.84251970 0.54330707
vn -0.23622048 0.85039371 0.47244096
vn -0.15748031 0.90551180 0.39370078
vn 0.23622048 -0.74015749 0.62992126
vn -0.07874016 -0.75590551 0.64566928
vn -0.04724409 -0.81889760 0.57480317
vn -0.08661418 -0.83464569 0.55118108
vn -0.04724409 -0.87401575 0.48031497
vn 0.55118108 -0.66929132 0.49606299
vn -0.08661418 -0.88976377 0.44094488
vn 0.23622048 -0.81102359 0.53543305
vn 0.89763778 -0.35433072 0.26771653
vn 0.62992126 -0.66929132 0.40157479
vn -0.04724409 -0.92913383 0.37007874
vn 0.06299213 -0.91338581 0.40157479
vn 0.36220473 -0.82677168 0.43307087
vn 0.37007874 -0.86614174 0.33858266
vn -0.08661418 -0.93700784 0.33070865
vn -0.05511811 -0.96062994 0.25984251
vn 0.06299213 -0.96062994 0.28346455
vn 0.01574803 -0.98425198 0.17322835
vn 0.14960630 -0.96062994 0.23622048
vn -0.04724409 -0.98425198 0.16535433
vn -0.05511811 -0.99212599 0.08661418
vn 0.05511811 -0.99212599 0.08661418
vn 0.00000000 -1.00000000 -0.01574803
vn -0.03149606 -1.00000000 0.03937008
vn 0.37795275 -0.91338581 0.14173228
vn 0.33070865 -0.94488192 0.01574803
vn 0.69291341 -0.69291341 0.20472440
vn 0.71653545 -0.70078743 0.06299213
vn 0.71653545 -0.64566928 0.25984251
vn 0.71653545 -0.63779527 0.29133859
vn 0.92913383 -0.35433072 0.10236220
vn 0.80314958 -0.59055120 0.07874016
vn 0.66141731 -0.73228347 0.15748031
vn 0.95275593 -0.28346455 0.11023622
vn 0.95275593 -0.29921260 0.06299213
vn 0.96850395 -0.23622048 0.09448819
vn 0.98425198 -0.15748031 0.08661418
vn 0.88188976 -0.43307087 0.20472440
vn 0.91338581 -0.34645671 0.21259843
vn 0.96850395 -0.23622048 -0.04724409
vn 0.98425198 -0.14173228 -0.07874016
vn 0.97637796 -0.17322835 0.09448819
vn 0.98425198 -0.18110237 0.02362205
vn 0.96850395 -0.20472440 -0.15748031
vn 0.98425198 -0.15748031 -0.03937008
vn 0.92913383 -0.27559054 -0.25984251
vn 0.99212599 -0.11811024 -0.03937008
vn 1.00000000 -0.07874016 -0.02362205
vn 0.96062994 -0.21259843 -0.18897638
vn 0.99212599 -0.11811024 -0.05511811
vn 0.97637796 -0.14173228 -0.16535433
vn 0.99212599 -0.09448819 -0.04724409
vn 0.97637796 -0.13385826 -0.14960630
vn 0.99212599 -0.07874016 -0.06299213
vn 0.99212599 -0.09448819 -0.11023622
vn 1.00000000 -0.04724409 -0.03937008
vn 1.00000000 -0.00787402 0.07086614
vn 1.00000000 0.00000000 -0.00787402
vn 0.99212599 -0.07874016 0.07086614
vn 0.98425198 -0.13385826 -0.12598425
vn 0.95275593 -0.20472440 -0.23622048
vn 0.96062994 -0.19685039 -0.19685039
vn 0.94488192 -0.24409449 -0.22047244
vn 0.94488192 -0.24409449 -0.21259843
vn 0.92913383 -0.27559054 -0.23622048
vn 0.93700784 -0.25984251 -0.23622048
vn 0.99212599 -0.11811024 -0.09448819
vn 0.96062994 -0.22834645 -0.18110237
vn 1.00000000 -0.07874016 0.02362205
vn 0.99212599 -0.10236220 0.01574803
vn 1.00000000 -0.06299213 0.01574803
vn 0.98425198 -0.15748031 0.02362205
vn 0.99212599 -0.10236220 0.00000000
vn 0.97637796 -0.16535433 0.12598425
vn 0.99212599 -0.12598425 0.07874016
vn 0.97637796 -0.16535433 0.14960630
vn 0.99212599 -0.09448819 0.10236220
vn 0.99212599 -0.06299213 0.06299213
vn 1.00000000 -0.07086614 0.01574803
vn 0.99212599 -0.09448819 -0.03937008
vn 1.00000000 0.02362205 0.07086614
vn 0.99212599 -0.07086614 -0.05511811
vn 1.00000000 -0.03149606 0.02362205
vn 0.99212599 -0.11811024 -0.08661418
vn 0.99212599 -0.03149606 -0.09448819
vn 0.99212599 0.07086614 0.10236220
vn 1.00000000 -0.06299213 0.03149606
vn 1.00000000 -0.03937008 0.03149606
vn 1.00000000 -0.02362205 0.00787402
vn 0.96850395 -0.10236220 -0.22834645
vn 0.99212599 -0.11811024 -0.07874016
vn 0.99212599 -0.10236220 -0.10236220
vn 0.95275593 -0.14960630 -0.26771653
vn 0.98425198 -0.13385826 -0.08661418
vn 0.95275593 -0.16535433 -0.24409449
vn 0.96062994 -0.19685039 -0.20472440
vn 0.96850395 -0.18897638 -0.16535433
vn 0.97637796 -0.18110237 -0.13385826
vn 0.98425198 -0.12598425 -0.12598425
vn 0.98425198 -0.15748031 -0.09448819
vn 0.98425198 -0.16535433 -0.00787402
vn 0.99212599 -0.07874016 -0.09448819
vn 1.00000000 -0.06299213 -0.05511811
vn 0.99212599 -0.13385826 0.03937008
vn 0.99212599 -0.11811024 0.03149606
vn 0.99212599 -0.06299213 -0.11023622
vn 0.98425198 -0.07874016 -0.16535433
vn 0.99212599 -0.06299213 -0.11811024
vn 1.00000000 -0.03937008 0.02362205
vn 0.97637796 -0.08661418 0.18110237
vn 0.96850395 -0.07874016 0.22047244
vn 0.99212599 -0.05511811 0.08661418
vn 0.99212599 0.02362205 0.14173228
vn 0.94488192 -0.01574803 0.33858266
vn 1.00000000 0.03937008 0.02362205
vn 0.99212599 0.03149606 0.13385826
vn 0.98425198 -0.07086614 0.14173228
vn 0.99212599 0.00787402 0.09448819
vn 1.00000000 0.03937008 0.05511811
vn 1.00000000 0.05511811 0.01574803
vn 0.98425198 -0.10236220 0.14173228
vn 0.93700784 -0.33070865 0.11811024
vn 0.97637796 -0.21259843 0.08661418
vn 0.99212599 -0.10236220 -0.01574803
vn 0.95275593 -0.29921260 0.03149606
vn 1.00000000 -0.03937008 0.04724409
vn 0.97637796 -0.22834645 0.02362205
vn 0.98425198 -0.19685039 0.01574803
vn 1.00000000 -0.03937008 0.00787402
vn 1.00000000 0.06299213 0.00000000
vn 1.00000000 -0.00787402 -0.00787402
vn 1.00000000 -0.01574803 0.00000000
vn 0.92125982 -0.37795275 0.06299213
vn 0.99212599 -0.11811024 0.01574803
vn 1.00000000 0.03149606 0.02362205
vn 0.99212599 -0.07874016 0.10236220
vn 1.00000000 -0.05511811 0.06299213
vn 1.00000000 0.04724409 0.04724409
vn 1.00000000 0.03149606 0.03149606
vn 1.00000000 0.03149606 0.00000000
vn -0.91338581 -0.26771653 0.29921260
vn -0.55905509 -0.62992126 0.54330707
vn -0.96850395 -0.11023622 0.22047244
vn -0.90551180 -0.29921260 0.29921260
vn -0.99212599 0.02362205 0.10236220
vn -0.34645671 -0.70866144 0.62204725
vn -0.99212599 -0.00787402 0.13385826
vn -0.99212599 0.02362205 0.09448819
vn -0.99212599 0.03937008 0.12598425
vn -0.10236220 -0.74015749 0.66929132
vn -0.22834645 -0.79527557 0.55905509
vn 0.08661418 -0.74015749 0.66929132
vn 0.06299213 -0.81102359 0.58267719
vn 0.07874016 -0.78740156 0.61417323
vn 0.07874016 -0.85826772 0.50393701
vn 0.03149606 -0.85039371 0.51968503
vn 0.04724409 -0.88188976 0.47244096
vn 0.03937008 -0.90551180 0.41732284
vn -0.26771653 -0.84251970 0.46456692
vn 0.04724409 -0.93700784 0.34645671
vn -0.26771653 -0.89763778 0.35433072
vn 0.00787402 -0.96850395 0.25984251
vn 0.02362205 -0.98425198 0.17322835
vn -0.32283464 -0.92125982 0.20472440
vn 0.00787402 -1.00000000 0.08661418
vn -0.00787402 -1.00000000 0.00787402
vn -0.26771653 -0.96062994 0.09448819
vn -0.37007874 -0.92913383 -0.03937008
vn -0.59842521 -0.80314958 0.08661418
vn -0.73228347 -0.67716533 -0.04724409
vn -0.63779527 -0.74803150 0.20472440
vn -0.91338581 -0.39370078 -0.07874016
vn -0.85826772 -0.49606299 0.10236220
vn -0.96850395 -0.25984251 0.00000000
vn -0.92913383 -0.35433072 0.11023622
vn -0.65354329 -0.70078743 0.28346455
vn -0.54330707 -0.74803150 0.38582677
vn -0.92125982 -0.34645671 0.18897638
vn -0.98425198 -0.15748031 0.06299213
vn -0.85826772 -0.44094488 0.27559054
vn -0.62204725 -0.66929132 0.40944880
vn -0.48818898 -0.73228347 0.48031497
vn -0.87401575 -0.38582677 0.29921260
vn -0.96850395 -0.20472440 0.14173228
vn -0.65354329 -0.60629922 0.45669290
vn -0.98425198 -0.04724409 0.18897638
vn -0.98425198 0.05511811 0.17322835
vn -0.99212599 -0.08661418 0.10236220
vn -0.98425198 0.06299213 0.18110237
vn -0.97637796 0.08661418 0.20472440
vn -0.97637796 0.11023622 0.17322835
vn -0.99212599 0.07086614 0.11023622
vn -0.99212599 0.05511811 0.10236220
vn -0.99212599 0.03149606 0.11023622
vn -0.97637796 0.13385826 0.14960630
vn -0.99212599 0.00787402 0.10236220
vn -1.00000000 -0.01574803 0.08661418
vn -1.00000000 0.01574803 0.07086614
vn -0.99212599 0.09448819 0.08661418
vn -1.00000000 -0.05511811 0.04724409
vn -1.00000000 0.02362205 -0.00787402
vn -0.97637796 0.14173228 0.14960630
vn -1.00000000 -0.02362205 -0.02362205
vn -1.00000000 -0.03149606 0.04724409
vn -0.99212599 -0.08661418 0.03149606
vn -0.99212599 -0.08661418 0.00787402
vn -0.99212599 -0.14173228 0.01574803
vn -0.99212599 -0.05511811 -0.07086614
vn -0.98425198 -0.11023622 -0.13385826
vn -0.99212599 -0.03937008 -0.08661418
vn -1.00000000 0.00000000 -0.02362205
vn -0.95275593 -0.06299213 -0.30708662
vn -0.96850395 -0.11023622 -0.22834645
vn -0.98425198 -0.12598425 -0.09448819
vn -0.94488192 -0.03149606 -0.33070865
vn -1.00000000 -0.06299213 -0.03937008
vn -0.98425198 -0.02362205 -0.16535433
vn -0.90551180 -0.03937008 -0.41732284
vn -0.96850395 -0.01574803 -0.23622048
vn -0.99212599 -0.03937008 -0.13385826
vn -0.97637796 -0.09448819 -0.20472440
vn -0.97637796 -0.14173228 -0.16535433
vn -1.00000000 -0.02362205 0.00000000
vn -0.99212599 -0.10236220 -0.02362205
vn -1.00000000 -0.06299213 0.01574803
vn -0.99212599 -0.07874016 0.04724409
vn -0.99212599 -0.07874016 0.03937008
vn -1.00000000 0.00787402 -0.05511811
vn -0.99212599 -0.05511811 -0.11811024
vn -1.00000000 0.00000000 -0.03937008
vn -0.99212599 -0.08661418 -0.11023622
vn -0.98425198 -0.14960630 0.04724409
vn -0.98425198 -0.10236220 0.11811024
vn -0.99212599 -0.02362205 0.10236220
vn 0.99212599 0.06299213 0.09448819
vn 0.99212599 0.03149606 0.11811024
vn 0.99212599 0.11023622 0.10236220
vn 0.99212599 0.00000000 0.14173228
vn 0.99212599 -0.01574803 0.13385826
vn 0.99212599 0.03937008 0.12598425
vn 0.99212599 0.01574803 0.14960630
vn 0.98425198 0.06299213 0.15748031
vn 0.98425198 0.02362205 0.17322835
vn 0.98425198 -0.01574803 0.17322835
vn 0.99212599 -0.00787402 0.14960630
vn 0.99212599 0.03149606 0.08661418
vn 0.98425198 -0.03149606 0.14960630
vn 1.00000000 -0.02362205 0.07086614
vn 0.99212599 0.02362205 0.12598425
vn 1.00000000 0.02362205 0.00787402
vn 0.99212599 -0.04724409 0.08661418
vn 0.98425198 -0.11023622 -0.16535433
vn 0.99212599 -0.12598425 -0.07874016
vn 0.98425198 -0.07874016 -0.13385826
vn 1.00000000 -0.00787402 -0.03149606
vn 1.00000000 -0.01574803 -0.02362205
vn 1.00000000 0.05511811 0.03149606
vn 0.98425198 0.10236220 0.12598425
vn 0.96062994 0.14960630 0.22047244
vn 0.98425198 0.10236220 0.14960630
vn 0.96850395 0.12598425 0.20472440
vn 0.98425198 0.11023622 0.15748031
vn 0.97637796 0.13385826 0.18110237
vn 0.97637796 0.12598425 0.17322835
vn 0.96062994 0.18110237 0.21259843
vn 0.96850395 0.14960630 0.21259843
vn 0.96850395 0.12598425 0.21259843
vn 0.98425198 0.05511811 0.18897638
vn 0.96850395 0.15748031 0.21259843
vn 0.98425198 0.05511811 0.17322835
vn 1.00000000 -0.03937008 0.06299213
vn -0.98425198 0.00787402 0.17322835
vn -0.99212599 0.05511811 0.11811024
vn -0.99212599 0.04724409 0.11811024
vn -0.97637796 -0.03149606 0.21259843
vn -0.97637796 -0.00787402 0.21259843
vn -0.97637796 0.00000000 0.23622048
vn -0.99212599 0.03149606 0.11811024
vn -0.98425198 -0.02362205 0.15748031
vn -0.99212599 -0.03937008 0.13385826
vn -1.00000000 0.00000000 0.03149606
vn -1.00000000 0.03937008 -0.01574803
vn -1.00000000 0.05511811 0.03149606
vn -1.00000000 0.07874016 0.02362205
vn -1.00000000 0.07874016 -0.01574803
vn -1.00000000 0.03149606 0.03149606
vn -0.99212599 0.07874016 -0.07086614
vn -1.00000000 0.08661418 -0.01574803
vn -1.00000000 0.07086614 -0.03149606
vn -1.00000000 0.06299213 0.03149606
vn -0.99212599 0.08661418 -0.08661418
vn -1.00000000 0.05511811 -0.01574803
vn -0.99212599 0.10236220 -0.01574803
vn -0.99212599 0.07086614 -0.07086614
vn -0.99212599 0.01574803 -0.14173228
vn -0.85826772 0.19685039 -0.48031497
vn -1.00000000 0.03149606 -0.05511811
vn -0.99212599 0.09448819 0.02362205
vn -0.99212599 0.06299213 0.11023622
vn -0.99212599 0.11811024 0.08661418
vn -1.00000000 0.07874016 0.03149606
vn 1.00000000 0.07086614 0.02362205
vn 0.98425198 0.11023622 -0.12598425
vn 0.98425198 0.15748031 -0.08661418
vn 0.98425198 0.11811024 -0.11023622
vn 0.99212599 0.09448819 -0.03937008
vn 0.99212599 0.05511811 -0.11811024
vn 1.00000000 0.03937008 -0.00787402
vn 0.98425198 0.05511811 -0.17322835
vn 0.99212599 0.03149606 -0.09448819
vn 0.97637796 0.16535433 -0.12598425
vn 0.98425198 0.06299213 -0.16535433
vn 0.99212599 0.01574803 -0.11023622
vn 0.96850395 0.07086614 -0.22047244
vn 0.96062994 0.07086614 -0.25984251
vn 0.98425198 0.08661418 -0.17322835
vn 0.99212599 0.03149606 -0.14173228
vn -0.98425198 -0.13385826 -0.07086614
vn -0.98425198 -0.16535433 -0.07874016
vn -1.00000000 -0.00787402 0.07086614
vn -1.00000000 -0.05511811 0.03937008
vn -1.00000000 -0.06299213 0.03149606
vn -0.99212599 -0.07086614 0.07086614
vn -0.99212599 -0.05511811 0.07874016
vn -0.97637796 -0.20472440 0.02362205
vn -0.99212599 -0.10236220 0.03937008
vn -1.00000000 -0.03149606 -0.06299213
vn -1.00000000 -0.03937008 -0.03149606
vn -1.00000000 -0.02362205 -0.00787402
vn -1.00000000 -0.03149606 -0.02362205
vn -1.00000000 0.00000000 -0.07086614
vn -1.00000000 -0.00787402 -0.04724409
vn -1.00000000 -0.03937008 0.00000000
vn -0.97637796 -0.14960630 0.17322835
vn -0.95275593 -0.22834645 0.21259843
vn -0.92125982 -0.26771653 0.29133859
vn -0.94488192 -0.24409449 0.21259843
vn -0.96850395 -0.18897638 0.18110237
vn -0.94488192 -0.22834645 0.22834645
vn -0.96850395 -0.21259843 0.11811024
vn -0.96850395 -0.19685039 0.14173228
vn -0.98425198 -0.17322835 0.03149606
vn -0.98425198 -0.14173228 0.11023622
vn -0.98425198 -0.11811024 0.11811024
vn -0.99212599 -0.12598425 0.01574803
vn -0.99212599 -0.07086614 0.06299213
vn -0.99212599 -0.09448819 0.10236220
vn -1.00000000 0.00787402 -0.02362205
vn -0.99212599 -0.11811024 -0.07874016
vn -0.99212599 -0.07086614 -0.10236220
vn -1.00000000 0.00787402 -0.06299213
vn -1.00000000 -0.00787402 -0.06299213
vn 0.92913383 -0.03937008 0.36220473
vn 0.97637796 -0.12598425 0.18110237
vn 0.97637796 -0.07874016 0.19685039
vn 0.98425198 -0.02362205 0.16535433
vn 0.93700784 -0.34645671 0.06299213
vn 0.98425198 -0.07874016 0.17322835
vn 0.66141731 -0.74803150 0.00000000
vn 0.96062994 -0.26771653 0.03937008
vn 0.88188976 -0.46456692 -0.02362205
vn 0.97637796 -0.07086614 0.19685039
vn 0.55905509 -0.82677168 -0.09448819
vn 0.99212599 -0.06299213 0.11811024
vn 0.99212599 -0.02362205 0.11023622
vn 1.00000000 0.01574803 0.03149606
vn 1.00000000 -0.00787402 0.02362205
vn 0.98425198 -0.08661418 0.14173228
vn 0.99212599 -0.09448819 0.00787402
vn 0.94488192 -0.33070865 -0.05511811
vn 0.97637796 -0.17322835 -0.11023622
vn 0.99212599 -0.07874016 -0.07874016
vn 0.96850395 -0.25196850 -0.05511811
vn 0.87401575 -0.48818898 -0.05511811
vn 0.98425198 -0.12598425 -0.13385826
vn 0.93700784 -0.33070865 -0.08661418
vn 0.64566928 -0.74803150 -0.15748031
vn 0.25984251 -0.95275593 -0.16535433
vn 0.99212599 -0.09448819 -0.11811024
vn 0.88976377 -0.43307087 -0.12598425
vn 0.98425198 -0.13385826 -0.09448819
vn 0.99212599 -0.06299213 -0.08661418
vn 0.99212599 -0.09448819 -0.05511811
vn 1.00000000 -0.05511811 -0.05511811
vn 1.00000000 0.07086614 -0.03937008
vn 1.00000000 0.06299213 -0.01574803
vn 0.98425198 -0.16535433 -0.07874016
vn 1.00000000 -0.03937008 -0.05511811
vn 0.99212599 -0.14173228 -0.04724409
vn 0.96850395 -0.23622048 -0.08661418
vn 0.99212599 -0.08661418 -0.07874016
vn 0.97637796 -0.18110237 -0.09448819
vn 0.89763778 -0.41732284 -0.14173228
vn 0.99212599 -0.07874016 -0.08661418
vn 0.99212599 0.03149606 -0.08661418
vn 0.99212599 -0.07086614 -0.07874016
vn 0.99212599 0.06299213 -0.08661418
vn 0.97637796 -0.18110237 -0.14173228
vn 0.94488192 -0.29921260 -0.12598425
vn 0.85039371 -0.48031497 -0.23622048
vn 0.58267719 -0.76377952 -0.27559054
vn 0.58267719 -0.74015749 -0.33070865
vn 0.58267719 -0.78740156 -0.22047244
vn 0.34645671 -0.88188976 -0.32283464
vn 0.17322835 -0.95275593 -0.24409449
vn 0.22834645 -0.87401575 -0.43307087
vn -0.01574803 -0.93700784 -0.35433072
vn -0.05511811 -0.98425198 -0.18110237
vn -0.10236220 -0.95275593 -0.29921260
vn -0.12598425 -0.90551180 -0.40157479
vn 0.01574803 -0.95275593 -0.29921260
vn -0.02362205 -1.00000000 -0.07086614
vn -0.07086614 -0.92913383 -0.35433072
vn -0.03937008 -0.91338581 -0.40944880
vn 0.06299213 -0.91338581 -0.40944880
vn 0.03937008 -0.93700784 -0.34645671
vn 0.01574803 -0.96850395 -0.24409449
vn -0.00787402 -0.87401575 -0.48031497
vn 0.07086614 -0.85826772 -0.51181102
vn -0.02362205 -0.82677168 -0.55905509
vn 0.01574803 -0.98425198 -0.19685039
vn -0.16535433 -0.85826772 -0.48818898
vn 0.02362205 -0.98425198 -0.16535433
vn -0.28346455 -0.94488192 -0.15748031
vn 0.00000000 -0.99212599 -0.11023622
vn 0.00787402 -0.99212599 -0.09448819
vn 0.35433072 -0.92913383 -0.07086614
vn 1.00000000 -0.06299213 0.02362205
vn 0.99212599 -0.07874016 0.04724409
vn 1.00000000 -0.04724409 0.03937008
vn 0.99212599 -0.13385826 -0.06299213
vn 0.98425198 -0.18897638 0.02362205
vn 0.97637796 -0.18897638 0.09448819
vn 0.99212599 -0.10236220 -0.02362205
vn 0.98425198 -0.17322835 0.07086614
vn 1.00000000 0.01574803 -0.05511811
vn 1.00000000 -0.07086614 0.00787402
vn 0.99212599 -0.12598425 -0.00787402
vn 1.00000000 -0.05511811 -0.06299213
vn 1.00000000 -0.00787402 -0.02362205
vn 1.00000000 0.06299213 -0.04724409
vn 0.91338581 -0.03149606 0.40157479
vn -0.97637796 -0.22047244 -0.07086614
vn -0.99212599 -0.07874016 -0.10236220
vn -0.88976377 -0.44881889 -0.07874016
vn -0.71653545 -0.69291341 -0.09448819
vn -0.94488192 -0.33070865 -0.05511811
vn -0.99212599 -0.10236220 0.00000000
vn -0.97637796 -0.22047244 -0.04724409
vn -0.71653545 -0.68503934 -0.14960630
vn -0.33858266 -0.89763778 -0.27559054
vn -1.00000000 -0.04724409 -0.02362205
vn -0.96062994 -0.26771653 -0.07874016
vn -0.79527557 -0.58267719 -0.17322835
vn -0.33070865 -0.86614174 -0.37007874
vn -1.00000000 -0.07086614 -0.03937008
vn -0.93700784 -0.33070865 -0.11023622
vn -0.77952754 -0.59055120 -0.21259843
vn -0.97637796 -0.18897638 -0.07874016
vn -1.00000000 -0.02362205 0.03149606
vn -0.96062994 -0.25984251 -0.07874016
vn -1.00000000 -0.07086614 -0.03149606
vn -0.97637796 -0.21259843 -0.01574803
vn -0.99212599 -0.09448819 0.11023622
vn -0.99212599 -0.09448819 0.07874016
vn -0.79527557 -0.57480317 -0.20472440
vn -0.98425198 -0.18110237 0.00787402
vn -0.98425198 -0.12598425 0.11811024
vn -0.90551180 -0.40944880 -0.11023622
vn -0.93700784 -0.32283464 -0.10236220
vn -0.59055120 -0.72440946 -0.34645671
vn -0.98425198 -0.18897638 0.04724409
vn -0.97637796 -0.19685039 0.03937008
vn -0.83464569 -0.49606299 -0.22834645
vn -0.51181102 -0.73228347 -0.44881889
vn -0.86614174 -0.42519686 -0.26771653
vn -0.96850395 -0.22047244 -0.08661418
vn -0.98425198 -0.15748031 0.10236220
vn -0.97637796 -0.15748031 0.16535433
vn -0.96062994 -0.22834645 0.16535433
vn -0.99212599 -0.12598425 -0.02362205
vn -0.98425198 -0.16535433 0.08661418
vn -1.00000000 -0.06299213 -0.05511811
vn -0.99212599 -0.11811024 -0.08661418
vn -1.00000000 -0.02362205 -0.03149606
vn -1.00000000 -0.00787402 -0.07874016
vn -0.99212599 0.05511811 -0.12598425
vn -0.99212599 -0.02362205 -0.11811024
vn -0.99212599 0.05511811 -0.13385826
vn -0.99212599 -0.07086614 -0.11811024
vn -0.98425198 -0.09448819 -0.15748031
vn -0.96062994 -0.21259843 -0.17322835
vn -0.94488192 -0.22047244 -0.24409449
vn -0.98425198 -0.09448819 -0.12598425
vn -0.98425198 -0.07086614 -0.15748031
vn -0.98425198 -0.10236220 -0.16535433
vn -0.97637796 -0.11023622 -0.20472440
vn -0.93700784 -0.20472440 -0.29133859
vn -0.91338581 -0.22834645 -0.33070865
vn -0.56692910 -0.52755904 -0.62992126
vn -0.61417323 -0.51968503 -0.59055120
vn -0.89763778 -0.28346455 -0.33858266
vn -0.81889760 -0.40157479 -0.41732284
vn -0.88188976 -0.34645671 -0.33070865
vn -0.44881889 -0.63779527 -0.62992126
vn -0.75590551 -0.51181102 -0.41732284
vn -0.22834645 -0.63779527 -0.73228347
vn -0.90551180 -0.34645671 -0.24409449
vn -0.49606299 -0.70078743 -0.51181102
vn -0.40944880 -0.69291341 -0.59055120
vn -0.34645671 -0.66929132 -0.65354329
vn -0.07874016 -0.69291341 -0.71653545
vn 0.03149606 -0.67716533 -0.74015749
vn -0.30708662 -0.70078743 -0.64566928
vn 0.02362205 -0.70866144 -0.70078743
vn -0.11023622 -0.70866144 -0.70078743
vn -0.29921260 -0.70866144 -0.64566928
vn 0.00000000 -0.74803150 -0.66141731
vn 0.07874016 -0.73228347 -0.67716533
vn 0.03937008 -0.68503934 -0.72440946
vn 0.07086614 -0.74803150 -0.66141731
vn 0.04724409 -0.75590551 -0.64566928
vn -0.04724409 -0.70078743 -0.70866144
vn 0.02362205 -0.76377952 -0.64566928
vn -0.28346455 -0.73228347 -0.62204725
vn -0.29921260 -0.75590551 -0.58267719
vn -0.03937008 -0.65354329 -0.75590551
vn 0.00000000 -0.72440946 -0.69291341
vn -0.06299213 -0.76377952 -0.64566928
vn 0.07874016 -0.78740156 -0.60629922
vn 0.07086614 -0.81102359 -0.57480317
vn 0.06299213 -0.82677168 -0.55905509
vn -0.33858266 -0.77165353 -0.54330707
vn 0.07086614 -0.86614174 -0.48818898
vn -0.04724409 -0.83464569 -0.55118108
vn -0.25984251 -0.80314958 -0.52755904
vn -0.29921260 -0.84251970 -0.44881889
vn 0.03149606 -0.90551180 -0.42519686
vn -0.97637796 0.11811024 0.15748031
vn -0.99212599 0.11023622 -0.04724409
vn -0.99212599 0.11023622 0.00787402
vn -0.99212599 0.08661418 0.04724409
vn -0.88976377 0.01574803 0.44881889
vn -1.00000000 0.07086614 0.03149606
vn -1.00000000 0.08661418 0.01574803
vn -0.99212599 0.09448819 -0.00787402
vn -1.00000000 -0.05511811 0.05511811
vn -0.99212599 0.03149606 -0.11811024
vn -0.98425198 0.00000000 -0.15748031
vn -1.00000000 0.06299213 0.00787402
vn -0.99212599 0.06299213 -0.08661418
vn -0.99212599 0.04724409 -0.13385826
vn -0.98425198 0.03937008 -0.14960630
vn -0.97637796 0.00787402 -0.19685039
vn -0.99212599 0.07874016 -0.11811024
vn -0.99212599 0.01574803 -0.12598425
vn -0.99212599 -0.00787402 -0.12598425
vn -0.97637796 -0.07086614 -0.19685039
vn -0.98425198 -0.04724409 -0.14960630
vn -0.99212599 -0.01574803 -0.09448819
vn -1.00000000 0.05511811 -0.04724409
vn -1.00000000 0.02362205 -0.04724409
vn -1.00000000 -0.00787402 -0.08661418
vn -0.98425198 -0.07874016 -0.18110237
vn -0.97637796 -0.11023622 -0.18110237
vn -0.97637796 -0.07086614 -0.22047244
vn -0.99212599 -0.07086614 -0.11023622
vn -1.00000000 0.00000000 -0.00787402
vn -1.00000000 0.03149606 0.07086614
vn -0.98425198 0.10236220 0.13385826
vn -0.99212599 0.10236220 0.07086614
vn -0.98425198 0.13385826 0.12598425
vn -0.99212599 0.11023622 0.01574803
vn -0.99212599 0.08661418 0.03149606
vn 0.99212599 0.08661418 -0.05511811
vn 0.98425198 0.03937008 -0.15748031
vn 0.97637796 0.07874016 -0.18897638
vn 0.98425198 0.03149606 -0.15748031
vn 0.97637796 0.08661418 -0.19685039
vn 0.97637796 0.06299213 -0.22047244
vn 0.98425198 0.14960630 -0.12598425
vn 0.98425198 0.03937008 -0.18897638
vn 0.99212599 0.01574803 -0.14960630
vn 0.99212599 0.01574803 -0.11811024
vn 1.00000000 0.04724409 -0.07086614
vn 0.96850395 0.20472440 -0.14960630
vn 0.98425198 0.16535433 -0.03937008
vn 1.00000000 0.06299213 0.05511811
vn 1.00000000 0.06299213 -0.03937008
vn 0.98425198 0.14173228 -0.08661418
vn 0.83464569 0.54330707 0.03149606
vn 0.78740156 0.60629922 -0.12598425
vn 0.29921260 0.93700784 -0.15748031
vn 0.99212599 0.09448819 -0.07874016
vn 0.97637796 0.15748031 -0.14173228
vn 0.98425198 0.03149606 -0.16535433
vn 0.98425198 -0.03937008 -0.17322835
vn 0.97637796 -0.01574803 -0.21259843
vn 0.98425198 0.00787402 -0.18110237
vn 0.98425198 -0.02362205 -0.15748031
vn 1.00000000 0.03149606 -0.02362205
vn 1.00000000 0.06299213 0.03149606
vn 0.99212599 0.00787402 -0.09448819
vn 0.98425198 0.00000000 -0.18110237
vn 1.00000000 0.04724409 -0.01574803
vn 0.99212599 0.11023622 0.07086614
vn 0.98425198 0.14173228 0.10236220
vn 1.00000000 0.03149606 -0.06299213
vn 0.97637796 0.01574803 -0.19685039
vn 0.99212599 0.02362205 -0.14960630
vn 1.00000000 0.03149606 0.01574803
vn 0.94488192 0.01574803 -0.32283464
vn 0.96850395 0.23622048 0.07874016
vn 0.99212599 0.00000000 -0.13385826
vn 0.94488192 -0.09448819 -0.32283464
vn 1.00000000 0.06299213 0.04724409
vn 0.98425198 0.07874016 -0.14173228
vn 0.96850395 0.19685039 -0.13385826
vn 0.99212599 0.11811024 -0.01574803
vn 0.81889760 0.52755904 -0.22047244
vn 0.94488192 0.29921260 -0.12598425
vn 0.66929132 0.71653545 -0.19685039
vn 0.14173228 0.94488192 -0.28346455
vn 0.70866144 0.64566928 -0.28346455
vn 0.80314958 0.53543305 -0.25984251
vn 0.98425198 0.18897638 0.00000000
vn 0.98425198 0.14960630 0.08661418
vn 0.96850395 0.25196850 0.00787402
vn 0.96850395 0.14173228 0.20472440
vn 0.98425198 0.10236220 0.16535433
vn 0.96850395 0.13385826 0.21259843
vn 0.96062994 0.14960630 0.23622048
vn 0.96062994 0.18110237 0.19685039
vn 0.94488192 0.14960630 0.29133859
vn 0.94488192 0.14960630 0.29921260
vn 0.97637796 0.19685039 0.06299213
vn 0.97637796 0.17322835 -0.13385826
vn 0.88976377 0.33070865 -0.31496063
vn 0.95275593 0.15748031 -0.25196850
vn 0.62204725 0.63779527 -0.45669290
vn 0.59055120 0.58267719 -0.55905509
vn 0.30708662 0.72440946 -0.61417323
vn 0.26771653 0.65354329 -0.70866144
vn 0.39370078 0.75590551 -0.51968503
vn -0.04724409 0.71653545 -0.69291341
vn -0.05511811 0.77165353 -0.63779527
vn -0.04724409 0.74803150 -0.66141731
vn -0.02362205 0.80314958 -0.59842521
vn -0.04724409 0.79527557 -0.60629922
vn -0.02362205 0.82677168 -0.56692910
vn -0.03937008 0.82677168 -0.55905509
vn -0.01574803 0.85039371 -0.51968503
vn -0.02362205 0.86614174 -0.49606299
vn 0.50393701 0.76377952 -0.40944880
vn -0.01574803 0.88976377 -0.46456692
vn -0.03937008 0.90551180 -0.42519686
vn 0.08661418 0.92125982 -0.38582677
vn -0.05511811 0.90551180 -0.41732284
vn -0.02362205 0.92913383 -0.36220473
vn -0.02362205 0.96062994 -0.27559054
vn -0.02362205 0.97637796 -0.21259843
vn -0.02362205 0.98425198 -0.18110237
vn 0.03149606 0.96850395 -0.25984251
vn -0.01574803 0.99212599 -0.11811024
vn 0.03149606 0.98425198 -0.17322835
vn 0.99212599 -0.07086614 0.07874016
vn 0.99212599 0.11811024 -0.00787402
vn 0.99212599 -0.03149606 0.08661418
vn 0.99212599 0.12598425 -0.04724409
vn 0.98425198 0.15748031 -0.03149606
vn 0.98425198 0.17322835 -0.05511811
vn 1.00000000 0.05511811 -0.03937008
vn 0.99212599 0.00787402 -0.14173228
vn 0.98425198 0.18897638 0.04724409
vn 0.99212599 0.09448819 -0.01574803
vn 0.98425198 0.16535433 0.00787402
vn 0.97637796 0.19685039 0.04724409
vn 0.99212599 0.14960630 -0.02362205
vn 0.99212599 0.12598425 0.06299213
vn 0.97637796 0.15748031 0.12598425
vn 0.97637796 0.14960630 0.16535433
vn 0.97637796 0.10236220 0.17322835
vn 1.00000000 0.04724409 0.03937008
vn 0.98425198 0.06299213 0.14173228
vn 1.00000000 0.02362205 0.00000000
vn 1.00000000 -0.05511811 -0.03937008
vn 0.99212599 0.00787402 -0.11023622
vn 0.98425198 -0.03149606 -0.17322835
vn 0.98425198 -0.03937008 -0.18110237
vn 0.99212599 -0.05511811 -0.14173228
vn 0.98425198 0.00000000 -0.17322835
vn 0.98425198 -0.03149606 -0.16535433
vn 0.97637796 -0.01574803 -0.19685039
vn 0.97637796 -0.00787402 -0.20472440
vn 0.99212599 0.05511811 -0.10236220
vn 0.98425198 0.11811024 -0.09448819
vn 0.97637796 0.08661418 -0.21259843
vn 0.99212599 0.01574803 -0.09448819
vn 1.00000000 0.02362205 -0.07874016
vn 0.99212599 -0.12598425 -0.08661418
vn 0.99212599 -0.11023622 -0.07874016
vn 0.99212599 -0.11811024 -0.06299213
vn 1.00000000 0.01574803 -0.06299213
vn 0.98425198 -0.15748031 -0.08661418
vn 0.99212599 -0.06299213 -0.13385826
vn 0.98425198 -0.11811024 -0.10236220
vn 0.98425198 -0.07874016 -0.15748031
vn 0.98425198 -0.14960630 -0.07086614
vn 0.98425198 -0.17322835 -0.03937008
vn 0.99212599 -0.12598425 -0.03149606
vn 0.98425198 -0.02362205 -0.18897638
vn 0.97637796 -0.03937008 -0.19685039
vn 0.97637796 -0.11023622 -0.16535433
vn 0.97637796 -0.10236220 -0.17322835
vn 0.97637796 -0.14173228 -0.13385826
vn 0.98425198 -0.16535433 -0.10236220
vn 0.96850395 -0.22047244 -0.11023622
vn 0.97637796 -0.15748031 -0.13385826
vn 0.98425198 -0.14173228 -0.11023622
vn 0.97637796 -0.18110237 -0.08661418
vn 0.98425198 -0.14960630 -0.11811024
vn 0.97637796 -0.20472440 -0.08661418
vn 0.98425198 -0.17322835 -0.03149606
vn 0.97637796 -0.19685039 -0.00787402
vn 0.97637796 -0.20472440 0.00000000
vn 0.98425198 -0.16535433 -0.06299213
vn 0.98425198 -0.14960630 -0.08661418
vn 0.98425198 -0.17322835 -0.01574803
vn 0.97637796 -0.21259843 -0.04724409
vn 0.97637796 -0.20472440 0.00787402
vn 0.96850395 -0.24409449 -0.07086614
vn 0.96850395 -0.24409449 -0.01574803
vn 0.91338581 -0.39370078 -0.08661418
vn 0.98425198 -0.17322835 -0.00787402
vn 0.97637796 -0.20472440 -0.07874016
vn 0.97637796 -0.18897638 -0.07874016
vn 0.96850395 -0.22047244 -0.09448819
vn 1.00000000 0.04724409 -0.00787402
vn 0.97637796 -0.22834645 0.00000000
vn 0.99212599 -0.12598425 0.03149606
vn 0.97637796 -0.14960630 0.16535433
vn 0.98425198 -0.11023622 0.13385826
vn 0.97637796 -0.13385826 0.14960630
vn 0.98425198 -0.14960630 0.12598425
vn 0.99212599 -0.11023622 0.06299213
vn 0.99212599 0.04724409 -0.10236220
vn 0.98425198 -0.07874016 -0.17322835
vn 0.99212599 0.00000000 -0.12598425
vn 0.99212599 -0.03937008 -0.14173228
vn 0.97637796 -0.07086614 -0.19685039
vn 0.98425198 -0.00787402 -0.17322835
vn 0.98425198 -0.02362205 -0.16535433
vn 0.98425198 0.05511811 -0.18110237
vn 0.97637796 0.00787402 -0.20472440
vn 0.97637796 0.05511811 -0.22047244
vn 0.98425198 -0.06299213 -0.16535433
vn 0.98425198 0.02362205 -0.16535433
vn 0.97637796 0.00000000 -0.22047244
vn 0.97637796 0.03937008 -0.19685039
vn 0.96850395 0.15748031 -0.18897638
vn 0.98425198 0.18110237 -0.06299213
vn 0.96062994 0.22834645 -0.13385826
vn 0.96850395 0.11023622 -0.20472440
vn 0.96062994 0.18897638 -0.19685039
vn 0.97637796 0.05511811 -0.21259843
vn 0.96850395 0.14960630 -0.20472440
vn 0.97637796 0.09448819 -0.21259843
vn 0.96850395 0.17322835 -0.16535433
vn 0.98425198 0.07874016 -0.18110237
vn 0.96850395 0.20472440 -0.13385826
vn 0.98425198 0.06299213 -0.17322835
vn 0.99212599 0.03937008 -0.14173228
vn 0.97637796 0.13385826 -0.17322835
vn 0.98425198 0.11811024 -0.14960630
vn 0.97637796 0.16535433 -0.13385826
vn 0.98425198 0.10236220 -0.12598425
vn 0.98425198 0.14173228 -0.12598425
vn 0.97637796 0.13385826 -0.16535433
vn 0.97637796 0.14173228 -0.14960630
vn 0.96850395 0.19685039 -0.14960630
vn 0.97637796 0.16535433 -0.16535433
vn 0.96062994 0.21259843 -0.15748031
vn 0.96062994 0.22047244 -0.16535433
vn 0.96850395 0.18110237 -0.15748031
vn 0.99212599 0.09448819 -0.10236220
vn 0.99212599 -0.02362205 -0.09448819
vn 1.00000000 -0.05511811 -0.04724409
vn 0.98425198 0.13385826 -0.14173228
vn 0.97637796 0.12598425 -0.14960630
vn 0.98425198 0.09448819 -0.14173228
vn 0.98425198 0.11023622 -0.14960630
vn 0.99212599 -0.09448819 0.03149606
vn 1.00000000 -0.02362205 -0.01574803
vn 0.98425198 -0.16535433 0.03937008
vn 0.98425198 -0.16535433 -0.04724409
vn 0.97637796 -0.22047244 0.03937008
vn 0.97637796 -0.22047244 0.07086614
vn 0.98425198 -0.14960630 0.03937008
vn 0.97637796 -0.20472440 0.06299213
vn 0.99212599 -0.12598425 0.00787402
vn 0.96850395 -0.22834645 0.07874016
vn 0.96850395 -0.22834645 0.09448819
vn 0.97637796 -0.20472440 0.07874016
vn 0.95275593 -0.27559054 0.14960630
vn 0.96062994 -0.25196850 0.14173228
vn 0.94488192 -0.28346455 0.16535433
vn 0.98425198 -0.16535433 0.07086614
vn 0.92913383 -0.31496063 0.20472440
vn 0.96850395 -0.22047244 0.14173228
vn 0.99212599 -0.11023622 0.02362205
vn 1.00000000 -0.07874016 0.03937008
vn 0.96850395 -0.22834645 0.10236220
vn 0.96062994 -0.25196850 0.13385826
vn 0.95275593 -0.24409449 0.16535433
vn 0.96850395 -0.21259843 0.11023622
vn 0.99212599 -0.11023622 0.08661418
vn 0.96850395 -0.22047244 0.07874016
vn 0.99212599 -0.11811024 -0.00787402
vn 0.02362205 0.99212599 -0.10236220
vn 0.01574803 0.98425198 -0.17322835
vn -0.65354329 0.74803150 -0.11811024
vn -0.44094488 0.87401575 -0.20472440
vn -0.88976377 0.44881889 -0.05511811
vn -0.89763778 0.44094488 -0.04724409
vn -0.87401575 0.47244096 -0.07086614
vn -0.95275593 0.29133859 -0.00787402
vn -0.58267719 0.77952754 -0.22834645
vn -0.99212599 0.14173228 0.00000000
vn -1.00000000 0.05511811 0.00000000
vn -0.99212599 0.11023622 0.06299213
vn -0.99212599 0.07874016 0.05511811
vn -0.98425198 0.13385826 0.11811024
vn -0.98425198 0.16535433 0.04724409
vn -0.97637796 0.14960630 0.13385826
vn -0.99212599 0.12598425 0.03149606
vn -1.00000000 0.05511811 -0.03937008
vn -0.98425198 0.16535433 -0.04724409
vn -0.99212599 0.09448819 -0.07086614
vn -0.99212599 0.02362205 -0.14960630
vn -0.98425198 0.09448819 -0.12598425
vn -0.96850395 0.25984251 -0.01574803
vn -0.90551180 0.39370078 -0.16535433
vn -0.88976377 0.44881889 -0.09448819
vn -0.82677168 0.54330707 -0.14173228
vn -0.70078743 0.66929132 -0.23622048
vn -0.91338581 0.33070865 -0.23622048
vn -0.61417323 0.70866144 -0.35433072
vn -0.66929132 0.62204725 -0.40157479
vn -0.51181102 0.78740156 -0.34645671
vn -0.40944880 0.85826772 -0.30708662
vn -0.27559054 0.86614174 -0.41732284
vn -0.34645671 0.81889760 -0.45669290
vn 0.02362205 0.91338581 -0.40157479
vn -0.37007874 0.88976377 -0.26771653
vn 0.00787402 0.95275593 -0.31496063
vn -0.07086614 0.96850395 -0.25196850
vn 0.03149606 0.96850395 -0.23622048
vn 0.02362205 0.93700784 -0.34645671
vn 0.03149606 0.91338581 -0.40944880
vn -0.00787402 0.90551180 -0.42519686
vn 0.01574803 0.88188976 -0.48031497
vn 0.03937008 0.88188976 -0.46456692
vn 0.02362205 0.83464569 -0.55118108
vn -0.00787402 0.88188976 -0.47244096
vn 0.02362205 0.84251970 -0.53543305
vn -0.21259843 0.81889760 -0.53543305
vn 0.02362205 0.80314958 -0.59055120
vn 0.01574803 0.79527557 -0.60629922
vn 0.02362205 0.75590551 -0.65354329
vn 0.04724409 0.75590551 -0.65354329
vn 0.02362205 0.71653545 -0.69291341
vn -0.05511811 0.68503934 -0.73228347
vn -0.00787402 0.65354329 -0.76377952
vn 0.04724409 0.66141731 -0.74803150
vn 0.03149606 0.71653545 -0.70078743
vn 0.00000000 0.65354329 -0.75590551
vn -0.03149606 0.75590551 -0.65354329
vn -0.33858266 0.68503934 -0.64566928
vn -0.41732284 0.59842521 -0.68503934
vn -0.26771653 0.76377952 -0.59055120
vn -0.48818898 0.69291341 -0.53543305
vn -0.81102359 0.39370078 -0.43307087
vn -0.58267719 0.59842521 -0.55118108
vn -0.85039371 0.37795275 -0.36220473
vn -0.82677168 0.34645671 -0.43307087
vn -0.92913383 0.22047244 -0.29921260
vn -0.93700784 0.20472440 -0.27559054
vn -0.96850395 0.15748031 -0.20472440
vn -0.95275593 0.19685039 -0.22047244
vn -1.00000000 0.03149606 -0.06299213
vn -0.97637796 0.01574803 -0.20472440
vn -0.98425198 0.00000000 -0.18110237
vn -0.99212599 0.00787402 -0.09448819
vn -0.96850395 -0.06299213 -0.23622048
vn -0.99212599 -0.03149606 -0.14960630
vn -1.00000000 0.03149606 -0.02362205
vn -0.97637796 -0.06299213 -0.19685039
vn -0.98425198 0.00000000 -0.16535433
vn -1.00000000 0.04724409 -0.06299213
vn -0.99212599 0.08661418 -0.03149606
vn -0.98425198 0.14960630 -0.04724409
vn -1.00000000 -0.01574803 -0.07086614
vn -1.00000000 -0.01574803 -0.07874016
vn -1.00000000 0.00000000 -0.03149606
vn -0.99212599 -0.06299213 -0.07086614
vn -0.99212599 0.12598425 -0.01574803
vn -0.99212599 0.13385826 -0.01574803
vn -1.00000000 -0.05511811 -0.02362205
vn -0.98425198 0.14960630 0.03937008
vn -1.00000000 0.07086614 0.01574803
vn -1.00000000 0.00787402 0.00000000
vn -0.99212599 0.10236220 0.03149606
vn -0.99212599 0.12598425 0.00000000
vn -1.00000000 0.03937008 -0.07086614
vn -0.95275593 0.18897638 -0.23622048
vn -0.98425198 0.11023622 -0.14960630
vn -1.00000000 -0.05511811 -0.04724409
vn -0.99212599 -0.13385826 -0.07086614
vn -0.98425198 -0.15748031 -0.05511811
vn -0.99212599 -0.02362205 -0.11023622
vn -0.98425198 -0.14960630 -0.06299213
vn -0.99212599 -0.12598425 -0.06299213
vn -0.99212599 -0.09448819 -0.04724409
vn -0.99212599 -0.11811024 -0.02362205
vn -0.99212599 -0.07086614 -0.12598425
vn -0.98425198 0.01574803 -0.16535433
vn -0.90551180 -0.03149606 -0.42519686
vn -0.91338581 -0.10236220 -0.38582677
vn -0.92913383 0.11023622 -0.36220473
vn -0.88976377 -0.07086614 -0.45669290
vn -0.85826772 -0.03149606 -0.51181102
vn -0.55118108 -0.03937008 -0.83464569
vn -0.76377952 0.05511811 -0.63779527
vn -0.88976377 0.08661418 -0.44881889
vn -0.35433072 0.07874016 -0.92913383
vn -0.24409449 -0.07874016 -0.96850395
vn -0.37007874 0.16535433 -0.91338581
vn -0.85039371 0.11811024 -0.51181102
vn -0.35433072 0.25196850 -0.89763778
vn -0.07086614 0.23622048 -0.96850395
vn -0.86614174 0.14960630 -0.47244096
vn -0.30708662 0.29133859 -0.90551180
vn -0.16535433 0.30708662 -0.93700784
vn -0.34645671 0.34645671 -0.87401575
vn -0.26771653 0.38582677 -0.88188976
vn -0.25196850 0.41732284 -0.87401575
vn -0.88976377 0.18110237 -0.41732284
vn -0.37795275 0.39370078 -0.84251970
vn -0.37795275 0.44881889 -0.81102359
vn -0.16535433 0.48818898 -0.85826772
vn -0.88976377 0.22047244 -0.40157479
vn -0.89763778 0.15748031 -0.41732284
vn -0.14960630 0.53543305 -0.83464569
vn -0.00787402 0.57480317 -0.81889760
vn 0.03149606 0.60629922 -0.79527557
vn -0.33858266 0.55905509 -0.75590551
vn -0.79527557 0.33858266 -0.50393701
vn -0.93700784 0.16535433 -0.29921260
vn -0.90551180 0.17322835 -0.37795275
vn -0.90551180 0.14960630 -0.40157479
vn -0.99212599 -0.04724409 -0.10236220
vn -0.98425198 -0.07874016 -0.14960630
vn -0.98425198 0.07086614 -0.17322835
vn -0.98425198 -0.04724409 -0.16535433
vn -0.99212599 -0.08661418 -0.08661418
vn -0.99212599 -0.09448819 -0.11811024
vn -0.98425198 -0.14960630 -0.11023622
vn -0.99212599 -0.02362205 -0.13385826
vn -0.98425198 -0.15748031 -0.04724409
vn -0.99212599 -0.12598425 -0.05511811
vn -0.99212599 -0.08661418 -0.01574803
vn -0.99212599 -0.06299213 -0.09448819
vn -0.99212599 0.00000000 -0.09448819
vn -0.99212599 -0.08661418 -0.03937008
vn -0.96062994 -0.08661418 -0.25196850
vn -0.55905509 -0.09448819 -0.81889760
vn -0.88976377 -0.08661418 -0.44094488
vn -0.58267719 -0.16535433 -0.79527557
vn -0.87401575 -0.11023622 -0.47244096
vn -0.59842521 -0.22834645 -0.76377952
vn -0.94488192 -0.08661418 -0.30708662
vn -0.88976377 -0.13385826 -0.44094488
vn -0.46456692 -0.29921260 -0.83464569
vn -0.96062994 -0.10236220 -0.25984251
vn -0.77952754 -0.25196850 -0.57480317
vn -0.39370078 -0.37007874 -0.84251970
vn -0.66929132 -0.36220473 -0.65354329
vn -0.39370078 -0.45669290 -0.79527557
vn -0.87401575 -0.23622048 -0.42519686
vn -0.72440946 -0.37795275 -0.57480317
vn -0.96062994 -0.13385826 -0.25196850
vn -0.99212599 -0.04724409 -0.11023622
vn -1.00000000 -0.03149606 -0.00787402
vn -0.99212599 -0.02362205 -0.14960630
vn -1.00000000 0.01574803 -0.05511811
vn -0.99212599 0.04724409 -0.10236220
vn -0.99212599 0.04724409 -0.11811024
vn -0.98425198 0.07874016 -0.14960630
vn -0.99212599 0.07086614 -0.10236220
vn -0.98425198 0.10236220 -0.14960630
vn -0.98425198 0.07874016 -0.15748031
vn -0.97637796 0.09448819 -0.17322835
vn -0.98425198 -0.01574803 -0.15748031
vn -0.99212599 0.02362205 -0.14173228
vn -0.98425198 0.09448819 -0.15748031
vn -0.98425198 -0.03149606 -0.15748031
vn -0.95275593 -0.14960630 -0.26771653
vn -0.98425198 0.07874016 -0.17322835
vn -0.84251970 -0.30708662 -0.43307087
vn -0.29133859 -0.56692910 -0.77165353
vn -0.53543305 -0.50393701 -0.67716533
vn -0.87401575 -0.28346455 -0.39370078
vn -0.94488192 -0.17322835 -0.29133859
vn -0.83464569 -0.31496063 -0.44881889
vn -0.41732284 -0.50393701 -0.75590551
vn -0.16535433 -0.51968503 -0.84251970
vn 0.99212599 -0.11023622 -0.04724409
vn 0.99212599 -0.05511811 -0.11811024
vn 0.97637796 -0.15748031 -0.16535433
vn 0.89763778 -0.37795275 -0.22834645
vn 0.59055120 -0.70866144 -0.37795275
vn 0.87401575 -0.39370078 -0.27559054
vn 0.87401575 -0.38582677 -0.28346455
vn 0.51181102 -0.73228347 -0.44094488
vn 0.97637796 -0.16535433 -0.15748031
vn 0.50393701 -0.71653545 -0.48818898
vn 0.33070865 -0.80314958 -0.50393701
vn 0.02362205 -0.88188976 -0.47244096
vn -0.11023622 -0.88976377 -0.44094488
vn -0.08661418 -0.85826772 -0.50393701
vn -0.07874016 -0.83464569 -0.54330707
vn -0.11023622 -0.82677168 -0.55118108
vn 0.32283464 -0.77165353 -0.55118108
vn 0.03149606 -0.80314958 -0.59055120
vn 0.43307087 -0.70078743 -0.56692910
vn 0.26771653 -0.74015749 -0.61417323
vn -0.09448819 -0.77165353 -0.62204725
vn 0.09448819 -0.74803150 -0.65354329
vn 0.24409449 -0.70078743 -0.66929132
vn 0.55905509 -0.61417323 -0.55905509
vn 0.84251970 -0.42519686 -0.33070865
vn 0.88188976 -0.36220473 -0.30708662
vn 0.95275593 -0.25984251 -0.17322835
vn 0.81889760 -0.46456692 -0.33858266
vn 0.95275593 -0.25196850 -0.18897638
vn 0.99212599 -0.10236220 -0.03937008
vn 0.98425198 -0.10236220 -0.12598425
vn 1.00000000 -0.02362205 -0.03149606
vn 0.99212599 -0.00787402 -0.11023622
vn 0.99212599 0.04724409 -0.11811024
vn 1.00000000 0.00000000 -0.05511811
vn 0.99212599 -0.13385826 0.02362205
vn 0.98425198 -0.14173228 -0.07086614
vn 0.98425198 -0.15748031 -0.06299213
vn 0.94488192 -0.25984251 -0.20472440
vn 0.62204725 -0.54330707 -0.56692910
vn 0.95275593 -0.23622048 -0.17322835
vn 0.97637796 -0.21259843 0.02362205
vn 0.98425198 -0.17322835 -0.07874016
vn 0.96850395 -0.17322835 -0.18897638
vn 0.87401575 -0.32283464 -0.37007874
vn 0.28346455 -0.59842521 -0.74803150
vn 0.96062994 -0.22047244 -0.18897638
vn 0.96850395 -0.18897638 -0.17322835
vn 0.88976377 -0.26771653 -0.37007874
vn 0.98425198 -0.13385826 -0.11023622
vn 0.96062994 -0.18110237 -0.22047244
vn 0.98425198 -0.11811024 -0.14173228
vn 0.98425198 -0.02362205 -0.14960630
vn 0.96850395 -0.07874016 -0.22834645
vn 0.99212599 0.07874016 -0.12598425
vn 0.98425198 0.03937008 -0.18110237
vn 0.96850395 0.18110237 -0.16535433
vn 0.97637796 0.12598425 -0.16535433
vn 0.96850395 0.00000000 -0.24409449
vn 0.96850395 0.04724409 -0.22834645
vn 0.98425198 0.12598425 -0.14173228
vn 0.98425198 0.12598425 -0.13385826
vn 0.98425198 0.13385826 -0.13385826
vn 0.96850395 0.18897638 -0.13385826
vn 0.96062994 0.04724409 -0.25984251
vn 0.89763778 -0.07874016 -0.44094488
vn 0.88976377 -0.08661418 -0.44881889
vn 0.76377952 -0.19685039 -0.61417323
vn 0.90551180 -0.13385826 -0.40157479
vn 0.56692910 -0.32283464 -0.75590551
vn 0.31496063 -0.38582677 -0.86614174
vn 0.51968503 -0.28346455 -0.80314958
vn 0.22047244 -0.45669290 -0.86614174
vn 0.25196850 -0.37795275 -0.88976377
vn 0.00787402 -0.41732284 -0.90551180
vn 0.56692910 -0.37007874 -0.74015749
vn 0.92913383 -0.12598425 -0.34645671
vn 0.92913383 -0.16535433 -0.32283464
vn 0.83464569 -0.23622048 -0.49606299
vn 0.50393701 -0.44094488 -0.74015749
vn -0.00787402 -0.48031497 -0.88188976
vn 0.00000000 -0.48031497 -0.87401575
vn 0.00787402 -0.41732284 -0.91338581
vn -0.00787402 -0.53543305 -0.84251970
vn 0.00000000 -0.44094488 -0.89763778
vn 0.22834645 -0.53543305 -0.81889760
vn 0.48818898 -0.49606299 -0.72440946
vn 0.77165353 -0.37007874 -0.51968503
vn 0.55905509 -0.51181102 -0.65354329
vn 0.00787402 -0.59055120 -0.80314958
vn 0.00000000 -0.63779527 -0.76377952
vn -0.00787402 -0.59842521 -0.80314958
vn -0.03149606 -0.64566928 -0.76377952
vn -0.01574803 -0.54330707 -0.83464569
vn 0.03149606 -0.64566928 -0.76377952
vn 0.02362205 -0.54330707 -0.83464569
vn -0.00787402 -0.58267719 -0.81102359
vn 0.02362205 -0.65354329 -0.75590551
vn -0.01574803 -0.50393701 -0.86614174
vn -0.18110237 -0.44094488 -0.88188976
vn 0.96850395 0.07086614 -0.24409449
vn 0.86614174 0.27559054 -0.40944880
vn 0.95275593 0.13385826 -0.27559054
vn 0.71653545 0.44094488 -0.54330707
vn 0.99212599 0.07874016 -0.11811024
vn 0.99212599 0.08661418 -0.07874016
vn 0.97637796 0.13385826 -0.18110237
vn 0.85826772 0.22047244 -0.46456692
vn 0.73228347 0.31496063 -0.60629922
vn 0.85039371 0.23622048 -0.47244096
vn 0.54330707 0.34645671 -0.76377952
vn 0.70078743 0.37007874 -0.60629922
vn 0.38582677 0.41732284 -0.81889760
vn 0.32283464 0.58267719 -0.74803150
vn 0.00787402 0.59842521 -0.80314958
vn -0.05511811 0.64566928 -0.76377952
vn -0.06299213 0.61417323 -0.78740156
vn -0.00787402 0.55905509 -0.82677168
vn 0.31496063 0.40944880 -0.85826772
vn -0.01574803 0.61417323 -0.78740156
vn -0.01574803 0.59842521 -0.80314958
vn 0.02362205 0.62204725 -0.78740156
vn 0.00787402 0.59055120 -0.80314958
vn 0.03149606 0.50393701 -0.86614174
vn 0.00000000 0.56692910 -0.82677168
vn -0.02362205 0.56692910 -0.82677168
vn 0.24409449 0.36220473 -0.89763778
vn 0.03149606 0.38582677 -0.92125982
vn -0.00787402 0.49606299 -0.86614174
vn -0.08661418 0.41732284 -0.90551180
vn 0.02362205 0.34645671 -0.93700784
vn -0.22047244 0.39370078 -0.88976377
vn 0.00787402 0.27559054 -0.96062994
vn 0.05511811 0.30708662 -0.95275593
vn 0.01574803 0.25984251 -0.96850395
vn 0.01574803 0.22047244 -0.97637796
vn 0.01574803 0.24409449 -0.96850395
vn 0.22047244 0.29921260 -0.92913383
vn 0.02362205 0.15748031 -0.98425198
vn -0.01574803 0.18110237 -0.98425198
vn 0.02362205 0.22047244 -0.97637796
vn -0.01574803 0.09448819 -0.99212599
vn 0.00000000 0.11811024 -0.99212599
vn 0.32283464 0.14173228 -0.93700784
vn 0.02362205 0.07086614 -1.00000000
vn 0.03937008 0.08661418 -0.99212599
vn -0.05511811 0.15748031 -0.98425198
vn -0.01574803 0.01574803 -1.00000000
vn -0.04724409 0.00787402 -1.00000000
vn 0.03149606 0.00000000 -1.00000000
vn 0.45669290 -0.03937008 -0.88976377
vn 0.02362205 0.08661418 -1.00000000
vn -0.11023622 0.00787402 -0.99212599
vn 0.01574803 -0.03149606 -1.00000000
vn 0.01574803 -0.08661418 -1.00000000
vn 0.47244096 0.00000000 -0.88188976
vn 0.70078743 -0.09448819 -0.70866144
vn 0.70866144 -0.07086614 -0.70078743
vn 0.90551180 -0.14173228 -0.40157479
vn 0.94488192 -0.09448819 -0.30708662
vn 0.93700784 -0.13385826 -0.32283464
vn 0.97637796 -0.19685039 -0.01574803
vn 0.97637796 -0.15748031 -0.17322835
vn 0.93700784 -0.11023622 -0.33858266
vn 0.98425198 -0.18110237 -0.03149606
vn 0.97637796 -0.19685039 -0.10236220
vn 0.97637796 -0.19685039 -0.02362205
vn 0.97637796 -0.18897638 -0.10236220
vn 0.97637796 -0.20472440 -0.02362205
vn 0.93700784 -0.14960630 -0.30708662
vn 0.81889760 -0.07874016 -0.56692910
vn 0.86614174 -0.11023622 -0.48818898
vn 0.97637796 -0.17322835 -0.14173228
vn 0.97637796 -0.16535433 -0.14960630
vn 0.97637796 -0.20472440 -0.03149606
vn 0.98425198 -0.18897638 -0.03937008
vn 0.98425198 -0.17322835 -0.02362205
vn 0.99212599 -0.14173228 -0.02362205
vn 0.99212599 -0.08661418 -0.03149606
vn 1.00000000 -0.01574803 -0.06299213
vn 0.99212599 -0.08661418 -0.10236220
vn 0.99212599 -0.10236220 -0.08661418
vn 0.99212599 -0.07874016 -0.11811024
vn 0.96062994 -0.03937008 -0.26771653
vn 0.99212599 0.02362205 -0.13385826
vn 0.96850395 -0.13385826 -0.19685039
vn 0.96062994 -0.13385826 -0.25196850
vn 0.91338581 -0.03937008 -0.40157479
vn 0.97637796 -0.00787402 -0.22834645
vn 0.89763778 0.05511811 -0.43307087
vn 0.73228347 0.02362205 -0.67716533
vn 0.71653545 0.10236220 -0.68503934
vn 0.57480317 0.23622048 -0.77952754
vn 0.96850395 0.06299213 -0.24409449
vn 0.88976377 0.16535433 -0.43307087
vn 0.99212599 0.07086614 -0.11811024
vn 0.77165353 0.27559054 -0.57480317
vn 0.44094488 0.32283464 -0.83464569
vn 0.91338581 0.17322835 -0.36220473
vn 0.96850395 0.04724409 -0.24409449
vn 0.99212599 0.03937008 -0.11811024
vn 0.97637796 0.11023622 -0.20472440
vn 0.85039371 0.21259843 -0.47244096
vn 0.90551180 0.16535433 -0.40157479
vn 0.96850395 0.13385826 -0.22834645
vn 0.84251970 0.22834645 -0.48818898
vn 0.53543305 0.34645671 -0.77165353
vn 0.28346455 0.33858266 -0.89763778
vn 0.97637796 0.18110237 -0.09448819
vn 0.98425198 0.17322835 -0.06299213
vn 0.97637796 0.17322835 -0.11023622
vn 0.98425198 0.11811024 -0.12598425
vn 0.99212599 0.08661418 -0.06299213
vn 0.98425198 0.12598425 -0.11811024
vn 0.97637796 0.07874016 -0.21259843
vn 0.97637796 0.16535433 -0.15748031
vn 0.91338581 -0.06299213 -0.40944880
vn 0.94488192 0.02362205 -0.31496063
vn 0.66929132 -0.18897638 -0.71653545
vn 0.95275593 0.07086614 -0.30708662
vn 0.84251970 -0.02362205 -0.53543305
vn 0.98425198 0.07086614 -0.15748031
vn 0.87401575 -0.01574803 -0.48031497
vn 0.53543305 -0.17322835 -0.82677168
vn 0.92913383 0.00000000 -0.37795275
vn 0.94488192 0.01574803 -0.33858266
vn 0.77952754 -0.03937008 -0.62992126
vn 0.25984251 -0.29921260 -0.92125982
vn 0.72440946 -0.03937008 -0.68503934
vn 0.00787402 -0.34645671 -0.93700784
vn 0.61417323 -0.07086614 -0.78740156
vn 0.20472440 -0.17322835 -0.96062994
vn -0.00787402 -0.25984251 -0.96850395
vn 0.00000000 -0.35433072 -0.93700784
vn -0.03149606 -0.30708662 -0.95275593
vn 0.00000000 -0.28346455 -0.96062994
vn -0.00787402 -0.36220473 -0.92913383
vn -0.00787402 -0.21259843 -0.97637796
vn -0.10236220 -0.39370078 -0.91338581
vn -0.23622048 -0.35433072 -0.90551180
vn -0.11023622 -0.29921260 -0.94488192
vn -0.30708662 -0.26771653 -0.91338581
vn -0.09448819 -0.22047244 -0.96850395
vn -0.27559054 -0.14960630 -0.95275593
vn 0.00787402 -0.20472440 -0.97637796
vn -0.02362205 -0.14960630 -0.99212599
vn 0.01574803 -0.14960630 -0.99212599
vn 0.00787402 -0.07086614 -1.00000000
vn -0.03937008 -0.11023622 -0.99212599
vn -0.00787402 -0.17322835 -0.98425198
vn 0.06299213 -0.10236220 -0.99212599
vn 0.51968503 -0.08661418 -0.85039371
vn 0.70078743 -0.10236220 -0.70866144
vn 0.73228347 -0.10236220 -0.66929132
vn 0.87401575 -0.13385826 -0.46456692
vn 0.94488192 -0.17322835 -0.27559054
vn 0.92125982 -0.08661418 -0.37795275
vn 0.94488192 -0.03149606 -0.32283464
vn 0.97637796 -0.19685039 -0.11023622
vn 0.98425198 -0.18110237 -0.05511811
vn 0.96062994 -0.05511811 -0.27559054
vn 0.97637796 -0.21259843 -0.00787402
vn 0.99212599 -0.14173228 -0.00787402
vn 0.98425198 -0.18110237 -0.01574803
vn 0.99212599 -0.14173228 0.00000000
vn 0.99212599 -0.10236220 -0.00787402
vn 1.00000000 -0.00787402 0.00787402
vn 0.98425198 -0.07086614 -0.13385826
vn 0.99212599 0.00787402 -0.13385826

# Mesh 'meshes[0]' with 3784 faces
g meshes[0]
usemtl tripo_material_6ab944ca-ebec-4b1c-a494-ff982166e0a6
f  1/1/1 2/2/2 3/3/3
f  3/3/3 2/2/2 4/4/4
f  2/2/2 1/1/1 5/5/5
f  5/5/5 1/1/1 6/6/6
f  6/6/6 1/1/1 7/7/7
f  6/6/6 7/7/7 8/8/8
f  8/8/8 7/7/7 9/9/9
f  8/8/8 9/9/9 10/10/10
f  6/6/6 8/8/8 11/11/11
f  11/11/11 8/8/8 10/10/10
f  6/6/6 11/11/11 12/12/12
f  6/6/6 12/12/12 5/5/5
f  12/12/12 11/11/11 10/10/10
f  13/13/13 10/10/10 14/14/14
f  10/10/10 13/13/13 15/15/15
f  15/15/15 13/13/13 16/16/16
f  15/15/15 16/16/16 17/17/17
f  10/10/10 15/15/15 18/18/18
f  10/10/10 18/18/18 12/12/12
f  18/18/18 15/15/15 17/17/17
f  12/12/12 18/18/18 19/19/19
f  12/12/12 19/19/19 20/20/20
f  20/20/20 19/19/19 18/18/18
f  12/12/12 20/20/20 5/5/5
f  18/18/18 17/17/17 21/21/21
f  18/18/18 21/21/21 20/20/20
f  21/21/21 17/17/17 22/22/22
f  5/5/5 20/20/20 23/23/23
f  23/23/23 20/20/20 21/21/21
f  21/21/21 22/22/22 24/24/24
f  21/21/21 24/24/24 23/23/23
f  24/24/24 22/22/22 25/25/25
f  5/5/5 23/23/23 26/26/26
f  23/23/23 24/24/24 27/27/27
f  27/27/27 24/24/24 25/25/25
f  23/23/23 27/27/27 26/26/26
f  27/27/27 25/25/25 28/28/28
f  27/27/27 28/28/28 26/26/26
f  28/28/28 25/25/25 29/29/29
f  5/5/5 26/26/26 2/2/2
f  28/28/28 29/29/29 30/30/30
f  2/2/2 26/26/26 31/31/31
f  26/26/26 28/28/28 32/32/32
f  26/26/26 32/32/32 31/31/31
f  32/32/32 28/28/28 30/30/30
f  2/2/2 31/31/31 33/33/33
f  33/33/33 31/31/31 32/32/32
f  2/2/2 33/33/33 34/34/34
f  2/2/2 34/34/34 4/4/4
f  33/33/33 32/32/32 35/35/35
f  4/4/4 34/34/34 36/36/36
f  4/4/4 36/36/36 37/37/37
f  37/37/37 36/36/36 38/38/38
f  36/36/36 34/34/34 39/39/39
f  39/39/39 34/34/34 33/33/33
f  38/38/38 36/36/36 40/40/40
f  40/40/40 36/36/36 39/39/39
f  38/38/38 40/40/40 41/41/41
f  38/38/38 41/41/41 42/42/42
f  40/40/40 39/39/39 43/43/43
f  40/40/40 43/43/43 41/41/41
f  39/39/39 33/33/33 44/44/44
f  39/39/39 44/44/44 43/43/43
f  44/44/44 33/33/33 35/35/35
f  42/42/42 41/41/41 45/45/45
f  42/42/42 45/45/45 46/46/46
f  41/41/41 43/43/43 47/47/47
f  41/41/41 47/47/47 45/45/45
f  43/43/43 44/44/44 48/48/48
f  43/43/43 48/48/48 47/47/47
f  48/48/48 44/44/44 35/35/35
f  45/45/45 47/47/47 49/49/49
f  45/45/45 49/49/49 46/46/46
f  49/49/49 47/47/47 50/50/50
f  50/50/50 47/47/47 48/48/48
f  46/46/46 49/49/49 51/51/51
f  46/46/46 51/51/51 52/52/52
f  52/52/52 51/51/51 53/53/53
f  53/53/53 51/51/51 54/54/54
f  51/51/51 49/49/49 55/55/55
f  55/55/55 49/49/49 50/50/50
f  54/54/54 51/51/51 56/56/56
f  56/56/56 51/51/51 55/55/55
f  54/54/54 56/56/56 57/57/57
f  54/54/54 57/57/57 58/58/58
f  56/56/56 55/55/55 59/59/59
f  59/59/59 55/55/55 50/50/50
f  56/56/56 59/59/59 60/60/60
f  56/56/56 60/60/60 57/57/57
f  58/58/58 57/57/57 61/61/61
f  62/62/62 61/61/61 63/63/63
f  63/63/63 61/61/61 64/64/64
f  63/63/63 64/64/64 65/65/65
f  65/65/65 64/64/64 66/66/66
f  66/66/66 64/64/64 67/67/67
f  64/64/64 61/61/61 68/68/68
f  68/68/68 61/61/61 57/57/57
f  67/67/67 64/64/64 69/69/69
f  69/69/69 64/64/64 68/68/68
f  68/68/68 57/57/57 70/70/70
f  70/70/70 57/57/57 60/60/60
f  69/69/69 68/68/68 71/71/71
f  71/71/71 68/68/68 70/70/70
f  67/67/67 69/69/69 72/72/72
f  70/70/70 60/60/60 73/73/73
f  70/70/70 73/73/73 71/71/71
f  67/67/67 72/72/72 74/74/74
f  67/67/67 74/74/74 75/75/75
f  74/74/74 72/72/72 76/76/76
f  74/74/74 76/76/76 75/75/75
f  72/72/72 69/69/69 77/77/77
f  77/77/77 69/69/69 71/71/71
f  72/72/72 77/77/77 78/78/78
f  72/72/72 78/78/78 76/76/76
f  77/77/77 71/71/71 79/79/79
f  79/79/79 71/71/71 73/73/73
f  75/75/75 76/76/76 80/80/80
f  75/75/75 80/80/80 81/81/81
f  76/76/76 78/78/78 82/82/82
f  76/76/76 82/82/82 83/83/83
f  76/76/76 83/83/83 80/80/80
f  80/80/80 83/83/83 84/84/84
f  80/80/80 84/84/84 85/85/85
f  81/81/81 80/80/80 86/86/67
f  86/86/67 80/80/80 85/85/85
f  81/81/81 86/86/67 87/87/86
f  87/87/86 86/86/67 85/85/85
f  88/88/87 82/82/82 78/78/78
f  82/82/82 88/88/87 89/89/88
f  88/88/87 78/78/78 90/90/89
f  90/90/89 78/78/78 77/77/77
f  90/90/89 77/77/77 79/79/79
f  89/89/88 88/88/87 91/91/90
f  89/89/88 91/91/90 92/92/91
f  92/92/91 91/91/90 93/93/92
f  91/91/90 88/88/87 94/94/93
f  94/94/93 88/88/87 90/90/89
f  90/90/89 79/79/79 95/95/89
f  90/90/89 95/95/89 94/94/93
f  95/95/89 79/79/79 73/73/73
f  95/95/89 73/73/73 96/96/94
f  95/95/89 96/96/94 94/94/93
f  96/96/94 73/73/73 60/60/60
f  91/91/90 94/94/93 97/97/95
f  97/97/95 94/94/93 96/96/94
f  96/96/94 60/60/60 98/98/96
f  96/96/94 98/98/96 97/97/95
f  98/98/96 60/60/60 59/59/59
f  91/91/90 97/97/95 99/99/97
f  91/91/90 99/99/97 93/93/92
f  93/93/92 99/99/97 100/100/98
f  100/100/98 99/99/97 101/101/99
f  101/101/99 99/99/97 102/102/100
f  102/102/100 99/99/97 97/97/95
f  101/101/99 102/102/100 103/103/101
f  102/102/100 97/97/95 104/104/102
f  102/102/100 104/104/102 103/103/101
f  104/104/102 97/97/95 98/98/96
f  103/103/101 104/104/102 105/105/103
f  103/103/101 105/105/103 106/106/104
f  104/104/102 98/98/96 107/107/105
f  104/104/102 107/107/105 105/105/103
f  106/106/104 105/105/103 108/108/106
f  107/107/105 98/98/96 109/109/107
f  109/109/107 98/98/96 59/59/59
f  109/109/107 59/59/59 50/50/50
f  105/105/103 107/107/105 110/110/108
f  105/105/103 110/110/108 108/108/106
f  110/110/108 107/107/105 109/109/107
f  109/109/107 50/50/50 111/111/109
f  109/109/107 111/111/109 110/110/108
f  111/111/109 50/50/50 48/48/48
f  110/110/108 111/111/109 112/112/110
f  112/112/110 111/111/109 48/48/48
f  110/110/108 112/112/110 113/113/111
f  112/112/110 48/48/48 114/114/112
f  112/112/110 114/114/112 113/113/111
f  114/114/112 48/48/48 35/35/35
f  114/114/112 35/35/35 115/115/113
f  114/114/112 115/115/113 116/116/114
f  114/114/112 116/116/114 113/113/111
f  115/115/113 35/35/35 117/117/115
f  115/115/113 117/117/115 116/116/114
f  117/117/115 35/35/35 32/32/32
f  118/118/116 110/110/108 113/113/111
f  110/110/108 118/118/116 108/108/106
f  113/113/111 116/116/114 119/119/117
f  117/117/115 32/32/32 120/120/118
f  120/120/118 32/32/32 30/30/30
f  116/116/114 117/117/115 121/121/119
f  121/121/119 117/117/115 120/120/118
f  116/116/114 121/121/119 119/119/117
f  120/120/118 30/30/30 122/122/120
f  122/122/120 30/30/30 123/123/121
f  120/120/118 122/122/120 124/124/122
f  120/120/118 124/124/122 121/121/119
f  124/124/122 122/122/120 125/125/123
f  124/124/122 125/125/123 126/126/124
f  124/124/122 126/126/124 127/127/125
f  121/121/119 124/124/122 128/128/126
f  128/128/126 124/124/122 127/127/125
f  121/121/119 128/128/126 119/119/117
f  128/128/126 127/127/125 129/129/127
f  129/129/127 127/127/125 130/130/128
f  128/128/126 129/129/127 131/131/129
f  128/128/126 131/131/129 119/119/117
f  131/131/129 129/129/127 132/132/130
f  131/131/129 132/132/130 133/133/131
f  131/131/129 133/133/131 119/119/117
f  119/119/117 133/133/131 134/134/132
f  119/119/117 134/134/132 113/113/111
f  113/113/111 134/134/132 118/118/116
f  134/134/132 133/133/131 135/135/133
f  134/134/132 135/135/133 118/118/116
f  135/135/133 133/133/131 136/136/134
f  118/118/116 135/135/133 108/108/106
f  108/108/106 135/135/133 137/137/135
f  138/138/136 139/139/3 140/140/4
f  138/138/136 140/140/4 141/141/137
f  141/141/137 140/140/4 142/142/138
f  142/142/138 140/140/4 143/143/37
f  142/142/138 143/143/37 144/144/38
f  142/142/138 144/144/38 145/145/139
f  142/142/138 145/145/139 146/146/140
f  146/146/140 145/145/139 147/147/141
f  141/141/137 142/142/138 148/148/142
f  141/141/137 148/148/142 138/138/136
f  148/148/142 142/142/138 149/149/143
f  149/149/143 142/142/138 146/146/140
f  146/146/140 147/147/141 150/150/144
f  148/148/142 149/149/143 151/151/145
f  151/151/145 149/149/143 146/146/140
f  146/146/140 150/150/144 152/152/146
f  146/146/140 152/152/146 151/151/145
f  152/152/146 150/150/144 153/153/147
f  153/153/147 150/150/144 154/154/148
f  151/151/145 152/152/146 155/155/149
f  155/155/149 152/152/146 153/153/147
f  148/148/142 151/151/145 156/156/150
f  148/148/142 156/156/150 138/138/136
f  151/151/145 155/155/149 157/157/151
f  151/151/145 157/157/151 156/156/150
f  153/153/147 154/154/148 158/158/152
f  158/158/152 154/154/148 159/159/153
f  155/155/149 153/153/147 160/160/154
f  160/160/154 153/153/147 158/158/152
f  158/158/152 159/159/153 161/161/155
f  155/155/149 160/160/154 162/162/156
f  155/155/149 162/162/156 157/157/151
f  160/160/154 158/158/152 163/163/157
f  160/160/154 163/163/157 162/162/156
f  163/163/157 158/158/152 161/161/155
f  161/161/155 159/159/153 164/164/158
f  161/161/155 164/164/158 165/165/159
f  165/165/159 164/164/158 166/166/160
f  161/161/155 165/165/159 167/167/161
f  167/167/161 165/165/159 168/168/162
f  163/163/157 161/161/155 169/169/163
f  169/169/163 161/161/155 167/167/161
f  167/167/161 168/168/162 170/170/164
f  167/167/161 170/170/164 169/169/163
f  170/170/164 168/168/162 171/171/165
f  163/163/157 169/169/163 172/172/166
f  172/172/166 169/169/163 170/170/164
f  170/170/164 171/171/165 173/173/167
f  170/170/164 173/173/167 172/172/166
f  173/173/167 171/171/165 174/174/168
f  172/172/166 173/173/167 175/175/169
f  175/175/169 173/173/167 174/174/168
f  163/163/157 172/172/166 176/176/170
f  176/176/170 172/172/166 175/175/169
f  163/163/157 176/176/170 162/162/156
f  162/162/156 176/176/170 177/177/171
f  162/162/156 177/177/171 157/157/151
f  176/176/170 175/175/169 178/178/172
f  176/176/170 178/178/172 177/177/171
f  175/175/169 174/174/168 179/179/173
f  179/179/173 174/174/168 180/180/174
f  178/178/172 175/175/169 181/181/175
f  181/181/175 175/175/169 179/179/173
f  179/179/173 180/180/174 182/182/176
f  183/183/177 157/157/151 177/177/171
f  157/157/151 183/183/177 156/156/150
f  184/184/178 177/177/171 178/178/172
f  184/184/178 178/178/172 181/181/175
f  183/183/177 177/177/171 185/185/179
f  185/185/179 177/177/171 184/184/178
f  156/156/150 183/183/177 186/186/180
f  156/156/150 186/186/180 138/138/136
f  183/183/177 185/185/179 187/187/181
f  183/183/177 187/187/181 186/186/180
f  138/138/136 186/186/180 188/188/182
f  138/138/136 188/188/182 139/139/3
f  139/139/3 188/188/182 189/189/1
f  189/189/1 188/188/182 190/190/7
f  188/188/182 186/186/180 191/191/183
f  191/191/183 186/186/180 187/187/181
f  190/190/7 188/188/182 192/192/184
f  188/188/182 191/191/183 193/193/185
f  188/188/182 193/193/185 192/192/184
f  193/193/185 191/191/183 194/194/186
f  194/194/186 191/191/183 187/187/181
f  192/192/184 193/193/185 195/195/187
f  190/190/7 192/192/184 196/196/188
f  190/190/7 196/196/188 197/197/9
f  192/192/184 195/195/187 198/198/189
f  192/192/184 198/198/189 196/196/188
f  195/195/187 193/193/185 199/199/190
f  199/199/190 193/193/185 194/194/186
f  198/198/189 195/195/187 200/200/191
f  200/200/191 195/195/187 199/199/190
f  198/198/189 200/200/191 201/201/192
f  202/202/14 197/197/9 196/196/188
f  197/197/9 202/202/14 203/203/10
f  204/204/193 196/196/188 198/198/189
f  196/196/188 204/204/193 202/202/14
f  204/204/193 198/198/189 201/201/192
f  201/201/192 200/200/191 205/205/194
f  201/201/192 205/205/194 204/204/193
f  206/206/195 200/200/191 199/199/190
f  200/200/191 206/206/195 205/205/194
f  202/202/14 204/204/193 207/207/196
f  207/207/196 204/204/193 205/205/194
f  202/202/14 207/207/196 208/208/13
f  208/208/13 207/207/196 209/209/197
f  209/209/197 207/207/196 210/210/198
f  210/210/198 207/207/196 211/211/199
f  210/210/198 211/211/199 212/212/200
f  212/212/200 211/211/199 213/213/201
f  213/213/201 211/211/199 214/214/202
f  211/211/199 207/207/196 215/215/203
f  215/215/203 207/207/196 205/205/194
f  214/214/202 211/211/199 216/216/204
f  216/216/204 211/211/199 215/215/203
f  215/215/203 205/205/194 217/217/205
f  215/215/203 217/217/205 216/216/204
f  217/217/205 205/205/194 206/206/195
f  214/214/202 216/216/204 218/218/206
f  214/214/202 218/218/206 219/219/207
f  218/218/206 216/216/204 220/220/208
f  218/218/206 220/220/208 221/221/209
f  216/216/204 217/217/205 222/222/210
f  216/216/204 222/222/210 220/220/208
f  217/217/205 206/206/195 223/223/211
f  217/217/205 223/223/211 222/222/210
f  220/220/208 222/222/210 224/224/15
f  220/220/208 224/224/15 225/225/212
f  225/225/212 224/224/15 226/226/213
f  225/225/212 226/226/213 227/227/214
f  224/224/15 222/222/210 228/228/215
f  222/222/210 223/223/211 229/229/216
f  222/222/210 229/229/216 228/228/215
f  224/224/15 228/228/215 230/230/217
f  224/224/15 230/230/217 226/226/213
f  230/230/217 228/228/215 231/231/218
f  231/231/218 228/228/215 229/229/216
f  226/226/213 230/230/217 232/232/219
f  232/232/219 230/230/217 231/231/218
f  226/226/213 232/232/219 233/233/220
f  234/234/221 227/227/214 226/226/213
f  234/234/221 226/226/213 233/233/220
f  227/227/214 234/234/221 235/235/222
f  233/233/220 232/232/219 236/236/223
f  236/236/223 232/232/219 231/231/218
f  233/233/220 236/236/223 234/234/221
f  236/236/223 231/231/218 237/237/192
f  237/237/192 231/231/218 229/229/216
f  235/235/222 234/234/221 238/238/224
f  235/235/222 238/238/224 239/239/225
f  239/239/225 238/238/224 234/234/221
f  239/239/225 234/234/221 240/240/226
f  234/234/221 236/236/223 241/241/227
f  234/234/221 241/241/227 240/240/226
f  236/236/223 237/237/192 242/242/228
f  236/236/223 242/242/228 241/241/227
f  240/240/226 241/241/227 243/243/229
f  240/240/226 243/243/229 244/244/230
f  241/241/227 242/242/228 245/245/231
f  241/241/227 245/245/231 243/243/229
f  242/242/228 237/237/192 246/246/232
f  247/247/233 248/248/234 243/243/229
f  242/242/228 246/246/232 181/181/175
f  247/247/233 243/243/229 249/249/235
f  181/181/175 246/246/232 184/184/178
f  247/247/233 249/249/235 250/250/236
f  242/242/228 181/181/175 251/251/237
f  242/242/228 251/251/237 245/245/231
f  251/251/237 181/181/175 179/179/173
f  252/252/238 243/243/229 245/245/231
f  252/252/238 245/245/231 251/251/237
f  243/243/229 252/252/238 249/249/235
f  252/252/238 251/251/237 179/179/173
f  249/249/235 252/252/238 253/253/239
f  253/253/239 252/252/238 179/179/173
f  254/254/240 250/250/236 249/249/235
f  254/254/240 249/249/235 253/253/239
f  254/254/240 253/253/239 179/179/173
f  250/250/236 254/254/240 182/182/176
f  182/182/176 254/254/240 179/179/173
f  255/255/241 184/184/178 246/246/232
f  255/255/241 246/246/232 237/237/192
f  184/184/178 255/255/241 185/185/179
f  255/255/241 237/237/192 229/229/216
f  185/185/179 255/255/241 256/256/242
f  256/256/242 255/255/241 229/229/216
f  185/185/179 256/256/242 187/187/181
f  256/256/242 229/229/216 257/257/243
f  256/256/242 257/257/243 187/187/181
f  257/257/243 229/229/216 258/258/244
f  258/258/244 229/229/216 223/223/211
f  258/258/244 223/223/211 206/206/195
f  187/187/181 257/257/243 259/259/245
f  259/259/245 257/257/243 258/258/244
f  187/187/181 259/259/245 194/194/186
f  258/258/244 206/206/195 260/260/246
f  258/258/244 260/260/246 259/259/245
f  259/259/245 260/260/246 194/194/186
f  260/260/246 206/206/195 199/199/190
f  260/260/246 199/199/190 194/194/186
f  261/261/38 262/262/42 263/263/139
f  263/263/139 262/262/42 264/264/247
f  264/264/247 262/262/42 265/265/46
f  263/263/139 264/264/247 266/266/141
f  266/266/141 264/264/247 267/267/248
f  264/264/247 265/265/46 268/268/249
f  264/264/247 268/268/249 267/267/248
f  268/268/249 265/265/46 269/269/52
f  266/266/141 267/267/248 270/270/144
f  268/268/249 269/269/52 271/271/250
f  271/271/250 269/269/52 272/272/53
f  267/267/248 268/268/249 273/273/251
f  273/273/251 268/268/249 271/271/250
f  270/270/144 267/267/248 274/274/252
f  271/271/250 272/272/53 275/275/253
f  271/271/250 275/275/253 273/273/251
f  275/275/253 272/272/53 276/276/54
f  267/267/248 273/273/251 277/277/254
f  277/277/254 273/273/251 275/275/253
f  267/267/248 277/277/254 274/274/252
f  270/270/144 274/274/252 278/278/148
f  277/277/254 275/275/253 279/279/255
f  277/277/254 279/279/255 274/274/252
f  278/278/148 274/274/252 280/280/256
f  278/278/148 280/280/256 281/281/153
f  281/281/153 280/280/256 282/282/158
f  280/280/256 274/274/252 283/283/257
f  280/280/256 283/283/257 282/282/158
f  283/283/257 274/274/252 279/279/255
f  282/282/158 283/283/257 284/284/160
f  284/284/160 283/283/257 285/285/258
f  285/285/258 283/283/257 286/286/259
f  286/286/259 283/283/257 279/279/255
f  286/286/259 279/279/255 287/287/260
f  286/286/259 287/287/260 288/288/261
f  287/287/260 279/279/255 289/289/262
f  289/289/262 279/279/255 275/275/253
f  288/288/261 287/287/260 290/290/263
f  288/288/261 290/290/263 291/291/264
f  287/287/260 289/289/262 292/292/265
f  287/287/260 292/292/265 290/290/263
f  289/289/262 275/275/253 293/293/266
f  293/293/266 275/275/253 276/276/54
f  293/293/266 276/276/54 294/294/58
f  291/291/264 290/290/263 295/295/267
f  295/295/267 290/290/263 292/292/265
f  292/292/265 289/289/262 296/296/268
f  292/292/265 296/296/268 295/295/267
f  296/296/268 289/289/262 293/293/266
f  291/291/264 295/295/267 297/297/269
f  291/291/264 297/297/269 298/298/270
f  295/295/267 296/296/268 299/299/271
f  295/295/267 299/299/271 297/297/269
f  298/298/270 297/297/269 300/300/272
f  299/299/271 296/296/268 301/301/273
f  301/301/273 296/296/268 293/293/266
f  297/297/269 299/299/271 302/302/274
f  302/302/274 299/299/271 301/301/273
f  300/300/272 297/297/269 303/303/275
f  300/300/272 303/303/275 304/304/276
f  303/303/275 297/297/269 302/302/274
f  303/303/275 302/302/274 305/305/277
f  303/303/275 305/305/277 306/306/278
f  302/302/274 301/301/273 307/307/279
f  307/307/279 301/301/273 293/293/266
f  305/305/277 302/302/274 308/308/280
f  308/308/280 302/302/274 307/307/279
f  305/305/277 308/308/280 309/309/281
f  307/307/279 293/293/266 310/310/282
f  310/310/282 293/293/266 294/294/58
f  310/310/282 294/294/58 311/311/61
f  310/310/282 311/311/61 312/312/62
f  307/307/279 310/310/282 313/313/283
f  307/307/279 313/313/283 308/308/280
f  313/313/283 310/310/282 312/312/62
f  308/308/280 313/313/283 309/309/281
f  313/313/283 312/312/62 314/314/63
f  309/309/281 313/313/283 315/315/284
f  313/313/283 314/314/63 316/316/285
f  313/313/283 316/316/285 315/315/284
f  316/316/285 314/314/63 317/317/286
f  317/317/286 314/314/63 318/318/65
f  317/317/286 318/318/65 316/316/285
f  316/316/285 318/318/65 319/319/66
f  316/316/285 319/319/66 315/315/284
f  309/309/281 315/315/284 320/320/287
f  315/315/284 319/319/66 321/321/288
f  315/315/284 321/321/288 320/320/287
f  320/320/287 321/321/288 319/319/66
f  320/320/287 319/319/66 322/322/67
f  320/320/287 322/322/67 323/323/61
f  324/324/197 325/325/16 326/326/13
f  325/325/16 324/324/197 327/327/289
f  327/327/289 324/324/197 328/328/198
f  325/325/16 327/327/289 329/329/290
f  325/325/16 329/329/290 330/330/17
f  327/327/289 328/328/198 331/331/291
f  327/327/289 331/331/291 329/329/290
f  330/330/17 329/329/290 332/332/22
f  331/331/291 328/328/198 333/333/292
f  333/333/292 328/328/198 334/334/200
f  329/329/290 331/331/291 335/335/293
f  335/335/293 331/331/291 333/333/292
f  332/332/22 329/329/290 336/336/294
f  332/332/22 336/336/294 337/337/295
f  336/336/294 329/329/290 338/338/296
f  338/338/296 329/329/290 335/335/293
f  332/332/22 337/337/295 339/339/25
f  335/335/293 333/333/292 340/340/297
f  340/340/297 333/333/292 341/341/298
f  341/341/298 333/333/292 342/342/299
f  335/335/293 340/340/297 343/343/300
f  340/340/297 341/341/298 344/344/301
f  340/340/297 344/344/301 343/343/300
f  344/344/301 341/341/298 345/345/302
f  345/345/302 341/341/298 346/346/303
f  345/345/302 346/346/303 347/347/304
f  345/345/302 347/347/304 348/348/305
f  345/345/302 348/348/305 349/349/306
f  345/345/302 349/349/306 344/344/301
f  349/349/306 348/348/305 350/350/307
f  344/344/301 349/349/306 351/351/308
f  344/344/301 351/351/308 343/343/300
f  349/349/306 350/350/307 352/352/309
f  351/351/308 349/349/306 353/353/310
f  353/353/310 349/349/306 352/352/309
f  352/352/309 350/350/307 354/354/311
f  354/354/311 350/350/307 355/355/309
f  354/354/311 355/355/309 356/356/312
f  356/356/312 355/355/309 357/357/313
f  352/352/309 354/354/311 358/358/314
f  358/358/314 354/354/311 356/356/312
f  352/352/309 358/358/314 359/359/315
f  352/352/309 359/359/315 353/353/310
f  359/359/315 358/358/314 360/360/316
f  359/359/315 360/360/316 353/353/310
f  360/360/316 358/358/314 361/361/317
f  361/361/317 358/358/314 356/356/312
f  353/353/310 360/360/316 362/362/318
f  361/361/317 356/356/312 363/363/319
f  363/363/319 356/356/312 357/357/313
f  361/361/317 363/363/319 364/364/320
f  363/363/319 357/357/313 365/365/321
f  363/363/319 365/365/321 366/366/17
f  353/353/310 362/362/318 367/367/322
f  353/353/310 367/367/322 368/368/323
f  353/353/310 368/368/323 351/351/308
f  351/351/308 368/368/323 369/369/324
f  351/351/308 369/369/324 343/343/300
f  368/368/323 367/367/322 370/370/325
f  371/371/326 372/372/327 367/367/322
f  367/367/322 372/372/327 370/370/325
f  368/368/323 370/370/325 373/373/211
f  370/370/325 372/372/327 374/374/328
f  373/373/211 370/370/325 375/375/329
f  375/375/329 370/370/325 374/374/328
f  374/374/328 372/372/327 376/376/330
f  375/375/329 374/374/328 377/377/331
f  377/377/331 374/374/328 376/376/330
f  375/375/329 377/377/331 378/378/15
f  373/373/211 375/375/329 379/379/332
f  379/379/332 375/375/329 378/378/15
f  380/380/333 368/368/323 373/373/211
f  380/380/333 373/373/211 379/379/332
f  368/368/323 380/380/333 381/381/334
f  368/368/323 381/381/334 369/369/324
f  380/380/333 379/379/332 382/382/335
f  380/380/333 382/382/335 381/381/334
f  379/379/332 378/378/15 383/383/231
f  379/379/332 383/383/231 382/382/335
f  381/381/334 382/382/335 384/384/336
f  381/381/334 384/384/336 369/369/324
f  382/382/335 383/383/231 385/385/337
f  385/385/337 383/383/231 378/378/15
f  384/384/336 382/382/335 386/386/338
f  386/386/338 382/382/335 385/385/337
f  369/369/324 384/384/336 387/387/339
f  384/384/336 386/386/338 388/388/340
f  384/384/336 388/388/340 387/387/339
f  369/369/324 387/387/339 389/389/341
f  389/389/341 387/387/339 388/388/340
f  369/369/324 389/389/341 343/343/300
f  388/388/340 386/386/338 390/390/342
f  389/389/341 388/388/340 391/391/343
f  391/391/343 388/388/340 390/390/342
f  390/390/342 386/386/338 392/392/344
f  390/390/342 392/392/344 391/391/343
f  392/392/344 386/386/338 385/385/337
f  389/389/341 391/391/343 393/393/345
f  389/389/341 393/393/345 343/343/300
f  391/391/343 392/392/344 337/337/295
f  392/392/344 385/385/337 394/394/346
f  392/392/344 394/394/346 337/337/295
f  337/337/295 394/394/346 339/339/25
f  339/339/25 394/394/346 395/395/29
f  391/391/343 337/337/295 396/396/347
f  391/391/343 396/396/347 393/393/345
f  396/396/347 337/337/295 336/336/294
f  396/396/347 336/336/294 338/338/296
f  396/396/347 338/338/296 393/393/345
f  395/395/29 394/394/346 397/397/348
f  397/397/348 394/394/346 385/385/337
f  393/393/345 338/338/296 398/398/349
f  393/393/345 398/398/349 399/399/350
f  399/399/350 398/398/349 338/338/296
f  393/393/345 399/399/350 343/343/300
f  399/399/350 338/338/296 335/335/293
f  399/399/350 335/335/293 343/343/300
f  397/397/348 385/385/337 400/400/351
f  401/401/121 395/395/29 397/397/348
f  395/395/29 401/401/121 402/402/30
f  401/401/121 397/397/348 400/400/351
f  400/400/351 385/385/337 378/378/15
f  401/401/121 400/400/351 403/403/352
f  401/401/121 403/403/352 404/404/120
f  400/400/351 378/378/15 405/405/353
f  405/405/353 378/378/15 377/377/331
f  400/400/351 405/405/353 406/406/354
f  400/400/351 406/406/354 403/403/352
f  404/404/120 403/403/352 407/407/123
f  403/403/352 406/406/354 408/408/355
f  403/403/352 408/408/355 409/409/356
f  403/403/352 409/409/356 407/407/123
f  407/407/123 409/409/356 410/410/124
f  410/410/124 409/409/356 411/411/357
f  410/410/124 411/411/357 412/412/128
f  410/410/124 412/412/128 413/413/125
f  414/414/358 406/406/354 405/405/353
f  377/377/331 376/376/330 405/405/353
f  405/405/353 376/376/330 414/414/358
f  414/414/358 376/376/330 415/415/359
f  414/414/358 415/415/359 416/416/360
f  415/415/359 376/376/330 417/417/361
f  415/415/359 417/417/361 416/416/360
f  417/417/361 376/376/330 372/372/327
f  416/416/360 417/417/361 418/418/362
f  418/418/362 417/417/361 372/372/327
f  419/419/130 420/420/134 421/421/131
f  422/422/135 423/423/133 420/420/134
f  420/420/134 419/419/130 424/424/363
f  422/422/135 420/420/134 425/425/364
f  425/425/364 420/420/134 424/424/363
f  422/422/135 425/425/364 426/426/365
f  422/422/135 426/426/365 427/427/106
f  427/427/106 426/426/365 428/428/104
f  428/428/104 426/426/365 429/429/366
f  428/428/104 429/429/366 430/430/101
f  430/430/101 429/429/366 431/431/367
f  430/430/101 431/431/367 432/432/99
f  432/432/99 431/431/367 433/433/98
f  431/431/367 429/429/366 434/434/368
f  434/434/368 429/429/366 426/426/365
f  433/433/98 431/431/367 435/435/369
f  434/434/368 426/426/365 436/436/370
f  436/436/370 426/426/365 425/425/364
f  433/433/98 435/435/369 437/437/92
f  431/431/367 434/434/368 438/438/371
f  431/431/367 438/438/371 435/435/369
f  438/438/371 434/434/368 439/439/372
f  439/439/372 434/434/368 436/436/370
f  437/437/92 435/435/369 440/440/373
f  437/437/92 440/440/373 441/441/374
f  435/435/369 438/438/371 442/442/375
f  435/435/369 442/442/375 440/440/373
f  441/441/374 440/440/373 443/443/376
f  443/443/376 440/440/373 442/442/375
f  441/441/374 443/443/376 444/444/377
f  443/443/376 442/442/375 445/445/378
f  442/442/375 438/438/371 446/446/379
f  442/442/375 446/446/379 445/445/378
f  446/446/379 438/438/371 439/439/372
f  443/443/376 445/445/378 447/447/380
f  445/445/378 446/446/379 448/448/381
f  447/447/380 445/445/378 449/449/382
f  447/447/380 449/449/382 450/450/383
f  450/450/383 449/449/382 451/451/384
f  449/449/382 445/445/378 452/452/385
f  452/452/385 445/445/378 448/448/381
f  451/451/384 449/449/382 453/453/386
f  453/453/386 449/449/382 452/452/385
f  451/451/384 453/453/386 454/454/386
f  455/455/73 448/448/381 446/446/379
f  448/448/381 455/455/73 452/452/385
f  455/455/73 446/446/379 439/439/372
f  454/454/386 453/453/386 456/456/387
f  454/454/386 456/456/387 457/457/388
f  457/457/388 456/456/387 458/458/389
f  458/458/389 456/456/387 459/459/390
f  456/456/387 453/453/386 460/460/391
f  456/456/387 460/460/391 459/459/390
f  460/460/391 453/453/386 452/452/385
f  459/459/390 460/460/391 461/461/392
f  461/461/392 460/460/391 452/452/385
f  461/461/392 452/452/385 455/455/73
f  459/459/390 461/461/392 462/462/393
f  461/461/392 455/455/73 463/463/394
f  463/463/394 455/455/73 439/439/372
f  462/462/393 461/461/392 464/464/395
f  464/464/395 461/461/392 463/463/394
f  462/462/393 464/464/395 465/465/396
f  463/463/394 439/439/372 466/466/397
f  465/465/396 464/464/395 467/467/398
f  466/466/397 439/439/372 436/436/370
f  464/464/395 463/463/394 468/468/399
f  464/464/395 468/468/399 467/467/398
f  463/463/394 466/466/397 469/469/400
f  463/463/394 469/469/400 468/468/399
f  465/465/396 467/467/398 470/470/401
f  469/469/400 466/466/397 471/471/402
f  469/469/400 471/471/402 468/468/399
f  467/467/398 468/468/399 472/472/403
f  472/472/403 468/468/399 471/471/402
f  470/470/401 467/467/398 473/473/404
f  470/470/401 473/473/404 474/474/405
f  467/467/398 472/472/403 475/475/406
f  467/467/398 475/475/406 473/473/404
f  472/472/403 471/471/402 476/476/407
f  472/472/403 476/476/407 475/475/406
f  477/477/408 478/478/409 473/473/404
f  477/477/408 473/473/404 475/475/406
f  477/477/408 475/475/406 479/479/410
f  479/479/410 475/475/406 480/480/411
f  480/480/411 475/475/406 481/481/412
f  481/481/412 475/475/406 476/476/407
f  480/480/411 481/481/412 482/482/413
f  480/480/411 482/482/413 483/483/414
f  483/483/414 482/482/413 484/484/415
f  482/482/413 481/481/412 485/485/416
f  485/485/416 481/481/412 476/476/407
f  484/484/415 482/482/413 486/486/417
f  484/484/415 486/486/417 487/487/418
f  484/484/415 487/487/418 488/488/419
f  486/486/417 482/482/413 489/489/420
f  489/489/420 482/482/413 485/485/416
f  486/486/417 489/489/420 490/490/421
f  486/486/417 490/490/421 487/487/418
f  489/489/420 485/485/416 491/491/422
f  491/491/422 485/485/416 476/476/407
f  490/490/421 489/489/420 492/492/423
f  492/492/423 489/489/420 491/491/422
f  491/491/422 476/476/407 493/493/424
f  493/493/424 476/476/407 471/471/402
f  492/492/423 491/491/422 494/494/425
f  494/494/425 491/491/422 493/493/424
f  490/490/421 492/492/423 495/495/426
f  495/495/426 492/492/423 494/494/425
f  490/490/421 495/495/426 496/496/427
f  490/490/421 496/496/427 487/487/418
f  495/495/426 494/494/425 497/497/428
f  487/487/418 496/496/427 498/498/429
f  496/496/427 495/495/426 499/499/430
f  499/499/430 495/495/426 497/497/428
f  496/496/427 499/499/430 498/498/429
f  487/487/418 498/498/429 500/500/431
f  487/487/418 500/500/431 501/501/432
f  501/501/432 500/500/431 502/502/433
f  502/502/433 500/500/431 498/498/429
f  498/498/429 499/499/430 503/503/434
f  503/503/434 499/499/430 504/504/435
f  504/504/435 499/499/430 497/497/428
f  498/498/429 503/503/434 505/505/436
f  498/498/429 505/505/436 502/502/433
f  505/505/436 503/503/434 506/506/437
f  506/506/437 503/503/434 504/504/435
f  502/502/433 505/505/436 507/507/438
f  502/502/433 507/507/438 508/508/439
f  505/505/436 506/506/437 509/509/440
f  505/505/436 509/509/440 507/507/438
f  509/509/440 506/506/437 510/510/441
f  507/507/438 509/509/440 511/511/442
f  510/510/441 506/506/437 512/512/443
f  512/512/443 506/506/437 504/504/435
f  509/509/440 510/510/441 513/513/444
f  509/509/440 513/513/444 511/511/442
f  513/513/444 510/510/441 512/512/443
f  507/507/438 511/511/442 514/514/445
f  507/507/438 514/514/445 515/515/446
f  515/515/446 514/514/445 516/516/447
f  511/511/442 513/513/444 517/517/448
f  516/516/447 514/514/445 518/518/214
f  514/514/445 511/511/442 519/519/449
f  514/514/445 519/519/449 518/518/214
f  519/519/449 511/511/442 520/520/450
f  520/520/450 511/511/442 517/517/448
f  518/518/214 519/519/449 521/521/451
f  516/516/447 518/518/214 522/522/452
f  522/522/452 518/518/214 521/521/451
f  516/516/447 522/522/452 523/523/453
f  523/523/453 522/522/452 524/524/454
f  524/524/454 522/522/452 521/521/451
f  523/523/453 524/524/454 525/525/455
f  525/525/455 524/524/454 526/526/456
f  526/526/456 524/524/454 527/527/457
f  527/527/457 524/524/454 528/528/458
f  528/528/458 524/524/454 521/521/451
f  528/528/458 521/521/451 529/529/459
f  528/528/458 529/529/459 530/530/460
f  531/531/461 521/521/451 519/519/449
f  531/531/461 519/519/449 520/520/450
f  521/521/451 531/531/461 529/529/459
f  531/531/461 520/520/450 532/532/462
f  531/531/461 532/532/462 529/529/459
f  532/532/462 520/520/450 533/533/457
f  530/530/460 529/529/459 534/534/463
f  530/530/460 534/534/463 535/535/318
f  535/535/318 534/534/463 536/536/322
f  536/536/322 534/534/463 537/537/326
f  537/537/326 534/534/463 529/529/459
f  537/537/326 529/529/459 532/532/462
f  537/537/326 532/532/462 533/533/457
f  538/538/362 539/539/327 537/537/326
f  538/538/362 537/537/326 533/533/457
f  538/538/362 533/533/457 540/540/360
f  520/520/450 517/517/448 533/533/457
f  540/540/360 533/533/457 541/541/464
f  541/541/464 533/533/457 517/517/448
f  540/540/360 541/541/464 542/542/358
f  541/541/464 517/517/448 543/543/465
f  541/541/464 543/543/465 542/542/358
f  543/543/465 517/517/448 544/544/466
f  544/544/466 517/517/448 513/513/444
f  542/542/358 543/543/465 545/545/467
f  542/542/358 545/545/467 546/546/354
f  543/543/465 544/544/466 547/547/468
f  547/547/468 544/544/466 513/513/444
f  543/543/465 547/547/468 545/545/467
f  546/546/354 545/545/467 548/548/355
f  547/547/468 513/513/444 512/512/443
f  547/547/468 512/512/443 545/545/467
f  545/545/467 512/512/443 549/549/469
f  545/545/467 549/549/469 548/548/355
f  549/549/469 512/512/443 550/550/470
f  548/548/355 549/549/469 551/551/471
f  551/551/471 549/549/469 550/550/470
f  548/548/355 551/551/471 552/552/356
f  552/552/356 551/551/471 553/553/357
f  550/550/470 512/512/443 504/504/435
f  553/553/357 551/551/471 554/554/472
f  554/554/472 551/551/471 550/550/470
f  553/553/357 554/554/472 555/555/128
f  550/550/470 504/504/435 556/556/473
f  556/556/473 504/504/435 497/497/428
f  554/554/472 550/550/470 557/557/474
f  557/557/474 550/550/470 556/556/473
f  555/555/128 554/554/472 558/558/475
f  558/558/475 554/554/472 557/557/474
f  556/556/473 497/497/428 559/559/476
f  555/555/128 558/558/475 560/560/477
f  555/555/128 560/560/477 561/561/127
f  561/561/127 560/560/477 419/419/130
f  419/419/130 560/560/477 424/424/363
f  559/559/476 497/497/428 562/562/478
f  562/562/478 497/497/428 494/494/425
f  556/556/473 559/559/476 563/563/479
f  556/556/473 563/563/479 557/557/474
f  563/563/479 559/559/476 562/562/478
f  562/562/478 494/494/425 493/493/424
f  557/557/474 563/563/479 564/564/480
f  557/557/474 564/564/480 558/558/475
f  563/563/479 562/562/478 565/565/481
f  563/563/479 565/565/481 564/564/480
f  562/562/478 493/493/424 566/566/482
f  562/562/478 566/566/482 565/565/481
f  558/558/475 564/564/480 567/567/483
f  558/558/475 567/567/483 560/560/477
f  567/567/483 564/564/480 565/565/481
f  560/560/477 567/567/483 424/424/363
f  567/567/483 565/565/481 568/568/484
f  568/568/484 565/565/481 566/566/482
f  567/567/483 568/568/484 424/424/363
f  569/569/485 566/566/482 493/493/424
f  566/566/482 569/569/485 568/568/484
f  424/424/363 568/568/484 570/570/486
f  570/570/486 568/568/484 569/569/485
f  424/424/363 570/570/486 425/425/364
f  425/425/364 570/570/486 571/571/487
f  571/571/487 570/570/486 569/569/485
f  425/425/364 571/571/487 436/436/370
f  569/569/485 493/493/424 572/572/488
f  569/569/485 572/572/488 571/571/487
f  571/571/487 572/572/488 436/436/370
f  572/572/488 493/493/424 471/471/402
f  436/436/370 572/572/488 466/466/397
f  466/466/397 572/572/488 471/471/402
f  573/573/174 574/574/168 575/575/489
f  575/575/489 574/574/168 576/576/165
f  577/577/162 578/578/490 576/576/165
f  576/576/165 578/578/490 579/579/491
f  576/576/165 579/579/491 580/580/492
f  576/576/165 580/580/492 575/575/489
f  580/580/492 579/579/491 581/581/493
f  573/573/174 575/575/489 582/582/494
f  580/580/492 581/581/493 583/583/495
f  575/575/489 580/580/492 584/584/496
f  575/575/489 584/584/496 582/582/494
f  584/584/496 580/580/492 583/583/495
f  573/573/174 582/582/494 585/585/497
f  573/573/174 585/585/497 586/586/176
f  582/582/494 584/584/496 587/587/498
f  583/583/495 581/581/493 588/588/499
f  588/588/499 581/581/493 589/589/500
f  584/584/496 583/583/495 590/590/501
f  584/584/496 590/590/501 587/587/498
f  590/590/501 583/583/495 591/591/502
f  583/583/495 588/588/499 592/592/503
f  583/583/495 592/592/503 591/591/502
f  592/592/503 588/588/499 593/593/504
f  593/593/504 588/588/499 594/594/505
f  593/593/504 594/594/505 595/595/506
f  592/592/503 593/593/504 596/596/507
f  592/592/503 596/596/507 591/591/502
f  593/593/504 595/595/506 597/597/508
f  593/593/504 597/597/508 596/596/507
f  597/597/508 595/595/506 598/598/509
f  598/598/509 595/595/506 599/599/510
f  598/598/509 599/599/510 600/600/511
f  598/598/509 600/600/511 601/601/512
f  598/598/509 601/601/512 597/597/508
f  597/597/508 601/601/512 602/602/513
f  597/597/508 602/602/513 596/596/507
f  602/602/513 601/601/512 603/603/514
f  604/604/515 591/591/502 596/596/507
f  604/604/515 596/596/507 602/602/513
f  602/602/513 603/603/514 605/605/516
f  591/591/502 604/604/515 606/606/517
f  591/591/502 606/606/517 607/607/518
f  591/591/502 607/607/518 590/590/501
f  606/606/517 604/604/515 608/608/519
f  606/606/517 608/608/519 607/607/518
f  590/590/501 607/607/518 587/587/498
f  602/602/513 605/605/516 609/609/520
f  610/610/521 604/604/515 602/602/513
f  610/610/521 602/602/513 609/609/520
f  604/604/515 610/610/521 611/611/522
f  587/587/498 607/607/518 612/612/523
f  604/604/515 611/611/522 613/613/524
f  604/604/515 613/613/524 608/608/519
f  614/614/525 607/607/518 608/608/519
f  607/607/518 614/614/525 612/612/523
f  587/587/498 612/612/523 615/615/526
f  587/587/498 615/615/526 616/616/527
f  587/587/498 616/616/527 582/582/494
f  615/615/526 612/612/523 617/617/528
f  615/615/526 617/617/528 616/616/527
f  612/612/523 614/614/525 618/618/529
f  612/612/523 618/618/529 617/617/528
f  582/582/494 616/616/527 585/585/497
f  585/585/497 616/616/527 619/619/530
f  616/616/527 617/617/528 620/620/531
f  616/616/527 620/620/531 619/619/530
f  620/620/531 617/617/528 621/621/532
f  621/621/532 617/617/528 618/618/529
f  620/620/531 621/621/532 622/622/533
f  620/620/531 622/622/533 619/619/530
f  621/621/532 618/618/529 623/623/534
f  621/621/532 623/623/534 622/622/533
f  623/623/534 618/618/529 624/624/535
f  624/624/535 618/618/529 625/625/536
f  625/625/536 618/618/529 614/614/525
f  623/623/534 624/624/535 626/626/537
f  626/626/537 624/624/535 625/625/536
f  625/625/536 614/614/525 627/627/538
f  627/627/538 614/614/525 608/608/519
f  625/625/536 627/627/538 628/628/539
f  627/627/538 608/608/519 629/629/540
f  625/625/536 628/628/539 630/630/541
f  625/625/536 630/630/541 626/626/537
f  628/628/539 627/627/538 631/631/542
f  631/631/542 627/627/538 629/629/540
f  628/628/539 631/631/542 630/630/541
f  629/629/540 608/608/519 613/613/524
f  631/631/542 629/629/540 632/632/543
f  629/629/540 613/613/524 633/633/544
f  629/629/540 633/633/544 632/632/543
f  633/633/544 613/613/524 634/634/545
f  633/633/544 634/634/545 635/635/546
f  633/633/544 635/635/546 632/632/543
f  634/634/545 613/613/524 636/636/547
f  634/634/545 636/636/547 635/635/546
f  636/636/547 613/613/524 611/611/522
f  637/637/548 630/630/541 631/631/542
f  637/637/548 631/631/542 632/632/543
f  630/630/541 637/637/548 638/638/549
f  630/630/541 638/638/549 639/639/550
f  639/639/550 638/638/549 637/637/548
f  630/630/541 639/639/550 626/626/537
f  626/626/537 639/639/550 640/640/551
f  639/639/550 637/637/548 641/641/552
f  639/639/550 641/641/552 640/640/551
f  626/626/537 640/640/551 642/642/553
f  642/642/553 640/640/551 641/641/552
f  626/626/537 642/642/553 643/643/554
f  626/626/537 643/643/554 623/623/534
f  642/642/553 641/641/552 644/644/555
f  623/623/534 643/643/554 645/645/556
f  623/623/534 645/645/556 622/622/533
f  643/643/554 642/642/553 646/646/532
f  643/643/554 646/646/532 645/645/556
f  646/646/532 642/642/553 644/644/555
f  645/645/556 646/646/532 647/647/557
f  645/645/556 647/647/557 622/622/533
f  647/647/557 646/646/532 644/644/555
f  622/622/533 647/647/557 648/648/558
f  622/622/533 648/648/558 619/619/530
f  648/648/558 647/647/557 649/649/559
f  649/649/559 647/647/557 644/644/555
f  619/619/530 648/648/558 650/650/560
f  650/650/560 648/648/558 651/651/561
f  651/651/561 648/648/558 649/649/559
f  619/619/530 650/650/560 652/652/562
f  619/619/530 652/652/562 585/585/497
f  652/652/562 650/650/560 653/653/563
f  653/653/563 650/650/560 651/651/561
f  585/585/497 652/652/562 654/654/564
f  654/654/564 652/652/562 653/653/563
f  585/585/497 654/654/564 586/586/176
f  586/586/176 654/654/564 655/655/236
f  654/654/564 653/653/563 656/656/565
f  656/656/565 653/653/563 651/651/561
f  654/654/564 656/656/565 655/655/236
f  655/655/236 656/656/565 657/657/229
f  655/655/236 657/657/229 658/658/233
f  657/657/229 656/656/565 659/659/566
f  657/657/229 659/659/566 658/658/233
f  659/659/566 656/656/565 651/651/561
f  658/658/233 659/659/566 660/660/567
f  660/660/567 659/659/566 651/651/561
f  660/660/567 651/651/561 649/649/559
f  660/660/567 649/649/559 661/661/568
f  661/661/568 649/649/559 662/662/569
f  661/661/568 662/662/569 663/663/570
f  662/662/569 649/649/559 644/644/555
f  663/663/570 662/662/569 664/664/571
f  663/663/570 664/664/571 665/665/572
f  665/665/572 664/664/571 666/666/573
f  664/664/571 662/662/569 667/667/574
f  667/667/574 662/662/569 644/644/555
f  668/668/575 669/669/576 664/664/571
f  664/664/571 667/667/574 670/670/577
f  664/664/571 670/670/577 668/668/575
f  670/670/577 667/667/574 671/671/578
f  671/671/578 667/667/574 644/644/555
f  668/668/575 670/670/577 672/672/579
f  672/672/579 670/670/577 671/671/578
f  668/668/575 672/672/579 673/673/580
f  672/672/579 671/671/578 674/674/581
f  673/673/580 672/672/579 675/675/582
f  675/675/582 672/672/579 674/674/581
f  674/674/581 671/671/578 676/676/583
f  674/674/581 676/676/583 675/675/582
f  676/676/583 671/671/578 644/644/555
f  676/676/583 644/644/555 677/677/584
f  676/676/583 677/677/584 675/675/582
f  677/677/584 644/644/555 641/641/552
f  673/673/580 675/675/582 678/678/582
f  678/678/582 675/675/582 677/677/584
f  677/677/584 641/641/552 679/679/585
f  679/679/585 641/641/552 637/637/548
f  678/678/582 677/677/584 680/680/586
f  679/679/585 637/637/548 681/681/587
f  677/677/584 679/679/585 682/682/588
f  677/677/584 682/682/588 680/680/586
f  682/682/588 679/679/585 681/681/587
f  681/681/587 637/637/548 632/632/543
f  680/680/586 682/682/588 683/683/589
f  680/680/586 683/683/589 678/678/582
f  681/681/587 632/632/543 684/684/590
f  684/684/590 632/632/543 635/635/546
f  682/682/588 681/681/587 685/685/591
f  685/685/591 681/681/587 684/684/590
f  683/683/589 682/682/588 686/686/592
f  686/686/592 682/682/588 685/685/591
f  678/678/582 683/683/589 687/687/593
f  678/678/582 687/687/593 688/688/544
f  678/678/582 688/688/544 689/689/594
f  678/678/582 689/689/594 673/673/580
f  673/673/580 689/689/594 690/690/595
f  690/690/595 689/689/594 691/691/596
f  691/691/596 689/689/594 692/692/597
f  687/687/593 683/683/589 693/693/343
f  693/693/343 683/683/589 686/686/592
f  687/687/593 693/693/343 694/694/598
f  694/694/598 693/693/343 695/695/599
f  695/695/599 693/693/343 686/686/592
f  695/695/599 686/686/592 696/696/600
f  696/696/600 686/686/592 685/685/591
f  695/695/599 696/696/600 697/697/601
f  695/695/599 697/697/601 698/698/602
f  698/698/602 697/697/601 699/699/25
f  696/696/600 685/685/591 700/700/603
f  696/696/600 700/700/603 697/697/601
f  699/699/25 697/697/601 701/701/604
f  699/699/25 701/701/604 702/702/605
f  701/701/604 697/697/601 703/703/606
f  701/701/604 703/703/606 702/702/605
f  697/697/601 700/700/603 704/704/607
f  697/697/601 704/704/607 703/703/606
f  705/705/608 700/700/603 685/685/591
f  706/706/609 702/702/605 707/707/610
f  707/707/610 702/702/605 708/708/611
f  708/708/611 702/702/605 703/703/606
f  707/707/610 708/708/611 605/605/516
f  708/708/611 703/703/606 709/709/612
f  605/605/516 708/708/611 710/710/613
f  710/710/613 708/708/611 709/709/612
f  605/605/516 710/710/613 609/609/520
f  709/709/612 703/703/606 711/711/614
f  709/709/612 711/711/614 710/710/613
f  711/711/614 703/703/606 704/704/607
f  609/609/520 710/710/613 712/712/615
f  712/712/615 710/710/613 711/711/614
f  609/609/520 712/712/615 713/713/616
f  712/712/615 711/711/614 714/714/617
f  714/714/617 711/711/614 704/704/607
f  712/712/615 714/714/617 713/713/616
f  714/714/617 704/704/607 715/715/329
f  715/715/329 704/704/607 716/716/618
f  716/716/618 704/704/607 700/700/603
f  714/714/617 715/715/329 717/717/619
f  714/714/617 717/717/619 713/713/616
f  717/717/619 715/715/329 716/716/618
f  716/716/618 700/700/603 705/705/608
f  713/713/616 717/717/619 718/718/620
f  718/718/620 717/717/619 716/716/618
f  719/719/621 609/609/520 713/713/616
f  609/609/520 719/719/621 610/610/521
f  610/610/521 719/719/621 611/611/522
f  719/719/621 713/713/616 720/720/622
f  720/720/622 713/713/616 718/718/620
f  719/719/621 720/720/622 611/611/522
f  718/718/620 716/716/618 721/721/623
f  718/718/620 721/721/623 720/720/622
f  721/721/623 716/716/618 705/705/608
f  611/611/522 720/720/622 722/722/624
f  722/722/624 720/720/622 721/721/623
f  611/611/522 722/722/624 723/723/625
f  722/722/624 721/721/623 724/724/569
f  724/724/569 721/721/623 705/705/608
f  722/722/624 724/724/569 723/723/625
f  611/611/522 723/723/625 636/636/547
f  724/724/569 705/705/608 725/725/626
f  724/724/569 725/725/626 723/723/625
f  636/636/547 723/723/625 726/726/627
f  726/726/627 723/723/625 725/725/626
f  636/636/547 726/726/627 635/635/546
f  725/725/626 705/705/608 727/727/628
f  725/725/626 727/727/628 726/726/627
f  726/726/627 727/727/628 635/635/546
f  727/727/628 705/705/608 685/685/591
f  635/635/546 727/727/628 684/684/590
f  684/684/590 727/727/628 685/685/591
f  728/728/258 729/729/259 730/730/629
f  730/730/629 729/729/259 731/731/261
f  728/728/258 730/730/629 732/732/630
f  730/730/629 731/731/261 733/733/631
f  730/730/629 733/733/631 734/734/632
f  730/730/629 734/734/632 732/732/630
f  733/733/631 731/731/261 735/735/633
f  735/735/633 731/731/261 736/736/264
f  728/728/258 732/732/630 737/737/634
f  728/728/258 737/737/634 738/738/160
f  733/733/631 735/735/633 739/739/635
f  733/733/631 739/739/635 734/734/632
f  735/735/633 736/736/264 740/740/636
f  740/740/636 736/736/264 741/741/270
f  739/739/635 735/735/633 742/742/637
f  742/742/637 735/735/633 740/740/636
f  738/738/160 737/737/634 743/743/638
f  738/738/160 743/743/638 744/744/159
f  743/743/638 737/737/634 745/745/639
f  745/745/639 737/737/634 732/732/630
f  744/744/159 743/743/638 746/746/640
f  744/744/159 746/746/640 747/747/162
f  746/746/640 743/743/638 748/748/641
f  748/748/641 743/743/638 745/745/639
f  747/747/162 746/746/640 749/749/642
f  749/749/642 746/746/640 748/748/641
f  747/747/162 749/749/642 750/750/490
f  750/750/490 749/749/642 751/751/491
f  751/751/491 749/749/642 752/752/643
f  752/752/643 749/749/642 748/748/641
f  751/751/491 752/752/643 753/753/493
f  753/753/493 752/752/643 754/754/500
f  752/752/643 748/748/641 755/755/644
f  755/755/644 748/748/641 745/745/639
f  752/752/643 755/755/644 756/756/645
f  754/754/500 752/752/643 757/757/646
f  757/757/646 752/752/643 756/756/645
f  756/756/645 755/755/644 758/758/647
f  756/756/645 758/758/647 757/757/646
f  758/758/647 755/755/644 745/745/639
f  754/754/500 757/757/646 759/759/648
f  754/754/500 759/759/648 760/760/505
f  754/754/500 760/760/505 761/761/499
f  759/759/648 757/757/646 762/762/649
f  762/762/649 757/757/646 758/758/647
f  760/760/505 759/759/648 763/763/650
f  763/763/650 759/759/648 762/762/649
f  760/760/505 763/763/650 764/764/651
f  760/760/505 764/764/651 765/765/506
f  765/765/506 764/764/651 766/766/510
f  764/764/651 763/763/650 767/767/652
f  767/767/652 763/763/650 762/762/649
f  766/766/510 764/764/651 768/768/653
f  766/766/510 768/768/653 769/769/654
f  766/766/510 769/769/654 770/770/511
f  768/768/653 764/764/651 771/771/655
f  768/768/653 771/771/655 769/769/654
f  771/771/655 764/764/651 767/767/652
f  769/769/654 771/771/655 772/772/656
f  772/772/656 771/771/655 773/773/657
f  773/773/657 771/771/655 767/767/652
f  772/772/656 773/773/657 774/774/658
f  775/775/659 767/767/652 762/762/649
f  767/767/652 775/775/659 773/773/657
f  774/774/658 773/773/657 776/776/660
f  773/773/657 775/775/659 777/777/661
f  776/776/660 773/773/657 778/778/662
f  778/778/662 773/773/657 777/777/661
f  777/777/661 775/775/659 779/779/663
f  777/777/661 779/779/663 778/778/662
f  775/775/659 762/762/649 780/780/664
f  775/775/659 780/780/664 779/779/663
f  780/780/664 762/762/649 781/781/665
f  781/781/665 762/762/649 758/758/647
f  779/779/663 780/780/664 782/782/666
f  782/782/666 780/780/664 781/781/665
f  779/779/663 782/782/666 783/783/667
f  779/779/663 783/783/667 778/778/662
f  782/782/666 781/781/665 784/784/668
f  781/781/665 758/758/647 785/785/669
f  781/781/665 785/785/669 784/784/668
f  785/785/669 758/758/647 786/786/670
f  786/786/670 758/758/647 745/745/639
f  784/784/668 785/785/669 787/787/671
f  787/787/671 785/785/669 786/786/670
f  782/782/666 784/784/668 788/788/672
f  788/788/672 784/784/668 787/787/671
f  782/782/666 788/788/672 783/783/667
f  786/786/670 745/745/639 789/789/673
f  786/786/670 789/789/673 787/787/671
f  789/789/673 745/745/639 732/732/630
f  789/789/673 732/732/630 734/734/632
f  789/789/673 734/734/632 787/787/671
f  787/787/671 734/734/632 790/790/674
f  787/787/671 790/790/674 788/788/672
f  790/790/674 734/734/632 739/739/635
f  790/790/674 739/739/635 791/791/675
f  791/791/675 739/739/635 742/742/637
f  788/788/672 790/790/674 792/792/676
f  788/788/672 792/792/676 783/783/667
f  790/790/674 791/791/675 793/793/677
f  790/790/674 793/793/677 792/792/676
f  791/791/675 742/742/637 794/794/678
f  791/791/675 794/794/678 793/793/677
f  794/794/678 742/742/637 795/795/679
f  794/794/678 795/795/679 793/793/677
f  795/795/679 742/742/637 796/796/680
f  796/796/680 742/742/637 740/740/636
f  796/796/680 740/740/636 797/797/681
f  796/796/680 797/797/681 798/798/56
f  796/796/680 798/798/56 795/795/679
f  797/797/681 740/740/636 799/799/682
f  797/797/681 799/799/682 798/798/56
f  795/795/679 798/798/56 800/800/683
f  799/799/682 740/740/636 801/801/684
f  801/801/684 740/740/636 741/741/270
f  801/801/684 741/741/270 802/802/272
f  801/801/684 802/802/272 803/803/685
f  801/801/684 803/803/685 799/799/682
f  803/803/685 802/802/272 804/804/276
f  805/805/686 798/798/56 799/799/682
f  805/805/686 799/799/682 803/803/685
f  798/798/56 805/805/686 806/806/687
f  798/798/56 806/806/687 800/800/683
f  805/805/686 803/803/685 807/807/688
f  807/807/688 803/803/685 804/804/276
f  806/806/687 805/805/686 808/808/689
f  808/808/689 805/805/686 807/807/688
f  800/800/683 806/806/687 809/809/690
f  800/800/683 809/809/690 795/795/679
f  809/809/690 806/806/687 810/810/286
f  810/810/286 806/806/687 808/808/689
f  795/795/679 809/809/690 811/811/367
f  811/811/367 809/809/690 810/810/286
f  795/795/679 811/811/367 793/793/677
f  810/810/286 808/808/689 812/812/691
f  810/810/286 812/812/691 811/811/367
f  793/793/677 811/811/367 813/813/692
f  813/813/692 811/811/367 812/812/691
f  793/793/677 813/813/692 792/792/676
f  792/792/676 813/813/692 814/814/693
f  814/814/693 813/813/692 812/812/691
f  792/792/676 814/814/693 783/783/667
f  783/783/667 814/814/693 815/815/694
f  815/815/694 814/814/693 812/812/691
f  783/783/667 815/815/694 816/816/695
f  783/783/667 816/816/695 778/778/662
f  816/816/695 815/815/694 817/817/696
f  816/816/695 817/817/696 778/778/662
f  817/817/696 815/815/694 812/812/691
f  778/778/662 817/817/696 818/818/697
f  778/778/662 818/818/697 776/776/660
f  817/817/696 812/812/691 819/819/698
f  817/817/696 819/819/698 818/818/697
f  819/819/698 812/812/691 820/820/699
f  820/820/699 812/812/691 808/808/689
f  818/818/697 819/819/698 821/821/700
f  776/776/660 818/818/697 822/822/701
f  822/822/701 818/818/697 821/821/700
f  776/776/660 822/822/701 823/823/702
f  823/823/702 822/822/701 824/824/703
f  824/824/703 822/822/701 821/821/700
f  821/821/700 819/819/698 825/825/704
f  825/825/704 819/819/698 820/820/699
f  821/821/700 825/825/704 826/826/705
f  826/826/705 825/825/704 820/820/699
f  821/821/700 826/826/705 827/827/706
f  821/821/700 827/827/706 828/828/707
f  827/827/706 826/826/705 829/829/708
f  829/829/708 826/826/705 820/820/699
f  827/827/706 829/829/708 830/830/709
f  830/830/709 829/829/708 831/831/710
f  829/829/708 820/820/699 832/832/711
f  832/832/711 820/820/699 808/808/689
f  831/831/710 829/829/708 833/833/712
f  833/833/712 829/829/708 832/832/711
f  831/831/710 833/833/712 834/834/81
f  832/832/711 808/808/689 807/807/688
f  832/832/711 807/807/688 833/833/712
f  833/833/712 807/807/688 835/835/713
f  833/833/712 835/835/713 834/834/81
f  835/835/713 807/807/688 836/836/714
f  836/836/714 807/807/688 804/804/276
f  836/836/714 804/804/276 837/837/715
f  835/835/713 836/836/714 838/838/716
f  835/835/713 838/838/716 834/834/81
f  838/838/716 836/836/714 839/839/717
f  834/834/81 838/838/716 840/840/718
f  840/840/718 838/838/716 839/839/717
f  840/840/718 839/839/717 841/841/719
f  840/840/718 841/841/719 842/842/720
f  840/840/718 842/842/720 843/843/721
f  840/840/718 843/843/721 844/844/722
f  845/845/207 846/846/723 847/847/202
f  847/847/202 846/846/723 848/848/724
f  848/848/724 846/846/723 845/845/207
f  847/847/202 848/848/724 849/849/201
f  850/850/206 851/851/209 845/845/207
f  845/845/207 851/851/209 848/848/724
f  852/852/212 851/851/209 853/853/208
f  849/849/201 848/848/724 854/854/725
f  849/849/201 854/854/725 855/855/200
f  855/855/200 854/854/725 856/856/292
f  856/856/292 854/854/725 857/857/299
f  857/857/299 854/854/725 848/848/724
f  851/851/209 852/852/212 858/858/726
f  859/859/727 848/848/724 851/851/209
f  859/859/727 851/851/209 858/858/726
f  848/848/724 859/859/727 860/860/728
f  848/848/724 860/860/728 857/857/299
f  857/857/299 860/860/728 861/861/729
f  861/861/729 860/860/728 859/859/727
f  857/857/299 861/861/729 862/862/303
f  857/857/299 862/862/303 863/863/730
f  857/857/299 863/863/730 864/864/298
f  864/864/298 863/863/730 862/862/303
f  862/862/303 861/861/729 865/865/304
f  865/865/304 861/861/729 859/859/727
f  865/865/304 859/859/727 866/866/731
f  865/865/304 866/866/731 867/867/732
f  865/865/304 867/867/732 868/868/305
f  867/867/732 866/866/731 869/869/733
f  867/867/732 869/869/733 868/868/305
f  869/869/733 866/866/731 859/859/727
f  868/868/305 869/869/733 870/870/734
f  868/868/305 870/870/734 871/871/307
f  869/869/733 859/859/727 872/872/735
f  869/869/733 872/872/735 870/870/734
f  871/871/307 870/870/734 873/873/309
f  872/872/735 859/859/727 858/858/726
f  873/873/309 870/870/734 874/874/736
f  874/874/736 870/870/734 872/872/735
f  872/872/735 858/858/726 875/875/737
f  873/873/309 874/874/736 876/876/738
f  873/873/309 876/876/738 877/877/313
f  874/874/736 872/872/735 878/878/739
f  878/878/739 872/872/735 875/875/737
f  877/877/313 876/876/738 879/879/740
f  877/877/313 879/879/740 880/880/321
f  880/880/321 879/879/740 881/881/741
f  881/881/741 879/879/740 882/882/596
f  882/882/596 879/879/740 883/883/595
f  879/879/740 876/876/738 884/884/742
f  879/879/740 884/884/742 883/883/595
f  884/884/742 876/876/738 874/874/736
f  883/883/595 884/884/742 885/885/612
f  885/885/612 884/884/742 874/874/736
f  883/883/595 885/885/612 886/886/580
f  885/885/612 874/874/736 878/878/739
f  886/886/580 885/885/612 887/887/575
f  887/887/575 885/885/612 878/878/739
f  887/887/575 878/878/739 888/888/576
f  889/889/571 888/888/576 890/890/573
f  888/888/576 878/878/739 891/891/743
f  888/888/576 891/891/743 890/890/573
f  891/891/743 878/878/739 892/892/744
f  892/892/744 878/878/739 875/875/737
f  890/890/573 891/891/743 893/893/22
f  890/890/573 893/893/22 894/894/572
f  891/891/743 892/892/744 895/895/745
f  891/891/743 895/895/745 893/893/22
f  892/892/744 875/875/737 896/896/746
f  892/892/744 896/896/746 895/895/745
f  897/897/570 894/894/572 898/898/568
f  898/898/568 894/894/572 893/893/22
f  896/896/746 875/875/737 899/899/747
f  899/899/747 875/875/737 858/858/726
f  899/899/747 858/858/726 900/900/748
f  900/900/748 858/858/726 852/852/212
f  900/900/748 852/852/212 901/901/214
f  899/899/747 900/900/748 902/902/749
f  899/899/747 902/902/749 896/896/746
f  900/900/748 901/901/214 903/903/750
f  900/900/748 903/903/750 902/902/749
f  903/903/750 901/901/214 904/904/222
f  903/903/750 904/904/222 905/905/225
f  903/903/750 905/905/225 906/906/751
f  906/906/751 905/905/225 907/907/226
f  902/902/749 903/903/750 908/908/752
f  908/908/752 903/903/750 906/906/751
f  906/906/751 907/907/226 909/909/230
f  902/902/749 908/908/752 910/910/753
f  910/910/753 908/908/752 906/906/751
f  906/906/751 909/909/230 911/911/754
f  906/906/751 911/911/754 910/910/753
f  912/912/234 909/909/230 913/913/229
f  902/902/749 910/910/753 914/914/755
f  902/902/749 914/914/755 915/915/756
f  915/915/756 914/914/755 910/910/753
f  902/902/749 915/915/756 896/896/746
f  896/896/746 915/915/756 895/895/745
f  915/915/756 910/910/753 916/916/757
f  915/915/756 916/916/757 895/895/745
f  916/916/757 910/910/753 911/911/754
f  895/895/745 916/916/757 917/917/724
f  917/917/724 916/916/757 911/911/754
f  895/895/745 917/917/724 893/893/22
f  893/893/22 917/917/724 918/918/758
f  917/917/724 911/911/754 919/919/759
f  917/917/724 919/919/759 918/918/758
f  918/918/758 919/919/759 893/893/22
f  919/919/759 911/911/754 909/909/230
f  919/919/759 909/909/230 912/912/234
f  893/893/22 919/919/759 898/898/568
f  898/898/568 919/919/759 920/920/567
f  920/920/567 919/919/759 912/912/234
f  920/920/567 912/912/234 921/921/233
f  922/922/91 923/923/92 924/924/374
f  922/922/91 924/924/374 925/925/377
f  922/922/91 925/925/377 926/926/760
f  922/922/91 926/926/760 927/927/88
f  927/927/88 926/926/760 928/928/761
f  927/927/88 928/928/761 929/929/82
f  929/929/82 928/928/761 930/930/83
f  930/930/83 928/928/761 931/931/762
f  930/930/83 931/931/762 932/932/84
f  928/928/761 926/926/760 933/933/763
f  934/934/764 926/926/760 925/925/377
f  926/926/760 934/934/764 933/933/763
f  934/934/764 925/925/377 935/935/380
f  935/935/380 925/925/377 936/936/376
f  933/933/763 934/934/764 937/937/765
f  934/934/764 935/935/380 938/938/766
f  934/934/764 938/938/766 937/937/765
f  938/938/766 935/935/380 939/939/383
f  933/933/763 937/937/765 940/940/767
f  940/940/767 937/937/765 938/938/766
f  941/941/768 928/928/761 933/933/763
f  941/941/768 933/933/763 940/940/767
f  928/928/761 941/941/768 931/931/762
f  938/938/766 939/939/383 942/942/769
f  942/942/769 939/939/383 943/943/770
f  940/940/767 938/938/766 944/944/771
f  940/940/767 944/944/771 941/941/768
f  938/938/766 942/942/769 945/945/772
f  938/938/766 945/945/772 944/944/771
f  945/945/772 942/942/769 943/943/770
f  943/943/770 939/939/383 946/946/384
f  944/944/771 945/945/772 947/947/773
f  947/947/773 945/945/772 943/943/770
f  941/941/768 944/944/771 948/948/774
f  941/941/768 948/948/774 931/931/762
f  948/948/774 944/944/771 947/947/773
f  943/943/770 946/946/384 949/949/775
f  949/949/775 946/946/384 950/950/386
f  949/949/775 950/950/386 951/951/388
f  943/943/770 949/949/775 952/952/776
f  943/943/770 952/952/776 947/947/773
f  947/947/773 952/952/776 953/953/777
f  953/953/777 952/952/776 954/954/64
f  953/953/777 954/954/64 955/955/778
f  953/953/777 955/955/778 956/956/779
f  953/953/777 956/956/779 957/957/780
f  953/953/777 957/957/780 947/947/773
f  957/957/780 956/956/779 958/958/781
f  947/947/773 957/957/780 959/959/782
f  959/959/782 957/957/780 960/960/783
f  959/959/782 960/960/783 961/961/784
f  959/959/782 961/961/784 962/962/785
f  959/959/782 962/962/785 963/963/779
f  947/947/773 959/959/782 948/948/774
f  948/948/774 959/959/782 963/963/779
f  948/948/774 963/963/779 964/964/786
f  948/948/774 964/964/786 965/965/787
f  948/948/774 965/965/787 931/931/762
f  931/931/762 965/965/787 932/932/84
f  965/965/787 964/964/786 966/966/788
f  965/965/787 966/966/788 932/932/84
f  966/966/788 964/964/786 967/967/789
f  932/932/84 966/966/788 968/968/85
f  968/968/85 966/966/788 967/967/789
f  968/968/85 967/967/789 969/969/266
f  968/968/85 969/969/266 970/970/86
f  970/970/86 969/969/266 971/971/720
f  972/972/281 973/973/287 974/974/61
f  972/972/281 974/974/61 975/975/278
f  972/972/281 975/975/278 976/976/277
f  977/977/275 975/975/278 978/978/276
f  978/978/276 975/975/278 979/979/715
f  979/979/715 975/975/278 974/974/61
f  979/979/715 974/974/61 980/980/75
f  980/980/75 974/974/61 981/981/67
f  979/979/715 980/980/75 982/982/81
f  979/979/715 982/982/81 983/983/717
f  979/979/715 983/983/717 984/984/714
f  983/983/717 982/982/81 985/985/719
f  985/985/719 982/982/81 986/986/86
f  985/985/719 986/986/86 987/987/720
f  988/988/790 989/989/460 990/990/318
f  988/988/790 990/990/318 991/991/316
f  988/988/790 991/991/316 992/992/317
f  989/989/460 988/988/790 993/993/326
f  988/988/790 992/992/317 994/994/791
f  988/988/790 994/994/791 993/993/326
f  994/994/791 992/992/317 995/995/320
f  989/989/460 993/993/326 996/996/458
f  994/994/791 995/995/320 997/997/792
f  994/994/791 997/997/792 998/998/793
f  996/996/458 993/993/326 999/999/794
f  996/996/458 999/999/794 1000/1000/457
f  993/993/326 994/994/791 1001/1001/795
f  993/993/326 1001/1001/795 999/999/794
f  994/994/791 998/998/793 1002/1002/796
f  1001/1001/795 994/994/791 1003/1003/797
f  1003/1003/797 994/994/791 1002/1002/796
f  1001/1001/795 1003/1003/797 1004/1004/798
f  1004/1004/798 1003/1003/797 1002/1002/796
f  1004/1004/798 1002/1002/796 998/998/793
f  1001/1001/795 1004/1004/798 999/999/794
f  1004/1004/798 998/998/793 1005/1005/799
f  1004/1004/798 1005/1005/799 1006/1006/797
f  1006/1006/797 1005/1005/799 1007/1007/800
f  1004/1004/798 1006/1006/797 1008/1008/801
f  1008/1008/801 1006/1006/797 1007/1007/800
f  1004/1004/798 1008/1008/801 999/999/794
f  1008/1008/801 1007/1007/800 1009/1009/802
f  1008/1008/801 1009/1009/802 999/999/794
f  1009/1009/802 1007/1007/800 1010/1010/803
f  999/999/794 1009/1009/802 1011/1011/804
f  1011/1011/804 1009/1009/802 1010/1010/803
f  999/999/794 1011/1011/804 1000/1000/457
f  1011/1011/804 1010/1010/803 1012/1012/805
f  1000/1000/457 1011/1011/804 1013/1013/456
f  1013/1013/456 1011/1011/804 1012/1012/805
f  1014/1014/710 1015/1015/81 1016/1016/806
f  1014/1014/710 1016/1016/806 1017/1017/807
f  1016/1016/806 1015/1015/81 1018/1018/808
f  1018/1018/808 1015/1015/81 1019/1019/718
f  1018/1018/808 1019/1019/718 1020/1020/722
f  1018/1018/808 1020/1020/722 1021/1021/809
f  1021/1021/809 1020/1020/722 1022/1022/721
f  1023/1023/810 1024/1024/811 1022/1022/721
f  1022/1022/721 1024/1024/811 1021/1021/809
f  1016/1016/806 1018/1018/808 1025/1025/812
f  1025/1025/812 1018/1018/808 1021/1021/809
f  1016/1016/806 1025/1025/812 1026/1026/813
f  1016/1016/806 1026/1026/813 1017/1017/807
f  1025/1025/812 1021/1021/809 1027/1027/814
f  1025/1025/812 1027/1027/814 1026/1026/813
f  1027/1027/814 1021/1021/809 1028/1028/282
f  1027/1027/814 1028/1028/282 1026/1026/813
f  1028/1028/282 1021/1021/809 1029/1029/704
f  1029/1029/704 1021/1021/809 1030/1030/815
f  1029/1029/704 1030/1030/815 1031/1031/816
f  1029/1029/704 1031/1031/816 1032/1032/817
f  1029/1029/704 1032/1032/817 1028/1028/282
f  1032/1032/817 1031/1031/816 1033/1033/718
f  1033/1033/718 1031/1031/816 1034/1034/818
f  1034/1034/818 1031/1031/816 1035/1035/819
f  1034/1034/818 1035/1035/819 1036/1036/820
f  1033/1033/718 1034/1034/818 1037/1037/821
f  1033/1033/718 1037/1037/821 1032/1032/817
f  1028/1028/282 1032/1032/817 1038/1038/822
f  1038/1038/822 1032/1032/817 1037/1037/821
f  1038/1038/822 1037/1037/821 1039/1039/823
f  1039/1039/823 1037/1037/821 1040/1040/814
f  1038/1038/822 1039/1039/823 1041/1041/824
f  1041/1041/824 1039/1039/823 1042/1042/825
f  1041/1041/824 1042/1042/825 1043/1043/826
f  1038/1038/822 1041/1041/824 1044/1044/827
f  1044/1044/827 1041/1041/824 1043/1043/826
f  1038/1038/822 1044/1044/827 1028/1028/282
f  1028/1028/282 1044/1044/827 1045/1045/828
f  1028/1028/282 1045/1045/828 1026/1026/813
f  1044/1044/827 1043/1043/826 1046/1046/829
f  1044/1044/827 1046/1046/829 1045/1045/828
f  1026/1026/813 1045/1045/828 1047/1047/830
f  1047/1047/830 1045/1045/828 1046/1046/829
f  1026/1026/813 1047/1047/830 1017/1017/807
f  1046/1046/829 1043/1043/826 1048/1048/831
f  1046/1046/829 1048/1048/831 1047/1047/830
f  1048/1048/831 1043/1043/826 1049/1049/832
f  1017/1017/807 1047/1047/830 1050/1050/833
f  1050/1050/833 1047/1047/830 1048/1048/831
f  1051/1051/834 1048/1048/831 1052/1052/835
f  1048/1048/831 1051/1051/834 1050/1050/833
f  1050/1050/833 1051/1051/834 1053/1053/836
f  1017/1017/807 1050/1050/833 1054/1054/837
f  1050/1050/833 1053/1053/836 1055/1055/838
f  1050/1050/833 1055/1055/838 1054/1054/837
f  1017/1017/807 1054/1054/837 1056/1056/709
f  1056/1056/709 1054/1054/837 1055/1055/838
f  1017/1017/807 1056/1056/709 1014/1014/710
f  1055/1055/838 1053/1053/836 1057/1057/707
f  1055/1055/838 1057/1057/707 1056/1056/709
f  1056/1056/709 1057/1057/707 1058/1058/706
f  1057/1057/707 1053/1053/836 1059/1059/839
f  1057/1057/707 1059/1059/839 1060/1060/840
f  1057/1057/707 1060/1060/840 1061/1061/703
f  1057/1057/707 1061/1061/703 1062/1062/700
f  1061/1061/703 1060/1060/840 1063/1063/702
f  1064/1064/609 1065/1065/25 1066/1066/605
f  1065/1065/25 1064/1064/609 1067/1067/841
f  1065/1065/25 1067/1067/841 1068/1068/602
f  1067/1067/841 1064/1064/609 1069/1069/842
f  1067/1067/841 1069/1069/842 1070/1070/843
f  1067/1067/841 1070/1070/843 1071/1071/844
f  1069/1069/842 1064/1064/609 1072/1072/845
f  1072/1072/845 1064/1064/609 1073/1073/610
f  1070/1070/843 1069/1069/842 1074/1074/846
f  1072/1072/845 1073/1073/610 1075/1075/847
f  1075/1075/847 1073/1073/610 1076/1076/516
f  1075/1075/847 1076/1076/516 1077/1077/514
f  1069/1069/842 1072/1072/845 1078/1078/848
f  1069/1069/842 1078/1078/848 1074/1074/846
f  1072/1072/845 1075/1075/847 1079/1079/849
f  1072/1072/845 1079/1079/849 1078/1078/848
f  1070/1070/843 1074/1074/846 1080/1080/850
f  1079/1079/849 1075/1075/847 1081/1081/851
f  1080/1080/850 1074/1074/846 1082/1082/852
f  1082/1082/852 1074/1074/846 1078/1078/848
f  1070/1070/843 1080/1080/850 1083/1083/853
f  1070/1070/843 1083/1083/853 1071/1071/844
f  1083/1083/853 1080/1080/850 1082/1082/852
f  1071/1071/844 1083/1083/853 1084/1084/854
f  1084/1084/854 1083/1083/853 1085/1085/855
f  1085/1085/855 1083/1083/853 1082/1082/852
f  1082/1082/852 1078/1078/848 1086/1086/856
f  1082/1082/852 1086/1086/856 1087/1087/857
f  1087/1087/857 1086/1086/856 1078/1078/848
f  1082/1082/852 1087/1087/857 1085/1085/855
f  1088/1088/858 1078/1078/848 1079/1079/849
f  1078/1078/848 1088/1088/858 1087/1087/857
f  1088/1088/858 1079/1079/849 1081/1081/851
f  1087/1087/857 1088/1088/858 1089/1089/859
f  1087/1087/857 1089/1089/859 1090/1090/860
f  1087/1087/857 1090/1090/860 1085/1085/855
f  1089/1089/859 1088/1088/858 1091/1091/861
f  1089/1089/859 1091/1091/861 1090/1090/860
f  1091/1091/861 1088/1088/858 1092/1092/862
f  1092/1092/862 1088/1088/858 1081/1081/851
f  1090/1090/860 1091/1091/861 1093/1093/863
f  1091/1091/861 1092/1092/862 1094/1094/864
f  1091/1091/861 1094/1094/864 1093/1093/863
f  1092/1092/862 1081/1081/851 1095/1095/865
f  1092/1092/862 1095/1095/865 1094/1094/864
f  1095/1095/865 1081/1081/851 1096/1096/866
f  1093/1093/863 1094/1094/864 1097/1097/867
f  1093/1093/863 1097/1097/867 1090/1090/860
f  1094/1094/864 1095/1095/865 1098/1098/868
f  1097/1097/867 1094/1094/864 1099/1099/869
f  1099/1099/869 1094/1094/864 1098/1098/868
f  1090/1090/860 1097/1097/867 1100/1100/870
f  1090/1090/860 1100/1100/870 1085/1085/855
f  1097/1097/867 1099/1099/869 1101/1101/871
f  1097/1097/867 1101/1101/871 1100/1100/870
f  1085/1085/855 1100/1100/870 1102/1102/872
f  1102/1102/872 1100/1100/870 1101/1101/871
f  1103/1103/873 1104/1104/874 1085/1085/855
f  1101/1101/871 1099/1099/869 1105/1105/875
f  1105/1105/875 1099/1099/869 1098/1098/868
f  1085/1085/855 1102/1102/872 1106/1106/876
f  1085/1085/855 1106/1106/876 1103/1103/873
f  1102/1102/872 1101/1101/871 1107/1107/570
f  1102/1102/872 1107/1107/570 1106/1106/876
f  1101/1101/871 1105/1105/875 1108/1108/877
f  1101/1101/871 1108/1108/877 1107/1107/570
f  1105/1105/875 1098/1098/868 1109/1109/878
f  1105/1105/875 1109/1109/878 1108/1108/877
f  1107/1107/570 1108/1108/877 1110/1110/879
f  1107/1107/570 1110/1110/879 1106/1106/876
f  1108/1108/877 1109/1109/878 1111/1111/880
f  1108/1108/877 1111/1111/880 1110/1110/879
f  1109/1109/878 1098/1098/868 1112/1112/881
f  1109/1109/878 1112/1112/881 1111/1111/880
f  1106/1106/876 1110/1110/879 1113/1113/882
f  1113/1113/882 1110/1110/879 1111/1111/880
f  1114/1114/883 1103/1103/873 1106/1106/876
f  1113/1113/882 1111/1111/880 1115/1115/579
f  1115/1115/579 1111/1111/880 1112/1112/881
f  1106/1106/876 1113/1113/882 1116/1116/884
f  1116/1116/884 1113/1113/882 1115/1115/579
f  1106/1106/876 1116/1116/884 1114/1114/883
f  1103/1103/873 1114/1114/883 1117/1117/885
f  1116/1116/884 1115/1115/579 1118/1118/886
f  1115/1115/579 1112/1112/881 1119/1119/887
f  1115/1115/579 1119/1119/887 1118/1118/886
f  1119/1119/887 1112/1112/881 1120/1120/888
f  1119/1119/887 1120/1120/888 1118/1118/886
f  1120/1120/888 1112/1112/881 1121/1121/889
f  1120/1120/888 1121/1121/889 1122/1122/890
f  1120/1120/888 1122/1122/890 1118/1118/886
f  1121/1121/889 1112/1112/881 1123/1123/891
f  1123/1123/891 1112/1112/881 1098/1098/868
f  1123/1123/891 1098/1098/868 1095/1095/865
f  1123/1123/891 1095/1095/865 1096/1096/866
f  1121/1121/889 1123/1123/891 1124/1124/892
f  1121/1121/889 1124/1124/892 1122/1122/890
f  1124/1124/892 1123/1123/891 1125/1125/893
f  1125/1125/893 1123/1123/891 1096/1096/866
f  1122/1122/890 1124/1124/892 1126/1126/894
f  1124/1124/892 1125/1125/893 1127/1127/895
f  1124/1124/892 1127/1127/895 1126/1126/894
f  1125/1125/893 1096/1096/866 1128/1128/896
f  1127/1127/895 1125/1125/893 1129/1129/897
f  1129/1129/897 1125/1125/893 1128/1128/896
f  1127/1127/895 1129/1129/897 1130/1130/898
f  1127/1127/895 1130/1130/898 1126/1126/894
f  1129/1129/897 1128/1128/896 1131/1131/899
f  1128/1128/896 1096/1096/866 1132/1132/900
f  1129/1129/897 1131/1131/899 1133/1133/901
f  1129/1129/897 1133/1133/901 1130/1130/898
f  1130/1130/898 1133/1133/901 1134/1134/902
f  1134/1134/902 1133/1133/901 1135/1135/903
f  1135/1135/903 1133/1133/901 1131/1131/899
f  1135/1135/903 1131/1131/899 1136/1136/904
f  1136/1136/904 1131/1131/899 1137/1137/905
f  1134/1134/902 1135/1135/903 1138/1138/906
f  1134/1134/902 1138/1138/906 1130/1130/898
f  1138/1138/906 1135/1135/903 1139/1139/907
f  1138/1138/906 1139/1139/907 1140/1140/908
f  1137/1137/905 1131/1131/899 1141/1141/909
f  1141/1141/909 1131/1131/899 1128/1128/896
f  1130/1130/898 1138/1138/906 1142/1142/910
f  1142/1142/910 1138/1138/906 1140/1140/908
f  1137/1137/905 1141/1141/909 1143/1143/911
f  1137/1137/905 1143/1143/911 1144/1144/912
f  1141/1141/909 1128/1128/896 1145/1145/913
f  1141/1141/909 1145/1145/913 1143/1143/911
f  1144/1144/912 1143/1143/911 1146/1146/914
f  1146/1146/914 1143/1143/911 1145/1145/913
f  1144/1144/912 1146/1146/914 1147/1147/656
f  1147/1147/656 1146/1146/914 1148/1148/654
f  1148/1148/654 1146/1146/914 1149/1149/511
f  1149/1149/511 1146/1146/914 1145/1145/913
f  1132/1132/900 1145/1145/913 1128/1128/896
f  1145/1145/913 1132/1132/900 1149/1149/511
f  1149/1149/511 1132/1132/900 1150/1150/512
f  1150/1150/512 1132/1132/900 1077/1077/514
f  1077/1077/514 1132/1132/900 1151/1151/915
f  1151/1151/915 1132/1132/900 1096/1096/866
f  1077/1077/514 1151/1151/915 1075/1075/847
f  1151/1151/915 1096/1096/866 1081/1081/851
f  1151/1151/915 1081/1081/851 1075/1075/847
f  1152/1152/597 1153/1153/594 1154/1154/544
f  1152/1152/597 1154/1154/544 1155/1155/916
f  1152/1152/597 1155/1155/916 1156/1156/917
f  1152/1152/597 1156/1156/917 1157/1157/918
f  1152/1152/597 1157/1157/918 1158/1158/596
f  1158/1158/596 1157/1157/918 1159/1159/741
f  1156/1156/917 1155/1155/916 1160/1160/542
f  1155/1155/916 1154/1154/544 1161/1161/617
f  1155/1155/916 1161/1161/617 1160/1160/542
f  1161/1161/617 1154/1154/544 1162/1162/593
f  1161/1161/617 1162/1162/593 1163/1163/598
f  1156/1156/917 1160/1160/542 1164/1164/919
f  1161/1161/617 1163/1163/598 1165/1165/13
f  1166/1166/920 1167/1167/921 1164/1164/919
f  1166/1166/920 1164/1164/919 1168/1168/922
f  1168/1168/922 1164/1164/919 1160/1160/542
f  1166/1166/920 1168/1168/922 1169/1169/923
f  1170/1170/924 1160/1160/542 1161/1161/617
f  1170/1170/924 1161/1161/617 1165/1165/13
f  1168/1168/922 1160/1160/542 1171/1171/22
f  1171/1171/22 1160/1160/542 1170/1170/924
f  1169/1169/923 1168/1168/922 1172/1172/925
f  1172/1172/925 1168/1168/922 1171/1171/22
f  1169/1169/923 1172/1172/925 1173/1173/926
f  1173/1173/926 1172/1172/925 1174/1174/927
f  1174/1174/927 1172/1172/925 1175/1175/928
f  1175/1175/928 1172/1172/925 1171/1171/22
f  1175/1175/928 1171/1171/22 1176/1176/929
f  1176/1176/929 1171/1171/22 1170/1170/924
f  1175/1175/928 1176/1176/929 1177/1177/885
f  1177/1177/885 1176/1176/929 1178/1178/873
f  1178/1178/873 1176/1176/929 1179/1179/874
f  1179/1179/874 1176/1176/929 1170/1170/924
f  1179/1179/874 1170/1170/924 1180/1180/854
f  1179/1179/874 1180/1180/854 1181/1181/855
f  1180/1180/854 1170/1170/924 1165/1165/13
f  1180/1180/854 1165/1165/13 1182/1182/844
f  1182/1182/844 1165/1165/13 1183/1183/930
f  1182/1182/844 1183/1183/930 1184/1184/841
f  1183/1183/930 1165/1165/13 1163/1163/598
f  1184/1184/841 1183/1183/930 1185/1185/602
f  1183/1183/930 1163/1163/598 1186/1186/599
f  1183/1183/930 1186/1186/599 1185/1185/602
f  1187/1187/660 1188/1188/702 1189/1189/931
f  1189/1189/931 1188/1188/702 1190/1190/932
f  1190/1190/932 1188/1188/702 1191/1191/840
f  1190/1190/932 1191/1191/840 1192/1192/839
f  1190/1190/932 1192/1192/839 1189/1189/931
f  1187/1187/660 1189/1189/931 1193/1193/933
f  1187/1187/660 1193/1193/933 1194/1194/658
f  1194/1194/658 1193/1193/933 1195/1195/934
f  1194/1194/658 1195/1195/934 1196/1196/656
f  1193/1193/933 1189/1189/931 1197/1197/935
f  1193/1193/933 1197/1197/935 1195/1195/934
f  1196/1196/656 1195/1195/934 1198/1198/912
f  1197/1197/935 1189/1189/931 1199/1199/936
f  1199/1199/936 1189/1189/931 1192/1192/839
f  1197/1197/935 1199/1199/936 1200/1200/937
f  1197/1197/935 1200/1200/937 1195/1195/934
f  1200/1200/937 1199/1199/936 1192/1192/839
f  1198/1198/912 1195/1195/934 1201/1201/938
f  1201/1201/938 1195/1195/934 1200/1200/937
f  1198/1198/912 1201/1201/938 1202/1202/939
f  1198/1198/912 1202/1202/939 1203/1203/905
f  1203/1203/905 1202/1202/939 1204/1204/904
f  1200/1200/937 1192/1192/839 1205/1205/940
f  1201/1201/938 1200/1200/937 1206/1206/941
f  1206/1206/941 1200/1200/937 1205/1205/940
f  1202/1202/939 1201/1201/938 1207/1207/942
f  1207/1207/942 1201/1201/938 1206/1206/941
f  1204/1204/904 1202/1202/939 1208/1208/943
f  1205/1205/940 1192/1192/839 1209/1209/689
f  1209/1209/689 1192/1192/839 1210/1210/836
f  1206/1206/941 1205/1205/940 1211/1211/944
f  1211/1211/944 1205/1205/940 1209/1209/689
f  1206/1206/941 1211/1211/944 1212/1212/945
f  1206/1206/941 1212/1212/945 1207/1207/942
f  1213/1213/946 1202/1202/939 1207/1207/942
f  1213/1213/946 1207/1207/942 1212/1212/945
f  1202/1202/939 1213/1213/946 1208/1208/943
f  1212/1212/945 1211/1211/944 1214/1214/947
f  1212/1212/945 1214/1214/947 1213/1213/946
f  1215/1215/816 1211/1211/944 1209/1209/689
f  1211/1211/944 1215/1215/816 1214/1214/947
f  1216/1216/948 1209/1209/689 1210/1210/836
f  1209/1209/689 1216/1216/948 1215/1215/816
f  1216/1216/948 1210/1210/836 1217/1217/834
f  1216/1216/948 1217/1217/834 1218/1218/835
f  1219/1219/949 1213/1213/946 1214/1214/947
f  1214/1214/947 1215/1215/816 1220/1220/950
f  1214/1214/947 1220/1220/950 1219/1219/949
f  1220/1220/950 1215/1215/816 1216/1216/948
f  1219/1219/949 1220/1220/950 1221/1221/951
f  1219/1219/949 1221/1221/951 1213/1213/946
f  1221/1221/951 1220/1220/950 1216/1216/948
f  1222/1222/952 1216/1216/948 1218/1218/835
f  1222/1222/952 1218/1218/835 1223/1223/831
f  1222/1222/952 1223/1223/831 1224/1224/832
f  1216/1216/948 1222/1222/952 1225/1225/953
f  1225/1225/953 1222/1222/952 1224/1224/832
f  1216/1216/948 1225/1225/953 1221/1221/951
f  1226/1226/954 1213/1213/946 1221/1221/951
f  1213/1213/946 1226/1226/954 1208/1208/943
f  1221/1221/951 1225/1225/953 1227/1227/955
f  1225/1225/953 1224/1224/832 1228/1228/956
f  1225/1225/953 1228/1228/956 1227/1227/955
f  1221/1221/951 1227/1227/955 1229/1229/957
f  1221/1221/951 1229/1229/957 1226/1226/954
f  1229/1229/957 1227/1227/955 1230/1230/958
f  1208/1208/943 1226/1226/954 1231/1231/959
f  1231/1231/959 1226/1226/954 1229/1229/957
f  1227/1227/955 1228/1228/956 1232/1232/960
f  1227/1227/955 1232/1232/960 1230/1230/958
f  1232/1232/960 1228/1228/956 1233/1233/961
f  1232/1232/960 1233/1233/961 1230/1230/958
f  1231/1231/959 1229/1229/957 1234/1234/962
f  1234/1234/962 1229/1229/957 1230/1230/958
f  1231/1231/959 1234/1234/962 1235/1235/963
f  1234/1234/962 1230/1230/958 1236/1236/964
f  1234/1234/962 1236/1236/964 1235/1235/963
f  1230/1230/958 1233/1233/961 1237/1237/965
f  1230/1230/958 1237/1237/965 1236/1236/964
f  1238/1238/966 1233/1233/961 1228/1228/956
f  1233/1233/961 1238/1238/966 1237/1237/965
f  1238/1238/966 1228/1228/956 1239/1239/967
f  1239/1239/967 1228/1228/956 1224/1224/832
f  1239/1239/967 1224/1224/832 1240/1240/825
f  1240/1240/825 1224/1224/832 1241/1241/826
f  1238/1238/966 1239/1239/967 1242/1242/968
f  1242/1242/968 1239/1239/967 1240/1240/825
f  1238/1238/966 1242/1242/968 1243/1243/969
f  1238/1238/966 1243/1243/969 1237/1237/965
f  1242/1242/968 1240/1240/825 1244/1244/970
f  1242/1242/968 1244/1244/970 1243/1243/969
f  1244/1244/970 1240/1240/825 1245/1245/823
f  1244/1244/970 1245/1245/823 1246/1246/814
f  1244/1244/970 1246/1246/814 1247/1247/818
f  1247/1247/818 1246/1246/814 1248/1248/821
f  1243/1243/969 1244/1244/970 1249/1249/971
f  1249/1249/971 1244/1244/970 1247/1247/818
f  1250/1250/972 1237/1237/965 1243/1243/969
f  1250/1250/972 1243/1243/969 1249/1249/971
f  1249/1249/971 1247/1247/818 1251/1251/973
f  1251/1251/973 1247/1247/818 1252/1252/820
f  1251/1251/973 1252/1252/820 1253/1253/974
f  1251/1251/973 1253/1253/974 1249/1249/971
f  1253/1253/974 1252/1252/820 1254/1254/975
f  1249/1249/971 1253/1253/974 1255/1255/976
f  1255/1255/976 1253/1253/974 1256/1256/977
f  1250/1250/972 1249/1249/971 1257/1257/978
f  1257/1257/978 1249/1249/971 1255/1255/976
f  1250/1250/972 1257/1257/978 1258/1258/979
f  1250/1250/972 1258/1258/979 1259/1259/980
f  1250/1250/972 1259/1259/980 1237/1237/965
f  1258/1258/979 1257/1257/978 1260/1260/981
f  1258/1258/979 1260/1260/981 1259/1259/980
f  1257/1257/978 1255/1255/976 1261/1261/982
f  1257/1257/978 1261/1261/982 1260/1260/981
f  1261/1261/982 1255/1255/976 1262/1262/983
f  1262/1262/983 1255/1255/976 1263/1263/984
f  1261/1261/982 1262/1262/983 1264/1264/985
f  1261/1261/982 1264/1264/985 1260/1260/981
f  1262/1262/983 1263/1263/984 1265/1265/986
f  1262/1262/983 1265/1265/986 1264/1264/985
f  1265/1265/986 1263/1263/984 1266/1266/987
f  1265/1265/986 1266/1266/987 1267/1267/988
f  1265/1265/986 1267/1267/988 1268/1268/989
f  1264/1264/985 1265/1265/986 1269/1269/990
f  1264/1264/985 1269/1269/990 1260/1260/981
f  1269/1269/990 1265/1265/986 1268/1268/989
f  1260/1260/981 1269/1269/990 1270/1270/991
f  1270/1270/991 1269/1269/990 1268/1268/989
f  1260/1260/981 1270/1270/991 1271/1271/992
f  1260/1260/981 1271/1271/992 1259/1259/980
f  1270/1270/991 1268/1268/989 1272/1272/993
f  1271/1271/992 1270/1270/991 1273/1273/994
f  1273/1273/994 1270/1270/991 1272/1272/993
f  1272/1272/993 1268/1268/989 1274/1274/995
f  1259/1259/980 1271/1271/992 1275/1275/996
f  1275/1275/996 1271/1271/992 1273/1273/994
f  1259/1259/980 1275/1275/996 1237/1237/965
f  1237/1237/965 1275/1275/996 1236/1236/964
f  1236/1236/964 1275/1275/996 1273/1273/994
f  1236/1236/964 1273/1273/994 1276/1276/997
f  1273/1273/994 1272/1272/993 1277/1277/998
f  1273/1273/994 1277/1277/998 1276/1276/997
f  1236/1236/964 1276/1276/997 1235/1235/963
f  1278/1278/999 1272/1272/993 1274/1274/995
f  1272/1272/993 1278/1278/999 1277/1277/998
f  1278/1278/999 1274/1274/995 1279/1279/1000
f  1279/1279/1000 1274/1274/995 1280/1280/1001
f  1278/1278/999 1279/1279/1000 1281/1281/1002
f  1278/1278/999 1281/1281/1002 1277/1277/998
f  1279/1279/1000 1280/1280/1001 1282/1282/1003
f  1281/1281/1002 1279/1279/1000 1283/1283/1004
f  1283/1283/1004 1279/1279/1000 1282/1282/1003
f  1281/1281/1002 1283/1283/1004 1284/1284/1005
f  1281/1281/1002 1284/1284/1005 1277/1277/998
f  1283/1283/1004 1282/1282/1003 1285/1285/1006
f  1283/1283/1004 1285/1285/1006 1284/1284/1005
f  1282/1282/1003 1280/1280/1001 1286/1286/1007
f  1282/1282/1003 1286/1286/1007 1285/1285/1006
f  1286/1286/1007 1280/1280/1001 1287/1287/1008
f  1285/1285/1006 1286/1286/1007 1288/1288/1009
f  1286/1286/1007 1287/1287/1008 1289/1289/1010
f  1286/1286/1007 1289/1289/1010 1288/1288/1009
f  1289/1289/1010 1287/1287/1008 1290/1290/1011
f  1285/1285/1006 1288/1288/1009 1291/1291/1012
f  1291/1291/1012 1288/1288/1009 1289/1289/1010
f  1292/1292/1013 1284/1284/1005 1285/1285/1006
f  1292/1292/1013 1285/1285/1006 1291/1291/1012
f  1284/1284/1005 1292/1292/1013 1277/1277/998
f  1277/1277/998 1292/1292/1013 1293/1293/1014
f  1293/1293/1014 1292/1292/1013 1291/1291/1012
f  1277/1277/998 1293/1293/1014 1276/1276/997
f  1294/1294/1015 1295/1295/1016 1290/1290/1011
f  1290/1290/1011 1295/1295/1016 1296/1296/1017
f  1290/1290/1011 1296/1296/1017 1289/1289/1010
f  1289/1289/1010 1296/1296/1017 1297/1297/908
f  1293/1293/1014 1291/1291/1012 1298/1298/1018
f  1298/1298/1018 1291/1291/1012 1289/1289/1010
f  1289/1289/1010 1297/1297/908 1299/1299/1019
f  1289/1289/1010 1299/1299/1019 1298/1298/1018
f  1299/1299/1019 1297/1297/908 1300/1300/907
f  1298/1298/1018 1299/1299/1019 1301/1301/1020
f  1298/1298/1018 1301/1301/1020 1293/1293/1014
f  1301/1301/1020 1299/1299/1019 1300/1300/907
f  1302/1302/1021 1276/1276/997 1293/1293/1014
f  1302/1302/1021 1293/1293/1014 1301/1301/1020
f  1276/1276/997 1302/1302/1021 1235/1235/963
f  1301/1301/1020 1300/1300/907 1303/1303/1022
f  1302/1302/1021 1301/1301/1020 1304/1304/1023
f  1304/1304/1023 1301/1301/1020 1303/1303/1022
f  1303/1303/1022 1300/1300/907 1305/1305/903
f  1302/1302/1021 1304/1304/1023 1306/1306/1024
f  1302/1302/1021 1306/1306/1024 1235/1235/963
f  1306/1306/1024 1304/1304/1023 1303/1303/1022
f  1235/1235/963 1306/1306/1024 1307/1307/1025
f  1307/1307/1025 1306/1306/1024 1303/1303/1022
f  1235/1235/963 1307/1307/1025 1231/1231/959
f  1231/1231/959 1307/1307/1025 1208/1208/943
f  1307/1307/1025 1303/1303/1022 1308/1308/1026
f  1307/1307/1025 1308/1308/1026 1208/1208/943
f  1308/1308/1026 1303/1303/1022 1305/1305/903
f  1208/1208/943 1308/1308/1026 1204/1204/904
f  1204/1204/904 1308/1308/1026 1305/1305/903
f  1309/1309/1027 1310/1310/786 1311/1311/779
f  1309/1309/1027 1311/1311/779 1312/1312/1028
f  1312/1312/1028 1311/1311/779 1313/1313/785
f  1312/1312/1028 1313/1313/785 1309/1309/1027
f  1310/1310/786 1309/1309/1027 1314/1314/87
f  1310/1310/786 1314/1314/87 1315/1315/1029
f  1315/1315/1029 1314/1314/87 1309/1309/1027
f  1310/1310/786 1315/1315/1029 1316/1316/789
f  1309/1309/1027 1313/1313/785 1317/1317/1030
f  1309/1309/1027 1317/1317/1030 1315/1315/1029
f  1317/1317/1030 1313/1313/785 1318/1318/56
f  1318/1318/56 1313/1313/785 1319/1319/784
f  1318/1318/56 1319/1319/784 1317/1317/1030
f  1317/1317/1030 1319/1319/784 1320/1320/1031
f  1320/1320/1031 1319/1319/784 1321/1321/783
f  1320/1320/1031 1321/1321/783 1322/1322/780
f  1320/1320/1031 1322/1322/780 1323/1323/1032
f  1320/1320/1031 1323/1323/1032 1317/1317/1030
f  1323/1323/1032 1322/1322/780 1324/1324/781
f  1323/1323/1032 1324/1324/781 1325/1325/779
f  1317/1317/1030 1323/1323/1032 1326/1326/1033
f  1317/1317/1030 1326/1326/1033 1315/1315/1029
f  1323/1323/1032 1325/1325/779 1327/1327/64
f  1327/1327/64 1325/1325/779 1328/1328/778
f  1323/1323/1032 1327/1327/64 1326/1326/1033
f  1315/1315/1029 1326/1326/1033 1329/1329/1034
f  1315/1315/1029 1329/1329/1034 1316/1316/789
f  1326/1326/1033 1327/1327/64 1330/1330/771
f  1316/1316/789 1329/1329/1034 1331/1331/1035
f  1316/1316/789 1331/1331/1035 1332/1332/266
f  1332/1332/266 1331/1331/1035 1333/1333/720
f  1331/1331/1035 1329/1329/1034 1334/1334/1036
f  1331/1331/1035 1334/1334/1036 1335/1335/1037
f  1336/1336/1038 1329/1329/1034 1326/1326/1033
f  1336/1336/1038 1326/1326/1033 1330/1330/771
f  1334/1334/1036 1329/1329/1034 1337/1337/1039
f  1337/1337/1039 1329/1329/1034 1336/1336/1038
f  1334/1334/1036 1337/1337/1039 1338/1338/1040
f  1334/1334/1036 1338/1338/1040 1339/1339/977
f  1338/1338/1040 1337/1337/1039 1340/1340/1041
f  1338/1338/1040 1340/1340/1041 1339/1339/977
f  1340/1340/1041 1337/1337/1039 1336/1336/1038
f  1339/1339/977 1340/1340/1041 1341/1341/1042
f  1339/1339/977 1341/1341/1042 1342/1342/1043
f  1342/1342/1043 1341/1341/1042 1343/1343/1044
f  1341/1341/1042 1340/1340/1041 1344/1344/1045
f  1344/1344/1045 1340/1340/1041 1336/1336/1038
f  1343/1343/1044 1341/1341/1042 1345/1345/1046
f  1345/1345/1046 1341/1341/1042 1344/1344/1045
f  1343/1343/1044 1345/1345/1046 1346/1346/1047
f  1343/1343/1044 1346/1346/1047 1347/1347/1048
f  1343/1343/1044 1347/1347/1048 1348/1348/1049
f  1348/1348/1049 1347/1347/1048 1349/1349/1050
f  1349/1349/1050 1347/1347/1048 1350/1350/1051
f  1350/1350/1051 1347/1347/1048 1351/1351/1052
f  1351/1351/1052 1347/1347/1048 1346/1346/1047
f  1351/1351/1052 1346/1346/1047 1345/1345/1046
f  1351/1351/1052 1345/1345/1046 1352/1352/1053
f  1351/1351/1052 1352/1352/1053 1353/1353/1054
f  1352/1352/1053 1345/1345/1046 1354/1354/1055
f  1354/1354/1055 1345/1345/1046 1344/1344/1045
f  1352/1352/1053 1354/1354/1055 1355/1355/818
f  1354/1354/1055 1344/1344/1045 1356/1356/1056
f  1354/1354/1055 1356/1356/1056 1355/1355/818
f  1356/1356/1056 1344/1344/1045 1336/1336/1038
f  1355/1355/818 1356/1356/1056 1357/1357/1057
f  1357/1357/1057 1356/1356/1056 1336/1336/1038
f  1355/1355/818 1357/1357/1057 1358/1358/57
f  1357/1357/1057 1336/1336/1038 1330/1330/771
f  1358/1358/57 1357/1357/1057 1359/1359/1058
f  1359/1359/1058 1357/1357/1057 1360/1360/1059
f  1360/1360/1059 1357/1357/1057 1330/1330/771
f  1359/1359/1058 1360/1360/1059 1361/1361/1060
f  1361/1361/1060 1360/1360/1059 1362/1362/1061
f  1360/1360/1059 1330/1330/771 1363/1363/1062
f  1360/1360/1059 1363/1363/1062 1362/1362/1061
f  1363/1363/1062 1330/1330/771 1327/1327/64
f  1363/1363/1062 1327/1327/64 1364/1364/776
f  1363/1363/1062 1364/1364/776 1362/1362/1061
f  1362/1362/1061 1364/1364/776 1365/1365/775
f  1362/1362/1061 1365/1365/775 1366/1366/388
f  1367/1367/1063 1368/1368/805 1369/1369/803
f  1367/1367/1063 1369/1369/803 1370/1370/800
f  1368/1368/805 1367/1367/1063 1371/1371/1064
f  1368/1368/805 1371/1371/1064 1372/1372/456
f  1367/1367/1063 1370/1370/800 1373/1373/1065
f  1367/1367/1063 1373/1373/1065 1371/1371/1064
f  1372/1372/456 1371/1371/1064 1374/1374/455
f  1373/1373/1065 1370/1370/800 1375/1375/799
f  1374/1374/455 1371/1371/1064 1376/1376/1066
f  1371/1371/1064 1373/1373/1065 1377/1377/1067
f  1371/1371/1064 1377/1377/1067 1378/1378/1068
f  1378/1378/1068 1377/1377/1067 1373/1373/1065
f  1371/1371/1064 1378/1378/1068 1376/1376/1066
f  1373/1373/1065 1375/1375/799 1379/1379/1069
f  1373/1373/1065 1379/1379/1069 1378/1378/1068
f  1376/1376/1066 1378/1378/1068 1380/1380/1070
f  1380/1380/1070 1378/1378/1068 1379/1379/1069
f  1376/1376/1066 1380/1380/1070 1381/1381/1071
f  1381/1381/1071 1380/1380/1070 1379/1379/1069
f  1376/1376/1066 1381/1381/1071 1382/1382/1072
f  1382/1382/1072 1381/1381/1071 1383/1383/1073
f  1381/1381/1071 1379/1379/1069 1384/1384/1074
f  1381/1381/1071 1384/1384/1074 1383/1383/1073
f  1384/1384/1074 1379/1379/1069 1385/1385/1075
f  1384/1384/1074 1385/1385/1075 1383/1383/1073
f  1385/1385/1075 1379/1379/1069 1375/1375/799
f  1383/1383/1073 1385/1385/1075 1386/1386/1076
f  1383/1383/1073 1386/1386/1076 1387/1387/215
f  1386/1386/1076 1385/1385/1075 1388/1388/1077
f  1385/1385/1075 1375/1375/799 1389/1389/1078
f  1389/1389/1078 1375/1375/799 1390/1390/793
f  1389/1389/1078 1390/1390/793 1391/1391/792
f  1392/1392/1079 1393/1393/432 1394/1394/433
f  1392/1392/1079 1394/1394/433 1395/1395/439
f  1393/1393/432 1392/1392/1079 1396/1396/1080
f  1396/1396/1080 1392/1392/1079 1395/1395/439
f  1397/1397/419 1398/1398/418 1393/1393/432
f  1397/1397/419 1393/1393/432 1399/1399/1081
f  1399/1399/1081 1393/1393/432 1396/1396/1080
f  1400/1400/446 1395/1395/439 1401/1401/438
f  1395/1395/439 1400/1400/446 1402/1402/1082
f  1402/1402/1082 1400/1400/446 1403/1403/447
f  1396/1396/1080 1395/1395/439 1404/1404/1083
f  1404/1404/1083 1395/1395/439 1402/1402/1082
f  1402/1402/1082 1403/1403/447 1405/1405/1084
f  1402/1402/1082 1405/1405/1084 1404/1404/1083
f  1405/1405/1084 1403/1403/447 1406/1406/1085
f  1406/1406/1085 1403/1403/447 1407/1407/453
f  1406/1406/1085 1407/1407/453 1408/1408/455
f  1405/1405/1084 1406/1406/1085 1409/1409/1086
f  1404/1404/1083 1405/1405/1084 1410/1410/1087
f  1410/1410/1087 1405/1405/1084 1409/1409/1086
f  1406/1406/1085 1408/1408/455 1411/1411/1088
f  1406/1406/1085 1411/1411/1088 1409/1409/1086
f  1411/1411/1088 1408/1408/455 1412/1412/1072
f  1412/1412/1072 1408/1408/455 1413/1413/1066
f  1409/1409/1086 1411/1411/1088 1414/1414/1089
f  1409/1409/1086 1414/1414/1089 1410/1410/1087
f  1411/1411/1088 1412/1412/1072 1415/1415/448
f  1411/1411/1088 1415/1415/448 1414/1414/1089
f  1415/1415/448 1412/1412/1072 1416/1416/215
f  1416/1416/215 1412/1412/1072 1417/1417/1073
f  1415/1415/448 1416/1416/215 1418/1418/1090
f  1415/1415/448 1418/1418/1090 1414/1414/1089
f  1418/1418/1090 1416/1416/215 1419/1419/1076
f  1418/1418/1090 1419/1419/1076 1420/1420/1091
f  1420/1420/1091 1419/1419/1076 1421/1421/1077
f  1420/1420/1091 1421/1421/1077 1422/1422/1073
f  1418/1418/1090 1420/1420/1091 1423/1423/1092
f  1423/1423/1092 1420/1420/1091 1422/1422/1073
f  1414/1414/1089 1418/1418/1090 1424/1424/1093
f  1424/1424/1093 1418/1418/1090 1423/1423/1092
f  1423/1423/1092 1422/1422/1073 1425/1425/1094
f  1425/1425/1094 1422/1422/1073 1426/1426/1095
f  1423/1423/1092 1425/1425/1094 1427/1427/1096
f  1414/1414/1089 1424/1424/1093 1428/1428/1090
f  1424/1424/1093 1423/1423/1092 1429/1429/1097
f  1429/1429/1097 1423/1423/1092 1427/1427/1096
f  1428/1428/1090 1424/1424/1093 1430/1430/1098
f  1414/1414/1089 1428/1428/1090 1431/1431/1099
f  1431/1431/1099 1428/1428/1090 1430/1430/1098
f  1424/1424/1093 1429/1429/1097 1432/1432/1100
f  1424/1424/1093 1432/1432/1100 1430/1430/1098
f  1432/1432/1100 1429/1429/1097 1433/1433/1101
f  1430/1430/1098 1432/1432/1100 1434/1434/1102
f  1430/1430/1098 1434/1434/1102 1431/1431/1099
f  1432/1432/1100 1433/1433/1101 1435/1435/1103
f  1432/1432/1100 1435/1435/1103 1434/1434/1102
f  1433/1433/1101 1429/1429/1097 1436/1436/329
f  1433/1433/1101 1436/1436/329 1435/1435/1103
f  1435/1435/1103 1436/1436/329 1434/1434/1102
f  1436/1436/329 1429/1429/1097 1427/1427/1096
f  1434/1434/1102 1436/1436/329 1437/1437/1104
f  1437/1437/1104 1436/1436/329 1427/1427/1096
f  1438/1438/1105 1431/1431/1099 1434/1434/1102
f  1438/1438/1105 1434/1434/1102 1439/1439/1106
f  1439/1439/1106 1434/1434/1102 1437/1437/1104
f  1431/1431/1099 1438/1438/1105 1440/1440/1107
f  1440/1440/1107 1438/1438/1105 1441/1441/1108
f  1441/1441/1108 1438/1438/1105 1439/1439/1106
f  1431/1431/1099 1440/1440/1107 1442/1442/325
f  1431/1431/1099 1442/1442/325 1414/1414/1089
f  1414/1414/1089 1442/1442/325 1410/1410/1087
f  1410/1410/1087 1442/1442/325 1404/1404/1083
f  1442/1442/325 1440/1440/1107 1443/1443/1109
f  1442/1442/325 1443/1443/1109 1404/1404/1083
f  1443/1443/1109 1440/1440/1107 1441/1441/1108
f  1404/1404/1083 1443/1443/1109 1396/1396/1080
f  1396/1396/1080 1443/1443/1109 1444/1444/1110
f  1444/1444/1110 1443/1443/1109 1441/1441/1108
f  1396/1396/1080 1444/1444/1110 1399/1399/1081
f  1444/1444/1110 1441/1441/1108 1445/1445/1111
f  1444/1444/1110 1445/1445/1111 1399/1399/1081
f  1446/1446/1112 1441/1441/1108 1439/1439/1106
f  1441/1441/1108 1446/1446/1112 1445/1445/1111
f  1446/1446/1112 1439/1439/1106 1447/1447/1113
f  1447/1447/1113 1439/1439/1106 1448/1448/1114
f  1448/1448/1114 1439/1439/1106 1437/1437/1104
f  1448/1448/1114 1437/1437/1104 1449/1449/1115
f  1448/1448/1114 1449/1449/1115 1450/1450/1116
f  1448/1448/1114 1450/1450/1116 1447/1447/1113
f  1449/1449/1115 1437/1437/1104 1451/1451/1117
f  1451/1451/1117 1437/1437/1104 1452/1452/1118
f  1452/1452/1118 1437/1437/1104 1427/1427/1096
f  1452/1452/1118 1427/1427/1096 1453/1453/1119
f  1452/1452/1118 1453/1453/1119 1451/1451/1117
f  1453/1453/1119 1427/1427/1096 1425/1425/1094
f  1453/1453/1119 1425/1425/1094 1454/1454/1120
f  1449/1449/1115 1451/1451/1117 1455/1455/1121
f  1455/1455/1121 1451/1451/1117 1453/1453/1119
f  1449/1449/1115 1455/1455/1121 1450/1450/1116
f  1453/1453/1119 1454/1454/1120 1456/1456/1122
f  1453/1453/1119 1456/1456/1122 1455/1455/1121
f  1456/1456/1122 1454/1454/1120 1457/1457/1123
f  1456/1456/1122 1457/1457/1123 1455/1455/1121
f  1455/1455/1121 1457/1457/1123 1458/1458/451
f  1455/1455/1121 1458/1458/451 1459/1459/1124
f  1455/1455/1121 1459/1459/1124 1450/1450/1116
f  1450/1450/1116 1459/1459/1124 1460/1460/1125
f  1450/1450/1116 1460/1460/1125 1461/1461/1126
f  1461/1461/1126 1460/1460/1125 1462/1462/1127
f  1450/1450/1116 1461/1461/1126 1447/1447/1113
f  1447/1447/1113 1461/1461/1126 1463/1463/1128
f  1463/1463/1128 1461/1461/1126 1464/1464/1129
f  1463/1463/1128 1464/1464/1129 1465/1465/1130
f  1465/1465/1130 1464/1464/1129 1466/1466/1131
f  1447/1447/1113 1463/1463/1128 1467/1467/1132
f  1467/1467/1132 1463/1463/1128 1465/1465/1130
f  1465/1465/1130 1466/1466/1131 1468/1468/1133
f  1465/1465/1130 1468/1468/1133 1469/1469/1134
f  1469/1469/1134 1468/1468/1133 1470/1470/1135
f  1465/1465/1130 1469/1469/1134 1471/1471/1136
f  1471/1471/1136 1469/1469/1134 1472/1472/1137
f  1465/1465/1130 1471/1471/1136 1467/1467/1132
f  1467/1467/1132 1471/1471/1136 1473/1473/1138
f  1473/1473/1138 1471/1471/1136 1474/1474/1139
f  1473/1473/1138 1474/1474/1139 1475/1475/1140
f  1473/1473/1138 1475/1475/1140 1467/1467/1132
f  1475/1475/1140 1474/1474/1139 1476/1476/1141
f  1477/1477/1142 1447/1447/1113 1467/1467/1132
f  1477/1477/1142 1467/1467/1132 1475/1475/1140
f  1447/1447/1113 1477/1477/1142 1446/1446/1112
f  1475/1475/1140 1476/1476/1141 1478/1478/1143
f  1475/1475/1140 1478/1478/1143 1477/1477/1142
f  1478/1478/1143 1476/1476/1141 1479/1479/1144
f  1446/1446/1112 1477/1477/1142 1480/1480/1145
f  1480/1480/1145 1477/1477/1142 1478/1478/1143
f  1480/1480/1145 1478/1478/1143 1479/1479/1144
f  1446/1446/1112 1480/1480/1145 1445/1445/1111
f  1480/1480/1145 1479/1479/1144 1481/1481/1146
f  1481/1481/1146 1479/1479/1144 1482/1482/1147
f  1481/1481/1146 1482/1482/1147 1480/1480/1145
f  1480/1480/1145 1482/1482/1147 1445/1445/1111
f  1445/1445/1111 1482/1482/1147 1483/1483/1148
f  1445/1445/1111 1483/1483/1148 1484/1484/1149
f  1445/1445/1111 1484/1484/1149 1399/1399/1081
f  1484/1484/1149 1483/1483/1148 1485/1485/1150
f  1485/1485/1150 1483/1483/1148 1486/1486/1151
f  1399/1399/1081 1484/1484/1149 1487/1487/1152
f  1487/1487/1152 1484/1484/1149 1485/1485/1150
f  1399/1399/1081 1487/1487/1152 1397/1397/419
f  1397/1397/419 1487/1487/1152 1488/1488/415
f  1488/1488/415 1487/1487/1152 1489/1489/414
f  1489/1489/414 1487/1487/1152 1485/1485/1150
f  1489/1489/414 1485/1485/1150 1490/1490/1153
f  1491/1491/17 1492/1492/320 1493/1493/319
f  1494/1494/720 1495/1495/1035 1496/1496/721
f  1497/1497/320 1498/1498/17 1499/1499/792
f  1500/1500/1154 1498/1498/17 1501/1501/321
f  1498/1498/17 1500/1500/1154 1502/1502/1155
f  1498/1498/17 1502/1502/1155 1499/1499/792
f  1502/1502/1155 1500/1500/1154 1503/1503/1156
f  1502/1502/1155 1503/1503/1156 1504/1504/1157
f  1499/1499/792 1502/1502/1155 1505/1505/1158
f  1505/1505/1158 1502/1502/1155 1504/1504/1157
f  1499/1499/792 1505/1505/1158 1506/1506/1159
f  1499/1499/792 1506/1506/1159 1507/1507/1078
f  1507/1507/1078 1506/1506/1159 1508/1508/1075
f  1505/1505/1158 1504/1504/1157 1509/1509/1160
f  1509/1509/1160 1504/1504/1157 1510/1510/1082
f  1505/1505/1158 1509/1509/1160 1511/1511/459
f  1509/1509/1160 1510/1510/1082 1512/1512/1161
f  1505/1505/1158 1511/1511/459 1513/1513/1162
f  1505/1505/1158 1513/1513/1162 1506/1506/1159
f  1511/1511/459 1509/1509/1160 1514/1514/1163
f  1514/1514/1163 1509/1509/1160 1512/1512/1161
f  1511/1511/459 1514/1514/1163 1513/1513/1162
f  1506/1506/1159 1513/1513/1162 1515/1515/1164
f  1506/1506/1159 1515/1515/1164 1508/1508/1075
f  1515/1515/1164 1513/1513/1162 1516/1516/1165
f  1516/1516/1165 1513/1513/1162 1514/1514/1163
f  1508/1508/1075 1515/1515/1164 1517/1517/1166
f  1517/1517/1166 1515/1515/1164 1516/1516/1165
f  1508/1508/1075 1517/1517/1166 1518/1518/1077
f  1518/1518/1077 1517/1517/1166 1519/1519/1167
f  1519/1519/1167 1517/1517/1166 1516/1516/1165
f  1518/1518/1077 1519/1519/1167 1520/1520/1073
f  1520/1520/1073 1519/1519/1167 1521/1521/1095
f  1519/1519/1167 1516/1516/1165 1522/1522/1168
f  1522/1522/1168 1516/1516/1165 1514/1514/1163
f  1521/1521/1095 1519/1519/1167 1523/1523/1169
f  1523/1523/1169 1519/1519/1167 1522/1522/1168
f  1521/1521/1095 1523/1523/1169 1524/1524/1094
f  1524/1524/1094 1523/1523/1169 1525/1525/1120
f  1525/1525/1120 1523/1523/1169 1526/1526/1170
f  1526/1526/1170 1523/1523/1169 1522/1522/1168
f  1525/1525/1120 1526/1526/1170 1527/1527/1123
f  1522/1522/1168 1514/1514/1163 1528/1528/1171
f  1522/1522/1168 1528/1528/1171 1526/1526/1170
f  1527/1527/1123 1526/1526/1170 1529/1529/1172
f  1528/1528/1171 1514/1514/1163 1530/1530/573
f  1527/1527/1123 1529/1529/1172 1531/1531/451
f  1530/1530/573 1514/1514/1163 1512/1512/1161
f  1529/1529/1172 1526/1526/1170 1532/1532/1173
f  1529/1529/1172 1532/1532/1173 1531/1531/451
f  1526/1526/1170 1528/1528/1171 1533/1533/627
f  1526/1526/1170 1533/1533/627 1532/1532/1173
f  1533/1533/627 1528/1528/1171 1534/1534/1174
f  1534/1534/1174 1528/1528/1171 1530/1530/573
f  1532/1532/1173 1533/1533/627 1535/1535/1175
f  1535/1535/1175 1533/1533/627 1534/1534/1174
f  1536/1536/1176 1530/1530/573 1512/1512/1161
f  1536/1536/1176 1512/1512/1161 1537/1537/1177
f  1534/1534/1174 1530/1530/573 1538/1538/927
f  1535/1535/1175 1534/1534/1174 1539/1539/1178
f  1539/1539/1178 1534/1534/1174 1538/1538/927
f  1539/1539/1178 1538/1538/927 1540/1540/573
f  1540/1540/573 1538/1538/927 1530/1530/573
f  1535/1535/1175 1539/1539/1178 1541/1541/805
f  1541/1541/805 1539/1539/1178 1540/1540/573
f  1542/1542/1179 1532/1532/1173 1535/1535/1175
f  1542/1542/1179 1535/1535/1175 1541/1541/805
f  1532/1532/1173 1542/1542/1179 1543/1543/1180
f  1532/1532/1173 1543/1543/1180 1531/1531/451
f  1543/1543/1180 1542/1542/1179 1544/1544/1181
f  1544/1544/1181 1542/1542/1179 1541/1541/805
f  1543/1543/1180 1544/1544/1181 1545/1545/1182
f  1544/1544/1181 1541/1541/805 1546/1546/1183
f  1531/1531/451 1543/1543/1180 1547/1547/1184
f  1547/1547/1184 1543/1543/1180 1548/1548/1185
f  1531/1531/451 1547/1547/1184 1549/1549/1124
f  1549/1549/1124 1547/1547/1184 1550/1550/1125
f  1546/1546/1183 1541/1541/805 1551/1551/464
f  1551/1551/464 1541/1541/805 1552/1552/1186
f  1552/1552/1186 1541/1541/805 1540/1540/573
f  1551/1551/464 1552/1552/1186 1553/1553/1187
f  1552/1552/1186 1540/1540/573 1554/1554/1188
f  1554/1554/1188 1540/1540/573 1530/1530/573
f  1553/1553/1187 1552/1552/1186 1555/1555/1189
f  1555/1555/1189 1552/1552/1186 1554/1554/1188
f  1553/1553/1187 1555/1555/1189 1556/1556/573
f  1553/1553/1187 1556/1556/573 1557/1557/1190
f  1557/1557/1190 1556/1556/573 1555/1555/1189
f  1553/1553/1187 1557/1557/1190 1558/1558/1191
f  1555/1555/1189 1554/1554/1188 1559/1559/1192
f  1555/1555/1189 1559/1559/1192 1557/1557/1190
f  1559/1559/1192 1554/1554/1188 1530/1530/573
f  1559/1559/1192 1530/1530/573 1560/1560/1193
f  1560/1560/1193 1530/1530/573 1536/1536/1176
f  1560/1560/1193 1536/1536/1176 1537/1537/1177
f  1559/1559/1192 1560/1560/1193 1561/1561/1194
f  1560/1560/1193 1537/1537/1177 1562/1562/1195
f  1560/1560/1193 1562/1562/1195 1561/1561/1194
f  1563/1563/1196 1557/1557/1190 1559/1559/1192
f  1563/1563/1196 1559/1559/1192 1561/1561/1194
f  1557/1557/1190 1563/1563/1196 1564/1564/1197
f  1557/1557/1190 1564/1564/1197 1565/1565/1198
f  1566/1566/1199 1567/1567/1200 1537/1537/1177
f  1537/1537/1177 1567/1567/1200 1568/1568/1201
f  1537/1537/1177 1568/1568/1201 1562/1562/1195
f  1568/1568/1201 1567/1567/1200 1569/1569/1202
f  1570/1570/1203 1561/1561/1194 1562/1562/1195
f  1570/1570/1203 1562/1562/1195 1568/1568/1201
f  1570/1570/1203 1568/1568/1201 1571/1571/586
f  1561/1561/1194 1570/1570/1203 1572/1572/1204
f  1570/1570/1203 1571/1571/586 1573/1573/1205
f  1570/1570/1203 1573/1573/1205 1572/1572/1204
f  1571/1571/586 1568/1568/1201 1574/1574/1206
f  1571/1571/586 1574/1574/1206 1573/1573/1205
f  1575/1575/1207 1568/1568/1201 1569/1569/1202
f  1568/1568/1201 1575/1575/1207 1574/1574/1206
f  1575/1575/1207 1569/1569/1202 1576/1576/1208
f  1576/1576/1208 1569/1569/1202 1577/1577/1209
f  1574/1574/1206 1575/1575/1207 1578/1578/1210
f  1574/1574/1206 1578/1578/1210 1573/1573/1205
f  1578/1578/1210 1575/1575/1207 1579/1579/1211
f  1579/1579/1211 1575/1575/1207 1576/1576/1208
f  1579/1579/1211 1576/1576/1208 1580/1580/1212
f  1580/1580/1212 1576/1576/1208 1581/1581/528
f  1580/1580/1212 1581/1581/528 1582/1582/1213
f  1576/1576/1208 1577/1577/1209 1583/1583/1214
f  1576/1576/1208 1583/1583/1214 1581/1581/528
f  1581/1581/528 1583/1583/1214 1582/1582/1213
f  1583/1583/1214 1577/1577/1209 1584/1584/1215
f  1582/1582/1213 1583/1583/1214 1585/1585/1216
f  1585/1585/1216 1583/1583/1214 1584/1584/1215
f  1586/1586/1217 1578/1578/1210 1579/1579/1211
f  1586/1586/1217 1579/1579/1211 1587/1587/1218
f  1578/1578/1210 1586/1586/1217 1588/1588/1219
f  1578/1578/1210 1588/1588/1219 1573/1573/1205
f  1586/1586/1217 1587/1587/1218 1589/1589/1220
f  1589/1589/1220 1587/1587/1218 1590/1590/1221
f  1589/1589/1220 1590/1590/1221 1586/1586/1217
f  1586/1586/1217 1590/1590/1221 1588/1588/1219
f  1590/1590/1221 1587/1587/1218 1591/1591/1222
f  1590/1590/1221 1591/1591/1222 1588/1588/1219
f  1573/1573/1205 1588/1588/1219 1592/1592/1223
f  1573/1573/1205 1592/1592/1223 1572/1572/1204
f  1572/1572/1204 1592/1592/1223 1593/1593/1224
f  1572/1572/1204 1593/1593/1224 1561/1561/1194
f  1561/1561/1194 1593/1593/1224 1563/1563/1196
f  1593/1593/1224 1592/1592/1223 1594/1594/1225
f  1593/1593/1224 1594/1594/1225 1563/1563/1196
f  1594/1594/1225 1592/1592/1223 1588/1588/1219
f  1563/1563/1196 1594/1594/1225 1564/1564/1197
f  1595/1595/1226 1588/1588/1219 1591/1591/1222
f  1588/1588/1219 1595/1595/1226 1594/1594/1225
f  1596/1596/1227 1591/1591/1222 1564/1564/1197
f  1591/1591/1222 1596/1596/1227 1595/1595/1226
f  1596/1596/1227 1564/1564/1197 1594/1594/1225
f  1594/1594/1225 1595/1595/1226 1597/1597/588
f  1594/1594/1225 1597/1597/588 1596/1596/1227
f  1596/1596/1227 1597/1597/588 1595/1595/1226
f  1598/1598/741 1599/1599/1228 1600/1600/321
f  1600/1600/321 1599/1599/1228 1601/1601/1154
f  1599/1599/1228 1598/1598/741 1602/1602/918
f  1601/1601/1154 1599/1599/1228 1603/1603/1229
f  1601/1601/1154 1603/1603/1229 1604/1604/1156
f  1599/1599/1228 1602/1602/918 1605/1605/1230
f  1599/1599/1228 1605/1605/1230 1603/1603/1229
f  1605/1605/1230 1602/1602/918 1606/1606/917
f  1603/1603/1229 1605/1605/1230 1607/1607/1231
f  1607/1607/1231 1605/1605/1230 1606/1606/917
f  1603/1603/1229 1607/1607/1231 1604/1604/1156
f  1607/1607/1231 1606/1606/917 1608/1608/1232
f  1608/1608/1232 1606/1606/917 1609/1609/921
f  1609/1609/921 1606/1606/917 1610/1610/919
f  1607/1607/1231 1608/1608/1232 1611/1611/1233
f  1611/1611/1233 1608/1608/1232 1609/1609/921
f  1604/1604/1156 1607/1607/1231 1612/1612/738
f  1604/1604/1156 1612/1612/738 1613/1613/1157
f  1613/1613/1157 1612/1612/738 1614/1614/1082
f  1612/1612/738 1607/1607/1231 1615/1615/871
f  1615/1615/871 1607/1607/1231 1611/1611/1233
f  1614/1614/1082 1612/1612/738 1616/1616/1234
f  1616/1616/1234 1612/1612/738 1615/1615/871
f  1614/1614/1082 1616/1616/1234 1617/1617/1161
f  1616/1616/1234 1615/1615/871 1618/1618/1235
f  1616/1616/1234 1618/1618/1235 1617/1617/1161
f  1615/1615/871 1611/1611/1233 1619/1619/1236
f  1618/1618/1235 1615/1615/871 1620/1620/1237
f  1620/1620/1237 1615/1615/871 1619/1619/1236
f  1617/1617/1161 1618/1618/1235 1621/1621/1238
f  1618/1618/1235 1620/1620/1237 1622/1622/1239
f  1618/1618/1235 1622/1622/1239 1621/1621/1238
f  1617/1617/1161 1621/1621/1238 1623/1623/1199
f  1617/1617/1161 1623/1623/1199 1624/1624/1177
f  1621/1621/1238 1622/1622/1239 1625/1625/1240
f  1621/1621/1238 1625/1625/1240 1623/1623/1199
f  1622/1622/1239 1620/1620/1237 1626/1626/1241
f  1625/1625/1240 1622/1622/1239 1627/1627/1070
f  1627/1627/1070 1622/1622/1239 1626/1626/1241
f  1625/1625/1240 1627/1627/1070 1628/1628/1242
f  1625/1625/1240 1628/1628/1242 1623/1623/1199
f  1623/1623/1199 1628/1628/1242 1629/1629/1086
f  1623/1623/1199 1629/1629/1086 1630/1630/1200
f  1630/1630/1200 1629/1629/1086 1631/1631/1202
f  1629/1629/1086 1628/1628/1242 1632/1632/1243
f  1631/1631/1202 1629/1629/1086 1633/1633/1244
f  1631/1631/1202 1633/1633/1244 1634/1634/1209
f  1634/1634/1209 1633/1633/1244 1635/1635/1215
f  1635/1635/1215 1633/1633/1244 1636/1636/927
f  1636/1636/927 1633/1633/1244 1637/1637/1245
f  1633/1633/1244 1629/1629/1086 1638/1638/1246
f  1638/1638/1246 1629/1629/1086 1632/1632/1243
f  1633/1633/1244 1638/1638/1246 1639/1639/1247
f  1633/1633/1244 1639/1639/1247 1637/1637/1245
f  1639/1639/1247 1638/1638/1246 1632/1632/1243
f  1637/1637/1245 1639/1639/1247 1640/1640/1248
f  1640/1640/1248 1639/1639/1247 1632/1632/1243
f  1637/1637/1245 1640/1640/1248 1641/1641/1249
f  1641/1641/1249 1640/1640/1248 1642/1642/1250
f  1640/1640/1248 1632/1632/1243 1643/1643/1251
f  1642/1642/1250 1640/1640/1248 1644/1644/1252
f  1644/1644/1252 1640/1640/1248 1643/1643/1251
f  1643/1643/1251 1632/1632/1243 1645/1645/1253
f  1645/1645/1253 1632/1632/1243 1628/1628/1242
f  1645/1645/1253 1628/1628/1242 1627/1627/1070
f  1643/1643/1251 1645/1645/1253 1646/1646/1254
f  1643/1643/1251 1646/1646/1254 1644/1644/1252
f  1645/1645/1253 1627/1627/1070 1647/1647/1255
f  1645/1645/1253 1647/1647/1255 1646/1646/1254
f  1647/1647/1255 1627/1627/1070 1626/1626/1241
f  1644/1644/1252 1646/1646/1254 1648/1648/1256
f  1644/1644/1252 1648/1648/1256 1642/1642/1250
f  1646/1646/1254 1647/1647/1255 1649/1649/1257
f  1649/1649/1257 1647/1647/1255 1626/1626/1241
f  1646/1646/1254 1649/1649/1257 1648/1648/1256
f  1642/1642/1250 1648/1648/1256 1650/1650/1258
f  1649/1649/1257 1626/1626/1241 1651/1651/1259
f  1649/1649/1257 1651/1651/1259 1648/1648/1256
f  1651/1651/1259 1626/1626/1241 1652/1652/1260
f  1652/1652/1260 1626/1626/1241 1620/1620/1237
f  1648/1648/1256 1651/1651/1259 1653/1653/1261
f  1653/1653/1261 1651/1651/1259 1652/1652/1260
f  1650/1650/1258 1648/1648/1256 1654/1654/1125
f  1648/1648/1256 1653/1653/1261 1655/1655/1262
f  1648/1648/1256 1655/1655/1262 1654/1654/1125
f  1655/1655/1262 1653/1653/1261 1652/1652/1260
f  1650/1650/1258 1654/1654/1125 1656/1656/1263
f  1656/1656/1263 1654/1654/1125 1657/1657/1125
f  1656/1656/1263 1657/1657/1125 1658/1658/1264
f  1654/1654/1125 1655/1655/1262 1659/1659/1265
f  1654/1654/1125 1659/1659/1265 1657/1657/1125
f  1659/1659/1265 1655/1655/1262 1660/1660/1266
f  1660/1660/1266 1655/1655/1262 1652/1652/1260
f  1659/1659/1265 1660/1660/1266 1661/1661/1267
f  1652/1652/1260 1620/1620/1237 1619/1619/1236
f  1659/1659/1265 1661/1661/1267 1662/1662/1268
f  1659/1659/1265 1662/1662/1268 1657/1657/1125
f  1661/1661/1267 1660/1660/1266 1663/1663/1269
f  1661/1661/1267 1663/1663/1269 1662/1662/1268
f  1657/1657/1125 1662/1662/1268 1664/1664/1270
f  1664/1664/1270 1662/1662/1268 1663/1663/1269
f  1665/1665/1271 1657/1657/1125 1666/1666/1272
f  1666/1666/1272 1657/1657/1125 1667/1667/1273
f  1667/1667/1273 1657/1657/1125 1664/1664/1270
f  1666/1666/1272 1667/1667/1273 1668/1668/1274
f  1668/1668/1274 1667/1667/1273 1669/1669/1275
f  1670/1670/1276 1663/1663/1269 1660/1660/1266
f  1670/1670/1276 1660/1660/1266 1652/1652/1260
f  1671/1671/1277 1664/1664/1270 1663/1663/1269
f  1671/1671/1277 1663/1663/1269 1670/1670/1276
f  1667/1667/1273 1664/1664/1270 1672/1672/628
f  1670/1670/1276 1652/1652/1260 1673/1673/1183
f  1673/1673/1183 1652/1652/1260 1619/1619/1236
f  1671/1671/1277 1670/1670/1276 1674/1674/329
f  1674/1674/329 1670/1670/1276 1673/1673/1183
f  1664/1664/1270 1671/1671/1277 1675/1675/1278
f  1675/1675/1278 1671/1671/1277 1674/1674/329
f  1664/1664/1270 1675/1675/1278 1672/1672/628
f  1673/1673/1183 1619/1619/1236 1676/1676/313
f  1673/1673/1183 1676/1676/313 1674/1674/329
f  1672/1672/628 1675/1675/1278 1677/1677/855
f  1677/1677/855 1675/1675/1278 1678/1678/1279
f  1678/1678/1279 1675/1675/1278 1674/1674/329
f  1677/1677/855 1678/1678/1279 1672/1672/628
f  1678/1678/1279 1674/1674/329 1679/1679/1280
f  1678/1678/1279 1679/1679/1280 1672/1672/628
f  1680/1680/1281 1667/1667/1273 1672/1672/628
f  1680/1680/1281 1672/1672/628 1679/1679/1280
f  1667/1667/1273 1680/1680/1281 1669/1669/1275
f  1669/1669/1275 1680/1680/1281 1681/1681/1282
f  1681/1681/1282 1680/1680/1281 1679/1679/1280
f  1669/1669/1275 1681/1681/1282 1682/1682/1283
f  1682/1682/1283 1681/1681/1282 1683/1683/1284
f  1683/1683/1284 1681/1681/1282 1684/1684/1285
f  1683/1683/1284 1684/1684/1285 1685/1685/1286
f  1684/1684/1285 1681/1681/1282 1686/1686/1287
f  1686/1686/1287 1681/1681/1282 1679/1679/1280
f  1685/1685/1286 1684/1684/1285 1687/1687/1288
f  1687/1687/1288 1684/1684/1285 1686/1686/1287
f  1685/1685/1286 1687/1687/1288 1688/1688/531
f  1688/1688/531 1687/1687/1288 1689/1689/1289
f  1688/1688/531 1689/1689/1289 1690/1690/1290
f  1687/1687/1288 1686/1686/1287 1691/1691/1291
f  1687/1687/1288 1691/1691/1291 1689/1689/1289
f  1690/1690/1290 1689/1689/1289 1692/1692/1292
f  1692/1692/1292 1689/1689/1289 1691/1691/1291
f  1691/1691/1291 1686/1686/1287 1693/1693/1293
f  1693/1693/1293 1686/1686/1287 1679/1679/1280
f  1691/1691/1291 1693/1693/1293 1692/1692/1292
f  1690/1690/1290 1692/1692/1292 1694/1694/1294
f  1690/1690/1290 1694/1694/1294 1695/1695/1295
f  1694/1694/1294 1692/1692/1292 1696/1696/1296
f  1695/1695/1295 1694/1694/1294 1697/1697/1297
f  1695/1695/1295 1697/1697/1297 1698/1698/1298
f  1695/1695/1295 1698/1698/1298 1699/1699/1299
f  1697/1697/1297 1694/1694/1294 1700/1700/1300
f  1697/1697/1297 1700/1700/1300 1698/1698/1298
f  1700/1700/1300 1694/1694/1294 1696/1696/1296
f  1698/1698/1298 1700/1700/1300 1701/1701/926
f  1702/1702/1301 1696/1696/1296 1692/1692/1292
f  1696/1696/1296 1702/1702/1301 1700/1700/1300
f  1700/1700/1300 1702/1702/1301 1701/1701/926
f  1702/1702/1301 1692/1692/1292 1693/1693/1293
f  1701/1701/926 1702/1702/1301 1703/1703/923
f  1702/1702/1301 1693/1693/1293 1704/1704/1302
f  1704/1704/1302 1693/1693/1293 1679/1679/1280
f  1703/1703/923 1702/1702/1301 1705/1705/1303
f  1705/1705/1303 1702/1702/1301 1704/1704/1302
f  1704/1704/1302 1679/1679/1280 1706/1706/1304
f  1704/1704/1302 1706/1706/1304 1705/1705/1303
f  1706/1706/1304 1679/1679/1280 1674/1674/329
f  1706/1706/1304 1674/1674/329 1676/1676/313
f  1706/1706/1304 1676/1676/313 1705/1705/1303
f  1703/1703/923 1705/1705/1303 1707/1707/1305
f  1707/1707/1305 1705/1705/1303 1676/1676/313
f  1703/1703/923 1707/1707/1305 1609/1609/921
f  1703/1703/923 1609/1609/921 1708/1708/920
f  1707/1707/1305 1676/1676/313 1709/1709/1306
f  1707/1707/1305 1709/1709/1306 1609/1609/921
f  1709/1709/1306 1676/1676/313 1619/1619/1236
f  1609/1609/921 1709/1709/1306 1611/1611/1233
f  1611/1611/1233 1709/1709/1306 1619/1619/1236
f  1710/1710/404 1711/1711/409 1712/1712/405
f  1713/1713/408 1714/1714/410 1711/1711/409
f  1711/1711/409 1714/1714/410 1715/1715/1307
f  1715/1715/1307 1714/1714/410 1716/1716/411
f  1715/1715/1307 1716/1716/411 1717/1717/414
f  1715/1715/1307 1717/1717/414 1718/1718/1153
f  1711/1711/409 1715/1715/1307 1719/1719/1308
f  1719/1719/1308 1715/1715/1307 1718/1718/1153
f  1720/1720/1309 1712/1712/405 1711/1711/409
f  1711/1711/409 1719/1719/1308 1721/1721/1310
f  1711/1711/409 1721/1721/1310 1720/1720/1309
f  1712/1712/405 1720/1720/1309 1722/1722/1311
f  1712/1712/405 1722/1722/1311 1723/1723/401
f  1723/1723/401 1722/1722/1311 1724/1724/396
f  1724/1724/396 1722/1722/1311 1725/1725/1312
f  1722/1722/1311 1720/1720/1309 1726/1726/1313
f  1722/1722/1311 1726/1726/1313 1725/1725/1312
f  1724/1724/396 1725/1725/1312 1727/1727/1314
f  1727/1727/1314 1725/1725/1312 1726/1726/1313
f  1724/1724/396 1727/1727/1314 1728/1728/393
f  1729/1729/1315 1720/1720/1309 1721/1721/1310
f  1720/1720/1309 1729/1729/1315 1726/1726/1313
f  1728/1728/393 1727/1727/1314 1730/1730/1316
f  1728/1728/393 1730/1730/1316 1731/1731/1317
f  1728/1728/393 1731/1731/1317 1732/1732/390
f  1732/1732/390 1731/1731/1317 1733/1733/389
f  1731/1731/1317 1730/1730/1316 1734/1734/1318
f  1734/1734/1318 1730/1730/1316 1727/1727/1314
f  1733/1733/389 1731/1731/1317 1735/1735/1319
f  1735/1735/1319 1731/1731/1317 1734/1734/1318
f  1733/1733/389 1735/1735/1319 1736/1736/1061
f  1733/1733/389 1736/1736/1061 1737/1737/388
f  1736/1736/1061 1735/1735/1319 1738/1738/1060
f  1735/1735/1319 1734/1734/1318 1739/1739/1320
f  1735/1735/1319 1739/1739/1320 1738/1738/1060
f  1734/1734/1318 1727/1727/1314 1740/1740/1321
f  1734/1734/1318 1740/1740/1321 1739/1739/1320
f  1738/1738/1060 1739/1739/1320 1741/1741/1322
f  1738/1738/1060 1741/1741/1322 1742/1742/1058
f  1742/1742/1058 1741/1741/1322 1743/1743/57
f  1741/1741/1322 1739/1739/1320 1744/1744/1323
f  1744/1744/1323 1739/1739/1320 1740/1740/1321
f  1741/1741/1322 1744/1744/1323 1743/1743/57
f  1743/1743/57 1744/1744/1323 1745/1745/1324
f  1743/1743/57 1745/1745/1324 1746/1746/818
f  1744/1744/1323 1740/1740/1321 1747/1747/1325
f  1746/1746/818 1745/1745/1324 1748/1748/1054
f  1746/1746/818 1748/1748/1054 1749/1749/1053
f  1745/1745/1324 1744/1744/1323 1750/1750/1326
f  1750/1750/1326 1744/1744/1323 1747/1747/1325
f  1748/1748/1054 1745/1745/1324 1751/1751/1327
f  1751/1751/1327 1745/1745/1324 1750/1750/1326
f  1751/1751/1327 1750/1750/1326 1752/1752/1328
f  1752/1752/1328 1750/1750/1326 1747/1747/1325
f  1753/1753/1329 1747/1747/1325 1740/1740/1321
f  1753/1753/1329 1740/1740/1321 1727/1727/1314
f  1747/1747/1325 1753/1753/1329 1754/1754/1330
f  1753/1753/1329 1727/1727/1314 1755/1755/1331
f  1753/1753/1329 1755/1755/1331 1754/1754/1330
f  1755/1755/1331 1727/1727/1314 1726/1726/1313
f  1755/1755/1331 1726/1726/1313 1756/1756/1332
f  1756/1756/1332 1726/1726/1313 1729/1729/1315
f  1755/1755/1331 1756/1756/1332 1757/1757/1333
f  1757/1757/1333 1756/1756/1332 1729/1729/1315
f  1755/1755/1331 1757/1757/1333 1754/1754/1330
f  1758/1758/1334 1747/1747/1325 1754/1754/1330
f  1747/1747/1325 1758/1758/1334 1752/1752/1328
f  1754/1754/1330 1757/1757/1333 1759/1759/1335
f  1758/1758/1334 1754/1754/1330 1760/1760/1336
f  1760/1760/1336 1754/1754/1330 1759/1759/1335
f  1759/1759/1335 1757/1757/1333 1761/1761/1337
f  1762/1762/1338 1757/1757/1333 1729/1729/1315
f  1757/1757/1333 1762/1762/1338 1761/1761/1337
f  1759/1759/1335 1761/1761/1337 1763/1763/1339
f  1763/1763/1339 1761/1761/1337 1762/1762/1338
f  1759/1759/1335 1763/1763/1339 1764/1764/1340
f  1759/1759/1335 1764/1764/1340 1760/1760/1336
f  1763/1763/1339 1762/1762/1338 1765/1765/1341
f  1762/1762/1338 1729/1729/1315 1766/1766/1342
f  1766/1766/1342 1729/1729/1315 1721/1721/1310
f  1762/1762/1338 1766/1766/1342 1767/1767/1343
f  1762/1762/1338 1767/1767/1343 1765/1765/1341
f  1766/1766/1342 1721/1721/1310 1768/1768/1344
f  1766/1766/1342 1768/1768/1344 1767/1767/1343
f  1768/1768/1344 1721/1721/1310 1719/1719/1308
f  1768/1768/1344 1719/1719/1308 1769/1769/1345
f  1768/1768/1344 1769/1769/1345 1767/1767/1343
f  1769/1769/1345 1719/1719/1308 1718/1718/1153
f  1769/1769/1345 1718/1718/1153 1770/1770/1151
f  1769/1769/1345 1770/1770/1151 1767/1767/1343
f  1770/1770/1151 1718/1718/1153 1771/1771/1150
f  1767/1767/1343 1770/1770/1151 1772/1772/1346
f  1767/1767/1343 1772/1772/1346 1765/1765/1341
f  1772/1772/1346 1770/1770/1151 1773/1773/1148
f  1772/1772/1346 1773/1773/1148 1774/1774/1147
f  1765/1765/1341 1772/1772/1346 1775/1775/1347
f  1775/1775/1347 1772/1772/1346 1774/1774/1147
f  1775/1775/1347 1774/1774/1147 1776/1776/1348
f  1776/1776/1348 1774/1774/1147 1777/1777/1144
f  1776/1776/1348 1777/1777/1144 1778/1778/1141
f  1775/1775/1347 1776/1776/1348 1779/1779/1349
f  1779/1779/1349 1776/1776/1348 1778/1778/1141
f  1765/1765/1341 1775/1775/1347 1780/1780/1350
f  1780/1780/1350 1775/1775/1347 1779/1779/1349
f  1779/1779/1349 1778/1778/1141 1781/1781/1351
f  1779/1779/1349 1781/1781/1351 1780/1780/1350
f  1781/1781/1351 1778/1778/1141 1782/1782/1139
f  1765/1765/1341 1780/1780/1350 1783/1783/1352
f  1765/1765/1341 1783/1783/1352 1763/1763/1339
f  1763/1763/1339 1783/1783/1352 1764/1764/1340
f  1783/1783/1352 1780/1780/1350 1784/1784/1353
f  1784/1784/1353 1780/1780/1350 1781/1781/1351
f  1764/1764/1340 1783/1783/1352 1785/1785/1354
f  1785/1785/1354 1783/1783/1352 1784/1784/1353
f  1764/1764/1340 1785/1785/1354 1760/1760/1336
f  1784/1784/1353 1781/1781/1351 1786/1786/1355
f  1784/1784/1353 1786/1786/1355 1785/1785/1354
f  1787/1787/1356 1781/1781/1351 1782/1782/1139
f  1781/1781/1351 1787/1787/1356 1786/1786/1355
f  1788/1788/1136 1789/1789/1137 1782/1782/1139
f  1782/1782/1139 1789/1789/1137 1787/1787/1356
f  1787/1787/1356 1789/1789/1137 1790/1790/1135
f  1790/1790/1135 1789/1789/1137 1791/1791/1134
f  1787/1787/1356 1790/1790/1135 1792/1792/1357
f  1786/1786/1355 1787/1787/1356 1793/1793/1358
f  1793/1793/1358 1787/1787/1356 1792/1792/1357
f  1792/1792/1357 1790/1790/1135 1794/1794/1359
f  1792/1792/1357 1794/1794/1359 1793/1793/1358
f  1795/1795/1133 1796/1796/1360 1790/1790/1135
f  1790/1790/1135 1796/1796/1360 1794/1794/1359
f  1794/1794/1359 1796/1796/1360 1797/1797/1361
f  1794/1794/1359 1797/1797/1361 1798/1798/1362
f  1794/1794/1359 1798/1798/1362 1799/1799/1363
f  1794/1794/1359 1799/1799/1363 1793/1793/1358
f  1799/1799/1363 1798/1798/1362 1800/1800/1364
f  1793/1793/1358 1799/1799/1363 1801/1801/1365
f  1793/1793/1358 1801/1801/1365 1786/1786/1355
f  1799/1799/1363 1800/1800/1364 1802/1802/1366
f  1799/1799/1363 1802/1802/1366 1801/1801/1365
f  1802/1802/1366 1800/1800/1364 1803/1803/1367
f  1786/1786/1355 1801/1801/1365 1804/1804/1368
f  1804/1804/1368 1801/1801/1365 1802/1802/1366
f  1786/1786/1355 1804/1804/1368 1785/1785/1354
f  1785/1785/1354 1804/1804/1368 1805/1805/1369
f  1805/1805/1369 1804/1804/1368 1802/1802/1366
f  1785/1785/1354 1805/1805/1369 1760/1760/1336
f  1802/1802/1366 1803/1803/1367 1806/1806/1370
f  1805/1805/1369 1802/1802/1366 1807/1807/1371
f  1807/1807/1371 1802/1802/1366 1806/1806/1370
f  1760/1760/1336 1805/1805/1369 1808/1808/1372
f  1808/1808/1372 1805/1805/1369 1807/1807/1371
f  1808/1808/1372 1807/1807/1371 1806/1806/1370
f  1760/1760/1336 1808/1808/1372 1758/1758/1334
f  1806/1806/1370 1803/1803/1367 1809/1809/1373
f  1758/1758/1334 1808/1808/1372 1810/1810/1374
f  1758/1758/1334 1810/1810/1374 1752/1752/1328
f  1808/1808/1372 1806/1806/1370 1811/1811/1375
f  1808/1808/1372 1811/1811/1375 1810/1810/1374
f  1806/1806/1370 1809/1809/1373 1812/1812/1376
f  1806/1806/1370 1812/1812/1376 1811/1811/1375
f  1812/1812/1376 1809/1809/1373 1813/1813/1377
f  1812/1812/1376 1813/1813/1377 1814/1814/776
f  1812/1812/1376 1814/1814/776 1815/1815/1378
f  1816/1816/1379 1752/1752/1328 1810/1810/1374
f  1816/1816/1379 1810/1810/1374 1811/1811/1375
f  1752/1752/1328 1816/1816/1379 1751/1751/1327
f  1811/1811/1375 1812/1812/1376 1817/1817/1380
f  1811/1811/1375 1817/1817/1380 1816/1816/1379
f  1812/1812/1376 1815/1815/1378 1818/1818/1381
f  1812/1812/1376 1818/1818/1381 1817/1817/1380
f  1751/1751/1327 1816/1816/1379 1819/1819/1382
f  1819/1819/1382 1816/1816/1379 1817/1817/1380
f  1751/1751/1327 1819/1819/1382 1748/1748/1054
f  1817/1817/1380 1818/1818/1381 1820/1820/1383
f  1817/1817/1380 1820/1820/1383 1819/1819/1382
f  1818/1818/1381 1815/1815/1378 1821/1821/1051
f  1818/1818/1381 1821/1821/1051 1820/1820/1383
f  1821/1821/1051 1815/1815/1378 1822/1822/1384
f  1821/1821/1051 1822/1822/1384 1823/1823/1050
f  1820/1820/1383 1821/1821/1051 1824/1824/1385
f  1820/1820/1383 1824/1824/1385 1819/1819/1382
f  1819/1819/1382 1824/1824/1385 1748/1748/1054
f  1824/1824/1385 1821/1821/1051 1825/1825/1052
f  1824/1824/1385 1825/1825/1052 1748/1748/1054
f  1826/1826/721 1827/1827/1035 1828/1828/810
f  1829/1829/810 1830/1830/1035 1831/1831/1037
f  1832/1832/1386 1833/1833/1037 1834/1834/1036
f  1832/1832/1386 1834/1834/1036 1835/1835/1387
f  1836/1836/810 1837/1837/1037 1838/1838/1386
f  1836/1836/810 1838/1838/1386 1839/1839/1387
f  1836/1836/810 1839/1839/1387 1840/1840/815
f  1836/1836/810 1840/1840/815 1841/1841/811
f  1842/1842/809 1843/1843/811 1844/1844/815
f  1845/1845/1036 1846/1846/977 1847/1847/1387
f  1847/1847/1387 1846/1846/977 1848/1848/1388
f  1847/1847/1387 1848/1848/1388 1849/1849/1388
f  1848/1848/1388 1846/1846/977 1850/1850/1389
f  1848/1848/1388 1850/1850/1389 1849/1849/1388
f  1850/1850/1389 1846/1846/977 1851/1851/1043
f  1847/1847/1387 1849/1849/1388 1852/1852/1050
f  1852/1852/1050 1849/1849/1388 1853/1853/1390
f  1852/1852/1050 1853/1853/1390 1854/1854/1391
f  1853/1853/1390 1849/1849/1388 1855/1855/1392
f  1853/1853/1390 1855/1855/1392 1856/1856/1393
f  1850/1850/1389 1851/1851/1043 1857/1857/1394
f  1857/1857/1394 1851/1851/1043 1858/1858/1044
f  1859/1859/1395 1849/1849/1388 1850/1850/1389
f  1849/1849/1388 1859/1859/1395 1855/1855/1392
f  1859/1859/1395 1850/1850/1389 1857/1857/1394
f  1857/1857/1394 1858/1858/1044 1860/1860/1049
f  1856/1856/1393 1855/1855/1392 1861/1861/1396
f  1855/1855/1392 1859/1859/1395 1862/1862/772
f  1859/1859/1395 1857/1857/1394 1863/1863/1397
f  1859/1859/1395 1863/1863/1397 1862/1862/772
f  1857/1857/1394 1860/1860/1049 1864/1864/87
f  1857/1857/1394 1864/1864/87 1863/1863/1397
f  1864/1864/87 1860/1860/1049 1865/1865/1398
f  1865/1865/1398 1860/1860/1049 1866/1866/1050
f  1865/1865/1398 1866/1866/1050 1867/1867/1384
f  1855/1855/1392 1862/1862/772 1868/1868/1399
f  1855/1855/1392 1868/1868/1399 1861/1861/1396
f  1869/1869/94 1862/1862/772 1863/1863/1397
f  1862/1862/772 1869/1869/94 1868/1868/1399
f  1865/1865/1398 1867/1867/1384 1870/1870/776
f  1870/1870/776 1867/1867/1384 1871/1871/1378
f  1865/1865/1398 1870/1870/776 1872/1872/1400
f  1865/1865/1398 1872/1872/1400 1864/1864/87
f  1873/1873/72 1863/1863/1397 1864/1864/87
f  1873/1873/72 1864/1864/87 1872/1872/1400
f  1863/1863/1397 1873/1873/72 1869/1869/94
f  1873/1873/72 1872/1872/1400 1874/1874/1401
f  1873/1873/72 1874/1874/1401 1869/1869/94
f  1872/1872/1400 1870/1870/776 1875/1875/1028
f  1872/1872/1400 1875/1875/1028 1874/1874/1401
f  1869/1869/94 1874/1874/1401 1876/1876/1326
f  1876/1876/1326 1874/1874/1401 1875/1875/1028
f  1869/1869/94 1876/1876/1326 1877/1877/1402
f  1869/1869/94 1877/1877/1402 1868/1868/1399
f  1875/1875/1028 1870/1870/776 1878/1878/1403
f  1878/1878/1403 1870/1870/776 1879/1879/1377
f  1878/1878/1403 1879/1879/1377 1880/1880/1373
f  1876/1876/1326 1875/1875/1028 1881/1881/1404
f  1868/1868/1399 1877/1877/1402 1882/1882/1405
f  1868/1868/1399 1882/1882/1405 1861/1861/1396
f  1883/1883/1040 1877/1877/1402 1876/1876/1326
f  1883/1883/1040 1876/1876/1326 1881/1881/1404
f  1884/1884/1406 1861/1861/1396 1885/1885/1407
f  1885/1885/1407 1861/1861/1396 1882/1882/1405
f  1877/1877/1402 1883/1883/1040 1886/1886/1408
f  1877/1877/1402 1886/1886/1408 1882/1882/1405
f  1885/1885/1407 1882/1882/1405 1887/1887/1409
f  1885/1885/1407 1887/1887/1409 1888/1888/1407
f  1888/1888/1407 1887/1887/1409 1889/1889/1410
f  1889/1889/1410 1887/1887/1409 1882/1882/1405
f  1890/1890/1411 1891/1891/1412 1889/1889/1410
f  1890/1890/1411 1889/1889/1410 1892/1892/1413
f  1892/1892/1413 1889/1889/1410 1882/1882/1405
f  1892/1892/1413 1882/1882/1405 1886/1886/1408
f  1892/1892/1413 1886/1886/1408 1893/1893/1414
f  1893/1893/1414 1886/1886/1408 1883/1883/1040
f  1892/1892/1413 1893/1893/1414 1894/1894/1415
f  1892/1892/1413 1894/1894/1415 1895/1895/1416
f  1893/1893/1414 1883/1883/1040 1896/1896/1417
f  1895/1895/1416 1894/1894/1415 1897/1897/1418
f  1897/1897/1418 1894/1894/1415 1898/1898/1419
f  1897/1897/1418 1898/1898/1419 1899/1899/1420
f  1898/1898/1419 1894/1894/1415 1900/1900/1421
f  1898/1898/1419 1900/1900/1421 1899/1899/1420
f  1901/1901/1422 1894/1894/1415 1893/1893/1414
f  1901/1901/1422 1893/1893/1414 1896/1896/1417
f  1894/1894/1415 1901/1901/1422 1900/1900/1421
f  1899/1899/1420 1900/1900/1421 1902/1902/1423
f  1899/1899/1420 1902/1902/1423 1903/1903/1424
f  1902/1902/1423 1900/1900/1421 1904/1904/1425
f  1900/1900/1421 1901/1901/1422 1905/1905/1426
f  1900/1900/1421 1905/1905/1426 1904/1904/1425
f  1905/1905/1426 1901/1901/1422 1896/1896/1417
f  1904/1904/1425 1905/1905/1426 1906/1906/1427
f  1904/1904/1425 1906/1906/1427 1907/1907/1428
f  1905/1905/1426 1896/1896/1417 1908/1908/1429
f  1905/1905/1426 1908/1908/1429 1906/1906/1427
f  1906/1906/1427 1908/1908/1429 1909/1909/1430
f  1906/1906/1427 1909/1909/1430 1910/1910/1431
f  1910/1910/1431 1909/1909/1430 1911/1911/1432
f  1911/1911/1432 1909/1909/1430 1908/1908/1429
f  1910/1910/1431 1911/1911/1432 1912/1912/1433
f  1912/1912/1433 1911/1911/1432 1913/1913/1434
f  1911/1911/1432 1908/1908/1429 1914/1914/1435
f  1913/1913/1434 1911/1911/1432 1915/1915/1436
f  1915/1915/1436 1911/1911/1432 1914/1914/1435
f  1913/1913/1434 1915/1915/1436 1916/1916/1437
f  1913/1913/1434 1916/1916/1437 1917/1917/1438
f  1915/1915/1436 1914/1914/1435 1918/1918/1439
f  1915/1915/1436 1918/1918/1439 1916/1916/1437
f  1914/1914/1435 1908/1908/1429 1919/1919/1440
f  1917/1917/1438 1916/1916/1437 1920/1920/1441
f  1917/1917/1438 1920/1920/1441 1921/1921/1442
f  1921/1921/1442 1920/1920/1441 1922/1922/1443
f  1922/1922/1443 1920/1920/1441 1923/1923/1444
f  1923/1923/1444 1920/1920/1441 1916/1916/1437
f  1922/1922/1443 1923/1923/1444 1924/1924/1364
f  1924/1924/1364 1923/1923/1444 1925/1925/1367
f  1925/1925/1367 1923/1923/1444 1880/1880/1373
f  1923/1923/1444 1916/1916/1437 1926/1926/1445
f  1923/1923/1444 1926/1926/1445 1880/1880/1373
f  1926/1926/1445 1916/1916/1437 1918/1918/1439
f  1880/1880/1373 1926/1926/1445 1878/1878/1403
f  1878/1878/1403 1926/1926/1445 1918/1918/1439
f  1878/1878/1403 1918/1918/1439 1927/1927/1446
f  1927/1927/1446 1918/1918/1439 1914/1914/1435
f  1878/1878/1403 1927/1927/1446 1875/1875/1028
f  1875/1875/1028 1927/1927/1446 1881/1881/1404
f  1927/1927/1446 1914/1914/1435 1928/1928/1447
f  1927/1927/1446 1928/1928/1447 1881/1881/1404
f  1928/1928/1447 1914/1914/1435 1919/1919/1440
f  1928/1928/1447 1919/1919/1440 1929/1929/1448
f  1928/1928/1447 1929/1929/1448 1881/1881/1404
f  1929/1929/1448 1919/1919/1440 1908/1908/1429
f  1929/1929/1448 1908/1908/1429 1896/1896/1417
f  1929/1929/1448 1896/1896/1417 1881/1881/1404
f  1881/1881/1404 1896/1896/1417 1883/1883/1040
f  1930/1930/1387 1931/1931/1050 1932/1932/815
f  1932/1932/815 1931/1931/1050 1933/1933/1048
f  1933/1933/1048 1931/1931/1050 1934/1934/1391
f  1932/1932/815 1933/1933/1048 1935/1935/1408
f  1932/1932/815 1935/1935/1408 1936/1936/816
f  1933/1933/1048 1934/1934/1391 1937/1937/1449
f  1937/1937/1449 1934/1934/1391 1938/1938/1390
f  1936/1936/816 1935/1935/1408 1939/1939/819
f  1937/1937/1449 1938/1938/1390 1940/1940/1393
f  1935/1935/1408 1933/1933/1048 1941/1941/1450
f  1941/1941/1450 1933/1933/1048 1937/1937/1449
f  1939/1939/819 1935/1935/1408 1942/1942/1451
f  1935/1935/1408 1941/1941/1450 1943/1943/1452
f  1935/1935/1408 1943/1943/1452 1942/1942/1451
f  1937/1937/1449 1940/1940/1393 1944/1944/1453
f  1937/1937/1449 1944/1944/1453 1945/1945/1454
f  1945/1945/1454 1944/1944/1453 1940/1940/1393
f  1937/1937/1449 1945/1945/1454 1941/1941/1450
f  1945/1945/1454 1940/1940/1393 1946/1946/1406
f  1946/1946/1406 1940/1940/1393 1947/1947/1396
f  1941/1941/1450 1945/1945/1454 1948/1948/1455
f  1948/1948/1455 1945/1945/1454 1946/1946/1406
f  1941/1941/1450 1948/1948/1455 1943/1943/1452
f  1948/1948/1455 1946/1946/1406 1949/1949/1407
f  1943/1943/1452 1948/1948/1455 1950/1950/1456
f  1943/1943/1452 1950/1950/1456 1942/1942/1451
f  1948/1948/1455 1949/1949/1407 1951/1951/1457
f  1951/1951/1457 1949/1949/1407 1952/1952/1407
f  1948/1948/1455 1951/1951/1457 1953/1953/1458
f  1951/1951/1457 1952/1952/1407 1954/1954/1412
f  1954/1954/1412 1952/1952/1407 1955/1955/1410
f  1953/1953/1458 1951/1951/1457 1956/1956/1459
f  1956/1956/1459 1951/1951/1457 1954/1954/1412
f  1948/1948/1455 1953/1953/1458 1957/1957/1460
f  1948/1948/1455 1957/1957/1460 1950/1950/1456
f  1957/1957/1460 1953/1953/1458 1956/1956/1459
f  1950/1950/1456 1957/1957/1460 1958/1958/1461
f  1958/1958/1461 1957/1957/1460 1956/1956/1459
f  1956/1956/1459 1954/1954/1412 1959/1959/1462
f  1959/1959/1462 1954/1954/1412 1960/1960/1411
f  1959/1959/1462 1960/1960/1411 1961/1961/1413
f  1959/1959/1462 1961/1961/1413 1962/1962/1463
f  1962/1962/1463 1961/1961/1413 1963/1963/1416
f  1962/1962/1463 1963/1963/1416 1964/1964/1418
f  1950/1950/1456 1958/1958/1461 1965/1965/386
f  1950/1950/1456 1965/1965/386 1942/1942/1451
f  1966/1966/1464 1964/1964/1418 1967/1967/1420
f  1964/1964/1418 1966/1966/1464 1968/1968/1465
f  1964/1964/1418 1968/1968/1465 1962/1962/1463
f  1968/1968/1465 1966/1966/1464 1969/1969/1466
f  1968/1968/1465 1969/1969/1466 1970/1970/1467
f  1970/1970/1467 1969/1969/1466 1971/1971/1468
f  1962/1962/1463 1968/1968/1465 1972/1972/1469
f  1972/1972/1469 1968/1968/1465 1970/1970/1467
f  1970/1970/1467 1971/1971/1468 1973/1973/1470
f  1970/1970/1467 1973/1973/1470 1972/1972/1469
f  1973/1973/1470 1971/1971/1468 1974/1974/1471
f  1962/1962/1463 1972/1972/1469 1975/1975/983
f  1962/1962/1463 1975/1975/983 1959/1959/1462
f  1972/1972/1469 1973/1973/1470 1976/1976/1472
f  1972/1972/1469 1976/1976/1472 1975/1975/983
f  1973/1973/1470 1974/1974/1471 1977/1977/1473
f  1973/1973/1470 1977/1977/1473 1976/1976/1472
f  1977/1977/1473 1974/1974/1471 1978/1978/1474
f  1977/1977/1473 1978/1978/1474 1979/1979/1475
f  1979/1979/1475 1978/1978/1474 1980/1980/1476
f  1976/1976/1472 1977/1977/1473 1981/1981/1477
f  1981/1981/1477 1977/1977/1473 1979/1979/1475
f  1979/1979/1475 1980/1980/1476 1982/1982/1478
f  1979/1979/1475 1982/1982/1478 1981/1981/1477
f  1976/1976/1472 1981/1981/1477 1983/1983/1479
f  1983/1983/1479 1981/1981/1477 1982/1982/1478
f  1976/1976/1472 1983/1983/1479 1984/1984/1480
f  1976/1976/1472 1984/1984/1480 1975/1975/983
f  1985/1985/1481 1959/1959/1462 1975/1975/983
f  1985/1985/1481 1975/1975/983 1984/1984/1480
f  1959/1959/1462 1985/1985/1481 1956/1956/1459
f  1984/1984/1480 1983/1983/1479 1986/1986/1482
f  1956/1956/1459 1985/1985/1481 1987/1987/1392
f  1956/1956/1459 1987/1987/1392 1958/1958/1461
f  1985/1985/1481 1984/1984/1480 1988/1988/1483
f  1985/1985/1481 1988/1988/1483 1987/1987/1392
f  1988/1988/1483 1984/1984/1480 1986/1986/1482
f  1958/1958/1461 1987/1987/1392 1989/1989/1484
f  1989/1989/1484 1987/1987/1392 1988/1988/1483
f  1958/1958/1461 1989/1989/1484 1965/1965/386
f  1989/1989/1484 1988/1988/1483 1990/1990/1485
f  1990/1990/1485 1988/1988/1483 1986/1986/1482
f  1965/1965/386 1989/1989/1484 1991/1991/386
f  1991/1991/386 1989/1989/1484 1990/1990/1485
f  1965/1965/386 1991/1991/386 1992/1992/1486
f  1965/1965/386 1992/1992/1486 1942/1942/1451
f  1991/1991/386 1990/1990/1485 1993/1993/1487
f  1991/1991/386 1993/1993/1487 1994/1994/1488
f  1993/1993/1487 1990/1990/1485 1995/1995/1489
f  1993/1993/1487 1995/1995/1489 1994/1994/1488
f  1991/1991/386 1994/1994/1488 1996/1996/1490
f  1996/1996/1490 1994/1994/1488 1995/1995/1489
f  1991/1991/386 1996/1996/1490 1992/1992/1486
f  1995/1995/1489 1990/1990/1485 1997/1997/1491
f  1997/1997/1491 1990/1990/1485 1986/1986/1482
f  1996/1996/1490 1995/1995/1489 1998/1998/1492
f  1998/1998/1492 1995/1995/1489 1997/1997/1491
f  1996/1996/1490 1998/1998/1492 1999/1999/977
f  1996/1996/1490 1999/1999/977 1992/1992/1486
f  1999/1999/977 1998/1998/1492 2000/2000/976
f  1992/1992/1486 1999/1999/977 2001/2001/1493
f  2000/2000/976 1998/1998/1492 2002/2002/1494
f  2002/2002/1494 1998/1998/1492 1997/1997/1491
f  2000/2000/976 2002/2002/1494 2003/2003/984
f  2002/2002/1494 1997/1997/1491 2004/2004/1495
f  2002/2002/1494 2004/2004/1495 2003/2003/984
f  2004/2004/1495 1997/1997/1491 1986/1986/1482
f  2003/2003/984 2004/2004/1495 2005/2005/987
f  2006/2006/975 2001/2001/1493 1999/1999/977
f  2001/2001/1493 2006/2006/975 1992/1992/1486
f  2006/2006/975 1999/1999/977 2007/2007/974
f  1992/1992/1486 2006/2006/975 2008/2008/1496
f  2008/2008/1496 2006/2006/975 2009/2009/820
f  1992/1992/1486 2008/2008/1496 1942/1942/1451
f  2008/2008/1496 2009/2009/820 1939/1939/819
f  2008/2008/1496 1939/1939/819 1942/1942/1451
f  2010/2010/1497 2005/2005/987 2004/2004/1495
f  2005/2005/987 2010/2010/1497 2011/2011/988
f  2012/2012/995 2013/2013/989 2011/2011/988
f  2012/2012/995 2011/2011/988 2014/2014/1498
f  2011/2011/988 2010/2010/1497 2015/2015/1499
f  2011/2011/988 2015/2015/1499 2014/2014/1498
f  2010/2010/1497 2004/2004/1495 2016/2016/1500
f  2010/2010/1497 2016/2016/1500 2015/2015/1499
f  2016/2016/1500 2004/2004/1495 2017/2017/1501
f  2017/2017/1501 2004/2004/1495 1986/1986/1482
f  2017/2017/1501 1986/1986/1482 1983/1983/1479
f  2016/2016/1500 2017/2017/1501 2018/2018/1502
f  2016/2016/1500 2018/2018/1502 2015/2015/1499
f  2017/2017/1501 1983/1983/1479 1982/1982/1478
f  2017/2017/1501 1982/1982/1478 2018/2018/1502
f  2018/2018/1502 1982/1982/1478 2015/2015/1499
f  2015/2015/1499 1982/1982/1478 2019/2019/1503
f  2015/2015/1499 2019/2019/1503 2014/2014/1498
f  2019/2019/1503 1982/1982/1478 1980/1980/1476
f  2014/2014/1498 2019/2019/1503 2020/2020/1504
f  2020/2020/1504 2019/2019/1503 1980/1980/1476
f  2021/2021/871 1114/1114/883 1116/1116/884
f  2021/2021/871 1116/1116/884 2022/2022/1505
f  2022/2022/1505 1116/1116/884 1118/1118/886
f  2021/2021/871 2022/2022/1505 2023/2023/587
f  2023/2023/587 2022/2022/1505 1118/1118/886
f  2021/2021/871 2023/2023/587 2024/2024/543
f  1114/1114/883 2021/2021/871 2025/2025/1506
f  2025/2025/1506 2021/2021/871 2024/2024/543
f  2024/2024/543 2023/2023/587 2026/2026/1507
f  2024/2024/543 2026/2026/1507 2025/2025/1506
f  2023/2023/587 1118/1118/886 2027/2027/1508
f  2023/2023/587 2027/2027/1508 2026/2026/1507
f  2027/2027/1508 1118/1118/886 1122/1122/890
f  2027/2027/1508 1122/1122/890 2028/2028/1509
f  2028/2028/1509 1122/1122/890 1126/1126/894
f  2026/2026/1507 2027/2027/1508 2029/2029/1510
f  2029/2029/1510 2027/2027/1508 2028/2028/1509
f  2026/2026/1507 2029/2029/1510 2030/2030/1511
f  2029/2029/1510 2028/2028/1509 2031/2031/1512
f  2029/2029/1510 2031/2031/1512 2030/2030/1511
f  2031/2031/1512 2028/2028/1509 1126/1126/894
f  2026/2026/1507 2030/2030/1511 2032/2032/1513
f  2026/2026/1507 2032/2032/1513 2025/2025/1506
f  2030/2030/1511 2031/2031/1512 2033/2033/1514
f  2031/2031/1512 1126/1126/894 2034/2034/1515
f  2031/2031/1512 2034/2034/1515 2033/2033/1514
f  2034/2034/1515 1126/1126/894 2035/2035/1516
f  2035/2035/1516 1126/1126/894 2036/2036/1517
f  2036/2036/1517 1126/1126/894 1130/1130/898
f  2034/2034/1515 2035/2035/1516 2037/2037/1518
f  2037/2037/1518 2035/2035/1516 2036/2036/1517
f  2036/2036/1517 1130/1130/898 1142/1142/910
f  2036/2036/1517 1142/1142/910 2037/2037/1518
f  2037/2037/1518 1142/1142/910 2038/2038/1519
f  2037/2037/1518 2038/2038/1519 2034/2034/1515
f  2038/2038/1519 1142/1142/910 2039/2039/1520
f  2039/2039/1520 1142/1142/910 1140/1140/908
f  2034/2034/1515 2038/2038/1519 2040/2040/1521
f  2034/2034/1515 2040/2040/1521 2033/2033/1514
f  2040/2040/1521 2038/2038/1519 2041/2041/1522
f  2041/2041/1522 2038/2038/1519 2039/2039/1520
f  2033/2033/1514 2040/2040/1521 2042/2042/1523
f  2040/2040/1521 2041/2041/1522 2043/2043/1524
f  2043/2043/1524 2041/2041/1522 2039/2039/1520
f  2040/2040/1521 2043/2043/1524 2042/2042/1523
f  2044/2044/1525 2039/2039/1520 1140/1140/908
f  2044/2044/1525 1140/1140/908 2045/2045/1017
f  2044/2044/1525 2045/2045/1017 2046/2046/1016
f  2039/2039/1520 2044/2044/1525 2047/2047/1526
f  2047/2047/1526 2044/2044/1525 2046/2046/1016
f  2039/2039/1520 2047/2047/1526 2043/2043/1524
f  2047/2047/1526 2046/2046/1016 2048/2048/1527
f  2047/2047/1526 2048/2048/1527 2043/2043/1524
f  2043/2043/1524 2048/2048/1527 2042/2042/1523
f  2042/2042/1523 2048/2048/1527 2049/2049/1528
f  2042/2042/1523 2049/2049/1528 2050/2050/1529
f  2050/2050/1529 2049/2049/1528 2051/2051/1530
f  2050/2050/1529 2051/2051/1530 2052/2052/1531
f  2042/2042/1523 2050/2050/1529 2053/2053/1532
f  2042/2042/1523 2053/2053/1532 2033/2033/1514
f  2033/2033/1514 2053/2053/1532 2030/2030/1511
f  2053/2053/1532 2050/2050/1529 2054/2054/1533
f  2054/2054/1533 2050/2050/1529 2052/2052/1531
f  2053/2053/1532 2054/2054/1533 2030/2030/1511
f  2054/2054/1533 2052/2052/1531 2055/2055/1534
f  2030/2030/1511 2054/2054/1533 2032/2032/1513
f  2032/2032/1513 2054/2054/1533 2056/2056/1535
f  2032/2032/1513 2056/2056/1535 2025/2025/1506
f  2054/2054/1533 2055/2055/1534 2057/2057/860
f  2054/2054/1533 2057/2057/860 2056/2056/1535
f  2057/2057/860 2055/2055/1534 2058/2058/1536
f  2056/2056/1535 2057/2057/860 2059/2059/1537
f  2056/2056/1535 2059/2059/1537 2025/2025/1506
f  2059/2059/1537 2057/2057/860 2058/2058/1536
f  2058/2058/1536 2055/2055/1534 2060/2060/1299
f  2025/2025/1506 2059/2059/1537 2061/2061/1538
f  2025/2025/1506 2061/2061/1538 1114/1114/883
f  1114/1114/883 2061/2061/1538 1117/1117/885
f  2061/2061/1538 2059/2059/1537 2062/2062/1183
f  2062/2062/1183 2059/2059/1537 2058/2058/1536
f  2061/2061/1538 2062/2062/1183 1117/1117/885
f  2058/2058/1536 2060/2060/1299 2063/2063/1539
f  2058/2058/1536 2063/2063/1539 2062/2062/1183
f  2062/2062/1183 2063/2063/1539 1117/1117/885
f  2063/2063/1539 2060/2060/1299 2064/2064/1298
f  1117/1117/885 2063/2063/1539 2065/2065/927
f  2065/2065/927 2063/2063/1539 2064/2064/1298
f  1117/1117/885 2065/2065/927 2066/2066/928
f  2065/2065/927 2064/2064/1298 2067/2067/926
f  2068/2068/1540 2069/2069/1295 2070/2070/1299
f  2068/2068/1540 2070/2070/1299 2071/2071/1214
f  2071/2071/1214 2070/2070/1299 2072/2072/1534
f  2071/2071/1214 2072/2072/1534 2073/2073/1531
f  2071/2071/1214 2073/2073/1531 2074/2074/1530
f  2068/2068/1540 2071/2071/1214 2075/2075/1541
f  2068/2068/1540 2075/2075/1541 2069/2069/1295
f  2075/2075/1541 2071/2071/1214 2074/2074/1530
f  2069/2069/1295 2075/2075/1541 2076/2076/1542
f  2076/2076/1542 2075/2075/1541 2074/2074/1530
f  2069/2069/1295 2076/2076/1542 2077/2077/1213
f  2076/2076/1542 2074/2074/1530 2078/2078/1543
f  2076/2076/1542 2078/2078/1543 2077/2077/1213
f  2078/2078/1543 2074/2074/1530 2079/2079/1544
f  2079/2079/1544 2074/2074/1530 2080/2080/1528
f  2077/2077/1213 2078/2078/1543 2081/2081/1545
f  2081/2081/1545 2078/2078/1543 2079/2079/1544
f  2069/2069/1295 2077/2077/1213 2082/2082/1546
f  2082/2082/1546 2077/2077/1213 2081/2081/1545
f  2069/2069/1295 2082/2082/1546 2083/2083/1290
f  2083/2083/1290 2082/2082/1546 2084/2084/531
f  2079/2079/1544 2080/2080/1528 2085/2085/1527
f  2082/2082/1546 2081/2081/1545 2086/2086/1547
f  2082/2082/1546 2086/2086/1547 2084/2084/531
f  2086/2086/1547 2081/2081/1545 2087/2087/1548
f  2088/2088/1549 2081/2081/1545 2079/2079/1544
f  2081/2081/1545 2088/2088/1549 2087/2087/1548
f  2079/2079/1544 2085/2085/1527 2089/2089/1550
f  2086/2086/1547 2087/2087/1548 2090/2090/1551
f  2090/2090/1551 2087/2087/1548 2088/2088/1549
f  2084/2084/531 2086/2086/1547 2091/2091/1224
f  2091/2091/1224 2086/2086/1547 2090/2090/1551
f  2084/2084/531 2091/2091/1224 2092/2092/1284
f  2084/2084/531 2092/2092/1284 2093/2093/1286
f  2092/2092/1284 2091/2091/1224 2094/2094/1283
f  2091/2091/1224 2090/2090/1551 2095/2095/1552
f  2091/2091/1224 2095/2095/1552 2094/2094/1283
f  2090/2090/1551 2088/2088/1549 2096/2096/1553
f  2090/2090/1551 2096/2096/1553 2095/2095/1552
f  2094/2094/1283 2095/2095/1552 2097/2097/1554
f  2094/2094/1283 2097/2097/1554 2098/2098/1275
f  2098/2098/1275 2097/2097/1554 2099/2099/1274
f  2097/2097/1554 2095/2095/1552 2100/2100/1555
f  2100/2100/1555 2095/2095/1552 2096/2096/1553
f  2099/2099/1274 2097/2097/1554 2101/2101/1556
f  2101/2101/1556 2097/2097/1554 2100/2100/1555
f  2099/2099/1274 2101/2101/1556 2102/2102/1557
f  2101/2101/1556 2100/2100/1555 2103/2103/1558
f  2101/2101/1556 2103/2103/1558 2102/2102/1557
f  2099/2099/1274 2102/2102/1557 2104/2104/1559
f  2099/2099/1274 2104/2104/1559 2105/2105/1272
f  2104/2104/1559 2102/2102/1557 2106/2106/1560
f  2106/2106/1560 2102/2102/1557 2103/2103/1558
f  2105/2105/1272 2104/2104/1559 2107/2107/1561
f  2107/2107/1561 2104/2104/1559 2106/2106/1560
f  2105/2105/1272 2107/2107/1561 2108/2108/1271
f  2107/2107/1561 2106/2106/1560 2109/2109/1562
f  2107/2107/1561 2109/2109/1562 2108/2108/1271
f  2106/2106/1560 2103/2103/1558 2110/2110/1563
f  2106/2106/1560 2110/2110/1563 2109/2109/1562
f  2108/2108/1271 2109/2109/1562 2111/2111/1264
f  2108/2108/1271 2111/2111/1264 2112/2112/1125
f  2109/2109/1562 2110/2110/1563 2113/2113/1564
f  2111/2111/1264 2109/2109/1562 2114/2114/1565
f  2114/2114/1565 2109/2109/1562 2113/2113/1564
f  2111/2111/1264 2114/2114/1565 2115/2115/1263
f  2115/2115/1263 2114/2114/1565 2116/2116/1566
f  2116/2116/1566 2114/2114/1565 2117/2117/1565
f  2117/2117/1565 2114/2114/1565 2113/2113/1564
f  2115/2115/1263 2116/2116/1566 2118/2118/1567
f  2118/2118/1567 2116/2116/1566 2117/2117/1565
f  2115/2115/1263 2118/2118/1567 2119/2119/1568
f  2115/2115/1263 2119/2119/1568 2120/2120/1258
f  2119/2119/1568 2118/2118/1567 2121/2121/1565
f  2121/2121/1565 2118/2118/1567 2117/2117/1565
f  2121/2121/1565 2117/2117/1565 2122/2122/1569
f  2122/2122/1569 2117/2117/1565 2113/2113/1564
f  2122/2122/1569 2113/2113/1564 2123/2123/1570
f  2122/2122/1569 2123/2123/1570 2124/2124/1571
f  2124/2124/1571 2123/2123/1570 2125/2125/1572
f  2123/2123/1570 2113/2113/1564 2126/2126/1573
f  2126/2126/1573 2113/2113/1564 2110/2110/1563
f  2125/2125/1572 2123/2123/1570 2127/2127/1574
f  2127/2127/1574 2123/2123/1570 2126/2126/1573
f  2125/2125/1572 2127/2127/1574 2128/2128/1575
f  2125/2125/1572 2128/2128/1575 2129/2129/1576
f  2128/2128/1575 2127/2127/1574 2130/2130/1577
f  2128/2128/1575 2130/2130/1577 2131/2131/1578
f  2131/2131/1578 2130/2130/1577 2132/2132/1579
f  2127/2127/1574 2126/2126/1573 2133/2133/1580
f  2127/2127/1574 2133/2133/1580 2130/2130/1577
f  2134/2134/1581 2126/2126/1573 2110/2110/1563
f  2126/2126/1573 2134/2134/1581 2133/2133/1580
f  2134/2134/1581 2110/2110/1563 2103/2103/1558
f  2134/2134/1581 2103/2103/1558 2135/2135/1582
f  2135/2135/1582 2103/2103/1558 2100/2100/1555
f  2133/2133/1580 2134/2134/1581 2136/2136/1583
f  2136/2136/1583 2134/2134/1581 2135/2135/1582
f  2135/2135/1582 2100/2100/1555 2096/2096/1553
f  2135/2135/1582 2096/2096/1553 2136/2136/1583
f  2133/2133/1580 2136/2136/1583 2137/2137/1584
f  2137/2137/1584 2136/2136/1583 2096/2096/1553
f  2133/2133/1580 2137/2137/1584 2130/2130/1577
f  2138/2138/1585 2132/2132/1579 2130/2130/1577
f  2132/2132/1579 2138/2138/1585 2139/2139/1586
f  2132/2132/1579 2139/2139/1586 2140/2140/1587
f  2138/2138/1585 2130/2130/1577 2141/2141/1588
f  2138/2138/1585 2141/2141/1588 2139/2139/1586
f  2140/2140/1587 2139/2139/1586 2142/2142/1589
f  2130/2130/1577 2137/2137/1584 2143/2143/1590
f  2130/2130/1577 2143/2143/1590 2141/2141/1588
f  2143/2143/1590 2137/2137/1584 2144/2144/1591
f  2144/2144/1591 2137/2137/1584 2096/2096/1553
f  2144/2144/1591 2096/2096/1553 2145/2145/1592
f  2145/2145/1592 2096/2096/1553 2088/2088/1549
f  2145/2145/1592 2088/2088/1549 2146/2146/1593
f  2145/2145/1592 2146/2146/1593 2144/2144/1591
f  2146/2146/1593 2088/2088/1549 2079/2079/1544
f  2146/2146/1593 2079/2079/1544 2089/2089/1550
f  2146/2146/1593 2089/2089/1550 2144/2144/1591
f  2144/2144/1591 2089/2089/1550 2143/2143/1590
f  2143/2143/1590 2089/2089/1550 2147/2147/1594
f  2143/2143/1590 2147/2147/1594 2141/2141/1588
f  2147/2147/1594 2089/2089/1550 2148/2148/1595
f  2148/2148/1595 2089/2089/1550 2085/2085/1527
f  2148/2148/1595 2085/2085/1527 2149/2149/1016
f  2148/2148/1595 2149/2149/1016 2150/2150/1015
f  2147/2147/1594 2148/2148/1595 2151/2151/1596
f  2147/2147/1594 2151/2151/1596 2141/2141/1588
f  2148/2148/1595 2150/2150/1015 2152/2152/1597
f  2148/2148/1595 2152/2152/1597 2151/2151/1596
f  2152/2152/1597 2150/2150/1015 2153/2153/1011
f  2152/2152/1597 2153/2153/1011 2154/2154/1008
f  2141/2141/1588 2151/2151/1596 2155/2155/1598
f  2141/2141/1588 2155/2155/1598 2139/2139/1586
f  2151/2151/1596 2152/2152/1597 2156/2156/1599
f  2156/2156/1599 2152/2152/1597 2154/2154/1008
f  2155/2155/1598 2151/2151/1596 2157/2157/1600
f  2155/2155/1598 2157/2157/1600 2139/2139/1586
f  2151/2151/1596 2156/2156/1599 2158/2158/1601
f  2151/2151/1596 2158/2158/1601 2157/2157/1600
f  2156/2156/1599 2154/2154/1008 2159/2159/1602
f  2156/2156/1599 2159/2159/1602 2158/2158/1601
f  2159/2159/1602 2154/2154/1008 2160/2160/1001
f  2159/2159/1602 2160/2160/1001 2161/2161/995
f  2159/2159/1602 2161/2161/995 2158/2158/1601
f  2158/2158/1601 2161/2161/995 2162/2162/1498
f  2158/2158/1601 2162/2162/1498 2163/2163/1504
f  2164/2164/1603 2157/2157/1600 2158/2158/1601
f  2157/2157/1600 2164/2164/1603 2139/2139/1586
f  2164/2164/1603 2158/2158/1601 2163/2163/1504
f  2139/2139/1586 2164/2164/1603 2142/2142/1589
f  2142/2142/1589 2164/2164/1603 2165/2165/1604
f  2165/2165/1604 2164/2164/1603 2163/2163/1504
f  2165/2165/1604 2163/2163/1504 2166/2166/1476
f  2165/2165/1604 2166/2166/1476 2167/2167/1474
f  2168/2168/1185 2169/2169/1125 2170/2170/1184
f  2169/2169/1125 2168/2168/1185 2171/2171/1127
f  2171/2171/1127 2168/2168/1185 2172/2172/1605
f  2171/2171/1127 2172/2172/1605 2173/2173/1606
f  2171/2171/1127 2173/2173/1606 2174/2174/1126
f  2172/2172/1605 2168/2168/1185 2175/2175/1182
f  2175/2175/1182 2168/2168/1185 2176/2176/1180
f  2172/2172/1605 2175/2175/1182 2177/2177/1607
f  2172/2172/1605 2177/2177/1607 2173/2173/1606
f  2178/2178/1183 2175/2175/1182 2179/2179/1181
f  2174/2174/1126 2173/2173/1606 2180/2180/1608
f  2174/2174/1126 2180/2180/1608 2181/2181/1129
f  2181/2181/1129 2180/2180/1608 2182/2182/1131
f  2175/2175/1182 2178/2178/1183 2183/2183/1609
f  2175/2175/1182 2183/2183/1609 2177/2177/1607
f  2183/2183/1609 2178/2178/1183 2184/2184/1610
f  2184/2184/1610 2178/2178/1183 2185/2185/464
f  2177/2177/1607 2183/2183/1609 2186/2186/1611
f  2186/2186/1611 2183/2183/1609 2184/2184/1610
f  2177/2177/1607 2186/2186/1611 2187/2187/1612
f  2177/2177/1607 2187/2187/1612 2188/2188/1613
f  2177/2177/1607 2188/2188/1613 2173/2173/1606
f  2187/2187/1612 2186/2186/1611 2189/2189/1614
f  2188/2188/1613 2187/2187/1612 2190/2190/1615
f  2190/2190/1615 2187/2187/1612 2189/2189/1614
f  2173/2173/1606 2188/2188/1613 2191/2191/1616
f  2173/2173/1606 2191/2191/1616 2180/2180/1608
f  2191/2191/1616 2188/2188/1613 2192/2192/1617
f  2192/2192/1617 2188/2188/1613 2190/2190/1615
f  2180/2180/1608 2191/2191/1616 2193/2193/1618
f  2193/2193/1618 2191/2191/1616 2192/2192/1617
f  2180/2180/1608 2193/2193/1618 2182/2182/1131
f  2193/2193/1618 2192/2192/1617 2194/2194/1619
f  2193/2193/1618 2194/2194/1619 2182/2182/1131
f  2182/2182/1131 2194/2194/1619 2195/2195/1620
f  2182/2182/1131 2195/2195/1620 2196/2196/1133
f  2196/2196/1133 2195/2195/1620 2197/2197/1360
f  2197/2197/1360 2195/2195/1620 2198/2198/1621
f  2198/2198/1621 2195/2195/1620 2194/2194/1619
f  2197/2197/1360 2198/2198/1621 2199/2199/1361
f  2200/2200/1622 2194/2194/1619 2192/2192/1617
f  2194/2194/1619 2200/2200/1622 2198/2198/1621
f  2200/2200/1622 2192/2192/1617 2201/2201/1623
f  2201/2201/1623 2192/2192/1617 2190/2190/1615
f  2199/2199/1361 2198/2198/1621 2202/2202/1624
f  2198/2198/1621 2200/2200/1622 2203/2203/1625
f  2198/2198/1621 2203/2203/1625 2202/2202/1624
f  2199/2199/1361 2202/2202/1624 2204/2204/1626
f  2204/2204/1626 2202/2202/1624 2203/2203/1625
f  2199/2199/1361 2204/2204/1626 2205/2205/1362
f  2205/2205/1362 2204/2204/1626 2206/2206/1443
f  2205/2205/1362 2206/2206/1443 2207/2207/1364
f  2206/2206/1443 2204/2204/1626 2208/2208/1627
f  2208/2208/1627 2204/2204/1626 2203/2203/1625
f  2206/2206/1443 2208/2208/1627 2209/2209/1442
f  2210/2210/1628 2203/2203/1625 2200/2200/1622
f  2210/2210/1628 2200/2200/1622 2201/2201/1623
f  2208/2208/1627 2203/2203/1625 2211/2211/1629
f  2211/2211/1629 2203/2203/1625 2210/2210/1628
f  2209/2209/1442 2208/2208/1627 2212/2212/1630
f  2212/2212/1630 2208/2208/1627 2211/2211/1629
f  2209/2209/1442 2212/2212/1630 2213/2213/1438
f  2210/2210/1628 2201/2201/1623 2214/2214/1631
f  2214/2214/1631 2201/2201/1623 2190/2190/1615
f  2211/2211/1629 2210/2210/1628 2215/2215/1632
f  2215/2215/1632 2210/2210/1628 2214/2214/1631
f  2212/2212/1630 2211/2211/1629 2216/2216/1633
f  2216/2216/1633 2211/2211/1629 2215/2215/1632
f  2213/2213/1438 2212/2212/1630 2217/2217/1634
f  2217/2217/1634 2212/2212/1630 2216/2216/1633
f  2213/2213/1438 2217/2217/1634 2218/2218/1434
f  2216/2216/1633 2215/2215/1632 2219/2219/1635
f  2216/2216/1633 2219/2219/1635 2217/2217/1634
f  2218/2218/1434 2217/2217/1634 2220/2220/1636
f  2218/2218/1434 2220/2220/1636 2221/2221/1433
f  2221/2221/1433 2220/2220/1636 2222/2222/1431
f  2222/2222/1431 2220/2220/1636 2217/2217/1634
f  2222/2222/1431 2217/2217/1634 2223/2223/1637
f  2223/2223/1637 2217/2217/1634 2219/2219/1635
f  2224/2224/1638 2219/2219/1635 2215/2215/1632
f  2224/2224/1638 2215/2215/1632 2214/2214/1631
f  2219/2219/1635 2224/2224/1638 2223/2223/1637
f  2222/2222/1431 2223/2223/1637 2225/2225/1428
f  2222/2222/1431 2225/2225/1428 2226/2226/1427
f  2223/2223/1637 2224/2224/1638 2227/2227/1639
f  2223/2223/1637 2227/2227/1639 2228/2228/1640
f  2223/2223/1637 2228/2228/1640 2225/2225/1428
f  2227/2227/1639 2224/2224/1638 2229/2229/1641
f  2227/2227/1639 2229/2229/1641 2228/2228/1640
f  2229/2229/1641 2224/2224/1638 2230/2230/1642
f  2225/2225/1428 2228/2228/1640 2231/2231/1643
f  2228/2228/1640 2229/2229/1641 2232/2232/1644
f  2228/2228/1640 2232/2232/1644 2231/2231/1643
f  2232/2232/1644 2229/2229/1641 2233/2233/1645
f  2233/2233/1645 2229/2229/1641 2230/2230/1642
f  2231/2231/1643 2232/2232/1644 2234/2234/1646
f  2232/2232/1644 2233/2233/1645 2235/2235/1647
f  2232/2232/1644 2235/2235/1647 2234/2234/1646
f  2235/2235/1647 2233/2233/1645 2236/2236/1648
f  2236/2236/1648 2233/2233/1645 2230/2230/1642
f  2234/2234/1646 2235/2235/1647 2237/2237/1649
f  2237/2237/1649 2235/2235/1647 2236/2236/1648
f  2231/2231/1643 2234/2234/1646 2238/2238/1650
f  2239/2239/1651 2225/2225/1428 2231/2231/1643
f  2239/2239/1651 2231/2231/1643 2238/2238/1650
f  2225/2225/1428 2239/2239/1651 2240/2240/1425
f  2240/2240/1425 2239/2239/1651 2241/2241/1423
f  2238/2238/1650 2234/2234/1646 2242/2242/1652
f  2242/2242/1652 2234/2234/1646 2237/2237/1649
f  2242/2242/1652 2237/2237/1649 2243/2243/1653
f  2238/2238/1650 2242/2242/1652 2244/2244/1654
f  2243/2243/1653 2237/2237/1649 2245/2245/1655
f  2239/2239/1651 2238/2238/1650 2246/2246/1656
f  2239/2239/1651 2246/2246/1656 2241/2241/1423
f  2246/2246/1656 2238/2238/1650 2244/2244/1654
f  2241/2241/1423 2246/2246/1656 2247/2247/1657
f  2241/2241/1423 2247/2247/1657 2248/2248/1424
f  2248/2248/1424 2247/2247/1657 2249/2249/1658
f  2249/2249/1658 2247/2247/1657 2246/2246/1656
f  2249/2249/1658 2246/2246/1656 2244/2244/1654
f  2249/2249/1658 2244/2244/1654 2250/2250/1659
f  2251/2251/1660 2245/2245/1655 2237/2237/1649
f  2251/2251/1660 2237/2237/1649 2236/2236/1648
f  2245/2245/1655 2251/2251/1660 2252/2252/1661
f  2252/2252/1661 2251/2251/1660 2253/2253/1662
f  2252/2252/1661 2253/2253/1662 2254/2254/1663
f  2252/2252/1661 2254/2254/1663 2255/2255/1664
f  2252/2252/1661 2255/2255/1664 2256/2256/1665
f  2256/2256/1665 2255/2255/1664 2257/2257/859
f  2257/2257/859 2255/2255/1664 2258/2258/879
f  2257/2257/859 2258/2258/879 2259/2259/1666
f  2255/2255/1664 2254/2254/1663 2260/2260/1667
f  2255/2255/1664 2260/2260/1667 2258/2258/879
f  2261/2261/1668 2254/2254/1663 2253/2253/1662
f  2254/2254/1663 2261/2261/1668 2260/2260/1667
f  2259/2259/1666 2258/2258/879 2262/2262/1669
f  2262/2262/1669 2258/2258/879 2260/2260/1667
f  2259/2259/1666 2262/2262/1669 2263/2263/1216
f  2263/2263/1216 2262/2262/1669 2264/2264/1213
f  2262/2262/1669 2260/2260/1667 2265/2265/1670
f  2265/2265/1670 2260/2260/1667 2261/2261/1668
f  2264/2264/1213 2262/2262/1669 2266/2266/1671
f  2266/2266/1671 2262/2262/1669 2265/2265/1670
f  2264/2264/1213 2266/2266/1671 2267/2267/1212
f  2265/2265/1670 2261/2261/1668 2268/2268/1672
f  2265/2265/1670 2268/2268/1672 2266/2266/1671
f  2267/2267/1212 2266/2266/1671 2269/2269/1673
f  2269/2269/1673 2266/2266/1671 2268/2268/1672
f  2267/2267/1212 2269/2269/1673 2270/2270/1211
f  2268/2268/1672 2261/2261/1668 2271/2271/1674
f  2270/2270/1211 2269/2269/1673 2272/2272/1218
f  2271/2271/1674 2261/2261/1668 2273/2273/1675
f  2273/2273/1675 2261/2261/1668 2253/2253/1662
f  2273/2273/1675 2253/2253/1662 2251/2251/1660
f  2271/2271/1674 2273/2273/1675 2274/2274/1676
f  2274/2274/1676 2273/2273/1675 2251/2251/1660
f  2268/2268/1672 2271/2271/1674 2275/2275/1677
f  2268/2268/1672 2275/2275/1677 2269/2269/1673
f  2275/2275/1677 2271/2271/1674 2274/2274/1676
f  2269/2269/1673 2275/2275/1677 2276/2276/1678
f  2276/2276/1678 2275/2275/1677 2274/2274/1676
f  2277/2277/1679 2272/2272/1218 2269/2269/1673
f  2277/2277/1679 2269/2269/1673 2276/2276/1678
f  2272/2272/1218 2277/2277/1679 2278/2278/1680
f  2278/2278/1680 2277/2277/1679 2276/2276/1678
f  2272/2272/1218 2278/2278/1680 2279/2279/1681
f  2272/2272/1218 2279/2279/1681 2280/2280/1222
f  2280/2280/1222 2279/2279/1681 2281/2281/1682
f  2280/2280/1222 2281/2281/1682 2282/2282/1197
f  2282/2282/1197 2281/2281/1682 2283/2283/1198
f  2283/2283/1198 2281/2281/1682 2284/2284/1683
f  2283/2283/1198 2284/2284/1683 2285/2285/1684
f  2283/2283/1198 2285/2285/1684 2286/2286/1190
f  2284/2284/1683 2281/2281/1682 2287/2287/1685
f  2284/2284/1683 2287/2287/1685 2285/2285/1684
f  2286/2286/1190 2285/2285/1684 2288/2288/1191
f  2289/2289/1686 2281/2281/1682 2279/2279/1681
f  2281/2281/1682 2289/2289/1686 2287/2287/1685
f  2289/2289/1686 2279/2279/1681 2290/2290/1687
f  2290/2290/1687 2279/2279/1681 2278/2278/1680
f  2287/2287/1685 2289/2289/1686 2291/2291/1688
f  2291/2291/1688 2289/2289/1686 2290/2290/1687
f  2292/2292/1689 2285/2285/1684 2287/2287/1685
f  2290/2290/1687 2278/2278/1680 2293/2293/1690
f  2293/2293/1690 2278/2278/1680 2276/2276/1678
f  2290/2290/1687 2293/2293/1690 2294/2294/1691
f  2290/2290/1687 2294/2294/1691 2291/2291/1688
f  2293/2293/1690 2276/2276/1678 2295/2295/1692
f  2293/2293/1690 2295/2295/1692 2294/2294/1691
f  2294/2294/1691 2295/2295/1692 2291/2291/1688
f  2295/2295/1692 2276/2276/1678 2274/2274/1676
f  2296/2296/1693 2287/2287/1685 2291/2291/1688
f  2287/2287/1685 2296/2296/1693 2292/2292/1689
f  2291/2291/1688 2295/2295/1692 2297/2297/1694
f  2291/2291/1688 2297/2297/1694 2296/2296/1693
f  2295/2295/1692 2274/2274/1676 2298/2298/1695
f  2295/2295/1692 2298/2298/1695 2297/2297/1694
f  2298/2298/1695 2274/2274/1676 2251/2251/1660
f  2298/2298/1695 2251/2251/1660 2236/2236/1648
f  2298/2298/1695 2236/2236/1648 2299/2299/1696
f  2298/2298/1695 2299/2299/1696 2297/2297/1694
f  2299/2299/1696 2236/2236/1648 2300/2300/1697
f  2299/2299/1696 2300/2300/1697 2297/2297/1694
f  2300/2300/1697 2236/2236/1648 2230/2230/1642
f  2301/2301/1698 2296/2296/1693 2297/2297/1694
f  2296/2296/1693 2301/2301/1698 2292/2292/1689
f  2297/2297/1694 2300/2300/1697 2302/2302/1699
f  2297/2297/1694 2302/2302/1699 2301/2301/1698
f  2292/2292/1689 2301/2301/1698 2303/2303/1700
f  2303/2303/1700 2301/2301/1698 2302/2302/1699
f  2292/2292/1689 2303/2303/1700 2285/2285/1684
f  2302/2302/1699 2300/2300/1697 2304/2304/1701
f  2285/2285/1684 2303/2303/1700 2288/2288/1191
f  2304/2304/1701 2300/2300/1697 2305/2305/1702
f  2305/2305/1702 2300/2300/1697 2230/2230/1642
f  2302/2302/1699 2304/2304/1701 2306/2306/1703
f  2306/2306/1703 2304/2304/1701 2305/2305/1702
f  2303/2303/1700 2302/2302/1699 2307/2307/1704
f  2307/2307/1704 2302/2302/1699 2306/2306/1703
f  2288/2288/1191 2303/2303/1700 2308/2308/1073
f  2288/2288/1191 2308/2308/1073 2309/2309/1187
f  2303/2303/1700 2307/2307/1704 2310/2310/1705
f  2310/2310/1705 2307/2307/1704 2306/2306/1703
f  2303/2303/1700 2310/2310/1705 2308/2308/1073
f  2309/2309/1187 2308/2308/1073 2185/2185/464
f  2308/2308/1073 2310/2310/1705 2311/2311/1700
f  2308/2308/1073 2311/2311/1700 2185/2185/464
f  2311/2311/1700 2310/2310/1705 2306/2306/1703
f  2185/2185/464 2311/2311/1700 2184/2184/1610
f  2184/2184/1610 2311/2311/1700 2312/2312/1706
f  2311/2311/1700 2306/2306/1703 2313/2313/1707
f  2313/2313/1707 2306/2306/1703 2305/2305/1702
f  2312/2312/1706 2311/2311/1700 2314/2314/1708
f  2314/2314/1708 2311/2311/1700 2313/2313/1707
f  2184/2184/1610 2312/2312/1706 2315/2315/1709
f  2315/2315/1709 2312/2312/1706 2314/2314/1708
f  2184/2184/1610 2315/2315/1709 2186/2186/1611
f  2186/2186/1611 2315/2315/1709 2189/2189/1614
f  2315/2315/1709 2314/2314/1708 2316/2316/1710
f  2315/2315/1709 2316/2316/1710 2189/2189/1614
f  2314/2314/1708 2313/2313/1707 2317/2317/1711
f  2314/2314/1708 2317/2317/1711 2316/2316/1710
f  2316/2316/1710 2317/2317/1711 2189/2189/1614
f  2317/2317/1711 2313/2313/1707 2305/2305/1702
f  2189/2189/1614 2317/2317/1711 2190/2190/1615
f  2190/2190/1615 2317/2317/1711 2214/2214/1631
f  2317/2317/1711 2305/2305/1702 2318/2318/1712
f  2317/2317/1711 2318/2318/1712 2214/2214/1631
f  2318/2318/1712 2305/2305/1702 2230/2230/1642
f  2214/2214/1631 2318/2318/1712 2224/2224/1638
f  2224/2224/1638 2318/2318/1712 2230/2230/1642
f  2319/2319/1258 2320/2320/1713 2321/2321/1250
f  2321/2321/1250 2320/2320/1713 2322/2322/1714
f  2321/2321/1250 2322/2322/1714 2323/2323/1249
f  2320/2320/1713 2319/2319/1258 2324/2324/1715
f  2322/2322/1714 2320/2320/1713 2325/2325/1716
f  2325/2325/1716 2320/2320/1713 2324/2324/1715
f  2323/2323/1249 2322/2322/1714 2326/2326/1717
f  2325/2325/1716 2324/2324/1715 2327/2327/1716
f  2324/2324/1715 2319/2319/1258 2328/2328/1718
f  2324/2324/1715 2328/2328/1718 2327/2327/1716
f  2328/2328/1718 2319/2319/1258 2329/2329/799
f  2329/2329/799 2319/2319/1258 2330/2330/1568
f  2327/2327/1716 2328/2328/1718 2331/2331/1719
f  2331/2331/1719 2328/2328/1718 2329/2329/799
f  2327/2327/1716 2331/2331/1719 2325/2325/1716
f  2329/2329/799 2330/2330/1568 2332/2332/1720
f  2329/2329/799 2332/2332/1720 2331/2331/1719
f  2332/2332/1720 2330/2330/1568 2333/2333/1565
f  2332/2332/1720 2333/2333/1565 2334/2334/1569
f  2332/2332/1720 2334/2334/1569 2331/2331/1719
f  2331/2331/1719 2334/2334/1569 2335/2335/1721
f  2335/2335/1721 2334/2334/1569 2336/2336/1571
f  2337/2337/1722 2325/2325/1716 2331/2331/1719
f  2337/2337/1722 2331/2331/1719 2335/2335/1721
f  2335/2335/1721 2336/2336/1571 2338/2338/1576
f  2338/2338/1576 2336/2336/1571 2339/2339/1572
f  2337/2337/1722 2335/2335/1721 2340/2340/1723
f  2340/2340/1723 2335/2335/1721 2338/2338/1576
f  2325/2325/1716 2337/2337/1722 2341/2341/1724
f  2337/2337/1722 2340/2340/1723 2342/2342/1725
f  2337/2337/1722 2342/2342/1725 2341/2341/1724
f  2325/2325/1716 2341/2341/1724 2343/2343/1726
f  2325/2325/1716 2343/2343/1726 2322/2322/1714
f  2341/2341/1724 2342/2342/1725 2344/2344/1727
f  2341/2341/1724 2344/2344/1727 2343/2343/1726
f  2342/2342/1725 2340/2340/1723 2345/2345/1728
f  2342/2342/1725 2345/2345/1728 2344/2344/1727
f  2322/2322/1714 2343/2343/1726 2326/2326/1717
f  2343/2343/1726 2344/2344/1727 2346/2346/1729
f  2343/2343/1726 2346/2346/1729 2347/2347/1730
f  2343/2343/1726 2347/2347/1730 2326/2326/1717
f  2346/2346/1729 2344/2344/1727 2348/2348/1731
f  2346/2346/1729 2348/2348/1731 2347/2347/1730
f  2348/2348/1731 2344/2344/1727 2345/2345/1728
f  2349/2349/1732 2345/2345/1728 2340/2340/1723
f  2349/2349/1732 2340/2340/1723 2338/2338/1576
f  2350/2350/1575 2351/2351/1578 2338/2338/1576
f  2338/2338/1576 2351/2351/1578 2349/2349/1732
f  2347/2347/1730 2348/2348/1731 2352/2352/1733
f  2349/2349/1732 2351/2351/1578 2353/2353/1734
f  2353/2353/1734 2351/2351/1578 2354/2354/1579
f  2355/2355/1735 2348/2348/1731 2345/2345/1728
f  2348/2348/1731 2355/2355/1735 2352/2352/1733
f  2356/2356/1736 2345/2345/1728 2349/2349/1732
f  2345/2345/1728 2356/2356/1736 2355/2355/1735
f  2349/2349/1732 2353/2353/1734 2357/2357/1737
f  2349/2349/1732 2357/2357/1737 2356/2356/1736
f  2353/2353/1734 2354/2354/1579 2358/2358/1738
f  2358/2358/1738 2354/2354/1579 2359/2359/1587
f  2357/2357/1737 2353/2353/1734 2360/2360/1739
f  2360/2360/1739 2353/2353/1734 2358/2358/1738
f  2357/2357/1737 2360/2360/1739 2361/2361/1740
f  2361/2361/1740 2360/2360/1739 2358/2358/1738
f  2358/2358/1738 2359/2359/1587 2362/2362/1741
f  2361/2361/1740 2358/2358/1738 2363/2363/1740
f  2363/2363/1740 2358/2358/1738 2362/2362/1741
f  2357/2357/1737 2361/2361/1740 2364/2364/1742
f  2364/2364/1742 2361/2361/1740 2363/2363/1740
f  2362/2362/1741 2359/2359/1587 2365/2365/1589
f  2362/2362/1741 2365/2365/1589 2366/2366/1743
f  2366/2366/1743 2365/2365/1589 2367/2367/1604
f  2366/2366/1743 2367/2367/1604 2368/2368/1744
f  2366/2366/1743 2368/2368/1744 2362/2362/1741
f  2368/2368/1744 2367/2367/1604 2369/2369/1474
f  2368/2368/1744 2369/2369/1474 2370/2370/1471
f  2362/2362/1741 2368/2368/1744 2371/2371/1745
f  2362/2362/1741 2371/2371/1745 2363/2363/1740
f  2368/2368/1744 2370/2370/1471 2372/2372/1746
f  2368/2368/1744 2372/2372/1746 2371/2371/1745
f  2372/2372/1746 2370/2370/1471 2373/2373/1468
f  2372/2372/1746 2373/2373/1468 2374/2374/1466
f  2371/2371/1745 2372/2372/1746 2375/2375/1747
f  2371/2371/1745 2375/2375/1747 2363/2363/1740
f  2372/2372/1746 2374/2374/1466 2376/2376/1748
f  2372/2372/1746 2376/2376/1748 2375/2375/1747
f  2376/2376/1748 2374/2374/1466 2377/2377/1464
f  2363/2363/1740 2375/2375/1747 2378/2378/1749
f  2363/2363/1740 2378/2378/1749 2364/2364/1742
f  2375/2375/1747 2376/2376/1748 2379/2379/1750
f  2375/2375/1747 2379/2379/1750 2378/2378/1749
f  2376/2376/1748 2377/2377/1464 2380/2380/1424
f  2376/2376/1748 2380/2380/1424 2379/2379/1750
f  2380/2380/1424 2377/2377/1464 2381/2381/1420
f  2378/2378/1749 2379/2379/1750 2382/2382/1751
f  2378/2378/1749 2382/2382/1751 2364/2364/1742
f  2379/2379/1750 2380/2380/1424 2383/2383/1659
f  2379/2379/1750 2383/2383/1659 2382/2382/1751
f  2383/2383/1659 2380/2380/1424 2384/2384/1658
f  2382/2382/1751 2383/2383/1659 2385/2385/1752
f  2385/2385/1752 2383/2383/1659 2386/2386/1654
f  2385/2385/1752 2386/2386/1654 2387/2387/1652
f  2382/2382/1751 2385/2385/1752 2388/2388/1753
f  2388/2388/1753 2385/2385/1752 2387/2387/1652
f  2382/2382/1751 2388/2388/1753 2364/2364/1742
f  2388/2388/1753 2387/2387/1652 2389/2389/1653
f  2364/2364/1742 2388/2388/1753 2390/2390/1754
f  2364/2364/1742 2390/2390/1754 2357/2357/1737
f  2357/2357/1737 2390/2390/1754 2356/2356/1736
f  2390/2390/1754 2388/2388/1753 2391/2391/1755
f  2391/2391/1755 2388/2388/1753 2389/2389/1653
f  2390/2390/1754 2391/2391/1755 2356/2356/1736
f  2391/2391/1755 2389/2389/1653 2392/2392/1655
f  2356/2356/1736 2391/2391/1755 2393/2393/1756
f  2393/2393/1756 2391/2391/1755 2392/2392/1655
f  2356/2356/1736 2393/2393/1756 2355/2355/1735
f  2355/2355/1735 2393/2393/1756 2352/2352/1733
f  2393/2393/1756 2392/2392/1655 2394/2394/1757
f  2393/2393/1756 2394/2394/1757 2352/2352/1733
f  2394/2394/1757 2392/2392/1655 2395/2395/1758
f  2395/2395/1758 2392/2392/1655 2396/2396/1661
f  2395/2395/1758 2396/2396/1661 2397/2397/1759
f  2397/2397/1759 2396/2396/1661 2398/2398/1665
f  2395/2395/1758 2397/2397/1759 2399/2399/1760
f  2399/2399/1760 2397/2397/1759 2398/2398/1665
f  2394/2394/1757 2395/2395/1758 2400/2400/1761
f  2401/2401/1668 2352/2352/1733 2394/2394/1757
f  2401/2401/1668 2394/2394/1757 2400/2400/1761
f  2352/2352/1733 2401/2401/1668 2402/2402/1762
f  2352/2352/1733 2402/2402/1762 2347/2347/1730
f  2399/2399/1760 2398/2398/1665 2403/2403/1763
f  2403/2403/1763 2398/2398/1665 2404/2404/859
f  2403/2403/1763 2404/2404/859 2405/2405/1666
f  2399/2399/1760 2403/2403/1763 2406/2406/1764
f  2406/2406/1764 2403/2403/1763 2405/2405/1666
f  2407/2407/1765 2395/2395/1758 2399/2399/1760
f  2395/2395/1758 2407/2407/1765 2400/2400/1761
f  2407/2407/1765 2399/2399/1760 2406/2406/1764
f  2400/2400/1761 2407/2407/1765 2408/2408/1207
f  2400/2400/1761 2408/2408/1207 2401/2401/1668
f  2407/2407/1765 2406/2406/1764 2409/2409/596
f  2407/2407/1765 2409/2409/596 2408/2408/1207
f  2410/2410/1766 2406/2406/1764 2405/2405/1666
f  2410/2410/1766 2405/2405/1666 2411/2411/1216
f  2410/2410/1766 2411/2411/1216 2412/2412/1215
f  2409/2409/596 2406/2406/1764 2413/2413/1767
f  2413/2413/1767 2406/2406/1764 2410/2410/1766
f  2409/2409/596 2413/2413/1767 2408/2408/1207
f  2410/2410/1766 2412/2412/1215 2414/2414/1768
f  2410/2410/1766 2414/2414/1768 2413/2413/1767
f  2408/2408/1207 2413/2413/1767 2415/2415/1769
f  2415/2415/1769 2413/2413/1767 2414/2414/1768
f  2408/2408/1207 2415/2415/1769 2416/2416/1770
f  2416/2416/1770 2415/2415/1769 2414/2414/1768
f  2414/2414/1768 2412/2412/1215 2417/2417/927
f  2414/2414/1768 2417/2417/927 2416/2416/1770
f  2418/2418/1245 2323/2323/1249 2417/2417/927
f  2417/2417/927 2323/2323/1249 2326/2326/1717
f  2416/2416/1770 2417/2417/927 2419/2419/1771
f  2419/2419/1771 2417/2417/927 2326/2326/1717
f  2420/2420/1772 2408/2408/1207 2416/2416/1770
f  2408/2408/1207 2420/2420/1772 2401/2401/1668
f  2401/2401/1668 2420/2420/1772 2402/2402/1762
f  2420/2420/1772 2416/2416/1770 2421/2421/1773
f  2420/2420/1772 2421/2421/1773 2402/2402/1762
f  2421/2421/1773 2416/2416/1770 2419/2419/1771
f  2421/2421/1773 2419/2419/1771 2326/2326/1717
f  2402/2402/1762 2421/2421/1773 2347/2347/1730
f  2347/2347/1730 2421/2421/1773 2326/2326/1717

