# File produced by Tripo

mtllib mushroom_slice.mtl

# 2494 vertex positions
v -0.08216858 -0.08071899 0.48818970
v -0.06785583 -0.06003189 0.48446655
v -0.09326172 -0.08044434 0.49035645
v -0.06449890 -0.08055878 0.48486328
v -0.06772614 -0.08327484 0.48171997
v -0.04981613 -0.08098602 0.48211670
v -0.08815765 -0.08601379 0.47702026
v -0.01856422 -0.08831787 0.46615601
v -0.10939789 -0.08016205 0.48358154
v -0.10418701 -0.02438545 0.48303223
v -0.09264374 -0.01620293 0.48757935
v -0.09156799 0.05714417 0.48425293
v -0.07667542 -0.00539446 0.48394775
v -0.07691956 0.05701447 0.48135376
v -0.06985474 0.05945206 0.47653198
v -0.08462524 0.06493378 0.46627808
v -0.04406357 0.03581619 0.47579956
v -0.04540634 0.05678177 0.47509766
v -0.03899765 -0.01073170 0.47665405
v -0.03116989 -0.02743149 0.47567749
v -0.00404978 0.02679634 0.46810913
v -0.02782440 -0.08132172 0.47799683
v -0.00790977 -0.08177185 0.47421265
v 0.00315022 0.00163925 0.46746826
v 0.01425266 -0.08222198 0.46997070
v -0.02261543 0.05665588 0.47052002
v -0.04164886 0.06189728 0.46774292
v 0.01653671 0.06653595 0.44985962
v -0.01484299 0.07176208 0.44229126
v 0.00961208 0.05647278 0.46417236
v 0.04990005 0.04240036 0.45623779
v 0.03383255 0.05668259 0.45904541
v 0.01380253 0.07120514 0.43991089
v 0.06534576 0.05665207 0.45245361
v 0.06125641 0.07041168 0.43603516
v 0.00820827 0.07015991 0.40817261
v 0.02415466 0.02070999 0.46237183
v 0.06529999 0.00870991 0.45538330
v 0.05043793 0.02106667 0.45727539
v 0.03416061 -0.02942657 0.46316528
v 0.03482056 -0.07285309 0.46554565
v 0.05545425 -0.02224731 0.45889282
v 0.07980347 0.05492020 0.43847656
v 0.06484985 -0.04580307 0.45825195
v 0.06470490 -0.08332825 0.46014404
v 0.04844284 -0.08303070 0.46316528
v 0.04346085 -0.09455872 0.44586182
v 0.08981323 0.07241821 0.40148926
v 0.11841583 0.06825256 0.37622070
v 0.07747650 0.07176208 0.36999512
v 0.10501862 0.05289459 0.41339111
v 0.04848099 0.06926727 0.40371704
v 0.05779648 0.06999207 0.32531738
v 0.02945900 0.06736755 0.35977173
v 0.09749603 0.02625084 0.42224121
v 0.12731934 0.05117798 0.39117432
v 0.08087921 -0.00630379 0.44052124
v 0.11669922 -0.01615906 0.40542603
v 0.08214569 -0.06163406 0.44180298
v 0.11139679 -0.05891037 0.41131592
v 0.09617615 -0.07836151 0.42770386
v 0.09164429 -0.08826447 0.41708374
v 0.12698364 -0.07387543 0.39569092
v 0.06034851 -0.09651947 0.43997192
v 0.07613373 -0.09646606 0.42031860
v 0.09790802 -0.09634399 0.39276123
v 0.11993408 -0.09294891 0.37170410
v 0.04857254 -0.09278107 0.41174316
v 0.04172134 -0.09664154 0.44091797
v 0.03216553 -0.08750916 0.36880493
v 0.08415985 -0.09230042 0.36093140
v 0.07263947 -0.08939362 0.33813477
v 0.01052380 -0.08076477 0.31390381
v -0.00524187 -0.08379364 0.33557129
v 0.01752853 -0.09203339 0.39999390
v 0.00444603 -0.08894348 0.37597656
v -0.02937126 -0.08267212 0.32833862
v -0.00231433 -0.07696533 0.28201294
v -0.03574371 -0.08177948 0.30294800
v -0.05491257 -0.08829498 0.37332153
v -0.05466843 -0.08416748 0.31478882
v -0.05856323 -0.08425140 0.30364990
v -0.03690338 -0.08161926 0.28720093
v -0.06915283 -0.08390045 0.27365112
v -0.08759308 -0.08835602 0.33526611
v -0.06752014 -0.08779144 0.35009766
v -0.08991241 -0.09203339 0.37570190
v -0.06516266 -0.08899689 0.37133789
v -0.09092712 -0.09463501 0.40863037
v -0.08872223 -0.09718323 0.44427490
v -0.09475708 -0.09768677 0.44021606
v -0.11971283 -0.09292603 0.44174194
v -0.05265808 -0.09380341 0.41647339
v -0.07987213 -0.09437561 0.45709229
v -0.07720184 -0.09764862 0.44897461
v 0.00294971 -0.09108734 0.45816040
v 0.00019079 -0.09445190 0.42236328
v -0.02565575 -0.09713745 0.44570923
v 0.01015854 -0.09688568 0.44268799
v -0.10939789 -0.08016205 0.48358154
v -0.10418701 -0.02438545 0.48303223
v -0.12583923 -0.04187012 0.47479248
v -0.12194824 0.02163887 0.47314453
v -0.09156799 0.05714417 0.48425293
v -0.13484192 -0.07979584 0.47268677
v -0.14495850 -0.03116417 0.46636963
v -0.12745667 -0.08616638 0.45806885
v -0.08815765 -0.08601379 0.47702026
v -0.11971283 -0.09292603 0.44174194
v -0.15017700 -0.07934570 0.46575928
v -0.17088318 -0.08618164 0.43640137
v -0.16938782 -0.07880402 0.45767212
v -0.19470215 -0.07890320 0.44653320
v -0.16242981 -0.03237915 0.45892334
v -0.18632507 -0.07783508 0.45108032
v -0.21565247 -0.07785034 0.43826294
v -0.18704224 -0.02718163 0.44827271
v -0.13488770 0.01559925 0.46801758
v -0.15559387 0.00797939 0.45971680
v -0.12942505 0.05772400 0.46878052
v -0.10280609 0.05742645 0.47958374
v -0.08462524 0.06493378 0.46627808
v -0.12854004 0.06423950 0.45178223
v -0.13798523 0.05786514 0.46527100
v -0.14857483 0.05680084 0.46096802
v -0.15419006 0.05830383 0.45785522
v -0.17247009 0.05828476 0.45092773
v -0.09285736 0.07407379 0.43908691
v -0.08840942 0.07341003 0.44241333
v -0.06726074 0.07109833 0.40313721
v -0.18443298 0.06567383 0.42724609
v -0.18409729 0.02028084 0.44754028
v -0.18907166 0.05832672 0.44372559
v -0.20257568 0.02187920 0.43954468
v -0.22491455 -0.04100037 0.43292236
v -0.20558167 0.05868912 0.43676758
v -0.21643066 0.03914642 0.43313599
v -0.21823120 0.05858994 0.43176270
v -0.22741699 0.05952454 0.42706299
v -0.23815918 0.05931473 0.42330933
v -0.24479675 0.02050209 0.42205811
v -0.25360107 0.05958557 0.41616821
v -0.23965454 0.06794739 0.40258789
v -0.25460815 0.00079083 0.41836548
v -0.24259949 -0.02412605 0.42501831
v -0.24337769 -0.07701874 0.42684937
v -0.23455811 -0.07808685 0.42996216
v -0.25503540 -0.07642365 0.42193604
v -0.25689697 -0.07767487 0.41998291
v -0.23077393 -0.08012390 0.42550659
v -0.25775146 -0.07667542 0.41967773
v -0.27255249 -0.07646179 0.39797974
v -0.26040649 0.05986404 0.40734863
v -0.27893066 0.02672386 0.38348389
v -0.28997803 -0.07526398 0.37353516
v -0.27267456 -0.08412170 0.36068726
v -0.26968384 0.05949783 0.39462280
v -0.28103638 0.06001663 0.37823486
v -0.26641846 0.06041336 0.39730835
v -0.25103760 0.07129669 0.37332153
v -0.25476074 -0.08631897 0.37966919
v -0.27166748 -0.08845520 0.34225464
v -0.23629761 -0.08909607 0.39910889
v -0.22436523 -0.09864807 0.37268066
v -0.26196289 -0.09521484 0.32086182
v -0.21867371 -0.09898376 0.38085938
v -0.19493103 -0.09168243 0.41104126
v -0.21218872 -0.09360504 0.34188843
v -0.23504639 -0.09224701 0.31362915
v -0.19403076 -0.08505249 0.28967285
v -0.20758057 -0.09722900 0.35836792
v -0.18753052 -0.09160614 0.31845093
v -0.19252014 -0.09696198 0.34823608
v -0.17268372 -0.09839630 0.40341187
v -0.13389587 -0.09797668 0.42166138
v -0.09475708 -0.09768677 0.44021606
v -0.13151550 -0.09671783 0.40649414
v -0.09092712 -0.09463501 0.40863037
v -0.19323730 -0.09726715 0.37673950
v -0.14862061 -0.09349823 0.35867310
v -0.08991241 -0.09203339 0.37570190
v -0.08759308 -0.08835602 0.33526611
v -0.13729858 -0.09256744 0.34368896
v -0.13908386 -0.09082031 0.28155518
v -0.09504700 -0.08681488 0.27661133
v -0.06915283 -0.08390045 0.27365112
v -0.09985352 -0.08568573 0.22845459
v -0.13774109 -0.08257294 0.24128723
v -0.15635681 -0.08527374 0.26791382
v -0.18186951 -0.08005524 0.25790405
v -0.16676331 -0.07390594 0.21969604
v -0.05141830 0.07260132 0.44525146
v -0.07766724 0.07309723 0.44726562
v -0.08840942 0.07341003 0.44241333
v -0.06726074 0.07109833 0.40313721
v -0.01592255 0.06907654 0.38043213
v -0.00701666 0.06713104 0.33596802
v -0.00160253 0.06457520 0.28106689
v -0.03196335 0.06729126 0.33740234
v -0.06439972 0.07093048 0.35464478
v -0.04349899 0.06908417 0.30651855
v -0.11549377 0.07553864 0.42834473
v -0.16323853 0.07799530 0.40618896
v -0.20732117 0.08026123 0.38549805
v -0.18847656 0.07920837 0.37554932
v -0.13351440 0.07641602 0.38357544
v -0.09160614 0.07387543 0.38723755
v -0.06439972 0.07093048 0.35464478
v -0.08940887 0.07352448 0.33520508
v -0.04349899 0.06908417 0.30651855
v -0.06681824 0.07341003 0.29428101
v -0.09545135 0.07734680 0.27032471
v -0.14582825 0.07680511 0.35861206
v -0.14283752 0.07855225 0.32263184
v -0.15631104 0.07778168 0.35818481
v -0.21244812 0.08133698 0.37890625
v -0.19557190 0.08129120 0.35235596
v -0.14271545 0.08061981 0.28567505
v -0.11965179 0.08016205 0.25421143
v -0.17089844 0.08115387 0.31924438
v -0.15525818 0.07527161 0.25930786
v -0.12550354 0.07706451 0.23883057
v -0.17268372 0.06873322 0.23405457
v -0.19024658 0.07297516 0.28039551
v -0.18186951 0.07601929 0.29299927
v -0.19136047 0.07994843 0.33258057
v -0.21215820 0.07855225 0.34179688
v -0.23533630 0.07881927 0.31781006
v -0.22103882 0.08078766 0.36636353
v -0.24674988 0.08101654 0.34048462
v -0.22454834 0.08126831 0.37121582
v -0.25292969 0.07516479 0.35736084
v -0.21740723 0.08116913 0.37994385
v 0.09617615 -0.07836151 0.42770386
v 0.12698364 -0.07387543 0.39569092
v 0.11139679 -0.05891037 0.41131592
v 0.13552856 -0.05627060 0.38653564
v 0.14636230 -0.02091599 0.37426758
v 0.11669922 -0.01615906 0.40542603
v 0.14916992 -0.07028198 0.37213135
v 0.15199280 -0.02784157 0.36868286
v 0.15135193 0.02853584 0.36853027
v 0.16656494 0.00111735 0.35253906
v 0.16603088 -0.06768799 0.35406494
v 0.12554932 -0.08279419 0.38125610
v 0.09164429 -0.08826447 0.41708374
v 0.11993408 -0.09294891 0.37170410
v 0.14955139 -0.08473206 0.34631348
v 0.16127014 -0.07325745 0.35101318
v 0.14196777 -0.09319305 0.34207153
v 0.14793396 -0.08794403 0.34405518
v 0.12166595 -0.09619904 0.36242676
v 0.09790802 -0.09634399 0.39276123
v 0.08415985 -0.09230042 0.36093140
v 0.13966370 -0.09600830 0.34008789
v 0.14028931 -0.09609222 0.34033203
v 0.13685608 -0.09799957 0.32742310
v 0.13819885 -0.09837341 0.33825684
v 0.11952972 -0.09381866 0.33126831
v 0.12178802 -0.09696198 0.33123779
v 0.07263947 -0.08939362 0.33813477
v 0.10025024 -0.09098816 0.32257080
v 0.08706665 -0.08908844 0.31704712
v 0.11042023 -0.09385681 0.32647705
v 0.09781647 -0.09421539 0.32077026
v 0.08145905 -0.09326935 0.31307983
v 0.10689545 -0.09568787 0.32327271
v 0.09498596 -0.09292603 0.29299927
v 0.13385010 -0.09505463 0.28616333
v 0.10816956 -0.09118652 0.24670410
v 0.05050659 -0.08922577 0.28024292
v 0.05673981 -0.08791351 0.25494385
v 0.11467743 -0.09031677 0.22462463
v 0.07263184 -0.08685303 0.21853638
v 0.13066101 -0.09237671 0.24658203
v 0.14396667 -0.08370972 0.29431152
v 0.15846252 -0.07147217 0.32217407
v 0.11240387 -0.08745575 0.18127441
v 0.07414246 -0.08847809 0.20478821
v 0.05128860 -0.08795929 0.22798157
v 0.04055405 -0.08599091 0.20375061
v 0.12747192 -0.09033203 0.21244812
v 0.12571716 -0.08870697 0.18832397
v 0.12751770 -0.08550262 0.18449402
v 0.13533020 -0.08160400 0.21929932
v 0.13183594 -0.06948090 0.20228577
v 0.13160706 -0.00109208 0.19998169
v 0.13604736 -0.01988792 0.22074890
v 0.14002991 -0.07937622 0.24084473
v 0.13577271 0.05627441 0.21672058
v 0.12991333 0.06514740 0.19100952
v 0.14102173 -0.01029587 0.24304199
v 0.14639282 -0.07629395 0.26913452
v 0.14552307 -0.01421261 0.26342773
v 0.15083313 -0.07450104 0.28900146
v 0.14495850 0.05085754 0.25778198
v 0.15109253 -0.00016713 0.28656006
v 0.15405273 -0.03517914 0.30038452
v 0.15988159 -0.01669693 0.32415771
v 0.15585327 0.00268126 0.30676270
v 0.16159058 0.02780151 0.32858276
v 0.15843201 0.05551910 0.31460571
v 0.16706848 0.04816818 0.35159302
v 0.15132141 0.06152725 0.28482056
v 0.14653015 0.06577301 0.26300049
v 0.14276123 0.07277679 0.30078125
v 0.14007568 0.07170868 0.23315430
v 0.13481140 0.07649994 0.20948792
v 0.12855530 0.08220673 0.18132019
v 0.12977600 0.08388519 0.22500610
v 0.12751770 0.08472443 0.19863892
v 0.13261414 0.08239746 0.26705933
v 0.13623047 0.08094025 0.30886841
v 0.11521912 0.08125305 0.26168823
v 0.10465240 0.08188629 0.22631836
v 0.08934021 0.08124542 0.20314026
v 0.05700302 0.07737732 0.23329163
v 0.07116699 0.08238220 0.20764160
v 0.07872009 0.07739258 0.29196167
v 0.11560059 0.08007050 0.29443359
v 0.08069611 0.07669067 0.31317139
v 0.14505005 0.07287598 0.34136963
v 0.11684418 0.07862091 0.32821655
v 0.10233307 0.07780457 0.32232666
v 0.09381104 0.07623291 0.31976318
v 0.13877869 0.07981110 0.33740234
v 0.15409851 0.06258392 0.34500122
v 0.14697266 0.06863403 0.34417725
v 0.13990784 0.07695770 0.33987427
v 0.12783813 0.07602692 0.33505249
v 0.12716675 0.07584381 0.35522461
v 0.14338684 0.05005646 0.37506104
v 0.11608124 0.07495117 0.33013916
v 0.09752655 0.07322693 0.33609009
v 0.07747650 0.07176208 0.36999512
v 0.11841583 0.06825256 0.37622070
v 0.08981323 0.07241821 0.40148926
v 0.12731934 0.05117798 0.39117432
v 0.10501862 0.05289459 0.41339111
v 0.09749603 0.02625084 0.42224121
v 0.10456085 0.07393646 0.32525635
v 0.09557343 0.07330322 0.32144165
v 0.08226776 0.07315063 0.31515503
v 0.12716675 0.07584381 0.35522461
v 0.07747650 0.07176208 0.36999512
v 0.08981323 0.07241821 0.40148926
v -0.29537964 0.03098869 0.35986328
v -0.27893066 0.02672386 0.38348389
v -0.28103638 0.06001663 0.37823486
v -0.29235840 0.06010437 0.36251831
v -0.25103760 0.07129669 0.37332153
v -0.31057739 -0.00709915 0.34112549
v -0.29147339 0.06564331 0.34222412
v -0.30462646 0.06012726 0.34545898
v -0.25292969 0.07516479 0.35736084
v -0.29217529 0.06745148 0.33523560
v -0.24674988 0.08101654 0.34048462
v -0.31857300 0.06044006 0.32672119
v -0.32608032 0.03644943 0.31750488
v -0.32614136 0.06057358 0.31616211
v -0.28067017 0.07698059 0.30786133
v -0.33111572 0.00088865 0.31228638
v -0.34692383 0.02693176 0.29016113
v -0.32626343 -0.04059982 0.32077026
v -0.33843994 0.06001663 0.30001831
v -0.34463501 -0.04798508 0.29602051
v -0.36538696 -0.00751591 0.26657104
v -0.34631348 0.06021500 0.28933716
v -0.33721924 0.06101990 0.29998779
v -0.31665039 0.06847382 0.29653931
v -0.34713745 0.06122971 0.28634644
v -0.35604858 0.06076813 0.27545166
v -0.36718750 0.02553749 0.26257324
v -0.35220337 0.06529999 0.26281738
v -0.36682129 0.06086731 0.26071167
v -0.38272095 -0.00496197 0.24273682
v -0.31356812 0.07283783 0.28244019
v -0.27136230 0.08083344 0.30407715
v -0.30328369 0.08199310 0.26147461
v -0.26425171 0.08081818 0.31515503
v -0.23533630 0.07881927 0.31781006
v -0.26144409 0.07904053 0.29208374
v -0.22848511 0.07589722 0.27999878
v -0.19024658 0.07297516 0.28039551
v -0.28036499 0.07858276 0.25015259
v -0.21589661 0.07206726 0.23445129
v -0.17268372 0.06873322 0.23405457
v -0.25732422 0.07579803 0.24850464
v -0.29406738 0.07831573 0.21530151
v -0.25332642 0.07291412 0.20542908
v -0.20541382 0.06894684 0.19758606
v -0.16415405 0.06700134 0.21420288
v -0.12550354 0.07706451 0.23883057
v -0.17491150 0.06645203 0.19061279
v -0.33218384 0.08287048 0.22216797
v -0.15377808 0.06448364 0.18676758
v -0.13513184 0.06951141 0.19926453
v -0.18823242 0.06851196 0.18327332
v -0.18296814 0.06918335 0.16499329
v -0.18107605 0.06758118 0.15394592
v -0.20542908 0.07224274 0.14143372
v -0.23851013 0.07447815 0.17521667
v -0.24728394 0.07585907 0.14942932
v -0.27511597 0.07813263 0.18975830
v -0.27566528 0.07755280 0.19892883
v -0.33145142 0.08377075 0.21504211
v -0.27792358 0.07891083 0.16813660
v -0.31494141 0.08289337 0.18040466
v -0.33517456 0.08358002 0.19342041
v -0.35775757 0.07244873 0.21963501
v -0.38031006 0.06145477 0.24192810
v -0.37353516 0.06144333 0.25088501
v -0.38287354 0.06104660 0.23233032
v -0.38684082 0.06095886 0.20700073
v -0.38562012 0.06053543 0.21624756
v -0.38644409 0.00244498 0.21870422
v -0.38110352 0.06065369 0.24226379
v -0.38427734 -0.07133484 0.24374390
v -0.38076782 -0.07227325 0.24775696
v -0.38635254 -0.07169342 0.22961426
v -0.35873413 -0.08347321 0.22172546
v -0.36752319 -0.06352234 0.26583862
v -0.33325195 -0.09352875 0.22253418
v -0.37167358 -0.07243347 0.26071167
v -0.33242798 -0.09423065 0.21298218
v -0.36080933 -0.07259369 0.27499390
v -0.33920288 -0.07901764 0.27661133
v -0.33575439 -0.08464050 0.25823975
v -0.29562378 -0.08750916 0.21519470
v -0.29351807 -0.08880615 0.19676208
v -0.29663086 -0.09424591 0.27301025
v -0.28323364 -0.08969879 0.25189209
v -0.25231934 -0.08045197 0.20516968
v -0.23535156 -0.08061218 0.17510986
v -0.27166748 -0.09447479 0.30569458
v -0.25308228 -0.08515930 0.24258423
v -0.22164917 -0.07686615 0.19993591
v -0.18612671 -0.07334900 0.18412781
v -0.17817688 -0.07293701 0.16461182
v -0.15377808 -0.06884003 0.18714905
v -0.15721130 -0.06650543 0.15219116
v -0.16676331 -0.07390594 0.21969604
v -0.12186432 -0.07851410 0.20922852
v -0.18186951 -0.08005524 0.25790405
v -0.19403076 -0.08505249 0.28967285
v -0.22572327 -0.08782196 0.28573608
v -0.23504639 -0.09224701 0.31362915
v -0.26196289 -0.09057617 0.28115845
v -0.26196289 -0.09521484 0.32086182
v -0.27166748 -0.08845520 0.34225464
v -0.30480957 -0.08059692 0.32382202
v -0.27267456 -0.08412170 0.36068726
v -0.28997803 -0.07526398 0.37353516
v -0.30502319 -0.07478333 0.35217285
v -0.31332397 -0.07456970 0.34127808
v -0.31048584 -0.04182434 0.34353638
v -0.32244873 -0.07426453 0.32766724
v -0.33367920 -0.07422638 0.31161499
v -0.34167480 -0.07298279 0.30169678
v -0.34616089 -0.07369995 0.29443359
v 0.09752655 0.07322693 0.33609009
v 0.05779648 0.06999207 0.32531738
v 0.07747650 0.07176208 0.36999512
v 0.09557343 0.07330322 0.32144165
v 0.07555389 0.07160950 0.31344604
v 0.08226776 0.07315063 0.31515503
v 0.05305099 0.06966400 0.30413818
v 0.06764221 0.07193756 0.30926514
v 0.07650757 0.07526398 0.31265259
v 0.09381104 0.07623291 0.31976318
v 0.08069611 0.07669067 0.31317139
v 0.06471252 0.07553864 0.30725098
v 0.07872009 0.07739258 0.29196167
v 0.04515457 0.07006836 0.29962158
v 0.02600861 0.06718445 0.29406738
v 0.02945900 0.06736755 0.35977173
v -0.00160253 0.06457520 0.28106689
v 0.02330017 0.06764221 0.29086304
v 0.04670334 0.07305908 0.30020142
v 0.04167175 0.07392883 0.29602051
v 0.02214622 0.07234192 0.28906250
v 0.02755165 0.07408905 0.26007080
v 0.05700302 0.07737732 0.23329163
v 0.00307441 0.07105255 0.28121948
v 0.04573822 0.07918549 0.23143005
v 0.07116699 0.08238220 0.20764160
v 0.01036453 0.07534027 0.26455688
v -0.00192845 0.07355499 0.27685547
v 0.01141644 0.07692719 0.22038269
v -0.00370216 0.07706451 0.19746399
v 0.00136721 0.07759094 0.17375183
v -0.02210426 0.07436371 0.22076416
v -0.03213882 0.07489014 0.19311523
v -0.03744507 0.07455444 0.17788696
v -0.02861023 0.07485199 0.20352173
v -0.02836227 0.07048035 0.20660400
v -0.03319168 0.07140350 0.19311523
v -0.03929901 0.07219696 0.17825317
v -0.04006577 0.07141113 0.18008423
v -0.03344727 0.07017517 0.19798279
v -0.07280731 0.07646179 0.24215698
v -0.02558899 0.06877136 0.21739197
v -0.02110291 0.06916046 0.22584534
v -0.01337624 0.07342529 0.24630737
v -0.01351166 0.07438660 0.24258423
v -0.00718737 0.07387543 0.26239014
v -0.01361847 0.06745148 0.24737549
v -0.01953316 0.06776428 0.23419189
v -0.00805664 0.06652069 0.26251221
v -0.00435257 0.06515503 0.27343750
v -0.01129436 0.06636047 0.25540161
v -0.02626801 0.06934357 0.27084351
v -0.04349899 0.06908417 0.30651855
v -0.06681824 0.07341003 0.29428101
v -0.04550552 0.07272339 0.26092529
v -0.03783035 0.07114410 0.24232483
v 0.07263947 -0.08939362 0.33813477
v 0.05408859 -0.08446503 0.30450439
v 0.08706665 -0.08908844 0.31704712
v 0.01052380 -0.08076477 0.31390381
v 0.06954956 -0.08802795 0.30899048
v 0.06900024 -0.09143066 0.30838013
v 0.08145905 -0.09326935 0.31307983
v 0.04823303 -0.08447266 0.30026245
v 0.06044388 -0.09145355 0.30331421
v 0.04650497 -0.08940125 0.29837036
v 0.09498596 -0.09292603 0.29299927
v 0.05050659 -0.08922577 0.28024292
v 0.02753639 -0.08104706 0.29406738
v 0.03087044 -0.08203888 0.29309082
v 0.03114700 -0.08852386 0.29010010
v 0.02466965 -0.08706665 0.28918457
v -0.00231433 -0.07696533 0.28201294
v -0.00524187 -0.08379364 0.33557129
v 0.00777960 -0.08654022 0.27966309
v 0.05673981 -0.08791351 0.25494385
v 0.00397921 -0.08491516 0.28073120
v 0.00624990 -0.07865143 0.28298950
v 0.03457260 -0.08653259 0.25421143
v 0.07263184 -0.08685303 0.21853638
v -0.00121808 -0.08650208 0.27825928
v 0.02682877 -0.08744812 0.25387573
v 0.05128860 -0.08795929 0.22798157
v 0.00621843 -0.08506775 0.24325562
v 0.04055405 -0.08599091 0.20375061
v -0.00163567 -0.07781219 0.27957153
v -0.00597858 -0.08528137 0.26480103
v -0.00698471 -0.07688141 0.26525879
v -0.01594925 -0.07851410 0.27444458
v -0.03574371 -0.08177948 0.30294800
v -0.00851536 -0.08415985 0.25802612
v -0.00994873 -0.08433533 0.25149536
v -0.03690338 -0.08161926 0.28720093
v -0.01500893 -0.08300018 0.23922729
v -0.01061916 -0.07667542 0.25524902
v -0.04413605 -0.08143616 0.26074219
v -0.06915283 -0.08390045 0.27365112
v -0.02700806 -0.07839966 0.25231934
v -0.01459980 -0.07638550 0.24409485
v -0.04344177 -0.07975006 0.23925781
v -0.02194023 -0.07594299 0.22506714
v -0.01928329 -0.07720184 0.22935486
v -0.01938057 -0.08199310 0.22811890
v -0.02326202 -0.08123016 0.21720886
v -0.02038765 -0.08226013 0.22222900
v -0.02811241 -0.08052826 0.20233154
v 0.00756693 -0.08277893 0.19116211
v 0.04080582 -0.08246613 0.16201782
v -0.02693367 -0.07614899 0.20912170
v -0.03308868 -0.07946014 0.18873596
v -0.00720215 -0.07841492 0.15730286
v -0.03107071 -0.07605743 0.19686890
v -0.02731514 -0.07560730 0.21191406
v -0.03395081 -0.07508087 0.19279480
v -0.03828049 -0.07527924 0.17930603
v -0.03786469 -0.07790375 0.17440796
v -0.04282761 -0.07582092 0.18699646
v -0.04235458 -0.07490540 0.17169189
v -0.04529572 -0.07562256 0.15295410
v -0.05479050 -0.07860565 0.21076965
v -0.05925751 -0.07656097 0.16667175
v -0.05001068 -0.07455444 0.15335083
v -0.06270599 -0.08075714 0.22271729
v -0.08155823 -0.08139801 0.20092773
v -0.07483673 -0.08324432 0.23979187
v -0.09985352 -0.08568573 0.22845459
v -0.09504700 -0.08681488 0.27661133
v -0.10422516 -0.07603455 0.18946838
v -0.12186432 -0.07851410 0.20922852
v -0.13774109 -0.08257294 0.24128723
v -0.16676331 -0.07390594 0.21969604
v -0.15377808 -0.06884003 0.18714905
v -0.14663696 -0.06904602 0.18365479
v -0.08495331 -0.07054138 0.15080261
v -0.07264709 -0.07460022 0.12536621
v -0.05148315 -0.07805634 0.12244415
v -0.05310440 -0.08232880 0.09249878
v -0.04597092 -0.08098602 0.11563873
v -0.03882599 -0.07763672 0.14904785
v -0.03875351 -0.08283997 0.11392212
v -0.03876114 -0.08813477 0.08139038
v 0.01191139 -0.08154297 0.15463257
v 0.05305862 -0.08483124 0.15933228
v -0.01438522 -0.08348846 0.12689209
v 0.05250931 -0.08853912 0.13632202
v -0.00480556 -0.08831024 0.10295868
v 0.00052619 -0.09307861 0.07490540
v -0.03828812 -0.09429169 0.03972244
v -0.07280731 0.07646179 0.24215698
v -0.09545135 0.07734680 0.27032471
v -0.06681824 0.07341003 0.29428101
v -0.09787750 0.07967377 0.22578430
v -0.11965179 0.08016205 0.25421143
v -0.12550354 0.07706451 0.23883057
v -0.16415405 0.06700134 0.21420288
v -0.13513184 0.06951141 0.19926453
v -0.08168030 0.07750702 0.20086670
v -0.04006577 0.07141113 0.18008423
v -0.08721161 0.07056427 0.16639709
v -0.05598450 0.07388306 0.16165161
v -0.06646729 0.07197571 0.15888977
v -0.04994965 0.07323456 0.15353394
v -0.04274368 0.07328796 0.16758728
v -0.03744507 0.07455444 0.17788696
v -0.04505539 0.07455444 0.15319824
v 0.00136721 0.07759094 0.17375183
v -0.06539154 0.07184601 0.15173340
v -0.08752441 0.06957245 0.15129089
v -0.11657715 0.06761169 0.17446899
v -0.07259369 0.07272339 0.13630676
v -0.05125809 0.07672882 0.12893677
v -0.07121277 0.07553101 0.11862183
v -0.04541779 0.08132935 0.11316681
v -0.05181503 0.08341980 0.08610535
v -0.03870773 0.07674408 0.14900208
v -0.03865433 0.08572388 0.09371185
v 0.00100696 0.07886505 0.15562439
v 0.05989838 0.08258057 0.16387939
v 0.06945801 0.08482361 0.16094971
v 0.01084137 0.09119415 0.08865356
v 0.09186554 0.09002686 0.14170837
v -0.01310444 0.09690857 0.03665543
v 0.02243233 0.09456635 0.07163239
v -0.38635254 -0.07169342 0.22961426
v -0.38427734 -0.07133484 0.24374390
v -0.38882446 -0.03911591 0.21122742
v -0.38644409 0.00244498 0.21870422
v -0.39215088 -0.07109070 0.19743347
v -0.39102173 0.00044468 0.19293213
v -0.38562012 0.06053543 0.21624756
v -0.38684082 0.06095886 0.20700073
v -0.39117432 0.06121826 0.18493652
v -0.37448120 0.06981659 0.15496826
v -0.35775757 0.07244873 0.21963501
v -0.33517456 0.08358002 0.19342041
v -0.39520264 0.00298810 0.16941833
v -0.39785767 -0.05565262 0.16604614
v -0.39443970 0.06126404 0.16493225
v -0.39871216 0.00497198 0.15115356
v -0.40063477 0.06112671 0.13256836
v -0.40454102 -0.01228237 0.12245941
v -0.40209961 0.02859688 0.12876892
v -0.40570068 0.06143570 0.10521698
v -0.40914917 0.02124977 0.09207916
v -0.39190674 0.06556702 0.12349701
v -0.40365601 -0.07036591 0.13841248
v -0.36590576 0.07817078 0.08882904
v -0.39920044 -0.07037354 0.16242981
v -0.39645386 -0.07189178 0.16999817
v -0.37966919 -0.07842255 0.16084290
v -0.40051270 -0.07163239 0.15104675
v -0.35873413 -0.08347321 0.22172546
v -0.39892578 -0.07261658 0.14218140
v -0.33935547 -0.09349823 0.17791748
v -0.33242798 -0.09423065 0.21298218
v -0.40304565 -0.07167053 0.13540649
v -0.40621948 -0.07034302 0.12376404
v -0.37384033 -0.08335876 0.11832428
v -0.40658569 -0.07140350 0.11652374
v -0.39535522 -0.07756805 0.07765961
v -0.41021729 -0.04072952 0.09793854
v -0.40899658 -0.07004547 0.10894012
v -0.41192627 -0.07133484 0.08676910
v -0.40472412 -0.07695770 0.03712082
v -0.41363525 -0.06967163 0.08311462
v -0.41741943 -0.07070923 0.06218719
v -0.42129517 -0.07068634 0.04121017
v -0.36483765 -0.09120178 0.04243088
v -0.41812134 -0.04445648 0.05486679
v -0.41622925 0.01500988 0.05395889
v -0.42120361 0.00977707 0.02885628
v -0.41436768 0.06190109 0.05524826
v -0.42178345 0.06160736 0.01819992
v -0.40954590 0.06113815 0.08487701
v -0.40921021 0.06232834 0.08065796
v -0.40689087 0.06217957 0.09486389
v -0.38900757 0.07208252 0.05147171
v -0.41708374 0.06239319 0.03815842
v -0.36486816 0.08318329 0.03170395
v -0.36123657 0.08293915 0.05126572
v -0.32800293 0.08184814 0.03484726
v -0.35174561 0.08312988 0.10483551
v -0.31710815 0.08132935 0.05879593
v -0.34225464 0.08348083 0.15455627
v -0.31240845 0.08208466 0.14965820
v -0.31494141 0.08289337 0.18040466
v -0.27514648 0.07975769 0.05866241
v -0.28158569 0.07972717 0.07552338
v -0.29583740 0.08181000 0.14317322
v -0.27792358 0.07891083 0.16813660
v -0.26666260 0.07988739 0.08441162
v -0.26809692 0.07949066 0.04194641
v -0.31094360 0.08220673 0.01606560
v -0.25790405 0.07816315 0.11421967
v -0.25125122 0.07786560 0.06549072
v -0.23245239 0.08028412 0.05823135
v -0.22920227 0.07454681 0.09302521
v -0.23487854 0.07892609 0.06400299
v -0.24468994 0.07725525 0.10514832
v -0.24728394 0.07585907 0.14942932
v -0.27511597 0.07813263 0.18975830
v -0.20542908 0.07224274 0.14143372
v -0.18296814 0.06918335 0.16499329
v -0.20996094 0.07202148 0.11743164
v -0.21063232 0.07230377 0.10657501
v -0.18107605 0.06758118 0.15394592
v -0.17930603 0.06817627 0.13198853
v 0.08934021 0.08124542 0.20314026
v 0.09201050 0.08433533 0.18923950
v 0.07116699 0.08238220 0.20764160
v 0.00136721 0.07759094 0.17375183
v 0.05989838 0.08258057 0.16387939
v 0.12522888 0.08544159 0.17037964
v 0.11289215 0.08670044 0.16886902
v 0.06945801 0.08482361 0.16094971
v 0.12751770 0.08472443 0.19863892
v 0.12855530 0.08220673 0.18132019
v 0.13481140 0.07649994 0.20948792
v 0.12553406 0.07189941 0.17115784
v 0.12258911 0.08738708 0.16831970
v 0.12705994 0.08634949 0.16981506
v 0.16032410 0.08626556 0.17091370
v 0.11225891 0.08860779 0.16401672
v 0.16520691 0.08599854 0.15357971
v 0.19410706 0.08617401 0.17115784
v 0.21165466 0.08346558 0.12817383
v 0.17721558 0.08410645 0.12773132
v 0.19958496 0.08297729 0.11232758
v 0.22811890 0.08127594 0.09060669
v 0.19784546 0.08341217 0.10572815
v 0.18675232 0.08491516 0.10585785
v 0.22538757 0.08271790 0.07971954
v 0.14096069 0.08777618 0.10546112
v 0.21087646 0.08356476 0.03717804
v 0.14530945 0.08776855 0.02984238
v 0.09186554 0.09002686 0.14170837
v 0.00100696 0.07886505 0.15562439
v 0.12324524 0.08888245 0.06348419
v 0.06473541 0.09229279 0.08205414
v 0.08979034 0.09095764 0.02464294
v 0.16175842 0.08875275 0.02040482
v 0.02243233 0.09456635 0.07163239
v 0.01084137 0.09119415 0.08865356
v 0.03080940 0.09440613 0.01863098
v -0.01310444 0.09690857 0.03665543
v 0.07748413 0.09364319 0.01307487
v 0.14482117 0.09251404 0.00021996
v -0.01804733 0.09954071 0.00349879
v 0.06887054 0.09582520 0.00026804
v 0.09424591 0.09265900 -0.01421165
v 0.02150536 0.09694672 -0.00738096
v 0.05053711 0.09320831 -0.02001190
v -0.30538940 -0.09013367 0.15888977
v -0.29351807 -0.08880615 0.19676208
v -0.25146484 -0.08293152 0.16136169
v -0.23535156 -0.08061218 0.17510986
v -0.22285461 -0.07876587 0.14837646
v -0.17817688 -0.07293701 0.16461182
v -0.25442505 -0.08307648 0.12207794
v -0.23268127 -0.08031464 0.11524200
v -0.18675232 -0.07108307 0.12635803
v -0.22459412 -0.07627106 0.09550476
v -0.24104309 -0.07923889 0.09020233
v -0.25073242 -0.07991791 0.06532288
v -0.26660156 -0.08426666 0.08604431
v -0.26779175 -0.08157349 0.04151154
v -0.28930664 -0.08579254 0.08792877
v -0.31420898 -0.08593750 0.03738022
v -0.26635742 -0.08290100 0.00058943
v -0.34887695 -0.09268188 0.12776184
v -0.31222534 -0.08786011 0.08588409
v -0.35919189 -0.09158325 0.07199860
v -0.31594849 -0.08743286 0.06107330
v -0.32968140 -0.08788300 0.04766464
v -0.36709595 -0.09093475 0.02924728
v 0.12991333 0.06514740 0.19100952
v 0.12855530 0.08220673 0.18132019
v 0.13577271 0.05627441 0.21672058
v 0.12553406 0.07189941 0.17115784
v 0.12768555 0.00896454 0.18212891
v 0.13160706 -0.00109208 0.19998169
v 0.12705994 0.08634949 0.16981506
v 0.12522888 0.08544159 0.17037964
v 0.12672424 0.07012177 0.17037964
v 0.12590027 0.04330444 0.17094421
v 0.13732910 0.07209778 0.17088318
v 0.16032410 0.08626556 0.17091370
v 0.12661743 -0.02212906 0.17839050
v 0.17913818 0.08506775 0.17219543
v 0.19410706 0.08617401 0.17115784
v 0.12565613 0.01177502 0.17112732
v 0.12751770 -0.08550262 0.18449402
v 0.14320374 0.01278496 0.17158508
v 0.12486267 -0.03566742 0.17198181
v 0.16148376 0.07322693 0.17187500
v 0.12574768 -0.02605629 0.17112732
v 0.12487030 -0.05815506 0.17167664
v 0.13748169 -0.03855133 0.17189026
v 0.15127563 -0.06957245 0.17317200
v 0.15808105 0.01161957 0.17257690
v 0.12461090 -0.08259583 0.17251587
v 0.12564087 -0.07447815 0.17182922
v 0.12410736 -0.08771515 0.17076111
v 0.12571716 -0.08870697 0.18832397
v 0.11240387 -0.08745575 0.18127441
v 0.11168671 -0.08808899 0.16888428
v 0.11292267 -0.08957672 0.16477966
v 0.12799072 -0.08764648 0.17068481
v 0.13548279 -0.08715057 0.16004944
v 0.14248657 -0.08765411 0.17030334
v 0.14668274 -0.08646393 0.17189026
v 0.16281128 -0.08712006 0.17169189
v 0.14402771 -0.08082581 0.17187500
v 0.17910767 -0.08494568 0.17332458
v 0.19000244 -0.07929993 0.17395020
v 0.19187927 -0.06908417 0.17481995
v 0.21322632 -0.08518219 0.17379761
v 0.18522644 -0.08655548 0.17207336
v 0.19003296 -0.08432770 0.14703369
v 0.22499084 -0.06919861 0.17597961
v 0.18269348 -0.05867004 0.17466736
v 0.17030334 -0.02860260 0.17362976
v 0.20420837 -0.05081177 0.17558289
v 0.19322205 -0.01258183 0.17453003
v 0.25219727 -0.06600189 0.17709351
v 0.26174927 -0.03373718 0.17800903
v 0.26947021 -0.07772064 0.17668152
v 0.23754883 -0.01596451 0.17660522
v 0.26931763 0.03629303 0.17745972
v 0.21118164 0.01516914 0.17521667
v 0.25009155 -0.08404541 0.17509460
v 0.27420044 -0.08230591 0.17675781
v 0.27935791 -0.08405304 0.17579651
v 0.27355957 -0.08314514 0.16290283
v 0.24131775 -0.08168793 0.13215637
v 0.17315674 -0.08359528 0.13294983
v 0.21220398 -0.08026886 0.10510254
v 0.16514587 -0.08470154 0.13093567
v 0.19671631 0.06229019 0.17390442
v 0.22512817 0.05733490 0.17533875
v 0.27172852 0.05835724 0.17706299
v 0.22009277 0.08504486 0.17327881
v 0.26626587 0.08433533 0.17448425
v 0.27502441 0.08398438 0.17611694
v 0.25897217 0.08340454 0.14212036
v 0.21804810 0.08570862 0.17175293
v 0.21165466 0.08346558 0.12817383
v -0.11657715 0.06761169 0.17446899
v -0.13513184 0.06951141 0.19926453
v -0.08721161 0.07056427 0.16639709
v -0.15377808 0.06448364 0.18676758
v -0.12293243 0.06677246 0.17005920
v -0.08752441 0.06957245 0.15129089
v -0.15762329 0.06513214 0.15109253
v -0.18107605 0.06758118 0.15394592
v -0.13031006 0.06684875 0.15104675
v -0.13339233 0.06781769 0.14056396
v -0.17930603 0.06817627 0.13198853
v -0.21063232 0.07230377 0.10657501
v -0.20996094 0.07202148 0.11743164
v -0.15731812 0.07379150 0.10536194
v -0.22920227 0.07454681 0.09302521
v -0.08660126 0.07315826 0.11846161
v -0.07259369 0.07272339 0.13630676
v -0.07121277 0.07553101 0.11862183
v -0.11876678 0.07344818 0.11248016
v -0.07997131 0.07669067 0.10292816
v -0.05125809 0.07672882 0.12893677
v -0.13061523 0.07769775 0.09114075
v -0.05181503 0.08341980 0.08610535
v -0.18705750 0.07628632 0.09036255
v -0.17889404 0.08033752 0.07097626
v -0.23487854 0.07892609 0.06400299
v -0.07570648 0.07958221 0.08883667
v -0.11442566 0.08181000 0.07273102
v -0.06816864 0.08443451 0.06847382
v -0.12750244 0.08565521 0.05173874
v -0.17546082 0.08271027 0.05717087
v -0.23245239 0.08028412 0.05823135
v -0.25125122 0.07786560 0.06549072
v -0.19738770 0.08432007 0.04681015
v -0.22076416 0.08295441 0.04335403
v -0.26809692 0.07949066 0.04194641
v -0.24172974 0.08244324 0.03705978
v -0.25704956 0.08233643 0.00127208
v -0.21614075 0.08493805 0.03103447
v -0.16915894 0.08928680 0.02245903
v -0.17428589 0.08935547 0.01195240
v -0.12246704 0.09413910 0.01248932
v -0.15536499 0.08894348 0.03374100
v -0.10826111 0.09414673 0.01842880
v -0.05739212 0.09107971 0.03916550
v -0.06484985 0.09896088 0.00483465
v -0.11570740 0.09514618 0.00070471
v -0.04505539 0.10069275 0.00027135
v -0.07956696 0.09787750 -0.00434113
v -0.05143356 0.09072876 0.04717636
v -0.03777695 0.09873962 0.01127148
v -0.04521561 0.09108734 0.05005264
v -0.04541779 0.08132935 0.11316681
v -0.03865433 0.08572388 0.09371185
v -0.01310444 0.09690857 0.03665543
v 0.03080940 0.09440613 0.01863098
v -0.01804733 0.09954071 0.00349879
v -0.03780746 0.09865570 -0.01046371
v 0.02150536 0.09694672 -0.00738096
v 0.42831421 -0.02825928 0.18447876
v 0.42852783 0.00014465 0.18511963
v 0.42379761 -0.00143659 0.18502808
v 0.42877197 0.02974510 0.18405151
v 0.42843628 -0.02035904 0.16659546
v 0.36871338 -0.00203395 0.18283081
v 0.38970947 0.01355076 0.18312073
v 0.36175537 -0.03189087 0.18186951
v 0.42764282 -0.06410980 0.18327332
v 0.35266113 -0.00367641 0.18217468
v 0.38760376 -0.05904770 0.18232727
v 0.32443237 -0.01456261 0.18092346
v 0.34310913 -0.06157303 0.18063354
v 0.37088013 -0.06932831 0.18086243
v 0.41143799 -0.06938171 0.18231201
v 0.42654419 -0.07917786 0.18247986
v 0.38616943 -0.08011627 0.18086243
v 0.32354736 -0.07380676 0.17881775
v 0.42788696 -0.08030701 0.18159485
v 0.34439087 -0.08100128 0.17932129
v 0.39614868 -0.08110046 0.17985535
v 0.35797119 -0.08186340 0.17851257
v 0.32516479 -0.08261108 0.17736816
v 0.38659668 -0.08019257 0.16441345
v 0.33746338 -0.08043671 0.15126038
v 0.41275024 -0.07980347 0.16903687
v 0.30191040 -0.08220673 0.17770386
v 0.42813110 -0.06639099 0.14863586
v 0.42718506 -0.07952118 0.16023254
v 0.42767334 -0.07904053 0.15708923
v 0.42691040 -0.07893372 0.14723206
v 0.42858887 -0.00654078 0.06941986
v 0.40155029 -0.07762146 0.12059784
v 0.42745972 -0.07344055 0.13056946
v 0.42745972 -0.07743073 0.13230896
v 0.42645264 -0.07792664 0.12030792
v 0.42724609 -0.07605743 0.12306213
v 0.42886353 0.03564072 0.11151886
v 0.42904663 0.08084869 0.15777588
v 0.42813110 -0.07646179 0.12235260
v 0.42703247 -0.07501221 0.10997772
v 0.42889404 0.05516815 0.18348694
v 0.42840576 -0.04120255 0.08860779
v 0.39724731 0.06240082 0.18194580
v 0.42828369 -0.05090332 0.07649231
v 0.42822266 -0.06605530 0.06087875
v 0.42706299 -0.07314301 0.09102631
v 0.42749023 -0.07430267 0.06164551
v 0.42825317 -0.07851410 0.04762268
v 0.42846680 -0.03199005 0.02927589
v 0.43060303 -0.07605743 0.05343246
v 0.42916870 -0.07460022 0.06624603
v 0.42849731 -0.07479095 0.10006714
v 0.42764282 -0.07950592 0.05439377
v 0.42703247 -0.07531738 0.08966827
v 0.42608643 -0.07727814 0.10503387
v 0.42788696 -0.07528687 0.07431030
v 0.40783691 -0.07672119 0.09439087
v 0.42697144 -0.07699585 0.09666443
v 0.42749023 -0.07757568 0.07477570
v 0.42788696 -0.08077240 0.04450989
v 0.42822266 -0.07916260 0.02683258
v 0.37521362 -0.08183289 0.02807236
v 0.40228271 -0.07850647 0.00086451
v 0.37774658 -0.07811737 0.04766846
v 0.34176636 -0.07418060 0.05501556
v 0.33493042 -0.07587433 0.05063248
v 0.41400146 -0.07494354 0.05749512
v 0.42602539 -0.07818604 0.05122757
v 0.42556763 -0.07736969 0.06870270
v 0.42596436 -0.07508087 0.05754471
v 0.42532349 -0.07564545 0.07040405
v 0.33782959 -0.07462311 0.06395721
v 0.31814575 -0.07497406 0.07528687
v 0.37219238 -0.07775879 0.13015747
v 0.31549072 -0.07720947 0.10187531
v 0.27246094 -0.07870483 0.10662079
v 0.29400635 -0.08216858 0.15725708
v 0.24131775 -0.08168793 0.13215637
v 0.27355957 -0.08314514 0.16290283
v 0.30261230 -0.08334351 0.17669678
v 0.27935791 -0.08405304 0.17579651
v 0.25009155 -0.08404541 0.17509460
v 0.27420044 -0.08230591 0.17675781
v 0.26947021 -0.07772064 0.17668152
v 0.25219727 -0.06600189 0.17709351
v 0.31011963 -0.06366730 0.17926025
v 0.30465698 -0.04327011 0.17956543
v 0.26174927 -0.03373718 0.17800903
v 0.29476929 -0.02260208 0.17955017
v 0.26931763 0.03629303 0.17745972
v 0.31738281 0.01624107 0.18017578
v 0.31097412 0.04117966 0.17909241
v 0.27172852 0.05835724 0.17706299
v 0.33282471 0.05681992 0.17962646
v 0.36425781 0.05885696 0.18086243
v 0.30654907 0.08026123 0.17749023
v 0.29461670 0.08392334 0.17680359
v 0.27502441 0.08398438 0.17611694
v 0.26626587 0.08433533 0.17448425
v 0.31082153 0.08354187 0.17651367
v 0.34320068 0.08264160 0.17845154
v 0.28616333 0.08293915 0.14498901
v 0.25897217 0.08340454 0.14212036
v 0.22811890 0.08127594 0.09060669
v 0.21165466 0.08346558 0.12817383
v 0.33575439 0.07897186 0.08947754
v 0.33486938 0.08115387 0.13314819
v 0.32153320 0.08314514 0.16520691
v 0.41052246 0.08148956 0.16763306
v 0.33767700 0.08329773 0.17654419
v 0.38354492 0.08224487 0.17979431
v 0.37814331 0.08115387 0.18057251
v 0.41171265 0.08165741 0.18125916
v 0.41140747 0.08186340 0.17974854
v 0.42852783 0.08100128 0.18228149
v 0.11240387 -0.08745575 0.18127441
v 0.07414246 -0.08847809 0.20478821
v 0.11168671 -0.08808899 0.16888428
v 0.07041931 -0.08470917 0.16535950
v 0.04055405 -0.08599091 0.20375061
v 0.04080582 -0.08246613 0.16201782
v 0.05305862 -0.08483124 0.15933228
v 0.11292267 -0.08957672 0.16477966
v 0.05250931 -0.08853912 0.13632202
v 0.01191139 -0.08154297 0.15463257
v 0.08634186 -0.09130859 0.13520813
v 0.12178802 -0.08892822 0.15638733
v 0.13548279 -0.08715057 0.16004944
v 0.04096222 -0.09407043 0.09078979
v 0.00052619 -0.09307861 0.07490540
v 0.01230335 -0.09571075 0.06154251
v 0.16514587 -0.08470154 0.13093567
v 0.04964828 -0.09314728 0.03855515
v -0.01272488 -0.09728241 0.03692245
v -0.00166512 -0.09640503 0.01500034
v 0.07707214 -0.09154510 0.05443192
v 0.05478287 -0.09273529 0.02060699
v 0.11778259 -0.08908081 0.12127686
v 0.10836029 -0.08914948 0.02659225
v 0.06061172 -0.09436798 0.01156902
v 0.00532532 -0.09784698 0.00653887
v 0.11082458 -0.09133148 0.01560783
v 0.08825684 -0.09471893 -0.00021082
v 0.01018810 -0.09804535 -0.00281954
v 0.14770508 -0.09199524 -0.00000903
v 0.08400726 -0.09272766 -0.01321793
v 0.04821014 -0.09309387 -0.01922226
v 0.10932922 -0.08910370 -0.02616692
v 0.16001892 -0.08808136 0.02068901
v 0.14134216 -0.08712769 0.02945900
v 0.17767334 -0.08460999 0.05126572
v 0.16342163 -0.08590698 0.08497620
v 0.20384216 -0.08316803 0.07616425
v 0.19938660 -0.08345032 0.10089111
v 0.16908264 -0.08555603 0.12102509
v 0.21220398 -0.08026886 0.10510254
v -0.15377808 -0.06884003 0.18714905
v -0.15721130 -0.06650543 0.15219116
v -0.14663696 -0.06904602 0.18365479
v -0.10422516 -0.07603455 0.18946838
v -0.12622070 -0.06817627 0.15171814
v -0.08495331 -0.07054138 0.15080261
v -0.13523865 -0.06841278 0.14315796
v -0.10585022 -0.07113647 0.12954712
v -0.08763885 -0.07286072 0.12153625
v -0.07264709 -0.07460022 0.12536621
v -0.08583832 -0.07381439 0.11904907
v -0.11897278 -0.07055664 0.13388062
v -0.18675232 -0.07108307 0.12635803
v -0.17817688 -0.07293701 0.16461182
v -0.14071655 -0.07461548 0.10978699
v -0.22459412 -0.07627106 0.09550476
v -0.07480621 -0.08081818 0.08350372
v -0.05310440 -0.08232880 0.09249878
v -0.14089966 -0.07866669 0.08993530
v -0.18450928 -0.08140564 0.07295227
v -0.25073242 -0.07991791 0.06532288
v -0.04724884 -0.08932495 0.05869675
v -0.04597092 -0.08098602 0.11563873
v -0.03876114 -0.08813477 0.08139038
v -0.03828812 -0.09429169 0.03972244
v -0.13635254 -0.08589935 0.05344772
v -0.17770386 -0.08754730 0.04061508
v -0.26779175 -0.08157349 0.04151154
v -0.10462952 -0.08251190 0.07328796
v -0.11752319 -0.08981323 0.03775787
v -0.05807495 -0.09110260 0.03936386
v -0.18939209 -0.08856964 0.02486420
v -0.21429443 -0.08721161 0.01344299
v -0.09858704 -0.09527588 0.01651573
v -0.12681580 -0.09394836 0.01365757
v -0.17738342 -0.09013367 -0.00047204
v -0.05680847 -0.09978485 0.00305295
v -0.11852264 -0.09491730 0.00039658
v -0.04536819 -0.10082245 0.00004449
v -0.08155823 -0.09777832 -0.00471306
v -0.04936600 -0.09340668 0.03439331
v -0.03839493 -0.09872437 0.01136684
v 0.00052619 -0.09307861 0.07490540
v -0.01272488 -0.09728241 0.03692245
v -0.00166512 -0.09640503 0.01500034
v 0.00532532 -0.09784698 0.00653887
v -0.03762054 -0.10100555 0.00026485
v -0.03845978 -0.09875488 -0.01065159
v 0.01018810 -0.09804535 -0.00281954
v 0.40820312 0.07968903 0.12113190
v 0.41052246 0.08148956 0.16763306
v 0.42904663 0.08084869 0.15777588
v 0.42907715 0.07971191 0.12285614
v 0.33575439 0.07897186 0.08947754
v 0.33486938 0.08115387 0.13314819
v 0.42898560 0.06874847 0.10832214
v 0.42886353 0.03564072 0.11151886
v 0.42761230 0.07881165 0.08765411
v 0.38500977 0.07927704 0.10896301
v 0.34136963 0.07797241 0.06243896
v 0.29217529 0.07780457 0.05103302
v 0.35144043 0.07779694 0.04699707
v 0.29724121 0.08139038 0.02565384
v 0.37805176 0.07798767 0.04424667
v 0.37530518 0.08085632 0.02385712
v 0.42602539 0.07776642 0.05615997
v 0.42889404 0.07874298 0.03845596
v 0.42669678 0.07769775 0.04265594
v 0.42785645 0.07848358 0.05251694
v 0.42852783 0.07883453 0.04039383
v 0.42816162 0.07826233 0.05844116
v 0.42895508 0.07698822 0.06852722
v 0.43011475 0.07675934 0.04986572
v 0.42904663 0.07611084 0.03771591
v 0.43005371 0.07665253 0.03995514
v 0.42858887 -0.00654078 0.06941986
v 0.42895508 0.05592728 0.00833797
v 0.41760254 0.08034515 0.00142622
v 0.42907715 0.08010101 -0.00201988
v 0.37930298 0.08149719 -0.00020723
v 0.29672241 0.08399200 0.00209951
v 0.42898560 0.07870483 -0.03784180
v 0.34231567 0.08216095 -0.01398754
v 0.24131775 -0.08168793 0.13215637
v 0.21220398 -0.08026886 0.10510254
v 0.22959900 -0.07884216 0.09475708
v 0.19938660 -0.08345032 0.10089111
v 0.27246094 -0.07870483 0.10662079
v 0.24838257 -0.08000183 0.06805420
v 0.20384216 -0.08316803 0.07616425
v 0.26049805 -0.07659149 0.07456970
v 0.31549072 -0.07720947 0.10187531
v 0.17767334 -0.08460999 0.05126572
v 0.31814575 -0.07497406 0.07528687
v 0.29608154 -0.07381439 0.05355453
v 0.34176636 -0.07418060 0.05501556
v 0.33493042 -0.07587433 0.05063248
v 0.27700806 -0.07800293 0.05022812
v 0.29565430 -0.07817078 0.03095627
v 0.37774658 -0.07811737 0.04766846
v 0.37521362 -0.08183289 0.02807236
v 0.28503418 -0.07749939 0.04396057
v 0.22497559 -0.08152008 0.03801346
v 0.32214355 -0.08287048 0.01127434
v 0.40228271 -0.07850647 0.00086451
v 0.28564453 -0.08451080 0.00216770
v 0.18200684 -0.08428955 0.03395462
v 0.14134216 -0.08712769 0.02945900
v 0.23332214 -0.08198547 0.03382111
v 0.16001892 -0.08808136 0.02068901
v 0.29248047 -0.08356476 0.00092268
v 0.31307983 -0.08241272 0.00047544
v 0.32281494 -0.08278656 -0.01062870
v 0.42794800 -0.07879639 -0.02228546
v 0.24098206 -0.08481598 0.01411915
v 0.28567505 -0.08464050 -0.00093716
v 0.29434204 -0.07919312 -0.02304268
v 0.25515747 -0.08629608 0.00014256
v 0.21064758 -0.08859253 0.00025994
v 0.17083740 -0.08943939 0.00860023
v 0.11082458 -0.09133148 0.01560783
v 0.14770508 -0.09199524 -0.00000903
v 0.18077087 -0.09024048 -0.00025293
v 0.10932922 -0.08910370 -0.02616692
v 0.19459534 -0.08765411 -0.01118183
v 0.15089417 -0.08641815 -0.03053284
v 0.23081970 -0.08348846 -0.02396965
v 0.23559570 -0.08080292 -0.03898621
v 0.28622437 -0.08274841 -0.01210880
v 0.28594971 -0.07736969 -0.04372406
v 0.29611206 -0.07394409 -0.05277252
v 0.35015869 -0.07919312 -0.03527451
v 0.34188843 -0.07633972 -0.04961014
v 0.39785767 -0.08138275 -0.03435135
v 0.39172363 -0.07883453 -0.04661179
v 0.35400391 -0.07440948 -0.05488968
v 0.42575073 -0.07504272 -0.05757141
v 0.42794800 -0.08071136 -0.04409027
v 0.42837524 -0.07775116 -0.02727318
v 0.42819214 -0.06534576 -0.04397202
v 0.42633057 -0.07883453 -0.04900742
v 0.42813110 -0.07893372 -0.04714584
v 0.42797852 -0.07427216 -0.05644608
v 0.42999268 -0.07495117 -0.05603409
v 0.43045044 -0.07738495 -0.04970932
v 0.42755127 -0.07900238 -0.05652618
v 0.42758179 -0.07979584 -0.05264282
v 0.42813110 -0.07893372 -0.04714584
v 0.42584229 -0.07871246 -0.05366135
v 0.42764282 -0.07867432 -0.06602478
v 0.42526245 -0.07546234 -0.06681824
v 0.22538757 0.08271790 0.07971954
v 0.21087646 0.08356476 0.03717804
v 0.18675232 0.08491516 0.10585785
v 0.22811890 0.08127594 0.09060669
v 0.19784546 0.08341217 0.10572815
v 0.27825928 0.07955933 0.04324722
v 0.29217529 0.07780457 0.05103302
v 0.28540039 0.08261871 0.02269554
v 0.29724121 0.08139038 0.02565384
v 0.16175842 0.08875275 0.02040482
v 0.14530945 0.08776855 0.02984238
v 0.29672241 0.08399200 0.00209951
v 0.37530518 0.08085632 0.02385712
v 0.21597290 0.08934021 0.00015436
v 0.14482117 0.09251404 0.00021996
v 0.28735352 0.08609009 -0.00016323
v 0.18809509 0.08789062 -0.01676941
v 0.09424591 0.09265900 -0.01421165
v 0.15086365 0.08730316 -0.03034592
v 0.21369934 0.08346558 -0.03645325
v 0.28573608 0.08308411 -0.01813126
v 0.27963257 0.07947540 -0.04296112
v 0.29360962 0.07775879 -0.05025482
v 0.29754639 0.08381653 -0.00069791
v 0.29711914 0.08151245 -0.02351570
v 0.35217285 0.07798767 -0.04557800
v 0.32147217 0.08302307 -0.00081521
v 0.37930298 0.08149719 -0.00020723
v 0.34231567 0.08216095 -0.01398754
v 0.42898560 0.07870483 -0.03784180
v 0.39205933 0.07757568 -0.04455948
v 0.33575439 0.07897186 0.08947754
v 0.29217529 0.07780457 0.05103302
v 0.28616333 0.08293915 0.14498901
v 0.22811890 0.08127594 0.09060669
v 0.01230335 -0.09571075 0.06154251
v 0.00052619 -0.09307861 0.07490540
v -0.01272488 -0.09728241 0.03692245
v 0.42846680 -0.03199005 0.02927589
v 0.42858887 -0.00654078 0.06941986
v 0.42822266 -0.06605530 0.06087875
v 0.42858887 -0.00103986 -0.02061081
v 0.42895508 0.05592728 0.00833797
v 0.42895508 0.05604553 -0.07416534
v 0.42907715 0.08010101 -0.00201988
v 0.42898560 0.07870483 -0.03784180
v 0.42901611 0.07743835 -0.06075287
v 0.42843628 0.07926941 -0.04897308
v 0.42633057 0.07752228 -0.04250336
v 0.42697144 0.07869720 -0.07118225
v 0.39205933 0.07757568 -0.04455948
v 0.42825317 -0.07700348 0.00153363
v 0.42819214 -0.06534576 -0.04397202
v 0.42837524 -0.07775116 -0.02727318
v 0.42794800 -0.07879639 -0.02228546
v 0.40228271 -0.07850647 0.00086451
v 0.42822266 -0.07916260 0.02683258
v 0.42825317 -0.07851410 0.04762268
v -0.41708374 0.06239319 0.03815842
v -0.42178345 0.06160736 0.01819992
v -0.41436768 0.06190109 0.05524826
v -0.41891479 0.06270599 0.02618217
v -0.36486816 0.08318329 0.03170395
v -0.42160034 0.06260681 0.01470757
v -0.39227295 0.07563782 0.01066399
v -0.42489624 0.06222916 0.00018434
v -0.40170288 0.07246399 0.00033894
v -0.36502075 0.08834839 -0.00008380
v -0.32800293 0.08184814 0.03484726
v -0.31094360 0.08220673 0.01606560
v -0.32788086 0.08556366 0.00190926
v -0.26547241 0.08135986 0.00329733
v -0.26809692 0.07949066 0.04194641
v -0.25704956 0.08233643 0.00127208
v -0.29550171 0.08330536 -0.00186718
v -0.33929443 0.08644104 -0.00105500
v -0.26596069 0.08126068 -0.00296259
v -0.30218506 0.08192444 -0.01348782
v -0.26840210 0.07953644 -0.04186249
v -0.24105835 0.08335114 -0.01394176
v -0.21415710 0.08643341 -0.00011704
v -0.24650574 0.08203888 -0.03686905
v -0.20324707 0.08623505 -0.02746773
v -0.22094727 0.08165741 -0.05396271
v -0.36495972 0.08309174 -0.03197861
v -0.38537598 0.07876587 -0.00800800
v -0.41998291 0.06266785 -0.02169991
v -0.42175293 0.06265259 -0.01272678
v -0.42114258 0.06143951 -0.02057457
v -0.41769409 0.06149673 -0.03949356
v -0.42742920 -0.01504135 0.00024015
v -0.41769409 0.06253052 -0.03376770
v -0.38415527 0.07438660 -0.04449844
v -0.41583252 0.06243134 -0.04313660
v -0.42187500 0.00403547 -0.02605629
v -0.41394043 0.06212997 -0.05910492
v -0.41592407 0.02001190 -0.05477524
v -0.41064453 0.06241226 -0.07348633
v -0.38577271 0.07006073 -0.09540558
v -0.40710449 0.06214523 -0.09408569
v -0.41784668 -0.03965378 -0.05542755
v -0.36181641 0.08299255 -0.04832458
v -0.42340088 -0.06923676 -0.02984619
v -0.40902710 -0.00854778 -0.09799957
v -0.40820312 -0.05492783 -0.11116028
v -0.40466309 0.00021574 -0.11985016
v -0.40542603 -0.07058716 -0.12689209
v -0.40386963 0.06103516 -0.11589813
v -0.39889526 0.00515366 -0.15019226
v -0.40005493 0.06118393 -0.13581848
v -0.40402222 0.06208038 -0.11077881
v -0.37438965 0.07037354 -0.14692688
v -0.36645508 0.07728577 -0.09753418
v -0.34667969 0.08327484 -0.13264465
v -0.35299683 0.08309174 -0.09816742
v -0.32406616 0.08233643 -0.11236572
v -0.31549072 0.08125305 -0.06052399
v -0.30944824 0.08110809 -0.03730774
v -0.28106689 0.07970428 -0.07660675
v -0.29791260 0.08102417 -0.11634064
v -0.26675415 0.07991028 -0.08483124
v -0.29864502 0.08197021 -0.14816284
v -0.26037598 0.07865143 -0.10607910
v -0.23744202 0.07630157 -0.11049652
v -0.23010254 0.07453918 -0.09185028
v -0.20655823 0.07151794 -0.12243652
v -0.25061035 0.07773590 -0.06555939
v -0.20579529 0.08074188 -0.05976486
v -0.42120361 0.00977707 0.02885628
v -0.41622925 0.01500988 0.05395889
v -0.42498779 -0.06949615 0.02221298
v -0.41812134 -0.04445648 0.05486679
v -0.42129517 -0.07068634 0.04121017
v -0.42916870 -0.06888580 0.00025389
v -0.42437744 -0.07074738 0.02144623
v -0.40472412 -0.07695770 0.03712082
v -0.36483765 -0.09120178 0.04243088
v -0.42852783 -0.07045746 0.00025970
v -0.36709595 -0.09093475 0.02924728
v -0.42678833 -0.07037354 -0.01206970
v -0.39993286 -0.08107758 0.01266193
v -0.36749268 -0.09504700 -0.00013387
v -0.40274048 -0.07991791 -0.01318073
v -0.42434692 -0.07080841 -0.02108002
v -0.36727905 -0.09095764 -0.02860451
v -0.31997681 -0.08946991 0.00003476
v -0.32983398 -0.08802032 0.01855659
v -0.31420898 -0.08593750 0.03738022
v -0.26635742 -0.08290100 0.00058943
v -0.30346680 -0.08579254 -0.01137066
v -0.33245850 -0.08771515 -0.03549576
v -0.21429443 -0.08721161 0.01344299
v -0.26779175 -0.08157349 0.04151154
v -0.22505188 -0.08660126 -0.00014122
v -0.25079346 -0.08329010 -0.03540421
v -0.20497131 -0.08734131 -0.02831841
v -0.26837158 -0.08163452 -0.04139709
v -0.21855164 -0.08335876 -0.05373383
v -0.27868652 -0.08338165 -0.06056976
v -0.25048828 -0.07990265 -0.06542969
v -0.18258667 -0.08352661 -0.05632019
v -0.26556396 -0.08399200 -0.08424377
v -0.22718811 -0.07654572 -0.09308624
v -0.17987061 -0.08195496 -0.07044983
v -0.23812866 -0.08082581 -0.11077881
v -0.28576660 -0.08518982 -0.08313751
v -0.30001831 -0.08943939 -0.15066528
v -0.36563110 -0.09118652 -0.03997421
v -0.33563232 -0.09021759 -0.08831024
v -0.34866333 -0.09269714 -0.13082886
v -0.35867310 -0.09172058 -0.07524872
v -0.37658691 -0.08092499 -0.14039612
v -0.39279175 -0.07842255 -0.07965851
v -0.40255737 -0.07712555 -0.04453659
v -0.42007446 -0.07094574 -0.04306030
v -0.41159058 -0.07144165 -0.08843231
v -0.39959717 -0.07164764 -0.15545654
v -0.41757202 -0.06974792 -0.06103897
v -0.41302490 -0.06992340 -0.08614349
v -0.17738342 -0.09013367 -0.00047204
v -0.18939209 -0.08856964 0.02486420
v -0.21429443 -0.08721161 0.01344299
v -0.22505188 -0.08660126 -0.00014122
v -0.16987610 -0.09019470 -0.02044487
v -0.20497131 -0.08734131 -0.02831841
v -0.11852264 -0.09491730 0.00039658
v -0.12681580 -0.09394836 0.01365757
v -0.17431641 -0.08785248 -0.03892136
v -0.25079346 -0.08329010 -0.03540421
v -0.21855164 -0.08335876 -0.05373383
v -0.13366699 -0.09342957 -0.01424026
v -0.08155823 -0.09777832 -0.00471306
v -0.05680847 -0.09978485 0.00305295
v -0.09411621 -0.09568024 -0.01504612
v -0.04536819 -0.10082245 0.00004449
v -0.18258667 -0.08352661 -0.05632019
v -0.11880493 -0.08945465 -0.03874207
v -0.06021118 -0.08975983 -0.04442978
v -0.13059998 -0.08596039 -0.05303955
v -0.17987061 -0.08195496 -0.07044983
v -0.25048828 -0.07990265 -0.06542969
v -0.10972595 -0.08224487 -0.07404327
v -0.04917526 -0.09404755 -0.03163147
v -0.03845978 -0.09875488 -0.01065159
v -0.07324219 -0.08172607 -0.07901001
v -0.16932678 -0.07611847 -0.09910583
v -0.22718811 -0.07654572 -0.09308624
v -0.18997192 -0.07167816 -0.12303162
v -0.14341736 -0.07444000 -0.10948181
v -0.08453369 -0.07493591 -0.11280060
v -0.05592346 -0.08525848 -0.07381439
v -0.04561234 -0.09134674 -0.04906845
v -0.05193710 -0.08339691 -0.08703613
v -0.04596329 -0.08133698 -0.11223602
v -0.05129242 -0.07776642 -0.12399292
v -0.08749390 -0.07268524 -0.12189484
v -0.03911591 -0.08807373 -0.08123779
v -0.03916168 -0.08235931 -0.11550903
v -0.00719357 -0.09351349 -0.06663513
v -0.01268196 -0.08512115 -0.11708069
v -0.01239395 -0.09738159 -0.03625107
v 0.01494503 -0.09553528 -0.06388855
v 0.04821014 -0.09309387 -0.01922226
v -0.12369537 -0.06946564 -0.13858032
v -0.08617401 -0.07044983 -0.15113831
v -0.15747070 -0.06650543 -0.15161133
v -0.19233704 -0.07340240 -0.13685608
v -0.17980957 -0.07324982 -0.16174316
v -0.15370178 -0.06881714 -0.18676758
v -0.19139099 -0.07418060 -0.18414307
v -0.21614075 0.08493805 0.03103447
v -0.17428589 0.08935547 0.01195240
v -0.21415710 0.08643341 -0.00011704
v -0.25704956 0.08233643 0.00127208
v -0.16752625 0.09033966 -0.00075448
v -0.12246704 0.09413910 0.01248932
v -0.11570740 0.09514618 0.00070471
v -0.16908264 0.08937836 -0.02132988
v -0.11681366 0.09473419 -0.01074886
v -0.07956696 0.09787750 -0.00434113
v -0.06484985 0.09896088 0.00483465
v -0.09851837 0.09522247 -0.01496315
v -0.04505539 0.10069275 0.00027135
v -0.20324707 0.08623505 -0.02746773
v -0.24105835 0.08335114 -0.01394176
v -0.13179016 0.09169006 -0.02503395
v -0.15820312 0.08854675 -0.03372574
v -0.22094727 0.08165741 -0.05396271
v -0.20579529 0.08074188 -0.05976486
v -0.05947876 0.09005737 -0.04263687
v -0.13208008 0.08495331 -0.05334854
v -0.17324829 0.08110046 -0.06835175
v -0.23010254 0.07453918 -0.09185028
v -0.10829163 0.08164978 -0.07405090
v -0.04934311 0.09306335 -0.03593063
v -0.15345764 0.07769012 -0.08783722
v -0.03780746 0.09865570 -0.01046371
v -0.15827942 0.07325745 -0.10731506
v -0.19306946 0.07010651 -0.11985016
v -0.07604218 0.07901764 -0.09078217
v -0.06498718 0.08618927 -0.06044769
v -0.17507935 0.06752777 -0.13525391
v -0.20655823 0.07151794 -0.12243652
v -0.05166626 0.08361816 -0.08509827
v -0.03985214 0.09487152 -0.03272629
v -0.05129623 0.07760620 -0.12278748
v -0.04508591 0.08526611 -0.08790588
v -0.07006073 0.07266998 -0.13786316
v -0.01168251 0.09294128 -0.06238937
v 0.01252270 0.09512329 -0.06077957
v -0.03899765 0.08675385 -0.08666992
v -0.03822327 0.08122253 -0.11994934
v -0.00321603 0.08714294 -0.10543823
v -0.08667755 0.07303619 -0.11794281
v -0.08755493 0.06951141 -0.15139771
v -0.12889099 0.06835938 -0.13754272
v -0.15872192 0.06536102 -0.15032959
v -0.12039948 0.06705475 -0.16949463
v -0.15333557 0.06446838 -0.18650818
v -0.17736816 0.06707001 -0.15695190
v -0.18399048 0.06940460 -0.16307068
v -0.20422363 0.07217407 -0.14141846
v -0.19413757 0.06911469 -0.18255615
v -0.18344116 0.06710815 -0.19274902
v 0.05053711 0.09320831 -0.02001190
v -0.03780746 0.09865570 -0.01046371
v 0.02150536 0.09694672 -0.00738096
v 0.01252270 0.09512329 -0.06077957
v 0.04735184 0.09316254 -0.05437088
v 0.04821014 -0.09309387 -0.01922226
v 0.01018810 -0.09804535 -0.00281954
v -0.03845978 -0.09875488 -0.01065159
v 0.08400726 -0.09272766 -0.01321793
v 0.04821014 -0.09309387 -0.01922226
v 0.10932922 -0.08910370 -0.02616692
v 0.07648468 -0.09163666 -0.05916214
v 0.01494503 -0.09553528 -0.06388855
v 0.11391449 -0.08929443 -0.10410309
v 0.08321381 -0.09152985 -0.13186646
v 0.15089417 -0.08641815 -0.03053284
v 0.12306976 -0.08894348 -0.15377808
v 0.11278534 -0.08979797 -0.16415405
v 0.16441345 -0.08565521 -0.09795380
v 0.14875793 -0.08712769 -0.13597107
v 0.19102478 -0.08367157 -0.05094147
v 0.23559570 -0.08080292 -0.03898621
v 0.21879578 -0.08217621 -0.08692932
v 0.18656921 -0.08427429 -0.10884857
v 0.21766663 -0.07968903 -0.10127258
v 0.17385864 -0.08392334 -0.12453461
v 0.12864685 -0.08787537 -0.16560364
v 0.16804504 -0.08412933 -0.13589478
v 0.27618408 -0.08114624 -0.13783264
v 0.14733887 -0.08728027 -0.17103577
v 0.18969727 -0.08573151 -0.17271423
v 0.25128174 -0.08435822 -0.16908264
v 0.23315430 -0.08467102 -0.17410278
v 0.15568542 -0.08246613 -0.17207336
v 0.12915039 -0.07245636 -0.17166138
v 0.18850708 -0.07054138 -0.17396545
v 0.24429321 -0.06819153 -0.17620850
v 0.14949036 -0.06978607 -0.17242432
v 0.24108887 -0.03943634 -0.17681885
v 0.18766785 -0.05687714 -0.17428589
v 0.15806580 0.01257801 -0.17222595
v 0.12599182 -0.04078674 -0.17146301
v 0.19287109 -0.01059437 -0.17416382
v 0.25354004 0.00114024 -0.17684937
v 0.22837830 0.04814911 -0.17497253
v 0.15301514 0.02929306 -0.17175293
v 0.12657166 0.00096267 -0.17077637
v 0.16955566 0.07230377 -0.17178345
v 0.21540833 0.07707977 -0.17361450
v 0.26205444 0.06666565 -0.17582703
v 0.26379395 0.08359528 -0.17532349
v 0.15246582 0.08560181 -0.17077637
v 0.12626648 0.06919098 -0.17066956
v 0.23352051 0.08441162 -0.17413330
v 0.24964905 0.08506012 -0.17366028
v 0.20800781 0.08450317 -0.17320251
v 0.18478394 0.08486176 -0.17218018
v 0.22100830 0.08573151 -0.17230225
v 0.25680542 0.08337402 -0.14100647
v 0.20617676 0.08597565 -0.17141724
v 0.17260742 0.08659363 -0.17070007
v 0.14488220 0.08721161 -0.16900635
v 0.12626648 0.08581543 -0.16990662
v 0.15971375 0.08622742 -0.15618896
v 0.19885254 0.08344269 -0.12191772
v 0.21189880 0.08224487 -0.10310364
v 0.28765869 0.08319855 -0.15003967
v 0.26281738 0.07936859 -0.06896973
v 0.23745728 0.08107758 -0.07947540
v 0.14199829 0.08626556 -0.15347290
v 0.12304688 0.08750153 -0.16789246
v 0.17739868 0.08406067 -0.12722778
v 0.18911743 0.08376312 -0.11227417
v 0.15420532 0.08605957 -0.13574219
v 0.11350250 0.08864594 -0.16445923
v 0.16152954 0.08627319 -0.12384796
v 0.12060547 0.08873749 -0.11715698
v 0.20562744 0.08380127 -0.09232330
v 0.22608948 0.08277130 -0.07807922
v 0.27963257 0.07947540 -0.04296112
v 0.21369934 0.08346558 -0.03645325
v 0.18359375 0.08532715 -0.07731628
v 0.15086365 0.08730316 -0.03034592
v 0.11635590 0.08925629 -0.07056427
v 0.05763245 0.09249878 -0.10599518
v 0.04735184 0.09316254 -0.05437088
v 0.01252270 0.09512329 -0.06077957
v 0.05053711 0.09320831 -0.02001190
v 0.09424591 0.09265900 -0.01421165
v 0.04821014 -0.09309387 -0.01922226
v -0.01239395 -0.09738159 -0.03625107
v 0.01494503 -0.09553528 -0.06388855
v 0.29611206 -0.07394409 -0.05277252
v 0.28594971 -0.07736969 -0.04372406
v 0.25494385 -0.07691956 -0.07754517
v 0.21879578 -0.08217621 -0.08692932
v 0.23559570 -0.08080292 -0.03898621
v 0.21766663 -0.07968903 -0.10127258
v 0.26837158 -0.07778931 -0.09192657
v 0.27618408 -0.08114624 -0.13783264
v 0.35400391 -0.07440948 -0.05488968
v 0.34188843 -0.07633972 -0.04961014
v 0.33047485 -0.07572174 -0.08686066
v 0.32778931 -0.07896423 -0.12971497
v 0.40518188 -0.07630920 -0.08460236
v 0.42575073 -0.07504272 -0.05757141
v 0.42526245 -0.07546234 -0.06681824
v 0.16804504 -0.08412933 -0.13589478
v 0.25128174 -0.08435822 -0.16908264
v 0.42529297 -0.07615662 -0.07991791
v 0.42568970 -0.07750702 -0.06841278
v 0.42584229 -0.07871246 -0.05366135
v 0.42764282 -0.07867432 -0.06602478
v 0.42687988 -0.07671356 -0.09114075
v 0.42877197 -0.07466125 -0.07032013
v 0.42755127 -0.07900238 -0.05652618
v 0.42999268 -0.07495117 -0.05603409
v 0.42797852 -0.07427216 -0.05644608
v 0.42791748 -0.07435608 -0.08720398
v 0.42724609 -0.07341766 -0.08382416
v 0.42697144 -0.07480621 -0.09781647
v 0.42724609 -0.06688690 -0.09584045
v 0.42715454 -0.07592010 -0.10876465
v 0.42620850 -0.07751465 -0.10991669
v 0.42678833 -0.07746124 -0.12355804
v 0.42837524 -0.04046249 -0.09556580
v 0.42819214 -0.06534576 -0.04397202
v 0.42819214 -0.06513214 -0.15007019
v 0.38784790 -0.07858276 -0.14521790
v 0.42755127 -0.07912445 -0.15061951
v 0.42782593 -0.08055878 -0.18095398
v 0.42559814 -0.07991028 -0.18161011
v 0.42794800 -0.06439972 -0.18313599
v 0.42822266 -0.04415894 -0.17666626
v 0.42691040 -0.05762863 -0.18377686
v 0.39404297 -0.08117676 -0.17947388
v 0.42785645 -0.03353882 -0.18418884
v 0.36575317 -0.06199265 -0.18118286
v 0.37655640 -0.08056641 -0.18003845
v 0.34262085 -0.08242035 -0.17768860
v 0.34698486 -0.08134460 -0.17875671
v 0.31784058 -0.08256531 -0.17707825
v 0.29193115 -0.08338165 -0.17597961
v 0.26434326 -0.08436584 -0.17456055
v 0.23315430 -0.08467102 -0.17410278
v 0.27520752 -0.08344269 -0.17625427
v 0.28912354 -0.06664276 -0.17793274
v 0.24429321 -0.06819153 -0.17620850
v 0.36505127 -0.03662491 -0.18157959
v 0.28598022 -0.05161667 -0.17803955
v 0.24108887 -0.03943634 -0.17681885
v 0.31457520 -0.01778221 -0.18005371
v 0.25354004 0.00114024 -0.17684937
v 0.42785645 0.00426912 -0.18461609
v 0.36199951 -0.00176692 -0.18223572
v 0.32403564 0.01492596 -0.18013000
v 0.26797485 0.03704071 -0.17703247
v 0.22837830 0.04814911 -0.17497253
v 0.26205444 0.06666565 -0.17582703
v 0.30075073 0.07620239 -0.17721558
v 0.26379395 0.08359528 -0.17532349
v 0.34603882 0.05729294 -0.17977905
v 0.38046265 0.03127670 -0.18200684
v 0.40835571 0.02076340 -0.18331909
v 0.35263062 0.08285522 -0.17845154
v 0.42889404 0.08065033 -0.18194580
v 0.42874146 0.04118729 -0.18344116
v 0.39672852 0.08152008 -0.18028259
v 0.42752075 0.08182526 -0.18049622
v 0.42855835 0.00745010 -0.17405701
v 0.42837524 0.08047485 -0.14585876
v 0.41476440 0.08148956 -0.17005920
v 0.42895508 0.05604553 -0.07416534
v 0.42858887 -0.00103986 -0.02061081
v 0.34127808 0.08298492 -0.17088318
v 0.42904663 0.07965851 -0.11811829
v 0.40591431 0.07946777 -0.11433411
v 0.35791016 0.07971191 -0.11396027
v 0.31515503 0.08380127 -0.17620850
v 0.42901611 0.07933807 -0.09843445
v 0.42901611 0.07743835 -0.06075287
v 0.42678833 0.07884216 -0.09306335
v 0.42697144 0.07869720 -0.07118225
v 0.42843628 0.07926941 -0.04897308
v 0.41555786 0.07814789 -0.07856750
v 0.42633057 0.07752228 -0.04250336
v 0.33602905 0.07817078 -0.06752014
v 0.39205933 0.07757568 -0.04455948
v 0.35217285 0.07798767 -0.04557800
v 0.29360962 0.07775879 -0.05025482
v 0.31472778 0.07836914 -0.07026672
v 0.26281738 0.07936859 -0.06896973
v 0.27963257 0.07947540 -0.04296112
v 0.23745728 0.08107758 -0.07947540
v 0.28765869 0.08319855 -0.15003967
v 0.29623413 0.08418274 -0.17532349
v 0.31491089 0.08277130 -0.17762756
v 0.29266357 0.08282471 -0.17657471
v 0.27709961 0.08464813 -0.17420959
v 0.25680542 0.08337402 -0.14100647
v 0.24964905 0.08506012 -0.17366028
v 0.42633057 0.07752228 -0.04250336
v 0.41555786 0.07814789 -0.07856750
v 0.39205933 0.07757568 -0.04455948
v 0.42819214 -0.06534576 -0.04397202
v 0.42837524 -0.04046249 -0.09556580
v 0.42858887 -0.00103986 -0.02061081
v 0.01252270 0.09512329 -0.06077957
v 0.02001762 0.09145355 -0.09197235
v -0.01168251 0.09294128 -0.06238937
v -0.00321603 0.08714294 -0.10543823
v 0.06551361 0.08722687 -0.14445496
v 0.05763245 0.09249878 -0.10599518
v 0.11635590 0.08925629 -0.07056427
v 0.10040283 0.08950043 -0.14991760
v 0.11350250 0.08864594 -0.16445923
v 0.12060547 0.08873749 -0.11715698
v 0.08321381 -0.09152985 -0.13186646
v 0.07648468 -0.09163666 -0.05916214
v 0.01494503 -0.09553528 -0.06388855
v 0.03761292 -0.09165192 -0.10610199
v -0.00719357 -0.09351349 -0.06663513
v -0.01268196 -0.08512115 -0.11708069
v 0.05028534 -0.08847046 -0.13525391
v 0.01603508 -0.08187103 -0.15489197
v 0.11278534 -0.08979797 -0.16415405
v 0.11391449 -0.08929443 -0.10410309
v 0.07784271 -0.08703613 -0.16098022
v 0.06066513 -0.08397675 -0.16421509
v 0.11071777 -0.08789062 -0.16938782
v 0.09611511 -0.08791351 -0.18142700
v -0.01010418 -0.07824707 -0.15637207
v 0.02173233 -0.08267975 -0.17784119
v 0.00836086 -0.08301544 -0.19546509
v 0.07437897 -0.08842468 -0.20323181
v 0.05337143 -0.08798981 -0.22520447
v -0.01355553 -0.08374786 -0.24267578
v 0.05441284 -0.08671570 -0.23580933
v 0.10622406 -0.08731079 -0.18673706
v 0.06322479 -0.08811951 -0.25054932
v -0.28576660 -0.08518982 -0.08313751
v -0.34866333 -0.09269714 -0.13082886
v -0.30947876 -0.08930206 -0.13626099
v -0.30001831 -0.08943939 -0.15066528
v -0.33840942 -0.09359741 -0.18287659
v -0.36126709 -0.08243561 -0.22225952
v -0.33230591 -0.09430695 -0.21270752
v -0.37658691 -0.08092499 -0.14039612
v -0.39279175 -0.07842255 -0.07965851
v -0.39959717 -0.07164764 -0.15545654
v -0.39556885 -0.07193756 -0.17453003
v -0.38845825 -0.07214355 -0.21423340
v -0.39990234 -0.07044220 -0.15898132
v -0.40542603 -0.07058716 -0.12689209
v -0.39889526 -0.05714417 -0.16105652
v -0.40466309 0.00021574 -0.11985016
v -0.39584351 -0.07080078 -0.17926025
v -0.39889526 0.00515366 -0.15019226
v -0.39315796 -0.07051086 -0.19424438
v -0.39566040 -0.03727341 -0.17422485
v -0.39028931 -0.04399872 -0.20443726
v -0.38973999 -0.07077789 -0.21228027
v -0.38574219 -0.07190704 -0.23493958
v -0.38406372 -0.06672668 -0.24378967
v -0.39410400 0.00355601 -0.17445374
v -0.38619995 0.00196934 -0.22088623
v -0.39233398 0.04252625 -0.18055725
v -0.38430786 -0.07200623 -0.24362183
v -0.35806274 -0.08332825 -0.23262024
v -0.37808228 -0.07231903 -0.25143433
v -0.34301758 -0.08423615 -0.25134277
v -0.37399292 -0.07226562 -0.25750732
v -0.38256836 0.00523281 -0.24252319
v -0.33334351 -0.09350586 -0.22219849
v -0.31826782 -0.08864594 -0.26727295
v -0.30191040 -0.09420013 -0.26568604
v -0.32949829 -0.08106232 -0.28201294
v -0.29141235 -0.08686066 -0.21485901
v -0.27169800 -0.09455109 -0.30548096
v -0.36053467 -0.07294464 -0.27569580
v -0.34405518 -0.07355499 -0.29824829
v -0.34695435 -0.05057526 -0.29257202
v -0.25787354 -0.08638000 -0.24801636
v -0.26013184 -0.09040070 -0.28088379
v -0.25012207 -0.08003998 -0.20487976
v -0.29095459 -0.08748627 -0.20761108
v -0.36331177 -0.03664017 -0.27026367
v -0.35040283 0.01878166 -0.28497314
v -0.32501221 0.00917530 -0.31994629
v -0.35974121 -0.00172472 -0.27325439
v -0.36578369 0.02812195 -0.26400757
v -0.34179688 0.06003952 -0.29522705
v -0.33258057 0.04762650 -0.30792236
v -0.35336304 0.06073380 -0.27938843
v -0.34069824 0.06089020 -0.29544067
v -0.36450195 0.06078720 -0.26434326
v -0.35095215 0.06491089 -0.26495361
v -0.29739380 0.07054901 -0.31289673
v -0.37118530 0.06084061 -0.25540161
v -0.35729980 0.07173920 -0.23251343
v -0.38119507 0.06112671 -0.24197388
v -0.38543701 0.05355072 -0.21815491
v -0.38330078 0.06100464 -0.22921753
v -0.38616943 0.06056213 -0.21279907
v -0.37533569 0.06542969 -0.21502686
v -0.38674927 0.06130981 -0.20498657
v -0.38955688 0.06064606 -0.19386292
v -0.39059448 0.06151962 -0.18377686
v -0.39431763 0.06126404 -0.16543579
v -0.40005493 0.06118393 -0.13581848
v -0.37438965 0.07037354 -0.14692688
v -0.36105347 0.07466888 -0.16862488
v -0.34667969 0.08327484 -0.13264465
v -0.33660889 0.08354187 -0.18641663
v -0.33050537 0.08345795 -0.18870544
v -0.32406616 0.08233643 -0.11236572
v -0.29791260 0.08102417 -0.11634064
v -0.29864502 0.08197021 -0.14816284
v -0.33129883 0.08380890 -0.21423340
v -0.29031372 0.08019257 -0.17889404
v -0.25772095 0.07730103 -0.13484192
v -0.26037598 0.07865143 -0.10607910
v -0.23744202 0.07630157 -0.11049652
v -0.28063965 0.07892609 -0.19207764
v -0.20422363 0.07217407 -0.14141846
v -0.20655823 0.07151794 -0.12243652
v -0.17736816 0.06707001 -0.15695190
v -0.23568726 0.07428741 -0.17373657
v -0.18399048 0.06940460 -0.16307068
v -0.19413757 0.06911469 -0.18255615
v -0.25344849 0.07286072 -0.20556641
v -0.28991699 0.07901764 -0.20544434
v -0.20748901 0.06922913 -0.19750977
v -0.18344116 0.06710815 -0.19274902
v -0.25534058 0.07456970 -0.23156738
v -0.21144104 0.07152557 -0.22973633
v -0.29150391 0.07787323 -0.21534729
v -0.26071167 0.07839966 -0.28143311
v -0.33239746 0.08286285 -0.22189331
v -0.30361938 0.08209229 -0.26016235
v -0.27105713 0.08092499 -0.30404663
v -0.01268196 -0.08512115 -0.11708069
v -0.03911591 -0.08807373 -0.08123779
v -0.03916168 -0.08235931 -0.11550903
v -0.03936386 -0.07747650 -0.14949036
v 0.01603508 -0.08187103 -0.15489197
v -0.01010418 -0.07824707 -0.15637207
v -0.04611969 -0.07547760 -0.15257263
v -0.04596329 -0.08133698 -0.11223602
v -0.05129242 -0.07776642 -0.12399292
v -0.03828049 -0.07781982 -0.17387390
v -0.05074310 -0.07458496 -0.15328979
v -0.08749390 -0.07268524 -0.12189484
v -0.08617401 -0.07044983 -0.15113831
v -0.04396057 -0.07474518 -0.16705322
v 0.00836086 -0.08301544 -0.19546509
v -0.06283569 -0.07740021 -0.17182922
v -0.10847473 -0.07149506 -0.17289734
v -0.15370178 -0.06881714 -0.18676758
v -0.15747070 -0.06650543 -0.15161133
v -0.03686905 -0.07496643 -0.18423462
v -0.20872498 -0.07545471 -0.19694519
v -0.16659546 -0.07387543 -0.22044373
v -0.12326813 -0.07759857 -0.20764160
v -0.14141846 -0.08123779 -0.23727417
v -0.07795715 -0.08052063 -0.19500732
v -0.09880829 -0.08540344 -0.22680664
v -0.11909485 -0.08831787 -0.25424194
v -0.04407501 -0.07829285 -0.22326660
v -0.03080750 -0.07525635 -0.20161438
v -0.02594948 -0.07543182 -0.21292114
v -0.03192139 -0.07600403 -0.19422913
v -0.03240204 -0.07967377 -0.18994141
v -0.02585602 -0.08078003 -0.20858765
v -0.02476311 -0.08139038 -0.20858765
v -0.01924324 -0.08264160 -0.22644043
v -0.01355553 -0.08374786 -0.24267578
v -0.02133560 -0.07663727 -0.22367859
v -0.02011490 -0.07608032 -0.23065186
v -0.01757622 -0.07678223 -0.23451233
v -0.01266575 -0.07664490 -0.25119019
v -0.01344585 -0.07704926 -0.24673462
v -0.00754547 -0.08502197 -0.25936890
v -0.00865555 -0.07726288 -0.25997925
v -0.00510168 -0.07702637 -0.27059937
v -0.00121951 -0.08628845 -0.27743530
v -0.02999878 -0.08034515 -0.27166748
v -0.00213265 -0.07703400 -0.28176880
v -0.04346085 -0.08125305 -0.25988770
v -0.03765869 -0.08216858 -0.30639648
v -0.03050423 -0.08249664 -0.32659912
v -0.00603819 -0.08401489 -0.33737183
v -0.00731945 -0.08787537 -0.36758423
v -0.06210327 -0.08501434 -0.31640625
v -0.07895660 -0.08369446 -0.23762512
v -0.09320831 -0.08685303 -0.28128052
v -0.23812866 -0.08082581 -0.11077881
v -0.26556396 -0.08399200 -0.08424377
v -0.26339722 -0.08415985 -0.12590027
v -0.22496033 -0.07919312 -0.14231873
v -0.28274536 -0.08740234 -0.16967773
v -0.27120972 -0.08566284 -0.18685913
v -0.23483276 -0.08054352 -0.17509460
v -0.19139099 -0.07418060 -0.18414307
v -0.20872498 -0.07545471 -0.19694519
v -0.15370178 -0.06881714 -0.18676758
v -0.17980957 -0.07324982 -0.16174316
v -0.20249939 -0.07630920 -0.14268494
v -0.19233704 -0.07340240 -0.13685608
v -0.22718811 -0.07654572 -0.09308624
v -0.18997192 -0.07167816 -0.12303162
v -0.19306946 0.07010651 -0.11985016
v -0.20655823 0.07151794 -0.12243652
v -0.23010254 0.07453918 -0.09185028
v -0.03822327 0.08122253 -0.11994934
v -0.03899765 0.08675385 -0.08666992
v -0.00900841 0.08284760 -0.12712097
v -0.00321603 0.08714294 -0.10543823
v -0.03924942 0.07662964 -0.14897156
v -0.02225685 0.07780457 -0.15051270
v 0.01348209 0.08071899 -0.15419006
v 0.00286102 0.07807159 -0.15780640
v -0.02184296 0.07627106 -0.15509033
v 0.00584602 0.07800293 -0.17613220
v -0.04523087 0.07444763 -0.15319824
v -0.04508591 0.08526611 -0.08790588
v -0.03596497 0.07460785 -0.18083191
v -0.05129623 0.07760620 -0.12278748
v -0.03170395 0.07490540 -0.19384766
v -0.04276276 0.07325745 -0.16732788
v -0.05041504 0.07318878 -0.15287781
v -0.07006073 0.07266998 -0.13786316
v -0.08755493 0.06951141 -0.15139771
v -0.04204178 0.07177734 -0.17356873
v -0.03487778 0.07152557 -0.18878174
v -0.02626801 0.07479095 -0.20988464
v 0.02705574 0.07913971 -0.20175171
v -0.11338043 0.06799316 -0.17347717
v -0.12039948 0.06705475 -0.16949463
v -0.15333557 0.06446838 -0.18650818
v -0.06330109 0.07499695 -0.17323303
v -0.09496307 0.07368469 -0.19036865
v -0.04989624 0.07281494 -0.18927002
v -0.08155060 0.07752228 -0.20039368
v -0.03351974 0.07021332 -0.19708252
v -0.06311035 0.07495117 -0.21353149
v -0.04734421 0.07246399 -0.22433472
v -0.02533531 0.06951141 -0.21455383
v -0.02675247 0.06889343 -0.21403503
v -0.02031708 0.06795502 -0.23144531
v -0.01902199 0.06877899 -0.23139954
v -0.03271866 0.07031250 -0.23417664
v -0.01552391 0.06712341 -0.24523926
v -0.04491806 0.07265472 -0.26007080
v -0.07562256 0.07711792 -0.23851013
v -0.02476692 0.06917572 -0.27081299
v -0.02078629 0.07444000 -0.22445679
v -0.00237012 0.07639313 -0.21655273
v -0.00661182 0.07509613 -0.23522949
v -0.01250267 0.07404327 -0.24671936
v -0.01181126 0.06718445 -0.25167847
v -0.00576067 0.07383728 -0.26495361
v -0.00207734 0.07366943 -0.27590942
v -0.00871849 0.06620789 -0.26211548
v -0.00320673 0.06500244 -0.27664185
v -0.00149691 0.06448364 -0.28088379
v -0.06417847 0.07343292 -0.28887939
v -0.03849411 0.06855011 -0.30371094
v -0.03427124 0.06735229 -0.34027100
v -0.00592184 0.06756592 -0.34854126
v -0.00578547 0.06852722 -0.37249756
v -0.06469727 0.07099152 -0.34805298
v -0.06880951 0.07157898 -0.32241821
v -0.08988953 0.07356262 -0.33554077
v -0.09799194 0.07688904 -0.28271484
v -0.08955383 0.07834625 -0.24150085
v -0.11920929 0.08036804 -0.25405884
v -0.09815216 0.07976532 -0.22602844
v -0.15666199 0.07479858 -0.25769043
v -0.14389038 0.08071136 -0.28613281
v -0.12488556 0.07252502 -0.20994568
v -0.16838074 0.06774902 -0.22488403
v -0.16468811 0.07329559 -0.25704956
v -0.18006897 0.07063293 -0.25485229
v -0.18344116 0.06710815 -0.19274902
v -0.20748901 0.06922913 -0.19750977
v -0.21144104 0.07152557 -0.22973633
v -0.00900841 0.08284760 -0.12712097
v -0.00321603 0.08714294 -0.10543823
v 0.06551361 0.08722687 -0.14445496
v 0.04961395 0.08335114 -0.15840149
v 0.01348209 0.08071899 -0.15419006
v 0.09331512 0.08689117 -0.16262817
v 0.11350250 0.08864594 -0.16445923
v 0.04335785 0.08127594 -0.16239929
v 0.00286102 0.07807159 -0.15780640
v 0.07416534 0.08363342 -0.16517639
v 0.11327362 0.08658600 -0.16950989
v 0.12304688 0.08750153 -0.16789246
v 0.14199829 0.08626556 -0.15347290
v 0.04474258 0.08109283 -0.18020630
v 0.08860779 0.08412933 -0.19104004
v 0.00584602 0.07800293 -0.17613220
v 0.10266876 0.08271790 -0.19018555
v 0.12626648 0.08581543 -0.16990662
v 0.14488220 0.08721161 -0.16900635
v 0.02705574 0.07913971 -0.20175171
v -0.03170395 0.07490540 -0.19384766
v 0.07209778 0.08242798 -0.20594788
v -0.00237012 0.07639313 -0.21655273
v -0.02626801 0.07479095 -0.20988464
v 0.03475189 0.07797241 -0.24075317
v -0.00661182 0.07509613 -0.23522949
v -0.00207734 0.07366943 -0.27590942
v 0.06261444 0.07791901 -0.22773743
v 0.03487015 0.07470703 -0.25277710
v 0.08173370 0.07923126 -0.24209595
v 0.10538483 0.08206177 -0.22416687
v 0.11615753 0.07984161 -0.29895020
v 0.12802124 0.08456421 -0.20317078
v 0.13169861 0.08297729 -0.25137329
v 0.13858032 0.07490540 -0.25323486
v 0.13731384 0.07422638 -0.22166443
v 0.14585876 0.06645966 -0.26052856
v 0.13061523 0.08049774 -0.19013977
v 0.13941956 0.01935387 -0.23419189
v 0.14538574 0.04796982 -0.25936890
v 0.13603210 0.05673599 -0.21711731
v 0.12626648 0.06919098 -0.17066956
v 0.15246582 0.08560181 -0.17077637
v 0.12854004 0.06779480 -0.18421936
v 0.13465881 0.01257420 -0.21261597
v 0.13945007 -0.07943726 -0.23783875
v 0.13348389 -0.04541779 -0.20832825
v 0.12748718 -0.01036263 -0.18067932
v 0.13044739 -0.08376312 -0.19670105
v 0.12620544 0.03647995 -0.17091370
v 0.15301514 0.02929306 -0.17175293
v 0.12657166 0.00096267 -0.17077637
v 0.12548828 -0.00603247 -0.17158508
v 0.12599182 -0.04078674 -0.17146301
v 0.15806580 0.01257801 -0.17222595
v 0.12494659 -0.07636261 -0.17239380
v 0.12425995 -0.08763885 -0.17068481
v 0.12864685 -0.08787537 -0.16560364
v 0.12306976 -0.08894348 -0.15377808
v 0.11278534 -0.08979797 -0.16415405
v 0.12504578 -0.08797455 -0.17059326
v 0.14733887 -0.08728027 -0.17103577
v 0.07784271 -0.08703613 -0.16098022
v 0.11071777 -0.08789062 -0.16938782
v 0.12425995 -0.08763885 -0.17068481
v 0.09611511 -0.08791351 -0.18142700
v 0.10622406 -0.08731079 -0.18673706
v 0.07437897 -0.08842468 -0.20323181
v 0.12670898 -0.08967590 -0.20239258
v 0.06322479 -0.08811951 -0.25054932
v 0.13044739 -0.08376312 -0.19670105
v 0.13945007 -0.07943726 -0.23783875
v 0.12494659 -0.07636261 -0.17239380
v 0.12583923 -0.07267761 -0.17147827
v 0.12599182 -0.04078674 -0.17146301
v 0.12915039 -0.07245636 -0.17166138
v 0.14949036 -0.06978607 -0.17242432
v 0.12670898 -0.08967590 -0.20239258
v 0.06322479 -0.08811951 -0.25054932
v 0.11090088 -0.09136200 -0.24687195
v 0.13203430 -0.09344482 -0.26254272
v 0.13945007 -0.07943726 -0.23783875
v 0.09794617 -0.09301758 -0.28787231
v 0.14624023 -0.07638550 -0.26715088
v 0.14460754 -0.02371979 -0.25906372
v 0.15658569 -0.05030823 -0.31167603
v 0.15350342 -0.00180197 -0.29586792
v 0.16232300 -0.02079201 -0.33496094
v 0.15855408 -0.07124329 -0.32183838
v 0.16587830 -0.06810760 -0.35333252
v 0.16648865 -0.00179219 -0.35235596
v 0.13638306 -0.09716797 -0.31735229
v 0.14570618 -0.03995514 -0.37490845
v 0.15046692 -0.07051086 -0.36984253
v 0.12559509 -0.07385254 -0.39654541
v 0.13067627 -0.09614563 -0.35162354
v 0.11794281 -0.01404762 -0.40356445
v 0.14765930 0.02264786 -0.37197876
v 0.11019135 -0.09059906 -0.38909912
v 0.09819794 -0.07816315 -0.42489624
v 0.08662415 -0.08734894 -0.42474365
v 0.09339905 -0.04794693 -0.42950439
v 0.09981537 -0.00398970 -0.42114258
v 0.07916260 -0.00453186 -0.44171143
v 0.07302856 -0.08191681 -0.45132446
v 0.07147980 -0.04615402 -0.45135498
v 0.06513214 -0.00163019 -0.45602417
v 0.06500244 -0.02669907 -0.45736694
v 0.04094696 -0.01139736 -0.46047974
v 0.06474304 -0.08309937 -0.46035767
v 0.03546524 -0.07580566 -0.46548462
v 0.00918674 -0.08229828 -0.47070312
v 0.03709412 -0.08278656 -0.46545410
v 0.06028748 -0.09634399 -0.43972778
v -0.00177026 -0.05928421 -0.47164917
v 0.02871513 -0.00218868 -0.46258545
v -0.00593805 -0.00737524 -0.46932983
v 0.03588104 0.02965736 -0.45935059
v -0.00571585 -0.08190918 -0.47360229
v 0.00477505 -0.09075928 -0.45809937
v 0.04619217 -0.09463501 -0.44485474
v 0.00265574 -0.09678650 -0.44290161
v 0.04161072 -0.09647369 -0.44070435
v 0.05527878 -0.09491730 -0.42892456
v 0.00581408 -0.09342194 -0.41452026
v 0.08663177 -0.09636688 -0.40679932
v 0.10861969 -0.09632874 -0.37939453
v 0.03545380 -0.08849335 -0.37609863
v -0.00731945 -0.08787537 -0.36758423
v 0.06630707 -0.09018707 -0.35644531
v 0.01920319 -0.08329010 -0.33474731
v -0.00603819 -0.08401489 -0.33737183
v -0.00213265 -0.07703400 -0.28176880
v 0.01742363 -0.07975769 -0.28930664
v 0.04266357 -0.08314514 -0.29913330
v -0.00139928 -0.07772064 -0.27963257
v -0.00510168 -0.07702637 -0.27059937
v 0.01789284 -0.08031464 -0.28771973
v -0.00121951 -0.08628845 -0.27743530
v 0.01953125 -0.08629608 -0.28704834
v 0.03424454 -0.08256531 -0.29434204
v 0.05187607 -0.08557892 -0.30133057
v 0.04521179 -0.08914185 -0.29760742
v 0.05702209 -0.08512115 -0.30493164
v 0.07968903 -0.08815002 -0.31481934
v 0.07919312 -0.08916473 -0.31265259
v 0.09128571 -0.08969879 -0.31918335
v 0.07154083 -0.09201050 -0.30911255
v 0.09745789 -0.09149170 -0.32070923
v 0.12115479 -0.09365082 -0.33294678
v 0.13568115 -0.09586334 -0.33752441
v 0.11927032 -0.09407806 -0.33023071
v 0.12126160 -0.09701538 -0.33062744
v 0.09323883 -0.09360504 -0.31866455
v 0.13777161 -0.09844971 -0.33764648
v 0.10728455 -0.09581757 -0.32366943
v 0.08110046 -0.09358215 -0.31198120
v 0.05688858 -0.09111786 -0.30123901
v 0.02637863 -0.08820343 -0.28698730
v 0.05441284 -0.08671570 -0.23580933
v 0.00866985 -0.08673859 -0.27914429
v 0.02086639 -0.08735657 -0.25955200
v 0.05337143 -0.08798981 -0.22520447
v -0.00754547 -0.08502197 -0.25936890
v -0.01355553 -0.08374786 -0.24267578
v -0.20872498 -0.07545471 -0.19694519
v -0.25012207 -0.08003998 -0.20487976
v -0.18301392 -0.08043671 -0.26116943
v -0.16659546 -0.07387543 -0.22044373
v -0.25787354 -0.08638000 -0.24801636
v -0.14141846 -0.08123779 -0.23727417
v -0.15397644 -0.08541107 -0.26696777
v -0.11909485 -0.08831787 -0.25424194
v -0.20031738 -0.08803558 -0.30792236
v -0.21221924 -0.09326935 -0.33908081
v -0.26013184 -0.09040070 -0.28088379
v -0.18760681 -0.09227753 -0.32138062
v -0.15022278 -0.09225464 -0.29568481
v -0.11471558 -0.09066010 -0.33309937
v -0.19676208 -0.09735870 -0.35293579
v -0.16598511 -0.09522247 -0.36102295
v -0.20919800 -0.09663391 -0.35693359
v -0.21748352 -0.09939575 -0.38067627
v -0.22438049 -0.09868622 -0.37222290
v -0.26174927 -0.09527588 -0.32122803
v -0.27169800 -0.09455109 -0.30548096
v -0.29141235 -0.08686066 -0.21485901
v -0.30139160 -0.08257294 -0.31909180
v -0.30191040 -0.09420013 -0.26568604
v -0.32949829 -0.08106232 -0.28201294
v -0.32443237 -0.07879639 -0.30093384
v -0.34405518 -0.07355499 -0.29824829
v -0.26922607 -0.08426666 -0.36685181
v -0.30630493 -0.07650757 -0.34432983
v -0.33050537 -0.07421112 -0.31707764
v -0.32611084 -0.04236603 -0.32092285
v -0.34695435 -0.05057526 -0.29257202
v -0.32244873 -0.07483673 -0.32653809
v -0.31930542 -0.07372284 -0.33279419
v -0.30947876 -0.07532501 -0.34478760
v -0.29907227 -0.07511139 -0.36050415
v -0.32501221 0.00917530 -0.31994629
v -0.24198914 -0.08554840 -0.40585327
v -0.28121948 -0.07648468 -0.38510132
v -0.28250122 -0.07521820 -0.38467407
v -0.29818726 -0.05413055 -0.36090088
v -0.26538086 -0.07682800 -0.40893555
v -0.27148438 -0.02158928 -0.39666748
v -0.31295776 -0.04088593 -0.33963013
v -0.29559326 -0.00189674 -0.36126709
v -0.31280518 0.01691818 -0.33679199
v -0.35040283 0.01878166 -0.28497314
v -0.33258057 0.04762650 -0.30792236
v -0.32757568 0.06034470 -0.31408691
v -0.34179688 0.06003952 -0.29522705
v -0.34069824 0.06089020 -0.29544067
v -0.29739380 0.07054901 -0.31289673
v -0.31289673 0.06031799 -0.33447266
v -0.28961182 0.06809998 -0.33602905
v -0.30471802 0.06026459 -0.34576416
v -0.29492188 0.02846336 -0.36029053
v -0.29544067 0.06018829 -0.35830688
v -0.25942993 0.07371521 -0.35458374
v -0.27313232 0.03667450 -0.39077759
v -0.27926636 0.05994034 -0.38104248
v -0.26559448 0.05976105 -0.40011597
v -0.25491333 0.05899429 -0.41522217
v -0.27215576 0.07517242 -0.32922363
v -0.25177002 0.06643677 -0.39297485
v -0.21797180 0.08136749 -0.37915039
v -0.25415039 0.06003189 -0.41528320
v -0.23291016 0.07253265 -0.39404297
v -0.25384521 0.08103943 -0.33016968
v -0.35095215 0.06491089 -0.26495361
v -0.27105713 0.08092499 -0.30404663
v -0.30361938 0.08209229 -0.26016235
v -0.26071167 0.07839966 -0.28143311
v -0.23298645 0.07780457 -0.30255127
v -0.22224426 0.07415009 -0.25854492
v -0.25534058 0.07456970 -0.23156738
v -0.21144104 0.07152557 -0.22973633
v -0.20591736 0.07704163 -0.32446289
v -0.19119263 0.07321930 -0.28308105
v -0.16838074 0.06774902 -0.22488403
v -0.18006897 0.07063293 -0.25485229
v -0.16468811 0.07329559 -0.25704956
v -0.15666199 0.07479858 -0.25769043
v -0.16488647 0.08114624 -0.31188965
v -0.14389038 0.08071136 -0.28613281
v -0.20024109 0.07905579 -0.33453369
v -0.14508057 0.07830811 -0.32931519
v -0.11920929 0.08036804 -0.25405884
v -0.09799194 0.07688904 -0.28271484
v -0.19465637 0.08138275 -0.35046387
v -0.22006226 0.08070374 -0.36422729
v -0.20739746 0.08118439 -0.37692261
v -0.15534973 0.07782745 -0.35745239
v -0.17947388 0.07870483 -0.37170410
v -0.21011353 0.08042145 -0.38391113
v -0.18145752 0.07895660 -0.39761353
v -0.16719055 0.06676483 -0.43041992
v -0.22056580 0.06214905 -0.42224121
v -0.24176025 0.05991364 -0.42059326
v -0.25216675 0.05921173 -0.41729736
v -0.22567749 0.05895233 -0.42819214
v -0.19920349 0.05834198 -0.43917847
v -0.20483398 0.02386093 -0.43826294
v -0.22999573 -0.00503016 -0.42950439
v -0.21987915 -0.03429794 -0.43457031
v -0.25488281 -0.00248623 -0.41836548
v -0.25796509 -0.07629395 -0.41955566
v -0.25637817 -0.07757568 -0.42059326
v -0.25494385 -0.07662201 -0.42211914
v -0.24295044 -0.06941986 -0.42687988
v -0.22843933 -0.07781982 -0.43316650
v -0.23901367 -0.07795715 -0.42864990
v -0.25109863 -0.07772827 -0.42251587
v -0.23561096 -0.07822418 -0.42840576
v -0.20208740 -0.08363342 -0.42840576
v -0.21070862 -0.07711792 -0.44064331
v -0.19738770 -0.07744598 -0.44622803
v -0.21640015 -0.07852936 -0.43728638
v -0.20117188 -0.07870483 -0.44351196
v -0.18804932 -0.09088135 -0.41552734
v -0.21263123 -0.09881592 -0.38412476
v -0.19056702 -0.09860229 -0.39477539
v -0.14099121 -0.09294891 -0.35610962
v 0.13945007 -0.07943726 -0.23783875
v 0.14460754 -0.02371979 -0.25906372
v 0.13941956 0.01935387 -0.23419189
v 0.14538574 0.04796982 -0.25936890
v 0.15350342 -0.00180197 -0.29586792
v 0.15299988 0.03610229 -0.29263306
v 0.15499878 0.05834579 -0.29812622
v 0.16287231 0.05166245 -0.33258057
v 0.16232300 -0.02079201 -0.33496094
v 0.14585876 0.06645966 -0.26052856
v 0.16706848 0.04813385 -0.35104370
v 0.16648865 -0.00179219 -0.35235596
v 0.14765930 0.02264786 -0.37197876
v 0.14570618 -0.03995514 -0.37490845
v 0.14291382 0.07298279 -0.30972290
v 0.14186096 0.04984665 -0.37637329
v 0.13858032 0.07490540 -0.25323486
v 0.11794281 -0.01404762 -0.40356445
v 0.15504456 0.06150818 -0.34494019
v 0.13560486 0.08119202 -0.30007935
v 0.13169861 0.08297729 -0.25137329
v 0.14866638 0.06855011 -0.34164429
v 0.13880920 0.07955170 -0.33734131
v 0.11615753 0.07984161 -0.29895020
v 0.10538483 0.08206177 -0.22416687
v 0.12643433 0.07891083 -0.33245850
v 0.14010620 0.07671356 -0.33920288
v 0.13133240 0.07611847 -0.33569336
v 0.12986755 0.07554626 -0.35211182
v 0.13073730 0.07615662 -0.34881592
v 0.11011505 0.07435608 -0.32653809
v 0.11407471 0.07839203 -0.32720947
v 0.10046387 0.07774353 -0.32113647
v 0.09833527 0.07333374 -0.33670044
v 0.10522461 0.07671356 -0.32409668
v 0.09648132 0.07322693 -0.32034302
v 0.08512115 0.07572174 -0.31582642
v 0.08173370 0.07923126 -0.24209595
v 0.08371735 0.07802582 -0.28146362
v 0.07785797 0.07664490 -0.31137085
v 0.05567169 0.07495117 -0.30145264
v 0.08585358 0.07353210 -0.31607056
v 0.06488037 0.07472992 -0.30731201
v 0.07020569 0.07228851 -0.30947876
v 0.07873535 0.07170105 -0.31469727
v 0.03642654 0.07424927 -0.27606201
v 0.03487015 0.07470703 -0.25277710
v 0.04804230 0.07025909 -0.30047607
v 0.03837967 0.07271576 -0.29611206
v 0.02215958 0.07253265 -0.28723145
v 0.00424194 0.07104492 -0.28073120
v 0.01704025 0.07170105 -0.28652954
v 0.02735901 0.06809998 -0.29196167
v 0.03158951 0.06758881 -0.29537964
v 0.01658440 0.06626892 -0.28793335
v -0.00207734 0.07366943 -0.27590942
v 0.03475189 0.07797241 -0.24075317
v -0.00149691 0.06448364 -0.28088379
v -0.00320673 0.06500244 -0.27664185
v -0.00576067 0.07383728 -0.26495361
v 0.01082897 0.06570435 -0.31289673
v -0.00592184 0.06756592 -0.34854126
v -0.00578547 0.06852722 -0.37249756
v 0.02009010 0.06867981 -0.38766479
v 0.00242782 0.07154846 -0.43991089
v 0.03175735 0.06761169 -0.36370850
v 0.06710052 0.07073212 -0.34014893
v 0.07296753 0.07131958 -0.40112305
v 0.06099319 0.07044983 -0.43521118
v 0.03044510 0.07089996 -0.43807983
v -0.00066268 0.06509399 -0.45471191
v -0.02651215 0.07218933 -0.44207764
v 0.03427124 0.06803131 -0.44378662
v 0.03206253 0.05653763 -0.45904541
v -0.00582170 0.05642319 -0.46697998
v -0.00497198 0.02313805 -0.46798706
v -0.00593805 -0.00737524 -0.46932983
v 0.03588104 0.02965736 -0.45935059
v 0.06542969 0.05641937 -0.45245361
v 0.02871513 -0.00218868 -0.46258545
v 0.04094696 -0.01139736 -0.46047974
v 0.06513214 -0.00163019 -0.45602417
v 0.06389618 0.06048965 -0.44763184
v 0.07617188 0.05509567 -0.44180298
v 0.07916260 -0.00453186 -0.44171143
v 0.09335327 0.05366516 -0.42471313
v 0.11242676 0.05228043 -0.40557861
v 0.09981537 -0.00398970 -0.42114258
v 0.10442352 0.06513977 -0.39526367
v 0.08753204 0.07263184 -0.40319824
v 0.09992218 0.07331085 -0.38796997
v 0.11845398 0.07485199 -0.36544800
v -0.09880829 -0.08540344 -0.22680664
v -0.11909485 -0.08831787 -0.25424194
v -0.11471558 -0.09066010 -0.33309937
v -0.09320831 -0.08685303 -0.28128052
v -0.15022278 -0.09225464 -0.29568481
v -0.16598511 -0.09522247 -0.36102295
v -0.14099121 -0.09294891 -0.35610962
v -0.08721161 -0.08834076 -0.33410645
v -0.06210327 -0.08501434 -0.31640625
v -0.06800842 -0.08828735 -0.35501099
v -0.03765869 -0.08216858 -0.30639648
v -0.03050423 -0.08249664 -0.32659912
v -0.05820847 -0.08928680 -0.38125610
v -0.00731945 -0.08787537 -0.36758423
v -0.07606506 -0.09426880 -0.42361450
v 0.00581408 -0.09342194 -0.41452026
v -0.09147644 -0.09291840 -0.38522339
v 0.00265574 -0.09678650 -0.44290161
v -0.13836670 -0.09502411 -0.38323975
v -0.19056702 -0.09860229 -0.39477539
v -0.09120941 -0.09582520 -0.42324829
v -0.08379364 -0.09719849 -0.44592285
v -0.15876770 -0.09831238 -0.40948486
v -0.18804932 -0.09088135 -0.41552734
v -0.11656189 -0.09791565 -0.42944336
v -0.09449005 -0.09758759 -0.44006348
v -0.12687683 -0.09210205 -0.44012451
v -0.17065430 -0.08681488 -0.43408203
v -0.20208740 -0.08363342 -0.42840576
v -0.08496857 -0.08877563 -0.47052002
v -0.04813766 -0.09719849 -0.44702148
v 0.00477505 -0.09075928 -0.45809937
v -0.07721710 -0.09729767 -0.44937134
v -0.03403473 -0.09217834 -0.45837402
v -0.04007721 -0.08637238 -0.47229004
v -0.00571585 -0.08190918 -0.47360229
v -0.02703667 -0.08149719 -0.47775269
v -0.00177026 -0.05928421 -0.47164917
v -0.05356979 -0.08110046 -0.48281860
v -0.00593805 -0.00737524 -0.46932983
v -0.05787659 -0.04914093 -0.48165894
v -0.09308624 -0.08077240 -0.49023438
v -0.05009079 -0.00472546 -0.47836304
v -0.00497198 0.02313805 -0.46798706
v -0.10383606 -0.08062744 -0.48565674
v -0.03516769 0.04389191 -0.47305298
v -0.00582170 0.05642319 -0.46697998
v -0.03599548 0.05665970 -0.47290039
v -0.06108475 0.05696869 -0.47772217
v -0.03344345 0.06221771 -0.46514893
v -0.00066268 0.06509399 -0.45471191
v -0.02651215 0.07218933 -0.44207764
v -0.09221649 0.00972843 -0.48611450
v -0.11303711 -0.02651787 -0.47927856
v -0.09170532 0.05698013 -0.48397827
v -0.07489014 0.05891800 -0.47796631
v -0.10475922 0.04171371 -0.47915649
v -0.08807373 0.06150818 -0.47378540
v -0.10336304 0.05738831 -0.47915649
v -0.12925720 0.05774307 -0.46844482
v -0.12536621 -0.00142217 -0.47253418
v -0.12062836 0.06337738 -0.45663452
v -0.14299011 0.05795670 -0.46261597
v -0.07756042 0.07310486 -0.44683838
v -0.13197327 -0.07895660 -0.47393799
v -0.11737061 -0.08025360 -0.48007202
v -0.14335632 -0.02937889 -0.46661377
v -0.13311768 -0.08017731 -0.47250366
v -0.14897156 -0.07866669 -0.46685791
v -0.15924072 -0.07963562 -0.46136475
v -0.16712952 -0.07797241 -0.45916748
v -0.17431641 -0.07913971 -0.45516968
v -0.18806458 -0.07887268 -0.44921875
v -0.20117188 -0.07870483 -0.44351196
v -0.18461609 -0.07767487 -0.45156860
v -0.19738770 -0.07744598 -0.44622803
v -0.21070862 -0.07711792 -0.44064331
v -0.18313599 -0.01905632 -0.44927979
v -0.21987915 -0.03429794 -0.43457031
v -0.20483398 0.02386093 -0.43826294
v -0.19920349 0.05834198 -0.43917847
v -0.16262817 0.02651596 -0.45578003
v -0.17329407 0.05830383 -0.45016479
v -0.15773010 0.05765152 -0.45657349
v -0.16731262 0.05945587 -0.44961548
v -0.22056580 0.06214905 -0.42224121
v -0.16719055 0.06676483 -0.43041992
v -0.10820007 0.07168579 -0.43945312
v -0.13150024 0.07646179 -0.42065430
v -0.18145752 0.07895660 -0.39761353
v -0.17947388 0.07870483 -0.37170410
v -0.08881378 0.07341766 -0.44180298
v -0.09358978 0.07413483 -0.43859863
v -0.13008118 0.07621002 -0.37817383
v -0.13220215 0.07598114 -0.35256958
v -0.15534973 0.07782745 -0.35745239
v -0.06848145 0.07121277 -0.40582275
v -0.10925293 0.07487488 -0.34121704
v -0.09799194 0.07688904 -0.28271484
v -0.14508057 0.07830811 -0.32931519
v -0.08988953 0.07356262 -0.33554077
v -0.09148407 0.07386780 -0.38815308
v -0.06469727 0.07099152 -0.34805298
v -0.06880951 0.07157898 -0.32241821
v -0.03427124 0.06735229 -0.34027100
v -0.00578547 0.06852722 -0.37249756
v -0.02577782 0.07178497 -0.43389893
v 0.00242782 0.07154846 -0.43991089
v -0.03784180 0.07242584 -0.44351196
v -0.05921173 0.07288361 -0.44509888

# 2494 UV coordinates
vt 0.55102539 0.85327148 0.00000000
vt 0.56542969 0.84497070 0.00000000
vt 0.55053711 0.86035156 0.00000000
vt 0.55224609 0.84155273 0.00000000
vt 0.54907227 0.84301758 0.00000000
vt 0.55297852 0.83203125 0.00000000
vt 0.54223633 0.85498047 0.00000000
vt 0.54711914 0.80957031 0.00000000
vt 0.54370117 0.86962891 0.00000000
vt 0.58666992 0.87133789 0.00000000
vt 0.59252930 0.86376953 0.00000000
vt 0.64062500 0.86718750 0.00000000
vt 0.60058594 0.85375977 0.00000000
vt 0.64135742 0.85742188 0.00000000
vt 0.64453125 0.85278320 0.00000000
vt 0.65307617 0.86157227 0.00000000
vt 0.62963867 0.83471680 0.00000000
vt 0.64331055 0.83691406 0.00000000
vt 0.59960938 0.82885742 0.00000000
vt 0.58911133 0.82275391 0.00000000
vt 0.62646484 0.80786133 0.00000000
vt 0.55395508 0.81738281 0.00000000
vt 0.55493164 0.80444336 0.00000000
vt 0.61035156 0.80175781 0.00000000
vt 0.55664062 0.78979492 0.00000000
vt 0.64477539 0.82177734 0.00000000
vt 0.64892578 0.83398438 0.00000000
vt 0.65771484 0.79541016 0.00000000
vt 0.66528320 0.81518555 0.00000000
vt 0.64672852 0.80053711 0.00000000
vt 0.64013672 0.77343750 0.00000000
vt 0.64843750 0.78466797 0.00000000
vt 0.66503906 0.79663086 0.00000000
vt 0.65039062 0.76391602 0.00000000
vt 0.66455078 0.76586914 0.00000000
vt 0.68627930 0.79809570 0.00000000
vt 0.62426758 0.78906250 0.00000000
vt 0.61889648 0.76147461 0.00000000
vt 0.62622070 0.77172852 0.00000000
vt 0.59204102 0.77978516 0.00000000
vt 0.56372070 0.77685547 0.00000000
vt 0.59814453 0.76611328 0.00000000
vt 0.65087891 0.75097656 0.00000000
vt 0.58325195 0.75878906 0.00000000
vt 0.55932617 0.75634766 0.00000000
vt 0.55834961 0.76733398 0.00000000
vt 0.54418945 0.76708984 0.00000000
vt 0.67724609 0.73950195 0.00000000
vt 0.68652344 0.71655273 0.00000000
vt 0.69946289 0.73828125 0.00000000
vt 0.65258789 0.72802734 0.00000000
vt 0.68652344 0.77197266 0.00000000
vt 0.73706055 0.76074219 0.00000000
vt 0.71655273 0.78149414 0.00000000
vt 0.63427734 0.73315430 0.00000000
vt 0.65405273 0.70751953 0.00000000
vt 0.61083984 0.74633789 0.00000000
vt 0.60864258 0.71337891 0.00000000
vt 0.57495117 0.74194336 0.00000000
vt 0.57983398 0.71508789 0.00000000
vt 0.54882812 0.72900391 0.00000000
vt 0.53906250 0.73022461 0.00000000
vt 0.53833008 0.70190430 0.00000000
vt 0.54321289 0.75561523 0.00000000
vt 0.53369141 0.74218750 0.00000000
vt 0.51953125 0.72387695 0.00000000
vt 0.51196289 0.70800781 0.00000000
vt 0.52319336 0.75781250 0.00000000
vt 0.54052734 0.76733398 0.00000000
vt 0.49243164 0.76123047 0.00000000
vt 0.49682617 0.72705078 0.00000000
vt 0.47998047 0.73071289 0.00000000
vt 0.45385742 0.76562500 0.00000000
vt 0.46191406 0.78125000 0.00000000
vt 0.51049805 0.77514648 0.00000000
vt 0.48950195 0.78076172 0.00000000
vt 0.45385742 0.79541016 0.00000000
vt 0.42797852 0.77148438 0.00000000
vt 0.43676758 0.79589844 0.00000000
vt 0.47924805 0.81787109 0.00000000
vt 0.44165039 0.80957031 0.00000000
vt 0.43383789 0.81054688 0.00000000
vt 0.42651367 0.79443359 0.00000000
vt 0.41333008 0.81298828 0.00000000
vt 0.45043945 0.83398438 0.00000000
vt 0.46264648 0.82299805 0.00000000
vt 0.47631836 0.84057617 0.00000000
vt 0.47656250 0.82421875 0.00000000
vt 0.49707031 0.84497070 0.00000000
vt 0.52001953 0.84936523 0.00000000
vt 0.51660156 0.85253906 0.00000000
vt 0.51416016 0.86889648 0.00000000
vt 0.50732422 0.82275391 0.00000000
vt 0.52978516 0.84594727 0.00000000
vt 0.52465820 0.84277344 0.00000000
vt 0.54541016 0.79467773 0.00000000
vt 0.52148438 0.79003906 0.00000000
vt 0.53173828 0.81005859 0.00000000
vt 0.53613281 0.78735352 0.00000000
vt 0.78417969 0.61401367 0.00000000
vt 0.81860352 0.61352539 0.00000000
vt 0.80688477 0.62670898 0.00000000
vt 0.84570312 0.62792969 0.00000000
vt 0.86889648 0.60986328 0.00000000
vt 0.78320312 0.63061523 0.00000000
vt 0.81250000 0.63989258 0.00000000
vt 0.77246094 0.62939453 0.00000000
vt 0.77539062 0.60302734 0.00000000
vt 0.76074219 0.62817383 0.00000000
vt 0.78271484 0.64086914 0.00000000
vt 0.76928711 0.65844727 0.00000000
vt 0.78222656 0.65332031 0.00000000
vt 0.78100586 0.67016602 0.00000000
vt 0.81079102 0.65136719 0.00000000
vt 0.78198242 0.66430664 0.00000000
vt 0.78076172 0.68359375 0.00000000
vt 0.81274414 0.66772461 0.00000000
vt 0.84155273 0.63598633 0.00000000
vt 0.83569336 0.64916992 0.00000000
vt 0.86743164 0.63452148 0.00000000
vt 0.86865234 0.61718750 0.00000000
vt 0.88159180 0.61083984 0.00000000
vt 0.87792969 0.63867188 0.00000000
vt 0.86718750 0.64013672 0.00000000
vt 0.86596680 0.64697266 0.00000000
vt 0.86694336 0.65087891 0.00000000
vt 0.86596680 0.66284180 0.00000000
vt 0.89550781 0.62255859 0.00000000
vt 0.89477539 0.61938477 0.00000000
vt 0.92211914 0.61743164 0.00000000
vt 0.87670898 0.67553711 0.00000000
vt 0.84204102 0.66821289 0.00000000
vt 0.86547852 0.67358398 0.00000000
vt 0.84204102 0.68041992 0.00000000
vt 0.80249023 0.69165039 0.00000000
vt 0.86499023 0.68457031 0.00000000
vt 0.85180664 0.69042969 0.00000000
vt 0.86425781 0.69262695 0.00000000
vt 0.86474609 0.69897461 0.00000000
vt 0.86376953 0.70581055 0.00000000
vt 0.83911133 0.70800781 0.00000000
vt 0.86352539 0.71606445 0.00000000
vt 0.87597656 0.71215820 0.00000000
vt 0.82690430 0.71337891 0.00000000
vt 0.81225586 0.70410156 0.00000000
vt 0.77978516 0.70190430 0.00000000
vt 0.77978516 0.69604492 0.00000000
vt 0.77954102 0.70947266 0.00000000
vt 0.77880859 0.71093750 0.00000000
vt 0.77636719 0.69482422 0.00000000
vt 0.77954102 0.71142578 0.00000000
vt 0.77001953 0.72485352 0.00000000
vt 0.86645508 0.72216797 0.00000000
vt 0.83154297 0.74243164 0.00000000
vt 0.76025391 0.74023438 0.00000000
vt 0.74829102 0.73291016 0.00000000
vt 0.87060547 0.73095703 0.00000000
vt 0.87622070 0.74145508 0.00000000
vt 0.87011719 0.72827148 0.00000000
vt 0.88867188 0.72631836 0.00000000
vt 0.75463867 0.71826172 0.00000000
vt 0.73706055 0.73608398 0.00000000
vt 0.76098633 0.70336914 0.00000000
vt 0.74243164 0.70214844 0.00000000
vt 0.72216797 0.73510742 0.00000000
vt 0.74584961 0.69702148 0.00000000
vt 0.75903320 0.67724609 0.00000000
vt 0.72192383 0.70141602 0.00000000
vt 0.71142578 0.72094727 0.00000000
vt 0.68750000 0.70263672 0.00000000
vt 0.73046875 0.69531250 0.00000000
vt 0.70312500 0.69262695 0.00000000
vt 0.72143555 0.68896484 0.00000000
vt 0.74926758 0.66625977 0.00000000
vt 0.75146484 0.64038086 0.00000000
vt 0.75390625 0.61425781 0.00000000
vt 0.74243164 0.64233398 0.00000000
vt 0.73486328 0.61865234 0.00000000
vt 0.73803711 0.68334961 0.00000000
vt 0.71826172 0.66186523 0.00000000
vt 0.71557617 0.62500000 0.00000000
vt 0.69189453 0.63208008 0.00000000
vt 0.70727539 0.65844727 0.00000000
vt 0.67187500 0.67236328 0.00000000
vt 0.65966797 0.64843750 0.00000000
vt 0.65234375 0.63427734 0.00000000
vt 0.63305664 0.66137695 0.00000000
vt 0.64794922 0.68017578 0.00000000
vt 0.66723633 0.68530273 0.00000000
vt 0.66650391 0.70214844 0.00000000
vt 0.64086914 0.70141602 0.00000000
vt 0.66577148 0.83911133 0.00000000
vt 0.66625977 0.85595703 0.00000000
vt 0.66967773 0.86279297 0.00000000
vt 0.69433594 0.84643555 0.00000000
vt 0.70581055 0.81201172 0.00000000
vt 0.73437500 0.80322266 0.00000000
vt 0.77001953 0.79638672 0.00000000
vt 0.73510742 0.81958008 0.00000000
vt 0.72583008 0.84155273 0.00000000
vt 0.75585938 0.82519531 0.00000000
vt 0.89575195 0.63793945 0.00000000
vt 0.89550781 0.66967773 0.00000000
vt 0.89550781 0.69921875 0.00000000
vt 0.90625000 0.69140625 0.00000000
vt 0.91601562 0.65917969 0.00000000
vt 0.92480469 0.63476562 0.00000000
vt 0.94995117 0.62768555 0.00000000
vt 0.95434570 0.64721680 0.00000000
vt 0.98217773 0.62939453 0.00000000
vt 0.98291016 0.64550781 0.00000000
vt 0.98876953 0.66699219 0.00000000
vt 0.92675781 0.67211914 0.00000000
vt 0.94750977 0.67968750 0.00000000
vt 0.92431641 0.67797852 0.00000000
vt 0.89794922 0.70361328 0.00000000
vt 0.91748047 0.70117188 0.00000000
vt 0.96801758 0.68920898 0.00000000
vt 0.99145508 0.68457031 0.00000000
vt 0.94213867 0.69604492 0.00000000
vt 0.97949219 0.70288086 0.00000000
vt 0.99853516 0.69165039 0.00000000
vt 0.98925781 0.71948242 0.00000000
vt 0.95849609 0.71752930 0.00000000
vt 0.95410156 0.70898438 0.00000000
vt 0.92944336 0.70385742 0.00000000
vt 0.91870117 0.71313477 0.00000000
vt 0.92578125 0.73217773 0.00000000
vt 0.90258789 0.71166992 0.00000000
vt 0.91015625 0.73242188 0.00000000
vt 0.89916992 0.71215820 0.00000000
vt 0.89721680 0.73193359 0.00000000
vt 0.89624023 0.70605469 0.00000000
vt 0.87695312 0.94702148 0.00000000
vt 0.86621094 0.91992188 0.00000000
vt 0.88159180 0.92822266 0.00000000
vt 0.87280273 0.90747070 0.00000000
vt 0.88867188 0.88769531 0.00000000
vt 0.90429688 0.91113281 0.00000000
vt 0.85864258 0.90014648 0.00000000
vt 0.88208008 0.88500977 0.00000000
vt 0.91528320 0.86865234 0.00000000
vt 0.89257812 0.86401367 0.00000000
vt 0.85278320 0.88525391 0.00000000
vt 0.85522461 0.91821289 0.00000000
vt 0.86669922 0.94824219 0.00000000
vt 0.84545898 0.92041016 0.00000000
vt 0.83984375 0.89526367 0.00000000
vt 0.84838867 0.88793945 0.00000000
vt 0.83325195 0.89965820 0.00000000
vt 0.83715820 0.89599609 0.00000000
vt 0.83984375 0.91723633 0.00000000
vt 0.85180664 0.93920898 0.00000000
vt 0.82885742 0.93945312 0.00000000
vt 0.83081055 0.90087891 0.00000000
vt 0.83105469 0.90063477 0.00000000
vt 0.82250977 0.89746094 0.00000000
vt 0.82861328 0.90136719 0.00000000
vt 0.82031250 0.91064453 0.00000000
vt 0.81811523 0.90673828 0.00000000
vt 0.81201172 0.94042969 0.00000000
vt 0.80981445 0.91992188 0.00000000
vt 0.80297852 0.92651367 0.00000000
vt 0.81567383 0.91455078 0.00000000
vt 0.80273438 0.91430664 0.00000000
vt 0.79174805 0.91918945 0.00000000
vt 0.80786133 0.91088867 0.00000000
vt 0.78735352 0.90429688 0.00000000
vt 0.80029297 0.88208008 0.00000000
vt 0.76928711 0.87841797 0.00000000
vt 0.76220703 0.92114258 0.00000000
vt 0.75195312 0.90771484 0.00000000
vt 0.76098633 0.86621094 0.00000000
vt 0.73999023 0.88452148 0.00000000
vt 0.77880859 0.86718750 0.00000000
vt 0.81030273 0.87695312 0.00000000
vt 0.83251953 0.87744141 0.00000000
vt 0.73779297 0.84936523 0.00000000
vt 0.73364258 0.87817383 0.00000000
vt 0.73583984 0.89916992 0.00000000
vt 0.71899414 0.89453125 0.00000000
vt 0.76000977 0.85473633 0.00000000
vt 0.74707031 0.84545898 0.00000000
vt 0.76513672 0.82812500 0.00000000
vt 0.78857422 0.83081055 0.00000000
vt 0.77929688 0.82080078 0.00000000
vt 0.83813477 0.77807617 0.00000000
vt 0.83691406 0.79638672 0.00000000
vt 0.79882812 0.84106445 0.00000000
vt 0.88256836 0.76733398 0.00000000
vt 0.87890625 0.74975586 0.00000000
vt 0.85180664 0.80297852 0.00000000
vt 0.81811523 0.84008789 0.00000000
vt 0.85571289 0.81616211 0.00000000
vt 0.82763672 0.84936523 0.00000000
vt 0.89233398 0.79321289 0.00000000
vt 0.87133789 0.82519531 0.00000000
vt 0.85449219 0.84594727 0.00000000
vt 0.87353516 0.85253906 0.00000000
vt 0.87939453 0.83642578 0.00000000
vt 0.90087891 0.84204102 0.00000000
vt 0.91284180 0.82543945 0.00000000
vt 0.91992188 0.84960938 0.00000000
vt 0.90698242 0.80590820 0.00000000
vt 0.90283203 0.79174805 0.00000000
vt 0.93017578 0.81494141 0.00000000
vt 0.89697266 0.77246094 0.00000000
vt 0.89233398 0.75708008 0.00000000
vt 0.88696289 0.73876953 0.00000000
vt 0.92138672 0.76538086 0.00000000
vt 0.91601562 0.74902344 0.00000000
vt 0.93017578 0.79125977 0.00000000
vt 0.93872070 0.81713867 0.00000000
vt 0.93945312 0.78369141 0.00000000
vt 0.93701172 0.76000977 0.00000000
vt 0.94042969 0.74218750 0.00000000
vt 0.96777344 0.75219727 0.00000000
vt 0.95263672 0.73999023 0.00000000
vt 0.96948242 0.79272461 0.00000000
vt 0.94750977 0.80346680 0.00000000
vt 0.97363281 0.80590820 0.00000000
vt 0.93969727 0.83959961 0.00000000
vt 0.95532227 0.82397461 0.00000000
vt 0.96264648 0.81689453 0.00000000
vt 0.97460938 0.83447266 0.00000000
vt 0.94433594 0.83496094 0.00000000
vt 0.93286133 0.84594727 0.00000000
vt 0.93896484 0.84619141 0.00000000
vt 0.94628906 0.84375000 0.00000000
vt 0.95507812 0.84326172 0.00000000
vt 0.95141602 0.85571289 0.00000000
vt 0.93090820 0.86816406 0.00000000
vt 0.96337891 0.84252930 0.00000000
vt 0.97387695 0.84985352 0.00000000
vt 0.97949219 0.87475586 0.00000000
vt 0.95117188 0.87133789 0.00000000
vt 0.96557617 0.89184570 0.00000000
vt 0.93847656 0.88110352 0.00000000
vt 0.94897461 0.89868164 0.00000000
vt 0.93676758 0.91333008 0.00000000
vt 0.97167969 0.84179688 0.00000000
vt 0.97802734 0.84130859 0.00000000
vt 0.98242188 0.83276367 0.00000000
vt 0.74536133 0.00000000 0.00000000
vt 0.72753906 0.01293945 0.00000000
vt 0.72021484 0.00073242 0.00000000
vt 0.69360352 0.50976562 0.00000000
vt 0.68725586 0.49340820 0.00000000
vt 0.70776367 0.49243164 0.00000000
vt 0.71044922 0.50390625 0.00000000
vt 0.72363281 0.48046875 0.00000000
vt 0.67382812 0.52905273 0.00000000
vt 0.72070312 0.51147461 0.00000000
vt 0.71313477 0.51611328 0.00000000
vt 0.73071289 0.48779297 0.00000000
vt 0.72387695 0.51440430 0.00000000
vt 0.74145508 0.49145508 0.00000000
vt 0.71606445 0.53002930 0.00000000
vt 0.70361328 0.54003906 0.00000000
vt 0.71801758 0.53735352 0.00000000
vt 0.74218750 0.52001953 0.00000000
vt 0.68334961 0.54882812 0.00000000
vt 0.70239258 0.56152344 0.00000000
vt 0.65722656 0.54833984 0.00000000
vt 0.72045898 0.54956055 0.00000000
vt 0.65673828 0.56762695 0.00000000
vt 0.68579102 0.58349609 0.00000000
vt 0.72241211 0.55737305 0.00000000
vt 0.72119141 0.54907227 0.00000000
vt 0.73193359 0.54077148 0.00000000
vt 0.72363281 0.55883789 0.00000000
vt 0.72485352 0.56738281 0.00000000
vt 0.70605469 0.58178711 0.00000000
vt 0.73266602 0.57055664 0.00000000
vt 0.72729492 0.57812500 0.00000000
vt 0.69116211 0.60058594 0.00000000
vt 0.74023438 0.54492188 0.00000000
vt 0.74804688 0.51733398 0.00000000
vt 0.75512695 0.54833984 0.00000000
vt 0.74584961 0.50976562 0.00000000
vt 0.75659180 0.49560547 0.00000000
vt 0.75756836 0.51757812 0.00000000
vt 0.77661133 0.50781250 0.00000000
vt 0.79223633 0.49047852 0.00000000
vt 0.76953125 0.54223633 0.00000000
vt 0.80273438 0.52050781 0.00000000
vt 0.82055664 0.50122070 0.00000000
vt 0.77929688 0.53344727 0.00000000
vt 0.78027344 0.56225586 0.00000000
vt 0.80053711 0.54907227 0.00000000
vt 0.82373047 0.53051758 0.00000000
vt 0.83325195 0.50537109 0.00000000
vt 0.83740234 0.47729492 0.00000000
vt 0.83959961 0.51977539 0.00000000
vt 0.76171875 0.57714844 0.00000000
vt 0.85009766 0.51171875 0.00000000
vt 0.85180664 0.49804688 0.00000000
vt 0.83740234 0.52880859 0.00000000
vt 0.84887695 0.53222656 0.00000000
vt 0.85498047 0.53540039 0.00000000
vt 0.85131836 0.55175781 0.00000000
vt 0.82104492 0.55273438 0.00000000
vt 0.82958984 0.56689453 0.00000000
vt 0.79980469 0.56396484 0.00000000
vt 0.79516602 0.56054688 0.00000000
vt 0.76538086 0.57958984 0.00000000
vt 0.80859375 0.57373047 0.00000000
vt 0.78686523 0.59130859 0.00000000
vt 0.77197266 0.59228516 0.00000000
vt 0.75048828 0.59741211 0.00000000
vt 0.73071289 0.59155273 0.00000000
vt 0.72924805 0.58496094 0.00000000
vt 0.73193359 0.59765625 0.00000000
vt 0.73657227 0.61254883 0.00000000
vt 0.73388672 0.60742188 0.00000000
vt 0.69873047 0.61401367 0.00000000
vt 0.73022461 0.59179688 0.00000000
vt 0.65136719 0.60937500 0.00000000
vt 0.65014648 0.60620117 0.00000000
vt 0.64941406 0.61767578 0.00000000
vt 0.63061523 0.61621094 0.00000000
vt 0.65234375 0.59179688 0.00000000
vt 0.61572266 0.60986328 0.00000000
vt 0.64794922 0.59692383 0.00000000
vt 0.61328125 0.61523438 0.00000000
vt 0.64550781 0.58642578 0.00000000
vt 0.63354492 0.58056641 0.00000000
vt 0.62670898 0.59033203 0.00000000
vt 0.59252930 0.60546875 0.00000000
vt 0.58715820 0.61547852 0.00000000
vt 0.60668945 0.57324219 0.00000000
vt 0.59399414 0.58227539 0.00000000
vt 0.56542969 0.60156250 0.00000000
vt 0.54907227 0.61474609 0.00000000
vt 0.60009766 0.54931641 0.00000000
vt 0.57470703 0.58081055 0.00000000
vt 0.54663086 0.59765625 0.00000000
vt 0.52270508 0.59863281 0.00000000
vt 0.51367188 0.60766602 0.00000000
vt 0.50537109 0.59106445 0.00000000
vt 0.49926758 0.61132812 0.00000000
vt 0.52001953 0.57543945 0.00000000
vt 0.49218750 0.57080078 0.00000000
vt 0.53759766 0.55712891 0.00000000
vt 0.55175781 0.54199219 0.00000000
vt 0.56909180 0.55078125 0.00000000
vt 0.58081055 0.53710938 0.00000000
vt 0.58911133 0.56127930 0.00000000
vt 0.59790039 0.53881836 0.00000000
vt 0.60888672 0.52880859 0.00000000
vt 0.62451172 0.54638672 0.00000000
vt 0.61425781 0.51855469 0.00000000
vt 0.62817383 0.51513672 0.00000000
vt 0.63183594 0.53051758 0.00000000
vt 0.63378906 0.53857422 0.00000000
vt 0.65283203 0.53222656 0.00000000
vt 0.63598633 0.54809570 0.00000000
vt 0.63867188 0.55981445 0.00000000
vt 0.64111328 0.56713867 0.00000000
vt 0.64135742 0.57226562 0.00000000
vt 0.97973633 0.09765625 0.00000000
vt 0.98168945 0.07983398 0.00000000
vt 0.99096680 0.09692383 0.00000000
vt 0.97363281 0.09448242 0.00000000
vt 0.97509766 0.08349609 0.00000000
vt 0.97363281 0.08715820 0.00000000
vt 0.97607422 0.07446289 0.00000000
vt 0.97460938 0.08032227 0.00000000
vt 0.97265625 0.08496094 0.00000000
vt 0.97143555 0.09252930 0.00000000
vt 0.97119141 0.08691406 0.00000000
vt 0.97265625 0.07885742 0.00000000
vt 0.96166992 0.08227539 0.00000000
vt 0.97485352 0.07055664 0.00000000
vt 0.97558594 0.06250000 0.00000000
vt 0.99243164 0.07519531 0.00000000
vt 0.97436523 0.04785156 0.00000000
vt 0.97460938 0.06103516 0.00000000
vt 0.97314453 0.07055664 0.00000000
vt 0.97167969 0.06787109 0.00000000
vt 0.97216797 0.05981445 0.00000000
vt 0.95898438 0.05664062 0.00000000
vt 0.94018555 0.06274414 0.00000000
vt 0.97143555 0.05029297 0.00000000
vt 0.94213867 0.05761719 0.00000000
vt 0.92651367 0.06005859 0.00000000
vt 0.96289062 0.04931641 0.00000000
vt 0.97045898 0.04760742 0.00000000
vt 0.94506836 0.04077148 0.00000000
vt 0.94018555 0.02905273 0.00000000
vt 0.92919922 0.02539062 0.00000000
vt 0.95507812 0.02758789 0.00000000
vt 0.94506836 0.01757812 0.00000000
vt 0.94067383 0.01171875 0.00000000
vt 0.94848633 0.02099609 0.00000000
vt 0.95166016 0.02075195 0.00000000
vt 0.94628906 0.01635742 0.00000000
vt 0.94262695 0.01171875 0.00000000
vt 0.94311523 0.01098633 0.00000000
vt 0.94873047 0.01708984 0.00000000
vt 0.97363281 0.01196289 0.00000000
vt 0.95678711 0.02368164 0.00000000
vt 0.95874023 0.02734375 0.00000000
vt 0.96289062 0.03564453 0.00000000
vt 0.96166992 0.03588867 0.00000000
vt 0.96704102 0.04199219 0.00000000
vt 0.96582031 0.03466797 0.00000000
vt 0.96191406 0.02954102 0.00000000
vt 0.96997070 0.04052734 0.00000000
vt 0.97290039 0.04467773 0.00000000
vt 0.96850586 0.03735352 0.00000000
vt 0.97680664 0.03637695 0.00000000
vt 0.98999023 0.03295898 0.00000000
vt 0.99096680 0.02124023 0.00000000
vt 0.97680664 0.02490234 0.00000000
vt 0.96875000 0.02441406 0.00000000
vt 0.56982422 0.90527344 0.00000000
vt 0.58935547 0.91308594 0.00000000
vt 0.57495117 0.91748047 0.00000000
vt 0.60424805 0.90454102 0.00000000
vt 0.58300781 0.91674805 0.00000000
vt 0.58300781 0.91992188 0.00000000
vt 0.57543945 0.92114258 0.00000000
vt 0.59399414 0.91381836 0.00000000
vt 0.58813477 0.92065430 0.00000000
vt 0.59545898 0.91772461 0.00000000
vt 0.57543945 0.93041992 0.00000000
vt 0.60058594 0.92797852 0.00000000
vt 0.60717773 0.91064453 0.00000000
vt 0.60571289 0.91186523 0.00000000
vt 0.60473633 0.91699219 0.00000000
vt 0.60864258 0.91503906 0.00000000
vt 0.62304688 0.90600586 0.00000000
vt 0.59960938 0.89794922 0.00000000
vt 0.61889648 0.91503906 0.00000000
vt 0.60913086 0.93896484 0.00000000
vt 0.62011719 0.91333008 0.00000000
vt 0.61889648 0.90966797 0.00000000
vt 0.61914062 0.93505859 0.00000000
vt 0.61767578 0.95849609 0.00000000
vt 0.62304688 0.91357422 0.00000000
vt 0.62255859 0.93383789 0.00000000
vt 0.62402344 0.95190430 0.00000000
vt 0.63574219 0.92675781 0.00000000
vt 0.64331055 0.95361328 0.00000000
vt 0.62377930 0.90698242 0.00000000
vt 0.62939453 0.91430664 0.00000000
vt 0.63134766 0.90942383 0.00000000
vt 0.63134766 0.90307617 0.00000000
vt 0.62646484 0.88671875 0.00000000
vt 0.63305664 0.91357422 0.00000000
vt 0.63647461 0.91625977 0.00000000
vt 0.63354492 0.88891602 0.00000000
vt 0.64282227 0.91748047 0.00000000
vt 0.63696289 0.91088867 0.00000000
vt 0.64648438 0.89477539 0.00000000
vt 0.64965820 0.87963867 0.00000000
vt 0.64428711 0.90527344 0.00000000
vt 0.64331055 0.91333008 0.00000000
vt 0.65551758 0.90185547 0.00000000
vt 0.65405273 0.91601562 0.00000000
vt 0.65136719 0.91699219 0.00000000
vt 0.64990234 0.92041016 0.00000000
vt 0.65625000 0.92211914 0.00000000
vt 0.65283203 0.92260742 0.00000000
vt 0.66455078 0.92382812 0.00000000
vt 0.66040039 0.94335938 0.00000000
vt 0.66772461 0.96459961 0.00000000
vt 0.66284180 0.91894531 0.00000000
vt 0.67309570 0.92578125 0.00000000
vt 0.68310547 0.94580078 0.00000000
vt 0.66894531 0.92187500 0.00000000
vt 0.66235352 0.91748047 0.00000000
vt 0.67163086 0.92163086 0.00000000
vt 0.67846680 0.92431641 0.00000000
vt 0.68139648 0.92626953 0.00000000
vt 0.67724609 0.91967773 0.00000000
vt 0.68432617 0.92431641 0.00000000
vt 0.69384766 0.92871094 0.00000000
vt 0.67163086 0.90576172 0.00000000
vt 0.69213867 0.91772461 0.00000000
vt 0.69555664 0.92651367 0.00000000
vt 0.66894531 0.89819336 0.00000000
vt 0.68408203 0.89599609 0.00000000
vt 0.66552734 0.88745117 0.00000000
vt 0.67797852 0.87915039 0.00000000
vt 0.65649414 0.86840820 0.00000000
vt 0.69628906 0.88916016 0.00000000
vt 0.69262695 0.87475586 0.00000000
vt 0.68847656 0.85913086 0.00000000
vt 0.70312500 0.85253906 0.00000000
vt 0.70825195 0.86572266 0.00000000
vt 0.71386719 0.88012695 0.00000000
vt 0.71166992 0.91967773 0.00000000
vt 0.71166992 0.93115234 0.00000000
vt 0.70898438 0.93701172 0.00000000
vt 0.72070312 0.94433594 0.00000000
vt 0.71069336 0.94067383 0.00000000
vt 0.69506836 0.93334961 0.00000000
vt 0.71020508 0.94458008 0.00000000
vt 0.72558594 0.95410156 0.00000000
vt 0.67993164 0.95581055 0.00000000
vt 0.66577148 0.96997070 0.00000000
vt 0.69921875 0.94946289 0.00000000
vt 0.69189453 0.97534180 0.00000000
vt 0.71118164 0.96093750 0.00000000
vt 0.72192383 0.97241211 0.00000000
vt 0.74389648 0.96777344 0.00000000
vt 0.84204102 0.95336914 0.00000000
vt 0.82666016 0.95751953 0.00000000
vt 0.82006836 0.94921875 0.00000000
vt 0.84350586 0.96557617 0.00000000
vt 0.82543945 0.96484375 0.00000000
vt 0.83203125 0.96923828 0.00000000
vt 0.82788086 0.98657227 0.00000000
vt 0.84301758 0.98168945 0.00000000
vt 0.85791016 0.96435547 0.00000000
vt 0.87719727 0.95385742 0.00000000
vt 0.86865234 0.97509766 0.00000000
vt 0.87866211 0.96484375 0.00000000
vt 0.87695312 0.96948242 0.00000000
vt 0.88378906 0.96557617 0.00000000
vt 0.88110352 0.95874023 0.00000000
vt 0.87915039 0.95361328 0.00000000
vt 0.88598633 0.96362305 0.00000000
vt 0.89453125 0.94091797 0.00000000
vt 0.88012695 0.97094727 0.00000000
vt 0.87451172 0.97827148 0.00000000
vt 0.86669922 0.98413086 0.00000000
vt 0.88403320 0.97851562 0.00000000
vt 0.89282227 0.97583008 0.00000000
vt 0.88891602 0.98461914 0.00000000
vt 0.90063477 0.97949219 0.00000000
vt 0.90527344 0.98828125 0.00000000
vt 0.88989258 0.96289062 0.00000000
vt 0.91088867 0.98461914 0.00000000
vt 0.90112305 0.94580078 0.00000000
vt 0.90844727 0.92041016 0.00000000
vt 0.91064453 0.91674805 0.00000000
vt 0.92871094 0.96630859 0.00000000
vt 0.93481445 0.94091797 0.00000000
vt 0.93701172 0.99194336 0.00000000
vt 0.93701172 0.97021484 0.00000000
vt 0.55932617 0.26757812 0.00000000
vt 0.56835938 0.27001953 0.00000000
vt 0.54833984 0.29150391 0.00000000
vt 0.55566406 0.31884766 0.00000000
vt 0.53637695 0.27075195 0.00000000
vt 0.53833008 0.31787109 0.00000000
vt 0.55273438 0.35742188 0.00000000
vt 0.54785156 0.35815430 0.00000000
vt 0.53222656 0.35791016 0.00000000
vt 0.51367188 0.37426758 0.00000000
vt 0.55810547 0.37939453 0.00000000
vt 0.54248047 0.40063477 0.00000000
vt 0.52148438 0.32128906 0.00000000
vt 0.51684570 0.28271484 0.00000000
vt 0.51782227 0.35864258 0.00000000
vt 0.50756836 0.32226562 0.00000000
vt 0.49365234 0.36108398 0.00000000
vt 0.48608398 0.30932617 0.00000000
vt 0.49121094 0.33740234 0.00000000
vt 0.47460938 0.36108398 0.00000000
vt 0.46508789 0.33251953 0.00000000
vt 0.48486328 0.36962891 0.00000000
vt 0.49780273 0.27050781 0.00000000
vt 0.47387695 0.39160156 0.00000000
vt 0.51342773 0.26928711 0.00000000
vt 0.51782227 0.26757812 0.00000000
vt 0.51538086 0.25390625 0.00000000
vt 0.50561523 0.26831055 0.00000000
vt 0.55883789 0.24609375 0.00000000
vt 0.49951172 0.26538086 0.00000000
vt 0.53295898 0.22412109 0.00000000
vt 0.55639648 0.22631836 0.00000000
vt 0.49511719 0.26831055 0.00000000
vt 0.48681641 0.26977539 0.00000000
vt 0.48632812 0.24316406 0.00000000
vt 0.48120117 0.26757812 0.00000000
vt 0.45678711 0.25390625 0.00000000
vt 0.46826172 0.29003906 0.00000000
vt 0.47558594 0.26855469 0.00000000
vt 0.46044922 0.26806641 0.00000000
vt 0.42993164 0.25756836 0.00000000
vt 0.45922852 0.27221680 0.00000000
vt 0.44409180 0.27026367 0.00000000
vt 0.42919922 0.26977539 0.00000000
vt 0.43725586 0.22387695 0.00000000
vt 0.43603516 0.28833008 0.00000000
vt 0.43725586 0.32812500 0.00000000
vt 0.42285156 0.32128906 0.00000000
vt 0.43945312 0.35986328 0.00000000
vt 0.42041016 0.35546875 0.00000000
vt 0.45971680 0.35937500 0.00000000
vt 0.45703125 0.36059570 0.00000000
vt 0.46630859 0.36108398 0.00000000
vt 0.44335938 0.38061523 0.00000000
vt 0.43164062 0.36596680 0.00000000
vt 0.43188477 0.39843750 0.00000000
vt 0.44824219 0.40161133 0.00000000
vt 0.43603516 0.42236328 0.00000000
vt 0.48681641 0.40063477 0.00000000
vt 0.45898438 0.42871094 0.00000000
vt 0.51855469 0.40014648 0.00000000
vt 0.52050781 0.42065430 0.00000000
vt 0.53906250 0.41625977 0.00000000
vt 0.45849609 0.45434570 0.00000000
vt 0.47045898 0.45043945 0.00000000
vt 0.51562500 0.43286133 0.00000000
vt 0.53100586 0.44580078 0.00000000
vt 0.47875977 0.45947266 0.00000000
vt 0.44677734 0.46215820 0.00000000
vt 0.42895508 0.43676758 0.00000000
vt 0.50170898 0.46142578 0.00000000
vt 0.46655273 0.47143555 0.00000000
vt 0.46044922 0.48266602 0.00000000
vt 0.49023438 0.48535156 0.00000000
vt 0.46728516 0.48193359 0.00000000
vt 0.49902344 0.47192383 0.00000000
vt 0.53149414 0.46362305 0.00000000
vt 0.54418945 0.45166016 0.00000000
vt 0.52954102 0.49169922 0.00000000
vt 0.53930664 0.50585938 0.00000000
vt 0.51635742 0.49609375 0.00000000
vt 0.50219727 0.49438477 0.00000000
vt 0.53369141 0.50903320 0.00000000
vt 0.52368164 0.51391602 0.00000000
vt 0.44580078 0.07348633 0.00000000
vt 0.43798828 0.07226562 0.00000000
vt 0.45214844 0.06811523 0.00000000
vt 0.45556641 0.04370117 0.00000000
vt 0.42797852 0.06176758 0.00000000
vt 0.42749023 0.09033203 0.00000000
vt 0.42431641 0.08593750 0.00000000
vt 0.42309570 0.06542969 0.00000000
vt 0.44213867 0.08520508 0.00000000
vt 0.43334961 0.08911133 0.00000000
vt 0.44897461 0.08764648 0.00000000
vt 0.43359375 0.09106445 0.00000000
vt 0.42504883 0.09252930 0.00000000
vt 0.42724609 0.09179688 0.00000000
vt 0.43579102 0.11230469 0.00000000
vt 0.41845703 0.09033203 0.00000000
vt 0.43017578 0.12109375 0.00000000
vt 0.45629883 0.13403320 0.00000000
vt 0.41748047 0.15307617 0.00000000
vt 0.41601562 0.12890625 0.00000000
vt 0.40795898 0.14575195 0.00000000
vt 0.40795898 0.16455078 0.00000000
vt 0.40356445 0.14550781 0.00000000
vt 0.39868164 0.13916016 0.00000000
vt 0.40771484 0.16430664 0.00000000
vt 0.39160156 0.11059570 0.00000000
vt 0.36279297 0.15576172 0.00000000
vt 0.34643555 0.11889648 0.00000000
vt 0.40600586 0.07275391 0.00000000
vt 0.44604492 0.04760742 0.00000000
vt 0.36328125 0.10424805 0.00000000
vt 0.36669922 0.07128906 0.00000000
vt 0.33374023 0.08984375 0.00000000
vt 0.34106445 0.12353516 0.00000000
vt 0.35302734 0.05151367 0.00000000
vt 0.36035156 0.04272461 0.00000000
vt 0.31567383 0.06738281 0.00000000
vt 0.32885742 0.03784180 0.00000000
vt 0.32226562 0.08496094 0.00000000
vt 0.32910156 0.11547852 0.00000000
vt 0.28540039 0.05322266 0.00000000
vt 0.31030273 0.08569336 0.00000000
vt 0.30834961 0.09936523 0.00000000
vt 0.28710938 0.07348633 0.00000000
vt 0.28686523 0.08520508 0.00000000
vt 0.52636719 0.19775391 0.00000000
vt 0.55541992 0.19873047 0.00000000
vt 0.53955078 0.16577148 0.00000000
vt 0.55297852 0.15942383 0.00000000
vt 0.53320312 0.14599609 0.00000000
vt 0.55004883 0.12158203 0.00000000
vt 0.51074219 0.16162109 0.00000000
vt 0.50610352 0.14648438 0.00000000
vt 0.51782227 0.11791992 0.00000000
vt 0.49047852 0.13940430 0.00000000
vt 0.48583984 0.14965820 0.00000000
vt 0.46801758 0.15332031 0.00000000
vt 0.48022461 0.16552734 0.00000000
vt 0.44702148 0.16235352 0.00000000
vt 0.47656250 0.18066406 0.00000000
vt 0.43041992 0.19213867 0.00000000
vt 0.42529297 0.15625000 0.00000000
vt 0.49536133 0.22583008 0.00000000
vt 0.47070312 0.19555664 0.00000000
vt 0.45898438 0.22534180 0.00000000
vt 0.45068359 0.19555664 0.00000000
vt 0.43896484 0.20288086 0.00000000
vt 0.43041992 0.22900391 0.00000000
vt 0.98754883 0.58081055 0.00000000
vt 0.99169922 0.57324219 0.00000000
vt 1.00000000 0.58715820 0.00000000
vt 0.98583984 0.56909180 0.00000000
vt 0.95825195 0.58935547 0.00000000
vt 0.95776367 0.60083008 0.00000000
vt 0.99096680 0.56518555 0.00000000
vt 0.99121094 0.56640625 0.00000000
vt 0.98437500 0.56860352 0.00000000
vt 0.97045898 0.57470703 0.00000000
vt 0.98168945 0.56298828 0.00000000
vt 0.98583984 0.54809570 0.00000000
vt 0.94116211 0.59765625 0.00000000
vt 0.98046875 0.54150391 0.00000000
vt 0.98046875 0.53588867 0.00000000
vt 0.95483398 0.58422852 0.00000000
vt 0.90991211 0.61083984 0.00000000
vt 0.95043945 0.57421875 0.00000000
vt 0.93554688 0.59692383 0.00000000
vt 0.97656250 0.55126953 0.00000000
vt 0.93823242 0.59350586 0.00000000
vt 0.92187500 0.60131836 0.00000000
vt 0.92871094 0.58935547 0.00000000
vt 0.90942383 0.58691406 0.00000000
vt 0.94653320 0.56469727 0.00000000
vt 0.91015625 0.60351562 0.00000000
vt 0.91210938 0.60058594 0.00000000
vt 0.90649414 0.60522461 0.00000000
vt 0.90844727 0.61279297 0.00000000
vt 0.90380859 0.61230469 0.00000000
vt 0.90283203 0.61010742 0.00000000
vt 0.90209961 0.60961914 0.00000000
vt 0.90502930 0.60229492 0.00000000
vt 0.89794922 0.60156250 0.00000000
vt 0.89965820 0.59521484 0.00000000
vt 0.89892578 0.59252930 0.00000000
vt 0.89355469 0.58593750 0.00000000
vt 0.90332031 0.59204102 0.00000000
vt 0.88916016 0.57739258 0.00000000
vt 0.89111328 0.57299805 0.00000000
vt 0.89648438 0.56787109 0.00000000
vt 0.88305664 0.56005859 0.00000000
vt 0.88623047 0.57446289 0.00000000
vt 0.87548828 0.57641602 0.00000000
vt 0.88867188 0.54956055 0.00000000
vt 0.90502930 0.56787109 0.00000000
vt 0.92333984 0.56762695 0.00000000
vt 0.90258789 0.55541992 0.00000000
vt 0.92602539 0.55224609 0.00000000
vt 0.88427734 0.53515625 0.00000000
vt 0.90087891 0.52465820 0.00000000
vt 0.87255859 0.53222656 0.00000000
vt 0.91503906 0.53222656 0.00000000
vt 0.93530273 0.50537109 0.00000000
vt 0.93701172 0.53784180 0.00000000
vt 0.87475586 0.54345703 0.00000000
vt 0.86987305 0.53198242 0.00000000
vt 0.86743164 0.53125000 0.00000000
vt 0.86181641 0.54101562 0.00000000
vt 0.85400391 0.56274414 0.00000000
vt 0.87353516 0.58935547 0.00000000
vt 0.85009766 0.58325195 0.00000000
vt 0.87500000 0.59423828 0.00000000
vt 0.96533203 0.53540039 0.00000000
vt 0.95678711 0.52221680 0.00000000
vt 0.94482422 0.49877930 0.00000000
vt 0.97290039 0.51977539 0.00000000
vt 0.95971680 0.49536133 0.00000000
vt 0.95727539 0.49121094 0.00000000
vt 0.97607422 0.49169922 0.00000000
vt 0.97460938 0.52001953 0.00000000
vt 0.99340820 0.51000977 0.00000000
vt 0.12304688 0.47583008 0.00000000
vt 0.13598633 0.46533203 0.00000000
vt 0.11938477 0.49194336 0.00000000
vt 0.12866211 0.45556641 0.00000000
vt 0.12036133 0.47265625 0.00000000
vt 0.11132812 0.49194336 0.00000000
vt 0.10913086 0.45458984 0.00000000
vt 0.11010742 0.44189453 0.00000000
vt 0.10986328 0.46923828 0.00000000
vt 0.10400391 0.46777344 0.00000000
vt 0.09814453 0.44335938 0.00000000
vt 0.08325195 0.42749023 0.00000000
vt 0.08911133 0.42749023 0.00000000
vt 0.08398438 0.45605469 0.00000000
vt 0.07519531 0.41796875 0.00000000
vt 0.09350586 0.49365234 0.00000000
vt 0.10351562 0.50048828 0.00000000
vt 0.09375000 0.50195312 0.00000000
vt 0.08911133 0.47656250 0.00000000
vt 0.08496094 0.49780273 0.00000000
vt 0.09985352 0.51220703 0.00000000
vt 0.07690430 0.47094727 0.00000000
vt 0.07641602 0.51342773 0.00000000
vt 0.07470703 0.44067383 0.00000000
vt 0.06420898 0.44555664 0.00000000
vt 0.05932617 0.41552734 0.00000000
vt 0.07739258 0.50048828 0.00000000
vt 0.06738281 0.48022461 0.00000000
vt 0.06640625 0.50537109 0.00000000
vt 0.05517578 0.47363281 0.00000000
vt 0.05664062 0.44750977 0.00000000
vt 0.05615234 0.41699219 0.00000000
vt 0.05981445 0.40673828 0.00000000
vt 0.05053711 0.43603516 0.00000000
vt 0.04809570 0.42358398 0.00000000
vt 0.04663086 0.39843750 0.00000000
vt 0.04443359 0.41259766 0.00000000
vt 0.02465820 0.40502930 0.00000000
vt 0.04150391 0.42651367 0.00000000
vt 0.03784180 0.45190430 0.00000000
vt 0.03198242 0.44946289 0.00000000
vt 0.03369141 0.47778320 0.00000000
vt 0.04443359 0.45922852 0.00000000
vt 0.03735352 0.48535156 0.00000000
vt 0.05053711 0.51220703 0.00000000
vt 0.03100586 0.50952148 0.00000000
vt 0.02758789 0.48193359 0.00000000
vt 0.02929688 0.52026367 0.00000000
vt 0.02563477 0.50195312 0.00000000
vt 0.05493164 0.51513672 0.00000000
vt 0.03564453 0.52368164 0.00000000
vt 0.05664062 0.51831055 0.00000000
vt 0.09130859 0.51611328 0.00000000
vt 0.08081055 0.52050781 0.00000000
vt 0.05004883 0.53613281 0.00000000
vt 0.04272461 0.56005859 0.00000000
vt 0.03222656 0.53442383 0.00000000
vt 0.02368164 0.52465820 0.00000000
vt 0.02783203 0.55615234 0.00000000
vt 0.34448242 0.29907227 0.00000000
vt 0.35351562 0.31811523 0.00000000
vt 0.34936523 0.31909180 0.00000000
vt 0.36499023 0.33984375 0.00000000
vt 0.35937500 0.29418945 0.00000000
vt 0.30444336 0.32690430 0.00000000
vt 0.32543945 0.33520508 0.00000000
vt 0.29321289 0.30566406 0.00000000
vt 0.33789062 0.27172852 0.00000000
vt 0.29052734 0.32836914 0.00000000
vt 0.30859375 0.28149414 0.00000000
vt 0.26806641 0.32104492 0.00000000
vt 0.27929688 0.28076172 0.00000000
vt 0.29833984 0.27197266 0.00000000
vt 0.32592773 0.26977539 0.00000000
vt 0.33569336 0.26025391 0.00000000
vt 0.30981445 0.26123047 0.00000000
vt 0.26660156 0.26757812 0.00000000
vt 0.33691406 0.25903320 0.00000000
vt 0.28198242 0.26025391 0.00000000
vt 0.31665039 0.25927734 0.00000000
vt 0.29125977 0.25878906 0.00000000
vt 0.26977539 0.25756836 0.00000000
vt 0.31298828 0.24658203 0.00000000
vt 0.28222656 0.23486328 0.00000000
vt 0.33032227 0.24951172 0.00000000
vt 0.25366211 0.25854492 0.00000000
vt 0.35815430 0.25415039 0.00000000
vt 0.34667969 0.24975586 0.00000000
vt 0.34887695 0.24877930 0.00000000
vt 0.35034180 0.24365234 0.00000000
vt 0.42041016 0.27172852 0.00000000
vt 0.34057617 0.21875000 0.00000000
vt 0.36254883 0.24218750 0.00000000
vt 0.35791016 0.23828125 0.00000000
vt 0.36206055 0.23168945 0.00000000
vt 0.36376953 0.23608398 0.00000000
vt 0.41723633 0.32739258 0.00000000
vt 0.39624023 0.37231445 0.00000000
vt 0.36352539 0.23486328 0.00000000
vt 0.36938477 0.22900391 0.00000000
vt 0.36914062 0.35693359 0.00000000
vt 0.39233398 0.24414062 0.00000000
vt 0.34375000 0.36791992 0.00000000
vt 0.39770508 0.23437500 0.00000000
vt 0.40063477 0.21630859 0.00000000
vt 0.37866211 0.22119141 0.00000000
vt 0.39550781 0.21264648 0.00000000
vt 0.39501953 0.20263672 0.00000000
vt 0.42358398 0.19921875 0.00000000
vt 0.39355469 0.20629883 0.00000000
vt 0.38891602 0.21069336 0.00000000
vt 0.37207031 0.22192383 0.00000000
vt 0.39062500 0.20361328 0.00000000
vt 0.37548828 0.21582031 0.00000000
vt 0.36718750 0.22216797 0.00000000
vt 0.38378906 0.21166992 0.00000000
vt 0.35693359 0.20776367 0.00000000
vt 0.37060547 0.21582031 0.00000000
vt 0.38110352 0.20825195 0.00000000
vt 0.39282227 0.19775391 0.00000000
vt 0.39892578 0.18554688 0.00000000
vt 0.36865234 0.16137695 0.00000000
vt 0.39916992 0.16479492 0.00000000
vt 0.35644531 0.16186523 0.00000000
vt 0.32348633 0.16113281 0.00000000
vt 0.31860352 0.15698242 0.00000000
vt 0.37304688 0.18847656 0.00000000
vt 0.38964844 0.20019531 0.00000000
vt 0.38232422 0.20434570 0.00000000
vt 0.38403320 0.19921875 0.00000000
vt 0.37915039 0.20288086 0.00000000
vt 0.31347656 0.16772461 0.00000000
vt 0.28857422 0.17065430 0.00000000
vt 0.31250000 0.21875000 0.00000000
vt 0.27709961 0.19287109 0.00000000
vt 0.24707031 0.20214844 0.00000000
vt 0.25244141 0.24243164 0.00000000
vt 0.22436523 0.21899414 0.00000000
vt 0.23876953 0.24804688 0.00000000
vt 0.25415039 0.25683594 0.00000000
vt 0.23828125 0.25732422 0.00000000
vt 0.22412109 0.24609375 0.00000000
vt 0.23461914 0.25927734 0.00000000
vt 0.23095703 0.26342773 0.00000000
vt 0.22216797 0.27954102 0.00000000
vt 0.25708008 0.28051758 0.00000000
vt 0.25317383 0.29907227 0.00000000
vt 0.22534180 0.30810547 0.00000000
vt 0.24707031 0.31689453 0.00000000
vt 0.22802734 0.36499023 0.00000000
vt 0.26513672 0.34741211 0.00000000
vt 0.26391602 0.36572266 0.00000000
vt 0.23168945 0.38305664 0.00000000
vt 0.28710938 0.37377930 0.00000000
vt 0.31469727 0.37109375 0.00000000
vt 0.26806641 0.39282227 0.00000000
vt 0.25805664 0.39794922 0.00000000
vt 0.24316406 0.40307617 0.00000000
vt 0.23803711 0.40576172 0.00000000
vt 0.27368164 0.39526367 0.00000000
vt 0.30395508 0.39184570 0.00000000
vt 0.26660156 0.42163086 0.00000000
vt 0.24707031 0.42895508 0.00000000
vt 0.24072266 0.47167969 0.00000000
vt 0.21997070 0.45825195 0.00000000
vt 0.30639648 0.44750977 0.00000000
vt 0.30346680 0.42211914 0.00000000
vt 0.29296875 0.40454102 0.00000000
vt 0.37158203 0.38623047 0.00000000
vt 0.29907227 0.39404297 0.00000000
vt 0.34033203 0.38476562 0.00000000
vt 0.33544922 0.38427734 0.00000000
vt 0.36230469 0.37841797 0.00000000
vt 0.36572266 0.38012695 0.00000000
vt 0.37207031 0.37109375 0.00000000
vt 0.80737305 0.04272461 0.00000000
vt 0.79663086 0.02294922 0.00000000
vt 0.81323242 0.04394531 0.00000000
vt 0.81835938 0.02343750 0.00000000
vt 0.80200195 0.00463867 0.00000000
vt 0.82250977 0.00634766 0.00000000
vt 0.82446289 0.01293945 0.00000000
vt 0.81469727 0.04492188 0.00000000
vt 0.83740234 0.01220703 0.00000000
vt 0.82226562 0.00073242 0.00000000
vt 0.83325195 0.03344727 0.00000000
vt 0.81616211 0.05102539 0.00000000
vt 0.81054688 0.05395508 0.00000000
vt 0.86230469 0.01684570 0.00000000
vt 0.87719727 0.00024414 0.00000000
vt 0.88256836 0.00756836 0.00000000
vt 0.81738281 0.08007812 0.00000000
vt 0.88842773 0.03076172 0.00000000
vt 0.89990234 0.00146484 0.00000000
vt 0.90966797 0.01367188 0.00000000
vt 0.87524414 0.04345703 0.00000000
vt 0.89624023 0.03833008 0.00000000
vt 0.83374023 0.05322266 0.00000000
vt 0.88452148 0.06665039 0.00000000
vt 0.90136719 0.04223633 0.00000000
vt 0.91381836 0.01757812 0.00000000
vt 0.89184570 0.06738281 0.00000000
vt 0.90429688 0.05786133 0.00000000
vt 0.91870117 0.01953125 0.00000000
vt 0.90600586 0.08398438 0.00000000
vt 0.91210938 0.05883789 0.00000000
vt 0.92309570 0.04199219 0.00000000
vt 0.92041016 0.06591797 0.00000000
vt 0.88891602 0.09008789 0.00000000
vt 0.88256836 0.08374023 0.00000000
vt 0.86035156 0.09594727 0.00000000
vt 0.84423828 0.08349609 0.00000000
vt 0.84228516 0.10473633 0.00000000
vt 0.83007812 0.10034180 0.00000000
vt 0.82250977 0.08251953 0.00000000
vt 0.82543945 0.10546875 0.00000000
vt 0.01928711 0.96752930 0.00000000
vt 0.03344727 0.95483398 0.00000000
vt 0.02294922 0.96948242 0.00000000
vt 0.03393555 0.98999023 0.00000000
vt 0.04345703 0.96826172 0.00000000
vt 0.05712891 0.98583984 0.00000000
vt 0.04443359 0.96166992 0.00000000
vt 0.05981445 0.97021484 0.00000000
vt 0.06909180 0.97558594 0.00000000
vt 0.07226562 0.98315430 0.00000000
vt 0.07104492 0.97534180 0.00000000
vt 0.05371094 0.96582031 0.00000000
vt 0.03564453 0.93383789 0.00000000
vt 0.02099609 0.94921875 0.00000000
vt 0.05761719 0.94873047 0.00000000
vt 0.03759766 0.90771484 0.00000000
vt 0.09057617 0.96948242 0.00000000
vt 0.09350586 0.98168945 0.00000000
vt 0.06665039 0.94238281 0.00000000
vt 0.06054688 0.91796875 0.00000000
vt 0.04272461 0.88696289 0.00000000
vt 0.11059570 0.97387695 0.00000000
vt 0.08544922 0.99194336 0.00000000
vt 0.10327148 0.98461914 0.00000000
vt 0.12231445 0.97192383 0.00000000
vt 0.08447266 0.93261719 0.00000000
vt 0.07714844 0.91064453 0.00000000
vt 0.04785156 0.87207031 0.00000000
vt 0.08569336 0.95312500 0.00000000
vt 0.09765625 0.93627930 0.00000000
vt 0.11596680 0.96264648 0.00000000
vt 0.08032227 0.90063477 0.00000000
vt 0.07739258 0.88623047 0.00000000
vt 0.11328125 0.93774414 0.00000000
vt 0.10546875 0.92431641 0.00000000
vt 0.09521484 0.89794922 0.00000000
vt 0.13281250 0.95166016 0.00000000
vt 0.11425781 0.92407227 0.00000000
vt 0.13818359 0.95703125 0.00000000
vt 0.13037109 0.93896484 0.00000000
vt 0.12084961 0.96508789 0.00000000
vt 0.13476562 0.96264648 0.00000000
vt 0.11962891 0.99975586 0.00000000
vt 0.13208008 0.98193359 0.00000000
vt 0.14501953 0.97949219 0.00000000
vt 0.14794922 0.98217773 0.00000000
vt 0.14038086 0.96020508 0.00000000
vt 0.14501953 0.95605469 0.00000000
vt 0.15380859 0.98217773 0.00000000
vt 0.53588867 0.97534180 0.00000000
vt 0.55371094 0.99804688 0.00000000
vt 0.53613281 1.00000000 0.00000000
vt 0.52539062 0.98437500 0.00000000
vt 0.55981445 0.92602539 0.00000000
vt 0.58251953 0.94409180 0.00000000
vt 0.51440430 0.98120117 0.00000000
vt 0.49829102 0.99975586 0.00000000
vt 0.51708984 0.96997070 0.00000000
vt 0.54345703 0.95874023 0.00000000
vt 0.54296875 0.91699219 0.00000000
vt 0.56005859 0.89355469 0.00000000
vt 0.53002930 0.91137695 0.00000000
vt 0.53002930 0.87695312 0.00000000
vt 0.51928711 0.92529297 0.00000000
vt 0.51025391 0.91455078 0.00000000
vt 0.50048828 0.95263672 0.00000000
vt 0.48583984 0.94042969 0.00000000
vt 0.49169922 0.94213867 0.00000000
vt 0.49365234 0.94970703 0.00000000
vt 0.48315430 0.94189453 0.00000000
vt 0.49877930 0.95410156 0.00000000
vt 0.49707031 0.95874023 0.00000000
vt 0.48461914 0.94897461 0.00000000
vt 0.46997070 0.94458008 0.00000000
vt 0.47558594 0.94458008 0.00000000
vt 0.44458008 0.99731445 0.00000000
vt 0.45117188 0.94482422 0.00000000
vt 0.46582031 0.92626953 0.00000000
vt 0.45898438 0.92626953 0.00000000
vt 0.48510742 0.91137695 0.00000000
vt 0.47875977 0.86889648 0.00000000
vt 0.44653320 0.90795898 0.00000000
vt 0.47363281 0.88623047 0.00000000
vt 0.20947266 0.42358398 0.00000000
vt 0.19604492 0.42016602 0.00000000
vt 0.19482422 0.40942383 0.00000000
vt 0.18920898 0.42309570 0.00000000
vt 0.20971680 0.40551758 0.00000000
vt 0.18872070 0.39624023 0.00000000
vt 0.18017578 0.41601562 0.00000000
vt 0.19580078 0.39428711 0.00000000
vt 0.22241211 0.39111328 0.00000000
vt 0.16015625 0.41308594 0.00000000
vt 0.21411133 0.37939453 0.00000000
vt 0.19970703 0.37597656 0.00000000
vt 0.21508789 0.36596680 0.00000000
vt 0.21118164 0.36401367 0.00000000
vt 0.19165039 0.38061523 0.00000000
vt 0.19091797 0.36718750 0.00000000
vt 0.22265625 0.34277344 0.00000000
vt 0.21191406 0.33569336 0.00000000
vt 0.19165039 0.37524414 0.00000000
vt 0.16943359 0.39208984 0.00000000
vt 0.18969727 0.34985352 0.00000000
vt 0.21069336 0.31713867 0.00000000
vt 0.17504883 0.35961914 0.00000000
vt 0.15356445 0.40600586 0.00000000
vt 0.13940430 0.41943359 0.00000000
vt 0.16870117 0.38793945 0.00000000
vt 0.14038086 0.40966797 0.00000000
vt 0.17700195 0.35644531 0.00000000
vt 0.18310547 0.34887695 0.00000000
vt 0.18212891 0.34130859 0.00000000
vt 0.21069336 0.29809570 0.00000000
vt 0.16259766 0.37841797 0.00000000
vt 0.17382812 0.35864258 0.00000000
vt 0.16943359 0.34863281 0.00000000
vt 0.16210938 0.36889648 0.00000000
vt 0.14599609 0.38403320 0.00000000
vt 0.13549805 0.40014648 0.00000000
vt 0.12036133 0.42407227 0.00000000
vt 0.12402344 0.40527344 0.00000000
vt 0.13500977 0.39379883 0.00000000
vt 0.10107422 0.40747070 0.00000000
vt 0.13549805 0.38476562 0.00000000
vt 0.11254883 0.38964844 0.00000000
vt 0.14453125 0.36865234 0.00000000
vt 0.14135742 0.36157227 0.00000000
vt 0.16992188 0.35546875 0.00000000
vt 0.16015625 0.34448242 0.00000000
vt 0.16088867 0.33789062 0.00000000
vt 0.18139648 0.32324219 0.00000000
vt 0.17456055 0.32080078 0.00000000
vt 0.19555664 0.30737305 0.00000000
vt 0.18945312 0.30419922 0.00000000
vt 0.17578125 0.31420898 0.00000000
vt 0.19506836 0.28759766 0.00000000
vt 0.20117188 0.29199219 0.00000000
vt 0.20898438 0.29638672 0.00000000
vt 0.20727539 0.28613281 0.00000000
vt 0.19946289 0.29077148 0.00000000
vt 0.20068359 0.28906250 0.00000000
vt 0.20117188 0.28393555 0.00000000
vt 0.20043945 0.28417969 0.00000000
vt 0.20019531 0.28710938 0.00000000
vt 0.19897461 0.28662109 0.00000000
vt 0.19897461 0.28833008 0.00000000
vt 0.19873047 0.28930664 0.00000000
vt 0.19750977 0.28857422 0.00000000
vt 0.19995117 0.28173828 0.00000000
vt 0.19653320 0.28344727 0.00000000
vt 0.10205078 0.79833984 0.00000000
vt 0.08642578 0.79101562 0.00000000
vt 0.11987305 0.78955078 0.00000000
vt 0.10668945 0.80126953 0.00000000
vt 0.12133789 0.79736328 0.00000000
vt 0.08276367 0.82104492 0.00000000
vt 0.08398438 0.82788086 0.00000000
vt 0.07226562 0.82031250 0.00000000
vt 0.07055664 0.83056641 0.00000000
vt 0.06884766 0.76635742 0.00000000
vt 0.07153320 0.76000977 0.00000000
vt 0.06030273 0.83349609 0.00000000
vt 0.07324219 0.85327148 0.00000000
vt 0.05419922 0.79174805 0.00000000
vt 0.05664062 0.75830078 0.00000000
vt 0.05859375 0.82592773 0.00000000
vt 0.04174805 0.77880859 0.00000000
vt 0.04443359 0.73388672 0.00000000
vt 0.02856445 0.76342773 0.00000000
vt 0.03076172 0.79199219 0.00000000
vt 0.04809570 0.82763672 0.00000000
vt 0.03540039 0.82568359 0.00000000
vt 0.03393555 0.83227539 0.00000000
vt 0.05810547 0.83276367 0.00000000
vt 0.04687500 0.83422852 0.00000000
vt 0.02441406 0.85473633 0.00000000
vt 0.05590820 0.84326172 0.00000000
vt 0.04956055 0.86572266 0.00000000
vt 0.04882812 0.85229492 0.00000000
vt 0.02148438 0.88330078 0.00000000
vt 0.02124023 0.86938477 0.00000000
vt 0.01953125 0.34252930 0.00000000
vt 0.05859375 0.34252930 0.00000000
vt 0.02001953 0.39208984 0.00000000
vt 0.07324219 0.39038086 0.00000000
vt 0.71484375 0.00488281 0.00000000
vt 0.71948242 0.01293945 0.00000000
vt 0.69848633 0.01293945 0.00000000
vt 0.09204102 0.04394531 0.00000000
vt 0.05834961 0.04101562 0.00000000
vt 0.06933594 0.01904297 0.00000000
vt 0.10351562 0.08642578 0.00000000
vt 0.06738281 0.10644531 0.00000000
vt 0.09619141 0.14135742 0.00000000
vt 0.05810547 0.12768555 0.00000000
vt 0.06884766 0.14477539 0.00000000
vt 0.07812500 0.15283203 0.00000000
vt 0.07153320 0.14990234 0.00000000
vt 0.06933594 0.14794922 0.00000000
vt 0.06665039 0.16479492 0.00000000
vt 0.06079102 0.16723633 0.00000000
vt 0.13134766 0.04052734 0.00000000
vt 0.15039062 0.06420898 0.00000000
vt 0.14868164 0.04614258 0.00000000
vt 0.14624023 0.04443359 0.00000000
vt 0.14721680 0.03002930 0.00000000
vt 0.12451172 0.02441406 0.00000000
vt 0.11816406 0.01831055 0.00000000
vt 0.58081055 0.26049805 0.00000000
vt 0.59423828 0.26171875 0.00000000
vt 0.56958008 0.26074219 0.00000000
vt 0.58862305 0.26049805 0.00000000
vt 0.57958984 0.22436523 0.00000000
vt 0.59643555 0.26098633 0.00000000
vt 0.59594727 0.24023438 0.00000000
vt 0.60595703 0.26171875 0.00000000
vt 0.60351562 0.24560547 0.00000000
vt 0.60009766 0.22021484 0.00000000
vt 0.57250977 0.20166016 0.00000000
vt 0.58203125 0.18847656 0.00000000
vt 0.59350586 0.19702148 0.00000000
vt 0.58398438 0.15820312 0.00000000
vt 0.55957031 0.16503906 0.00000000
vt 0.58398438 0.15258789 0.00000000
vt 0.59155273 0.17626953 0.00000000
vt 0.59716797 0.20385742 0.00000000
vt 0.58789062 0.15747070 0.00000000
vt 0.59985352 0.17871094 0.00000000
vt 0.61865234 0.15625000 0.00000000
vt 0.59814453 0.14013672 0.00000000
vt 0.59057617 0.12207031 0.00000000
vt 0.61328125 0.14282227 0.00000000
vt 0.60302734 0.11621094 0.00000000
vt 0.62182617 0.12500000 0.00000000
vt 0.62109375 0.21850586 0.00000000
vt 0.60742188 0.23364258 0.00000000
vt 0.61962891 0.25659180 0.00000000
vt 0.61401367 0.25854492 0.00000000
vt 0.61914062 0.25781250 0.00000000
vt 0.63110352 0.25415039 0.00000000
vt 0.60473633 0.31127930 0.00000000
vt 0.62744141 0.25415039 0.00000000
vt 0.63110352 0.23071289 0.00000000
vt 0.63330078 0.25244141 0.00000000
vt 0.62207031 0.29882812 0.00000000
vt 0.64599609 0.26098633 0.00000000
vt 0.64062500 0.28759766 0.00000000
vt 0.65551758 0.26147461 0.00000000
vt 0.66406250 0.22753906 0.00000000
vt 0.66894531 0.26269531 0.00000000
vt 0.64184570 0.32641602 0.00000000
vt 0.63110352 0.21435547 0.00000000
vt 0.62500000 0.34570312 0.00000000
vt 0.66967773 0.30590820 0.00000000
vt 0.67871094 0.33544922 0.00000000
vt 0.68432617 0.30078125 0.00000000
vt 0.68945312 0.34521484 0.00000000
vt 0.68261719 0.26171875 0.00000000
vt 0.70434570 0.29785156 0.00000000
vt 0.69189453 0.23388672 0.00000000
vt 0.67944336 0.25903320 0.00000000
vt 0.69628906 0.21557617 0.00000000
vt 0.66333008 0.21191406 0.00000000
vt 0.68286133 0.19409180 0.00000000
vt 0.66162109 0.20263672 0.00000000
vt 0.66674805 0.18798828 0.00000000
vt 0.63281250 0.18359375 0.00000000
vt 0.61743164 0.18286133 0.00000000
vt 0.64160156 0.16308594 0.00000000
vt 0.66821289 0.17236328 0.00000000
vt 0.64648438 0.15356445 0.00000000
vt 0.68896484 0.17138672 0.00000000
vt 0.65991211 0.14868164 0.00000000
vt 0.66186523 0.13354492 0.00000000
vt 0.64941406 0.12963867 0.00000000
vt 0.66845703 0.11328125 0.00000000
vt 0.63330078 0.14404297 0.00000000
vt 0.62500000 0.11596680 0.00000000
vt 0.58618164 0.29467773 0.00000000
vt 0.56982422 0.29077148 0.00000000
vt 0.58935547 0.34570312 0.00000000
vt 0.56811523 0.32910156 0.00000000
vt 0.57690430 0.34619141 0.00000000
vt 0.60400391 0.34570312 0.00000000
vt 0.58984375 0.34667969 0.00000000
vt 0.57739258 0.35766602 0.00000000
vt 0.56884766 0.38378906 0.00000000
vt 0.60375977 0.34692383 0.00000000
vt 0.57690430 0.38378906 0.00000000
vt 0.61206055 0.34692383 0.00000000
vt 0.59204102 0.36450195 0.00000000
vt 0.59570312 0.38818359 0.00000000
vt 0.61474609 0.36328125 0.00000000
vt 0.61816406 0.34716797 0.00000000
vt 0.61376953 0.39306641 0.00000000
vt 0.58740234 0.41796875 0.00000000
vt 0.57739258 0.40869141 0.00000000
vt 0.56298828 0.41552734 0.00000000
vt 0.57788086 0.45117188 0.00000000
vt 0.59204102 0.43017578 0.00000000
vt 0.61328125 0.41601562 0.00000000
vt 0.56079102 0.48120117 0.00000000
vt 0.55273438 0.44311523 0.00000000
vt 0.57104492 0.47705078 0.00000000
vt 0.59765625 0.46704102 0.00000000
vt 0.58520508 0.49414062 0.00000000
vt 0.60473633 0.45727539 0.00000000
vt 0.60351562 0.49023438 0.00000000
vt 0.62158203 0.45336914 0.00000000
vt 0.61669922 0.47241211 0.00000000
vt 0.59912109 0.51293945 0.00000000
vt 0.63476562 0.46484375 0.00000000
vt 0.62963867 0.49194336 0.00000000
vt 0.60620117 0.51660156 0.00000000
vt 0.64331055 0.48950195 0.00000000
vt 0.63696289 0.45190430 0.00000000
vt 0.68188477 0.45214844 0.00000000
vt 0.62084961 0.39575195 0.00000000
vt 0.64721680 0.42114258 0.00000000
vt 0.67602539 0.41894531 0.00000000
vt 0.64184570 0.40600586 0.00000000
vt 0.68627930 0.40429688 0.00000000
vt 0.65087891 0.38403320 0.00000000
vt 0.63598633 0.35864258 0.00000000
vt 0.63281250 0.34692383 0.00000000
vt 0.66406250 0.34667969 0.00000000
vt 0.69165039 0.35595703 0.00000000
vt 0.64575195 0.34570312 0.00000000
vt 0.66235352 0.34545898 0.00000000
vt 0.58837891 0.03320312 0.00000000
vt 0.58984375 0.02148438 0.00000000
vt 0.60107422 0.02441406 0.00000000
vt 0.60791016 0.02807617 0.00000000
vt 0.58154297 0.04248047 0.00000000
vt 0.59570312 0.04272461 0.00000000
vt 0.55029297 0.02856445 0.00000000
vt 0.55737305 0.01806641 0.00000000
vt 0.58081055 0.05224609 0.00000000
vt 0.61718750 0.04418945 0.00000000
vt 0.60131836 0.05688477 0.00000000
vt 0.56250000 0.03637695 0.00000000
vt 0.53320312 0.02856445 0.00000000
vt 0.52636719 0.02197266 0.00000000
vt 0.53808594 0.03515625 0.00000000
vt 0.50903320 0.02807617 0.00000000
vt 0.58642578 0.06396484 0.00000000
vt 0.55102539 0.05126953 0.00000000
vt 0.51879883 0.05590820 0.00000000
vt 0.55786133 0.06054688 0.00000000
vt 0.58227539 0.07202148 0.00000000
vt 0.61083984 0.06738281 0.00000000
vt 0.54638672 0.07275391 0.00000000
vt 0.51293945 0.05053711 0.00000000
vt 0.50732422 0.03710938 0.00000000
vt 0.52392578 0.07519531 0.00000000
vt 0.57714844 0.08837891 0.00000000
vt 0.60253906 0.09179688 0.00000000
vt 0.58544922 0.10498047 0.00000000
vt 0.56250000 0.09399414 0.00000000
vt 0.52954102 0.09277344 0.00000000
vt 0.51293945 0.07250977 0.00000000
vt 0.50708008 0.06225586 0.00000000
vt 0.51000977 0.07934570 0.00000000
vt 0.50512695 0.09033203 0.00000000
vt 0.50830078 0.09716797 0.00000000
vt 0.53002930 0.09765625 0.00000000
vt 0.49902344 0.07373047 0.00000000
vt 0.50146484 0.09130859 0.00000000
vt 0.48022461 0.06079102 0.00000000
vt 0.47290039 0.07421875 0.00000000
vt 0.48754883 0.04223633 0.00000000
vt 0.47070312 0.05541992 0.00000000
vt 0.46582031 0.02368164 0.00000000
vt 0.54931641 0.10766602 0.00000000
vt 0.53149414 0.11206055 0.00000000
vt 0.56567383 0.11865234 0.00000000
vt 0.58593750 0.11254883 0.00000000
vt 0.57983398 0.12207031 0.00000000
vt 0.56518555 0.13378906 0.00000000
vt 0.58105469 0.13842773 0.00000000
vt 0.00000000 0.70385742 0.00000000
vt 0.00732422 0.68041992 0.00000000
vt 0.01635742 0.70068359 0.00000000
vt 0.01855469 0.72338867 0.00000000
vt 0.01367188 0.67602539 0.00000000
vt 0.00366211 0.65307617 0.00000000
vt 0.00952148 0.64868164 0.00000000
vt 0.02465820 0.67553711 0.00000000
vt 0.01562500 0.64868164 0.00000000
vt 0.00976562 0.62939453 0.00000000
vt 0.00390625 0.62231445 0.00000000
vt 0.01660156 0.63867188 0.00000000
vt 0.00488281 0.61157227 0.00000000
vt 0.03027344 0.69311523 0.00000000
vt 0.02563477 0.71386719 0.00000000
vt 0.02416992 0.65551758 0.00000000
vt 0.03076172 0.66894531 0.00000000
vt 0.04565430 0.70068359 0.00000000
vt 0.04785156 0.69238281 0.00000000
vt 0.02929688 0.61645508 0.00000000
vt 0.03979492 0.65405273 0.00000000
vt 0.05053711 0.67480469 0.00000000
vt 0.06689453 0.70336914 0.00000000
vt 0.04956055 0.64038086 0.00000000
vt 0.02490234 0.61157227 0.00000000
vt 0.05981445 0.66333008 0.00000000
vt 0.01025391 0.60693359 0.00000000
vt 0.07080078 0.66455078 0.00000000
vt 0.07983398 0.68212891 0.00000000
vt 0.05664062 0.62231445 0.00000000
vt 0.03955078 0.61840820 0.00000000
vt 0.08691406 0.67187500 0.00000000
vt 0.08178711 0.68920898 0.00000000
vt 0.05175781 0.60961914 0.00000000
vt 0.02246094 0.60668945 0.00000000
vt 0.07226562 0.60742188 0.00000000
vt 0.05273438 0.60595703 0.00000000
vt 0.08178711 0.61621094 0.00000000
vt 0.03662109 0.59008789 0.00000000
vt 0.03393555 0.57739258 0.00000000
vt 0.05151367 0.60302734 0.00000000
vt 0.06933594 0.60009766 0.00000000
vt 0.05908203 0.58300781 0.00000000
vt 0.07226562 0.62646484 0.00000000
vt 0.09008789 0.62475586 0.00000000
vt 0.08544922 0.64746094 0.00000000
vt 0.09423828 0.66235352 0.00000000
vt 0.10205078 0.64086914 0.00000000
vt 0.11328125 0.65747070 0.00000000
vt 0.09863281 0.67187500 0.00000000
vt 0.10253906 0.67504883 0.00000000
vt 0.09204102 0.68701172 0.00000000
vt 0.11352539 0.67944336 0.00000000
vt 0.11816406 0.67309570 0.00000000
vt 0.05249023 0.13183594 0.00000000
vt 0.01147461 0.15380859 0.00000000
vt 0.03588867 0.13500977 0.00000000
vt 0.04809570 0.16040039 0.00000000
vt 0.06127930 0.14746094 0.00000000
vt 0.79711914 0.00024414 0.00000000
vt 0.77661133 0.00756836 0.00000000
vt 0.75146484 0.00195312 0.00000000
vt 0.28369141 0.66528320 0.00000000
vt 0.30297852 0.65600586 0.00000000
vt 0.27612305 0.68017578 0.00000000
vt 0.30322266 0.68457031 0.00000000
vt 0.33422852 0.66577148 0.00000000
vt 0.30078125 0.71850586 0.00000000
vt 0.32519531 0.72119141 0.00000000
vt 0.25781250 0.69653320 0.00000000
vt 0.31347656 0.74511719 0.00000000
vt 0.32202148 0.74633789 0.00000000
vt 0.27441406 0.73291016 0.00000000
vt 0.29516602 0.74536133 0.00000000
vt 0.24560547 0.71972656 0.00000000
vt 0.21997070 0.72924805 0.00000000
vt 0.24462891 0.74609375 0.00000000
vt 0.26757812 0.74560547 0.00000000
vt 0.25000000 0.75268555 0.00000000
vt 0.27905273 0.74877930 0.00000000
vt 0.31494141 0.75244141 0.00000000
vt 0.28588867 0.75219727 0.00000000
vt 0.23486328 0.78979492 0.00000000
vt 0.30786133 0.76147461 0.00000000
vt 0.28833008 0.77685547 0.00000000
vt 0.25781250 0.79614258 0.00000000
vt 0.26806641 0.79248047 0.00000000
vt 0.30566406 0.76660156 0.00000000
vt 0.32177734 0.76220703 0.00000000
vt 0.29418945 0.78344727 0.00000000
vt 0.26879883 0.80395508 0.00000000
vt 0.31298828 0.77050781 0.00000000
vt 0.28002930 0.81616211 0.00000000
vt 0.29931641 0.78955078 0.00000000
vt 0.33764648 0.81201172 0.00000000
vt 0.33422852 0.77587891 0.00000000
vt 0.31298828 0.81323242 0.00000000
vt 0.28833008 0.83959961 0.00000000
vt 0.31665039 0.85278320 0.00000000
vt 0.34594727 0.81811523 0.00000000
vt 0.34863281 0.79565430 0.00000000
vt 0.35302734 0.84399414 0.00000000
vt 0.33300781 0.86206055 0.00000000
vt 0.30712891 0.87304688 0.00000000
vt 0.31225586 0.88159180 0.00000000
vt 0.36596680 0.84423828 0.00000000
vt 0.37255859 0.82763672 0.00000000
vt 0.32690430 0.87158203 0.00000000
vt 0.31958008 0.87744141 0.00000000
vt 0.33911133 0.86279297 0.00000000
vt 0.35034180 0.85498047 0.00000000
vt 0.33374023 0.86840820 0.00000000
vt 0.32812500 0.89550781 0.00000000
vt 0.34082031 0.86328125 0.00000000
vt 0.35668945 0.85180664 0.00000000
vt 0.37036133 0.84277344 0.00000000
vt 0.37841797 0.83520508 0.00000000
vt 0.36791992 0.85375977 0.00000000
vt 0.36181641 0.88354492 0.00000000
vt 0.36230469 0.89697266 0.00000000
vt 0.31054688 0.90234375 0.00000000
vt 0.35156250 0.93066406 0.00000000
vt 0.35839844 0.91674805 0.00000000
vt 0.37719727 0.84887695 0.00000000
vt 0.38085938 0.83544922 0.00000000
vt 0.37036133 0.87353516 0.00000000
vt 0.37011719 0.88452148 0.00000000
vt 0.37792969 0.86132812 0.00000000
vt 0.38647461 0.83349609 0.00000000
vt 0.37890625 0.86938477 0.00000000
vt 0.40039062 0.85766602 0.00000000
vt 0.36987305 0.89965820 0.00000000
vt 0.36425781 0.91357422 0.00000000
vt 0.35009766 0.94799805 0.00000000
vt 0.38427734 0.92944336 0.00000000
vt 0.38549805 0.89843750 0.00000000
vt 0.41772461 0.90820312 0.00000000
vt 0.41918945 0.87744141 0.00000000
vt 0.43383789 0.84033203 0.00000000
vt 0.45727539 0.86035156 0.00000000
vt 0.47119141 0.84472656 0.00000000
vt 0.46826172 0.87719727 0.00000000
vt 0.45019531 0.89550781 0.00000000
vt 0.94409180 0.93530273 0.00000000
vt 0.91113281 0.93530273 0.00000000
vt 0.92114258 0.91772461 0.00000000
vt 0.21704102 0.71386719 0.00000000
vt 0.21533203 0.72094727 0.00000000
vt 0.18457031 0.71606445 0.00000000
vt 0.16430664 0.72387695 0.00000000
vt 0.19677734 0.74047852 0.00000000
vt 0.15893555 0.71630859 0.00000000
vt 0.18188477 0.70532227 0.00000000
vt 0.15600586 0.68164062 0.00000000
vt 0.25390625 0.68579102 0.00000000
vt 0.24926758 0.69311523 0.00000000
vt 0.22705078 0.68945312 0.00000000
vt 0.19360352 0.67700195 0.00000000
vt 0.26269531 0.65332031 0.00000000
vt 0.28222656 0.65039062 0.00000000
vt 0.27978516 0.64599609 0.00000000
vt 0.10913086 0.70874023 0.00000000
vt 0.13110352 0.66528320 0.00000000
vt 0.27441406 0.64184570 0.00000000
vt 0.28002930 0.64379883 0.00000000
vt 0.28686523 0.64526367 0.00000000
vt 0.28173828 0.64257812 0.00000000
vt 0.27026367 0.63818359 0.00000000
vt 0.27929688 0.63818359 0.00000000
vt 0.28564453 0.64282227 0.00000000
vt 0.28540039 0.63745117 0.00000000
vt 0.28515625 0.63623047 0.00000000
vt 0.27172852 0.63598633 0.00000000
vt 0.27294922 0.63500977 0.00000000
vt 0.26660156 0.63500977 0.00000000
vt 0.26757812 0.62792969 0.00000000
vt 0.26123047 0.63574219 0.00000000
vt 0.25976562 0.63818359 0.00000000
vt 0.25341797 0.63671875 0.00000000
vt 0.27197266 0.60620117 0.00000000
vt 0.29174805 0.63330078 0.00000000
vt 0.24169922 0.62377930 0.00000000
vt 0.21850586 0.65869141 0.00000000
vt 0.23901367 0.63623047 0.00000000
vt 0.22436523 0.63574219 0.00000000
vt 0.22241211 0.63793945 0.00000000
vt 0.22558594 0.62377930 0.00000000
vt 0.23022461 0.60864258 0.00000000
vt 0.22387695 0.62158203 0.00000000
vt 0.20922852 0.64208984 0.00000000
vt 0.22216797 0.60595703 0.00000000
vt 0.19335938 0.63183594 0.00000000
vt 0.20092773 0.64355469 0.00000000
vt 0.18481445 0.65136719 0.00000000
vt 0.18676758 0.64941406 0.00000000
vt 0.17309570 0.65551758 0.00000000
vt 0.15161133 0.65820312 0.00000000
vt 0.13720703 0.66088867 0.00000000
vt 0.12109375 0.66259766 0.00000000
vt 0.14257812 0.65893555 0.00000000
vt 0.14819336 0.64599609 0.00000000
vt 0.12084961 0.64843750 0.00000000
vt 0.18432617 0.61254883 0.00000000
vt 0.14233398 0.63598633 0.00000000
vt 0.11401367 0.62817383 0.00000000
vt 0.14819336 0.60839844 0.00000000
vt 0.11035156 0.59594727 0.00000000
vt 0.21875000 0.58105469 0.00000000
vt 0.17578125 0.59106445 0.00000000
vt 0.14868164 0.58349609 0.00000000
vt 0.11572266 0.56787109 0.00000000
vt 0.09350586 0.56323242 0.00000000
vt 0.10864258 0.54614258 0.00000000
vt 0.13037109 0.53710938 0.00000000
vt 0.10986328 0.53393555 0.00000000
vt 0.15820312 0.55078125 0.00000000
vt 0.18261719 0.56787109 0.00000000
vt 0.20312500 0.57250977 0.00000000
vt 0.16186523 0.53271484 0.00000000
vt 0.21142578 0.53417969 0.00000000
vt 0.21533203 0.55908203 0.00000000
vt 0.19140625 0.53442383 0.00000000
vt 0.21069336 0.53344727 0.00000000
vt 0.22631836 0.57714844 0.00000000
vt 0.23071289 0.52612305 0.00000000
vt 0.20434570 0.52807617 0.00000000
vt 0.27514648 0.53100586 0.00000000
vt 0.30102539 0.56616211 0.00000000
vt 0.15551758 0.52734375 0.00000000
vt 0.24951172 0.51904297 0.00000000
vt 0.23242188 0.50976562 0.00000000
vt 0.19165039 0.49658203 0.00000000
vt 0.13793945 0.52905273 0.00000000
vt 0.25732422 0.51660156 0.00000000
vt 0.27294922 0.51391602 0.00000000
vt 0.25927734 0.51416016 0.00000000
vt 0.26831055 0.51220703 0.00000000
vt 0.27734375 0.51171875 0.00000000
vt 0.26367188 0.50390625 0.00000000
vt 0.27685547 0.50000000 0.00000000
vt 0.20117188 0.47534180 0.00000000
vt 0.25146484 0.48242188 0.00000000
vt 0.21752930 0.46899414 0.00000000
vt 0.17724609 0.45874023 0.00000000
vt 0.17773438 0.47119141 0.00000000
vt 0.14526367 0.45947266 0.00000000
vt 0.16967773 0.45385742 0.00000000
vt 0.13891602 0.45239258 0.00000000
vt 0.12817383 0.51391602 0.00000000
vt 0.12768555 0.53027344 0.00000000
vt 0.13842773 0.53125000 0.00000000
vt 0.12548828 0.53222656 0.00000000
vt 0.11572266 0.53173828 0.00000000
vt 0.11035156 0.51098633 0.00000000
vt 0.10351562 0.53247070 0.00000000
vt 0.94116211 0.94384766 0.00000000
vt 0.95629883 0.95458984 0.00000000
vt 0.93652344 0.95996094 0.00000000
vt 0.06030273 0.10351562 0.00000000
vt 0.03173828 0.10351562 0.00000000
vt 0.05688477 0.07006836 0.00000000
vt 0.01586914 0.27343750 0.00000000
vt 0.02905273 0.27026367 0.00000000
vt 0.01196289 0.28857422 0.00000000
vt 0.03491211 0.28955078 0.00000000
vt 0.05322266 0.25073242 0.00000000
vt 0.03369141 0.24438477 0.00000000
vt 0.01025391 0.21459961 0.00000000
vt 0.07885742 0.24365234 0.00000000
vt 0.09375000 0.24511719 0.00000000
vt 0.08325195 0.22924805 0.00000000
vt 0.24951172 0.97949219 0.00000000
vt 0.21191406 0.98535156 0.00000000
vt 0.21459961 0.95654297 0.00000000
vt 0.23706055 0.95971680 0.00000000
vt 0.20532227 0.94311523 0.00000000
vt 0.23437500 0.93383789 0.00000000
vt 0.25488281 0.96191406 0.00000000
vt 0.26123047 0.94189453 0.00000000
vt 0.26977539 0.98925781 0.00000000
vt 0.24926758 1.00000000 0.00000000
vt 0.27148438 0.96948242 0.00000000
vt 0.27294922 0.96093750 0.00000000
vt 0.28808594 0.98046875 0.00000000
vt 0.29345703 0.97216797 0.00000000
vt 0.26196289 0.92773438 0.00000000
vt 0.28002930 0.93945312 0.00000000
vt 0.29296875 0.93017578 0.00000000
vt 0.30541992 0.95410156 0.00000000
vt 0.31372070 0.94726562 0.00000000
vt 0.31469727 0.91381836 0.00000000
vt 0.31909180 0.94750977 0.00000000
vt 0.31225586 0.96728516 0.00000000
vt 0.32788086 0.94702148 0.00000000
vt 0.71948242 0.43505859 0.00000000
vt 0.73364258 0.38671875 0.00000000
vt 0.74609375 0.40893555 0.00000000
vt 0.75683594 0.41137695 0.00000000
vt 0.76733398 0.38110352 0.00000000
vt 0.78540039 0.35717773 0.00000000
vt 0.78686523 0.37792969 0.00000000
vt 0.73266602 0.36669922 0.00000000
vt 0.69238281 0.37060547 0.00000000
vt 0.73632812 0.34863281 0.00000000
vt 0.74853516 0.34667969 0.00000000
vt 0.77416992 0.34179688 0.00000000
vt 0.73828125 0.34716797 0.00000000
vt 0.71752930 0.35131836 0.00000000
vt 0.73803711 0.33862305 0.00000000
vt 0.70458984 0.30786133 0.00000000
vt 0.75122070 0.34497070 0.00000000
vt 0.72363281 0.30102539 0.00000000
vt 0.76098633 0.34301758 0.00000000
vt 0.74414062 0.32470703 0.00000000
vt 0.76440430 0.32519531 0.00000000
vt 0.77246094 0.34106445 0.00000000
vt 0.78710938 0.33862305 0.00000000
vt 0.79223633 0.33422852 0.00000000
vt 0.73950195 0.29907227 0.00000000
vt 0.76879883 0.29443359 0.00000000
vt 0.73779297 0.27416992 0.00000000
vt 0.79272461 0.33740234 0.00000000
vt 0.79248047 0.35693359 0.00000000
vt 0.79882812 0.33935547 0.00000000
vt 0.80737305 0.36132812 0.00000000
vt 0.80346680 0.34008789 0.00000000
vt 0.78222656 0.28955078 0.00000000
vt 0.79223633 0.37524414 0.00000000
vt 0.82275391 0.37231445 0.00000000
vt 0.82592773 0.38256836 0.00000000
vt 0.82910156 0.36132812 0.00000000
vt 0.79833984 0.40185547 0.00000000
vt 0.85717773 0.39038086 0.00000000
vt 0.81762695 0.34375000 0.00000000
vt 0.83520508 0.34790039 0.00000000
vt 0.83447266 0.33276367 0.00000000
vt 0.82568359 0.41528320 0.00000000
vt 0.84545898 0.40673828 0.00000000
vt 0.80102539 0.42944336 0.00000000
vt 0.79321289 0.40405273 0.00000000
vt 0.81005859 0.31591797 0.00000000
vt 0.81811523 0.27954102 0.00000000
vt 0.84985352 0.29150391 0.00000000
vt 0.81005859 0.29370117 0.00000000
vt 0.80249023 0.27490234 0.00000000
vt 0.82519531 0.25292969 0.00000000
vt 0.83569336 0.26025391 0.00000000
vt 0.81250000 0.25317383 0.00000000
vt 0.82568359 0.25219727 0.00000000
vt 0.79589844 0.25512695 0.00000000
vt 0.79638672 0.24316406 0.00000000
vt 0.85058594 0.23461914 0.00000000
vt 0.78540039 0.25268555 0.00000000
vt 0.77539062 0.23706055 0.00000000
vt 0.77465820 0.25488281 0.00000000
vt 0.76049805 0.26269531 0.00000000
vt 0.76660156 0.25659180 0.00000000
vt 0.75610352 0.25903320 0.00000000
vt 0.75708008 0.25122070 0.00000000
vt 0.75122070 0.25927734 0.00000000
vt 0.74414062 0.26123047 0.00000000
vt 0.73754883 0.26171875 0.00000000
vt 0.72583008 0.26464844 0.00000000
vt 0.70678711 0.26879883 0.00000000
vt 0.71337891 0.25122070 0.00000000
vt 0.73461914 0.23193359 0.00000000
vt 0.70971680 0.22558594 0.00000000
vt 0.74853516 0.21752930 0.00000000
vt 0.75000000 0.21362305 0.00000000
vt 0.70068359 0.20996094 0.00000000
vt 0.70312500 0.19335938 0.00000000
vt 0.72875977 0.18920898 0.00000000
vt 0.76684570 0.21728516 0.00000000
vt 0.74926758 0.18750000 0.00000000
vt 0.72534180 0.16186523 0.00000000
vt 0.70678711 0.16015625 0.00000000
vt 0.71215820 0.14648438 0.00000000
vt 0.77441406 0.17944336 0.00000000
vt 0.75952148 0.12500000 0.00000000
vt 0.74755859 0.12158203 0.00000000
vt 0.77539062 0.11279297 0.00000000
vt 0.77392578 0.14990234 0.00000000
vt 0.78247070 0.11694336 0.00000000
vt 0.79101562 0.12792969 0.00000000
vt 0.78808594 0.16845703 0.00000000
vt 0.77832031 0.18896484 0.00000000
vt 0.79614258 0.13964844 0.00000000
vt 0.80004883 0.12451172 0.00000000
vt 0.80273438 0.17675781 0.00000000
vt 0.81372070 0.15087891 0.00000000
vt 0.78320312 0.19311523 0.00000000
vt 0.83007812 0.19360352 0.00000000
vt 0.77563477 0.21850586 0.00000000
vt 0.80590820 0.21240234 0.00000000
vt 0.84057617 0.20581055 0.00000000
vt 0.05371094 0.27587891 0.00000000
vt 0.05468750 0.26171875 0.00000000
vt 0.06787109 0.27734375 0.00000000
vt 0.07470703 0.29321289 0.00000000
vt 0.04980469 0.29931641 0.00000000
vt 0.06274414 0.30053711 0.00000000
vt 0.08007812 0.29492188 0.00000000
vt 0.07006836 0.27587891 0.00000000
vt 0.07568359 0.28149414 0.00000000
vt 0.07421875 0.31005859 0.00000000
vt 0.08349609 0.29492188 0.00000000
vt 0.09326172 0.27246094 0.00000000
vt 0.10278320 0.28613281 0.00000000
vt 0.07836914 0.30444336 0.00000000
vt 0.05712891 0.32641602 0.00000000
vt 0.09008789 0.30444336 0.00000000
vt 0.11669922 0.29467773 0.00000000
vt 0.14526367 0.29687500 0.00000000
vt 0.14208984 0.27709961 0.00000000
vt 0.07617188 0.31518555 0.00000000
vt 0.17480469 0.28881836 0.00000000
vt 0.15771484 0.30737305 0.00000000
vt 0.13037109 0.30981445 0.00000000
vt 0.14526367 0.31958008 0.00000000
vt 0.10375977 0.31176758 0.00000000
vt 0.12451172 0.32299805 0.00000000
vt 0.13891602 0.33056641 0.00000000
vt 0.09106445 0.33251953 0.00000000
vt 0.07714844 0.32373047 0.00000000
vt 0.07812500 0.32983398 0.00000000
vt 0.07543945 0.32104492 0.00000000
vt 0.07250977 0.32055664 0.00000000
vt 0.07495117 0.32910156 0.00000000
vt 0.07421875 0.32958984 0.00000000
vt 0.07421875 0.33959961 0.00000000
vt 0.07128906 0.34887695 0.00000000
vt 0.07812500 0.33691406 0.00000000
vt 0.07958984 0.34033203 0.00000000
vt 0.07739258 0.34423828 0.00000000
vt 0.07763672 0.35351562 0.00000000
vt 0.07666016 0.35107422 0.00000000
vt 0.07128906 0.35791016 0.00000000
vt 0.07714844 0.35815430 0.00000000
vt 0.07739258 0.36401367 0.00000000
vt 0.07275391 0.36669922 0.00000000
vt 0.09057617 0.36157227 0.00000000
vt 0.07836914 0.37036133 0.00000000
vt 0.09643555 0.35327148 0.00000000
vt 0.09619141 0.38134766 0.00000000
vt 0.09326172 0.39306641 0.00000000
vt 0.08056641 0.40087891 0.00000000
vt 0.08325195 0.41699219 0.00000000
vt 0.11035156 0.38183594 0.00000000
vt 0.11401367 0.33789062 0.00000000
vt 0.12524414 0.35620117 0.00000000
vt 0.74707031 0.45751953 0.00000000
vt 0.72460938 0.44702148 0.00000000
vt 0.75024414 0.43896484 0.00000000
vt 0.76904297 0.45825195 0.00000000
vt 0.77221680 0.41748047 0.00000000
vt 0.78515625 0.42041016 0.00000000
vt 0.78637695 0.44506836 0.00000000
vt 0.80175781 0.46899414 0.00000000
vt 0.80566406 0.45581055 0.00000000
vt 0.81201172 0.49121094 0.00000000
vt 0.79101562 0.48095703 0.00000000
vt 0.77441406 0.47167969 0.00000000
vt 0.77319336 0.47924805 0.00000000
vt 0.73876953 0.46826172 0.00000000
vt 0.76538086 0.48388672 0.00000000
vt 0.74096680 0.01367188 0.00000000
vt 0.74682617 0.00708008 0.00000000
vt 0.77099609 0.01245117 0.00000000
vt 0.65551758 0.03881836 0.00000000
vt 0.63696289 0.03271484 0.00000000
vt 0.65722656 0.02929688 0.00000000
vt 0.64721680 0.02221680 0.00000000
vt 0.66772461 0.04296875 0.00000000
vt 0.66992188 0.03759766 0.00000000
vt 0.66552734 0.02294922 0.00000000
vt 0.67065430 0.02783203 0.00000000
vt 0.67309570 0.03930664 0.00000000
vt 0.67993164 0.02709961 0.00000000
vt 0.67016602 0.04956055 0.00000000
vt 0.63842773 0.03881836 0.00000000
vt 0.68847656 0.04589844 0.00000000
vt 0.65698242 0.05053711 0.00000000
vt 0.69824219 0.04370117 0.00000000
vt 0.67993164 0.04931641 0.00000000
vt 0.67138672 0.05395508 0.00000000
vt 0.66040039 0.06127930 0.00000000
vt 0.66333008 0.07421875 0.00000000
vt 0.68457031 0.04931641 0.00000000
vt 0.69555664 0.04711914 0.00000000
vt 0.70507812 0.04248047 0.00000000
vt 0.69995117 0.02343750 0.00000000
vt 0.67431641 0.09008789 0.00000000
vt 0.67163086 0.09375000 0.00000000
vt 0.67749023 0.11523438 0.00000000
vt 0.68090820 0.06445312 0.00000000
vt 0.68652344 0.08349609 0.00000000
vt 0.69238281 0.05737305 0.00000000
vt 0.69384766 0.07666016 0.00000000
vt 0.69897461 0.04907227 0.00000000
vt 0.70385742 0.06811523 0.00000000
vt 0.71142578 0.06030273 0.00000000
vt 0.70800781 0.04638672 0.00000000
vt 0.70776367 0.04760742 0.00000000
vt 0.71875000 0.04638672 0.00000000
vt 0.71899414 0.04565430 0.00000000
vt 0.71899414 0.05346680 0.00000000
vt 0.72729492 0.04443359 0.00000000
vt 0.73168945 0.06298828 0.00000000
vt 0.71679688 0.07836914 0.00000000
vt 0.74096680 0.05322266 0.00000000
vt 0.71533203 0.04296875 0.00000000
vt 0.71484375 0.03369141 0.00000000
vt 0.72558594 0.03735352 0.00000000
vt 0.72827148 0.04077148 0.00000000
vt 0.73144531 0.04296875 0.00000000
vt 0.73876953 0.03662109 0.00000000
vt 0.74243164 0.03491211 0.00000000
vt 0.73754883 0.04199219 0.00000000
vt 0.74633789 0.04296875 0.00000000
vt 0.74902344 0.04272461 0.00000000
vt 0.74658203 0.07519531 0.00000000
vt 0.75830078 0.06152344 0.00000000
vt 0.78076172 0.05908203 0.00000000
vt 0.78784180 0.04370117 0.00000000
vt 0.80126953 0.04541016 0.00000000
vt 0.78149414 0.07348633 0.00000000
vt 0.76635742 0.07666016 0.00000000
vt 0.77026367 0.08959961 0.00000000
vt 0.73901367 0.09350586 0.00000000
vt 0.71630859 0.08569336 0.00000000
vt 0.71533203 0.10278320 0.00000000
vt 0.70556641 0.08837891 0.00000000
vt 0.71264648 0.12792969 0.00000000
vt 0.72167969 0.12500000 0.00000000
vt 0.69409180 0.10278320 0.00000000
vt 0.69335938 0.13037109 0.00000000
vt 0.71386719 0.13134766 0.00000000
vt 0.71069336 0.13964844 0.00000000
vt 0.67382812 0.13378906 0.00000000
vt 0.67333984 0.14746094 0.00000000
vt 0.68554688 0.15332031 0.00000000
vt 0.98657227 0.18188477 0.00000000
vt 0.98144531 0.19458008 0.00000000
vt 0.94384766 0.16821289 0.00000000
vt 0.95483398 0.16113281 0.00000000
vt 0.97387695 0.16528320 0.00000000
vt 0.93432617 0.15161133 0.00000000
vt 0.92309570 0.14477539 0.00000000
vt 0.95898438 0.15649414 0.00000000
vt 0.97973633 0.16162109 0.00000000
vt 0.94458008 0.15283203 0.00000000
vt 0.92431641 0.14257812 0.00000000
vt 0.91845703 0.14331055 0.00000000
vt 0.91577148 0.14965820 0.00000000
vt 0.96020508 0.14599609 0.00000000
vt 0.93823242 0.13549805 0.00000000
vt 0.98046875 0.15063477 0.00000000
vt 0.93017578 0.13281250 0.00000000
vt 0.91650391 0.14233398 0.00000000
vt 0.91430664 0.14599609 0.00000000
vt 0.97265625 0.13623047 0.00000000
vt 0.99877930 0.14916992 0.00000000
vt 0.94775391 0.12866211 0.00000000
vt 0.98803711 0.12670898 0.00000000
vt 0.99804688 0.12695312 0.00000000
vt 0.97094727 0.11401367 0.00000000
vt 0.99096680 0.11523438 0.00000000
vt 0.99316406 0.10180664 0.00000000
vt 0.95434570 0.11718750 0.00000000
vt 0.97167969 0.10937500 0.00000000
vt 0.94482422 0.10473633 0.00000000
vt 0.93017578 0.11181641 0.00000000
vt 0.94726562 0.08105469 0.00000000
vt 0.91625977 0.12451172 0.00000000
vt 0.91625977 0.09912109 0.00000000
vt 0.91040039 0.09814453 0.00000000
vt 0.90869141 0.11621094 0.00000000
vt 0.90429688 0.09521484 0.00000000
vt 0.91284180 0.13110352 0.00000000
vt 0.87817383 0.11108398 0.00000000
vt 0.89257812 0.09521484 0.00000000
vt 0.89770508 0.12011719 0.00000000
vt 0.90844727 0.13964844 0.00000000
vt 0.91235352 0.14794922 0.00000000
vt 0.90478516 0.13549805 0.00000000
vt 0.87231445 0.12182617 0.00000000
vt 0.82397461 0.11108398 0.00000000
vt 0.84228516 0.12475586 0.00000000
vt 0.86230469 0.13696289 0.00000000
vt 0.82275391 0.13208008 0.00000000
vt 0.88745117 0.14282227 0.00000000
vt 0.88354492 0.15698242 0.00000000
vt 0.86840820 0.14575195 0.00000000
vt 0.86450195 0.14404297 0.00000000
vt 0.84423828 0.14038086 0.00000000
vt 0.86035156 0.16015625 0.00000000
vt 0.82714844 0.14331055 0.00000000
vt 0.82104492 0.14379883 0.00000000
vt 0.07617188 0.19287109 0.00000000
vt 0.07958984 0.19897461 0.00000000
vt 0.07348633 0.19897461 0.00000000
vt 0.07421875 0.19189453 0.00000000
vt 0.08520508 0.18896484 0.00000000
vt 0.08691406 0.21997070 0.00000000
vt 0.06958008 0.20190430 0.00000000
vt 0.07348633 0.19189453 0.00000000
vt 0.06152344 0.20849609 0.00000000
vt 0.05712891 0.20117188 0.00000000
vt 0.05834961 0.22363281 0.00000000
vt 0.04931641 0.18823242 0.00000000
vt 0.01025391 0.20727539 0.00000000
vt 0.05395508 0.18432617 0.00000000
vt 0.03808594 0.17163086 0.00000000
vt 0.07812500 0.18652344 0.00000000
vt 0.07910156 0.18603516 0.00000000
vt 0.09887695 0.17236328 0.00000000
vt 0.08325195 0.18457031 0.00000000
vt 0.09692383 0.18432617 0.00000000
vt 0.20996094 0.06518555 0.00000000
vt 0.23583984 0.10644531 0.00000000
vt 0.20898438 0.09252930 0.00000000
vt 0.18652344 0.09570312 0.00000000
vt 0.18457031 0.07617188 0.00000000
vt 0.20556641 0.11767578 0.00000000
vt 0.17431641 0.08984375 0.00000000
vt 0.15332031 0.07031250 0.00000000
vt 0.14501953 0.10083008 0.00000000
vt 0.12646484 0.08691406 0.00000000
vt 0.12377930 0.11230469 0.00000000
vt 0.15014648 0.10913086 0.00000000
vt 0.14355469 0.13134766 0.00000000
vt 0.10815430 0.12353516 0.00000000
vt 0.16772461 0.12182617 0.00000000
vt 0.12548828 0.14892578 0.00000000
vt 0.14501953 0.14453125 0.00000000
vt 0.14550781 0.16601562 0.00000000
vt 0.16943359 0.14257812 0.00000000
vt 0.10986328 0.17553711 0.00000000
vt 0.09399414 0.15600586 0.00000000
vt 0.16088867 0.16943359 0.00000000
vt 0.14233398 0.18969727 0.00000000
vt 0.15209961 0.19433594 0.00000000
vt 0.12670898 0.19799805 0.00000000
vt 0.10131836 0.19116211 0.00000000
vt 0.10278320 0.21093750 0.00000000
vt 0.14941406 0.21044922 0.00000000
vt 0.13037109 0.21679688 0.00000000
vt 0.11035156 0.22875977 0.00000000
vt 0.12451172 0.22607422 0.00000000
vt 0.11816406 0.24365234 0.00000000
vt 0.15405273 0.21704102 0.00000000
vt 0.16210938 0.23437500 0.00000000
vt 0.17626953 0.24731445 0.00000000
vt 0.16552734 0.23193359 0.00000000
vt 0.16674805 0.20996094 0.00000000
vt 0.16992188 0.26025391 0.00000000
vt 0.11718750 0.25244141 0.00000000
vt 0.13745117 0.27197266 0.00000000
vt 0.10668945 0.26806641 0.00000000
vt 0.18212891 0.25390625 0.00000000
vt 0.18652344 0.24169922 0.00000000
vt 0.17211914 0.21899414 0.00000000
vt 0.19897461 0.24096680 0.00000000
vt 0.17700195 0.21997070 0.00000000
vt 0.17382812 0.20825195 0.00000000
vt 0.20629883 0.22094727 0.00000000
vt 0.16552734 0.18823242 0.00000000
vt 0.16699219 0.16577148 0.00000000
vt 0.20605469 0.19067383 0.00000000
vt 0.23193359 0.20434570 0.00000000
vt 0.19897461 0.16821289 0.00000000
vt 0.22924805 0.17578125 0.00000000
vt 0.24096680 0.18847656 0.00000000
vt 0.25561523 0.15673828 0.00000000
vt 0.24487305 0.15112305 0.00000000
vt 0.22949219 0.14746094 0.00000000
vt 0.25610352 0.15454102 0.00000000
vt 0.26147461 0.15405273 0.00000000
vt 0.24536133 0.14990234 0.00000000
vt 0.25708008 0.14575195 0.00000000
vt 0.24511719 0.14453125 0.00000000
vt 0.23510742 0.14746094 0.00000000
vt 0.22387695 0.14379883 0.00000000
vt 0.22875977 0.14086914 0.00000000
vt 0.22070312 0.14477539 0.00000000
vt 0.20629883 0.14208984 0.00000000
vt 0.20751953 0.14038086 0.00000000
vt 0.19848633 0.13964844 0.00000000
vt 0.21264648 0.13671875 0.00000000
vt 0.19604492 0.13623047 0.00000000
vt 0.18115234 0.13574219 0.00000000
vt 0.17016602 0.13403320 0.00000000
vt 0.18261719 0.13427734 0.00000000
vt 0.18115234 0.13183594 0.00000000
vt 0.19921875 0.13403320 0.00000000
vt 0.17114258 0.13232422 0.00000000
vt 0.19091797 0.13159180 0.00000000
vt 0.20751953 0.13354492 0.00000000
vt 0.22167969 0.13769531 0.00000000
vt 0.24169922 0.14111328 0.00000000
vt 0.24658203 0.10351562 0.00000000
vt 0.25268555 0.14282227 0.00000000
vt 0.25439453 0.12963867 0.00000000
vt 0.25195312 0.10009766 0.00000000
vt 0.26879883 0.14477539 0.00000000
vt 0.27734375 0.13891602 0.00000000
vt 0.39282227 0.73876953 0.00000000
vt 0.37451172 0.71923828 0.00000000
vt 0.43041992 0.71508789 0.00000000
vt 0.42358398 0.74243164 0.00000000
vt 0.38647461 0.69384766 0.00000000
vt 0.44360352 0.74267578 0.00000000
vt 0.44824219 0.72241211 0.00000000
vt 0.46215820 0.74169922 0.00000000
vt 0.43896484 0.68432617 0.00000000
vt 0.44458008 0.66381836 0.00000000
vt 0.39770508 0.67602539 0.00000000
vt 0.45092773 0.68188477 0.00000000
vt 0.46118164 0.70874023 0.00000000
vt 0.49365234 0.70239258 0.00000000
vt 0.45800781 0.66210938 0.00000000
vt 0.47705078 0.66918945 0.00000000
vt 0.45288086 0.65551758 0.00000000
vt 0.45727539 0.64013672 0.00000000
vt 0.45068359 0.64208984 0.00000000
vt 0.41210938 0.65454102 0.00000000
vt 0.40087891 0.65893555 0.00000000
vt 0.35668945 0.69824219 0.00000000
vt 0.38989258 0.63989258 0.00000000
vt 0.37060547 0.66870117 0.00000000
vt 0.36132812 0.64868164 0.00000000
vt 0.37084961 0.64038086 0.00000000
vt 0.35937500 0.63427734 0.00000000
vt 0.42431641 0.62695312 0.00000000
vt 0.39624023 0.62451172 0.00000000
vt 0.37353516 0.62939453 0.00000000
vt 0.36962891 0.60937500 0.00000000
vt 0.35034180 0.62207031 0.00000000
vt 0.38110352 0.62768555 0.00000000
vt 0.38500977 0.62524414 0.00000000
vt 0.39453125 0.62280273 0.00000000
vt 0.40576172 0.61840820 0.00000000
vt 0.35791016 0.57885742 0.00000000
vt 0.45263672 0.61669922 0.00000000
vt 0.42382812 0.61254883 0.00000000
vt 0.42285156 0.61181641 0.00000000
vt 0.40161133 0.60571289 0.00000000
vt 0.44091797 0.60571289 0.00000000
vt 0.41967773 0.57666016 0.00000000
vt 0.38330078 0.60375977 0.00000000
vt 0.39111328 0.57446289 0.00000000
vt 0.36889648 0.56958008 0.00000000
vt 0.32983398 0.58276367 0.00000000
vt 0.34082031 0.55932617 0.00000000
vt 0.34277344 0.55004883 0.00000000
vt 0.32861328 0.55541992 0.00000000
vt 0.32885742 0.55444336 0.00000000
vt 0.34667969 0.53027344 0.00000000
vt 0.35791016 0.54443359 0.00000000
vt 0.36230469 0.52954102 0.00000000
vt 0.36621094 0.54125977 0.00000000
vt 0.38427734 0.55639648 0.00000000
vt 0.37548828 0.53784180 0.00000000
vt 0.37866211 0.51367188 0.00000000
vt 0.40307617 0.54321289 0.00000000
vt 0.39062500 0.53247070 0.00000000
vt 0.40429688 0.52734375 0.00000000
vt 0.41552734 0.52343750 0.00000000
vt 0.36083984 0.51684570 0.00000000
vt 0.40185547 0.51708984 0.00000000
vt 0.40063477 0.49169922 0.00000000
vt 0.41552734 0.52270508 0.00000000
vt 0.40502930 0.50488281 0.00000000
vt 0.36425781 0.50537109 0.00000000
vt 0.30834961 0.55541992 0.00000000
vt 0.34521484 0.51147461 0.00000000
vt 0.31274414 0.52441406 0.00000000
vt 0.33300781 0.50146484 0.00000000
vt 0.35058594 0.48803711 0.00000000
vt 0.32495117 0.47412109 0.00000000
vt 0.30297852 0.48974609 0.00000000
vt 0.30908203 0.46264648 0.00000000
vt 0.36889648 0.47485352 0.00000000
vt 0.34570312 0.45898438 0.00000000
vt 0.31347656 0.43530273 0.00000000
vt 0.33007812 0.44750977 0.00000000
vt 0.33398438 0.43847656 0.00000000
vt 0.33593750 0.43383789 0.00000000
vt 0.36816406 0.44775391 0.00000000
vt 0.35571289 0.43090820 0.00000000
vt 0.37597656 0.47338867 0.00000000
vt 0.38208008 0.43945312 0.00000000
vt 0.34082031 0.40991211 0.00000000
vt 0.36230469 0.40234375 0.00000000
vt 0.38696289 0.47265625 0.00000000
vt 0.39111328 0.49023438 0.00000000
vt 0.40234375 0.48486328 0.00000000
vt 0.40600586 0.44995117 0.00000000
vt 0.40722656 0.46752930 0.00000000
vt 0.40576172 0.48828125 0.00000000
vt 0.42749023 0.47534180 0.00000000
vt 0.45141602 0.47949219 0.00000000
vt 0.43164062 0.50781250 0.00000000
vt 0.42285156 0.51831055 0.00000000
vt 0.41748047 0.52246094 0.00000000
vt 0.43457031 0.51586914 0.00000000
vt 0.46606445 0.52099609 0.00000000
vt 0.46997070 0.54272461 0.00000000
vt 0.44824219 0.55395508 0.00000000
vt 0.47973633 0.57958984 0.00000000
vt 0.43139648 0.55908203 0.00000000
vt 0.44848633 0.60253906 0.00000000
vt 0.44995117 0.60302734 0.00000000
vt 0.45092773 0.60205078 0.00000000
vt 0.45678711 0.59472656 0.00000000
vt 0.46948242 0.60571289 0.00000000
vt 0.46240234 0.60473633 0.00000000
vt 0.45361328 0.60375977 0.00000000
vt 0.46411133 0.60595703 0.00000000
vt 0.48217773 0.61791992 0.00000000
vt 0.48168945 0.60742188 0.00000000
vt 0.49096680 0.60913086 0.00000000
vt 0.47753906 0.60791016 0.00000000
vt 0.48779297 0.60961914 0.00000000
vt 0.48510742 0.63037109 0.00000000
vt 0.46118164 0.64013672 0.00000000
vt 0.47656250 0.64257812 0.00000000
vt 0.48852539 0.68090820 0.00000000
vt 0.12060547 0.70898438 0.00000000
vt 0.13696289 0.74438477 0.00000000
vt 0.11474609 0.76660156 0.00000000
vt 0.12792969 0.78833008 0.00000000
vt 0.15551758 0.76635742 0.00000000
vt 0.14843750 0.78808594 0.00000000
vt 0.14892578 0.80493164 0.00000000
vt 0.17163086 0.80395508 0.00000000
vt 0.19165039 0.76367188 0.00000000
vt 0.12670898 0.80078125 0.00000000
vt 0.18554688 0.80493164 0.00000000
vt 0.20043945 0.77954102 0.00000000
vt 0.21484375 0.79687500 0.00000000
vt 0.22045898 0.76367188 0.00000000
vt 0.15307617 0.82080078 0.00000000
vt 0.20385742 0.81738281 0.00000000
vt 0.12182617 0.80737305 0.00000000
vt 0.24877930 0.80468750 0.00000000
vt 0.17846680 0.81469727 0.00000000
vt 0.14575195 0.82666016 0.00000000
vt 0.12280273 0.81591797 0.00000000
vt 0.17456055 0.82055664 0.00000000
vt 0.16894531 0.82836914 0.00000000
vt 0.13964844 0.84448242 0.00000000
vt 0.10766602 0.81372070 0.00000000
vt 0.16333008 0.83666992 0.00000000
vt 0.17138672 0.82763672 0.00000000
vt 0.16796875 0.83422852 0.00000000
vt 0.18041992 0.83276367 0.00000000
vt 0.17822266 0.83300781 0.00000000
vt 0.16113281 0.84765625 0.00000000
vt 0.15942383 0.84448242 0.00000000
vt 0.15405273 0.85253906 0.00000000
vt 0.16943359 0.85522461 0.00000000
vt 0.15722656 0.85034180 0.00000000
vt 0.15722656 0.85668945 0.00000000
vt 0.15161133 0.86328125 0.00000000
vt 0.10644531 0.87646484 0.00000000
vt 0.13305664 0.86987305 0.00000000
vt 0.14794922 0.86840820 0.00000000
vt 0.13940430 0.88574219 0.00000000
vt 0.15332031 0.86376953 0.00000000
vt 0.14526367 0.87841797 0.00000000
vt 0.14892578 0.87500000 0.00000000
vt 0.15283203 0.86914062 0.00000000
vt 0.12670898 0.90087891 0.00000000
vt 0.11303711 0.90527344 0.00000000
vt 0.14575195 0.89013672 0.00000000
vt 0.14013672 0.89575195 0.00000000
vt 0.13549805 0.90576172 0.00000000
vt 0.13500977 0.91918945 0.00000000
vt 0.13647461 0.90917969 0.00000000
vt 0.14257812 0.90429688 0.00000000
vt 0.14550781 0.90234375 0.00000000
vt 0.14111328 0.91162109 0.00000000
vt 0.13232422 0.92382812 0.00000000
vt 0.10644531 0.91064453 0.00000000
vt 0.13891602 0.92407227 0.00000000
vt 0.13696289 0.92651367 0.00000000
vt 0.12890625 0.93041992 0.00000000
vt 0.16015625 0.91796875 0.00000000
vt 0.18481445 0.93725586 0.00000000
vt 0.19653320 0.93676758 0.00000000
vt 0.20678711 0.91162109 0.00000000
vt 0.24414062 0.91796875 0.00000000
vt 0.19165039 0.90039062 0.00000000
vt 0.17260742 0.87597656 0.00000000
vt 0.21435547 0.86914062 0.00000000
vt 0.23803711 0.87670898 0.00000000
vt 0.24267578 0.89794922 0.00000000
vt 0.25537109 0.91748047 0.00000000
vt 0.25659180 0.92919922 0.00000000
vt 0.24682617 0.89428711 0.00000000
vt 0.26049805 0.89355469 0.00000000
vt 0.26464844 0.92016602 0.00000000
vt 0.28466797 0.91455078 0.00000000
vt 0.30541992 0.90600586 0.00000000
vt 0.27661133 0.88403320 0.00000000
vt 0.25341797 0.87158203 0.00000000
vt 0.29638672 0.87329102 0.00000000
vt 0.29785156 0.85986328 0.00000000
vt 0.28320312 0.84814453 0.00000000
vt 0.24926758 0.87255859 0.00000000
vt 0.24975586 0.86279297 0.00000000
vt 0.27343750 0.83642578 0.00000000
vt 0.23608398 0.85131836 0.00000000
vt 0.22460938 0.83740234 0.00000000
vt 0.25756836 0.82250977 0.00000000
vt 0.21289062 0.84497070 0.00000000
vt 0.21606445 0.85864258 0.00000000
vt 0.20532227 0.85034180 0.00000000
vt 0.18994141 0.83959961 0.00000000
vt 0.88525391 0.51977539 0.00000000
vt 0.87231445 0.50219727 0.00000000
vt 0.88647461 0.45849609 0.00000000
vt 0.89453125 0.48974609 0.00000000
vt 0.86425781 0.47460938 0.00000000
vt 0.86767578 0.44921875 0.00000000
vt 0.87792969 0.44409180 0.00000000
vt 0.90893555 0.46191406 0.00000000
vt 0.92236328 0.47558594 0.00000000
vt 0.92968750 0.45385742 0.00000000
vt 0.94482422 0.48364258 0.00000000
vt 0.95336914 0.47265625 0.00000000
vt 0.94360352 0.43920898 0.00000000
vt 0.98071289 0.44897461 0.00000000
vt 0.93896484 0.41333008 0.00000000
vt 0.99487305 0.41992188 0.00000000
vt 0.91918945 0.43286133 0.00000000
vt 0.99389648 0.40209961 0.00000000
vt 0.88818359 0.42358398 0.00000000
vt 0.85937500 0.40332031 0.00000000
vt 0.92675781 0.41308594 0.00000000
vt 0.93481445 0.39819336 0.00000000
vt 0.88085938 0.40283203 0.00000000
vt 0.86352539 0.39013672 0.00000000
vt 0.91137695 0.40454102 0.00000000
vt 0.92822266 0.40161133 0.00000000
vt 0.90600586 0.39306641 0.00000000
vt 0.87792969 0.38378906 0.00000000
vt 0.85815430 0.37744141 0.00000000
vt 0.93481445 0.38183594 0.00000000
vt 0.95971680 0.39721680 0.00000000
vt 0.99536133 0.39111328 0.00000000
vt 0.93945312 0.39599609 0.00000000
vt 0.96777344 0.38867188 0.00000000
vt 0.96752930 0.37939453 0.00000000
vt 0.99096680 0.37841797 0.00000000
vt 0.97705078 0.37524414 0.00000000
vt 0.99487305 0.36352539 0.00000000
vt 0.96166992 0.37207031 0.00000000
vt 0.99340820 0.32836914 0.00000000
vt 0.95874023 0.35229492 0.00000000
vt 0.93530273 0.36767578 0.00000000
vt 0.96752930 0.32299805 0.00000000
vt 0.99658203 0.30737305 0.00000000
vt 0.92700195 0.36694336 0.00000000
vt 0.97656250 0.29077148 0.00000000
vt 0.99560547 0.28564453 0.00000000
vt 0.97534180 0.28198242 0.00000000
vt 0.95898438 0.28149414 0.00000000
vt 0.97705078 0.27587891 0.00000000
vt 0.99877930 0.27661133 0.00000000
vt 0.98193359 0.26293945 0.00000000
vt 0.93920898 0.31225586 0.00000000
vt 0.92114258 0.33276367 0.00000000
vt 0.93652344 0.28247070 0.00000000
vt 0.94824219 0.27978516 0.00000000
vt 0.92700195 0.29272461 0.00000000
vt 0.93798828 0.27539062 0.00000000
vt 0.92846680 0.28222656 0.00000000
vt 0.91015625 0.28100586 0.00000000
vt 0.91040039 0.31689453 0.00000000
vt 0.91357422 0.27050781 0.00000000
vt 0.90039062 0.28149414 0.00000000
vt 0.94506836 0.25903320 0.00000000
vt 0.90527344 0.36352539 0.00000000
vt 0.91650391 0.36596680 0.00000000
vt 0.89550781 0.33325195 0.00000000
vt 0.90429688 0.36499023 0.00000000
vt 0.89306641 0.36450195 0.00000000
vt 0.88598633 0.36596680 0.00000000
vt 0.88061523 0.36401367 0.00000000
vt 0.87622070 0.36621094 0.00000000
vt 0.86816406 0.36791992 0.00000000
vt 0.86059570 0.36791992 0.00000000
vt 0.87011719 0.36596680 0.00000000
vt 0.86254883 0.36645508 0.00000000
vt 0.85620117 0.36889648 0.00000000
vt 0.86767578 0.32788086 0.00000000
vt 0.84814453 0.34008789 0.00000000
vt 0.85302734 0.30371094 0.00000000
vt 0.86303711 0.27880859 0.00000000
vt 0.88403320 0.30053711 0.00000000
vt 0.88061523 0.27807617 0.00000000
vt 0.89062500 0.27929688 0.00000000
vt 0.88378906 0.27539062 0.00000000
vt 0.84643555 0.27636719 0.00000000
vt 0.88037109 0.26293945 0.00000000
vt 0.92138672 0.25585938 0.00000000
vt 0.90332031 0.24633789 0.00000000
vt 0.87304688 0.24169922 0.00000000
vt 0.86425781 0.22363281 0.00000000
vt 0.93554688 0.25561523 0.00000000
vt 0.93139648 0.25292969 0.00000000
vt 0.90185547 0.22216797 0.00000000
vt 0.89428711 0.20898438 0.00000000
vt 0.87719727 0.21240234 0.00000000
vt 0.95166016 0.23706055 0.00000000
vt 0.91162109 0.19995117 0.00000000
vt 0.90039062 0.15893555 0.00000000
vt 0.87695312 0.18920898 0.00000000
vt 0.92919922 0.19506836 0.00000000
vt 0.93237305 0.22436523 0.00000000
vt 0.94775391 0.19750977 0.00000000
vt 0.94189453 0.18383789 0.00000000
vt 0.97167969 0.19604492 0.00000000
vt 0.99291992 0.22094727 0.00000000
vt 0.97875977 0.25512695 0.00000000
vt 0.99414062 0.25634766 0.00000000
vt 0.97436523 0.26196289 0.00000000
vt 0.96166992 0.26098633 0.00000000

# 1544 vertex normals
vn 0.15748031 -0.41732284 0.89763778
vn 0.19685039 0.04724409 0.97637796
vn -0.03937008 -0.03937008 1.00000000
vn 0.18110237 -0.11811024 0.97637796
vn 0.05511811 -0.88188976 0.47244096
vn 0.18110237 -0.12598425 0.97637796
vn -0.07086614 -0.92913383 0.36220473
vn 0.05511811 -0.88976377 0.45669290
vn -0.37795275 -0.30708662 0.87401575
vn -0.38582677 0.04724409 0.92125982
vn -0.06299213 0.04724409 1.00000000
vn -0.17322835 0.14960630 0.97637796
vn 0.19685039 0.03937008 0.97637796
vn 0.19685039 0.07874016 0.97637796
vn 0.07086614 0.87401575 0.48031497
vn -0.03149606 0.92125982 0.38582677
vn 0.18897638 0.30708662 0.92913383
vn 0.18897638 0.04724409 0.97637796
vn 0.20472440 0.03937008 0.97637796
vn 0.18897638 -0.02362205 0.98425198
vn 0.17322835 -0.29133859 0.94488192
vn 0.18897638 0.33070865 0.92913383
vn 0.07086614 0.88188976 0.46456692
vn 0.09448819 0.83464569 0.53543305
vn 0.03937008 0.96850395 0.24409449
vn 0.19685039 0.24409449 0.95275593
vn 0.18110237 0.47244096 0.85826772
vn 0.02362205 1.00000000 0.07874016
vn 0.36220473 0.43307087 0.82677168
vn 0.09448819 0.97637796 0.17322835
vn 0.01574803 1.00000000 -0.04724409
vn 0.56692910 0.04724409 0.82677168
vn 0.18110237 0.05511811 0.98425198
vn 0.18897638 0.05511811 0.98425198
vn 0.66141731 0.38582677 0.63779527
vn 0.61417323 0.03937008 0.78740156
vn 0.51968503 -0.23622048 0.81889760
vn 0.12598425 -0.69291341 0.71653545
vn 0.07086614 -0.87401575 0.48818898
vn 0.22047244 0.94488192 0.24409449
vn 0.52755904 0.70078743 0.48031497
vn -0.07874016 1.00000000 0.00000000
vn 0.66929132 0.37007874 0.64566928
vn -0.04724409 1.00000000 -0.01574803
vn -0.08661418 1.00000000 0.00000000
vn -0.03149606 1.00000000 -0.02362205
vn 0.70866144 0.03937008 0.70866144
vn 0.70078743 0.15748031 0.69291341
vn 0.70866144 0.03149606 0.70866144
vn 0.70866144 0.02362205 0.70078743
vn 0.71653545 0.01574803 0.69291341
vn 0.70078743 -0.34645671 0.62204725
vn 0.52755904 -0.74803150 0.40944880
vn 0.69291341 -0.39370078 0.60629922
vn 0.19685039 -0.94488192 0.26771653
vn 0.09448819 -0.99212599 0.07086614
vn -0.00787402 -1.00000000 -0.00787402
vn 0.53543305 -0.74015749 0.40944880
vn -0.05511811 -0.99212599 -0.10236220
vn 0.00787402 -1.00000000 -0.08661418
vn -0.06299213 -0.99212599 -0.09448819
vn -0.10236220 -0.99212599 -0.07874016
vn -0.07086614 -0.99212599 -0.09448819
vn 0.00787402 -0.99212599 -0.12598425
vn 0.00787402 -0.99212599 -0.11811024
vn 0.00000000 -0.99212599 -0.12598425
vn 0.03149606 -0.99212599 -0.10236220
vn 0.01574803 -1.00000000 -0.07874016
vn 0.11023622 -0.99212599 -0.03937008
vn 0.03149606 -0.99212599 -0.11023622
vn 0.09448819 -0.99212599 -0.06299213
vn 0.09448819 -0.99212599 -0.03937008
vn 0.10236220 -0.99212599 -0.03149606
vn 0.07874016 -0.99212599 -0.04724409
vn 0.08661418 -0.99212599 -0.07086614
vn 0.06299213 -0.99212599 -0.07874016
vn 0.10236220 -0.99212599 -0.07874016
vn 0.07086614 -0.99212599 -0.07874016
vn 0.01574803 -1.00000000 -0.03937008
vn 0.00787402 -1.00000000 0.01574803
vn -0.15748031 -0.92913383 0.33070865
vn 0.00000000 -0.99212599 -0.11811024
vn -0.02362205 -0.92913383 0.37007874
vn 0.00000000 -1.00000000 -0.04724409
vn 0.04724409 -0.90551180 0.42519686
vn 0.00000000 -0.99212599 -0.11023622
vn 0.01574803 -0.99212599 0.14960630
vn 0.01574803 -0.99212599 0.11811024
vn -0.39370078 -0.19685039 0.89763778
vn -0.39370078 0.03937008 0.92125982
vn -0.15748031 -0.92913383 0.32283464
vn -0.35433072 -0.51181102 0.77952754
vn -0.15748031 -0.92913383 0.33858266
vn -0.37007874 -0.26771653 0.88976377
vn -0.16535433 -0.92125982 0.34645671
vn -0.38582677 0.03149606 0.92125982
vn -0.38582677 -0.19685039 0.89763778
vn -0.38582677 0.03937008 0.92125982
vn -0.36220473 0.29133859 0.88976377
vn -0.29133859 0.60629922 0.74015749
vn -0.13385826 0.92913383 0.35433072
vn -0.37007874 0.23622048 0.89763778
vn -0.15748031 0.90551180 0.39370078
vn -0.34645671 0.40157479 0.84251970
vn -0.01574803 0.98425198 0.16535433
vn 0.00787402 0.99212599 0.10236220
vn 0.06299213 1.00000000 -0.02362205
vn -0.13385826 0.91338581 0.37795275
vn -0.37795275 0.28346455 0.88188976
vn -0.33858266 0.40944880 0.84251970
vn -0.37795275 0.07086614 0.92125982
vn -0.14173228 0.91338581 0.38582677
vn -0.33070865 0.50393701 0.79527557
vn -0.53543305 0.27559054 0.79527557
vn -0.19685039 0.92125982 0.33858266
vn -0.74803150 0.03937008 0.66141731
vn -0.37795275 0.02362205 0.92125982
vn -0.18110237 -0.89763778 0.39370078
vn -0.44094488 0.03149606 0.89763778
vn -0.27559054 -0.92913383 0.25196850
vn -0.15748031 -0.92125982 0.34645671
vn -0.80314958 0.03937008 0.59055120
vn -0.80314958 -0.16535433 0.56692910
vn -0.76377952 0.31496063 0.56692910
vn -0.81102359 0.03149606 0.58267719
vn -0.78740156 -0.28346455 0.55118108
vn -0.32283464 -0.92125982 0.19685039
vn -0.81102359 0.06299213 0.57480317
vn -0.74015749 0.43307087 0.51968503
vn -0.31496063 0.92125982 0.22834645
vn -0.31496063 0.92125982 0.23622048
vn -0.33070865 -0.92913383 0.18897638
vn -0.31496063 -0.92913383 0.17322835
vn -0.22047244 -0.92913383 0.29133859
vn -0.15748031 -0.98425198 0.04724409
vn -0.03149606 -1.00000000 -0.03937008
vn -0.11811024 -0.97637796 0.15748031
vn 0.03937008 -0.99212599 -0.14173228
vn 0.09448819 -0.99212599 -0.11811024
vn 0.03149606 -0.99212599 -0.14960630
vn -0.07874016 -0.98425198 -0.16535433
vn -0.12598425 -0.96850395 -0.19685039
vn 0.03149606 -1.00000000 -0.06299213
vn -0.03937008 -0.99212599 0.10236220
vn -0.11023622 -0.96062994 0.24409449
vn 0.04724409 -0.99212599 -0.08661418
vn 0.05511811 -1.00000000 -0.06299213
vn 0.07874016 -1.00000000 -0.02362205
vn 0.01574803 -1.00000000 -0.08661418
vn -0.14173228 -0.96850395 -0.19685039
vn -0.13385826 -0.96850395 -0.19685039
vn 0.03149606 -0.99212599 -0.14173228
vn -0.01574803 -0.98425198 -0.15748031
vn 0.02362205 1.00000000 0.04724409
vn 0.01574803 1.00000000 0.02362205
vn 0.01574803 1.00000000 -0.03937008
vn 0.00787402 1.00000000 0.03149606
vn 0.11023622 0.99212599 0.00787402
vn 0.12598425 0.99212599 0.03937008
vn -0.01574803 0.99212599 0.14960630
vn -0.07086614 0.96062994 0.25984251
vn -0.09448819 0.94488192 0.31496063
vn 0.05511811 1.00000000 0.00787402
vn 0.05511811 1.00000000 -0.00787402
vn 0.08661418 1.00000000 0.00000000
vn 0.08661418 0.99212599 0.03149606
vn 0.11811024 0.99212599 0.05511811
vn 0.08661418 0.99212599 0.04724409
vn 0.06299213 1.00000000 0.02362205
vn 0.08661418 0.99212599 0.05511811
vn 0.05511811 1.00000000 0.04724409
vn 0.03149606 1.00000000 0.00787402
vn -0.01574803 1.00000000 -0.03149606
vn -0.03149606 1.00000000 -0.03937008
vn -0.14960630 0.97637796 -0.14173228
vn -0.15748031 0.97637796 -0.14173228
vn -0.02362205 0.99212599 -0.10236220
vn 0.01574803 1.00000000 -0.08661418
vn -0.14173228 0.98425198 -0.13385826
vn -0.12598425 0.98425198 -0.11811024
vn -0.01574803 0.99212599 -0.09448819
vn 0.07086614 0.99212599 -0.06299213
vn 0.03149606 1.00000000 -0.06299213
vn -0.17322835 0.97637796 0.11023622
vn -0.24409449 0.95275593 0.18110237
vn -0.25984251 0.92913383 0.26771653
vn 0.72440946 0.01574803 0.69291341
vn 0.72440946 0.00787402 0.69291341
vn 0.70866144 -0.34645671 0.61417323
vn 0.73228347 0.00787402 0.68503934
vn 0.71653545 0.02362205 0.69291341
vn 0.92913383 0.00000000 0.36220473
vn 0.99212599 -0.04724409 0.08661418
vn 0.55118108 -0.72440946 0.41732284
vn 0.55118108 -0.71653545 0.42519686
vn 0.72440946 -0.68503934 0.05511811
vn 0.52755904 -0.73228347 0.42519686
vn 0.74015749 -0.67716533 -0.00787402
vn 0.02362205 -1.00000000 0.00787402
vn -0.07874016 -1.00000000 0.01574803
vn 0.74015749 -0.67716533 -0.03149606
vn 0.40944880 -0.90551180 -0.09448819
vn -0.03149606 -0.98425198 0.16535433
vn -0.11811024 -0.99212599 -0.02362205
vn -0.23622048 -0.91338581 0.33070865
vn -0.15748031 -0.98425198 0.03937008
vn -0.19685039 -0.96850395 0.13385826
vn -0.40944880 -0.40157479 0.81889760
vn -0.39370078 -0.38582677 0.83464569
vn -0.11811024 -0.99212599 0.07086614
vn -0.08661418 -0.99212599 -0.01574803
vn -0.06299213 -0.99212599 -0.06299213
vn 0.14173228 -0.98425198 -0.07874016
vn -0.07086614 -0.99212599 -0.06299213
vn -0.02362205 -1.00000000 -0.01574803
vn 0.48818898 -0.86614174 -0.09448819
vn 0.77165353 -0.62992126 -0.11023622
vn 0.94488192 -0.26771653 -0.19685039
vn -0.03149606 -1.00000000 -0.02362205
vn -0.03149606 -1.00000000 -0.03149606
vn -0.04724409 -1.00000000 -0.02362205
vn 0.29133859 -0.95275593 -0.08661418
vn 0.14173228 -0.98425198 -0.07086614
vn 0.97637796 -0.07086614 -0.21259843
vn 0.97637796 -0.11023622 -0.20472440
vn 0.97637796 -0.00787402 -0.22047244
vn 0.97637796 -0.00787402 -0.21259843
vn 0.96850395 -0.13385826 -0.20472440
vn 0.97637796 -0.01574803 -0.22047244
vn 0.96850395 -0.12598425 -0.20472440
vn 0.96850395 -0.11023622 -0.21259843
vn 0.97637796 -0.00787402 -0.22834645
vn 0.97637796 -0.01574803 -0.22834645
vn 0.96850395 -0.00787402 -0.23622048
vn 0.95275593 0.23622048 -0.18110237
vn 0.94488192 0.20472440 0.24409449
vn 0.96850395 0.12598425 -0.20472440
vn 0.92913383 0.35433072 -0.13385826
vn 0.76377952 0.64566928 -0.04724409
vn 0.91338581 0.39370078 -0.11811024
vn 0.94488192 0.28346455 -0.15748031
vn 0.97637796 0.09448819 -0.21259843
vn 0.40157479 0.91338581 0.00000000
vn 0.03937008 1.00000000 0.02362205
vn 0.46456692 0.88976377 -0.00787402
vn 0.19685039 0.98425198 0.01574803
vn -0.07874016 1.00000000 0.03937008
vn -0.08661418 0.99212599 0.03937008
vn -0.03937008 0.99212599 0.08661418
vn -0.06299213 1.00000000 0.06299213
vn -0.04724409 1.00000000 0.06299213
vn -0.07874016 0.99212599 0.03149606
vn -0.07086614 1.00000000 0.03937008
vn -0.08661418 0.99212599 0.07086614
vn 0.75590551 0.66141731 -0.02362205
vn -0.11023622 0.98425198 0.12598425
vn -0.11811024 0.97637796 0.16535433
vn -0.37007874 0.37795275 0.85039371
vn 0.12598425 0.98425198 0.14960630
vn 0.63779527 0.70866144 0.29921260
vn 0.51181102 0.68503934 0.51181102
vn 0.19685039 0.91338581 0.34645671
vn -0.14173228 0.98425198 0.13385826
vn 0.17322835 0.96062994 0.21259843
vn 0.61417323 0.54330707 0.57480317
vn -0.21259843 0.92125982 0.33070865
vn -0.20472440 0.92913383 0.31496063
vn -0.11811024 0.99212599 0.08661418
vn -0.38582677 0.28346455 0.87401575
vn -0.81102359 0.03937008 0.58267719
vn -0.59842521 0.66929132 0.44094488
vn -0.32283464 0.91338581 0.25196850
vn -0.80314958 0.11811024 0.58267719
vn -0.30708662 0.92913383 0.21259843
vn -0.68503934 0.51181102 0.51181102
vn -0.80314958 0.02362205 0.59842521
vn -0.59055120 0.67716533 0.44094488
vn -0.29921260 0.92913383 0.21259843
vn -0.80314958 0.02362205 0.59055120
vn -0.80314958 0.03149606 0.59842521
vn -0.79527557 0.05511811 0.59842521
vn -0.81102359 0.07086614 0.58267719
vn -0.32283464 0.91338581 0.24409449
vn -0.29133859 0.92913383 0.22834645
vn -0.30708662 0.92125982 0.23622048
vn -0.79527557 0.17322835 0.57480317
vn -0.81102359 0.03149606 0.59055120
vn -0.30708662 0.92125982 0.24409449
vn -0.79527557 0.13385826 0.59055120
vn -0.89763778 0.02362205 0.44094488
vn -0.29921260 0.92125982 0.24409449
vn -0.15748031 0.97637796 0.13385826
vn -0.09448819 0.99212599 0.09448819
vn -0.00787402 1.00000000 0.00000000
vn 0.09448819 0.99212599 -0.06299213
vn 0.11811024 0.99212599 -0.05511811
vn 0.08661418 0.99212599 -0.06299213
vn 0.12598425 0.99212599 -0.01574803
vn 0.10236220 0.99212599 0.00787402
vn 0.07874016 1.00000000 -0.03937008
vn -0.07874016 0.99212599 -0.11811024
vn 0.08661418 1.00000000 -0.01574803
vn -0.19685039 0.96850395 0.14173228
vn 0.00000000 1.00000000 -0.03937008
vn -0.14960630 0.97637796 -0.16535433
vn 0.10236220 0.99212599 0.08661418
vn 0.11811024 0.99212599 0.02362205
vn 0.14960630 0.99212599 -0.01574803
vn 0.13385826 0.99212599 0.00000000
vn 0.11023622 0.99212599 0.06299213
vn 0.10236220 0.99212599 0.03149606
vn 0.11023622 0.99212599 0.03149606
vn 0.14960630 0.98425198 0.11023622
vn 0.03149606 1.00000000 0.04724409
vn 0.11811024 0.99212599 0.03149606
vn 0.07874016 1.00000000 0.00787402
vn -0.24409449 0.96850395 0.03937008
vn -0.38582677 0.92125982 0.06299213
vn -0.33858266 0.92125982 0.18110237
vn -0.33858266 0.89763778 0.26771653
vn -0.94488192 0.28346455 0.15748031
vn -0.83464569 0.53543305 0.14960630
vn -0.98425198 0.02362205 0.15748031
vn -0.98425198 0.02362205 0.16535433
vn -0.86614174 0.03937008 0.49606299
vn -0.97637796 0.01574803 0.20472440
vn -0.66141731 -0.59842521 0.44881889
vn -0.66929132 -0.73228347 0.11023622
vn -0.37007874 -0.92913383 0.05511811
vn -0.11811024 -0.99212599 0.06299213
vn -0.55118108 -0.73228347 0.39370078
vn -0.76377952 -0.35433072 0.54330707
vn -0.29921260 -0.93700784 0.19685039
vn -0.30708662 -0.92913383 0.21259843
vn 0.14173228 -0.99212599 -0.04724409
vn 0.14960630 -0.98425198 0.03149606
vn -0.14173228 -0.98425198 0.09448819
vn 0.13385826 -0.98425198 -0.11023622
vn 0.14173228 -0.99212599 -0.00787402
vn 0.14173228 -0.99212599 0.04724409
vn -0.18897638 -0.97637796 0.10236220
vn 0.10236220 -0.98425198 -0.11811024
vn 0.13385826 -0.99212599 0.05511811
vn 0.17322835 -0.98425198 -0.03149606
vn 0.02362205 -0.99212599 -0.11811024
vn 0.07874016 -1.00000000 -0.01574803
vn -0.13385826 -0.96850395 -0.21259843
vn 0.09448819 -0.98425198 -0.12598425
vn -0.29921260 -0.93700784 0.18110237
vn -0.81102359 -0.05511811 0.58267719
vn -0.75590551 -0.37795275 0.52755904
vn -0.81102359 -0.14173228 0.57480317
vn -0.29921260 -0.93700784 0.18897638
vn -0.81102359 0.00787402 0.59055120
vn -0.31496063 -0.92913383 0.18897638
vn -0.11023622 0.99212599 0.07086614
vn -0.11811024 0.99212599 0.07874016
vn -0.39370078 0.33070865 0.85826772
vn -0.37795275 0.27559054 0.88188976
vn -0.18110237 0.94488192 0.26771653
vn -0.37795275 0.40944880 0.82677168
vn -0.10236220 0.99212599 0.01574803
vn -0.38582677 0.40944880 0.82677168
vn -0.38582677 0.36220473 0.85039371
vn -0.10236220 0.99212599 0.05511811
vn -0.19685039 0.93700784 0.29921260
vn -0.04724409 0.99212599 0.07874016
vn -0.06299213 0.95275593 0.29133859
vn -0.01574803 0.99212599 0.10236220
vn -0.03937008 1.00000000 0.07874016
vn -0.54330707 0.75590551 0.35433072
vn -0.07874016 0.99212599 0.04724409
vn -0.07874016 1.00000000 0.03149606
vn -0.17322835 0.98425198 0.07874016
vn -0.16535433 0.98425198 0.03937008
vn -0.15748031 0.98425198 0.04724409
vn -0.22047244 0.96850395 0.10236220
vn -0.85826772 0.38582677 0.33858266
vn -0.72440946 0.61417323 0.29921260
vn -0.60629922 0.72440946 0.32283464
vn 0.12598425 0.99212599 0.00787402
vn 0.13385826 0.99212599 0.01574803
vn 0.13385826 0.99212599 0.00787402
vn -0.89763778 0.29133859 0.33858266
vn -0.92125982 0.22047244 0.33070865
vn -0.12598425 0.99212599 0.05511811
vn -0.50393701 0.83464569 0.20472440
vn -0.91338581 0.22834645 0.34645671
vn 0.11811024 0.99212599 0.01574803
vn -0.92125982 0.16535433 0.34645671
vn -0.12598425 0.98425198 0.11023622
vn 0.15748031 0.98425198 0.00000000
vn 0.15748031 0.98425198 0.04724409
vn 0.13385826 0.99212599 0.03149606
vn 0.16535433 0.98425198 -0.01574803
vn -0.11811024 -0.99212599 -0.05511811
vn -0.40944880 -0.33858266 0.85039371
vn -0.40157479 -0.32283464 0.85826772
vn -0.38582677 -0.53543305 0.75590551
vn -0.07874016 -1.00000000 -0.03937008
vn -0.40157479 -0.35433072 0.85039371
vn -0.11811024 -0.99212599 -0.03149606
vn -0.39370078 -0.34645671 0.85039371
vn -0.09448819 -0.99212599 0.00000000
vn -0.37795275 -0.50393701 0.77952754
vn -0.05511811 -1.00000000 -0.01574803
vn -0.37795275 -0.33858266 0.86614174
vn -0.38582677 -0.52755904 0.75590551
vn -0.01574803 -1.00000000 -0.00787402
vn -0.18110237 -0.98425198 0.07086614
vn -0.01574803 -1.00000000 0.00787402
vn -0.07874016 -0.99212599 -0.04724409
vn -0.85826772 -0.22834645 0.45669290
vn -0.40157479 -0.91338581 0.06299213
vn -0.39370078 -0.91338581 0.13385826
vn 0.12598425 -0.99212599 -0.04724409
vn -0.92913383 -0.18110237 0.32283464
vn -0.11023622 -0.99212599 -0.04724409
vn -0.54330707 -0.83464569 0.13385826
vn -0.29921260 -0.95275593 0.08661418
vn 0.11023622 -0.99212599 -0.05511811
vn 0.12598425 -0.99212599 -0.07086614
vn -0.25196850 -0.96850395 0.06299213
vn 0.12598425 -0.99212599 -0.07874016
vn 0.07874016 -0.99212599 -0.05511811
vn -0.92125982 -0.21259843 0.32283464
vn -0.91338581 -0.25196850 0.32283464
vn -0.92913383 -0.22047244 0.29921260
vn -0.08661418 -0.99212599 -0.03937008
vn -0.26771653 -0.96062994 0.01574803
vn -0.07086614 -0.99212599 -0.07086614
vn -0.07086614 -1.00000000 -0.03937008
vn -0.81102359 -0.51181102 0.28346455
vn -0.14173228 -0.99212599 -0.05511811
vn -0.86614174 -0.38582677 0.31496063
vn 0.10236220 -0.99212599 -0.07086614
vn -0.03937008 -1.00000000 0.00000000
vn -0.46456692 -0.87401575 0.16535433
vn -0.14173228 -0.98425198 -0.05511811
vn -0.04724409 -1.00000000 -0.00787402
vn -0.14960630 -0.98425198 0.04724409
vn 0.11811024 -0.99212599 -0.07086614
vn 0.02362205 -0.99212599 -0.12598425
vn -0.12598425 -0.99212599 -0.08661418
vn 0.11811024 -0.99212599 -0.07874016
vn 0.00787402 -0.99212599 -0.14173228
vn -0.12598425 -0.96850395 -0.22834645
vn -0.09448819 -0.98425198 -0.14173228
vn -0.08661418 -1.00000000 -0.00787402
vn -0.13385826 -0.98425198 0.12598425
vn -0.18110237 -0.97637796 0.13385826
vn -0.17322835 -0.97637796 0.15748031
vn -0.25984251 -0.95275593 0.14173228
vn -0.11811024 -0.97637796 0.17322835
vn -0.12598425 -0.98425198 0.14960630
vn -0.13385826 -0.97637796 0.14960630
vn -0.09448819 -0.97637796 0.18110237
vn -0.09448819 -0.97637796 0.19685039
vn -0.09448819 -0.98425198 0.15748031
vn -0.08661418 -0.98425198 0.14960630
vn -0.10236220 -0.98425198 0.15748031
vn -0.08661418 -0.98425198 0.14173228
vn -0.11811024 -0.98425198 0.14960630
vn -0.05511811 0.99212599 -0.07874016
vn -0.00787402 0.99212599 -0.09448819
vn -0.13385826 0.97637796 -0.14960630
vn 0.06299213 1.00000000 -0.04724409
vn -0.12598425 0.98425198 -0.14960630
vn -0.14173228 0.98425198 0.09448819
vn -0.45669290 0.87401575 0.18897638
vn -0.12598425 0.98425198 0.09448819
vn -0.09448819 0.99212599 0.02362205
vn -0.07874016 0.99212599 0.05511811
vn -0.12598425 0.98425198 -0.12598425
vn -0.11811024 0.98425198 0.12598425
vn -0.16535433 0.97637796 0.14960630
vn -0.14173228 0.97637796 0.14960630
vn -0.25196850 0.95275593 0.14960630
vn -0.17322835 0.96850395 0.16535433
vn -0.10236220 0.97637796 0.17322835
vn -0.10236220 0.98425198 0.15748031
vn -0.09448819 0.98425198 0.15748031
vn -0.07874016 0.99212599 0.07874016
vn -0.10236220 0.97637796 0.20472440
vn -0.08661418 0.98425198 0.15748031
vn -0.03149606 0.99212599 0.09448819
vn 0.02362205 1.00000000 0.03937008
vn -0.98425198 0.02362205 0.17322835
vn -0.96850395 -0.18110237 0.18110237
vn -0.98425198 0.02362205 0.18110237
vn -0.96062994 0.22834645 0.17322835
vn -0.37795275 0.92125982 0.07086614
vn -0.98425198 0.03149606 0.18110237
vn -0.98425198 0.03149606 0.18897638
vn -0.94488192 0.26771653 0.17322835
vn -0.92125982 0.33858266 0.17322835
vn -0.96850395 0.14960630 0.18110237
vn -0.36220473 0.92913383 0.07086614
vn -0.98425198 0.01574803 0.18110237
vn -0.37007874 0.92913383 0.07086614
vn -0.98425198 -0.04724409 0.18897638
vn -0.37007874 -0.92913383 0.07086614
vn -0.36220473 -0.92913383 0.05511811
vn -0.55118108 -0.82677168 0.10236220
vn -0.33858266 -0.93700784 0.05511811
vn -0.14173228 -0.99212599 0.00787402
vn -0.51181102 -0.85039371 0.08661418
vn -0.36220473 -0.92913383 0.06299213
vn -0.34645671 -0.93700784 0.05511811
vn -0.98425198 -0.03149606 0.18110237
vn -0.37007874 -0.92913383 0.06299213
vn -0.33858266 -0.93700784 0.06299213
vn -0.98425198 0.00787402 0.18110237
vn -0.86614174 -0.48031497 0.15748031
vn -0.87401575 -0.44881889 0.16535433
vn -0.22834645 -0.96850395 0.03149606
vn -0.95275593 0.24409449 0.17322835
vn -0.98425198 0.04724409 0.18897638
vn -0.98425198 0.04724409 0.17322835
vn -0.36220473 0.92913383 0.07874016
vn -0.37007874 0.92913383 0.08661418
vn -0.17322835 0.98425198 0.03937008
vn 0.03937008 1.00000000 0.01574803
vn -0.15748031 0.98425198 0.02362205
vn 0.03937008 1.00000000 -0.00787402
vn -0.11023622 0.99212599 0.01574803
vn 0.03937008 1.00000000 -0.01574803
vn 0.03149606 1.00000000 0.00000000
vn 0.03149606 1.00000000 -0.01574803
vn 0.07086614 1.00000000 0.00787402
vn -0.00787402 1.00000000 0.04724409
vn 0.03937008 0.99212599 0.08661418
vn 0.04724409 1.00000000 0.06299213
vn -0.07086614 0.99212599 0.13385826
vn 0.03937008 0.99212599 0.10236220
vn -0.04724409 0.98425198 0.17322835
vn 0.11023622 0.99212599 0.01574803
vn 0.14960630 0.99212599 0.00000000
vn 0.00000000 0.98425198 0.15748031
vn 0.01574803 0.99212599 0.14173228
vn -0.04724409 1.00000000 0.05511811
vn 0.11023622 0.99212599 0.10236220
vn -0.06299213 0.98425198 0.14960630
vn 0.98425198 -0.00787402 -0.16535433
vn -0.00787402 0.11023622 0.99212599
vn -0.00787402 0.85826772 0.51181102
vn 0.01574803 1.00000000 -0.01574803
vn 0.02362205 1.00000000 -0.05511811
vn 0.05511811 1.00000000 0.00000000
vn 0.03149606 1.00000000 -0.03937008
vn 0.03937008 1.00000000 -0.03149606
vn 0.11811024 0.99212599 0.08661418
vn 0.07086614 1.00000000 0.01574803
vn 0.07086614 1.00000000 0.02362205
vn 0.06299213 1.00000000 0.00787402
vn 0.05511811 1.00000000 0.03937008
vn 0.05511811 1.00000000 0.03149606
vn 0.04724409 0.98425198 0.15748031
vn 0.05511811 1.00000000 0.05511811
vn 0.03937008 0.98425198 0.16535433
vn 0.04724409 1.00000000 0.00000000
vn 0.03937008 1.00000000 0.06299213
vn 0.04724409 1.00000000 -0.01574803
vn 0.03937008 0.98425198 -0.16535433
vn 0.03937008 0.98425198 -0.14960630
vn 0.05511811 1.00000000 -0.05511811
vn 0.11023622 -0.99212599 -0.02362205
vn 0.13385826 -0.99212599 -0.00787402
vn 0.13385826 -0.99212599 0.00000000
vn 0.17322835 -0.98425198 -0.05511811
vn 0.08661418 -0.99212599 0.06299213
vn 0.03149606 -0.99212599 0.11811024
vn 0.20472440 -0.97637796 -0.07874016
vn 0.00000000 -0.99212599 0.11811024
vn 0.12598425 -0.99212599 -0.03937008
vn 0.00787402 -1.00000000 0.03149606
vn 0.08661418 -0.99212599 -0.03937008
vn 0.09448819 -0.99212599 0.00000000
vn 0.01574803 -1.00000000 0.01574803
vn -0.03937008 -1.00000000 -0.00787402
vn 0.08661418 -0.99212599 -0.03149606
vn 0.09448819 -0.99212599 -0.04724409
vn -0.07086614 -0.99212599 0.08661418
vn 0.97637796 -0.00787402 -0.20472440
vn 0.02362205 0.02362205 1.00000000
vn 0.37007874 0.00787402 0.92913383
vn -0.03937008 0.02362205 1.00000000
vn -0.03937008 0.09448819 0.99212599
vn 0.69291341 -0.00787402 0.71653545
vn -0.04724409 0.00787402 1.00000000
vn 0.99212599 -0.01574803 -0.11023622
vn -0.04724409 0.01574803 1.00000000
vn -0.00787402 0.00787402 1.00000000
vn 0.63779527 0.00787402 0.77165353
vn -0.05511811 0.01574803 1.00000000
vn -0.05511811 0.00000000 1.00000000
vn 0.98425198 -0.02362205 -0.16535433
vn -0.00787402 -0.03937008 1.00000000
vn 0.24409449 -0.96850395 0.10236220
vn -0.04724409 -1.00000000 -0.01574803
vn -0.04724409 -0.99212599 0.14173228
vn 0.00000000 -0.56692910 0.82677168
vn 0.06299213 -1.00000000 -0.03937008
vn 0.01574803 -1.00000000 0.04724409
vn -0.03937008 -0.14960630 0.98425198
vn 0.03149606 -1.00000000 -0.01574803
vn -0.03937008 -0.07086614 1.00000000
vn -0.02362205 -0.24409449 0.96850395
vn -0.03149606 -0.06299213 1.00000000
vn -0.03937008 -0.06299213 1.00000000
vn 0.00787402 -0.77952754 0.62204725
vn 0.03937008 -1.00000000 -0.00787402
vn 0.03149606 -1.00000000 -0.07086614
vn -0.03149606 -0.07874016 1.00000000
vn -0.03937008 0.00000000 1.00000000
vn -0.04724409 0.00000000 1.00000000
vn -0.03937008 -0.07874016 1.00000000
vn 0.00787402 -0.93700784 0.34645671
vn -0.03937008 -0.20472440 0.97637796
vn 0.00787402 -0.99212599 0.10236220
vn 0.02362205 -1.00000000 -0.06299213
vn 0.03149606 -1.00000000 -0.07874016
vn 0.03937008 -1.00000000 -0.06299213
vn 0.07086614 -1.00000000 -0.00787402
vn 0.14173228 -0.98425198 0.08661418
vn -0.04724409 0.02362205 1.00000000
vn -0.03937008 0.03937008 1.00000000
vn -0.04724409 0.04724409 1.00000000
vn -0.00787402 0.53543305 0.84251970
vn -0.00787402 0.83464569 0.54330707
vn -0.07874016 0.07874016 0.99212599
vn 0.02362205 1.00000000 -0.03937008
vn -0.07086614 1.00000000 0.01574803
vn 0.00000000 1.00000000 0.05511811
vn -0.06299213 1.00000000 0.05511811
vn -0.03937008 0.98425198 0.15748031
vn -0.02362205 0.97637796 0.19685039
vn -0.06299213 0.98425198 0.14173228
vn -0.03149606 0.97637796 0.19685039
vn -0.07874016 0.97637796 0.18110237
vn -0.03149606 0.97637796 0.20472440
vn -0.02362205 0.97637796 0.20472440
vn -0.03149606 0.98425198 0.18110237
vn -0.05511811 0.97637796 0.19685039
vn -0.06299213 0.97637796 0.20472440
vn -0.03149606 0.97637796 0.21259843
vn -0.03937008 0.97637796 0.20472440
vn -0.05511811 0.98425198 0.17322835
vn -0.07086614 0.99212599 0.12598425
vn -0.09448819 0.99212599 0.06299213
vn -0.09448819 0.99212599 0.00787402
vn -0.08661418 0.99212599 0.05511811
vn -0.07874016 0.99212599 0.10236220
vn -0.04724409 0.97637796 0.19685039
vn -0.04724409 0.97637796 0.22047244
vn -0.05511811 0.98425198 0.15748031
vn -0.08661418 1.00000000 0.00787402
vn -0.04724409 1.00000000 -0.06299213
vn -0.07086614 0.99212599 -0.05511811
vn -0.12598425 0.97637796 0.18110237
vn -0.03937008 0.99212599 0.12598425
vn -0.21259843 0.96850395 0.15748031
vn 0.01574803 0.99212599 -0.08661418
vn 0.13385826 -0.02362205 0.99212599
vn 0.96850395 -0.00787402 0.25196850
vn -0.03937008 0.00787402 1.00000000
vn 0.96062994 0.00000000 0.28346455
vn 1.00000000 -0.00787402 0.00000000
vn -0.03937008 -0.00787402 1.00000000
vn -0.03937008 0.03149606 1.00000000
vn -0.03937008 -0.02362205 1.00000000
vn 0.80314958 -0.03149606 0.59842521
vn -0.03937008 0.01574803 1.00000000
vn -0.03149606 -0.03937008 1.00000000
vn -0.03937008 -0.01574803 1.00000000
vn -0.02362205 -0.15748031 0.98425198
vn -0.03149606 -0.15748031 0.98425198
vn -0.03149606 -0.07086614 1.00000000
vn 0.77165353 -0.63779527 0.01574803
vn -0.03149606 -0.14960630 0.99212599
vn 0.02362205 -1.00000000 0.02362205
vn 0.02362205 -1.00000000 -0.01574803
vn 0.03149606 -1.00000000 -0.02362205
vn 0.02362205 -1.00000000 -0.07874016
vn 0.00787402 -1.00000000 -0.05511811
vn -0.03149606 -0.16535433 0.98425198
vn 1.00000000 -0.01574803 0.00000000
vn 0.99212599 -0.09448819 -0.01574803
vn -0.00787402 -1.00000000 -0.03937008
vn 1.00000000 -0.04724409 -0.01574803
vn 0.96850395 -0.25196850 -0.01574803
vn 0.03149606 -1.00000000 -0.03937008
vn 0.97637796 0.19685039 0.00000000
vn 0.95275593 0.30708662 -0.00787402
vn 0.92125982 -0.38582677 -0.00787402
vn 1.00000000 0.00000000 -0.00787402
vn 0.59055120 0.03149606 0.80314958
vn 1.00000000 -0.03149606 0.00000000
vn 1.00000000 -0.02362205 0.00787402
vn 1.00000000 -0.00787402 0.00787402
vn 1.00000000 0.03149606 0.00787402
vn 1.00000000 0.07086614 0.01574803
vn 0.98425198 0.14173228 -0.07874016
vn 1.00000000 0.00787402 0.06299213
vn 0.98425198 -0.16535433 0.00787402
vn 0.55905509 -0.82677168 0.10236220
vn 0.82677168 -0.55905509 0.01574803
vn 0.19685039 -0.97637796 -0.03937008
vn 0.92913383 -0.36220473 0.06299213
vn -0.00787402 -1.00000000 -0.04724409
vn 0.00000000 -1.00000000 -0.03937008
vn 0.44094488 -0.88976377 0.09448819
vn 0.00787402 -0.99212599 0.14960630
vn 0.61417323 -0.78740156 -0.06299213
vn 0.00787402 -1.00000000 0.05511811
vn 0.04724409 -1.00000000 -0.01574803
vn -0.03149606 -0.96850395 0.25196850
vn -0.01574803 -0.99212599 0.11811024
vn -0.03149606 -0.97637796 0.22834645
vn -0.01574803 -1.00000000 0.07086614
vn -0.44094488 -0.85039371 0.28346455
vn -0.85826772 -0.51968503 0.03149606
vn -0.30708662 -0.94488192 0.11023622
vn -0.07086614 -1.00000000 -0.04724409
vn 0.00787402 -1.00000000 -0.06299213
vn 0.01574803 -1.00000000 -0.06299213
vn 0.03149606 -1.00000000 -0.03149606
vn -0.03937008 0.06299213 1.00000000
vn -0.03149606 0.13385826 0.99212599
vn 0.01574803 1.00000000 0.04724409
vn -0.03937008 0.29133859 0.96062994
vn 0.02362205 1.00000000 -0.04724409
vn 0.03149606 1.00000000 -0.00787402
vn 0.01574803 1.00000000 0.03149606
vn -0.03937008 0.07086614 1.00000000
vn -0.03149606 0.14960630 0.98425198
vn 0.42519686 0.37007874 0.82677168
vn 0.03149606 -1.00000000 0.03149606
vn 0.07874016 -1.00000000 0.00787402
vn 0.00787402 -1.00000000 0.04724409
vn 0.02362205 -1.00000000 0.03149606
vn 0.06299213 -1.00000000 -0.00787402
vn 0.05511811 -1.00000000 0.05511811
vn 0.05511811 -1.00000000 0.06299213
vn 0.06299213 -1.00000000 0.01574803
vn 0.04724409 -0.98425198 0.17322835
vn 0.04724409 -0.99212599 0.13385826
vn 0.04724409 -1.00000000 0.01574803
vn 0.04724409 -0.99212599 -0.12598425
vn 0.04724409 -1.00000000 -0.04724409
vn 0.04724409 -0.98425198 -0.18110237
vn 0.06299213 -1.00000000 -0.06299213
vn 0.05511811 -0.99212599 0.07874016
vn 0.10236220 -0.99212599 0.04724409
vn 0.10236220 -0.99212599 0.03937008
vn -0.05511811 -1.00000000 -0.00787402
vn -0.02362205 -0.98425198 0.16535433
vn -0.04724409 -0.99212599 0.10236220
vn -0.08661418 -0.99212599 0.10236220
vn -0.02362205 -0.98425198 0.18897638
vn -0.00787402 -0.98425198 0.18897638
vn -0.01574803 -0.98425198 0.18897638
vn -0.06299213 -0.98425198 0.18897638
vn -0.01574803 -0.98425198 0.19685039
vn -0.02362205 -0.98425198 0.17322835
vn -0.18897638 -0.96850395 0.16535433
vn -0.04724409 -0.98425198 0.15748031
vn -0.02362205 -0.97637796 0.20472440
vn -0.02362205 -0.97637796 0.22047244
vn -0.04724409 -0.97637796 0.21259843
vn -0.07086614 -0.99212599 0.07086614
vn -0.07874016 -1.00000000 0.03149606
vn -0.03937008 -0.97637796 0.20472440
vn -0.07874016 -1.00000000 0.00000000
vn -0.05511811 -0.99212599 0.14173228
vn -0.05511811 -0.99212599 -0.09448819
vn -0.07086614 -0.99212599 -0.05511811
vn -0.11023622 -0.97637796 0.18897638
vn -0.02362205 -0.99212599 0.13385826
vn 0.04724409 -1.00000000 0.00787402
vn -0.03149606 -0.99212599 -0.11811024
vn 0.00000000 1.00000000 -0.03149606
vn 0.44881889 0.88976377 -0.03149606
vn 1.00000000 0.00787402 0.00000000
vn 0.07086614 1.00000000 -0.02362205
vn 0.00000000 1.00000000 -0.02362205
vn 0.02362205 1.00000000 -0.01574803
vn 0.00787402 1.00000000 0.08661418
vn 0.01574803 0.99212599 0.13385826
vn 0.00000000 1.00000000 0.04724409
vn 0.01574803 1.00000000 0.07874016
vn 0.05511811 0.99212599 0.07874016
vn -0.02362205 1.00000000 0.05511811
vn 0.06299213 1.00000000 0.01574803
vn 0.48031497 0.87401575 -0.01574803
vn 0.39370078 0.92125982 0.00787402
vn 0.99212599 0.13385826 0.02362205
vn 0.92913383 0.36220473 0.03937008
vn 1.00000000 0.02362205 -0.02362205
vn 0.95275593 0.27559054 -0.10236220
vn 1.00000000 0.02362205 0.00000000
vn 0.31496063 0.94488192 0.03149606
vn 0.81889760 0.57480317 0.05511811
vn 0.03149606 1.00000000 0.07086614
vn 0.16535433 0.98425198 -0.08661418
vn 0.01574803 1.00000000 -0.06299213
vn 0.09448819 -0.99212599 0.03937008
vn 0.05511811 -1.00000000 -0.02362205
vn 0.03937008 -1.00000000 0.06299213
vn 0.11023622 -0.99212599 0.07086614
vn -0.01574803 -0.98425198 0.18110237
vn 0.07874016 -0.98425198 0.14960630
vn 0.06299213 -1.00000000 0.02362205
vn 0.07086614 -0.98425198 0.15748031
vn 0.05511811 -0.99212599 0.09448819
vn 0.04724409 -1.00000000 0.00000000
vn 0.01574803 -1.00000000 -0.02362205
vn 0.06299213 -0.99212599 0.07874016
vn 0.05511811 -0.98425198 0.15748031
vn 0.11023622 -0.98425198 -0.12598425
vn 0.00787402 -0.98425198 -0.18110237
vn 0.04724409 -0.99212599 -0.07874016
vn 0.04724409 -0.98425198 0.15748031
vn 0.04724409 -0.99212599 -0.11023622
vn 0.04724409 -0.98425198 -0.16535433
vn 0.06299213 -1.00000000 -0.03149606
vn 0.06299213 -0.98425198 -0.16535433
vn 0.10236220 -0.99212599 -0.10236220
vn -0.03937008 -0.98425198 -0.18110237
vn -0.03149606 -0.96850395 -0.24409449
vn 0.00787402 -1.00000000 -0.04724409
vn -0.03149606 -0.96062994 -0.28346455
vn -0.00787402 -1.00000000 -0.03149606
vn -0.03149606 -0.99212599 -0.09448819
vn 0.25984251 -0.96062994 -0.07086614
vn 1.00000000 -0.02362205 -0.00787402
vn -0.07086614 -0.92125982 -0.37795275
vn 1.00000000 0.03149606 0.06299213
vn 1.00000000 0.00787402 -0.01574803
vn 0.99212599 0.14173228 0.02362205
vn 0.85826772 -0.51181102 -0.04724409
vn 0.74803150 -0.66141731 -0.09448819
vn -0.59055120 -0.80314958 0.03937008
vn -0.53543305 -0.84251970 0.03149606
vn -0.84251970 -0.53543305 0.00787402
vn 0.38582677 -0.92125982 -0.07874016
vn -0.20472440 -0.97637796 0.05511811
vn 0.07086614 0.99212599 0.06299213
vn 0.05511811 1.00000000 -0.04724409
vn 0.04724409 0.98425198 -0.15748031
vn 0.05511811 1.00000000 -0.03937008
vn 0.05511811 0.99212599 -0.07874016
vn 0.05511811 0.98425198 -0.15748031
vn 0.06299213 0.99212599 -0.07086614
vn 0.04724409 0.99212599 -0.09448819
vn 0.01574803 0.99212599 -0.12598425
vn 0.00787402 0.99212599 -0.09448819
vn 0.03149606 1.00000000 -0.03149606
vn 0.00787402 1.00000000 -0.00787402
vn 1.00000000 0.07874016 0.00000000
vn 0.02362205 1.00000000 0.00000000
vn -0.04724409 1.00000000 0.00000000
vn -0.03937008 1.00000000 0.02362205
vn 0.98425198 -0.16535433 0.00000000
vn -0.37795275 0.92125982 0.11023622
vn -0.40944880 0.90551180 0.07874016
vn -0.37795275 0.92125982 0.12598425
vn -0.98425198 0.15748031 0.05511811
vn -0.40157479 0.91338581 -0.00787402
vn -0.11811024 0.99212599 -0.02362205
vn 0.06299213 0.99212599 0.13385826
vn 0.03149606 1.00000000 0.06299213
vn 0.07086614 0.99212599 -0.09448819
vn 0.07086614 0.99212599 -0.11811024
vn 0.01574803 1.00000000 -0.05511811
vn 0.00000000 1.00000000 -0.04724409
vn -0.09448819 0.99212599 -0.03937008
vn -0.08661418 0.99212599 -0.07086614
vn -0.07874016 0.99212599 -0.07874016
vn -0.06299213 0.98425198 -0.14960630
vn -0.14960630 0.98425198 -0.10236220
vn -0.37795275 0.91338581 -0.12598425
vn -0.38582677 0.91338581 -0.11023622
vn -0.42519686 0.89763778 -0.07874016
vn -0.98425198 0.03937008 -0.18110237
vn -0.98425198 0.04724409 -0.18110237
vn -1.00000000 0.03149606 -0.02362205
vn -0.36220473 0.92913383 -0.08661418
vn -0.35433072 0.92913383 -0.07086614
vn -0.37007874 0.92913383 -0.07086614
vn -0.98425198 0.03149606 -0.18110237
vn -0.85826772 0.48818898 -0.17322835
vn -0.70866144 0.69291341 -0.14173228
vn -0.97637796 0.14173228 -0.17322835
vn -0.14960630 0.99212599 -0.03149606
vn -0.98425198 0.01574803 -0.18110237
vn -0.98425198 0.03149606 -0.17322835
vn -0.96062994 -0.19685039 -0.18110237
vn -0.98425198 0.03149606 -0.18897638
vn -0.81889760 0.55118108 -0.15748031
vn -0.37007874 0.92913383 -0.08661418
vn -0.37795275 0.92125982 -0.06299213
vn -0.37795275 0.92125982 -0.07086614
vn -0.22047244 0.97637796 -0.03149606
vn -0.05511811 1.00000000 -0.00787402
vn 0.03937008 1.00000000 0.00787402
vn 0.03149606 1.00000000 0.01574803
vn 0.07874016 1.00000000 -0.00787402
vn 0.11023622 0.99212599 -0.03149606
vn 0.12598425 0.99212599 0.00000000
vn 0.01574803 0.99212599 -0.13385826
vn 0.14960630 0.99212599 0.01574803
vn 0.01574803 0.99212599 -0.10236220
vn -0.03937008 0.98425198 -0.18110237
vn -0.98425198 0.02362205 0.18897638
vn -1.00000000 0.01574803 0.05511811
vn -0.36220473 -0.92913383 0.07086614
vn -0.39370078 -0.92125982 0.00787402
vn -0.95275593 -0.23622048 -0.18110237
vn -0.35433072 -0.92913383 0.10236220
vn -0.16535433 -0.98425198 0.00000000
vn -0.36220473 -0.92913383 -0.10236220
vn -0.35433072 -0.92913383 -0.07086614
vn -0.07086614 -0.99212599 -0.10236220
vn 0.11811024 -0.99212599 0.00000000
vn 0.10236220 -0.99212599 0.07874016
vn 0.09448819 -0.99212599 0.01574803
vn -0.07874016 -1.00000000 -0.01574803
vn -0.07874016 -0.99212599 -0.06299213
vn -0.04724409 -0.98425198 -0.14960630
vn 0.08661418 -0.99212599 0.04724409
vn 0.02362205 -0.99212599 -0.09448819
vn -0.03149606 -0.98425198 -0.18110237
vn 0.13385826 -0.99212599 0.04724409
vn 0.07874016 -0.99212599 -0.06299213
vn -0.02362205 -0.98425198 -0.17322835
vn 0.15748031 -0.98425198 0.04724409
vn 0.08661418 -0.99212599 0.03937008
vn 0.10236220 -0.99212599 0.03149606
vn -0.11023622 -0.99212599 -0.00787402
vn 0.09448819 -0.99212599 0.03149606
vn -0.11811024 -0.99212599 -0.00787402
vn -0.25196850 -0.96850395 -0.03149606
vn -0.36220473 -0.92913383 -0.05511811
vn -0.34645671 -0.93700784 -0.05511811
vn -0.33858266 -0.93700784 -0.06299213
vn -0.40944880 -0.90551180 -0.07086614
vn -0.37007874 -0.92913383 -0.07086614
vn -0.37007874 -0.92913383 -0.05511811
vn -0.98425198 -0.02362205 -0.18110237
vn -0.98425198 -0.00787402 -0.18110237
vn -0.04724409 -0.98425198 -0.16535433
vn -0.03937008 -0.97637796 -0.20472440
vn -0.02362205 -0.97637796 -0.22047244
vn -0.04724409 -0.97637796 -0.21259843
vn -0.02362205 -0.97637796 -0.19685039
vn -0.01574803 -0.97637796 -0.19685039
vn -0.12598425 -0.97637796 -0.18110237
vn -0.05511811 -0.97637796 -0.19685039
vn -0.01574803 -0.98425198 -0.19685039
vn 0.03937008 -0.99212599 -0.12598425
vn -0.01574803 -0.98425198 -0.18897638
vn -0.05511811 -0.98425198 -0.18110237
vn -0.14960630 -0.97637796 -0.16535433
vn -0.21259843 -0.96062994 -0.15748031
vn -0.17322835 -0.97637796 -0.15748031
vn -0.26771653 -0.95275593 -0.14960630
vn -0.16535433 -0.97637796 -0.14173228
vn -0.10236220 -0.99212599 -0.11023622
vn -0.12598425 -0.97637796 -0.14960630
vn -0.14173228 -0.97637796 -0.14960630
vn -0.09448819 -0.98425198 -0.14960630
vn -0.09448819 -0.98425198 -0.15748031
vn -0.03149606 -0.99212599 -0.14960630
vn 0.22047244 -0.96850395 0.10236220
vn 0.16535433 -0.98425198 0.02362205
vn 0.00000000 -0.99212599 0.10236220
vn 0.13385826 -0.99212599 -0.05511811
vn -0.08661418 0.99212599 -0.00787402
vn -0.08661418 0.99212599 -0.06299213
vn -0.04724409 0.97637796 -0.20472440
vn -0.04724409 0.97637796 -0.19685039
vn -0.04724409 0.97637796 -0.22047244
vn -0.03937008 0.97637796 -0.20472440
vn -0.03149606 0.98425198 -0.18110237
vn -0.03149606 0.97637796 -0.19685039
vn -0.12598425 0.97637796 -0.18110237
vn -0.02362205 0.97637796 -0.20472440
vn -0.02362205 0.97637796 -0.19685039
vn 0.00787402 0.99212599 -0.14960630
vn -0.07086614 0.97637796 -0.18897638
vn -0.08661418 0.97637796 -0.19685039
vn -0.17322835 0.96850395 -0.16535433
vn -0.13385826 0.97637796 -0.15748031
vn -0.18110237 0.96850395 -0.14960630
vn -0.24409449 0.96062994 -0.14960630
vn -0.13385826 0.98425198 -0.13385826
vn -0.08661418 0.98425198 -0.14960630
vn -0.10236220 0.98425198 -0.15748031
vn -0.12598425 0.97637796 -0.15748031
vn -0.09448819 0.98425198 -0.15748031
vn -0.04724409 0.98425198 -0.16535433
vn -0.07874016 0.99212599 -0.05511811
vn -0.04724409 0.99212599 -0.13385826
vn -0.02362205 1.00000000 -0.05511811
vn -0.07086614 1.00000000 -0.01574803
vn -0.03149606 1.00000000 0.06299213
vn 0.14960630 0.98425198 0.01574803
vn 0.12598425 0.99212599 -0.02362205
vn 0.11811024 0.99212599 -0.00787402
vn 0.10236220 0.99212599 -0.08661418
vn 0.08661418 1.00000000 0.01574803
vn 0.06299213 -1.00000000 0.00787402
vn 0.07086614 -1.00000000 0.00787402
vn 0.02362205 -1.00000000 -0.03149606
vn 0.07874016 -1.00000000 0.00000000
vn 0.00000000 -1.00000000 -0.07086614
vn 0.09448819 -0.99212599 -0.03149606
vn 0.06299213 -1.00000000 0.00000000
vn 0.05511811 -1.00000000 0.03937008
vn 0.14960630 -0.98425198 -0.09448819
vn 0.03149606 -1.00000000 0.07086614
vn 0.03149606 -1.00000000 0.07874016
vn 0.03149606 -0.96850395 -0.25196850
vn 0.01574803 -0.96850395 -0.25984251
vn 0.02362205 -1.00000000 0.06299213
vn -0.03149606 -0.23622048 -0.96850395
vn -0.03937008 -0.07874016 -1.00000000
vn -0.03937008 -0.03149606 -1.00000000
vn -0.03937008 -0.05511811 -1.00000000
vn -0.03937008 -0.04724409 -1.00000000
vn -0.03937008 0.00000000 -1.00000000
vn -0.04724409 -0.00787402 -1.00000000
vn -0.04724409 0.00000000 -1.00000000
vn -0.04724409 0.00787402 -1.00000000
vn 0.50393701 0.00000000 -0.86614174
vn -0.04724409 0.01574803 -1.00000000
vn -0.03937008 0.01574803 -1.00000000
vn -0.02362205 0.00787402 -1.00000000
vn -0.03937008 0.02362205 -1.00000000
vn -0.03937008 0.03149606 -1.00000000
vn -0.03937008 0.09448819 -0.99212599
vn -0.03149606 0.05511811 -1.00000000
vn 0.32283464 0.00787402 -0.94488192
vn -0.03149606 0.21259843 -0.97637796
vn 0.01574803 1.00000000 -0.00787402
vn -0.03937008 0.11811024 -0.99212599
vn -0.03937008 0.14960630 -0.99212599
vn 0.02362205 1.00000000 0.05511811
vn 0.02362205 1.00000000 0.02362205
vn 0.27559054 0.88976377 -0.37007874
vn 0.01574803 1.00000000 0.05511811
vn 0.03149606 1.00000000 0.03937008
vn 0.11023622 0.99212599 -0.07874016
vn 0.03937008 0.99212599 -0.09448819
vn 0.04724409 1.00000000 0.02362205
vn 0.11811024 0.99212599 -0.08661418
vn 0.11811024 0.99212599 -0.07874016
vn 0.03937008 1.00000000 -0.06299213
vn 0.08661418 0.99212599 -0.04724409
vn 0.06299213 1.00000000 -0.00787402
vn 0.11023622 -0.99212599 -0.06299213
vn 0.02362205 -1.00000000 0.07874016
vn 0.02362205 -1.00000000 0.07086614
vn -0.00787402 -1.00000000 0.04724409
vn -0.12598425 -0.99212599 0.03937008
vn -0.79527557 -0.59842521 -0.03937008
vn 0.22047244 -0.97637796 0.02362205
vn 1.00000000 -0.05511811 -0.04724409
vn 1.00000000 0.03149606 -0.06299213
vn 0.99212599 0.14173228 -0.02362205
vn 1.00000000 -0.01574803 -0.00787402
vn 1.00000000 -0.04724409 0.00000000
vn 0.99212599 -0.11023622 0.00000000
vn 0.00000000 -1.00000000 0.03937008
vn 0.55905509 -0.82677168 0.03937008
vn 1.00000000 -0.03149606 0.00787402
vn 0.01574803 -1.00000000 0.06299213
vn 0.29921260 -0.95275593 0.04724409
vn 0.99212599 -0.10236220 -0.03149606
vn -0.01574803 -0.75590551 -0.65354329
vn 1.00000000 -0.01574803 -0.07874016
vn 1.00000000 -0.00787402 -0.00787402
vn -0.03149606 -0.05511811 -1.00000000
vn 0.03149606 -1.00000000 0.04724409
vn 0.05511811 -0.01574803 -1.00000000
vn -0.03149606 -0.16535433 -0.98425198
vn -0.04724409 -0.11811024 -0.99212599
vn 0.01574803 -0.96850395 -0.23622048
vn 0.03149606 -0.97637796 -0.19685039
vn -0.03149606 -0.14960630 -0.99212599
vn -0.03937008 -0.01574803 -1.00000000
vn -0.03937008 -0.02362205 -1.00000000
vn 0.14173228 0.00000000 -0.99212599
vn -0.03937008 0.00787402 -1.00000000
vn -0.04724409 0.02362205 -1.00000000
vn -0.03937008 0.03937008 -1.00000000
vn -0.02362205 0.31496063 -0.95275593
vn 0.28346455 0.05511811 -0.96062994
vn 0.91338581 0.00787402 -0.40944880
vn -0.03937008 0.25196850 -0.96850395
vn 0.97637796 0.21259843 0.00787402
vn 0.01574803 1.00000000 0.03937008
vn 0.51181102 0.85826772 0.02362205
vn 0.00787402 1.00000000 0.03937008
vn 0.02362205 1.00000000 0.00787402
vn 0.99212599 0.12598425 0.00787402
vn -0.06299213 1.00000000 0.01574803
vn 0.00000000 1.00000000 0.02362205
vn 0.00787402 1.00000000 0.02362205
vn 0.02362205 1.00000000 -0.03149606
vn -0.03149606 0.22834645 -0.97637796
vn -0.03937008 0.27559054 -0.96062994
vn 0.01574803 1.00000000 0.00000000
vn 0.00000000 1.00000000 -0.06299213
vn -0.08661418 -0.98425198 -0.14173228
vn -0.09448819 -0.97637796 -0.18110237
vn -0.10236220 -0.97637796 -0.19685039
vn -0.07086614 -1.00000000 0.02362205
vn -0.07086614 -0.99212599 -0.08661418
vn -0.03937008 -1.00000000 0.05511811
vn -0.07086614 -0.99212599 0.06299213
vn -0.03937008 -1.00000000 0.04724409
vn -0.06299213 -1.00000000 0.03937008
vn -0.12598425 -0.99212599 0.03149606
vn -0.00787402 -1.00000000 0.00000000
vn -0.03149606 -1.00000000 0.02362205
vn -0.38582677 -0.92125982 -0.06299213
vn -0.37795275 -0.92125982 -0.05511811
vn -0.98425198 -0.04724409 -0.18110237
vn -0.98425198 0.00787402 -0.17322835
vn -0.54330707 -0.83464569 -0.08661418
vn -0.96062994 0.02362205 -0.26771653
vn -0.98425198 0.02362205 -0.18110237
vn -0.98425198 0.02362205 -0.16535433
vn -0.98425198 0.02362205 -0.17322835
vn -0.38582677 -0.90551180 -0.17322835
vn -0.33858266 -0.92913383 -0.13385826
vn -0.41732284 -0.85826772 -0.29921260
vn -0.30708662 -0.92913383 -0.21259843
vn -0.77165353 -0.27559054 -0.57480317
vn -0.88976377 0.02362205 -0.45669290
vn -0.09448819 -0.99212599 -0.05511811
vn -0.29921260 -0.92913383 -0.21259843
vn -0.03937008 -1.00000000 -0.02362205
vn -0.29921260 -0.92913383 -0.20472440
vn 0.13385826 -0.98425198 0.09448819
vn -0.08661418 -0.99212599 -0.04724409
vn -0.67716533 -0.55905509 -0.48031497
vn -0.74803150 -0.40157479 -0.52755904
vn -0.80314958 0.03149606 -0.59055120
vn 0.10236220 -0.98425198 0.12598425
vn 0.10236220 -0.99212599 0.11023622
vn 0.11811024 -0.99212599 0.05511811
vn 0.18110237 -0.97637796 -0.08661418
vn -0.80314958 0.02362205 -0.59842521
vn -0.81102359 0.02362205 -0.59055120
vn -0.80314958 0.03937008 -0.59842521
vn -0.78740156 0.18110237 -0.58267719
vn -0.30708662 0.92125982 -0.23622048
vn -0.76377952 0.29133859 -0.56692910
vn -0.29921260 0.92125982 -0.23622048
vn -0.29921260 0.92913383 -0.21259843
vn -0.74015749 0.37795275 -0.55905509
vn -0.34645671 0.92125982 -0.15748031
vn -0.86614174 0.39370078 -0.31496063
vn -0.70078743 0.70866144 -0.11811024
vn -0.98425198 0.06299213 -0.17322835
vn -0.38582677 0.92125982 -0.06299213
vn -0.38582677 0.92125982 -0.07086614
vn -0.98425198 0.07874016 -0.17322835
vn -0.93700784 0.30708662 -0.17322835
vn -0.33858266 0.93700784 -0.05511811
vn 0.00787402 1.00000000 -0.04724409
vn 0.11023622 0.99212599 -0.02362205
vn 0.10236220 0.99212599 -0.02362205
vn 0.12598425 0.99212599 -0.04724409
vn 0.11023622 0.99212599 -0.05511811
vn 0.14960630 0.98425198 -0.11811024
vn 0.07874016 1.00000000 0.03937008
vn 0.08661418 0.99212599 0.06299213
vn 0.09448819 0.99212599 0.06299213
vn -0.07086614 0.99212599 -0.07874016
vn -0.11023622 0.99212599 -0.10236220
vn -0.19685039 0.96850395 -0.15748031
vn -0.11023622 -0.97637796 -0.17322835
vn -0.18110237 -0.98425198 -0.06299213
vn -0.13385826 -0.99212599 0.05511811
vn -0.11023622 -0.99212599 0.03149606
vn -0.03937008 -1.00000000 0.00787402
vn -0.11811024 -0.96850395 0.20472440
vn 0.10236220 -0.99212599 0.09448819
vn -0.01574803 -0.98425198 0.15748031
vn -0.13385826 -0.96850395 0.21259843
vn -0.14173228 -0.96850395 0.20472440
vn 0.02362205 -0.99212599 0.10236220
vn -0.00787402 -0.99212599 0.10236220
vn 0.11811024 -0.99212599 0.07086614
vn 0.07874016 -0.99212599 0.04724409
vn 0.01574803 -1.00000000 0.02362205
vn -0.85826772 -0.42519686 -0.29133859
vn -0.17322835 -0.98425198 0.03937008
vn -0.89763778 -0.31496063 -0.30708662
vn -0.08661418 -0.99212599 0.04724409
vn -0.25984251 -0.96850395 -0.02362205
vn -0.89763778 -0.29921260 -0.31496063
vn 0.07086614 -1.00000000 0.05511811
vn -0.90551180 -0.29921260 -0.30708662
vn -0.92125982 -0.22047244 -0.31496063
vn -0.44881889 -0.88976377 -0.09448819
vn -0.91338581 -0.24409449 -0.32283464
vn -0.26771653 -0.96062994 -0.08661418
vn -0.38582677 -0.88976377 -0.25984251
vn 0.11811024 -0.99212599 0.03937008
vn 0.11023622 -0.99212599 0.05511811
vn 0.11023622 -0.99212599 0.04724409
vn 0.03937008 -0.99212599 0.10236220
vn 0.00787402 -0.99212599 0.12598425
vn 0.13385826 -0.99212599 0.00787402
vn 0.15748031 -0.98425198 -0.03937008
vn 0.14173228 -0.99212599 -0.03937008
vn 0.18110237 -0.98425198 0.06299213
vn -0.09448819 0.98425198 -0.16535433
vn -0.11023622 0.97637796 -0.17322835
vn -0.09448819 0.97637796 -0.19685039
vn -0.08661418 0.99212599 -0.08661418
vn -0.07874016 0.99212599 -0.06299213
vn -0.07874016 1.00000000 -0.01574803
vn -0.18897638 0.97637796 -0.12598425
vn -0.13385826 0.99212599 -0.03937008
vn -0.11023622 0.99212599 -0.03149606
vn -0.44094488 0.87401575 -0.18110237
vn -0.07874016 1.00000000 0.00787402
vn -0.02362205 1.00000000 -0.07874016
vn -0.80314958 0.49606299 -0.32283464
vn -0.25196850 0.96062994 -0.10236220
vn -0.07874016 1.00000000 -0.03149606
vn -0.12598425 0.98425198 0.13385826
vn -0.04724409 0.99212599 0.11811024
vn -0.14173228 0.97637796 0.17322835
vn 0.11811024 0.99212599 -0.02362205
vn 0.14173228 0.99212599 0.00787402
vn 0.15748031 0.98425198 0.00787402
vn -0.82677168 0.44881889 -0.33858266
vn 0.14173228 0.99212599 -0.01574803
vn -0.89763778 0.26771653 -0.34645671
vn 0.17322835 0.98425198 0.01574803
vn 0.15748031 0.98425198 -0.04724409
vn -0.29133859 0.94488192 -0.12598425
vn -0.07874016 1.00000000 -0.04724409
vn -0.07874016 0.99212599 -0.04724409
vn -0.63779527 0.72440946 -0.24409449
vn -0.89763778 0.28346455 -0.33070865
vn -0.74015749 0.62204725 -0.27559054
vn -0.07086614 0.98425198 -0.15748031
vn -0.13385826 0.98425198 -0.11023622
vn -0.38582677 0.89763778 -0.22047244
vn 0.03149606 1.00000000 -0.02362205
vn 0.11811024 0.99212599 -0.06299213
vn 0.13385826 0.99212599 -0.04724409
vn 0.00787402 1.00000000 0.04724409
vn 0.11023622 0.99212599 -0.00787402
vn 0.12598425 0.99212599 -0.03937008
vn 0.08661418 1.00000000 -0.02362205
vn 0.08661418 0.99212599 -0.05511811
vn 0.09448819 0.99212599 -0.04724409
vn -0.07086614 0.99212599 0.10236220
vn -0.15748031 0.97637796 0.14173228
vn -0.03937008 1.00000000 0.03937008
vn -0.15748031 0.97637796 0.15748031
vn -0.03149606 0.99212599 0.10236220
vn -0.15748031 0.97637796 0.14960630
vn 0.01574803 0.99212599 0.08661418
vn -0.09448819 0.97637796 -0.18897638
vn -0.10236220 0.96850395 -0.23622048
vn -0.08661418 0.99212599 -0.07874016
vn -0.08661418 0.99212599 -0.10236220
vn -0.03149606 0.98425198 -0.15748031
vn -0.07874016 1.00000000 -0.02362205
vn -0.05511811 1.00000000 -0.05511811
vn -0.03149606 0.99212599 -0.09448819
vn -0.02362205 0.99212599 -0.09448819
vn -0.03937008 0.99212599 -0.08661418
vn -0.08661418 0.99212599 -0.03149606
vn -0.08661418 0.99212599 -0.03937008
vn -0.07874016 1.00000000 -0.03937008
vn 0.22834645 0.97637796 -0.01574803
vn 0.77165353 0.63779527 0.03937008
vn 0.96850395 0.15748031 0.18110237
vn 0.96062994 0.23622048 0.16535433
vn 0.97637796 0.11023622 0.18110237
vn 0.97637796 -0.00787402 0.22047244
vn 0.97637796 -0.00787402 0.22834645
vn 0.97637796 -0.00787402 0.20472440
vn 0.97637796 -0.00787402 0.21259843
vn 0.97637796 -0.11023622 0.20472440
vn 0.97637796 -0.07086614 0.20472440
vn 0.74015749 -0.00787402 -0.66929132
vn 0.99212599 0.00000000 0.09448819
vn 0.98425198 -0.03149606 0.18110237
vn 0.31496063 -0.94488192 0.04724409
vn 0.05511811 -0.51968503 -0.85039371
vn 0.11811024 -0.99212599 0.07874016
vn 0.05511811 -0.04724409 -1.00000000
vn -0.06299213 -0.99212599 0.06299213
vn 0.42519686 -0.89763778 0.09448819
vn 0.96850395 -0.16535433 0.20472440
vn 0.97637796 -0.01574803 0.22047244
vn 0.91338581 -0.36220473 0.17322835
vn 0.92125982 -0.32283464 -0.22047244
vn 0.88188976 0.00000000 -0.46456692
vn 0.39370078 -0.92125982 0.07086614
vn 0.72440946 0.00787402 -0.68503934
vn 0.66929132 -0.49606299 -0.55118108
vn 0.72440946 -0.21259843 -0.66141731
vn 0.19685039 -0.97637796 -0.11811024
vn 0.71653545 0.02362205 -0.70078743
vn 0.71653545 0.01574803 -0.69291341
vn 0.54330707 -0.73228347 -0.41732284
vn 0.72440946 -0.11023622 -0.67716533
vn 0.52755904 -0.74015749 -0.41732284
vn 0.70866144 0.02362205 -0.70078743
vn 0.70866144 0.03149606 -0.70866144
vn 0.70866144 0.03149606 -0.70078743
vn 0.72440946 -0.09448819 -0.68503934
vn 0.51968503 0.04724409 -0.85039371
vn 0.31496063 0.05511811 -0.94488192
vn 0.18110237 0.05511811 -0.98425198
vn 0.38582677 -0.33070865 -0.85826772
vn 0.18110237 -0.08661418 -0.97637796
vn 0.11023622 -0.76377952 -0.63779527
vn 0.24409449 -0.90551180 -0.35433072
vn 0.18897638 0.05511811 -0.97637796
vn 0.18897638 0.05511811 -0.98425198
vn 0.18897638 0.04724409 -0.97637796
vn 0.18897638 0.04724409 -0.98425198
vn 0.14960630 -0.51968503 -0.84251970
vn 0.06299213 -0.88976377 -0.44881889
vn 0.06299213 -0.88976377 -0.45669290
vn 0.00787402 -1.00000000 -0.02362205
vn -0.05511811 -0.99212599 0.09448819
vn 0.29133859 -0.92913383 -0.23622048
vn -0.03937008 -1.00000000 0.03149606
vn -0.03149606 -0.99212599 0.11023622
vn -0.10236220 -0.99212599 0.07874016
vn -0.06299213 -0.99212599 0.09448819
vn -0.11811024 -0.99212599 0.04724409
vn -0.11023622 -0.99212599 0.06299213
vn -0.52755904 -0.39370078 -0.75590551
vn -0.39370078 -0.40944880 -0.81889760
vn -0.37795275 -0.44094488 -0.81102359
vn -0.39370078 -0.39370078 -0.83464569
vn -0.40157479 -0.32283464 -0.85826772
vn -0.38582677 -0.46456692 -0.79527557
vn -0.11811024 -0.99212599 0.03937008
vn -0.11023622 -0.99212599 0.05511811
vn -0.40157479 -0.38582677 -0.82677168
vn -0.40157479 -0.33858266 -0.85039371
vn -0.40944880 -0.40944880 -0.81889760
vn -0.14173228 -0.99212599 0.00000000
vn 0.55118108 -0.81889760 -0.16535433
vn -0.39370078 -0.52755904 -0.75590551
vn -0.19685039 -0.94488192 -0.26771653
vn -0.40157479 -0.34645671 -0.85039371
vn 0.04724409 -1.00000000 -0.06299213
vn -0.07086614 -1.00000000 0.03937008
vn -0.08661418 -0.99212599 0.03149606
vn -0.07086614 -1.00000000 0.04724409
vn -0.04724409 -1.00000000 0.01574803
vn 0.04724409 -0.99212599 0.14173228
vn -0.13385826 -0.96850395 0.20472440
vn 0.01574803 -0.98425198 0.15748031
vn 0.07086614 -0.99212599 0.13385826
vn -0.13385826 -0.96850395 0.19685039
vn 0.00787402 -1.00000000 0.08661418
vn 0.08661418 -0.99212599 0.03149606
vn 0.07874016 -1.00000000 0.01574803
vn -0.06299213 -0.98425198 0.14960630
vn -0.03937008 -1.00000000 -0.03937008
vn -0.22047244 -0.96850395 -0.09448819
vn -0.07086614 -1.00000000 0.01574803
vn -0.30708662 -0.93700784 -0.17322835
vn -0.28346455 -0.94488192 -0.17322835
vn -0.31496063 -0.92913383 -0.18897638
vn -0.29921260 -0.93700784 -0.18110237
vn -0.77952754 -0.29921260 -0.55118108
vn -0.81102359 0.03149606 -0.58267719
vn -0.31496063 -0.92913383 -0.19685039
vn -0.81102359 0.00787402 -0.58267719
vn -0.44881889 -0.84251970 -0.29921260
vn -0.70078743 -0.51968503 -0.48031497
vn -0.24409449 -0.92913383 -0.26771653
vn -0.33070865 -0.92125982 -0.20472440
vn -0.81889760 0.02362205 -0.57480317
vn -0.78740156 -0.29133859 -0.54330707
vn -0.81102359 0.03937008 -0.57480317
vn -0.67716533 0.54330707 -0.49606299
vn -0.78740156 0.24409449 -0.56692910
vn -0.31496063 0.92125982 -0.22047244
vn -0.77952754 0.22834645 -0.57480317
vn -0.60629922 0.66141731 -0.44094488
vn -0.31496063 0.92125982 -0.22834645
vn -0.81889760 0.03149606 -0.57480317
vn -0.71653545 0.48031497 -0.51181102
vn -0.58267719 0.70078743 -0.41732284
vn -0.29921260 0.92913383 -0.20472440
vn -0.31496063 0.92125982 -0.23622048
vn -0.22834645 0.96062994 -0.17322835
vn -0.22047244 0.92125982 -0.33070865
vn -0.16535433 0.91338581 -0.37795275
vn -0.03149606 1.00000000 -0.01574803
vn 0.01574803 1.00000000 0.08661418
vn -0.11811024 0.98425198 0.11811024
vn 0.01574803 1.00000000 0.07086614
vn 0.07874016 0.99212599 -0.06299213
vn -0.03149606 0.97637796 -0.20472440
vn -0.07086614 0.96062994 -0.25984251
vn -0.13385826 0.91338581 -0.37795275
vn -0.14173228 0.91338581 -0.38582677
vn -0.14960630 0.90551180 -0.40157479
vn -0.40157479 0.04724409 -0.91338581
vn -0.37007874 0.11811024 -0.92125982
vn -0.37795275 0.14173228 -0.91338581
vn -0.37795275 0.03937008 -0.92125982
vn -0.38582677 0.03937008 -0.92125982
vn -0.60629922 0.03937008 -0.79527557
vn -0.30708662 -0.91338581 -0.25984251
vn -0.44881889 0.02362205 -0.89763778
vn -0.39370078 0.03937008 -0.92125982
vn -0.37795275 -0.08661418 -0.92125982
vn -0.38582677 -0.21259843 -0.89763778
vn -0.15748031 -0.92125982 -0.34645671
vn -0.14173228 -0.94488192 -0.29921260
vn -0.14960630 -0.92913383 -0.33858266
vn -0.38582677 0.01574803 -0.92125982
vn -0.38582677 0.03149606 -0.92125982
vn -0.17322835 -0.91338581 -0.37007874
vn -0.17322835 -0.90551180 -0.38582677
vn -0.15748031 -0.92125982 -0.35433072
vn -0.05511811 -0.98425198 -0.17322835
vn 0.00000000 -1.00000000 -0.01574803
vn 0.97637796 -0.01574803 0.22834645
vn 0.92913383 0.33070865 0.14960630
vn 0.97637796 0.06299213 0.21259843
vn 0.94488192 0.14173228 -0.29921260
vn 0.75590551 0.64566928 0.03937008
vn 0.66929132 0.36220473 -0.64566928
vn 0.70078743 0.69291341 -0.13385826
vn 0.31496063 0.95275593 -0.01574803
vn 0.62992126 0.70866144 -0.31496063
vn 0.48818898 0.87401575 -0.05511811
vn -0.11023622 0.98425198 -0.14960630
vn 0.28346455 0.87401575 -0.40157479
vn 0.51968503 0.70866144 -0.48031497
vn -0.20472440 0.93700784 -0.29921260
vn -0.11023622 0.98425198 -0.15748031
vn -0.38582677 0.19685039 -0.89763778
vn -0.18897638 0.94488192 -0.26771653
vn -0.38582677 0.25196850 -0.88976377
vn -0.09448819 0.99212599 -0.07874016
vn -0.09448819 0.99212599 -0.04724409
vn -0.37007874 0.34645671 -0.86614174
vn -0.37795275 0.38582677 -0.84251970
vn -0.38582677 0.26771653 -0.88188976
vn -0.10236220 0.99212599 -0.04724409
vn -0.37795275 0.41732284 -0.82677168
vn -0.37795275 0.47244096 -0.79527557
vn -0.11023622 0.99212599 -0.08661418
vn -0.10236220 0.96062994 -0.24409449
vn -0.38582677 0.38582677 -0.83464569
vn -0.39370078 0.33070865 -0.85826772
vn -0.09448819 0.99212599 -0.01574803
vn -0.18897638 0.95275593 -0.23622048
vn -0.02362205 1.00000000 0.02362205
vn 0.02362205 1.00000000 -0.02362205
vn -0.06299213 1.00000000 0.00787402
vn 0.13385826 0.97637796 -0.16535433
vn 0.02362205 1.00000000 -0.06299213
vn 0.08661418 0.85826772 -0.50393701
vn 0.04724409 0.94488192 -0.33070865
vn 0.11023622 0.81102359 -0.57480317
vn 0.19685039 0.26771653 -0.94488192
vn 0.18897638 0.29921260 -0.93700784
vn 0.19685039 0.03937008 -0.97637796
vn 0.27559054 0.17322835 -0.94488192
vn 0.36220473 0.76377952 -0.53543305
vn 0.70866144 0.07874016 -0.70078743
vn 0.67716533 0.36220473 -0.64566928
vn 0.70078743 0.13385826 -0.70078743
vn 0.52755904 0.70078743 -0.48031497
vn 0.22834645 0.94488192 -0.24409449
vn 0.03149606 0.99212599 -0.08661418
vn 0.07086614 0.99212599 -0.13385826
vn 0.07874016 -0.99212599 0.06299213
vn 0.03149606 -0.99212599 0.11023622
vn 0.02362205 -0.99212599 0.11023622
vn 0.04724409 -0.99212599 0.08661418
vn 0.06299213 -0.99212599 0.08661418
vn -0.05511811 -1.00000000 -0.04724409
vn -0.07086614 -0.98425198 -0.16535433
vn 0.00000000 -1.00000000 -0.02362205
vn -0.00787402 -1.00000000 -0.07874016
vn -0.15748031 -0.92913383 -0.33858266
vn -0.15748031 -0.92913383 -0.33070865
vn -0.09448819 -0.93700784 -0.33858266
vn 0.03149606 -0.95275593 -0.29921260
vn 0.00787402 -0.93700784 -0.34645671
vn 0.03149606 -0.92125982 -0.38582677
vn 0.05511811 -0.88976377 -0.44881889
vn 0.18110237 -0.22834645 -0.95275593
vn 0.18897638 -0.01574803 -0.98425198
vn 0.19685039 0.04724409 -0.97637796
vn 0.03149606 -0.11023622 -0.99212599
vn -0.37795275 -0.29133859 -0.88188976
vn 0.18110237 0.37795275 -0.90551180
vn 0.19685039 0.11023622 -0.97637796
vn 0.07086614 0.88188976 -0.45669290
vn 0.00000000 0.04724409 -1.00000000
vn -0.38582677 0.04724409 -0.92125982
vn -0.01574803 0.18897638 -0.98425198
vn 0.07874016 0.87401575 -0.48031497
vn -0.03937008 0.92125982 -0.37795275
vn -0.32283464 0.49606299 -0.81102359
vn -0.35433072 0.33858266 -0.87401575
vn -0.13385826 0.92913383 -0.35433072
vn -0.37795275 0.17322835 -0.91338581
vn -0.02362205 0.96062994 -0.28346455
vn -0.37007874 -0.31496063 -0.87401575
vn -0.15748031 -0.92913383 -0.32283464
vn -0.17322835 -0.92125982 -0.35433072
vn -0.18110237 -0.91338581 -0.37007874
vn -0.16535433 -0.92125982 -0.34645671
vn -0.39370078 0.02362205 -0.92125982
vn -0.38582677 0.11811024 -0.91338581
vn -0.37795275 0.11811024 -0.92125982
vn -0.14173228 0.92125982 -0.36220473
vn -0.13385826 0.92125982 -0.37007874
vn -0.01574803 0.99212599 -0.14173228
vn 0.04724409 1.00000000 -0.03937008
vn 0.04724409 1.00000000 0.03149606
vn 0.07874016 0.99212599 -0.05511811
vn 0.09448819 0.99212599 0.00000000
vn 0.04724409 0.95275593 -0.30708662
vn 0.02362205 0.99212599 -0.09448819

# Mesh 'meshes[0]' with 3732 faces
g meshes[0]
usemtl tripo_material_56e574dc-a5e9-4ad4-ad0d-36cb26bfa75b
f  1/1/1 2/2/2 3/3/3
f  2/2/2 1/1/1 4/4/4
f  4/4/4 1/1/1 5/5/5
f  4/4/4 5/5/5 6/6/6
f  4/4/4 6/6/6 2/2/2
f  5/5/5 1/1/1 7/7/7
f  7/7/7 1/1/1 3/3/3
f  6/6/6 5/5/5 8/8/8
f  8/8/8 5/5/5 7/7/7
f  7/7/7 3/3/3 9/9/9
f  9/9/9 3/3/3 10/10/10
f  10/10/10 3/3/3 11/11/11
f  10/10/10 11/11/11 12/12/12
f  11/11/11 3/3/3 13/13/13
f  11/11/11 13/13/13 12/12/12
f  13/13/13 3/3/3 2/2/2
f  12/12/12 13/13/13 14/14/14
f  12/12/12 14/14/14 15/15/15
f  12/12/12 15/15/15 16/16/16
f  14/14/14 13/13/13 17/17/13
f  15/15/15 14/14/14 18/18/17
f  18/18/17 14/14/14 17/17/13
f  13/13/13 2/2/2 19/19/13
f  13/13/13 19/19/13 17/17/13
f  19/19/13 2/2/2 20/20/18
f  20/20/18 2/2/2 6/6/6
f  17/17/13 19/19/13 21/21/19
f  21/21/19 19/19/13 20/20/18
f  20/20/18 6/6/6 22/22/4
f  22/22/4 6/6/6 8/8/8
f  20/20/18 22/22/4 23/23/20
f  23/23/20 22/22/4 8/8/8
f  20/20/18 23/23/20 24/24/18
f  20/20/18 24/24/18 21/21/19
f  23/23/20 8/8/8 25/25/21
f  23/23/20 25/25/21 24/24/18
f  26/26/22 18/18/17 17/17/13
f  26/26/22 17/17/13 21/21/19
f  18/18/17 26/26/22 27/27/23
f  18/18/17 27/27/23 15/15/15
f  15/15/15 27/27/23 16/16/16
f  27/27/23 26/26/22 28/28/24
f  16/16/16 27/27/23 29/29/25
f  29/29/25 27/27/23 28/28/24
f  26/26/22 21/21/19 30/30/26
f  26/26/22 30/30/26 28/28/24
f  30/30/26 21/21/19 31/31/13
f  28/28/24 30/30/26 32/32/27
f  32/32/27 30/30/26 31/31/13
f  29/29/25 28/28/24 33/33/28
f  28/28/24 32/32/27 34/34/29
f  34/34/29 32/32/27 31/31/13
f  33/33/28 28/28/24 35/35/30
f  35/35/30 28/28/24 34/34/29
f  29/29/25 33/33/28 36/36/31
f  36/36/31 33/33/28 35/35/30
f  37/37/2 31/31/13 21/21/19
f  37/37/2 21/21/19 24/24/18
f  34/34/29 31/31/13 38/38/32
f  31/31/13 37/37/2 39/39/33
f  31/31/13 39/39/33 38/38/32
f  37/37/2 24/24/18 40/40/34
f  37/37/2 40/40/34 39/39/33
f  40/40/34 24/24/18 41/41/34
f  39/39/33 40/40/34 42/42/34
f  42/42/34 40/40/34 41/41/34
f  39/39/33 42/42/34 38/38/32
f  41/41/34 24/24/18 25/25/21
f  43/43/35 34/34/29 38/38/32
f  34/34/29 43/43/35 35/35/30
f  38/38/32 42/42/34 44/44/36
f  42/42/34 41/41/34 45/45/37
f  42/42/34 45/45/37 44/44/36
f  41/41/34 25/25/21 46/46/38
f  41/41/34 46/46/38 45/45/37
f  46/46/38 25/25/21 47/47/39
f  35/35/30 43/43/35 48/48/40
f  48/48/40 43/43/35 49/49/41
f  35/35/30 48/48/40 50/50/42
f  49/49/41 43/43/35 51/51/43
f  35/35/30 50/50/42 52/52/44
f  52/52/44 50/50/42 53/53/45
f  35/35/30 52/52/44 36/36/31
f  52/52/44 53/53/45 54/54/46
f  52/52/44 54/54/46 36/36/31
f  51/51/43 43/43/35 55/55/47
f  51/51/43 55/55/47 56/56/48
f  55/55/47 43/43/35 38/38/32
f  55/55/47 38/38/32 57/57/49
f  55/55/47 57/57/49 58/58/50
f  57/57/49 38/38/32 44/44/36
f  58/58/50 57/57/49 59/59/50
f  59/59/50 57/57/49 44/44/36
f  58/58/50 59/59/50 60/60/51
f  59/59/50 44/44/36 45/45/37
f  59/59/50 45/45/37 60/60/51
f  60/60/51 45/45/37 61/61/52
f  61/61/52 45/45/37 62/62/53
f  61/61/52 62/62/53 63/63/54
f  62/62/53 45/45/37 64/64/55
f  64/64/55 45/45/37 46/46/38
f  64/64/55 46/46/38 47/47/39
f  62/62/53 64/64/55 65/65/56
f  62/62/53 65/65/56 66/66/57
f  62/62/53 66/66/57 67/67/58
f  65/65/56 64/64/55 68/68/59
f  65/65/56 68/68/59 66/66/57
f  64/64/55 47/47/39 69/69/60
f  64/64/55 69/69/60 68/68/59
f  66/66/57 68/68/59 70/70/61
f  66/66/57 70/70/61 71/71/62
f  71/71/62 70/70/61 72/72/62
f  72/72/62 70/70/61 73/73/63
f  73/73/63 70/70/61 74/74/64
f  68/68/59 69/69/60 75/75/65
f  68/68/59 75/75/65 70/70/61
f  74/74/64 70/70/61 76/76/66
f  76/76/66 70/70/61 75/75/65
f  74/74/64 76/76/66 77/77/67
f  74/74/64 77/77/67 78/78/68
f  78/78/68 77/77/67 79/79/69
f  77/77/67 76/76/66 80/80/70
f  79/79/69 77/77/67 81/81/71
f  81/81/71 77/77/67 80/80/70
f  79/79/69 81/81/71 82/82/72
f  79/79/69 82/82/72 83/83/73
f  83/83/73 82/82/72 84/84/72
f  84/84/72 82/82/72 85/85/74
f  85/85/74 82/82/72 81/81/71
f  85/85/74 81/81/71 86/86/75
f  86/86/75 81/81/71 80/80/70
f  85/85/74 86/86/75 87/87/76
f  87/87/76 86/86/75 88/88/77
f  88/88/77 86/86/75 80/80/70
f  87/87/76 88/88/77 89/89/78
f  89/89/78 88/88/77 80/80/70
f  89/89/78 80/80/70 90/90/79
f  89/89/78 90/90/79 91/91/80
f  91/91/80 90/90/79 92/92/81
f  90/90/79 80/80/70 93/93/82
f  93/93/82 80/80/70 76/76/66
f  93/93/82 76/76/66 75/75/65
f  92/92/81 90/90/79 94/94/83
f  92/92/81 94/94/83 7/7/7
f  7/7/7 94/94/83 8/8/8
f  94/94/83 90/90/79 95/95/84
f  95/95/84 90/90/79 93/93/82
f  8/8/8 94/94/83 96/96/85
f  8/8/8 96/96/85 25/25/21
f  25/25/21 96/96/85 47/47/39
f  97/97/86 93/93/82 75/75/65
f  93/93/82 97/97/86 95/95/84
f  97/97/86 75/75/65 69/69/60
f  98/98/87 94/94/83 95/95/84
f  94/94/83 98/98/87 96/96/85
f  98/98/87 95/95/84 97/97/86
f  99/99/88 47/47/39 96/96/85
f  99/99/88 96/96/85 98/98/87
f  47/47/39 99/99/88 69/69/60
f  99/99/88 98/98/87 97/97/86
f  99/99/88 97/97/86 69/69/60
f  100/100/9 101/101/10 102/102/10
f  102/102/10 101/101/10 103/103/10
f  103/103/10 101/101/10 104/104/12
f  100/100/9 102/102/10 105/105/89
f  105/105/89 102/102/10 106/106/90
f  106/106/90 102/102/10 103/103/10
f  100/100/9 105/105/89 107/107/91
f  100/100/9 107/107/91 108/108/7
f  108/108/7 107/107/91 109/109/81
f  107/107/91 105/105/89 110/110/92
f  110/110/92 105/105/89 106/106/90
f  109/109/81 107/107/91 111/111/93
f  111/111/93 107/107/91 110/110/92
f  110/110/92 106/106/90 112/112/94
f  110/110/92 112/112/94 111/111/93
f  111/111/93 112/112/94 113/113/95
f  112/112/94 106/106/90 114/114/10
f  113/113/95 112/112/94 115/115/96
f  115/115/96 112/112/94 114/114/10
f  113/113/95 115/115/96 116/116/97
f  113/113/95 116/116/97 111/111/93
f  115/115/96 114/114/10 117/117/98
f  115/115/96 117/117/98 116/116/97
f  114/114/10 106/106/90 118/118/98
f  118/118/98 106/106/90 103/103/10
f  114/114/10 118/118/98 119/119/98
f  114/114/10 119/119/98 117/117/98
f  118/118/98 103/103/10 120/120/99
f  120/120/99 103/103/10 121/121/100
f  121/121/100 103/103/10 104/104/12
f  121/121/100 104/104/12 122/122/16
f  120/120/99 121/121/100 123/123/101
f  123/123/101 121/121/100 122/122/16
f  118/118/98 120/120/99 124/124/102
f  118/118/98 124/124/102 119/119/98
f  124/124/102 120/120/99 123/123/101
f  119/119/98 124/124/102 125/125/10
f  125/125/10 124/124/102 126/126/103
f  126/126/103 124/124/102 123/123/101
f  125/125/10 126/126/103 127/127/104
f  127/127/104 126/126/103 123/123/101
f  125/125/10 127/127/104 119/119/98
f  128/128/105 123/123/101 122/122/16
f  128/128/105 122/122/16 129/129/106
f  128/128/105 129/129/106 130/130/107
f  127/127/104 123/123/101 131/131/108
f  131/131/108 123/123/101 128/128/105
f  119/119/98 127/127/104 132/132/98
f  119/119/98 132/132/98 117/117/98
f  132/132/98 127/127/104 133/133/109
f  133/133/109 127/127/104 131/131/108
f  117/117/98 132/132/98 134/134/98
f  134/134/98 132/132/98 133/133/109
f  117/117/98 134/134/98 135/135/98
f  134/134/98 133/133/109 136/136/110
f  136/136/110 133/133/109 131/131/108
f  134/134/98 136/136/110 137/137/98
f  134/134/98 137/137/98 135/135/98
f  137/137/98 136/136/110 138/138/111
f  138/138/111 136/136/110 139/139/112
f  139/139/112 136/136/110 131/131/108
f  138/138/111 139/139/112 140/140/113
f  138/138/111 140/140/113 137/137/98
f  140/140/113 139/139/112 131/131/108
f  137/137/98 140/140/113 141/141/90
f  137/137/98 141/141/90 135/135/98
f  116/116/97 117/117/98 135/135/98
f  141/141/90 140/140/113 142/142/114
f  142/142/114 140/140/113 143/143/115
f  143/143/115 140/140/113 131/131/108
f  141/141/90 142/142/114 144/144/116
f  135/135/98 141/141/90 145/145/90
f  145/145/90 141/141/90 144/144/116
f  116/116/97 135/135/98 146/146/117
f  146/146/117 135/135/98 145/145/90
f  116/116/97 146/146/117 147/147/118
f  146/146/117 145/145/90 148/148/119
f  148/148/119 145/145/90 144/144/116
f  147/147/118 146/146/117 149/149/120
f  149/149/120 146/146/117 148/148/119
f  116/116/97 147/147/118 150/150/121
f  150/150/121 147/147/118 149/149/120
f  116/116/97 150/150/121 111/111/93
f  148/148/119 144/144/116 151/151/122
f  148/148/119 151/151/122 149/149/120
f  151/151/122 144/144/116 152/152/123
f  151/151/122 152/152/123 149/149/120
f  153/153/124 144/144/116 142/142/114
f  153/153/124 142/142/114 143/143/115
f  152/152/123 144/144/116 154/154/125
f  154/154/125 144/144/116 153/153/124
f  152/152/123 154/154/125 155/155/126
f  152/152/123 155/155/126 156/156/127
f  154/154/125 153/153/124 157/157/128
f  154/154/125 157/157/128 158/158/129
f  158/158/129 157/157/128 159/159/130
f  159/159/130 157/157/128 153/153/124
f  158/158/129 159/159/130 160/160/131
f  160/160/131 159/159/130 153/153/124
f  160/160/131 153/153/124 143/143/115
f  152/152/123 156/156/127 161/161/132
f  152/152/123 161/161/132 149/149/120
f  161/161/132 156/156/127 162/162/133
f  149/149/120 161/161/132 163/163/134
f  149/149/120 163/163/134 150/150/121
f  161/161/132 162/162/133 164/164/135
f  164/164/135 162/162/133 165/165/136
f  163/163/134 161/161/132 166/166/137
f  166/166/137 161/161/132 164/164/135
f  150/150/121 163/163/134 167/167/121
f  167/167/121 163/163/134 166/166/137
f  150/150/121 167/167/121 111/111/93
f  164/164/135 165/165/136 168/168/138
f  168/168/138 165/165/136 169/169/139
f  168/168/138 169/169/139 170/170/140
f  164/164/135 168/168/138 171/171/141
f  164/164/135 171/171/141 166/166/137
f  168/168/138 170/170/140 172/172/142
f  168/168/138 172/172/142 171/171/141
f  166/166/137 171/171/141 173/173/143
f  173/173/143 171/171/141 172/172/142
f  174/174/144 167/167/121 166/166/137
f  175/175/145 111/111/93 167/167/121
f  175/175/145 167/167/121 174/174/144
f  111/111/93 175/175/145 109/109/81
f  109/109/81 175/175/145 176/176/80
f  176/176/80 175/175/145 177/177/146
f  177/177/146 175/175/145 174/174/144
f  176/176/80 177/177/146 178/178/78
f  179/179/147 174/174/144 166/166/137
f  174/174/144 179/179/147 177/177/146
f  179/179/147 166/166/137 173/173/143
f  178/178/78 177/177/146 180/180/147
f  180/180/147 177/177/146 179/179/147
f  180/180/147 179/179/147 173/173/143
f  178/178/78 180/180/147 181/181/76
f  181/181/76 180/180/147 182/182/74
f  180/180/147 173/173/143 183/183/148
f  180/180/147 183/183/148 182/182/74
f  183/183/148 173/173/143 184/184/149
f  183/183/148 184/184/149 182/182/74
f  184/184/149 173/173/143 172/172/142
f  185/185/72 186/186/72 182/182/74
f  185/185/72 182/182/74 184/184/149
f  185/185/72 184/184/149 187/187/86
f  187/187/86 184/184/149 188/188/150
f  184/184/149 172/172/142 189/189/151
f  184/184/149 189/189/151 188/188/150
f  189/189/151 172/172/142 170/170/140
f  189/189/151 170/170/140 190/190/152
f  189/189/151 190/190/152 188/188/150
f  188/188/150 190/190/152 191/191/153
f  192/192/154 193/193/155 16/16/16
f  192/192/154 16/16/16 29/29/25
f  16/16/16 193/193/155 194/194/106
f  192/192/154 29/29/25 36/36/31
f  194/194/106 193/193/155 195/195/107
f  192/192/154 36/36/31 196/196/31
f  192/192/154 196/196/31 193/193/155
f  193/193/155 196/196/31 195/195/107
f  196/196/31 36/36/31 54/54/46
f  196/196/31 54/54/46 197/197/156
f  197/197/156 54/54/46 198/198/157
f  195/195/107 196/196/31 199/199/107
f  199/199/107 196/196/31 197/197/156
f  199/199/107 197/197/156 198/198/157
f  195/195/107 199/199/107 200/200/158
f  199/199/107 198/198/157 201/201/159
f  199/199/107 201/201/159 200/200/158
f  202/202/160 131/131/108 128/128/105
f  131/131/108 202/202/160 203/203/161
f  131/131/108 203/203/161 204/204/162
f  131/131/108 204/204/162 143/143/115
f  203/203/161 202/202/160 205/205/163
f  203/203/161 205/205/163 204/204/162
f  202/202/160 128/128/105 206/206/164
f  202/202/160 206/206/164 205/205/163
f  206/206/164 128/128/105 207/207/165
f  207/207/165 128/128/105 130/130/107
f  207/207/165 130/130/107 208/208/158
f  207/207/165 208/208/158 209/209/166
f  207/207/165 209/209/166 206/206/164
f  209/209/166 208/208/158 210/210/159
f  209/209/166 210/210/159 211/211/167
f  209/209/166 211/211/167 212/212/168
f  206/206/164 209/209/166 213/213/169
f  206/206/164 213/213/169 205/205/163
f  209/209/166 212/212/168 214/214/170
f  209/209/166 214/214/170 213/213/169
f  205/205/163 213/213/169 215/215/170
f  215/215/170 213/213/169 214/214/170
f  205/205/163 215/215/170 216/216/171
f  205/205/163 216/216/171 204/204/162
f  215/215/170 214/214/170 217/217/172
f  215/215/170 217/217/172 216/216/171
f  218/218/173 214/214/170 212/212/168
f  218/218/173 212/212/168 219/219/174
f  214/214/170 218/218/173 220/220/174
f  214/214/170 220/220/174 217/217/172
f  218/218/173 219/219/174 221/221/175
f  221/221/175 219/219/174 222/222/176
f  221/221/175 222/222/176 223/223/177
f  221/221/175 223/223/177 224/224/178
f  218/218/173 221/221/175 225/225/179
f  218/218/173 225/225/179 220/220/174
f  225/225/179 221/221/175 224/224/178
f  226/226/180 217/217/172 220/220/174
f  226/226/180 220/220/174 225/225/179
f  226/226/180 225/225/179 227/227/181
f  227/227/181 225/225/179 224/224/178
f  226/226/180 227/227/181 217/217/172
f  227/227/181 224/224/178 228/228/182
f  217/217/172 227/227/181 229/229/183
f  229/229/183 227/227/181 228/228/182
f  217/217/172 229/229/183 216/216/171
f  229/229/183 228/228/182 230/230/184
f  229/229/183 230/230/184 231/231/185
f  229/229/183 231/231/185 216/216/171
f  231/231/185 230/230/184 232/232/131
f  231/231/185 232/232/131 160/160/131
f  216/216/171 231/231/185 233/233/186
f  233/233/186 231/231/185 160/160/131
f  216/216/171 233/233/186 204/204/162
f  233/233/186 160/160/131 143/143/115
f  233/233/186 143/143/115 204/204/162
f  234/234/52 235/235/54 236/236/51
f  236/236/51 235/235/54 237/237/187
f  236/236/51 237/237/187 238/238/188
f  236/236/51 238/238/188 239/239/50
f  237/237/187 235/235/54 240/240/189
f  238/238/188 237/237/187 241/241/190
f  241/241/190 237/237/187 240/240/189
f  239/239/50 238/238/188 242/242/191
f  238/238/188 241/241/190 243/243/192
f  238/238/188 243/243/192 242/242/191
f  243/243/192 241/241/190 244/244/193
f  244/244/193 241/241/190 240/240/189
f  245/245/194 240/240/189 235/235/54
f  245/245/194 235/235/54 246/246/53
f  245/245/194 246/246/53 247/247/58
f  240/240/189 245/245/194 248/248/195
f  248/248/195 245/245/194 247/247/58
f  240/240/189 248/248/195 249/249/196
f  240/240/189 249/249/196 244/244/193
f  248/248/195 247/247/58 250/250/197
f  249/249/196 248/248/195 251/251/198
f  251/251/198 248/248/195 250/250/197
f  250/250/197 247/247/58 252/252/199
f  252/252/199 247/247/58 253/253/57
f  252/252/199 253/253/57 254/254/62
f  250/250/197 252/252/199 255/255/200
f  255/255/200 252/252/199 254/254/62
f  251/251/198 250/250/197 256/256/201
f  256/256/201 250/250/197 255/255/200
f  257/257/202 249/249/196 251/251/198
f  257/257/202 251/251/198 256/256/201
f  256/256/201 255/255/200 258/258/203
f  256/256/201 258/258/203 257/257/202
f  255/255/200 254/254/62 259/259/204
f  258/258/203 255/255/200 260/260/205
f  258/258/203 260/260/205 257/257/202
f  260/260/205 255/255/200 259/259/204
f  259/259/204 254/254/62 261/261/62
f  259/259/204 261/261/62 262/262/206
f  262/262/206 261/261/62 263/263/207
f  260/260/205 259/259/204 264/264/208
f  264/264/208 259/259/204 262/262/206
f  262/262/206 263/263/207 265/265/209
f  262/262/206 265/265/209 264/264/208
f  265/265/209 263/263/207 266/266/210
f  260/260/205 264/264/208 267/267/211
f  267/267/211 264/264/208 265/265/209
f  267/267/211 265/265/209 266/266/210
f  260/260/205 267/267/211 257/257/202
f  267/267/211 266/266/210 268/268/212
f  267/267/211 268/268/212 257/257/202
f  257/257/202 268/268/212 269/269/213
f  269/269/213 268/268/212 270/270/212
f  270/270/212 268/268/212 271/271/212
f  270/270/212 271/271/212 272/272/214
f  270/270/212 272/272/214 273/273/214
f  273/273/214 272/272/214 274/274/215
f  269/269/213 270/270/212 275/275/216
f  275/275/216 270/270/212 273/273/214
f  257/257/202 269/269/213 276/276/217
f  276/276/217 269/269/213 275/275/216
f  257/257/202 276/276/217 277/277/218
f  257/257/202 277/277/218 249/249/196
f  273/273/214 274/274/215 278/278/219
f  278/278/219 274/274/215 279/279/220
f  279/279/220 274/274/215 280/280/221
f  279/279/220 280/280/221 281/281/214
f  249/249/196 277/277/218 244/244/193
f  273/273/214 278/278/219 282/282/222
f  282/282/222 278/278/219 283/283/223
f  273/273/214 282/282/222 275/275/216
f  282/282/222 283/283/223 284/284/224
f  275/275/216 282/282/222 285/285/225
f  285/285/225 282/282/222 284/284/224
f  285/285/225 284/284/224 286/286/226
f  286/286/226 284/284/224 287/287/226
f  286/286/226 287/287/226 285/285/225
f  285/285/225 287/287/226 288/288/227
f  275/275/216 285/285/225 289/289/228
f  288/288/227 287/287/226 290/290/229
f  290/290/229 287/287/226 291/291/229
f  285/285/225 288/288/227 292/292/226
f  285/285/225 292/292/226 289/289/228
f  292/292/226 288/288/227 290/290/229
f  275/275/216 289/289/228 293/293/230
f  293/293/230 289/289/228 292/292/226
f  275/275/216 293/293/230 276/276/217
f  293/293/230 292/292/226 294/294/226
f  276/276/217 293/293/230 295/295/231
f  276/276/217 295/295/231 277/277/218
f  294/294/226 292/292/226 296/296/229
f  296/296/229 292/292/226 290/290/229
f  293/293/230 294/294/226 297/297/232
f  293/293/230 297/297/232 295/295/231
f  297/297/232 294/294/226 296/296/229
f  277/277/218 295/295/231 298/298/233
f  298/298/233 295/295/231 297/297/232
f  277/277/218 298/298/233 299/299/233
f  277/277/218 299/299/233 244/244/193
f  298/298/233 297/297/232 300/300/234
f  298/298/233 300/300/234 299/299/233
f  244/244/193 299/299/233 301/301/233
f  301/301/233 299/299/233 300/300/234
f  244/244/193 301/301/233 243/243/192
f  300/300/234 297/297/232 302/302/235
f  300/300/234 302/302/235 301/301/233
f  243/243/192 301/301/233 303/303/236
f  303/303/236 301/301/233 302/302/235
f  243/243/192 303/303/236 242/242/191
f  304/304/237 297/297/232 296/296/229
f  297/297/232 304/304/237 302/302/235
f  304/304/237 296/296/229 305/305/238
f  302/302/235 304/304/237 306/306/239
f  306/306/239 304/304/237 305/305/238
f  305/305/238 296/296/229 307/307/240
f  305/305/238 307/307/240 306/306/239
f  307/307/240 296/296/229 290/290/229
f  307/307/240 290/290/229 308/308/241
f  308/308/241 290/290/229 309/309/242
f  307/307/240 308/308/241 310/310/243
f  310/310/243 308/308/241 311/311/244
f  306/306/239 307/307/240 312/312/245
f  312/312/245 307/307/240 310/310/243
f  306/306/239 312/312/245 313/313/246
f  312/312/245 310/310/243 314/314/247
f  314/314/247 310/310/243 311/311/244
f  312/312/245 314/314/247 313/313/246
f  314/314/247 311/311/244 315/315/248
f  315/315/248 311/311/244 316/316/249
f  315/315/248 316/316/249 317/317/250
f  315/315/248 317/317/250 314/314/247
f  317/317/250 316/316/249 318/318/251
f  314/314/247 317/317/250 319/319/252
f  314/314/247 319/319/252 320/320/253
f  314/314/247 320/320/253 313/313/246
f  320/320/253 319/319/252 321/321/254
f  322/322/255 306/306/239 313/313/246
f  306/306/239 322/322/255 302/302/235
f  313/313/246 320/320/253 323/323/256
f  320/320/253 321/321/254 324/324/257
f  320/320/253 324/324/257 323/323/256
f  324/324/257 321/321/254 325/325/258
f  313/313/246 323/323/256 326/326/259
f  313/313/246 326/326/259 322/322/255
f  302/302/235 322/322/255 327/327/260
f  302/302/235 327/327/260 303/303/236
f  327/327/260 322/322/255 328/328/261
f  322/322/255 326/326/259 329/329/262
f  322/322/255 329/329/262 328/328/261
f  326/326/259 323/323/256 330/330/263
f  326/326/259 330/330/263 329/329/262
f  328/328/261 329/329/262 331/331/264
f  328/328/261 331/331/264 327/327/260
f  331/331/264 329/329/262 330/330/263
f  332/332/265 303/303/236 327/327/260
f  332/332/265 327/327/260 331/331/264
f  303/303/236 332/332/265 242/242/191
f  333/333/266 330/330/263 323/323/256
f  333/333/266 323/323/256 324/324/257
f  331/331/264 330/330/263 334/334/45
f  334/334/45 330/330/263 333/333/266
f  331/331/264 334/334/45 335/335/42
f  332/332/265 331/331/264 336/336/41
f  336/336/41 331/331/264 337/337/40
f  338/338/48 242/242/191 332/332/265
f  338/338/48 332/332/265 336/336/41
f  338/338/48 336/336/41 339/339/43
f  242/242/191 338/338/48 239/239/50
f  239/239/50 338/338/48 340/340/47
f  341/341/267 334/334/45 333/333/266
f  341/341/267 333/333/266 324/324/257
f  334/334/45 341/341/267 342/342/268
f  341/341/267 324/324/257 325/325/258
f  341/341/267 325/325/258 342/342/268
f  342/342/268 325/325/258 343/343/269
f  344/344/264 345/345/42 346/346/40
f  347/347/270 348/348/125 349/349/129
f  347/347/270 349/349/129 350/350/271
f  350/350/271 349/349/129 351/351/131
f  348/348/125 347/347/270 352/352/125
f  350/350/271 351/351/131 353/353/272
f  347/347/270 350/350/271 354/354/273
f  354/354/273 350/350/271 353/353/272
f  347/347/270 354/354/273 352/352/125
f  353/353/272 351/351/131 355/355/131
f  353/353/272 355/355/131 356/356/274
f  356/356/274 355/355/131 357/357/184
f  354/354/273 353/353/272 358/358/275
f  358/358/275 353/353/272 356/356/274
f  354/354/273 358/358/275 359/359/276
f  358/358/275 356/356/274 360/360/277
f  358/358/275 360/360/277 359/359/276
f  356/356/274 357/357/184 361/361/278
f  356/356/274 361/361/278 360/360/277
f  354/354/273 359/359/276 362/362/279
f  354/354/273 362/362/279 352/352/125
f  359/359/276 360/360/277 363/363/280
f  359/359/276 363/363/280 362/362/279
f  352/352/125 362/362/279 364/364/125
f  363/363/280 360/360/277 365/365/281
f  364/364/125 362/362/279 366/366/279
f  362/362/279 363/363/280 367/367/279
f  362/362/279 367/367/279 366/366/279
f  363/363/280 365/365/281 368/368/282
f  365/365/281 360/360/277 369/369/283
f  365/365/281 369/369/283 368/368/282
f  369/369/283 360/360/277 370/370/284
f  370/370/284 360/360/277 361/361/278
f  368/368/282 369/369/283 371/371/285
f  371/371/285 369/369/283 370/370/284
f  363/363/280 368/368/282 372/372/286
f  372/372/286 368/368/282 371/371/285
f  363/363/280 372/372/286 373/373/287
f  363/363/280 373/373/287 367/367/279
f  372/372/286 371/371/285 374/374/288
f  374/374/288 371/371/285 370/370/284
f  373/373/287 372/372/286 375/375/289
f  375/375/289 372/372/286 374/374/288
f  367/367/279 373/373/287 376/376/290
f  376/376/290 373/373/287 375/375/289
f  377/377/291 370/370/284 361/361/278
f  370/370/284 377/377/291 374/374/288
f  377/377/291 361/361/278 378/378/292
f  377/377/291 378/378/292 379/379/293
f  377/377/291 379/379/293 374/374/288
f  378/378/292 361/361/278 380/380/294
f  380/380/294 361/361/278 357/357/184
f  380/380/294 357/357/184 381/381/182
f  378/378/292 380/380/294 382/382/295
f  382/382/295 380/380/294 381/381/182
f  378/378/292 382/382/295 379/379/293
f  382/382/295 381/381/182 383/383/182
f  383/383/182 381/381/182 384/384/178
f  379/379/293 382/382/295 385/385/296
f  383/383/182 384/384/178 386/386/182
f  386/386/182 384/384/178 387/387/177
f  382/382/295 383/383/182 388/388/297
f  382/382/295 388/388/297 385/385/296
f  388/388/297 383/383/182 386/386/182
f  379/379/293 385/385/296 389/389/298
f  389/389/298 385/385/296 388/388/297
f  388/388/297 386/386/182 390/390/299
f  388/388/297 390/390/299 389/389/298
f  386/386/182 387/387/177 391/391/300
f  386/386/182 391/391/300 390/390/299
f  391/391/300 387/387/177 392/392/301
f  392/392/301 387/387/177 393/393/176
f  391/391/300 392/392/301 394/394/302
f  395/395/303 379/379/293 389/389/298
f  394/394/302 392/392/301 396/396/304
f  396/396/304 392/392/301 397/397/305
f  391/391/300 394/394/302 398/398/306
f  398/398/306 394/394/302 396/396/304
f  391/391/300 398/398/306 390/390/299
f  379/379/293 395/395/303 374/374/288
f  398/398/306 396/396/304 399/399/307
f  399/399/307 396/396/304 400/400/308
f  399/399/307 400/400/308 401/401/309
f  398/398/306 399/399/307 402/402/310
f  398/398/306 402/402/310 390/390/299
f  402/402/310 399/399/307 403/403/311
f  402/402/310 403/403/311 404/404/312
f  390/390/299 402/402/310 405/405/313
f  405/405/313 402/402/310 404/404/312
f  390/390/299 405/405/313 389/389/298
f  405/405/313 404/404/312 406/406/314
f  405/405/313 406/406/314 389/389/298
f  389/389/298 406/406/314 395/395/303
f  406/406/314 404/404/312 407/407/315
f  406/406/314 407/407/315 408/408/316
f  406/406/314 408/408/316 409/409/317
f  406/406/314 409/409/317 410/410/318
f  406/406/314 410/410/318 395/395/303
f  395/395/303 410/410/318 411/411/319
f  395/395/303 411/411/319 374/374/288
f  374/374/288 411/411/319 412/412/320
f  374/374/288 412/412/320 375/375/289
f  411/411/319 410/410/318 413/413/321
f  413/413/321 410/410/318 414/414/322
f  413/413/321 414/414/322 415/415/323
f  413/413/321 415/415/323 416/416/324
f  375/375/289 412/412/320 417/417/325
f  417/417/325 412/412/320 411/411/319
f  417/417/325 411/411/319 413/413/321
f  375/375/289 417/417/325 376/376/290
f  376/376/290 417/417/325 413/413/321
f  376/376/290 413/413/321 416/416/324
f  376/376/290 416/416/324 418/418/326
f  376/376/290 418/418/326 419/419/327
f  419/419/327 418/418/326 420/420/328
f  376/376/290 419/419/327 367/367/279
f  419/419/327 420/420/328 421/421/329
f  367/367/279 419/419/327 422/422/279
f  367/367/279 422/422/279 366/366/279
f  419/419/327 421/421/329 423/423/330
f  422/422/279 419/419/327 424/424/331
f  423/423/330 421/421/329 425/425/80
f  366/366/279 422/422/279 426/426/332
f  426/426/332 422/422/279 424/424/331
f  424/424/331 419/419/327 427/427/333
f  424/424/331 427/427/333 426/426/332
f  419/419/327 423/423/330 428/428/334
f  419/419/327 428/428/334 427/427/333
f  423/423/330 425/425/80 429/429/335
f  429/429/335 425/425/80 430/430/336
f  428/428/334 423/423/330 431/431/337
f  428/428/334 431/431/337 427/427/333
f  423/423/330 429/429/335 432/432/338
f  423/423/330 432/432/338 431/431/337
f  429/429/335 430/430/336 433/433/339
f  433/433/339 430/430/336 434/434/340
f  431/431/337 432/432/338 435/435/341
f  431/431/337 435/435/341 427/427/333
f  432/432/338 429/429/335 436/436/342
f  436/436/342 429/429/335 433/433/339
f  433/433/339 434/434/340 437/437/77
f  433/433/339 437/437/77 436/436/342
f  437/437/77 434/434/340 438/438/343
f  438/438/343 434/434/340 439/439/344
f  438/438/343 439/439/344 440/440/345
f  438/438/343 440/440/345 437/437/77
f  440/440/345 439/439/344 441/441/346
f  437/437/77 440/440/345 442/442/153
f  442/442/153 440/440/345 443/443/347
f  437/437/77 442/442/153 444/444/152
f  437/437/77 444/444/152 436/436/342
f  436/436/342 444/444/152 445/445/140
f  436/436/342 445/445/140 446/446/348
f  446/446/348 445/445/140 447/447/139
f  436/436/342 446/446/348 448/448/139
f  448/448/139 446/446/348 447/447/139
f  436/436/342 448/448/139 432/432/338
f  448/448/139 447/447/139 449/449/136
f  432/432/338 448/448/139 435/435/341
f  435/435/341 448/448/139 449/449/136
f  435/435/341 449/449/136 450/450/133
f  435/435/341 450/450/133 451/451/349
f  451/451/349 450/450/133 452/452/127
f  435/435/341 451/451/349 427/427/333
f  451/451/349 452/452/127 453/453/126
f  451/451/349 453/453/126 454/454/350
f  454/454/350 453/453/126 348/348/125
f  454/454/350 348/348/125 352/352/125
f  451/451/349 454/454/350 455/455/351
f  454/454/350 352/352/125 456/456/125
f  454/454/350 456/456/125 455/455/351
f  456/456/125 352/352/125 364/364/125
f  455/455/351 456/456/125 457/457/352
f  457/457/352 456/456/125 364/364/125
f  455/455/351 457/457/352 451/451/349
f  457/457/352 364/364/125 366/366/279
f  451/451/349 457/457/352 458/458/353
f  451/451/349 458/458/353 427/427/333
f  457/457/352 366/366/279 459/459/354
f  457/457/352 459/459/354 458/458/353
f  459/459/354 366/366/279 426/426/332
f  427/427/333 458/458/353 460/460/355
f  460/460/355 458/458/353 459/459/354
f  427/427/333 460/460/355 426/426/332
f  426/426/332 460/460/355 459/459/354
f  461/461/45 462/462/45 463/463/42
f  462/462/45 461/461/45 464/464/268
f  462/462/45 464/464/268 465/465/356
f  465/465/356 464/464/268 466/466/269
f  462/462/45 465/465/356 467/467/357
f  465/465/356 466/466/269 468/468/358
f  465/465/356 468/468/358 467/467/357
f  468/468/358 466/466/269 469/469/359
f  469/469/359 466/466/269 470/470/258
f  469/469/359 470/470/258 471/471/254
f  469/469/359 471/471/254 472/472/360
f  469/469/359 472/472/360 468/468/358
f  472/472/360 471/471/254 473/473/252
f  467/467/357 468/468/358 474/474/361
f  474/474/361 468/468/358 472/472/360
f  475/475/362 462/462/45 467/467/357
f  475/475/362 467/467/357 474/474/361
f  462/462/45 475/475/362 476/476/46
f  476/476/46 475/475/362 477/477/157
f  475/475/362 474/474/361 478/478/363
f  475/475/362 478/478/363 477/477/157
f  474/474/361 472/472/360 479/479/364
f  474/474/361 479/479/364 478/478/363
f  479/479/364 472/472/360 480/480/365
f  480/480/365 472/472/360 473/473/252
f  478/478/363 479/479/364 481/481/366
f  481/481/366 479/479/364 480/480/365
f  478/478/363 481/481/366 477/477/157
f  480/480/365 473/473/252 482/482/367
f  480/480/365 482/482/367 481/481/366
f  482/482/367 473/473/252 483/483/250
f  481/481/366 482/482/367 484/484/368
f  481/481/366 484/484/368 477/477/157
f  482/482/367 483/483/250 485/485/369
f  485/485/369 483/483/250 486/486/251
f  484/484/368 482/482/367 487/487/370
f  487/487/370 482/482/367 485/485/369
f  477/477/157 484/484/368 488/488/371
f  488/488/371 484/484/368 487/487/370
f  485/485/369 486/486/251 489/489/372
f  485/485/369 489/489/372 487/487/370
f  489/489/372 486/486/251 490/490/373
f  490/490/373 486/486/251 491/491/373
f  487/487/370 489/489/372 492/492/374
f  492/492/374 489/489/372 490/490/373
f  490/490/373 491/491/373 493/493/375
f  493/493/375 491/491/373 494/494/376
f  490/490/373 493/493/375 495/495/377
f  490/490/373 495/495/377 492/492/374
f  495/495/377 493/493/375 496/496/378
f  495/495/377 496/496/378 492/492/374
f  493/493/375 494/494/376 497/497/379
f  493/493/375 497/497/379 496/496/378
f  497/497/379 494/494/376 498/498/380
f  498/498/380 494/494/376 499/499/381
f  498/498/380 499/499/381 497/497/379
f  497/497/379 499/499/381 500/500/382
f  497/497/379 500/500/382 496/496/378
f  500/500/382 499/499/381 501/501/382
f  496/496/378 500/500/382 502/502/383
f  502/502/383 500/500/382 501/501/382
f  503/503/384 492/492/374 496/496/378
f  503/503/384 496/496/378 502/502/383
f  492/492/374 503/503/384 504/504/385
f  492/492/374 504/504/385 505/505/386
f  492/492/374 505/505/386 487/487/370
f  487/487/370 505/505/386 506/506/387
f  506/506/387 505/505/386 504/504/385
f  487/487/370 506/506/387 488/488/371
f  504/504/385 503/503/384 507/507/388
f  504/504/385 507/507/388 506/506/387
f  508/508/389 503/503/384 502/502/383
f  503/503/384 508/508/389 507/507/388
f  488/488/371 506/506/387 509/509/390
f  509/509/390 506/506/387 507/507/388
f  488/488/371 509/509/390 510/510/391
f  488/488/371 510/510/391 477/477/157
f  509/509/390 507/507/388 511/511/392
f  509/509/390 511/511/392 510/510/391
f  511/511/392 507/507/388 508/508/389
f  477/477/157 510/510/391 512/512/393
f  512/512/393 510/510/391 511/511/392
f  477/477/157 512/512/393 513/513/159
f  513/513/159 512/512/393 514/514/167
f  514/514/167 512/512/393 515/515/394
f  514/514/167 515/515/394 501/501/382
f  512/512/393 511/511/392 516/516/395
f  512/512/393 516/516/395 515/515/394
f  515/515/394 516/516/395 501/501/382
f  516/516/395 511/511/392 508/508/389
f  501/501/382 516/516/395 502/502/383
f  502/502/383 516/516/395 508/508/389
f  517/517/62 518/518/396 519/519/207
f  518/518/396 517/517/62 520/520/63
f  519/519/207 518/518/396 521/521/397
f  519/519/207 521/521/397 522/522/398
f  519/519/207 522/522/398 523/523/210
f  521/521/397 518/518/396 524/524/399
f  523/523/210 522/522/398 525/525/400
f  522/522/398 521/521/397 526/526/401
f  526/526/401 521/521/397 524/524/399
f  522/522/398 526/526/401 525/525/400
f  523/523/210 525/525/400 527/527/212
f  527/527/212 525/525/400 528/528/212
f  524/524/399 518/518/396 529/529/402
f  529/529/402 518/518/396 520/520/63
f  526/526/401 524/524/399 530/530/403
f  530/530/403 524/524/399 529/529/402
f  525/525/400 526/526/401 531/531/404
f  525/525/400 531/531/404 528/528/212
f  526/526/401 530/530/403 532/532/405
f  526/526/401 532/532/405 531/531/404
f  529/529/402 520/520/63 533/533/68
f  533/533/68 520/520/63 534/534/64
f  528/528/212 531/531/404 535/535/406
f  535/535/406 531/531/404 532/532/405
f  528/528/212 535/535/406 536/536/214
f  532/532/405 530/530/403 537/537/407
f  532/532/405 537/537/407 535/535/406
f  538/538/408 530/530/403 529/529/402
f  530/530/403 538/538/408 537/537/407
f  538/538/408 529/529/402 533/533/68
f  536/536/214 535/535/406 539/539/409
f  536/536/214 539/539/409 540/540/215
f  535/535/406 537/537/407 541/541/410
f  541/541/410 537/537/407 538/538/408
f  539/539/409 535/535/406 542/542/411
f  539/539/409 542/542/411 540/540/215
f  542/542/411 535/535/406 541/541/410
f  540/540/215 542/542/411 543/543/221
f  543/543/221 542/542/411 544/544/412
f  544/544/412 542/542/411 541/541/410
f  543/543/221 544/544/412 545/545/214
f  541/541/410 538/538/408 546/546/413
f  546/546/413 538/538/408 533/533/68
f  541/541/410 546/546/413 547/547/414
f  541/541/410 547/547/414 544/544/412
f  546/546/413 533/533/68 548/548/415
f  548/548/415 533/533/68 549/549/416
f  549/549/416 533/533/68 550/550/69
f  546/546/413 548/548/415 551/551/417
f  546/546/413 551/551/417 547/547/414
f  547/547/414 551/551/417 552/552/418
f  547/547/414 552/552/418 544/544/412
f  549/549/416 550/550/69 553/553/73
f  552/552/418 551/551/417 554/554/419
f  552/552/418 554/554/419 544/544/412
f  551/551/417 548/548/415 555/555/420
f  555/555/420 548/548/415 549/549/416
f  551/551/417 555/555/420 554/554/419
f  549/549/416 553/553/73 556/556/421
f  556/556/421 553/553/73 557/557/72
f  555/555/420 549/549/416 558/558/422
f  558/558/422 549/549/416 556/556/421
f  555/555/420 558/558/422 559/559/423
f  555/555/420 559/559/423 554/554/419
f  558/558/422 556/556/421 560/560/424
f  559/559/423 558/558/422 561/561/425
f  561/561/425 558/558/422 560/560/424
f  554/554/419 559/559/423 562/562/426
f  562/562/426 559/559/423 561/561/425
f  554/554/419 562/562/426 563/563/427
f  563/563/427 562/562/426 564/564/428
f  554/554/419 563/563/427 565/565/429
f  565/565/429 563/563/427 564/564/428
f  554/554/419 565/565/429 544/544/412
f  564/564/428 562/562/426 566/566/430
f  564/564/428 566/566/430 565/565/429
f  544/544/412 565/565/429 567/567/431
f  567/567/431 565/565/429 566/566/430
f  544/544/412 567/567/431 545/545/214
f  545/545/214 567/567/431 568/568/432
f  566/566/430 562/562/426 569/569/433
f  569/569/433 562/562/426 561/561/425
f  567/567/431 566/566/430 570/570/434
f  568/568/432 567/567/431 571/571/400
f  571/571/400 567/567/431 570/570/434
f  570/570/434 566/566/430 572/572/435
f  572/572/435 566/566/430 569/569/433
f  569/569/433 561/561/425 573/573/436
f  573/573/436 561/561/425 560/560/424
f  572/572/435 569/569/433 574/574/437
f  574/574/437 569/569/433 573/573/436
f  570/570/434 572/572/435 575/575/438
f  575/575/438 572/572/435 574/574/437
f  570/570/434 575/575/438 576/576/439
f  570/570/434 576/576/439 571/571/400
f  575/575/438 574/574/437 577/577/421
f  577/577/421 574/574/437 573/573/436
f  576/576/439 575/575/438 578/578/440
f  578/578/440 575/575/438 577/577/421
f  571/571/400 576/576/439 579/579/441
f  579/579/441 576/576/439 578/578/440
f  577/577/421 573/573/436 580/580/442
f  580/580/442 573/573/436 560/560/424
f  578/578/440 577/577/421 581/581/443
f  581/581/443 577/577/421 580/580/442
f  579/579/441 578/578/440 582/582/444
f  582/582/444 578/578/440 581/581/443
f  580/580/442 560/560/424 583/583/445
f  583/583/445 560/560/424 556/556/421
f  581/581/443 580/580/442 584/584/446
f  584/584/446 580/580/442 583/583/445
f  583/583/445 556/556/421 585/585/421
f  583/583/445 585/585/421 584/584/446
f  585/585/421 556/556/421 557/557/72
f  585/585/421 557/557/72 586/586/86
f  585/585/421 586/586/86 584/584/446
f  586/586/86 557/557/72 587/587/72
f  581/581/443 584/584/446 588/588/447
f  581/581/443 588/588/447 582/582/444
f  584/584/446 586/586/86 589/589/347
f  584/584/446 589/589/347 588/588/447
f  589/589/347 586/586/86 590/590/150
f  589/589/347 590/590/150 591/591/153
f  588/588/447 589/589/347 592/592/345
f  582/582/444 588/588/447 593/593/448
f  582/582/444 593/593/448 594/594/449
f  582/582/444 594/594/449 595/595/450
f  582/582/444 595/595/450 596/596/451
f  596/596/451 595/595/450 597/597/452
f  596/596/451 597/597/452 598/598/453
f  596/596/451 598/598/453 582/582/444
f  582/582/444 598/598/453 579/579/441
f  579/579/441 598/598/453 599/599/454
f  579/579/441 599/599/454 571/571/400
f  599/599/454 598/598/453 600/600/455
f  600/600/455 598/598/453 601/601/456
f  571/571/400 599/599/454 602/602/457
f  571/571/400 602/602/457 568/568/432
f  568/568/432 602/602/457 603/603/458
f  602/602/457 599/599/454 604/604/459
f  604/604/459 599/599/454 600/600/455
f  602/602/457 604/604/459 605/605/460
f  604/604/459 600/600/455 606/606/461
f  604/604/459 606/606/461 605/605/460
f  606/606/461 600/600/455 601/601/456
f  605/605/460 606/606/461 607/607/462
f  607/607/462 606/606/461 601/601/456
f  607/607/462 601/601/456 608/608/463
f  609/609/382 610/610/168 611/611/167
f  610/610/168 609/609/382 612/612/464
f  610/610/168 612/612/464 613/613/174
f  613/613/174 612/612/464 614/614/176
f  614/614/176 612/612/464 615/615/301
f  615/615/301 612/612/464 616/616/305
f  612/612/464 609/609/382 617/617/465
f  612/612/464 617/617/465 616/616/305
f  617/617/465 609/609/382 618/618/381
f  616/616/305 617/617/465 619/619/466
f  617/617/465 618/618/381 620/620/467
f  619/619/466 617/617/465 621/621/468
f  621/621/468 617/617/465 620/620/467
f  620/620/467 618/618/381 622/622/469
f  620/620/467 622/622/469 621/621/468
f  622/622/469 618/618/381 623/623/470
f  623/623/470 618/618/381 624/624/376
f  623/623/470 624/624/376 625/625/471
f  623/623/470 625/625/471 622/622/469
f  625/625/471 624/624/376 626/626/373
f  627/627/472 619/619/466 621/621/468
f  627/627/472 621/621/468 622/622/469
f  619/619/466 627/627/472 628/628/473
f  619/619/466 628/628/473 629/629/474
f  628/628/473 627/627/472 630/630/475
f  630/630/475 627/627/472 622/622/469
f  630/630/475 622/622/469 631/631/476
f  630/630/475 631/631/476 632/632/477
f  631/631/476 622/622/469 633/633/478
f  633/633/478 622/622/469 625/625/471
f  631/631/476 633/633/478 634/634/479
f  633/633/478 625/625/471 635/635/480
f  633/633/478 635/635/480 636/636/481
f  635/635/480 625/625/471 637/637/482
f  635/635/480 637/637/482 636/636/481
f  637/637/482 625/625/471 626/626/373
f  637/637/482 626/626/373 638/638/483
f  637/637/482 638/638/483 639/639/484
f  636/636/481 637/637/482 640/640/485
f  640/640/485 637/637/482 641/641/486
f  636/636/481 640/640/485 642/642/486
f  642/642/486 640/640/485 643/643/487
f  644/644/328 645/645/326 646/646/488
f  646/646/488 645/645/326 647/647/324
f  644/644/328 646/646/488 648/648/489
f  646/646/488 647/647/324 649/649/490
f  646/646/488 649/649/490 648/648/489
f  650/650/323 651/651/322 647/647/324
f  647/647/324 651/651/322 649/649/490
f  649/649/490 651/651/322 652/652/491
f  652/652/491 651/651/322 653/653/492
f  653/653/492 651/651/322 654/654/318
f  653/653/492 654/654/318 655/655/317
f  649/649/490 652/652/491 656/656/493
f  649/649/490 656/656/493 657/657/494
f  649/649/490 657/657/494 648/648/489
f  656/656/493 652/652/491 658/658/495
f  658/658/495 652/652/491 653/653/492
f  656/656/493 658/658/495 659/659/493
f  656/656/493 659/659/493 657/657/494
f  659/659/493 658/658/495 660/660/496
f  660/660/496 658/658/495 653/653/492
f  657/657/494 659/659/493 661/661/493
f  659/659/493 660/660/496 662/662/490
f  659/659/493 662/662/490 661/661/493
f  662/662/490 660/660/496 663/663/497
f  661/661/493 662/662/490 664/664/493
f  664/664/493 662/662/490 663/663/497
f  663/663/497 660/660/496 665/665/498
f  665/665/498 660/660/496 653/653/492
f  657/657/494 661/661/493 666/666/499
f  665/665/498 653/653/492 667/667/500
f  668/668/501 648/648/489 657/657/494
f  668/668/501 657/657/494 666/666/499
f  648/648/489 668/668/501 669/669/502
f  648/648/489 669/669/502 670/670/503
f  648/648/489 670/670/503 644/644/328
f  669/669/502 668/668/501 671/671/504
f  671/671/504 668/668/501 666/666/499
f  644/644/328 670/670/503 672/672/329
f  670/670/503 669/669/502 673/673/505
f  673/673/505 669/669/502 671/671/504
f  672/672/329 670/670/503 674/674/506
f  672/672/329 674/674/506 675/675/80
f  671/671/504 666/666/499 676/676/507
f  671/671/504 676/676/507 673/673/505
f  676/676/507 666/666/499 677/677/499
f  670/670/503 673/673/505 678/678/503
f  670/670/503 678/678/503 674/674/506
f  673/673/505 676/676/507 679/679/508
f  679/679/508 676/676/507 677/677/499
f  677/677/499 666/666/499 661/661/493
f  673/673/505 679/679/508 680/680/509
f  673/673/505 680/680/509 678/678/503
f  677/677/499 661/661/493 681/681/493
f  679/679/508 677/677/499 682/682/510
f  682/682/510 677/677/499 681/681/493
f  680/680/509 679/679/508 683/683/511
f  683/683/511 679/679/508 682/682/510
f  680/680/509 683/683/511 684/684/512
f  683/683/511 682/682/510 685/685/513
f  685/685/513 682/682/510 681/681/493
f  681/681/493 661/661/493 664/664/493
f  683/683/511 685/685/513 686/686/514
f  683/683/511 686/686/514 684/684/512
f  684/684/512 686/686/514 687/687/515
f  680/680/509 684/684/512 688/688/516
f  680/680/509 688/688/516 678/678/503
f  687/687/515 686/686/514 689/689/493
f  689/689/493 686/686/514 685/685/513
f  689/689/493 685/685/513 681/681/493
f  689/689/493 681/681/493 690/690/493
f  690/690/493 681/681/493 664/664/493
f  689/689/493 690/690/493 691/691/493
f  690/690/493 664/664/493 692/692/517
f  690/690/493 692/692/517 693/693/518
f  692/692/517 664/664/493 694/694/519
f  694/694/519 664/664/493 663/663/497
f  692/692/517 694/694/519 695/695/318
f  694/694/519 663/663/497 696/696/520
f  694/694/519 696/696/520 695/695/318
f  696/696/520 663/663/497 665/665/498
f  692/692/517 695/695/318 697/697/498
f  697/697/498 695/695/318 696/696/520
f  697/697/498 696/696/520 665/665/498
f  692/692/517 697/697/498 698/698/521
f  698/698/521 697/697/498 699/699/184
f  697/697/498 665/665/498 700/700/522
f  697/697/498 700/700/522 699/699/184
f  700/700/522 665/665/498 667/667/500
f  699/699/184 700/700/522 701/701/523
f  700/700/522 667/667/500 702/702/524
f  702/702/524 667/667/500 653/653/492
f  701/701/523 700/700/522 703/703/525
f  703/703/525 700/700/522 702/702/524
f  702/702/524 653/653/492 704/704/526
f  702/702/524 704/704/526 703/703/525
f  704/704/526 653/653/492 655/655/317
f  704/704/526 655/655/317 705/705/527
f  704/704/526 705/705/527 703/703/525
f  705/705/527 655/655/317 706/706/316
f  701/701/523 703/703/525 707/707/528
f  703/703/525 705/705/527 708/708/529
f  703/703/525 708/708/529 707/707/528
f  705/705/527 706/706/316 709/709/530
f  705/705/527 709/709/530 708/708/529
f  709/709/530 706/706/316 710/710/315
f  707/707/528 708/708/529 711/711/165
f  711/711/165 708/708/529 709/709/530
f  701/701/523 707/707/528 712/712/531
f  701/701/523 712/712/531 713/713/532
f  712/712/531 707/707/528 711/711/165
f  709/709/530 710/710/315 714/714/312
f  709/709/530 714/714/312 711/711/165
f  712/712/531 711/711/165 715/715/533
f  712/712/531 715/715/533 716/716/534
f  715/715/533 711/711/165 717/717/535
f  715/715/533 717/717/535 718/718/536
f  711/711/165 714/714/312 719/719/537
f  711/711/165 719/719/537 717/717/535
f  720/720/311 714/714/312 710/710/315
f  714/714/312 720/720/311 719/719/537
f  720/720/311 710/710/315 721/721/312
f  719/719/537 720/720/311 722/722/309
f  719/719/537 722/722/309 717/717/535
f  722/722/309 720/720/311 723/723/307
f  717/717/535 722/722/309 724/724/538
f  717/717/535 724/724/538 725/725/539
f  724/724/538 722/722/309 726/726/308
f  724/724/538 726/726/308 727/727/540
f  728/728/249 729/729/541 730/730/251
f  730/730/251 729/729/541 731/731/373
f  731/731/373 729/729/541 732/732/483
f  729/729/541 728/728/249 733/733/542
f  732/732/483 729/729/541 734/734/543
f  734/734/543 729/729/541 733/733/542
f  732/732/483 734/734/543 735/735/484
f  733/733/542 728/728/249 736/736/244
f  733/733/542 736/736/244 737/737/242
f  737/737/242 736/736/244 738/738/241
f  733/733/542 737/737/242 739/739/544
f  734/734/543 733/733/542 740/740/523
f  740/740/523 733/733/542 741/741/545
f  740/740/523 741/741/545 742/742/546
f  734/734/543 740/740/523 743/743/533
f  734/734/543 743/743/533 735/735/484
f  740/740/523 742/742/546 744/744/31
f  744/744/31 742/742/546 745/745/547
f  744/744/31 745/745/547 746/746/548
f  740/740/523 744/744/31 747/747/549
f  740/740/523 747/747/549 743/743/533
f  744/744/31 746/746/548 748/748/550
f  744/744/31 748/748/550 747/747/549
f  748/748/550 746/746/548 749/749/551
f  748/748/550 749/749/551 750/750/552
f  748/748/550 750/750/552 747/747/549
f  747/747/549 750/750/552 743/743/533
f  743/743/533 750/750/552 751/751/553
f  751/751/553 750/750/552 752/752/554
f  743/743/533 751/751/553 753/753/555
f  753/753/555 751/751/553 754/754/556
f  753/753/555 754/754/556 755/755/557
f  743/743/533 753/753/555 756/756/486
f  743/743/533 756/756/486 735/735/484
f  735/735/484 756/756/486 757/757/482
f  753/753/555 755/755/557 758/758/549
f  756/756/486 753/753/555 759/759/163
f  759/759/163 753/753/555 758/758/549
f  758/758/549 755/755/557 760/760/557
f  758/758/549 760/760/557 759/759/163
f  760/760/557 755/755/557 761/761/558
f  756/756/486 759/759/163 762/762/487
f  762/762/487 759/759/163 760/760/557
f  756/756/486 762/762/487 763/763/485
f  762/762/487 760/760/557 764/764/559
f  762/762/487 764/764/559 765/765/486
f  760/760/557 761/761/558 766/766/560
f  760/760/557 766/766/560 764/764/559
f  766/766/560 761/761/558 767/767/561
f  764/764/559 766/766/560 768/768/562
f  766/766/560 767/767/561 769/769/563
f  766/766/560 769/769/563 768/768/562
f  769/769/563 767/767/561 770/770/564
f  768/768/562 769/769/563 771/771/565
f  771/771/565 769/769/563 770/770/564
f  771/771/565 770/770/564 772/772/566
f  773/773/567 774/774/336 675/675/80
f  773/773/567 675/675/80 674/674/506
f  774/774/336 773/773/567 775/775/568
f  774/774/336 775/775/568 776/776/340
f  776/776/340 775/775/568 777/777/569
f  776/776/340 777/777/569 778/778/344
f  775/775/568 773/773/567 779/779/568
f  775/775/568 779/779/568 777/777/569
f  778/778/344 777/777/569 780/780/570
f  780/780/570 777/777/569 779/779/568
f  778/778/344 780/780/570 781/781/571
f  781/781/571 780/780/570 782/782/572
f  782/782/572 780/780/570 783/783/573
f  782/782/572 783/783/573 784/784/574
f  780/780/570 779/779/568 785/785/575
f  780/780/570 785/785/575 783/783/573
f  783/783/573 785/785/575 784/784/574
f  785/785/575 779/779/568 773/773/567
f  784/784/574 785/785/575 786/786/576
f  785/785/575 773/773/567 787/787/577
f  785/785/575 787/787/577 786/786/576
f  787/787/577 773/773/567 674/674/506
f  788/788/578 789/789/579 786/786/576
f  788/788/578 786/786/576 787/787/577
f  787/787/577 674/674/506 790/790/580
f  790/790/580 674/674/506 678/678/503
f  787/787/577 790/790/580 791/791/581
f  790/790/580 678/678/503 792/792/440
f  790/790/580 792/792/440 791/791/581
f  792/792/440 678/678/503 688/688/516
f  787/787/577 791/791/581 793/793/72
f  793/793/72 791/791/581 792/792/440
f  787/787/577 793/793/72 788/788/578
f  793/793/72 792/792/440 688/688/516
f  788/788/578 793/793/72 794/794/582
f  794/794/582 793/793/72 688/688/516
f  788/788/578 794/794/582 795/795/583
f  795/795/583 794/794/582 688/688/516
f  796/796/229 797/797/242 798/798/229
f  797/797/242 796/796/229 799/799/544
f  799/799/544 796/796/229 800/800/584
f  800/800/584 796/796/229 801/801/226
f  802/802/545 803/803/542 799/799/544
f  802/802/545 799/799/544 804/804/585
f  799/799/544 800/800/584 805/805/586
f  799/799/544 805/805/586 804/804/585
f  802/802/545 804/804/585 806/806/587
f  806/806/587 804/804/585 805/805/586
f  802/802/545 806/806/587 807/807/546
f  808/808/226 800/800/584 801/801/226
f  807/807/546 806/806/587 809/809/588
f  807/807/546 809/809/588 810/810/547
f  811/811/589 805/805/586 800/800/584
f  811/811/589 800/800/584 808/808/226
f  808/808/226 801/801/226 812/812/224
f  805/805/586 811/811/589 813/813/590
f  805/805/586 813/813/590 806/806/587
f  811/811/589 808/808/226 814/814/591
f  815/815/592 809/809/588 806/806/587
f  815/815/592 806/806/587 813/813/590
f  811/811/589 814/814/591 816/816/593
f  811/811/589 816/816/593 813/813/590
f  814/814/591 808/808/226 817/817/594
f  814/814/591 817/817/594 816/816/593
f  817/817/594 808/808/226 812/812/224
f  813/813/590 816/816/593 818/818/595
f  818/818/595 816/816/593 817/817/594
f  813/813/590 818/818/595 819/819/596
f  819/819/596 818/818/595 817/817/594
f  820/820/595 815/815/592 813/813/590
f  820/820/595 813/813/590 819/819/596
f  817/817/594 812/812/224 821/821/597
f  817/817/594 821/821/597 822/822/598
f  817/817/594 822/822/598 819/819/596
f  821/821/597 812/812/224 823/823/599
f  821/821/597 823/823/599 822/822/598
f  823/823/599 812/812/224 824/824/223
f  823/823/599 824/824/223 825/825/219
f  823/823/599 825/825/219 826/826/600
f  823/823/599 826/826/600 827/827/601
f  822/822/598 823/823/599 828/828/602
f  828/828/602 823/823/599 827/827/601
f  822/822/598 828/828/602 819/819/596
f  828/828/602 827/827/601 829/829/603
f  828/828/602 829/829/603 830/830/604
f  828/828/602 830/830/604 831/831/605
f  830/830/604 829/829/603 832/832/606
f  830/830/604 832/832/606 831/831/605
f  828/828/602 831/831/605 833/833/607
f  828/828/602 833/833/607 819/819/596
f  831/831/605 832/832/606 834/834/608
f  833/833/607 831/831/605 835/835/609
f  835/835/609 831/831/605 834/834/608
f  833/833/607 835/835/609 836/836/610
f  833/833/607 836/836/610 819/819/596
f  835/835/609 834/834/608 837/837/611
f  835/835/609 837/837/611 836/836/610
f  834/834/608 832/832/606 838/838/612
f  834/834/608 838/838/612 837/837/611
f  838/838/612 832/832/606 839/839/613
f  838/838/612 839/839/613 837/837/611
f  839/839/613 832/832/606 829/829/603
f  836/836/610 837/837/611 840/840/614
f  841/841/590 819/819/596 836/836/610
f  819/819/596 841/841/590 842/842/592
f  819/819/596 842/842/592 820/820/595
f  841/841/590 836/836/610 843/843/615
f  843/843/615 836/836/610 840/840/614
f  842/842/592 841/841/590 844/844/590
f  842/842/592 844/844/590 820/820/595
f  844/844/590 841/841/590 843/843/615
f  843/843/615 840/840/614 845/845/3
f  843/843/615 845/845/3 846/846/616
f  845/845/3 840/840/614 847/847/617
f  843/843/615 846/846/616 848/848/590
f  843/843/615 848/848/590 844/844/590
f  848/848/590 846/846/616 849/849/592
f  844/844/590 848/848/590 850/850/590
f  850/850/590 848/848/590 849/849/592
f  844/844/590 850/850/590 820/820/595
f  847/847/617 840/840/614 851/851/618
f  851/851/618 840/840/614 837/837/611
f  847/847/617 851/851/618 852/852/619
f  852/852/619 851/851/618 853/853/620
f  851/851/618 837/837/611 839/839/613
f  851/851/618 839/839/613 854/854/621
f  854/854/621 839/839/613 855/855/622
f  855/855/622 839/839/613 856/856/623
f  855/855/622 856/856/623 857/857/624
f  856/856/623 839/839/613 829/829/603
f  857/857/624 856/856/623 858/858/625
f  858/858/625 856/856/623 829/829/603
f  859/859/626 820/820/595 850/850/590
f  820/820/595 859/859/626 815/815/592
f  815/815/592 859/859/626 809/809/588
f  859/859/626 850/850/590 860/860/627
f  860/860/627 850/850/590 849/849/592
f  860/860/627 849/849/592 861/861/628
f  809/809/588 859/859/626 862/862/629
f  862/862/629 859/859/626 860/860/627
f  860/860/627 861/861/628 863/863/630
f  860/860/627 863/863/630 862/862/629
f  863/863/630 861/861/628 864/864/631
f  809/809/588 862/862/629 810/810/547
f  862/862/629 863/863/630 865/865/632
f  810/810/547 862/862/629 866/866/632
f  866/866/632 862/862/629 865/865/632
f  810/810/547 866/866/632 867/867/548
f  867/867/548 866/866/632 865/865/632
f  868/868/474 869/869/305 870/870/466
f  869/869/305 868/868/474 871/871/304
f  871/871/304 868/868/474 872/872/633
f  872/872/633 868/868/474 873/873/473
f  871/871/304 872/872/633 874/874/634
f  871/871/304 874/874/634 875/875/308
f  872/872/633 873/873/473 876/876/635
f  872/872/633 876/876/635 874/874/634
f  876/876/635 873/873/473 877/877/636
f  876/876/635 877/877/636 874/874/634
f  875/875/308 874/874/634 878/878/540
f  878/878/540 874/874/634 877/877/636
f  879/879/539 880/880/538 878/878/540
f  879/879/539 878/878/540 881/881/637
f  881/881/637 878/878/540 877/877/636
f  879/879/539 881/881/637 882/882/535
f  883/883/638 877/877/636 873/873/473
f  883/883/638 873/873/473 884/884/475
f  883/883/638 884/884/475 885/885/477
f  877/877/636 883/883/638 886/886/639
f  877/877/636 886/886/639 881/881/637
f  883/883/638 885/885/477 887/887/640
f  883/883/638 887/887/640 886/886/639
f  887/887/640 885/885/477 888/888/476
f  881/881/637 886/886/639 889/889/641
f  889/889/641 886/886/639 887/887/640
f  887/887/640 888/888/476 890/890/479
f  881/881/637 889/889/641 891/891/642
f  881/881/637 891/891/642 882/882/535
f  882/882/535 891/891/642 892/892/643
f  892/892/643 891/891/642 889/889/641
f  882/882/535 892/892/643 893/893/536
f  889/889/641 887/887/640 894/894/644
f  894/894/644 887/887/640 890/890/479
f  892/892/643 889/889/641 895/895/641
f  895/895/641 889/889/641 894/894/644
f  894/894/644 890/890/479 896/896/645
f  894/894/644 896/896/645 895/895/641
f  895/895/641 896/896/645 897/897/646
f  895/895/641 897/897/646 892/892/643
f  898/898/647 893/893/536 892/892/643
f  898/898/647 892/892/643 897/897/646
f  899/899/534 900/900/533 893/893/536
f  899/899/534 893/893/536 901/901/648
f  901/901/648 893/893/536 898/898/647
f  899/899/534 901/901/648 902/902/649
f  899/899/534 902/902/649 903/903/531
f  903/903/531 902/902/649 904/904/650
f  903/903/531 904/904/650 905/905/651
f  905/905/651 904/904/650 906/906/652
f  906/906/652 904/904/650 902/902/649
f  906/906/652 902/902/649 907/907/653
f  907/907/653 902/902/649 901/901/648
f  906/906/652 907/907/653 908/908/248
f  908/908/248 907/907/653 909/909/254
f  907/907/653 901/901/648 910/910/654
f  910/910/654 901/901/648 898/898/647
f  910/910/654 898/898/647 897/897/646
f  907/907/653 910/910/654 911/911/647
f  911/911/647 910/910/654 897/897/646
f  907/907/653 911/911/647 909/909/254
f  911/911/647 897/897/646 912/912/655
f  909/909/254 911/911/647 913/913/656
f  909/909/254 913/913/656 914/914/657
f  913/913/656 911/911/647 912/912/655
f  912/912/655 897/897/646 896/896/645
f  913/913/656 912/912/655 915/915/658
f  913/913/656 915/915/658 916/916/659
f  912/912/655 896/896/645 917/917/660
f  912/912/655 917/917/660 915/915/658
f  917/917/660 896/896/645 890/890/479
f  915/915/658 917/917/660 918/918/661
f  917/917/660 890/890/479 919/919/662
f  917/917/660 919/919/662 918/918/661
f  919/919/662 890/890/479 920/920/478
f  919/919/662 920/920/478 921/921/481
f  919/919/662 921/921/481 918/918/661
f  918/918/661 921/921/481 922/922/486
f  918/918/661 922/922/486 923/923/559
f  918/918/661 923/923/559 924/924/562
f  918/918/661 924/924/562 915/915/658
f  915/915/658 924/924/562 925/925/663
f  925/925/663 924/924/562 926/926/565
f  927/927/664 928/928/665 929/929/666
f  929/929/666 928/928/665 930/930/667
f  928/928/665 927/927/664 931/931/668
f  928/928/665 931/931/668 930/930/667
f  927/927/664 929/929/666 932/932/669
f  932/932/669 929/929/666 933/933/670
f  933/933/670 929/929/666 930/930/667
f  927/927/664 932/932/669 934/934/671
f  931/931/668 927/927/664 935/935/672
f  934/934/671 932/932/669 936/936/673
f  936/936/673 932/932/669 933/933/670
f  927/927/664 934/934/671 937/937/674
f  927/927/664 937/937/674 935/935/672
f  934/934/671 936/936/673 938/938/675
f  937/937/674 934/934/671 939/939/3
f  939/939/3 934/934/671 938/938/675
f  937/937/674 939/939/3 940/940/607
f  935/935/672 937/937/674 941/941/610
f  941/941/610 937/937/674 940/940/607
f  935/935/672 941/941/610 942/942/676
f  941/941/610 940/940/607 943/943/677
f  941/941/610 943/943/677 942/942/676
f  940/940/607 939/939/3 944/944/678
f  935/935/672 942/942/676 945/945/679
f  943/943/677 940/940/607 946/946/680
f  946/946/680 940/940/607 944/944/678
f  942/942/676 943/943/677 947/947/681
f  942/942/676 947/947/681 945/945/679
f  943/943/677 946/946/680 948/948/682
f  943/943/677 948/948/682 947/947/681
f  948/948/682 946/946/680 949/949/683
f  947/947/681 948/948/682 950/950/684
f  950/950/684 948/948/682 951/951/684
f  951/951/684 948/948/682 949/949/683
f  947/947/681 950/950/684 952/952/685
f  947/947/681 952/952/685 945/945/679
f  949/949/683 946/946/680 953/953/686
f  953/953/686 946/946/680 944/944/678
f  954/954/687 935/935/672 945/945/679
f  935/935/672 954/954/687 931/931/668
f  945/945/679 952/952/685 955/955/79
f  945/945/679 955/955/79 956/956/688
f  945/945/679 956/956/688 954/954/687
f  955/955/79 952/952/685 957/957/79
f  955/955/79 957/957/79 956/956/688
f  931/931/668 954/954/687 958/958/668
f  957/957/79 952/952/685 959/959/689
f  954/954/687 956/956/688 960/960/690
f  931/931/668 958/958/668 930/930/667
f  956/956/688 957/957/79 961/961/691
f  956/956/688 961/961/691 960/960/690
f  961/961/691 957/957/79 962/962/692
f  962/962/692 957/957/79 959/959/689
f  960/960/690 961/961/691 963/963/693
f  930/930/667 958/958/668 964/964/668
f  930/930/667 964/964/668 965/965/694
f  963/963/693 961/961/691 966/966/695
f  966/966/695 961/961/691 962/962/692
f  960/960/690 963/963/693 967/967/696
f  967/967/696 963/963/693 966/966/695
f  930/930/667 965/965/694 968/968/697
f  960/960/690 967/967/696 969/969/698
f  960/960/690 969/969/698 954/954/687
f  954/954/687 969/969/698 958/958/668
f  930/930/667 968/968/697 970/970/627
f  958/958/668 969/969/698 971/971/699
f  958/958/668 971/971/699 972/972/700
f  930/930/667 970/970/627 933/933/670
f  971/971/699 969/969/698 973/973/701
f  973/973/701 969/969/698 967/967/696
f  972/972/700 971/971/699 974/974/702
f  974/974/702 971/971/699 973/973/701
f  972/972/700 974/974/702 975/975/668
f  972/972/700 975/975/668 976/976/668
f  975/975/668 974/974/702 977/977/703
f  974/974/702 973/973/701 978/978/704
f  974/974/702 978/978/704 977/977/703
f  973/973/701 967/967/696 979/979/705
f  973/973/701 979/979/705 978/978/704
f  979/979/705 967/967/696 966/966/695
f  977/977/703 978/978/704 980/980/706
f  977/977/703 980/980/706 975/975/668
f  978/978/704 979/979/705 981/981/707
f  979/979/705 966/966/695 982/982/708
f  979/979/705 982/982/708 981/981/707
f  982/982/708 966/966/695 962/962/692
f  978/978/704 981/981/707 983/983/709
f  978/978/704 983/983/709 980/980/706
f  982/982/708 962/962/692 984/984/710
f  981/981/707 982/982/708 985/985/711
f  985/985/711 982/982/708 984/984/710
f  983/983/709 981/981/707 986/986/712
f  986/986/712 981/981/707 985/985/711
f  983/983/709 986/986/712 980/980/706
f  984/984/710 962/962/692 959/959/689
f  987/987/713 975/975/668 980/980/706
f  975/975/668 987/987/713 988/988/714
f  989/989/715 990/990/716 988/988/714
f  989/989/715 988/988/714 987/987/713
f  989/989/715 987/987/713 991/991/717
f  992/992/718 993/993/719 991/991/717
f  991/991/717 987/987/713 994/994/720
f  991/991/717 994/994/720 992/992/718
f  995/995/721 987/987/713 980/980/706
f  987/987/713 995/995/721 994/994/720
f  995/995/721 980/980/706 996/996/722
f  996/996/722 980/980/706 986/986/712
f  995/995/721 996/996/722 997/997/723
f  995/995/721 997/997/723 994/994/720
f  996/996/722 986/986/712 998/998/724
f  996/996/722 998/998/724 997/997/723
f  997/997/723 998/998/724 994/994/720
f  998/998/724 986/986/712 985/985/711
f  998/998/724 985/985/711 984/984/710
f  998/998/724 984/984/710 994/994/720
f  994/994/720 984/984/710 999/999/710
f  994/994/720 999/999/710 992/992/718
f  999/999/710 984/984/710 959/959/689
f  992/992/718 999/999/710 1000/1000/725
f  1000/1000/725 999/999/710 959/959/689
f  1000/1000/725 959/959/689 1001/1001/726
f  1001/1001/726 959/959/689 952/952/685
f  1001/1001/726 952/952/685 950/950/684
f  1000/1000/725 1001/1001/726 1002/1002/622
f  1001/1001/726 950/950/684 951/951/684
f  1001/1001/726 951/951/684 1002/1002/622
f  1002/1002/622 951/951/684 1003/1003/684
f  1003/1003/684 951/951/684 1004/1004/622
f  1003/1003/684 1004/1004/622 1005/1005/622
f  1004/1004/622 951/951/684 949/949/683
f  1005/1005/622 1004/1004/622 1006/1006/621
f  1004/1004/622 949/949/683 1007/1007/727
f  1004/1004/622 1007/1007/727 1006/1006/621
f  1007/1007/727 949/949/683 953/953/686
f  1006/1006/621 1007/1007/727 1008/1008/620
f  1008/1008/620 1007/1007/727 953/953/686
f  1006/1006/621 1008/1008/620 1009/1009/618
f  1008/1008/620 953/953/686 1010/1010/619
f  1010/1010/619 953/953/686 1011/1011/617
f  1011/1011/617 953/953/686 944/944/678
f  1011/1011/617 944/944/678 1012/1012/3
f  1012/1012/3 944/944/678 1013/1013/3
f  1013/1013/3 944/944/678 939/939/3
f  1013/1013/3 939/939/3 938/938/675
f  1012/1012/3 1013/1013/3 1014/1014/671
f  1014/1014/671 1013/1013/3 938/938/675
f  1012/1012/3 1014/1014/671 1015/1015/616
f  1015/1015/616 1014/1014/671 1016/1016/590
f  1016/1016/590 1014/1014/671 938/938/675
f  1015/1015/616 1016/1016/590 1017/1017/592
f  1016/1016/590 938/938/675 1018/1018/626
f  1016/1016/590 1018/1018/626 1017/1017/592
f  1018/1018/626 938/938/675 936/936/673
f  1017/1017/592 1018/1018/626 1019/1019/587
f  1017/1017/592 1019/1019/587 1020/1020/628
f  1018/1018/626 936/936/673 1021/1021/627
f  1018/1018/626 1021/1021/627 1019/1019/587
f  1019/1019/587 1021/1021/627 1020/1020/628
f  1021/1021/627 936/936/673 933/933/670
f  1021/1021/627 933/933/670 1022/1022/627
f  1022/1022/627 933/933/670 970/970/627
f  1020/1020/628 1021/1021/627 1023/1023/728
f  1020/1020/628 1023/1023/728 1024/1024/729
f  1020/1020/628 1024/1024/729 1025/1025/631
f  1025/1025/631 1024/1024/729 1026/1026/630
f  1024/1024/729 1023/1023/728 1027/1027/730
f  1024/1024/729 1027/1027/730 1026/1026/630
f  1023/1023/728 1021/1021/627 1028/1028/731
f  1028/1028/731 1021/1021/627 1022/1022/627
f  1023/1023/728 1028/1028/731 1027/1027/730
f  1026/1026/630 1027/1027/730 1029/1029/732
f  1026/1026/630 1029/1029/732 1030/1030/632
f  1030/1030/632 1029/1029/732 1031/1031/551
f  1030/1030/632 1031/1031/551 1032/1032/548
f  1033/1033/31 1029/1029/732 1034/1034/732
f  1034/1034/732 1029/1029/732 1035/1035/156
f  1035/1035/156 1029/1029/732 1027/1027/730
f  1034/1034/732 1035/1035/156 1036/1036/31
f  1035/1035/156 1027/1027/730 1037/1037/733
f  1037/1037/733 1027/1027/730 1028/1028/731
f  1037/1037/733 1028/1028/731 1035/1035/156
f  1035/1035/156 1028/1028/731 1038/1038/734
f  1035/1035/156 1038/1038/734 1036/1036/31
f  1038/1038/734 1028/1028/731 1039/1039/735
f  1039/1039/735 1028/1028/731 1022/1022/627
f  1039/1039/735 1022/1022/627 970/970/627
f  1038/1038/734 1039/1039/735 1040/1040/736
f  1040/1040/736 1039/1039/735 970/970/627
f  1036/1036/31 1038/1038/734 1041/1041/733
f  1041/1041/733 1038/1038/734 1040/1040/736
f  1036/1036/31 1041/1041/733 965/965/694
f  1040/1040/736 970/970/627 1042/1042/737
f  1040/1040/736 1042/1042/737 1041/1041/733
f  1041/1041/733 1042/1042/737 965/965/694
f  1042/1042/737 970/970/627 968/968/697
f  1042/1042/737 968/968/697 965/965/694
f  1043/1043/219 1044/1044/220 1045/1045/600
f  1045/1045/600 1044/1044/220 1046/1046/400
f  1046/1046/400 1044/1044/220 1047/1047/214
f  1046/1046/400 1047/1047/214 1048/1048/432
f  1046/1046/400 1048/1048/432 1049/1049/458
f  1045/1045/600 1046/1046/400 1050/1050/601
f  1050/1050/601 1046/1046/400 1049/1049/458
f  1050/1050/601 1049/1049/458 1051/1051/460
f  1051/1051/460 1049/1049/458 1052/1052/457
f  1050/1050/601 1051/1051/460 1053/1053/738
f  1050/1050/601 1053/1053/738 1054/1054/739
f  1050/1050/601 1054/1054/739 1055/1055/603
f  1053/1053/738 1051/1051/460 1056/1056/740
f  1056/1056/740 1051/1051/460 1057/1057/462
f  1056/1056/740 1057/1057/462 1058/1058/741
f  1055/1055/603 1054/1054/739 1059/1059/625
f  1056/1056/740 1058/1058/741 1060/1060/742
f  1060/1060/742 1058/1058/741 1061/1061/715
f  1060/1060/742 1061/1061/715 1062/1062/743
f  1056/1056/740 1060/1060/742 1063/1063/624
f  1056/1056/740 1063/1063/624 1053/1053/738
f  1060/1060/742 1062/1062/743 1064/1064/744
f  1060/1060/742 1064/1064/744 1063/1063/624
f  1053/1053/738 1063/1063/624 1065/1065/624
f  1053/1053/738 1065/1065/624 1054/1054/739
f  1063/1063/624 1064/1064/744 1066/1066/745
f  1063/1063/624 1066/1066/745 1065/1065/624
f  1064/1064/744 1062/1062/743 1067/1067/746
f  1067/1067/746 1062/1062/743 1068/1068/747
f  1064/1064/744 1067/1067/746 1069/1069/746
f  1064/1064/744 1069/1069/746 1066/1066/745
f  1067/1067/746 1068/1068/747 1070/1070/748
f  1067/1067/746 1070/1070/748 1069/1069/746
f  1070/1070/748 1068/1068/747 1071/1071/749
f  1069/1069/746 1070/1070/748 1072/1072/750
f  1070/1070/748 1071/1071/749 1073/1073/751
f  1070/1070/748 1073/1073/751 1072/1072/750
f  1073/1073/751 1071/1071/749 1074/1074/603
f  1072/1072/750 1073/1073/751 1075/1075/752
f  1076/1076/746 1066/1066/745 1069/1069/746
f  1066/1066/745 1076/1076/746 1077/1077/753
f  1066/1066/745 1077/1077/753 1078/1078/742
f  1066/1066/745 1078/1078/742 1079/1079/624
f  1066/1066/745 1079/1079/624 1065/1065/624
f  1079/1079/624 1078/1078/742 1080/1080/624
f  1065/1065/624 1079/1079/624 1054/1054/739
f  1079/1079/624 1080/1080/624 1081/1081/754
f  1054/1054/739 1079/1079/624 1082/1082/755
f  1082/1082/755 1079/1079/624 1081/1081/754
f  1054/1054/739 1082/1082/755 1059/1059/625
f  1082/1082/755 1081/1081/754 1083/1083/624
f  1082/1082/755 1083/1083/624 1059/1059/625
f  1084/1084/345 1085/1085/346 1086/1086/448
f  1084/1084/345 1086/1086/448 1087/1087/447
f  1086/1086/448 1085/1085/346 1088/1088/756
f  1086/1086/448 1088/1088/756 1089/1089/449
f  1088/1088/756 1085/1085/346 1090/1090/757
f  1089/1089/449 1088/1088/756 1091/1091/758
f  1091/1091/758 1088/1088/756 1090/1090/757
f  1089/1089/449 1091/1091/758 1092/1092/759
f  1089/1089/449 1092/1092/759 1093/1093/450
f  1092/1092/759 1091/1091/758 1094/1094/760
f  1092/1092/759 1094/1094/760 1093/1093/450
f  1091/1091/758 1090/1090/757 1095/1095/761
f  1091/1091/758 1095/1095/761 1094/1094/760
f  1096/1096/571 1090/1090/757 1085/1085/346
f  1090/1090/757 1096/1096/571 1095/1095/761
f  1096/1096/571 1085/1085/346 1097/1097/344
f  1095/1095/761 1096/1096/571 1098/1098/762
f  1095/1095/761 1098/1098/762 1094/1094/760
f  1098/1098/762 1096/1096/571 1099/1099/572
f  1100/1100/763 1093/1093/450 1094/1094/760
f  1093/1093/450 1100/1100/763 1101/1101/452
f  1094/1094/760 1098/1098/762 1102/1102/764
f  1094/1094/760 1102/1102/764 1100/1100/763
f  1098/1098/762 1099/1099/572 1103/1103/765
f  1098/1098/762 1103/1103/765 1102/1102/764
f  1103/1103/765 1099/1099/572 1104/1104/574
f  1101/1101/452 1100/1100/763 1105/1105/766
f  1101/1101/452 1105/1105/766 1106/1106/453
f  1106/1106/453 1105/1105/766 1107/1107/456
f  1107/1107/456 1105/1105/766 1108/1108/463
f  1103/1103/765 1104/1104/574 1109/1109/760
f  1103/1103/765 1109/1109/760 1102/1102/764
f  1109/1109/760 1104/1104/574 1110/1110/767
f  1110/1110/767 1104/1104/574 1111/1111/576
f  1102/1102/764 1109/1109/760 1112/1112/768
f  1102/1102/764 1112/1112/768 1100/1100/763
f  1112/1112/768 1109/1109/760 1113/1113/769
f  1113/1113/769 1109/1109/760 1110/1110/767
f  1100/1100/763 1112/1112/768 1114/1114/770
f  1114/1114/770 1112/1112/768 1113/1113/769
f  1100/1100/763 1114/1114/770 1105/1105/766
f  1110/1110/767 1111/1111/576 1115/1115/771
f  1115/1115/771 1111/1111/576 1116/1116/772
f  1113/1113/769 1110/1110/767 1117/1117/773
f  1113/1113/769 1117/1117/773 1114/1114/770
f  1110/1110/767 1115/1115/771 1118/1118/771
f  1110/1110/767 1118/1118/771 1117/1117/773
f  1118/1118/771 1115/1115/771 1119/1119/774
f  1117/1117/773 1118/1118/771 1120/1120/775
f  1117/1117/773 1120/1120/775 1114/1114/770
f  1120/1120/775 1118/1118/771 1121/1121/774
f  1114/1114/770 1120/1120/775 1122/1122/776
f  1122/1122/776 1120/1120/775 1123/1123/777
f  1114/1114/770 1122/1122/776 1124/1124/778
f  1114/1114/770 1124/1124/778 1105/1105/766
f  1105/1105/766 1124/1124/778 1125/1125/779
f  1125/1125/779 1124/1124/778 1122/1122/776
f  1105/1105/766 1125/1125/779 1108/1108/463
f  1126/1126/462 1108/1108/463 1127/1127/715
f  1127/1127/715 1108/1108/463 1125/1125/779
f  1127/1127/715 1125/1125/779 1128/1128/743
f  1128/1128/743 1125/1125/779 1129/1129/747
f  1125/1125/779 1122/1122/776 1130/1130/780
f  1125/1125/779 1130/1130/780 1129/1129/747
f  1130/1130/780 1122/1122/776 1131/1131/781
f  1129/1129/747 1130/1130/780 1132/1132/749
f  1132/1132/749 1130/1130/780 1131/1131/781
f  1133/1133/782 1134/1134/31 1135/1135/694
f  1133/1133/782 1135/1135/694 1136/1136/783
f  1137/1137/31 1138/1138/732 1134/1134/31
f  1136/1136/783 1135/1135/694 1139/1139/784
f  1139/1139/784 1135/1135/694 1140/1140/668
f  1133/1133/782 1136/1136/783 1141/1141/785
f  1141/1141/785 1136/1136/783 1139/1139/784
f  1142/1142/782 1134/1134/31 1133/1133/782
f  1134/1134/31 1142/1142/782 1137/1137/31
f  1142/1142/782 1133/1133/782 1141/1141/785
f  1137/1137/31 1142/1142/782 1143/1143/786
f  1143/1143/786 1142/1142/782 1141/1141/785
f  1137/1137/31 1143/1143/786 1144/1144/787
f  1144/1144/787 1143/1143/786 1145/1145/788
f  1144/1144/787 1145/1145/788 1146/1146/789
f  1145/1145/788 1143/1143/786 1147/1147/790
f  1145/1145/788 1147/1147/790 1146/1146/789
f  1147/1147/790 1143/1143/786 1141/1141/785
f  1146/1146/789 1147/1147/790 1148/1148/791
f  1147/1147/790 1141/1141/785 1149/1149/786
f  1148/1148/791 1147/1147/790 1150/1150/792
f  1147/1147/790 1149/1149/786 1151/1151/793
f  1147/1147/790 1151/1151/793 1150/1150/792
f  1151/1151/793 1149/1149/786 1152/1152/794
f  1150/1150/792 1151/1151/793 1153/1153/795
f  1153/1153/795 1151/1151/793 1152/1152/794
f  1149/1149/786 1141/1141/785 1154/1154/796
f  1149/1149/786 1154/1154/796 1152/1152/794
f  1154/1154/796 1141/1141/785 1155/1155/797
f  1155/1155/797 1141/1141/785 1139/1139/784
f  1152/1152/794 1154/1154/796 1156/1156/798
f  1156/1156/798 1154/1154/796 1155/1155/797
f  1152/1152/794 1156/1156/798 1153/1153/795
f  1155/1155/797 1139/1139/784 1157/1157/799
f  1155/1155/797 1157/1157/799 1156/1156/798
f  1157/1157/799 1139/1139/784 1140/1140/668
f  1153/1153/795 1156/1156/798 1158/1158/800
f  1158/1158/800 1156/1156/798 1157/1157/799
f  1158/1158/800 1157/1157/799 1153/1153/795
f  1153/1153/795 1157/1157/799 1150/1150/792
f  1157/1157/799 1140/1140/668 1159/1159/668
f  1157/1157/799 1159/1159/668 1160/1160/801
f  1150/1150/792 1157/1157/799 1161/1161/802
f  1161/1161/802 1157/1157/799 1160/1160/801
f  1150/1150/792 1161/1161/802 1148/1148/791
f  1161/1161/802 1160/1160/801 1162/1162/803
f  1148/1148/791 1161/1161/802 1163/1163/733
f  1163/1163/733 1161/1161/802 1162/1162/803
f  1148/1148/791 1163/1163/733 1164/1164/804
f  1163/1163/733 1162/1162/803 1165/1165/805
f  1163/1163/733 1165/1165/805 1166/1166/806
f  1167/1167/622 1168/1168/624 1169/1169/624
f  1169/1169/624 1168/1168/624 1170/1170/754
f  1167/1167/622 1169/1169/624 1171/1171/684
f  1169/1169/624 1170/1170/754 1172/1172/807
f  1172/1172/807 1170/1170/754 1173/1173/624
f  1171/1171/684 1169/1169/624 1174/1174/808
f  1174/1174/808 1169/1169/624 1172/1172/807
f  1171/1171/684 1174/1174/808 1175/1175/622
f  1172/1172/807 1173/1173/624 1176/1176/742
f  1175/1175/622 1174/1174/808 1177/1177/725
f  1177/1177/725 1174/1174/808 1178/1178/809
f  1177/1177/725 1178/1178/809 1179/1179/718
f  1179/1179/718 1178/1178/809 1180/1180/719
f  1178/1178/809 1174/1174/808 1181/1181/810
f  1181/1181/810 1174/1174/808 1172/1172/807
f  1180/1180/719 1178/1178/809 1182/1182/811
f  1180/1180/719 1182/1182/811 1183/1183/717
f  1183/1183/717 1182/1182/811 1184/1184/715
f  1178/1178/809 1181/1181/810 1185/1185/812
f  1178/1178/809 1185/1185/812 1182/1182/811
f  1181/1181/810 1172/1172/807 1186/1186/813
f  1181/1181/810 1186/1186/813 1185/1185/812
f  1186/1186/813 1172/1172/807 1176/1176/742
f  1184/1184/715 1182/1182/811 1187/1187/576
f  1184/1184/715 1187/1187/576 1188/1188/716
f  1182/1182/811 1185/1185/812 1189/1189/814
f  1186/1186/813 1176/1176/742 1190/1190/815
f  1190/1190/815 1176/1176/742 1191/1191/753
f  1185/1185/812 1186/1186/813 1192/1192/746
f  1192/1192/746 1186/1186/813 1190/1190/815
f  1185/1185/812 1192/1192/746 1189/1189/814
f  1190/1190/815 1191/1191/753 1193/1193/746
f  1190/1190/815 1193/1193/746 1192/1192/746
f  1194/1194/579 1187/1187/576 1182/1182/811
f  1194/1194/579 1182/1182/811 1189/1189/814
f  1195/1195/816 1188/1188/716 1187/1187/576
f  1195/1195/816 1187/1187/576 1194/1194/579
f  1188/1188/716 1195/1195/816 1196/1196/817
f  1196/1196/817 1195/1195/816 1194/1194/579
f  1188/1188/716 1196/1196/817 1197/1197/818
f  1198/1198/819 1189/1189/814 1192/1192/746
f  1198/1198/819 1192/1192/746 1193/1193/746
f  1199/1199/820 1194/1194/579 1189/1189/814
f  1196/1196/817 1194/1194/579 1200/1200/821
f  1200/1200/821 1194/1194/579 1199/1199/820
f  1199/1199/820 1189/1189/814 1201/1201/822
f  1201/1201/822 1189/1189/814 1198/1198/819
f  1198/1198/819 1193/1193/746 1202/1202/753
f  1198/1198/819 1202/1202/753 1201/1201/822
f  1202/1202/753 1193/1193/746 1203/1203/823
f  1203/1203/823 1193/1193/746 1204/1204/746
f  1203/1203/823 1204/1204/746 1205/1205/750
f  1203/1203/823 1205/1205/750 1206/1206/824
f  1203/1203/823 1206/1206/824 1202/1202/753
f  1206/1206/824 1205/1205/750 1207/1207/752
f  1202/1202/753 1206/1206/824 1208/1208/825
f  1208/1208/825 1206/1206/824 1207/1207/752
f  1202/1202/753 1208/1208/825 1201/1201/822
f  1208/1208/825 1207/1207/752 1209/1209/826
f  1208/1208/825 1209/1209/826 1210/1210/825
f  1208/1208/825 1210/1210/825 1201/1201/822
f  1210/1210/825 1209/1209/826 1211/1211/752
f  1201/1201/822 1210/1210/825 1212/1212/827
f  1212/1212/827 1210/1210/825 1211/1211/752
f  1201/1201/822 1212/1212/827 1199/1199/820
f  1212/1212/827 1211/1211/752 1213/1213/828
f  1199/1199/820 1212/1212/827 1200/1200/821
f  1200/1200/821 1212/1212/827 1213/1213/828
f  1200/1200/821 1213/1213/828 1214/1214/79
f  1200/1200/821 1214/1214/79 1215/1215/829
f  1200/1200/821 1215/1215/829 1196/1196/817
f  1215/1215/829 1214/1214/79 1216/1216/830
f  1196/1196/817 1215/1215/829 1217/1217/831
f  1196/1196/817 1217/1217/831 1197/1197/818
f  1215/1215/829 1216/1216/830 1218/1218/832
f  1215/1215/829 1218/1218/832 1217/1217/831
f  1218/1218/832 1216/1216/830 1219/1219/833
f  1218/1218/832 1219/1219/833 1220/1220/834
f  1197/1197/818 1217/1217/831 1221/1221/835
f  1221/1221/835 1217/1217/831 1218/1218/832
f  1197/1197/818 1221/1221/835 1222/1222/836
f  1222/1222/836 1221/1221/835 1223/1223/668
f  1218/1218/832 1220/1220/834 1224/1224/837
f  1218/1218/832 1224/1224/837 1221/1221/835
f  1223/1223/668 1221/1221/835 1225/1225/838
f  1223/1223/668 1225/1225/838 1226/1226/839
f  1226/1226/839 1225/1225/838 1227/1227/840
f  1227/1227/840 1225/1225/838 1228/1228/841
f  1227/1227/840 1228/1228/841 1229/1229/842
f  1229/1229/842 1228/1228/841 1225/1225/838
f  1229/1229/842 1225/1225/838 1221/1221/835
f  1229/1229/842 1221/1221/835 1224/1224/837
f  1229/1229/842 1224/1224/837 1230/1230/843
f  1230/1230/843 1224/1224/837 1231/1231/844
f  1229/1229/842 1230/1230/843 1232/1232/845
f  1232/1232/845 1230/1230/843 1231/1231/844
f  1232/1232/845 1231/1231/844 1224/1224/837
f  1232/1232/845 1224/1224/837 1220/1220/834
f  1229/1229/842 1232/1232/845 1233/1233/846
f  1232/1232/845 1220/1220/834 1234/1234/847
f  1235/1235/554 1236/1236/556 1237/1237/553
f  1238/1238/551 1235/1235/554 1239/1239/552
f  1235/1235/554 1238/1238/551 1240/1240/848
f  1235/1235/554 1240/1240/848 1236/1236/556
f  1240/1240/848 1238/1238/551 1241/1241/787
f  1240/1240/848 1241/1241/787 1242/1242/558
f  1240/1240/848 1242/1242/558 1236/1236/556
f  1242/1242/558 1241/1241/787 1243/1243/789
f  1244/1244/558 1245/1245/557 1236/1236/556
f  1244/1244/558 1236/1236/556 1242/1242/558
f  1242/1242/558 1243/1243/789 1246/1246/804
f  1246/1246/804 1243/1243/789 1247/1247/791
f  1244/1244/558 1242/1242/558 1248/1248/533
f  1244/1244/558 1248/1248/533 1249/1249/561
f  1242/1242/558 1246/1246/804 1250/1250/849
f  1242/1242/558 1250/1250/849 1248/1248/533
f  1249/1249/561 1248/1248/533 1251/1251/850
f  1251/1251/850 1248/1248/533 1250/1250/849
f  1249/1249/561 1251/1251/850 1252/1252/564
f  1252/1252/564 1251/1251/850 1253/1253/851
f  1253/1253/851 1251/1251/850 1254/1254/852
f  1254/1254/852 1251/1251/850 1255/1255/853
f  1255/1255/853 1251/1251/850 1250/1250/849
f  1254/1254/852 1255/1255/853 1256/1256/854
f  1256/1256/854 1255/1255/853 1257/1257/732
f  1255/1255/853 1250/1250/849 1258/1258/855
f  1258/1258/855 1250/1250/849 1246/1246/804
f  1257/1257/732 1255/1255/853 1259/1259/856
f  1259/1259/856 1255/1255/853 1258/1258/855
f  1257/1257/732 1259/1259/856 1260/1260/857
f  1258/1258/855 1246/1246/804 1261/1261/858
f  1261/1261/858 1246/1246/804 1262/1262/733
f  1261/1261/858 1262/1262/733 1263/1263/806
f  1261/1261/858 1263/1263/806 1258/1258/855
f  1258/1258/855 1263/1263/806 1259/1259/856
f  1259/1259/856 1263/1263/806 1264/1264/805
f  1259/1259/856 1264/1264/805 1260/1260/857
f  1260/1260/857 1264/1264/805 1265/1265/859
f  1266/1266/31 1267/1267/787 1268/1268/732
f  1268/1268/732 1267/1267/787 1269/1269/551
f  1270/1270/741 1271/1271/462 1272/1272/715
f  1273/1273/668 1274/1274/668 1275/1275/700
f  1274/1274/668 1273/1273/668 1276/1276/668
f  1274/1274/668 1276/1276/668 1277/1277/801
f  1277/1277/801 1276/1276/668 1278/1278/668
f  1277/1277/801 1278/1278/668 1279/1279/803
f  1279/1279/803 1278/1278/668 1280/1280/805
f  1280/1280/805 1278/1278/668 1281/1281/860
f  1280/1280/805 1281/1281/860 1282/1282/861
f  1280/1280/805 1282/1282/861 1283/1283/862
f  1283/1283/862 1282/1282/861 1284/1284/863
f  1280/1280/805 1283/1283/862 1285/1285/859
f  1286/1286/864 1276/1276/668 1273/1273/668
f  1276/1276/668 1286/1286/864 1287/1287/668
f  1287/1287/668 1286/1286/864 1288/1288/836
f  1288/1288/836 1286/1286/864 1289/1289/818
f  1289/1289/818 1286/1286/864 1290/1290/716
f  1290/1290/716 1286/1286/864 1291/1291/714
f  1291/1291/714 1286/1286/864 1273/1273/668
f  1291/1291/714 1273/1273/668 1292/1292/668
f  1293/1293/521 1294/1294/518 1295/1295/517
f  1294/1294/518 1293/1293/521 1296/1296/865
f  1296/1296/865 1293/1293/521 1297/1297/184
f  1294/1294/518 1296/1296/865 1298/1298/866
f  1298/1298/866 1296/1296/865 1299/1299/867
f  1299/1299/867 1296/1296/865 1297/1297/184
f  1294/1294/518 1298/1298/866 1300/1300/868
f  1298/1298/866 1299/1299/867 1301/1301/869
f  1298/1298/866 1301/1301/869 1300/1300/868
f  1299/1299/867 1297/1297/184 1302/1302/870
f  1299/1299/867 1302/1302/870 1301/1301/869
f  1303/1303/523 1304/1304/532 1297/1297/184
f  1297/1297/184 1304/1304/532 1305/1305/871
f  1297/1297/184 1305/1305/871 1302/1302/870
f  1305/1305/871 1304/1304/532 1306/1306/872
f  1306/1306/872 1304/1304/532 1307/1307/531
f  1306/1306/872 1307/1307/531 1308/1308/651
f  1305/1305/871 1306/1306/872 1309/1309/873
f  1305/1305/871 1309/1309/873 1310/1310/874
f  1305/1305/871 1310/1310/874 1302/1302/870
f  1309/1309/873 1306/1306/872 1311/1311/875
f  1311/1311/875 1306/1306/872 1308/1308/651
f  1310/1310/874 1309/1309/873 1312/1312/855
f  1312/1312/855 1309/1309/873 1311/1311/875
f  1310/1310/874 1312/1312/855 1302/1302/870
f  1311/1311/875 1308/1308/651 1313/1313/876
f  1311/1311/875 1313/1313/876 1312/1312/855
f  1314/1314/877 1308/1308/651 1315/1315/45
f  1308/1308/651 1314/1314/877 1316/1316/878
f  1308/1308/651 1316/1316/878 1313/1313/876
f  1316/1316/878 1314/1314/877 1317/1317/879
f  1316/1316/878 1317/1317/879 1318/1318/880
f  1316/1316/878 1318/1318/880 1313/1313/876
f  1319/1319/881 1302/1302/870 1312/1312/855
f  1302/1302/870 1319/1319/881 1320/1320/882
f  1302/1302/870 1320/1320/882 1301/1301/869
f  1301/1301/869 1320/1320/882 1321/1321/883
f  1321/1321/883 1320/1320/882 1319/1319/881
f  1301/1301/869 1321/1321/883 1322/1322/884
f  1301/1301/869 1322/1322/884 1300/1300/868
f  1322/1322/884 1321/1321/883 1323/1323/885
f  1322/1322/884 1323/1323/885 1300/1300/868
f  1323/1323/885 1321/1321/883 1324/1324/886
f  1300/1300/868 1323/1323/885 1325/1325/887
f  1321/1321/883 1319/1319/881 1326/1326/888
f  1321/1321/883 1326/1326/888 1324/1324/886
f  1326/1326/888 1319/1319/881 1327/1327/889
f  1324/1324/886 1326/1326/888 1328/1328/890
f  1328/1328/890 1326/1326/888 1327/1327/889
f  1323/1323/885 1324/1324/886 1329/1329/891
f  1323/1323/885 1329/1329/891 1325/1325/887
f  1324/1324/886 1328/1328/890 1330/1330/892
f  1330/1330/892 1328/1328/890 1327/1327/889
f  1329/1329/891 1324/1324/886 1331/1331/891
f  1331/1331/891 1324/1324/886 1330/1330/892
f  1330/1330/892 1327/1327/889 1332/1332/893
f  1330/1330/892 1332/1332/893 1331/1331/891
f  1332/1332/893 1327/1327/889 1333/1333/889
f  1331/1331/891 1332/1332/893 1334/1334/894
f  1334/1334/894 1332/1332/893 1333/1333/889
f  1329/1329/891 1331/1331/891 1335/1335/891
f  1336/1336/895 1327/1327/889 1319/1319/881
f  1327/1327/889 1336/1336/895 1333/1333/889
f  1329/1329/891 1335/1335/891 1337/1337/896
f  1329/1329/891 1337/1337/896 1325/1325/887
f  1335/1335/891 1331/1331/891 1338/1338/891
f  1338/1338/891 1331/1331/891 1334/1334/894
f  1335/1335/891 1338/1338/891 1339/1339/891
f  1338/1338/891 1334/1334/894 1340/1340/897
f  1339/1339/891 1338/1338/891 1341/1341/898
f  1341/1341/898 1338/1338/891 1340/1340/897
f  1340/1340/897 1334/1334/894 1342/1342/897
f  1340/1340/897 1342/1342/897 1343/1343/899
f  1343/1343/899 1342/1342/897 1344/1344/900
f  1342/1342/897 1334/1334/894 1345/1345/901
f  1342/1342/897 1345/1345/901 1344/1344/900
f  1345/1345/901 1334/1334/894 1333/1333/889
f  1345/1345/901 1333/1333/889 1344/1344/900
f  1344/1344/900 1333/1333/889 1346/1346/902
f  1346/1346/902 1333/1333/889 1347/1347/903
f  1346/1346/902 1347/1347/903 1348/1348/904
f  1347/1347/903 1333/1333/889 1336/1336/895
f  1348/1348/904 1347/1347/903 1349/1349/905
f  1349/1349/905 1347/1347/903 1336/1336/895
f  1348/1348/904 1349/1349/905 1350/1350/523
f  1349/1349/905 1336/1336/895 1351/1351/906
f  1349/1349/905 1351/1351/906 1350/1350/523
f  1351/1351/906 1336/1336/895 1352/1352/527
f  1352/1352/527 1336/1336/895 1319/1319/881
f  1352/1352/527 1319/1319/881 1312/1312/855
f  1350/1350/523 1351/1351/906 1353/1353/906
f  1353/1353/906 1351/1351/906 1352/1352/527
f  1350/1350/523 1353/1353/906 1354/1354/907
f  1352/1352/527 1312/1312/855 1313/1313/876
f  1352/1352/527 1313/1313/876 1353/1353/906
f  1354/1354/907 1353/1353/906 1355/1355/316
f  1355/1355/316 1353/1353/906 1313/1313/876
f  1354/1354/907 1355/1355/316 1356/1356/908
f  1356/1356/908 1355/1355/316 1357/1357/909
f  1357/1357/909 1355/1355/316 1358/1358/910
f  1358/1358/910 1355/1355/316 1359/1359/911
f  1358/1358/910 1359/1359/911 1360/1360/912
f  1355/1355/316 1313/1313/876 1361/1361/913
f  1355/1355/316 1361/1361/913 1359/1359/911
f  1361/1361/913 1313/1313/876 1318/1318/880
f  1359/1359/911 1361/1361/913 1362/1362/914
f  1362/1362/914 1361/1361/913 1318/1318/880
f  1363/1363/493 1364/1364/493 1294/1294/518
f  1363/1363/493 1294/1294/518 1300/1300/868
f  1363/1363/493 1300/1300/868 1325/1325/887
f  1363/1363/493 1325/1325/887 1365/1365/915
f  1363/1363/493 1365/1365/915 1366/1366/493
f  1366/1366/493 1365/1365/915 1367/1367/515
f  1365/1365/915 1325/1325/887 1368/1368/916
f  1367/1367/515 1365/1365/915 1369/1369/917
f  1367/1367/515 1369/1369/917 1370/1370/512
f  1370/1370/512 1369/1369/917 1371/1371/516
f  1369/1369/917 1365/1365/915 1372/1372/918
f  1372/1372/918 1365/1365/915 1368/1368/916
f  1371/1371/516 1369/1369/917 1373/1373/583
f  1368/1368/916 1325/1325/887 1374/1374/919
f  1368/1368/916 1374/1374/919 1372/1372/918
f  1374/1374/919 1325/1325/887 1337/1337/896
f  1369/1369/917 1372/1372/918 1375/1375/920
f  1369/1369/917 1375/1375/920 1373/1373/583
f  1375/1375/920 1372/1372/918 1376/1376/921
f  1375/1375/920 1376/1376/921 1373/1373/583
f  1376/1376/921 1372/1372/918 1377/1377/922
f  1377/1377/922 1372/1372/918 1374/1374/919
f  1374/1374/919 1337/1337/896 1378/1378/923
f  1374/1374/919 1378/1378/923 1377/1377/922
f  1376/1376/921 1377/1377/922 1379/1379/924
f  1379/1379/924 1377/1377/922 1378/1378/923
f  1373/1373/583 1376/1376/921 1380/1380/925
f  1380/1380/925 1376/1376/921 1379/1379/924
f  1373/1373/583 1380/1380/925 1381/1381/926
f  1373/1373/583 1381/1381/926 1382/1382/578
f  1382/1382/578 1381/1381/926 1383/1383/579
f  1383/1383/579 1381/1381/926 1380/1380/925
f  1380/1380/925 1379/1379/924 1384/1384/71
f  1380/1380/925 1384/1384/71 1383/1383/579
f  1384/1384/71 1379/1379/924 1385/1385/927
f  1386/1386/772 1387/1387/576 1383/1383/579
f  1386/1386/772 1383/1383/579 1388/1388/928
f  1388/1388/928 1383/1383/579 1389/1389/929
f  1388/1388/928 1389/1389/929 1390/1390/214
f  1383/1383/579 1384/1384/71 1391/1391/808
f  1383/1383/579 1391/1391/808 1389/1389/929
f  1391/1391/808 1384/1384/71 1385/1385/927
f  1389/1389/929 1391/1391/808 1392/1392/930
f  1391/1391/808 1385/1385/927 1393/1393/931
f  1392/1392/930 1391/1391/808 1394/1394/932
f  1392/1392/930 1394/1394/932 1395/1395/933
f  1391/1391/808 1393/1393/931 1396/1396/934
f  1391/1391/808 1396/1396/934 1394/1394/932
f  1394/1394/932 1396/1396/934 1397/1397/935
f  1394/1394/932 1397/1397/935 1398/1398/936
f  1397/1397/935 1396/1396/934 1399/1399/937
f  1396/1396/934 1393/1393/931 1400/1400/938
f  1400/1400/938 1393/1393/931 1385/1385/927
f  1396/1396/934 1400/1400/938 1401/1401/939
f  1400/1400/938 1385/1385/927 1402/1402/940
f  1402/1402/940 1385/1385/927 1379/1379/924
f  1402/1402/940 1379/1379/924 1378/1378/923
f  1400/1400/938 1402/1402/940 1403/1403/941
f  1400/1400/938 1403/1403/941 1404/1404/942
f  1404/1404/942 1403/1403/941 1405/1405/943
f  1405/1405/943 1403/1403/941 1402/1402/940
f  1404/1404/942 1405/1405/943 1406/1406/944
f  1406/1406/944 1405/1405/943 1407/1407/945
f  1407/1407/945 1405/1405/943 1402/1402/940
f  1402/1402/940 1378/1378/923 1408/1408/946
f  1402/1402/940 1408/1408/946 1407/1407/945
f  1408/1408/946 1378/1378/923 1409/1409/947
f  1409/1409/947 1378/1378/923 1337/1337/896
f  1407/1407/945 1408/1408/946 1410/1410/948
f  1410/1410/948 1408/1408/946 1409/1409/947
f  1407/1407/945 1410/1410/948 1341/1341/898
f  1407/1407/945 1341/1341/898 1411/1411/949
f  1409/1409/947 1337/1337/896 1412/1412/950
f  1409/1409/947 1412/1412/950 1410/1410/948
f  1412/1412/950 1337/1337/896 1335/1335/891
f  1341/1341/898 1410/1410/948 1413/1413/951
f  1413/1413/951 1410/1410/948 1412/1412/950
f  1413/1413/951 1412/1412/950 1335/1335/891
f  1341/1341/898 1413/1413/951 1339/1339/891
f  1339/1339/891 1413/1413/951 1335/1335/891
f  1414/1414/774 1415/1415/771 1416/1416/772
f  1414/1414/774 1416/1416/772 1417/1417/928
f  1414/1414/774 1417/1417/928 1418/1418/777
f  1418/1418/777 1417/1417/928 1419/1419/214
f  1420/1420/774 1421/1421/771 1414/1414/774
f  1418/1418/777 1419/1419/214 1422/1422/952
f  1422/1422/952 1419/1419/214 1423/1423/929
f  1422/1422/952 1423/1423/929 1424/1424/930
f  1414/1414/774 1418/1418/777 1425/1425/431
f  1414/1414/774 1425/1425/431 1420/1420/774
f  1425/1425/431 1418/1418/777 1422/1422/952
f  1420/1420/774 1425/1425/431 1426/1426/777
f  1420/1420/774 1426/1426/777 1427/1427/775
f  1426/1426/777 1425/1425/431 1428/1428/953
f  1428/1428/953 1425/1425/431 1422/1422/952
f  1426/1426/777 1428/1428/953 1429/1429/776
f  1430/1430/933 1422/1422/952 1424/1424/930
f  1428/1428/953 1422/1422/952 1431/1431/954
f  1429/1429/776 1428/1428/953 1432/1432/955
f  1432/1432/955 1428/1428/953 1431/1431/954
f  1431/1431/954 1422/1422/952 1433/1433/956
f  1433/1433/956 1422/1422/952 1430/1430/933
f  1431/1431/954 1433/1433/956 1432/1432/955
f  1433/1433/956 1430/1430/933 1434/1434/936
f  1434/1434/936 1430/1430/933 1435/1435/932
f  1433/1433/956 1434/1434/936 1436/1436/957
f  1433/1433/956 1436/1436/957 1432/1432/955
f  1437/1437/958 1429/1429/776 1432/1432/955
f  1429/1429/776 1437/1437/958 1438/1438/781
f  1432/1432/955 1436/1436/957 1439/1439/959
f  1436/1436/957 1434/1434/936 1440/1440/960
f  1440/1440/960 1434/1434/936 1441/1441/935
f  1440/1440/960 1441/1441/935 1442/1442/961
f  1436/1436/957 1440/1440/960 1443/1443/962
f  1443/1443/962 1440/1440/960 1442/1442/961
f  1439/1439/959 1436/1436/957 1444/1444/963
f  1444/1444/963 1436/1436/957 1443/1443/962
f  1432/1432/955 1439/1439/959 1445/1445/964
f  1432/1432/955 1445/1445/964 1437/1437/958
f  1445/1445/964 1439/1439/959 1444/1444/963
f  1437/1437/958 1445/1445/964 1446/1446/965
f  1437/1437/958 1446/1446/965 1438/1438/781
f  1446/1446/965 1445/1445/964 1447/1447/966
f  1447/1447/966 1445/1445/964 1444/1444/963
f  1446/1446/965 1447/1447/966 1448/1448/967
f  1447/1447/966 1444/1444/963 1449/1449/968
f  1447/1447/966 1449/1449/968 1448/1448/967
f  1449/1449/968 1444/1444/963 1450/1450/969
f  1446/1446/965 1448/1448/967 1451/1451/970
f  1446/1446/965 1451/1451/970 1438/1438/781
f  1451/1451/970 1448/1448/967 1452/1452/971
f  1438/1438/781 1451/1451/970 1453/1453/972
f  1453/1453/972 1451/1451/970 1454/1454/973
f  1438/1438/781 1453/1453/972 1455/1455/727
f  1455/1455/727 1453/1453/972 1456/1456/727
f  1438/1438/781 1455/1455/727 1457/1457/603
f  1458/1458/974 1450/1450/969 1444/1444/963
f  1450/1450/969 1458/1458/974 1459/1459/200
f  1458/1458/974 1444/1444/963 1443/1443/962
f  1459/1459/200 1458/1458/974 1460/1460/727
f  1460/1460/727 1458/1458/974 1443/1443/962
f  1460/1460/727 1443/1443/962 1442/1442/961
f  1460/1460/727 1442/1442/961 1461/1461/975
f  1460/1460/727 1461/1461/975 1462/1462/976
f  1460/1460/727 1462/1462/976 1463/1463/977
f  1463/1463/977 1462/1462/976 1464/1464/978
f  1465/1465/652 1466/1466/248 1467/1467/45
f  1465/1465/652 1467/1467/45 1468/1468/651
f  1467/1467/45 1466/1466/248 1469/1469/979
f  1469/1469/979 1466/1466/248 1470/1470/254
f  1469/1469/979 1470/1470/254 1471/1471/657
f  1467/1467/45 1469/1469/979 1472/1472/879
f  1469/1469/979 1471/1471/657 1473/1473/980
f  1469/1469/979 1473/1473/980 1472/1472/879
f  1473/1473/980 1471/1471/657 1474/1474/659
f  1474/1474/659 1471/1471/657 1475/1475/656
f  1473/1473/980 1474/1474/659 1476/1476/981
f  1473/1473/980 1476/1476/981 1472/1472/879
f  1476/1476/981 1474/1474/659 1477/1477/658
f  1467/1467/45 1472/1472/879 1478/1478/879
f  1467/1467/45 1478/1478/879 1479/1479/877
f  1472/1472/879 1476/1476/981 1480/1480/981
f  1478/1478/879 1472/1472/879 1481/1481/982
f  1481/1481/982 1472/1472/879 1480/1480/981
f  1478/1478/879 1481/1481/982 1482/1482/880
f  1482/1482/880 1481/1481/982 1483/1483/914
f  1480/1480/981 1476/1476/981 1484/1484/983
f  1484/1484/983 1476/1476/981 1477/1477/658
f  1480/1480/981 1484/1484/983 1481/1481/982
f  1483/1483/914 1481/1481/982 1485/1485/984
f  1485/1485/984 1481/1481/982 1484/1484/983
f  1483/1483/914 1485/1485/984 1486/1486/985
f  1483/1483/914 1486/1486/985 1487/1487/911
f  1485/1485/984 1484/1484/983 1488/1488/986
f  1485/1485/984 1488/1488/986 1486/1486/985
f  1484/1484/983 1477/1477/658 1489/1489/987
f  1487/1487/911 1486/1486/985 1490/1490/988
f  1490/1490/988 1486/1486/985 1488/1488/986
f  1489/1489/987 1477/1477/658 1491/1491/663
f  1487/1487/911 1490/1490/988 1492/1492/989
f  1487/1487/911 1492/1492/989 1493/1493/990
f  1490/1490/988 1488/1488/986 1494/1494/991
f  1490/1490/988 1494/1494/991 1492/1492/989
f  1495/1495/992 1488/1488/986 1484/1484/983
f  1495/1495/992 1484/1484/983 1489/1489/987
f  1488/1488/986 1495/1495/992 1494/1494/991
f  1493/1493/990 1492/1492/989 1496/1496/990
f  1493/1493/990 1496/1496/990 1497/1497/912
f  1495/1495/992 1489/1489/987 1498/1498/993
f  1495/1495/992 1498/1498/993 1494/1494/991
f  1498/1498/993 1489/1489/987 1499/1499/994
f  1499/1499/994 1489/1489/987 1491/1491/663
f  1494/1494/991 1498/1498/993 1500/1500/995
f  1500/1500/995 1498/1498/993 1501/1501/996
f  1501/1501/996 1498/1498/993 1499/1499/994
f  1494/1494/991 1500/1500/995 1502/1502/997
f  1499/1499/994 1491/1491/663 1503/1503/998
f  1503/1503/998 1491/1491/663 1504/1504/632
f  1501/1501/996 1499/1499/994 1505/1505/999
f  1505/1505/999 1499/1499/994 1503/1503/998
f  1501/1501/996 1505/1505/999 1506/1506/1000
f  1505/1505/999 1503/1503/998 1507/1507/1001
f  1494/1494/991 1502/1502/997 1508/1508/1002
f  1494/1494/991 1508/1508/1002 1492/1492/989
f  1508/1508/1002 1502/1502/997 1509/1509/1003
f  1492/1492/989 1508/1508/1002 1496/1496/990
f  1508/1508/1002 1509/1509/1003 1510/1510/1004
f  1508/1508/1002 1510/1510/1004 1496/1496/990
f  1510/1510/1004 1509/1509/1003 1511/1511/1005
f  1510/1510/1004 1511/1511/1005 1496/1496/990
f  1511/1511/1005 1509/1509/1003 1512/1512/1006
f  1511/1511/1005 1512/1512/1006 1513/1513/1007
f  1496/1496/990 1511/1511/1005 1514/1514/1008
f  1514/1514/1008 1511/1511/1005 1513/1513/1007
f  1496/1496/990 1514/1514/1008 1497/1497/912
f  1514/1514/1008 1513/1513/1007 1515/1515/1009
f  1514/1514/1008 1515/1515/1009 1516/1516/1010
f  1515/1515/1009 1513/1513/1007 1517/1517/1011
f  1517/1517/1011 1513/1513/1007 1518/1518/1012
f  1519/1519/566 1520/1520/663 1521/1521/565
f  1520/1520/663 1519/1519/566 1522/1522/632
f  1522/1522/632 1519/1519/566 1523/1523/549
f  1524/1524/603 1525/1525/749 1526/1526/781
f  1527/1527/751 1528/1528/603 1529/1529/752
f  1529/1529/752 1528/1528/603 1530/1530/1013
f  1530/1530/1013 1528/1528/603 1531/1531/727
f  1529/1529/752 1530/1530/1013 1532/1532/1014
f  1532/1532/1014 1530/1530/1013 1533/1533/1015
f  1529/1529/752 1532/1532/1014 1534/1534/826
f  1534/1534/826 1532/1532/1014 1535/1535/1016
f  1535/1535/1016 1532/1532/1014 1536/1536/1017
f  1534/1534/826 1535/1535/1016 1537/1537/1014
f  1537/1537/1014 1535/1535/1016 1538/1538/1018
f  1534/1534/826 1537/1537/1014 1539/1539/1019
f  1534/1534/826 1539/1539/1019 1540/1540/752
f  1540/1540/752 1539/1539/1019 1541/1541/72
f  1539/1539/1019 1537/1537/1014 1542/1542/1018
f  1539/1539/1019 1542/1542/1018 1541/1541/72
f  1542/1542/1018 1537/1537/1014 1538/1538/1018
f  1541/1541/72 1542/1542/1018 1543/1543/1020
f  1544/1544/1021 1538/1538/1018 1535/1535/1016
f  1538/1538/1018 1544/1544/1021 1542/1542/1018
f  1542/1542/1018 1544/1544/1021 1543/1543/1020
f  1544/1544/1021 1535/1535/1016 1545/1545/578
f  1543/1543/1020 1544/1544/1021 1546/1546/1022
f  1546/1546/1022 1544/1544/1021 1545/1545/578
f  1543/1543/1020 1546/1546/1022 1547/1547/1023
f  1546/1546/1022 1545/1545/578 1548/1548/1024
f  1546/1546/1022 1548/1548/1024 1549/1549/1025
f  1546/1546/1022 1549/1549/1025 1550/1550/1026
f  1550/1550/1026 1549/1549/1025 1551/1551/1027
f  1549/1549/1025 1548/1548/1024 1552/1552/1028
f  1552/1552/1028 1548/1548/1024 1553/1553/1029
f  1551/1551/1027 1549/1549/1025 1554/1554/1030
f  1554/1554/1030 1549/1549/1025 1552/1552/1028
f  1551/1551/1027 1554/1554/1030 1555/1555/1031
f  1552/1552/1028 1553/1553/1029 1556/1556/1032
f  1552/1552/1028 1556/1556/1032 1554/1554/1030
f  1555/1555/1031 1554/1554/1030 1557/1557/1033
f  1554/1554/1030 1556/1556/1032 1558/1558/1034
f  1554/1554/1030 1558/1558/1034 1557/1557/1033
f  1558/1558/1034 1556/1556/1032 1559/1559/1035
f  1559/1559/1035 1556/1556/1032 1560/1560/1036
f  1557/1557/1033 1558/1558/1034 1561/1561/1037
f  1561/1561/1037 1558/1558/1034 1559/1559/1035
f  1557/1557/1033 1561/1561/1037 1562/1562/1037
f  1562/1562/1037 1561/1561/1037 1563/1563/1037
f  1561/1561/1037 1559/1559/1035 1564/1564/1038
f  1564/1564/1038 1559/1559/1035 1565/1565/1039
f  1563/1563/1037 1561/1561/1037 1566/1566/1037
f  1566/1566/1037 1561/1561/1037 1564/1564/1038
f  1563/1563/1037 1566/1566/1037 1567/1567/1040
f  1563/1563/1037 1567/1567/1040 1568/1568/1041
f  1568/1568/1041 1567/1567/1040 1569/1569/1042
f  1566/1566/1037 1564/1564/1038 1570/1570/1043
f  1570/1570/1043 1564/1564/1038 1571/1571/1044
f  1569/1569/1042 1567/1567/1040 1572/1572/1045
f  1569/1569/1042 1572/1572/1045 1573/1573/1046
f  1567/1567/1040 1566/1566/1037 1574/1574/1047
f  1567/1567/1040 1574/1574/1047 1572/1572/1045
f  1566/1566/1037 1570/1570/1043 1575/1575/1048
f  1566/1566/1037 1575/1575/1048 1574/1574/1047
f  1573/1573/1046 1572/1572/1045 1576/1576/734
f  1576/1576/734 1572/1572/1045 1574/1574/1047
f  1573/1573/1046 1576/1576/734 1577/1577/1049
f  1574/1574/1047 1575/1575/1048 1578/1578/1050
f  1574/1574/1047 1578/1578/1050 1576/1576/734
f  1575/1575/1048 1570/1570/1043 1579/1579/913
f  1575/1575/1048 1579/1579/913 1578/1578/1050
f  1579/1579/913 1570/1570/1043 1580/1580/875
f  1580/1580/875 1570/1570/1043 1581/1581/1051
f  1578/1578/1050 1579/1579/913 1582/1582/1052
f  1582/1582/1052 1579/1579/913 1580/1580/875
f  1576/1576/734 1578/1578/1050 1583/1583/1052
f  1576/1576/734 1583/1583/1052 1577/1577/1049
f  1583/1583/1052 1578/1578/1050 1582/1582/1052
f  1577/1577/1049 1583/1583/1052 1584/1584/487
f  1577/1577/1049 1584/1584/487 1585/1585/1049
f  1585/1585/1049 1584/1584/487 1586/1586/1053
f  1586/1586/1053 1584/1584/487 1587/1587/1054
f  1582/1582/1052 1580/1580/875 1588/1588/163
f  1588/1588/163 1580/1580/875 1589/1589/1055
f  1583/1583/1052 1582/1582/1052 1590/1590/1056
f  1583/1583/1052 1590/1590/1056 1584/1584/487
f  1590/1590/1056 1582/1582/1052 1588/1588/163
f  1587/1587/1054 1584/1584/487 1591/1591/1057
f  1591/1591/1057 1584/1584/487 1590/1590/1056
f  1590/1590/1056 1588/1588/163 1592/1592/1058
f  1590/1590/1056 1592/1592/1058 1591/1591/1057
f  1592/1592/1058 1588/1588/163 1593/1593/1059
f  1592/1592/1058 1593/1593/1059 1594/1594/785
f  1592/1592/1058 1594/1594/785 1591/1591/1057
f  1594/1594/785 1593/1593/1059 1595/1595/164
f  1587/1587/1054 1591/1591/1057 1596/1596/1060
f  1596/1596/1060 1591/1591/1057 1594/1594/785
f  1587/1587/1054 1596/1596/1060 1597/1597/1061
f  1587/1587/1054 1597/1597/1061 1598/1598/854
f  1598/1598/854 1597/1597/1061 1599/1599/852
f  1596/1596/1060 1594/1594/785 1600/1600/1061
f  1600/1600/1061 1594/1594/785 1595/1595/164
f  1596/1596/1060 1600/1600/1061 1597/1597/1061
f  1599/1599/852 1597/1597/1061 1601/1601/851
f  1601/1601/851 1597/1597/1061 1600/1600/1061
f  1600/1600/1061 1595/1595/164 1602/1602/549
f  1600/1600/1061 1602/1602/549 1601/1601/851
f  1602/1602/549 1595/1595/164 1603/1603/31
f  1601/1601/851 1602/1602/549 1604/1604/549
f  1604/1604/549 1602/1602/549 1605/1605/632
f  1601/1601/851 1604/1604/549 1606/1606/566
f  1601/1601/851 1606/1606/566 1607/1607/564
f  1608/1608/603 1609/1609/727 1610/1610/727
f  1611/1611/79 1612/1612/828 1613/1613/1062
f  1613/1613/1062 1612/1612/828 1614/1614/72
f  1614/1614/72 1612/1612/828 1615/1615/752
f  1613/1613/1062 1614/1614/72 1616/1616/1020
f  1613/1613/1062 1616/1616/1020 1617/1617/1063
f  1613/1613/1062 1617/1617/1063 1611/1611/79
f  1617/1617/1063 1616/1616/1020 1618/1618/1023
f  1619/1619/833 1620/1620/830 1611/1611/79
f  1611/1611/79 1617/1617/1063 1621/1621/715
f  1611/1611/79 1621/1621/715 1619/1619/833
f  1617/1617/1063 1618/1618/1023 1622/1622/1064
f  1617/1617/1063 1622/1622/1064 1621/1621/715
f  1619/1619/833 1621/1621/715 1623/1623/1065
f  1619/1619/833 1623/1623/1065 1624/1624/834
f  1624/1624/834 1623/1623/1065 1625/1625/847
f  1626/1626/1022 1627/1627/1026 1618/1618/1023
f  1625/1625/847 1623/1623/1065 1628/1628/1066
f  1625/1625/847 1628/1628/1066 1629/1629/1067
f  1625/1625/847 1629/1629/1067 1630/1630/845
f  1630/1630/845 1629/1629/1067 1631/1631/846
f  1631/1631/846 1629/1629/1067 1628/1628/1066
f  1631/1631/846 1628/1628/1066 1632/1632/1068
f  1632/1632/1068 1628/1628/1066 1623/1623/1065
f  1631/1631/846 1632/1632/1068 1633/1633/1069
f  1631/1631/846 1633/1633/1069 1634/1634/842
f  1634/1634/842 1633/1633/1069 1635/1635/840
f  1635/1635/840 1633/1633/1069 1636/1636/839
f  1633/1633/1069 1632/1632/1068 1637/1637/1070
f  1636/1636/839 1633/1633/1069 1638/1638/1071
f  1638/1638/1071 1633/1633/1069 1637/1637/1070
f  1637/1637/1070 1632/1632/1068 1639/1639/1072
f  1637/1637/1070 1639/1639/1072 1638/1638/1071
f  1638/1638/1071 1639/1639/1072 1640/1640/1073
f  1638/1638/1071 1640/1640/1073 1636/1636/839
f  1639/1639/1072 1632/1632/1068 1641/1641/1074
f  1639/1639/1072 1641/1641/1074 1640/1640/1073
f  1642/1642/1075 1632/1632/1068 1623/1623/1065
f  1632/1632/1068 1642/1642/1075 1641/1641/1074
f  1642/1642/1075 1623/1623/1065 1621/1621/715
f  1640/1640/1073 1641/1641/1074 1643/1643/1076
f  1643/1643/1076 1641/1641/1074 1642/1642/1075
f  1644/1644/668 1636/1636/839 1640/1640/1073
f  1636/1636/839 1644/1644/668 1645/1645/668
f  1640/1640/1073 1643/1643/1076 1646/1646/1077
f  1640/1640/1073 1646/1646/1077 1644/1644/668
f  1642/1642/1075 1621/1621/715 1647/1647/1078
f  1642/1642/1075 1647/1647/1078 1643/1643/1076
f  1647/1647/1078 1621/1621/715 1622/1622/1064
f  1646/1646/1077 1643/1643/1076 1648/1648/1079
f  1648/1648/1079 1643/1643/1076 1647/1647/1078
f  1646/1646/1077 1648/1648/1079 1649/1649/1080
f  1649/1649/1080 1648/1648/1079 1650/1650/1081
f  1650/1650/1081 1648/1648/1079 1647/1647/1078
f  1646/1646/1077 1649/1649/1080 1651/1651/1082
f  1651/1651/1082 1649/1649/1080 1650/1650/1081
f  1646/1646/1077 1651/1651/1082 1652/1652/1083
f  1646/1646/1077 1652/1652/1083 1644/1644/668
f  1651/1651/1082 1650/1650/1081 1653/1653/1084
f  1650/1650/1081 1647/1647/1078 1654/1654/1085
f  1651/1651/1082 1653/1653/1084 1655/1655/1086
f  1651/1651/1082 1655/1655/1086 1652/1652/1083
f  1653/1653/1084 1650/1650/1081 1656/1656/1030
f  1653/1653/1084 1656/1656/1030 1655/1655/1086
f  1650/1650/1081 1654/1654/1085 1657/1657/1087
f  1650/1650/1081 1657/1657/1087 1656/1656/1030
f  1654/1654/1085 1647/1647/1078 1658/1658/604
f  1654/1654/1085 1658/1658/604 1657/1657/1087
f  1657/1657/1087 1658/1658/604 1659/1659/1088
f  1657/1657/1087 1659/1659/1088 1656/1656/1030
f  1658/1658/604 1647/1647/1078 1660/1660/1089
f  1658/1658/604 1660/1660/1089 1659/1659/1088
f  1659/1659/1088 1660/1660/1089 1656/1656/1030
f  1660/1660/1089 1647/1647/1078 1622/1622/1064
f  1660/1660/1089 1622/1622/1064 1618/1618/1023
f  1660/1660/1089 1618/1618/1023 1661/1661/1090
f  1661/1661/1090 1618/1618/1023 1627/1627/1026
f  1661/1661/1090 1627/1627/1026 1662/1662/621
f  1662/1662/621 1627/1627/1026 1663/1663/1027
f  1661/1661/1090 1662/1662/621 1664/1664/1091
f  1664/1664/1091 1662/1662/621 1663/1663/1027
f  1660/1660/1089 1661/1661/1090 1665/1665/1030
f  1665/1665/1030 1661/1661/1090 1664/1664/1091
f  1665/1665/1030 1664/1664/1091 1663/1663/1027
f  1660/1660/1089 1665/1665/1030 1656/1656/1030
f  1665/1665/1030 1663/1663/1027 1666/1666/1031
f  1656/1656/1030 1665/1665/1030 1667/1667/1092
f  1665/1665/1030 1666/1666/1031 1668/1668/1093
f  1665/1665/1030 1668/1668/1093 1667/1667/1092
f  1668/1668/1093 1666/1666/1031 1669/1669/1033
f  1656/1656/1030 1667/1667/1092 1655/1655/1086
f  1668/1668/1093 1669/1669/1033 1670/1670/1033
f  1668/1668/1093 1670/1670/1033 1667/1667/1092
f  1670/1670/1033 1669/1669/1033 1671/1671/1037
f  1655/1655/1086 1667/1667/1092 1672/1672/1094
f  1655/1655/1086 1672/1672/1094 1652/1652/1083
f  1667/1667/1092 1670/1670/1033 1673/1673/1095
f  1667/1667/1092 1673/1673/1095 1672/1672/1094
f  1670/1670/1033 1671/1671/1037 1674/1674/1096
f  1670/1670/1033 1674/1674/1096 1673/1673/1095
f  1674/1674/1096 1671/1671/1037 1675/1675/1096
f  1675/1675/1096 1671/1671/1037 1676/1676/1037
f  1675/1675/1096 1676/1676/1037 1677/1677/1041
f  1675/1675/1096 1677/1677/1041 1678/1678/1097
f  1678/1678/1097 1677/1677/1041 1679/1679/1042
f  1674/1674/1096 1675/1675/1096 1680/1680/1097
f  1680/1680/1097 1675/1675/1096 1678/1678/1097
f  1681/1681/1097 1673/1673/1095 1674/1674/1096
f  1681/1681/1097 1674/1674/1096 1680/1680/1097
f  1682/1682/1041 1672/1672/1094 1673/1673/1095
f  1682/1682/1041 1673/1673/1095 1681/1681/1097
f  1681/1681/1097 1680/1680/1097 1683/1683/1098
f  1683/1683/1098 1680/1680/1097 1678/1678/1097
f  1682/1682/1041 1681/1681/1097 1684/1684/1099
f  1672/1672/1094 1682/1682/1041 1685/1685/1100
f  1685/1685/1100 1682/1682/1041 1684/1684/1099
f  1684/1684/1099 1681/1681/1097 1686/1686/1101
f  1686/1686/1101 1681/1681/1097 1683/1683/1098
f  1684/1684/1099 1686/1686/1101 1687/1687/563
f  1672/1672/1094 1685/1685/1100 1688/1688/696
f  1672/1672/1094 1688/1688/696 1652/1652/1083
f  1652/1652/1083 1688/1688/696 1644/1644/668
f  1685/1685/1100 1684/1684/1099 1689/1689/1102
f  1689/1689/1102 1684/1684/1099 1687/1687/563
f  1685/1685/1100 1689/1689/1102 1688/1688/696
f  1687/1687/563 1686/1686/1101 1690/1690/1103
f  1687/1687/563 1690/1690/1103 1689/1689/1102
f  1690/1690/1103 1686/1686/1101 1683/1683/1098
f  1644/1644/668 1688/1688/696 1691/1691/668
f  1691/1691/668 1688/1688/696 1689/1689/1102
f  1644/1644/668 1691/1691/668 1692/1692/668
f  1690/1690/1103 1683/1683/1098 1693/1693/154
f  1691/1691/668 1689/1689/1102 1694/1694/1104
f  1689/1689/1102 1690/1690/1103 1695/1695/1105
f  1689/1689/1102 1695/1695/1105 1694/1694/1104
f  1690/1690/1103 1693/1693/154 1696/1696/730
f  1690/1690/1103 1696/1696/730 1695/1695/1105
f  1693/1693/154 1683/1683/1098 1697/1697/1106
f  1691/1691/668 1694/1694/1104 1698/1698/1107
f  1691/1691/668 1698/1698/1107 1699/1699/860
f  1698/1698/1107 1694/1694/1104 1700/1700/1108
f  1699/1699/860 1698/1698/1107 1701/1701/863
f  1701/1701/863 1698/1698/1107 1700/1700/1108
f  1699/1699/860 1701/1701/863 1702/1702/861
f  1700/1700/1108 1694/1694/1104 1703/1703/1109
f  1700/1700/1108 1703/1703/1109 1701/1701/863
f  1703/1703/1109 1694/1694/1104 1695/1695/1105
f  1701/1701/863 1703/1703/1109 1704/1704/862
f  1703/1703/1109 1695/1695/1105 1705/1705/1110
f  1705/1705/1110 1695/1695/1105 1696/1696/730
f  1703/1703/1109 1705/1705/1110 1706/1706/859
f  1706/1706/859 1705/1705/1110 1707/1707/857
f  1707/1707/857 1705/1705/1110 1708/1708/732
f  1705/1705/1110 1696/1696/730 1709/1709/730
f  1705/1705/1110 1709/1709/730 1708/1708/732
f  1708/1708/732 1709/1709/730 1710/1710/1053
f  1708/1708/732 1710/1710/1053 1711/1711/854
f  1711/1711/854 1710/1710/1053 1712/1712/1054
f  1710/1710/1053 1709/1709/730 1713/1713/1049
f  1713/1713/1049 1709/1709/730 1696/1696/730
f  1713/1713/1049 1696/1696/730 1693/1693/154
f  1713/1713/1049 1693/1693/154 1697/1697/1106
f  1713/1713/1049 1697/1697/1106 1714/1714/1111
f  1714/1714/1111 1697/1697/1106 1715/1715/1112
f  1715/1715/1112 1697/1697/1106 1683/1683/1098
f  1715/1715/1112 1683/1683/1098 1678/1678/1097
f  1715/1715/1112 1678/1678/1097 1716/1716/1113
f  1715/1715/1112 1716/1716/1113 1714/1714/1111
f  1716/1716/1113 1678/1678/1097 1679/1679/1042
f  1713/1713/1049 1714/1714/1111 1717/1717/1114
f  1717/1717/1114 1714/1714/1111 1716/1716/1113
f  1717/1717/1114 1716/1716/1113 1679/1679/1042
f  1713/1713/1049 1717/1717/1114 1718/1718/1049
f  1717/1717/1114 1679/1679/1042 1719/1719/1046
f  1717/1717/1114 1719/1719/1046 1718/1718/1049
f  1720/1720/862 1721/1721/1109 1722/1722/859
f  1723/1723/668 1724/1724/668 1725/1725/668
f  1726/1726/632 1727/1727/998 1728/1728/998
f  1728/1728/998 1727/1727/998 1729/1729/1001
f  1729/1729/1001 1727/1727/998 1730/1730/1001
f  1727/1727/998 1726/1726/632 1731/1731/31
f  1727/1727/998 1731/1731/31 1730/1730/1001
f  1731/1731/31 1726/1726/632 1732/1732/549
f  1730/1730/1001 1731/1731/31 1733/1733/1115
f  1730/1730/1001 1733/1733/1115 1734/1734/1059
f  1733/1733/1115 1731/1731/31 1735/1735/164
f  1733/1733/1115 1735/1735/164 1734/1734/1059
f  1736/1736/1015 1737/1737/1013 1738/1738/727
f  1736/1736/1015 1738/1738/727 1739/1739/1116
f  1739/1739/1116 1738/1738/727 1740/1740/972
f  1739/1739/1116 1740/1740/972 1741/1741/973
f  1739/1739/1116 1741/1741/973 1742/1742/972
f  1739/1739/1116 1742/1742/972 1736/1736/1015
f  1742/1742/972 1741/1741/973 1743/1743/1117
f  1736/1736/1015 1742/1742/972 1744/1744/1017
f  1736/1736/1015 1744/1744/1017 1745/1745/1014
f  1744/1744/1017 1742/1742/972 1746/1746/1118
f  1746/1746/1118 1742/1742/972 1743/1743/1117
f  1746/1746/1118 1743/1743/1117 1747/1747/1119
f  1746/1746/1118 1747/1747/1119 1748/1748/1120
f  1748/1748/1120 1747/1747/1119 1749/1749/1121
f  1747/1747/1119 1743/1743/1117 1750/1750/772
f  1747/1747/1119 1750/1750/772 1751/1751/583
f  1751/1751/583 1750/1750/772 1752/1752/1122
f  1749/1749/1121 1747/1747/1119 1753/1753/1123
f  1753/1753/1123 1747/1747/1119 1751/1751/583
f  1753/1753/1123 1751/1751/583 1752/1752/1122
f  1753/1753/1123 1752/1752/1122 1754/1754/1124
f  1754/1754/1124 1752/1752/1122 1755/1755/1125
f  1753/1753/1123 1754/1754/1124 1756/1756/1126
f  1753/1753/1123 1756/1756/1126 1757/1757/1127
f  1757/1757/1127 1756/1756/1126 1758/1758/1122
f  1759/1759/938 1760/1760/942 1761/1761/938
f  1759/1759/938 1761/1761/938 1762/1762/939
f  1761/1761/938 1760/1760/942 1763/1763/404
f  1761/1761/938 1763/1763/404 1762/1762/939
f  1763/1763/404 1760/1760/942 1764/1764/949
f  1762/1762/939 1763/1763/404 1765/1765/682
f  1765/1765/682 1763/1763/404 1764/1764/949
f  1764/1764/949 1760/1760/942 1766/1766/944
f  1767/1767/945 1768/1768/949 1766/1766/944
f  1766/1766/944 1768/1768/949 1769/1769/1128
f  1764/1764/949 1766/1766/944 1770/1770/1129
f  1770/1770/1129 1766/1766/944 1769/1769/1128
f  1769/1769/1128 1768/1768/949 1771/1771/1130
f  1771/1771/1130 1768/1768/949 1772/1772/898
f  1771/1771/1130 1772/1772/898 1773/1773/891
f  1773/1773/891 1772/1772/898 1774/1774/897
f  1769/1769/1128 1771/1771/1130 1775/1775/896
f  1775/1775/896 1771/1771/1130 1773/1773/891
f  1773/1773/891 1774/1774/897 1776/1776/899
f  1769/1769/1128 1775/1775/896 1777/1777/1130
f  1769/1769/1128 1777/1777/1130 1770/1770/1129
f  1775/1775/896 1773/1773/891 1778/1778/899
f  1778/1778/899 1773/1773/891 1776/1776/899
f  1777/1777/1130 1775/1775/896 1779/1779/897
f  1779/1779/897 1775/1775/896 1778/1778/899
f  1770/1770/1129 1777/1777/1130 1780/1780/1131
f  1780/1780/1131 1777/1777/1130 1779/1779/897
f  1770/1770/1129 1780/1780/1131 1781/1781/1132
f  1770/1770/1129 1781/1781/1132 1764/1764/949
f  1780/1780/1131 1779/1779/897 1782/1782/1133
f  1780/1780/1131 1782/1782/1133 1781/1781/1132
f  1779/1779/897 1778/1778/899 1783/1783/1134
f  1783/1783/1134 1778/1778/899 1776/1776/899
f  1779/1779/897 1783/1783/1134 1784/1784/1135
f  1779/1779/897 1784/1784/1135 1782/1782/1133
f  1783/1783/1134 1776/1776/899 1785/1785/1136
f  1783/1783/1134 1785/1785/1136 1784/1784/1135
f  1786/1786/1137 1764/1764/949 1781/1781/1132
f  1786/1786/1137 1781/1781/1132 1782/1782/1133
f  1764/1764/949 1786/1786/1137 1787/1787/1138
f  1764/1764/949 1787/1787/1138 1765/1765/682
f  1786/1786/1137 1782/1782/1133 1788/1788/1139
f  1787/1787/1138 1786/1786/1137 1789/1789/1140
f  1789/1789/1140 1786/1786/1137 1788/1788/1139
f  1788/1788/1139 1782/1782/1133 1790/1790/1141
f  1788/1788/1139 1790/1790/1141 1789/1789/1140
f  1791/1791/1142 1782/1782/1133 1784/1784/1135
f  1782/1782/1133 1791/1791/1142 1790/1790/1141
f  1787/1787/1138 1789/1789/1140 1792/1792/1143
f  1787/1787/1138 1792/1792/1143 1765/1765/682
f  1792/1792/1143 1789/1789/1140 1793/1793/1144
f  1792/1792/1143 1793/1793/1144 1794/1794/1145
f  1793/1793/1144 1789/1789/1140 1795/1795/1146
f  1793/1793/1144 1795/1795/1146 1794/1794/1145
f  1795/1795/1146 1789/1789/1140 1790/1790/1141
f  1792/1792/1143 1794/1794/1145 1796/1796/1147
f  1796/1796/1147 1794/1794/1145 1797/1797/1148
f  1792/1792/1143 1796/1796/1147 1765/1765/682
f  1795/1795/1146 1790/1790/1141 1798/1798/1149
f  1795/1795/1146 1798/1798/1149 1799/1799/1150
f  1799/1799/1150 1798/1798/1149 1800/1800/1151
f  1800/1800/1151 1798/1798/1149 1790/1790/1141
f  1801/1801/1152 1796/1796/1147 1802/1802/1153
f  1796/1796/1147 1801/1801/1152 1803/1803/1154
f  1765/1765/682 1796/1796/1147 1804/1804/1155
f  1804/1804/1155 1796/1796/1147 1803/1803/1154
f  1800/1800/1151 1790/1790/1141 1805/1805/1156
f  1805/1805/1156 1790/1790/1141 1791/1791/1142
f  1800/1800/1151 1805/1805/1156 1806/1806/1156
f  1800/1800/1151 1806/1806/1156 1807/1807/1157
f  1806/1806/1156 1805/1805/1156 1808/1808/1156
f  1808/1808/1156 1805/1805/1156 1791/1791/1142
f  1806/1806/1156 1808/1808/1156 1809/1809/1156
f  1809/1809/1156 1808/1808/1156 1791/1791/1142
f  1810/1810/1158 1811/1811/1156 1806/1806/1156
f  1810/1810/1158 1806/1806/1156 1812/1812/1159
f  1812/1812/1159 1806/1806/1156 1809/1809/1156
f  1810/1810/1158 1812/1812/1159 1813/1813/1160
f  1812/1812/1159 1809/1809/1156 1814/1814/1161
f  1813/1813/1160 1812/1812/1159 1815/1815/1162
f  1815/1815/1162 1812/1812/1159 1814/1814/1161
f  1813/1813/1160 1815/1815/1162 1816/1816/1163
f  1814/1814/1161 1809/1809/1156 1817/1817/1164
f  1814/1814/1161 1817/1817/1164 1815/1815/1162
f  1817/1817/1164 1809/1809/1156 1791/1791/1142
f  1815/1815/1162 1817/1817/1164 1818/1818/1165
f  1817/1817/1164 1791/1791/1142 1819/1819/1166
f  1817/1817/1164 1819/1819/1166 1818/1818/1165
f  1819/1819/1166 1791/1791/1142 1820/1820/1135
f  1820/1820/1135 1791/1791/1142 1784/1784/1135
f  1820/1820/1135 1784/1784/1135 1785/1785/1136
f  1819/1819/1166 1820/1820/1135 1821/1821/1167
f  1820/1820/1135 1785/1785/1136 1822/1822/1168
f  1820/1820/1135 1822/1822/1168 1821/1821/1167
f  1819/1819/1166 1821/1821/1167 1823/1823/1169
f  1819/1819/1166 1823/1823/1169 1818/1818/1165
f  1821/1821/1167 1822/1822/1168 1824/1824/1170
f  1821/1821/1167 1824/1824/1170 1823/1823/1169
f  1822/1822/1168 1785/1785/1136 1825/1825/1171
f  1822/1822/1168 1825/1825/1171 1824/1824/1170
f  1824/1824/1170 1825/1825/1171 1826/1826/903
f  1825/1825/1171 1785/1785/1136 1827/1827/1172
f  1825/1825/1171 1827/1827/1172 1826/1826/903
f  1827/1827/1172 1785/1785/1136 1776/1776/899
f  1827/1827/1172 1776/1776/899 1828/1828/900
f  1827/1827/1172 1828/1828/900 1829/1829/902
f  1827/1827/1172 1829/1829/902 1826/1826/903
f  1826/1826/903 1829/1829/902 1824/1824/1170
f  1824/1824/1170 1829/1829/902 1823/1823/1169
f  1823/1823/1169 1829/1829/902 1830/1830/1169
f  1823/1823/1169 1830/1830/1169 1818/1818/1165
f  1830/1830/1169 1829/1829/902 1831/1831/904
f  1830/1830/1169 1831/1831/904 1832/1832/1173
f  1830/1830/1169 1832/1832/1173 1818/1818/1165
f  1832/1832/1173 1831/1831/904 1833/1833/907
f  1833/1833/907 1831/1831/904 1834/1834/523
f  1833/1833/907 1834/1834/523 1835/1835/907
f  1833/1833/907 1835/1835/907 1836/1836/908
f  1832/1832/1173 1833/1833/907 1837/1837/1174
f  1837/1837/1174 1833/1833/907 1836/1836/908
f  1832/1832/1173 1837/1837/1174 1818/1818/1165
f  1837/1837/1174 1836/1836/908 1838/1838/1175
f  1838/1838/1175 1836/1836/908 1839/1839/1176
f  1839/1839/1176 1836/1836/908 1840/1840/909
f  1839/1839/1176 1840/1840/909 1841/1841/910
f  1838/1838/1175 1839/1839/1176 1842/1842/1177
f  1838/1838/1175 1842/1842/1177 1837/1837/1174
f  1839/1839/1176 1841/1841/910 1843/1843/1010
f  1843/1843/1010 1841/1841/910 1844/1844/912
f  1843/1843/1010 1844/1844/912 1845/1845/1008
f  1839/1839/1176 1843/1843/1010 1846/1846/1178
f  1839/1839/1176 1846/1846/1178 1842/1842/1177
f  1846/1846/1178 1843/1843/1010 1847/1847/1009
f  1846/1846/1178 1847/1847/1009 1848/1848/1011
f  1842/1842/1177 1846/1846/1178 1849/1849/296
f  1849/1849/296 1846/1846/1178 1848/1848/1011
f  1850/1850/1179 1837/1837/1174 1842/1842/1177
f  1850/1850/1179 1842/1842/1177 1849/1849/296
f  1849/1849/296 1848/1848/1011 1851/1851/1180
f  1851/1851/1180 1848/1848/1011 1852/1852/1012
f  1849/1849/296 1851/1851/1180 1853/1853/1181
f  1853/1853/1181 1851/1851/1180 1854/1854/848
f  1850/1850/1179 1849/1849/296 1855/1855/315
f  1855/1855/315 1849/1849/296 1853/1853/1181
f  1850/1850/1179 1855/1855/315 1837/1837/1174
f  1855/1855/315 1853/1853/1181 1856/1856/1182
f  1837/1837/1174 1855/1855/315 1857/1857/1183
f  1837/1837/1174 1857/1857/1183 1818/1818/1165
f  1855/1855/315 1856/1856/1182 1858/1858/1184
f  1855/1855/315 1858/1858/1184 1857/1857/1183
f  1857/1857/1183 1858/1858/1184 1818/1818/1165
f  1818/1818/1165 1858/1858/1184 1815/1815/1162
f  1815/1815/1162 1858/1858/1184 1859/1859/1185
f  1860/1860/973 1861/1861/970 1862/1862/971
f  1860/1860/973 1862/1862/971 1863/1863/1186
f  1860/1860/973 1863/1863/1186 1864/1864/1117
f  1864/1864/1117 1863/1863/1186 1865/1865/772
f  1863/1863/1186 1862/1862/971 1866/1866/1187
f  1863/1863/1186 1866/1866/1187 1865/1865/772
f  1866/1866/1187 1862/1862/971 1867/1867/967
f  1866/1866/1187 1867/1867/967 1868/1868/968
f  1865/1865/772 1866/1866/1187 1869/1869/1188
f  1866/1866/1187 1868/1868/968 1870/1870/1189
f  1870/1870/1189 1868/1868/968 1871/1871/969
f  1870/1870/1189 1871/1871/969 1872/1872/200
f  1866/1866/1187 1870/1870/1189 1873/1873/1190
f  1866/1866/1187 1873/1873/1190 1869/1869/1188
f  1865/1865/772 1869/1869/1188 1874/1874/1122
f  1873/1873/1190 1870/1870/1189 1875/1875/572
f  1870/1870/1189 1872/1872/200 1876/1876/1191
f  1870/1870/1189 1876/1876/1191 1875/1875/572
f  1876/1876/1191 1872/1872/200 1877/1877/977
f  1877/1877/977 1872/1872/200 1878/1878/727
f  1869/1869/1188 1873/1873/1190 1879/1879/411
f  1879/1879/411 1873/1873/1190 1875/1875/572
f  1880/1880/1192 1881/1881/1193 1877/1877/977
f  1877/1877/977 1881/1881/1193 1882/1882/1194
f  1877/1877/977 1882/1882/1194 1876/1876/1191
f  1882/1882/1194 1881/1881/1193 1883/1883/1195
f  1876/1876/1191 1882/1882/1194 1884/1884/1193
f  1876/1876/1191 1884/1884/1193 1875/1875/572
f  1882/1882/1194 1883/1883/1195 1885/1885/1196
f  1882/1882/1194 1885/1885/1196 1884/1884/1193
f  1885/1885/1196 1883/1883/1195 1886/1886/1197
f  1875/1875/572 1884/1884/1193 1887/1887/1198
f  1887/1887/1198 1884/1884/1193 1885/1885/1196
f  1888/1888/1199 1879/1879/411 1875/1875/572
f  1888/1888/1199 1875/1875/572 1889/1889/1200
f  1889/1889/1200 1875/1875/572 1887/1887/1198
f  1879/1879/411 1888/1888/1199 1890/1890/1201
f  1890/1890/1201 1888/1888/1199 1889/1889/1200
f  1879/1879/411 1890/1890/1201 1869/1869/1188
f  1869/1869/1188 1890/1890/1201 1891/1891/1202
f  1869/1869/1188 1891/1891/1202 1874/1874/1122
f  1890/1890/1201 1889/1889/1200 1892/1892/1203
f  1890/1890/1201 1892/1892/1203 1891/1891/1202
f  1874/1874/1122 1891/1891/1202 1893/1893/1204
f  1893/1893/1204 1891/1891/1202 1892/1892/1203
f  1874/1874/1122 1893/1893/1204 1894/1894/1205
f  1894/1894/1205 1893/1893/1204 1892/1892/1203
f  1874/1874/1122 1894/1894/1205 1895/1895/1125
f  1892/1892/1203 1889/1889/1200 1896/1896/1206
f  1892/1892/1203 1896/1896/1206 1894/1894/1205
f  1896/1896/1206 1889/1889/1200 1897/1897/1207
f  1897/1897/1207 1889/1889/1200 1887/1887/1198
f  1894/1894/1205 1896/1896/1206 1898/1898/1208
f  1898/1898/1208 1896/1896/1206 1897/1897/1207
f  1894/1894/1205 1898/1898/1208 1895/1895/1125
f  1897/1897/1207 1887/1887/1198 1899/1899/810
f  1897/1897/1207 1899/1899/810 1898/1898/1208
f  1895/1895/1125 1898/1898/1208 1900/1900/1209
f  1900/1900/1209 1898/1898/1208 1899/1899/810
f  1895/1895/1125 1900/1900/1209 1901/1901/1210
f  1901/1901/1210 1900/1900/1209 1902/1902/1211
f  1902/1902/1211 1900/1900/1209 1899/1899/810
f  1901/1901/1210 1902/1902/1211 1903/1903/1212
f  1903/1903/1212 1902/1902/1211 1899/1899/810
f  1901/1901/1210 1903/1903/1212 1904/1904/1213
f  1903/1903/1212 1899/1899/810 1905/1905/1214
f  1903/1903/1212 1905/1905/1214 1906/1906/1063
f  1905/1905/1214 1899/1899/810 1907/1907/1215
f  1907/1907/1215 1899/1899/810 1887/1887/1198
f  1906/1906/1063 1905/1905/1214 1908/1908/1216
f  1906/1906/1063 1908/1908/1216 1909/1909/1217
f  1906/1906/1063 1909/1909/1217 1910/1910/1218
f  1910/1910/1218 1909/1909/1217 1911/1911/574
f  1908/1908/1216 1905/1905/1214 1912/1912/807
f  1912/1912/807 1905/1905/1214 1907/1907/1215
f  1907/1907/1215 1887/1887/1198 1913/1913/754
f  1907/1907/1215 1913/1913/754 1912/1912/807
f  1913/1913/754 1887/1887/1198 1885/1885/1196
f  1912/1912/807 1913/1913/754 1914/1914/807
f  1914/1914/807 1913/1913/754 1885/1885/1196
f  1915/1915/937 1916/1916/934 1917/1917/1219
f  1917/1917/1219 1916/1916/934 1762/1762/939
f  1915/1915/937 1917/1917/1219 1918/1918/569
f  1917/1917/1219 1762/1762/939 1919/1919/1219
f  1917/1917/1219 1919/1919/1219 1918/1918/569
f  1919/1919/1219 1762/1762/939 1765/1765/682
f  1919/1919/1219 1765/1765/682 1920/1920/1220
f  1919/1919/1219 1920/1920/1220 1918/1918/569
f  1920/1920/1220 1765/1765/682 1804/1804/1155
f  1920/1920/1220 1804/1804/1155 1803/1803/1154
f  1918/1918/569 1920/1920/1220 1921/1921/1221
f  1921/1921/1221 1920/1920/1220 1803/1803/1154
f  1921/1921/1221 1803/1803/1154 1922/1922/978
f  1922/1922/978 1803/1803/1154 1923/1923/1192
f  1922/1922/978 1923/1923/1192 1924/1924/977
f  1921/1921/1221 1922/1922/978 1925/1925/976
f  1921/1921/1221 1925/1925/976 1918/1918/569
f  1918/1918/569 1925/1925/976 1926/1926/1222
f  1918/1918/569 1926/1926/1222 1915/1915/937
f  1926/1926/1222 1925/1925/976 1927/1927/975
f  1915/1915/937 1926/1926/1222 1928/1928/935
f  1928/1928/935 1926/1926/1222 1927/1927/975
f  1928/1928/935 1927/1927/975 1929/1929/961
f  1930/1930/990 1931/1931/912 1932/1932/911
f  1933/1933/1000 1934/1934/999 1935/1935/1223
f  1935/1935/1223 1934/1934/999 1936/1936/1001
f  1933/1933/1000 1935/1935/1223 1937/1937/1224
f  1937/1937/1224 1935/1935/1223 1938/1938/1225
f  1938/1938/1225 1935/1935/1223 1939/1939/1225
f  1938/1938/1225 1939/1939/1225 1940/1940/1226
f  1938/1938/1225 1940/1940/1226 1941/1941/1227
f  1938/1938/1225 1941/1941/1227 1937/1937/1224
f  1941/1941/1227 1940/1940/1226 1942/1942/1228
f  1933/1933/1000 1937/1937/1224 1943/1943/1229
f  1943/1943/1229 1937/1937/1224 1941/1941/1227
f  1933/1933/1000 1943/1943/1229 1944/1944/996
f  1941/1941/1227 1942/1942/1228 1945/1945/1230
f  1941/1941/1227 1945/1945/1230 1943/1943/1229
f  1944/1944/996 1943/1943/1229 1946/1946/995
f  1945/1945/1230 1942/1942/1228 1947/1947/1231
f  1943/1943/1229 1945/1945/1230 1948/1948/1232
f  1946/1946/995 1943/1943/1229 1949/1949/1233
f  1949/1949/1233 1943/1943/1229 1948/1948/1232
f  1946/1946/995 1949/1949/1233 1950/1950/997
f  1950/1950/997 1949/1949/1233 1951/1951/1003
f  1948/1948/1232 1945/1945/1230 1952/1952/1234
f  1948/1948/1232 1952/1952/1234 1949/1949/1233
f  1945/1945/1230 1947/1947/1231 1953/1953/1235
f  1945/1945/1230 1953/1953/1235 1952/1952/1234
f  1953/1953/1235 1947/1947/1231 1954/1954/1236
f  1954/1954/1236 1947/1947/1231 1955/1955/1237
f  1951/1951/1003 1949/1949/1233 1956/1956/1238
f  1951/1951/1003 1956/1956/1238 1957/1957/1006
f  1957/1957/1006 1956/1956/1238 1958/1958/1007
f  1956/1956/1238 1949/1949/1233 1959/1959/1239
f  1958/1958/1007 1956/1956/1238 1960/1960/1240
f  1960/1960/1240 1956/1956/1238 1959/1959/1239
f  1959/1959/1239 1949/1949/1233 1961/1961/538
f  1961/1961/538 1949/1949/1233 1952/1952/1234
f  1960/1960/1240 1959/1959/1239 1962/1962/562
f  1962/1962/562 1959/1959/1239 1961/1961/538
f  1961/1961/538 1952/1952/1234 1963/1963/1241
f  1963/1963/1241 1952/1952/1234 1953/1953/1235
f  1962/1962/562 1961/1961/538 1964/1964/1242
f  1961/1961/538 1963/1963/1241 1965/1965/1243
f  1961/1961/538 1965/1965/1243 1964/1964/1242
f  1963/1963/1241 1953/1953/1235 1966/1966/1244
f  1966/1966/1244 1953/1953/1235 1954/1954/1236
f  1963/1963/1241 1966/1966/1244 1967/1967/1245
f  1963/1963/1241 1967/1967/1245 1965/1965/1243
f  1967/1967/1245 1966/1966/1244 1968/1968/1010
f  1967/1967/1245 1968/1968/1010 1965/1965/1243
f  1966/1966/1244 1954/1954/1236 1969/1969/1246
f  1966/1966/1244 1969/1969/1246 1968/1968/1010
f  1965/1965/1243 1968/1968/1010 1970/1970/1247
f  1970/1970/1247 1968/1968/1010 1971/1971/392
f  1971/1971/392 1968/1968/1010 1969/1969/1246
f  1965/1965/1243 1970/1970/1247 1972/1972/308
f  1972/1972/308 1970/1970/1247 1971/1971/392
f  1965/1965/1243 1972/1972/308 1973/1973/1241
f  1965/1965/1243 1973/1973/1241 1964/1964/1242
f  1972/1972/308 1971/1971/392 1974/1974/1248
f  1975/1975/1249 1969/1969/1246 1954/1954/1236
f  1975/1975/1249 1954/1954/1236 1976/1976/1250
f  1975/1975/1249 1976/1976/1250 1977/1977/1251
f  1969/1969/1246 1975/1975/1249 1978/1978/1252
f  1978/1978/1252 1975/1975/1249 1977/1977/1251
f  1979/1979/1253 1971/1971/392 1969/1969/1246
f  1979/1979/1253 1969/1969/1246 1978/1978/1252
f  1978/1978/1252 1977/1977/1251 1980/1980/1254
f  1978/1978/1252 1980/1980/1254 1979/1979/1253
f  1980/1980/1254 1977/1977/1251 1981/1981/1255
f  1971/1971/392 1979/1979/1253 1982/1982/1256
f  1982/1982/1256 1979/1979/1253 1980/1980/1254
f  1971/1971/392 1982/1982/1256 1974/1974/1248
f  1982/1982/1256 1980/1980/1254 1983/1983/1257
f  1982/1982/1256 1983/1983/1257 1974/1974/1248
f  1974/1974/1248 1983/1983/1257 1984/1984/1258
f  1985/1985/1259 1972/1972/308 1974/1974/1248
f  1974/1974/1248 1984/1984/1258 1986/1986/1260
f  1974/1974/1248 1986/1986/1260 1985/1985/1259
f  1986/1986/1260 1984/1984/1258 1987/1987/794
f  1987/1987/794 1984/1984/1258 1988/1988/1261
f  1987/1987/794 1988/1988/1261 1989/1989/730
f  1986/1986/1260 1987/1987/794 1990/1990/1262
f  1986/1986/1260 1990/1990/1262 1991/1991/1263
f  1986/1986/1260 1991/1991/1263 1985/1985/1259
f  1985/1985/1259 1991/1991/1263 1992/1992/1264
f  1985/1985/1259 1992/1992/1264 1993/1993/1265
f  1973/1973/1241 1972/1972/308 1985/1985/1259
f  1973/1973/1241 1985/1985/1259 1993/1993/1265
f  1973/1973/1241 1993/1993/1265 1994/1994/1266
f  1994/1994/1266 1993/1993/1265 1995/1995/1114
f  1973/1973/1241 1994/1994/1266 1996/1996/1267
f  1996/1996/1267 1994/1994/1266 1995/1995/1114
f  1973/1973/1241 1996/1996/1267 1964/1964/1242
f  1964/1964/1242 1996/1996/1267 1962/1962/562
f  1962/1962/562 1996/1996/1267 1960/1960/1240
f  1996/1996/1267 1995/1995/1114 1997/1997/1268
f  1997/1997/1268 1995/1995/1114 1998/1998/1269
f  1960/1960/1240 1996/1996/1267 1999/1999/1270
f  1999/1999/1270 1996/1996/1267 1997/1997/1268
f  1960/1960/1240 1999/1999/1270 1958/1958/1007
f  1999/1999/1270 1997/1997/1268 2000/2000/1271
f  1999/1999/1270 2000/2000/1271 1958/1958/1007
f  2000/2000/1271 1997/1997/1268 2001/2001/1272
f  2000/2000/1271 2001/2001/1272 2002/2002/1273
f  1958/1958/1007 2000/2000/1271 2003/2003/1012
f  2003/2003/1012 2000/2000/1271 2004/2004/1180
f  2004/2004/1180 2000/2000/1271 2005/2005/848
f  2006/2006/1223 2007/2007/1001 2008/2008/1001
f  2006/2006/1223 2008/2008/1001 2009/2009/1274
f  2006/2006/1223 2009/2009/1274 2010/2010/1225
f  2009/2009/1274 2008/2008/1001 2011/2011/1275
f  2011/2011/1275 2008/2008/1001 2012/2012/1059
f  2010/2010/1225 2009/2009/1274 2013/2013/1276
f  2010/2010/1225 2013/2013/1276 2014/2014/1226
f  2009/2009/1274 2011/2011/1275 2015/2015/1277
f  2009/2009/1274 2015/2015/1277 2013/2013/1276
f  2011/2011/1275 2012/2012/1059 2016/2016/1278
f  2011/2011/1275 2016/2016/1278 2015/2015/1277
f  2017/2017/1055 2012/2012/1059 2018/2018/163
f  2012/2012/1059 2017/2017/1055 2016/2016/1278
f  2014/2014/1226 2013/2013/1276 2019/2019/1279
f  2013/2013/1276 2015/2015/1277 2020/2020/1280
f  2020/2020/1280 2015/2015/1277 2016/2016/1278
f  2013/2013/1276 2020/2020/1280 2019/2019/1279
f  2014/2014/1226 2019/2019/1279 2021/2021/1228
f  2020/2020/1280 2016/2016/1278 2022/2022/1281
f  2016/2016/1278 2017/2017/1055 2023/2023/1051
f  2023/2023/1051 2017/2017/1055 2024/2024/875
f  2016/2016/1278 2023/2023/1051 2022/2022/1281
f  2021/2021/1228 2019/2019/1279 2025/2025/1237
f  2021/2021/1228 2025/2025/1237 2026/2026/1231
f  2027/2027/1282 2019/2019/1279 2020/2020/1280
f  2019/2019/1279 2027/2027/1282 2025/2025/1237
f  2027/2027/1282 2020/2020/1280 2022/2022/1281
f  2028/2028/1250 2029/2029/1236 2025/2025/1237
f  2028/2028/1250 2025/2025/1237 2030/2030/1283
f  2030/2030/1283 2025/2025/1237 2027/2027/1282
f  2028/2028/1250 2030/2030/1283 2031/2031/1251
f  2031/2031/1251 2030/2030/1283 2032/2032/1255
f  2030/2030/1283 2027/2027/1282 2033/2033/177
f  2033/2033/177 2027/2027/1282 2022/2022/1281
f  2030/2030/1283 2033/2033/177 2034/2034/177
f  2034/2034/177 2033/2033/177 2035/2035/1284
f  2035/2035/1284 2033/2033/177 2036/2036/1285
f  2036/2036/1285 2033/2033/177 2022/2022/1281
f  2035/2035/1284 2036/2036/1285 2037/2037/1286
f  2036/2036/1285 2022/2022/1281 2038/2038/1287
f  2036/2036/1285 2038/2038/1287 2039/2039/1175
f  2038/2038/1287 2022/2022/1281 2023/2023/1051
f  2039/2039/1175 2038/2038/1287 2040/2040/1288
f  2040/2040/1288 2038/2038/1287 2041/2041/1289
f  2040/2040/1288 2041/2041/1289 2042/2042/1290
f  2038/2038/1287 2023/2023/1051 2043/2043/1291
f  2038/2038/1287 2043/2043/1291 2041/2041/1289
f  2042/2042/1290 2041/2041/1289 2044/2044/1292
f  2042/2042/1290 2044/2044/1292 2045/2045/1293
f  2041/2041/1289 2043/2043/1291 2046/2046/1292
f  2041/2041/1289 2046/2046/1292 2044/2044/1292
f  2043/2043/1291 2023/2023/1051 2047/2047/1044
f  2047/2047/1044 2023/2023/1051 2048/2048/1043
f  2046/2046/1292 2043/2043/1291 2049/2049/1294
f  2049/2049/1294 2043/2043/1291 2047/2047/1044
f  2044/2044/1292 2046/2046/1292 2050/2050/1295
f  2044/2044/1292 2050/2050/1295 2051/2051/1296
f  2051/2051/1296 2050/2050/1295 2052/2052/1295
f  2050/2050/1295 2046/2046/1292 2053/2053/1294
f  2050/2050/1295 2053/2053/1294 2052/2052/1295
f  2053/2053/1294 2046/2046/1292 2049/2049/1294
f  2051/2051/1296 2052/2052/1295 2054/2054/1297
f  2054/2054/1297 2052/2052/1295 2053/2053/1294
f  2055/2055/1298 2049/2049/1294 2047/2047/1044
f  2049/2049/1294 2055/2055/1298 2053/2053/1294
f  2055/2055/1298 2047/2047/1044 2056/2056/1038
f  2055/2055/1298 2056/2056/1038 2057/2057/1039
f  2053/2053/1294 2055/2055/1298 2058/2058/1299
f  2058/2058/1299 2055/2055/1298 2057/2057/1039
f  2053/2053/1294 2058/2058/1299 2059/2059/1036
f  2059/2059/1036 2058/2058/1299 2057/2057/1039
f  2053/2053/1294 2059/2059/1036 2054/2054/1297
f  2059/2059/1036 2057/2057/1039 2060/2060/1035
f  2054/2054/1297 2059/2059/1036 2061/2061/1300
f  2054/2054/1297 2061/2061/1300 2062/2062/1301
f  2063/2063/578 2064/2064/1016 2065/2065/1017
f  2063/2063/578 2065/2065/1017 2066/2066/1302
f  2063/2063/578 2066/2066/1302 2067/2067/1024
f  2068/2068/1118 2069/2069/1120 2065/2065/1017
f  2065/2065/1017 2069/2069/1120 2070/2070/1301
f  2065/2065/1017 2070/2070/1301 2066/2066/1302
f  2070/2070/1301 2069/2069/1120 2071/2071/1121
f  2070/2070/1301 2071/2071/1121 2072/2072/1127
f  2072/2072/1127 2071/2071/1121 2073/2073/1123
f  2070/2070/1301 2072/2072/1127 2074/2074/1303
f  2074/2074/1303 2072/2072/1127 2075/2075/1122
f  2070/2070/1301 2074/2074/1303 2076/2076/1297
f  2076/2076/1297 2074/2074/1303 2077/2077/1296
f  2078/2078/1300 2066/2066/1302 2070/2070/1301
f  2066/2066/1302 2078/2078/1300 2079/2079/1304
f  2066/2066/1302 2079/2079/1304 2067/2067/1024
f  2079/2079/1304 2078/2078/1300 2080/2080/1036
f  2067/2067/1024 2079/2079/1304 2081/2081/1029
f  2081/2081/1029 2079/2079/1304 2080/2080/1036
f  2081/2081/1029 2080/2080/1036 2082/2082/1032
f  2083/2083/1303 2084/2084/1122 2085/2085/1305
f  2083/2083/1303 2085/2085/1305 2086/2086/1306
f  2083/2083/1303 2086/2086/1306 2087/2087/1296
f  2085/2085/1305 2084/2084/1122 2088/2088/1305
f  2085/2085/1305 2088/2088/1305 2086/2086/1306
f  2087/2087/1296 2086/2086/1306 2089/2089/1307
f  2087/2087/1296 2089/2089/1307 2090/2090/1292
f  2090/2090/1292 2089/2089/1307 2091/2091/1292
f  2090/2090/1292 2091/2091/1292 2092/2092/1293
f  2092/2092/1293 2091/2091/1292 2093/2093/1308
f  2091/2091/1292 2089/2089/1307 2094/2094/1309
f  2091/2091/1292 2094/2094/1309 2093/2093/1308
f  2094/2094/1309 2089/2089/1307 2086/2086/1306
f  2093/2093/1308 2094/2094/1309 2095/2095/1310
f  2093/2093/1308 2095/2095/1310 2096/2096/1311
f  2094/2094/1309 2086/2086/1306 2097/2097/1312
f  2094/2094/1309 2097/2097/1312 2095/2095/1310
f  2097/2097/1312 2086/2086/1306 2088/2088/1305
f  2096/2096/1311 2095/2095/1310 2098/2098/1313
f  2098/2098/1313 2095/2095/1310 2099/2099/1314
f  2098/2098/1313 2099/2099/1314 2100/2100/1315
f  2099/2099/1314 2095/2095/1310 2101/2101/1316
f  2098/2098/1313 2100/2100/1315 2102/2102/1317
f  2098/2098/1313 2102/2102/1317 2103/2103/1318
f  2100/2100/1315 2099/2099/1314 2104/2104/1319
f  2104/2104/1319 2099/2099/1314 2101/2101/1316
f  2102/2102/1317 2100/2100/1315 2105/2105/1320
f  2100/2100/1315 2104/2104/1319 2106/2106/1321
f  2100/2100/1315 2106/2106/1321 2105/2105/1320
f  2102/2102/1317 2105/2105/1320 2107/2107/1322
f  2102/2102/1317 2107/2107/1322 2108/2108/1323
f  2108/2108/1323 2107/2107/1322 2109/2109/1324
f  2107/2107/1322 2105/2105/1320 2110/2110/1325
f  2110/2110/1325 2105/2105/1320 2106/2106/1321
f  2109/2109/1324 2107/2107/1322 2111/2111/1324
f  2111/2111/1324 2107/2107/1322 2110/2110/1325
f  2109/2109/1324 2111/2111/1324 2112/2112/1326
f  2112/2112/1326 2111/2111/1324 2113/2113/1327
f  2113/2113/1327 2111/2111/1324 2110/2110/1325
f  2112/2112/1326 2113/2113/1327 2114/2114/1328
f  2110/2110/1325 2106/2106/1321 2115/2115/1329
f  2110/2110/1325 2115/2115/1329 2113/2113/1327
f  2114/2114/1328 2113/2113/1327 2116/2116/1328
f  2116/2116/1328 2113/2113/1327 2115/2115/1329
f  2114/2114/1328 2116/2116/1328 2117/2117/1330
f  2116/2116/1328 2115/2115/1329 2118/2118/1331
f  2116/2116/1328 2118/2118/1331 2117/2117/1330
f  2115/2115/1329 2106/2106/1321 2119/2119/1332
f  2115/2115/1329 2119/2119/1332 2118/2118/1331
f  2114/2114/1328 2117/2117/1330 2120/2120/1333
f  2114/2114/1328 2120/2120/1333 2121/2121/1334
f  2121/2121/1334 2120/2120/1333 2122/2122/1335
f  2121/2121/1334 2122/2122/1335 2123/2123/1336
f  2120/2120/1333 2117/2117/1330 2124/2124/1337
f  2124/2124/1337 2117/2117/1330 2125/2125/1338
f  2125/2125/1338 2117/2117/1330 2118/2118/1331
f  2125/2125/1338 2118/2118/1331 2126/2126/1339
f  2126/2126/1339 2118/2118/1331 2119/2119/1332
f  2125/2125/1338 2126/2126/1339 2127/2127/80
f  2126/2126/1339 2119/2119/1332 2128/2128/1340
f  2126/2126/1339 2128/2128/1340 2127/2127/80
f  2127/2127/80 2128/2128/1340 2129/2129/1341
f  2129/2129/1341 2128/2128/1340 2119/2119/1332
f  2127/2127/80 2129/2129/1341 2130/2130/574
f  2131/2131/1342 2119/2119/1332 2106/2106/1321
f  2119/2119/1332 2131/2131/1342 2129/2129/1341
f  2131/2131/1342 2106/2106/1321 2104/2104/1319
f  2131/2131/1342 2104/2104/1319 2132/2132/1343
f  2131/2131/1342 2132/2132/1343 2129/2129/1341
f  2132/2132/1343 2104/2104/1319 2101/2101/1316
f  2130/2130/574 2129/2129/1341 2133/2133/1344
f  2130/2130/574 2133/2133/1344 2134/2134/574
f  2129/2129/1341 2132/2132/1343 2135/2135/1345
f  2129/2129/1341 2135/2135/1345 2133/2133/1344
f  2135/2135/1345 2132/2132/1343 2101/2101/1316
f  2134/2134/574 2133/2133/1344 2136/2136/1346
f  2136/2136/1346 2133/2133/1344 2135/2135/1345
f  2134/2134/574 2136/2136/1346 2137/2137/1218
f  2137/2137/1218 2136/2136/1346 2138/2138/1063
f  2138/2138/1063 2136/2136/1346 2139/2139/1347
f  2136/2136/1346 2135/2135/1345 2140/2140/1348
f  2136/2136/1346 2140/2140/1348 2139/2139/1347
f  2138/2138/1063 2139/2139/1347 2141/2141/1349
f  2138/2138/1063 2141/2141/1349 2142/2142/1212
f  2141/2141/1349 2139/2139/1347 2143/2143/1350
f  2142/2142/1212 2141/2141/1349 2144/2144/1213
f  2141/2141/1349 2143/2143/1350 2145/2145/1351
f  2141/2141/1349 2145/2145/1351 2144/2144/1213
f  2143/2143/1350 2139/2139/1347 2146/2146/1352
f  2146/2146/1352 2139/2139/1347 2140/2140/1348
f  2143/2143/1350 2146/2146/1352 2145/2145/1351
f  2146/2146/1352 2140/2140/1348 2147/2147/1353
f  2145/2145/1351 2146/2146/1352 2148/2148/1354
f  2148/2148/1354 2146/2146/1352 2147/2147/1353
f  2147/2147/1353 2140/2140/1348 2149/2149/1355
f  2149/2149/1355 2140/2140/1348 2135/2135/1345
f  2149/2149/1355 2135/2135/1345 2150/2150/1356
f  2147/2147/1353 2149/2149/1355 2151/2151/1357
f  2151/2151/1357 2149/2149/1355 2150/2150/1356
f  2150/2150/1356 2135/2135/1345 2152/2152/1348
f  2150/2150/1356 2152/2152/1348 2151/2151/1357
f  2152/2152/1348 2135/2135/1345 2101/2101/1316
f  2147/2147/1353 2151/2151/1357 2153/2153/1358
f  2147/2147/1353 2153/2153/1358 2148/2148/1354
f  2151/2151/1357 2152/2152/1348 2154/2154/1359
f  2152/2152/1348 2101/2101/1316 2155/2155/1360
f  2152/2152/1348 2155/2155/1360 2154/2154/1359
f  2155/2155/1360 2101/2101/1316 2156/2156/1361
f  2156/2156/1361 2101/2101/1316 2095/2095/1310
f  2154/2154/1359 2155/2155/1360 2157/2157/1362
f  2157/2157/1362 2155/2155/1360 2156/2156/1361
f  2154/2154/1359 2157/2157/1362 2158/2158/1363
f  2158/2158/1363 2157/2157/1362 2156/2156/1361
f  2159/2159/1364 2151/2151/1357 2154/2154/1359
f  2151/2151/1357 2159/2159/1364 2153/2153/1358
f  2159/2159/1364 2154/2154/1359 2158/2158/1363
f  2156/2156/1361 2095/2095/1310 2097/2097/1312
f  2158/2158/1363 2156/2156/1361 2160/2160/1365
f  2160/2160/1365 2156/2156/1361 2097/2097/1312
f  2160/2160/1365 2097/2097/1312 2158/2158/1363
f  2158/2158/1363 2097/2097/1312 2161/2161/1366
f  2158/2158/1363 2161/2161/1366 2159/2159/1364
f  2161/2161/1366 2097/2097/1312 2088/2088/1305
f  2159/2159/1364 2161/2161/1366 2162/2162/772
f  2162/2162/772 2161/2161/1366 2088/2088/1305
f  2159/2159/1364 2162/2162/772 2153/2153/1358
f  2153/2153/1358 2162/2162/772 2163/2163/1367
f  2163/2163/1367 2162/2162/772 2088/2088/1305
f  2153/2153/1358 2163/2163/1367 2148/2148/1354
f  2163/2163/1367 2088/2088/1305 2164/2164/1368
f  2163/2163/1367 2164/2164/1368 2148/2148/1354
f  2164/2164/1368 2088/2088/1305 2084/2084/1122
f  2148/2148/1354 2164/2164/1368 2145/2145/1351
f  2164/2164/1368 2084/2084/1122 2165/2165/1126
f  2145/2145/1351 2164/2164/1368 2166/2166/437
f  2166/2166/437 2164/2164/1368 2165/2165/1126
f  2145/2145/1351 2166/2166/437 2144/2144/1213
f  2166/2166/437 2165/2165/1126 2167/2167/1369
f  2166/2166/437 2167/2167/1369 2144/2144/1213
f  2167/2167/1369 2165/2165/1126 2168/2168/1124
f  2144/2144/1213 2167/2167/1369 2169/2169/1210
f  2167/2167/1369 2168/2168/1124 2170/2170/1125
f  2167/2167/1369 2170/2170/1125 2169/2169/1210
f  2171/2171/1192 2172/2172/1154 2173/2173/1370
f  2171/2171/1192 2173/2173/1370 2174/2174/1193
f  2173/2173/1370 2172/2172/1154 2175/2175/1152
f  2174/2174/1193 2173/2173/1370 2176/2176/1195
f  2176/2176/1195 2173/2173/1370 2177/2177/1371
f  2176/2176/1195 2177/2177/1371 2178/2178/1197
f  2173/2173/1370 2175/2175/1152 2179/2179/1372
f  2173/2173/1370 2179/2179/1372 2177/2177/1371
f  2179/2179/1372 2175/2175/1152 2180/2180/1373
f  2180/2180/1373 2175/2175/1152 2181/2181/1153
f  2177/2177/1371 2179/2179/1372 2182/2182/1374
f  2178/2178/1197 2177/2177/1371 2183/2183/1375
f  2183/2183/1375 2177/2177/1371 2182/2182/1374
f  2178/2178/1197 2183/2183/1375 2184/2184/1376
f  2182/2182/1374 2179/2179/1372 2185/2185/1197
f  2182/2182/1374 2185/2185/1197 2183/2183/1375
f  2185/2185/1197 2179/2179/1372 2180/2180/1373
f  2183/2183/1375 2185/2185/1197 2186/2186/1377
f  2185/2185/1197 2180/2180/1373 2187/2187/1378
f  2186/2186/1377 2185/2185/1197 2188/2188/1379
f  2188/2188/1379 2185/2185/1197 2187/2187/1378
f  2187/2187/1378 2180/2180/1373 2189/2189/1380
f  2187/2187/1378 2189/2189/1380 2188/2188/1379
f  2190/2190/1381 2180/2180/1373 2181/2181/1153
f  2180/2180/1373 2190/2190/1381 2189/2189/1380
f  2190/2190/1381 2181/2181/1153 2191/2191/1148
f  2191/2191/1148 2181/2181/1153 2192/2192/1147
f  2189/2189/1380 2190/2190/1381 2193/2193/1382
f  2193/2193/1382 2190/2190/1381 2191/2191/1148
f  2194/2194/1145 2195/2195/1146 2191/2191/1148
f  2191/2191/1148 2195/2195/1146 2193/2193/1382
f  2193/2193/1382 2195/2195/1146 2196/2196/1383
f  2196/2196/1383 2195/2195/1146 2197/2197/1150
f  2189/2189/1380 2193/2193/1382 2198/2198/1384
f  2193/2193/1382 2196/2196/1383 2199/2199/1385
f  2193/2193/1382 2199/2199/1385 2198/2198/1384
f  2196/2196/1383 2197/2197/1150 2200/2200/1386
f  2200/2200/1386 2197/2197/1150 2201/2201/1387
f  2201/2201/1387 2197/2197/1150 2202/2202/1151
f  2196/2196/1383 2200/2200/1386 2203/2203/1388
f  2196/2196/1383 2203/2203/1388 2199/2199/1385
f  2203/2203/1388 2200/2200/1386 2204/2204/1389
f  2204/2204/1389 2200/2200/1386 2201/2201/1387
f  2199/2199/1385 2203/2203/1388 2205/2205/1390
f  2205/2205/1390 2203/2203/1388 2204/2204/1389
f  2199/2199/1385 2205/2205/1390 2206/2206/1391
f  2206/2206/1391 2205/2205/1390 2204/2204/1389
f  2199/2199/1385 2206/2206/1391 2198/2198/1384
f  2207/2207/1157 2201/2201/1387 2202/2202/1151
f  2208/2208/1392 2189/2189/1380 2198/2198/1384
f  2189/2189/1380 2208/2208/1392 2188/2188/1379
f  2198/2198/1384 2206/2206/1391 2209/2209/1393
f  2198/2198/1384 2209/2209/1393 2208/2208/1392
f  2209/2209/1393 2206/2206/1391 2210/2210/1394
f  2210/2210/1394 2206/2206/1391 2211/2211/1387
f  2211/2211/1387 2206/2206/1391 2204/2204/1389
f  2209/2209/1393 2210/2210/1394 2212/2212/1395
f  2209/2209/1393 2212/2212/1395 2208/2208/1392
f  2210/2210/1394 2211/2211/1387 2213/2213/1396
f  2210/2210/1394 2213/2213/1396 2212/2212/1395
f  2211/2211/1387 2204/2204/1389 2214/2214/1387
f  2214/2214/1387 2204/2204/1389 2201/2201/1387
f  2211/2211/1387 2214/2214/1387 2215/2215/1387
f  2211/2211/1387 2215/2215/1387 2213/2213/1396
f  2214/2214/1387 2201/2201/1387 2216/2216/1387
f  2214/2214/1387 2216/2216/1387 2215/2215/1387
f  2216/2216/1387 2201/2201/1387 2207/2207/1157
f  2217/2217/1156 2218/2218/1156 2207/2207/1157
f  2207/2207/1157 2218/2218/1156 2219/2219/1397
f  2219/2219/1397 2218/2218/1156 2220/2220/1158
f  2219/2219/1397 2220/2220/1158 2221/2221/1160
f  2219/2219/1397 2221/2221/1160 2222/2222/1163
f  2207/2207/1157 2219/2219/1397 2223/2223/1398
f  2207/2207/1157 2223/2223/1398 2216/2216/1387
f  2223/2223/1398 2219/2219/1397 2224/2224/1399
f  2224/2224/1399 2219/2219/1397 2222/2222/1163
f  2216/2216/1387 2223/2223/1398 2225/2225/1400
f  2225/2225/1400 2223/2223/1398 2224/2224/1399
f  2216/2216/1387 2225/2225/1400 2226/2226/1387
f  2216/2216/1387 2226/2226/1387 2215/2215/1387
f  2225/2225/1400 2224/2224/1399 2227/2227/1401
f  2225/2225/1400 2227/2227/1401 2226/2226/1387
f  2227/2227/1401 2224/2224/1399 2228/2228/1402
f  2215/2215/1387 2226/2226/1387 2229/2229/1403
f  2226/2226/1387 2227/2227/1401 2230/2230/1404
f  2226/2226/1387 2230/2230/1404 2229/2229/1403
f  2230/2230/1404 2227/2227/1401 2228/2228/1402
f  2215/2215/1387 2229/2229/1403 2213/2213/1396
f  2229/2229/1403 2230/2230/1404 2231/2231/1405
f  2231/2231/1405 2230/2230/1404 2228/2228/1402
f  2213/2213/1396 2229/2229/1403 2232/2232/1158
f  2232/2232/1158 2229/2229/1403 2231/2231/1405
f  2233/2233/1406 2228/2228/1402 2224/2224/1399
f  2233/2233/1406 2224/2224/1399 2222/2222/1163
f  2231/2231/1405 2228/2228/1402 2234/2234/1407
f  2228/2228/1402 2233/2233/1406 2235/2235/1408
f  2228/2228/1402 2235/2235/1408 2234/2234/1407
f  2231/2231/1405 2234/2234/1407 2236/2236/1409
f  2231/2231/1405 2236/2236/1409 2232/2232/1158
f  2234/2234/1407 2235/2235/1408 2237/2237/1410
f  2234/2234/1407 2237/2237/1410 2236/2236/1409
f  2233/2233/1406 2222/2222/1163 2238/2238/1411
f  2233/2233/1406 2238/2238/1411 2235/2235/1408
f  2239/2239/1162 2240/2240/1185 2222/2222/1163
f  2222/2222/1163 2240/2240/1185 2238/2238/1411
f  2241/2241/1184 2242/2242/1182 2240/2240/1185
f  2240/2240/1185 2242/2242/1182 2238/2238/1411
f  2238/2238/1411 2242/2242/1182 2243/2243/848
f  2243/2243/848 2242/2242/1182 2244/2244/848
f  2244/2244/848 2242/2242/1182 2245/2245/1181
f  2244/2244/848 2245/2245/1181 2246/2246/848
f  2243/2243/848 2244/2244/848 2247/2247/1412
f  2243/2243/848 2247/2247/1412 2238/2238/1411
f  2244/2244/848 2246/2246/848 2248/2248/1271
f  2244/2244/848 2248/2248/1271 2247/2247/1412
f  2249/2249/1271 2250/2250/1273 2246/2246/848
f  2246/2246/848 2250/2250/1273 2248/2248/1271
f  2248/2248/1271 2250/2250/1273 2251/2251/1272
f  2248/2248/1271 2251/2251/1272 2252/2252/1268
f  2248/2248/1271 2252/2252/1268 2253/2253/483
f  2248/2248/1271 2253/2253/483 2247/2247/1412
f  2253/2253/483 2252/2252/1268 2254/2254/1269
f  2247/2247/1412 2253/2253/483 2255/2255/1413
f  2253/2253/483 2254/2254/1269 2256/2256/1265
f  2256/2256/1265 2254/2254/1269 2257/2257/1114
f  2256/2256/1265 2257/2257/1114 2258/2258/1265
f  2253/2253/483 2256/2256/1265 2259/2259/1114
f  2253/2253/483 2259/2259/1114 2255/2255/1413
f  2247/2247/1412 2255/2255/1413 2260/2260/1414
f  2260/2260/1414 2255/2255/1413 2259/2259/1114
f  2247/2247/1412 2260/2260/1414 2238/2238/1411
f  2238/2238/1411 2260/2260/1414 2235/2235/1408
f  2235/2235/1408 2260/2260/1414 2259/2259/1114
f  2259/2259/1114 2256/2256/1265 2261/2261/1415
f  2259/2259/1114 2261/2261/1415 2235/2235/1408
f  2261/2261/1415 2256/2256/1265 2262/2262/1265
f  2261/2261/1415 2262/2262/1265 2263/2263/164
f  2235/2235/1408 2261/2261/1415 2264/2264/1416
f  2264/2264/1416 2261/2261/1415 2263/2263/164
f  2264/2264/1416 2263/2263/164 2265/2265/1417
f  2235/2235/1408 2264/2264/1416 2237/2237/1410
f  2237/2237/1410 2264/2264/1416 2265/2265/1417
f  2237/2237/1410 2265/2265/1417 2266/2266/1418
f  2237/2237/1410 2266/2266/1418 2267/2267/1419
f  2237/2237/1410 2267/2267/1419 2236/2236/1409
f  2236/2236/1409 2267/2267/1419 2268/2268/1420
f  2236/2236/1409 2268/2268/1420 2269/2269/1421
f  2268/2268/1420 2267/2267/1419 2270/2270/1422
f  2268/2268/1420 2270/2270/1422 2269/2269/1421
f  2270/2270/1422 2267/2267/1419 2271/2271/1423
f  2236/2236/1409 2269/2269/1421 2232/2232/1158
f  2270/2270/1422 2271/2271/1423 2272/2272/1424
f  2270/2270/1422 2272/2272/1424 2273/2273/1425
f  2270/2270/1422 2273/2273/1425 2269/2269/1421
f  2273/2273/1425 2272/2272/1424 2274/2274/1424
f  2232/2232/1158 2269/2269/1421 2275/2275/1426
f  2275/2275/1426 2269/2269/1421 2273/2273/1425
f  2232/2232/1158 2275/2275/1426 2213/2213/1396
f  2213/2213/1396 2275/2275/1426 2276/2276/1158
f  2213/2213/1396 2276/2276/1158 2212/2212/1395
f  2212/2212/1395 2276/2276/1158 2277/2277/1427
f  2212/2212/1395 2277/2277/1427 2208/2208/1392
f  2276/2276/1158 2275/2275/1426 2278/2278/1428
f  2276/2276/1158 2278/2278/1428 2277/2277/1427
f  2275/2275/1426 2273/2273/1425 2279/2279/1429
f  2275/2275/1426 2279/2279/1429 2278/2278/1428
f  2279/2279/1429 2273/2273/1425 2280/2280/1430
f  2280/2280/1430 2273/2273/1425 2274/2274/1424
f  2278/2278/1428 2279/2279/1429 2281/2281/1431
f  2281/2281/1431 2279/2279/1429 2280/2280/1430
f  2277/2277/1427 2278/2278/1428 2282/2282/1432
f  2282/2282/1432 2278/2278/1428 2281/2281/1431
f  2277/2277/1427 2282/2282/1432 2208/2208/1392
f  2282/2282/1432 2281/2281/1431 2283/2283/1433
f  2283/2283/1433 2281/2281/1431 2280/2280/1430
f  2282/2282/1432 2283/2283/1433 2284/2284/1434
f  2284/2284/1434 2283/2283/1433 2280/2280/1430
f  2282/2282/1432 2284/2284/1434 2208/2208/1392
f  2285/2285/1435 2280/2280/1430 2274/2274/1424
f  2285/2285/1435 2274/2274/1424 2286/2286/1436
f  2280/2280/1430 2285/2285/1435 2287/2287/1437
f  2280/2280/1430 2287/2287/1437 2284/2284/1434
f  2287/2287/1437 2285/2285/1435 2288/2288/1438
f  2287/2287/1437 2288/2288/1438 2284/2284/1434
f  2208/2208/1392 2284/2284/1434 2289/2289/1439
f  2208/2208/1392 2289/2289/1439 2290/2290/1440
f  2290/2290/1440 2289/2289/1439 2291/2291/1441
f  2208/2208/1392 2290/2290/1440 2188/2188/1379
f  2290/2290/1440 2291/2291/1441 2292/2292/744
f  2188/2188/1379 2290/2290/1440 2186/2186/1377
f  2186/2186/1377 2290/2290/1440 2292/2292/744
f  2293/2293/1296 2294/2294/1292 2295/2295/1292
f  2295/2295/1292 2294/2294/1292 2296/2296/1293
f  2296/2296/1293 2294/2294/1292 2297/2297/1293
f  2296/2296/1293 2297/2297/1293 2298/2298/1442
f  2296/2296/1293 2298/2298/1442 2299/2299/1443
f  2298/2298/1442 2297/2297/1293 2300/2300/1444
f  2298/2298/1442 2300/2300/1444 2299/2299/1443
f  2300/2300/1444 2297/2297/1293 2301/2301/1308
f  2296/2296/1293 2299/2299/1443 2302/2302/1290
f  2300/2300/1444 2301/2301/1308 2303/2303/1445
f  2303/2303/1445 2301/2301/1308 2304/2304/1311
f  2303/2303/1445 2304/2304/1311 2305/2305/1318
f  2305/2305/1318 2304/2304/1311 2306/2306/1313
f  2302/2302/1290 2299/2299/1443 2307/2307/1446
f  2303/2303/1445 2305/2305/1318 2308/2308/1447
f  2302/2302/1290 2307/2307/1446 2309/2309/1288
f  2308/2308/1447 2305/2305/1318 2310/2310/1317
f  2311/2311/1448 2299/2299/1443 2300/2300/1444
f  2311/2311/1448 2300/2300/1444 2303/2303/1445
f  2299/2299/1443 2311/2311/1448 2307/2307/1446
f  2311/2311/1448 2303/2303/1445 2308/2308/1447
f  2309/2309/1288 2307/2307/1446 2312/2312/1449
f  2309/2309/1288 2312/2312/1449 2313/2313/1175
f  2307/2307/1446 2311/2311/1448 2314/2314/1450
f  2314/2314/1450 2311/2311/1448 2308/2308/1447
f  2312/2312/1449 2307/2307/1446 2315/2315/1451
f  2315/2315/1451 2307/2307/1446 2314/2314/1450
f  2313/2313/1175 2312/2312/1449 2316/2316/1286
f  2313/2313/1175 2316/2316/1286 2317/2317/1285
f  2312/2312/1449 2315/2315/1451 2318/2318/1452
f  2312/2312/1449 2318/2318/1452 2316/2316/1286
f  2315/2315/1451 2314/2314/1450 2319/2319/1453
f  2318/2318/1452 2315/2315/1451 2320/2320/997
f  2320/2320/997 2315/2315/1451 2319/2319/1453
f  2319/2319/1453 2314/2314/1450 2321/2321/1454
f  2321/2321/1454 2314/2314/1450 2308/2308/1447
f  2320/2320/997 2319/2319/1453 2322/2322/1228
f  2322/2322/1228 2319/2319/1453 2321/2321/1454
f  2318/2318/1452 2320/2320/997 2323/2323/1455
f  2324/2324/1456 2316/2316/1286 2318/2318/1452
f  2324/2324/1456 2318/2318/1452 2323/2323/1455
f  2316/2316/1286 2324/2324/1456 2325/2325/1003
f  2323/2323/1455 2320/2320/997 2326/2326/42
f  2326/2326/42 2320/2320/997 2322/2322/1228
f  2324/2324/1456 2323/2323/1455 2327/2327/1457
f  2324/2324/1456 2327/2327/1457 2325/2325/1003
f  2327/2327/1457 2323/2323/1455 2328/2328/1458
f  2328/2328/1458 2323/2323/1455 2326/2326/42
f  2327/2327/1457 2328/2328/1458 2329/2329/1459
f  2327/2327/1457 2329/2329/1459 2325/2325/1003
f  2330/2330/1284 2316/2316/1286 2325/2325/1003
f  2330/2330/1284 2325/2325/1003 2331/2331/1237
f  2331/2331/1237 2325/2325/1003 2332/2332/1460
f  2332/2332/1460 2325/2325/1003 2329/2329/1459
f  2330/2330/1284 2331/2331/1237 2333/2333/1461
f  2333/2333/1461 2331/2331/1237 2332/2332/1460
f  2334/2334/1462 2329/2329/1459 2328/2328/1458
f  2332/2332/1460 2329/2329/1459 2335/2335/1463
f  2332/2332/1460 2335/2335/1463 2333/2333/1461
f  2329/2329/1459 2334/2334/1462 2336/2336/1464
f  2329/2329/1459 2336/2336/1464 2335/2335/1463
f  2334/2334/1462 2328/2328/1458 2337/2337/1465
f  2334/2334/1462 2337/2337/1465 2336/2336/1464
f  2337/2337/1465 2328/2328/1458 2326/2326/42
f  2338/2338/1284 2330/2330/1284 2333/2333/1461
f  2330/2330/1284 2338/2338/1284 2339/2339/177
f  2335/2335/1463 2336/2336/1464 2340/2340/1466
f  2340/2340/1466 2336/2336/1464 2337/2337/1465
f  2341/2341/1467 2333/2333/1461 2335/2335/1463
f  2341/2341/1467 2335/2335/1463 2340/2340/1466
f  2338/2338/1284 2333/2333/1461 2342/2342/1468
f  2342/2342/1468 2333/2333/1461 2341/2341/1467
f  2339/2339/177 2338/2338/1284 2343/2343/1469
f  2343/2343/1469 2338/2338/1284 2342/2342/1468
f  2342/2342/1468 2341/2341/1467 2344/2344/1470
f  2342/2342/1468 2344/2344/1470 2343/2343/1469
f  2341/2341/1467 2340/2340/1466 2345/2345/1471
f  2341/2341/1467 2345/2345/1471 2344/2344/1470
f  2345/2345/1471 2340/2340/1466 2346/2346/1472
f  2346/2346/1472 2340/2340/1466 2337/2337/1465
f  2344/2344/1470 2345/2345/1471 2347/2347/1473
f  2344/2344/1470 2347/2347/1473 2343/2343/1469
f  2347/2347/1473 2345/2345/1471 2346/2346/1472
f  2348/2348/1255 2339/2339/177 2343/2343/1469
f  2339/2339/177 2348/2348/1255 2349/2349/1283
f  2343/2343/1469 2347/2347/1473 2350/2350/1258
f  2343/2343/1469 2350/2350/1258 2348/2348/1255
f  2348/2348/1255 2350/2350/1258 2351/2351/1257
f  2348/2348/1255 2351/2351/1257 2352/2352/1254
f  2350/2350/1258 2347/2347/1473 2353/2353/1474
f  2353/2353/1474 2347/2347/1473 2346/2346/1472
f  2350/2350/1258 2353/2353/1474 2354/2354/1261
f  2354/2354/1261 2353/2353/1474 2355/2355/730
f  2355/2355/730 2353/2353/1474 2356/2356/730
f  2355/2355/730 2356/2356/730 2357/2357/1475
f  2353/2353/1474 2346/2346/1472 2358/2358/1476
f  2353/2353/1474 2358/2358/1476 2356/2356/730
f  2358/2358/1476 2346/2346/1472 2359/2359/45
f  2359/2359/45 2346/2346/1472 2337/2337/1465
f  2359/2359/45 2337/2337/1465 2326/2326/42
f  2358/2358/1476 2359/2359/45 2360/2360/45
f  2360/2360/45 2359/2359/45 2326/2326/42
f  2356/2356/730 2358/2358/1476 2361/2361/1477
f  2361/2361/1477 2358/2358/1476 2360/2360/45
f  2362/2362/1478 2357/2357/1475 2356/2356/730
f  2362/2362/1478 2356/2356/730 2361/2361/1477
f  2357/2357/1475 2362/2362/1478 2363/2363/1479
f  2357/2357/1475 2363/2363/1479 2364/2364/1480
f  2363/2363/1479 2362/2362/1478 2365/2365/1481
f  2365/2365/1481 2362/2362/1478 2361/2361/1477
f  2363/2363/1479 2365/2365/1481 2366/2366/1482
f  2363/2363/1479 2366/2366/1482 2367/2367/1483
f  2367/2367/1483 2366/2366/1482 2368/2368/1484
f  2368/2368/1484 2366/2366/1482 2369/2369/1335
f  2369/2369/1335 2366/2366/1482 2370/2370/1336
f  2370/2370/1336 2366/2366/1482 2371/2371/1485
f  2371/2371/1485 2366/2366/1482 2365/2365/1481
f  2370/2370/1336 2371/2371/1485 2372/2372/1334
f  2372/2372/1334 2371/2371/1485 2373/2373/1328
f  2373/2373/1328 2371/2371/1485 2374/2374/1326
f  2371/2371/1485 2365/2365/1481 2375/2375/1486
f  2375/2375/1486 2365/2365/1481 2361/2361/1477
f  2374/2374/1326 2371/2371/1485 2376/2376/1487
f  2376/2376/1487 2371/2371/1485 2375/2375/1486
f  2374/2374/1326 2376/2376/1487 2377/2377/1324
f  2376/2376/1487 2375/2375/1486 2378/2378/1488
f  2378/2378/1488 2375/2375/1486 2361/2361/1477
f  2376/2376/1487 2378/2378/1488 2377/2377/1324
f  2377/2377/1324 2378/2378/1488 2379/2379/1489
f  2377/2377/1324 2379/2379/1489 2380/2380/1323
f  2380/2380/1323 2379/2379/1489 2310/2310/1317
f  2310/2310/1317 2379/2379/1489 2308/2308/1447
f  2379/2379/1489 2378/2378/1488 2381/2381/1490
f  2379/2379/1489 2381/2381/1490 2308/2308/1447
f  2381/2381/1490 2378/2378/1488 2361/2361/1477
f  2308/2308/1447 2381/2381/1490 2321/2321/1454
f  2381/2381/1490 2361/2361/1477 2382/2382/1491
f  2382/2382/1491 2361/2361/1477 2360/2360/45
f  2382/2382/1491 2360/2360/45 2383/2383/1492
f  2382/2382/1491 2383/2383/1492 2381/2381/1490
f  2383/2383/1492 2360/2360/45 2326/2326/42
f  2321/2321/1454 2381/2381/1490 2384/2384/1493
f  2384/2384/1493 2381/2381/1490 2383/2383/1492
f  2384/2384/1493 2383/2383/1492 2326/2326/42
f  2321/2321/1454 2384/2384/1493 2322/2322/1228
f  2322/2322/1228 2384/2384/1493 2326/2326/42
f  2385/2385/1196 2386/2386/1197 2387/2387/1376
f  2385/2385/1196 2387/2387/1376 2388/2388/807
f  2389/2389/1375 2390/2390/1377 2387/2387/1376
f  2387/2387/1376 2390/2390/1377 2391/2391/744
f  2388/2388/807 2387/2387/1376 2392/2392/1494
f  2392/2392/1494 2387/2387/1376 2391/2391/744
f  2388/2388/807 2392/2392/1494 2393/2393/807
f  2393/2393/807 2392/2392/1494 2394/2394/56
f  2393/2393/807 2394/2394/56 2395/2395/1216
f  2395/2395/1216 2394/2394/56 2396/2396/1217
f  2396/2396/1217 2394/2394/56 2397/2397/1495
f  2396/2396/1217 2397/2397/1495 2398/2398/574
f  2398/2398/574 2397/2397/1495 2399/2399/1496
f  2399/2399/1496 2397/2397/1495 2394/2394/56
f  2398/2398/574 2399/2399/1496 2400/2400/574
f  2401/2401/818 2394/2394/56 2392/2392/1494
f  2401/2401/818 2392/2392/1494 2391/2391/744
f  2394/2394/56 2401/2401/818 2399/2399/1496
f  2400/2400/574 2399/2399/1496 2402/2402/80
f  2401/2401/818 2391/2391/744 2403/2403/1497
f  2403/2403/1497 2391/2391/744 2404/2404/1441
f  2399/2399/1496 2401/2401/818 2405/2405/1498
f  2405/2405/1498 2401/2401/818 2403/2403/1497
f  2402/2402/80 2399/2399/1496 2406/2406/1499
f  2403/2403/1497 2404/2404/1441 2407/2407/1500
f  2407/2407/1500 2404/2404/1441 2408/2408/1439
f  2405/2405/1498 2403/2403/1497 2409/2409/1501
f  2409/2409/1501 2403/2403/1497 2407/2407/1500
f  2399/2399/1496 2405/2405/1498 2410/2410/1502
f  2410/2410/1502 2405/2405/1498 2409/2409/1501
f  2399/2399/1496 2410/2410/1502 2406/2406/1499
f  2410/2410/1502 2409/2409/1501 2411/2411/1503
f  2411/2411/1503 2409/2409/1501 2407/2407/1500
f  2410/2410/1502 2411/2411/1503 2406/2406/1499
f  2412/2412/1504 2407/2407/1500 2408/2408/1439
f  2407/2407/1500 2412/2412/1504 2411/2411/1503
f  2412/2412/1504 2408/2408/1439 2413/2413/1434
f  2406/2406/1499 2411/2411/1503 2414/2414/1505
f  2414/2414/1505 2411/2411/1503 2412/2412/1504
f  2415/2415/1506 2402/2402/80 2406/2406/1499
f  2402/2402/80 2415/2415/1506 2416/2416/1338
f  2415/2415/1506 2406/2406/1499 2417/2417/1507
f  2417/2417/1507 2406/2406/1499 2414/2414/1505
f  2415/2415/1506 2417/2417/1507 2418/2418/1508
f  2415/2415/1506 2418/2418/1508 2416/2416/1338
f  2418/2418/1508 2417/2417/1507 2414/2414/1505
f  2416/2416/1338 2418/2418/1508 2419/2419/1509
f  2419/2419/1509 2418/2418/1508 2414/2414/1505
f  2416/2416/1338 2419/2419/1509 2420/2420/1337
f  2420/2420/1337 2419/2419/1509 2421/2421/1510
f  2420/2420/1337 2421/2421/1510 2422/2422/1333
f  2422/2422/1333 2421/2421/1510 2423/2423/1511
f  2423/2423/1511 2421/2421/1510 2419/2419/1509
f  2422/2422/1333 2423/2423/1511 2424/2424/1335
f  2424/2424/1335 2423/2423/1511 2425/2425/1512
f  2423/2423/1511 2419/2419/1509 2426/2426/1513
f  2423/2423/1511 2426/2426/1513 2425/2425/1512
f  2426/2426/1513 2419/2419/1509 2414/2414/1505
f  2424/2424/1335 2425/2425/1512 2427/2427/1484
f  2427/2427/1484 2425/2425/1512 2426/2426/1513
f  2424/2424/1335 2427/2427/1484 2428/2428/1484
f  2426/2426/1513 2414/2414/1505 2429/2429/1514
f  2428/2428/1484 2427/2427/1484 2430/2430/1484
f  2428/2428/1484 2430/2430/1484 2431/2431/1483
f  2431/2431/1483 2430/2430/1484 2432/2432/1515
f  2430/2430/1484 2427/2427/1484 2433/2433/1516
f  2430/2430/1484 2433/2433/1516 2432/2432/1515
f  2431/2431/1483 2432/2432/1515 2434/2434/1517
f  2434/2434/1517 2432/2432/1515 2433/2433/1516
f  2431/2431/1483 2434/2434/1517 2435/2435/1479
f  2435/2435/1479 2434/2434/1517 2436/2436/1480
f  2437/2437/1518 2427/2427/1484 2426/2426/1513
f  2427/2427/1484 2437/2437/1518 2433/2433/1516
f  2437/2437/1518 2426/2426/1513 2438/2438/1519
f  2438/2438/1519 2426/2426/1513 2429/2429/1514
f  2433/2433/1516 2437/2437/1518 2439/2439/1520
f  2440/2440/1521 2434/2434/1517 2433/2433/1516
f  2440/2440/1521 2433/2433/1516 2439/2439/1520
f  2439/2439/1520 2437/2437/1518 2441/2441/1519
f  2441/2441/1519 2437/2437/1518 2438/2438/1519
f  2440/2440/1521 2439/2439/1520 2442/2442/1522
f  2440/2440/1521 2442/2442/1522 2434/2434/1517
f  2439/2439/1520 2441/2441/1519 2443/2443/1523
f  2439/2439/1520 2443/2443/1523 2442/2442/1522
f  2443/2443/1523 2441/2441/1519 2444/2444/1524
f  2443/2443/1523 2444/2444/1524 2442/2442/1522
f  2441/2441/1519 2438/2438/1519 2445/2445/1519
f  2441/2441/1519 2445/2445/1519 2444/2444/1524
f  2442/2442/1522 2444/2444/1524 2446/2446/1525
f  2444/2444/1524 2445/2445/1519 2447/2447/1526
f  2444/2444/1524 2447/2447/1526 2446/2446/1525
f  2448/2448/1527 2434/2434/1517 2442/2442/1522
f  2448/2448/1527 2442/2442/1522 2446/2446/1525
f  2445/2445/1519 2438/2438/1519 2449/2449/1425
f  2450/2450/1528 2438/2438/1519 2429/2429/1514
f  2438/2438/1519 2450/2450/1528 2449/2449/1425
f  2450/2450/1528 2429/2429/1514 2414/2414/1505
f  2445/2445/1519 2449/2449/1425 2451/2451/1519
f  2445/2445/1519 2451/2451/1519 2447/2447/1526
f  2450/2450/1528 2414/2414/1505 2452/2452/1529
f  2450/2450/1528 2452/2452/1529 2449/2449/1425
f  2452/2452/1529 2414/2414/1505 2412/2412/1504
f  2449/2449/1425 2452/2452/1529 2453/2453/1435
f  2449/2449/1425 2453/2453/1435 2451/2451/1519
f  2452/2452/1529 2412/2412/1504 2454/2454/1530
f  2452/2452/1529 2454/2454/1530 2453/2453/1435
f  2451/2451/1519 2453/2453/1435 2455/2455/1429
f  2455/2455/1429 2453/2453/1435 2454/2454/1530
f  2455/2455/1429 2454/2454/1530 2456/2456/1531
f  2456/2456/1531 2454/2454/1530 2412/2412/1504
f  2456/2456/1531 2412/2412/1504 2457/2457/1532
f  2457/2457/1532 2412/2412/1504 2413/2413/1434
f  2457/2457/1532 2413/2413/1434 2458/2458/1438
f  2456/2456/1531 2457/2457/1532 2459/2459/1533
f  2456/2456/1531 2459/2459/1533 2455/2455/1429
f  2457/2457/1532 2458/2458/1438 2460/2460/1436
f  2457/2457/1532 2460/2460/1436 2459/2459/1533
f  2460/2460/1436 2458/2458/1438 2461/2461/1435
f  2455/2455/1429 2459/2459/1533 2462/2462/1519
f  2462/2462/1519 2459/2459/1533 2460/2460/1436
f  2455/2455/1429 2462/2462/1519 2451/2451/1519
f  2462/2462/1519 2460/2460/1436 2463/2463/1424
f  2462/2462/1519 2463/2463/1424 2464/2464/1424
f  2462/2462/1519 2464/2464/1424 2465/2465/1423
f  2451/2451/1519 2462/2462/1519 2466/2466/1425
f  2466/2466/1425 2462/2462/1519 2465/2465/1423
f  2451/2451/1519 2466/2466/1425 2447/2447/1526
f  2466/2466/1425 2465/2465/1423 2467/2467/1534
f  2447/2447/1526 2466/2466/1425 2468/2468/1535
f  2468/2468/1535 2466/2466/1425 2467/2467/1534
f  2467/2467/1534 2465/2465/1423 2469/2469/1536
f  2467/2467/1534 2469/2469/1536 2468/2468/1535
f  2468/2468/1535 2469/2469/1536 2447/2447/1526
f  2469/2469/1536 2465/2465/1423 2470/2470/1419
f  2447/2447/1526 2469/2469/1536 2446/2446/1525
f  2469/2469/1536 2470/2470/1419 2471/2471/1418
f  2469/2469/1536 2471/2471/1418 2446/2446/1525
f  2446/2446/1525 2471/2471/1418 2472/2472/1537
f  2446/2446/1525 2472/2472/1537 2448/2448/1527
f  2472/2472/1537 2471/2471/1418 2473/2473/1538
f  2473/2473/1538 2471/2471/1418 2474/2474/1417
f  2473/2473/1538 2474/2474/1417 2475/2475/164
f  2448/2448/1527 2472/2472/1537 2476/2476/1539
f  2472/2472/1537 2473/2473/1538 2477/2477/107
f  2472/2472/1537 2477/2477/107 2476/2476/1539
f  2473/2473/1538 2475/2475/164 2478/2478/163
f  2473/2473/1538 2478/2478/163 2477/2477/107
f  2478/2478/163 2475/2475/164 2479/2479/1061
f  2479/2479/1061 2475/2475/164 2480/2480/1265
f  2448/2448/1527 2476/2476/1539 2481/2481/1540
f  2481/2481/1540 2476/2476/1539 2477/2477/107
f  2479/2479/1061 2480/2480/1265 2482/2482/1541
f  2482/2482/1541 2480/2480/1265 2483/2483/1265
f  2483/2483/1265 2480/2480/1265 2484/2484/1265
f  2482/2482/1541 2483/2483/1265 2485/2485/1264
f  2482/2482/1541 2485/2485/1264 2479/2479/1061
f  2479/2479/1061 2485/2485/1264 2478/2478/163
f  2486/2486/1542 2477/2477/107 2478/2478/163
f  2486/2486/1542 2478/2478/163 2485/2485/1264
f  2477/2477/107 2486/2486/1542 2481/2481/1540
f  2486/2486/1542 2485/2485/1264 2487/2487/1262
f  2487/2487/1262 2485/2485/1264 2488/2488/1263
f  2486/2486/1542 2487/2487/1262 2489/2489/794
f  2486/2486/1542 2489/2489/794 2481/2481/1540
f  2481/2481/1540 2489/2489/794 2490/2490/730
f  2481/2481/1540 2490/2490/730 2491/2491/730
f  2491/2491/730 2490/2490/730 2492/2492/1475
f  2491/2491/730 2492/2492/1475 2436/2436/1480
f  2491/2491/730 2436/2436/1480 2493/2493/1543
f  2493/2493/1543 2436/2436/1480 2434/2434/1517
f  2481/2481/1540 2491/2491/730 2494/2494/1544
f  2494/2494/1544 2491/2491/730 2493/2493/1543
f  2494/2494/1544 2493/2493/1543 2434/2434/1517
f  2481/2481/1540 2494/2494/1544 2448/2448/1527
f  2448/2448/1527 2494/2494/1544 2434/2434/1517

