# File produced by Tripo

mtllib mandrake+grass.mtl

# 2855 vertex positions
v -0.05679321 -0.22337341 0.49096680
v -0.05086899 -0.22146606 0.48483276
v -0.05334854 -0.18258667 0.48910522
v -0.05688095 -0.22404480 0.48974609
v -0.07604218 -0.19227600 0.48333740
v -0.01823044 -0.16963196 0.48367310
v 0.00117874 -0.14167786 0.48251343
v -0.08001709 -0.16252136 0.48083496
v -0.06629944 -0.19590759 0.46688843
v -0.09635925 -0.16212463 0.47695923
v -0.05261230 -0.14958191 0.43319702
v -0.03901672 -0.19754028 0.46945190
v -0.08847809 -0.15000916 0.43624878
v -0.02179337 -0.16806030 0.45205688
v 0.01400280 -0.10540009 0.40802002
v -0.05288315 -0.10756683 0.40170288
v -0.10496521 -0.10734558 0.40625000
v -0.10907745 -0.14424133 0.47326660
v -0.11653900 -0.11931610 0.44158936
v -0.07982635 -0.11320496 0.45657349
v -0.11308289 -0.11340332 0.45449829
v -0.12113190 -0.08077240 0.43420410
v -0.13714600 -0.08258820 0.41342163
v -0.13966370 -0.07288361 0.39318848
v -0.14341736 -0.05648804 0.36172485
v -0.11685181 -0.04868698 0.38821411
v -0.11482239 -0.01976967 0.35177612
v -0.08518982 -0.03257751 0.37002563
v -0.06732178 -0.01605606 0.32937622
v -0.04555130 -0.01918030 0.32708740
v -0.04851151 -0.05340576 0.39184570
v -0.07343292 -0.04982758 0.39715576
v -0.05798721 -0.06864929 0.43069458
v -0.05133057 -0.07196045 0.42932129
v -0.05224991 -0.10333252 0.44512939
v -0.05299377 -0.14596558 0.46817017
v -0.01844788 -0.12197113 0.46646118
v -0.01724052 -0.10611725 0.45919800
v -0.05086899 -0.22146606 0.48483276
v -0.03901672 -0.19754028 0.46945190
v -0.01823044 -0.16963196 0.48367310
v 0.00117874 -0.14167786 0.48251343
v -0.02179337 -0.16806030 0.45205688
v 0.01360703 -0.11914825 0.46539307
v -0.01724052 -0.10611725 0.45919800
v 0.01074028 -0.11872864 0.43682861
v 0.01400280 -0.10540009 0.40802002
v 0.02737808 -0.09656525 0.44873047
v 0.02908707 -0.08556366 0.41470337
v 0.03297806 -0.09600067 0.39205933
v 0.04737091 -0.06095505 0.42446899
v -0.00211096 -0.06410980 0.42980957
v -0.04386520 -0.06750488 0.43115234
v -0.05133057 -0.07196045 0.42932129
v -0.04851151 -0.05340576 0.39184570
v -0.02530861 -0.04281616 0.38845825
v -0.04555130 -0.01918030 0.32708740
v 0.05092621 -0.05633163 0.39913940
v 0.00609779 -0.03710175 0.38299561
v -0.02517128 -0.01261139 0.32669067
v -0.02055550 -0.01322079 0.27493286
v 0.00427628 -0.00618982 0.29595947
v 0.00652742 -0.00344372 0.32434082
v 0.04851151 -0.00957870 0.32025146
v 0.02570534 -0.01398563 0.24851990
v 0.05509949 -0.04655457 0.38073730
v 0.06451416 -0.02902603 0.34701538
v 0.07170868 -0.01259518 0.31774902
v 0.06941223 -0.01717758 0.27722168
v 0.04777908 -0.05577850 0.35067749
v 0.05405807 -0.03866577 0.30154419
v 0.03352356 -0.08457947 0.36431885
v -0.02463722 -0.09957123 0.38156128
v -0.05288315 -0.10756683 0.40170288
v -0.04118347 -0.08826447 0.36605835
v -0.01864243 -0.08702850 0.34848022
v -0.03984833 -0.05555725 0.29629517
v 0.03989410 -0.05854034 0.28759766
v 0.03691483 -0.06216431 0.24681091
v -0.00787354 -0.06339264 0.28906250
v -0.00662088 -0.06410980 0.26361084
v -0.00476503 -0.06642914 0.21969604
v -0.05288315 -0.10756683 0.40170288
v -0.10496521 -0.10734558 0.40625000
v -0.10513306 -0.09812927 0.38241577
v -0.14341736 -0.05648804 0.36172485
v -0.06715393 -0.08336639 0.34048462
v -0.04118347 -0.08826447 0.36605835
v -0.10451508 -0.08298492 0.34506226
v -0.12379456 -0.04610443 0.30532837
v -0.10402679 -0.05728531 0.29205322
v -0.03984833 -0.05555725 0.29629517
v -0.06634521 -0.06235123 0.29360962
v -0.04040146 -0.05696487 0.24531555
v -0.00662088 -0.06410980 0.26361084
v 0.24266052 0.14994812 0.36569214
v 0.23263550 0.15417480 0.36001587
v 0.23262024 0.15255737 0.36038208
v 0.22676086 0.15074158 0.32650757
v 0.19804382 0.16899109 0.34170532
v 0.22535706 0.17626953 0.32806396
v 0.25039673 0.15158081 0.35284424
v 0.25680542 0.16731262 0.31439209
v 0.22688293 0.15177917 0.29827881
v 0.24542236 0.16839600 0.28244019
v 0.21360779 0.15173340 0.27157593
v 0.22764587 0.16729736 0.27371216
v 0.20428467 0.14775085 0.27618408
v 0.19119263 0.15170288 0.26104736
v 0.19081116 0.15090942 0.27890015
v 0.20652771 0.15254211 0.30923462
v 0.18183899 0.16203308 0.29748535
v 0.17845154 0.17063904 0.31405640
v 0.17851257 0.18501282 0.32458496
v 0.21237183 0.17953491 0.29608154
v 0.17556763 0.19335938 0.29174805
v 0.15585327 0.19291687 0.30328369
v 0.12421417 0.18626404 0.28237915
v 0.13101196 0.20143127 0.27828979
v 0.16638184 0.20323181 0.25173950
v 0.19361877 0.18949890 0.26577759
v 0.23632812 0.18579102 0.27841187
v 0.25402832 0.18589783 0.28039551
v 0.22047424 0.19650269 0.24763489
v 0.18019104 0.19825745 0.23843384
v 0.14801025 0.20993042 0.22816467
v 0.10855103 0.20947266 0.25625610
v 0.07734680 0.20094299 0.25018311
v 0.13151550 0.17114258 0.25433350
v 0.10539246 0.17039490 0.21652222
v 0.09424591 0.21633911 0.19761658
v 0.12024689 0.21337891 0.19447327
v 0.13772583 0.18833923 0.16116333
v 0.15213013 0.21078491 0.18769836
v 0.18589783 0.20927429 0.19725037
v 0.17404175 0.20825195 0.16546631
v 0.15783691 0.18350220 0.13647461
v 0.10220337 0.13887024 0.10966492
v 0.19741821 0.20826721 0.14385986
v 0.18301392 0.18682861 0.12413025
v 0.16442871 0.16180420 0.09973145
v 0.12027740 0.14212036 0.09992218
v 0.06640625 0.07707977 0.06803894
v 0.10523987 0.08219910 0.04201126
v 0.23631287 0.20062256 0.17875671
v 0.21952820 0.20018005 0.14633179
v 0.24581909 0.19390869 0.23411560
v 0.25173950 0.18177795 0.24531555
v 0.24697876 0.17103577 0.24145508
v 0.25033569 0.17918396 0.21813965
v 0.24301147 0.19033813 0.15103149
v 0.22189331 0.17744446 0.16073608
v 0.22531128 0.16719055 0.21649170
v 0.24884033 0.16828918 0.25601196
v 0.19824219 0.16496277 0.17375183
v -0.22480774 0.03501892 0.36071777
v -0.19799805 0.04088974 0.35131836
v -0.20262146 0.05178833 0.35504150
v -0.21824646 0.02961540 0.32431030
v -0.23149109 0.04687881 0.35046387
v -0.17730713 0.04802704 0.35025024
v -0.16850281 0.06592560 0.35101318
v -0.17626953 0.04743958 0.31707764
v -0.16694641 0.05731583 0.32980347
v -0.14012146 0.06539917 0.35214233
v -0.17475891 0.04397964 0.27658081
v -0.16722107 0.06291962 0.26806641
v -0.18041992 0.06397247 0.26547241
v -0.17720032 0.09936523 0.28109741
v -0.19381714 0.04703140 0.26828003
v -0.22352600 0.05686951 0.31826782
v -0.15664673 0.10717010 0.26715088
v -0.18295288 0.10384369 0.27355957
v -0.21804810 0.07923126 0.29660034
v -0.23313904 0.10227203 0.24937439
v -0.25860596 0.06625366 0.30014038
v -0.26998901 0.03677368 0.34976196
v -0.24424744 0.07358551 0.25332642
v -0.25192261 0.08863068 0.21107483
v -0.24816895 0.06875610 0.26513672
v -0.27499390 0.00360990 0.34115601
v -0.24746704 0.05495834 0.28439331
v -0.29006958 0.03877258 0.33175659
v -0.26940918 0.05447769 0.30053711
v -0.24273682 0.03694916 0.30197144
v -0.23115540 0.02796173 0.31671143
v -0.12222290 0.06615448 0.35183716
v -0.14012146 0.06539917 0.35214233
v -0.12033081 0.05430222 0.31893921
v -0.16694641 0.05731583 0.32980347
v -0.12980652 0.07751465 0.33886719
v -0.16722107 0.06291962 0.26806641
v -0.16850281 0.06592560 0.35101318
v -0.08577728 0.05198669 0.33557129
v -0.12287903 0.05209351 0.26217651
v -0.11409760 0.06204987 0.21240234
v -0.09279633 0.04836655 0.28494263
v -0.15014648 0.08560181 0.31982422
v -0.17720032 0.09936523 0.28109741
v -0.14842224 0.10671997 0.27218628
v -0.10707855 0.09664917 0.29953003
v -0.07769012 0.08968353 0.31863403
v -0.06916046 0.05365372 0.30776978
v -0.07371521 0.04405975 0.26626587
v -0.06366730 0.05599976 0.33285522
v -0.03090096 0.06068802 0.32666016
v -0.03244400 0.06278992 0.32812500
v -0.07082367 0.09660339 0.26046753
v -0.05493546 0.08969879 0.29107666
v -0.01211262 0.05579376 0.30950928
v -0.03936768 0.04283142 0.27740479
v -0.03372574 0.09008789 0.26678467
v 0.01594543 0.04399872 0.28448486
v 0.00342751 0.06184387 0.27044678
v -0.01715279 0.08882904 0.24880981
v -0.06614685 0.09650421 0.22644043
v -0.05432892 0.02922630 0.24089050
v -0.03341293 0.01189709 0.21051025
v -0.10620117 0.09922028 0.21513367
v -0.08768463 0.08721161 0.18788147
v -0.10487366 0.09577942 0.16220093
v -0.15664673 0.10717010 0.26715088
v -0.12756348 0.10897064 0.18368530
v -0.15704346 0.11847687 0.15412903
v -0.14035034 0.10894012 0.22027588
v -0.17329407 0.11731720 0.17344666
v -0.21772766 0.10348511 0.13975525
v -0.17773438 0.11128998 0.23228455
v -0.18295288 0.10384369 0.27355957
v -0.23313904 0.10227203 0.24937439
v -0.19087219 0.11600494 0.19136047
v -0.22660828 0.10092163 0.15158081
v -0.25192261 0.08863068 0.21107483
v -0.14341736 -0.05648804 0.36172485
v -0.11482239 -0.01976967 0.35177612
v -0.15051270 -0.02948189 0.31863403
v -0.12379456 -0.04610443 0.30532837
v -0.09474945 -0.01218700 0.32666016
v -0.06732178 -0.01605606 0.32937622
v -0.14607239 -0.03254700 0.25628662
v -0.10402679 -0.05728531 0.29205322
v -0.14540100 -0.03077698 0.24917603
v -0.06793976 -0.01593399 0.22026062
v -0.10228729 -0.06195450 0.25656128
v -0.04462051 -0.02005196 0.24002075
v -0.04555130 -0.01918030 0.32708740
v -0.06634521 -0.06235123 0.29360962
v -0.02055550 -0.01322079 0.27493286
v -0.03771591 -0.02215385 0.15733337
v -0.01636124 -0.01553631 0.20834351
v -0.08489990 -0.01390743 0.17260742
v -0.01843452 -0.01395798 0.23500061
v 0.00252533 -0.00980473 0.23913574
v 0.00427628 -0.00618982 0.29595947
v 0.02570534 -0.01398563 0.24851990
v -0.14155579 -0.03135681 0.20425415
v -0.11865997 -0.05091858 0.23474121
v -0.09980011 -0.06375885 0.21095276
v -0.12293243 -0.04854965 0.15350342
v -0.05915451 -0.03482437 0.12151337
v -0.10398102 -0.06497955 0.11939240
v -0.08861542 -0.07711029 0.16520691
v -0.07479858 -0.08898926 0.11720276
v -0.04526901 -0.08604431 0.15023804
v -0.05685425 -0.07421112 0.19033813
v -0.03346634 -0.07213593 0.17375183
v -0.06210709 -0.06684113 0.21382141
v -0.03734589 -0.05946732 0.20138550
v -0.00537109 -0.07397461 0.19346619
v -0.04040146 -0.05696487 0.24531555
v -0.00476503 -0.06642914 0.21969604
v -0.00662088 -0.06410980 0.26361084
v 0.17851257 0.18501282 0.32458496
v 0.16386414 0.17242432 0.30810547
v 0.17845154 0.17063904 0.31405640
v 0.12421417 0.18626404 0.28237915
v 0.18183899 0.16203308 0.29748535
v 0.13151550 0.17114258 0.25433350
v 0.18139648 0.16845703 0.28274536
v 0.19081116 0.15090942 0.27890015
v 0.19055176 0.16551208 0.25524902
v 0.19119263 0.15170288 0.26104736
v 0.21360779 0.15173340 0.27157593
v 0.10539246 0.17039490 0.21652222
v 0.19815063 0.16558838 0.25662231
v 0.22764587 0.16729736 0.27371216
v 0.17990112 0.16291809 0.20341492
v 0.14108276 0.16644287 0.21681213
v 0.16368103 0.16822815 0.21748352
v 0.14190674 0.16955566 0.17874146
v 0.22531128 0.16719055 0.21649170
v 0.24884033 0.16828918 0.25601196
v 0.24542236 0.16839600 0.28244019
v 0.19824219 0.16496277 0.17375183
v 0.25338745 0.17108154 0.28778076
v 0.25680542 0.16731262 0.31439209
v 0.25402832 0.18589783 0.28039551
v 0.24697876 0.17103577 0.24145508
v 0.22535706 0.17626953 0.32806396
v 0.21237183 0.17953491 0.29608154
v 0.16467285 0.16584778 0.17535400
v 0.22189331 0.17744446 0.16073608
v 0.22930908 0.16210938 0.13708496
v 0.18139648 0.13751221 0.16136169
v 0.15705872 0.14695740 0.16477966
v 0.12533569 0.14154053 0.15975952
v 0.12446594 0.10168457 0.13957214
v 0.17912292 0.10327911 0.12980652
v 0.21791077 0.13160706 0.11997986
v 0.15403748 0.08752441 0.13601685
v 0.20411682 0.08985138 0.09510040
v 0.13046265 0.06738281 0.11537933
v 0.16659546 0.07239532 0.10123444
v 0.11334991 0.05190277 0.09799194
v 0.09398651 0.08258820 0.11812592
v 0.08269501 0.06560516 0.10213470
v 0.04882812 0.05794907 0.11893463
v 0.05554199 0.07364655 0.13981628
v 0.10799408 0.10691071 0.14021301
v 0.06323242 0.09645081 0.16644287
v 0.03077698 0.09296417 0.15475464
v 0.01821709 0.07508087 0.12937927
v 0.07228088 0.11608887 0.17864990
v 0.00533104 0.12026978 0.17010498
v -0.00662661 0.08567810 0.13670349
v -0.00726461 0.08692169 0.13558960
v 0.04433823 0.13046265 0.18350220
v 0.08697510 0.14237976 0.19638062
v 0.03486252 0.15718079 0.20176697
v 0.01971626 0.14028931 0.18696594
v 0.02278519 0.13360596 0.14454651
v 0.01675034 0.09915924 0.10294342
v 0.03192902 0.15582275 0.19822693
v 0.03493118 0.11574554 0.09230804
v 0.05607986 0.17687988 0.22177124
v 0.07734680 0.20094299 0.25018311
v 0.09424591 0.21633911 0.19761658
v 0.04489517 0.14984131 0.11783600
v 0.06336975 0.17634583 0.14958191
v 0.05770111 0.17616272 0.18798828
v 0.08333588 0.20111084 0.17982483
v 0.09735107 0.17686462 0.14897156
v 0.13772583 0.18833923 0.16116333
v 0.10220337 0.13887024 0.10966492
v 0.08090973 0.14540100 0.11480713
v 0.06640625 0.07707977 0.06803894
v 0.05405807 -0.03866577 0.30154419
v 0.06941223 -0.01717758 0.27722168
v 0.07170868 -0.01259518 0.31774902
v 0.03691483 -0.06216431 0.24681091
v 0.06941223 -0.01717758 0.27722168
v 0.02570534 -0.01398563 0.24851990
v 0.04851151 -0.00957870 0.32025146
v 0.06695557 -0.02185822 0.23585510
v 0.02331161 0.03225708 0.23373413
v 0.00342751 0.06184387 0.27044678
v 0.01594543 0.04399872 0.28448486
v -0.01715279 0.08882904 0.24880981
v 0.03109550 0.02062416 0.24038696
v 0.02364349 0.03084373 0.25942993
v -0.03341293 0.01189709 0.21051025
v 0.04736328 0.00624180 0.21563721
v 0.03387070 0.02767372 0.19021606
v -0.00570583 0.07384491 0.19796753
v 0.00408792 0.06429291 0.17274475
v -0.04489136 0.08113098 0.18774414
v -0.06614685 0.09650421 0.22644043
v -0.18041992 0.06397247 0.26547241
v -0.24816895 0.06875610 0.26513672
v -0.24424744 0.07358551 0.25332642
v -0.25192261 0.08863068 0.21107483
v -0.22407532 0.07346344 0.22369385
v -0.19836426 0.07029724 0.19540405
v -0.23736572 0.08829498 0.17781067
v -0.17497253 0.06652832 0.17893982
v -0.22660828 0.10092163 0.15158081
v -0.16064453 0.06201172 0.22265625
v -0.16722107 0.06291962 0.26806641
v -0.13522339 0.06247330 0.20281982
v -0.11409760 0.06204987 0.21240234
v -0.15667725 0.04914093 0.15771484
v -0.21772766 0.10348511 0.13975525
v -0.09577179 0.02483940 0.14175415
v -0.08714294 0.03971100 0.17411804
v -0.13960266 0.03316498 0.13459778
v -0.18644714 0.07202911 0.09813690
v -0.11070251 -0.00127804 0.10054016
v 0.03691483 -0.06216431 0.24681091
v 0.06695557 -0.02185822 0.23585510
v 0.06941223 -0.01717758 0.27722168
v 0.03727722 -0.06171036 0.20980835
v -0.00476503 -0.06642914 0.21969604
v -0.00537109 -0.07397461 0.19346619
v 0.06806183 -0.02221680 0.19493103
v 0.03181839 -0.07273102 0.18052673
v -0.00682259 -0.07920074 0.16986084
v -0.03346634 -0.07213593 0.17375183
v -0.02422714 -0.09474945 0.11424255
v -0.04526901 -0.08604431 0.15023804
v 0.02663803 -0.08493805 0.12620544
v 0.04901505 -0.04950333 0.18241882
v 0.04829407 -0.05583191 0.12597656
v 0.05619431 -0.04407501 0.14668274
v 0.02643776 -0.03708649 0.13951111
v 0.00416183 -0.06039429 0.08894348
v -0.01005840 -0.04575729 0.10057068
v -0.00192475 -0.03017235 0.13188171
v 0.00629187 -0.02673340 0.14228821
v 0.00125122 -0.02816200 0.13261414
v 0.03464127 -0.01668358 0.17515564
v 0.02147102 -0.02142906 0.16043091
v 0.03405380 -0.01482296 0.17536926
v 0.01647568 -0.02196121 0.15298462
v 0.05264282 -0.03285217 0.11775208
v 0.00997639 -0.04627609 0.06330109
v 0.03813934 -0.04922867 0.05622864
v -0.00986576 -0.04433060 0.06856537
v -0.01328945 -0.02499390 0.14184570
v 0.04337692 -0.01861763 0.20509338
v 0.02570534 -0.01398563 0.24851990
v 0.00252533 -0.00980473 0.23913574
v 0.00639343 -0.01025867 0.18200684
v -0.01636124 -0.01553631 0.20834351
v -0.01422501 -0.01606560 0.17124939
v -0.03771591 -0.02215385 0.15733337
v -0.01595497 -0.01483727 0.17001343
v -0.01542664 -0.01653290 0.16592407
v -0.10293579 0.05570984 0.23045349
v -0.07770538 0.03786850 0.20939636
v -0.08714294 0.03971100 0.17411804
v -0.05676270 0.01825523 0.17155457
v 0.35531616 -0.05224228 0.23609924
v 0.36300659 -0.02461624 0.21374512
v 0.33236694 -0.02065277 0.24958801
v 0.31634521 -0.00360751 0.21873474
v 0.39410400 -0.02880669 0.17300415
v 0.34179688 -0.00330496 0.17158508
v 0.28811646 0.02430153 0.16906738
v 0.25082397 0.02831841 0.15037537
v 0.24079895 0.02003479 0.18275452
v 0.28927612 0.01272774 0.12313080
v 0.39920044 -0.03595734 0.15838623
v 0.21195984 0.03102875 0.13537598
v 0.22918701 0.02870941 0.16355896
v 0.41625977 -0.06677246 0.16920471
v 0.40182495 -0.04593658 0.18739319
v 0.34735107 -0.01440620 0.14299011
v 0.23852539 0.02053833 0.11820984
v 0.37362671 -0.01338005 0.12418365
v 0.29159546 0.00811768 0.11138916
v 0.40267944 -0.03287506 0.15017700
v 0.21614075 0.02153397 0.11338043
v 0.17767334 0.02368164 0.11933899
v 0.25430298 0.00881290 0.09603119
v 0.19430542 0.01384354 0.09079742
v 0.13862610 0.01517677 0.09654236
v 0.20965576 0.00906658 0.07892609
v 0.14143372 0.01078033 0.08024597
v 0.24652100 0.01494789 0.05982590
v 0.20277405 0.01628876 0.04124069
v 0.21681213 0.02103424 0.02442551
v 0.27600098 0.01604271 0.04695129
v 0.34863281 0.01260853 0.07608795
v 0.37387085 -0.00497103 0.02659798
v 0.24470520 0.00620508 -0.01261425
v 0.39675903 -0.02254486 0.10399628
v 0.36984253 0.00356293 0.05462646
v 0.43740845 -0.04963684 0.10166168
v 0.33557129 -0.00649977 -0.00266123
v 0.27825928 -0.00237393 -0.02521706
v 0.41802979 -0.05584717 0.04282761
v 0.32623291 -0.00720310 -0.00646639
v 0.25479126 -0.02629471 -0.01410770
v 0.37728882 -0.01090813 0.00575256
v 0.34216309 -0.00862694 -0.00193584
v 0.29467773 -0.04638672 0.01881599
v 0.24838257 -0.04758835 0.00352979
v 0.32235718 -0.05963516 0.03049850
v 0.37805176 -0.06385040 0.04062271
v 0.24313354 -0.04785538 0.05394745
v 0.20251465 -0.05198288 0.03471756
v 0.27648926 -0.04473877 0.06956482
v 0.20423889 -0.03565979 0.07162476
v 0.16664124 -0.04233170 0.06059647
v 0.16371155 -0.04666519 0.09955597
v 0.14131165 -0.05604553 0.08813477
v 0.20507812 -0.04014969 0.11769104
v 0.26293945 -0.02795410 0.10415649
v 0.23336792 -0.03518295 0.13066101
v 0.30789185 -0.04605865 0.12007141
v 0.28173828 -0.04989624 0.14440918
v 0.23931885 -0.03585434 0.18797302
v 0.33996582 -0.06981659 0.10113525
v 0.35696411 -0.07488251 0.04493713
v 0.40115356 -0.09594727 0.09562683
v 0.42477417 -0.10346985 0.06842041
v 0.43054199 -0.13735962 0.13249207
v 0.44354248 -0.12348175 0.11093903
v 0.45361328 -0.14302063 0.14631653
v 0.44601440 -0.17501831 0.19258118
v 0.47082520 -0.10953522 0.10099030
v 0.46801758 -0.17544556 0.19300842
v 0.46447754 -0.18022156 0.20098877
v 0.46963501 -0.12869263 0.12742615
v 0.46090698 -0.13630676 0.18502808
v 0.46838379 -0.11642456 0.12294006
v 0.44586182 -0.08190918 0.07185364
v 0.47052002 -0.10377502 0.09874725
v 0.42788696 -0.05741501 0.06430054
v 0.43386841 -0.05663681 0.08047485
v 0.44708252 -0.09083557 0.14303589
v 0.43811035 -0.10535431 0.17930603
v 0.43255615 -0.09600067 0.18513489
v 0.43472290 -0.11632538 0.22023010
v 0.42456055 -0.12181091 0.22950745
v 0.41690063 -0.08438110 0.20144653
v 0.39974976 -0.06941223 0.21449280
v 0.41989136 -0.09719086 0.23092651
v 0.40118408 -0.08156586 0.24952698
v 0.40118408 -0.08156586 0.24952698
v 0.37921143 -0.09764862 0.22488403
v 0.40353394 -0.12437439 0.21440125
v 0.42456055 -0.12181091 0.22950745
v 0.46447754 -0.18022156 0.20098877
v 0.44601440 -0.17501831 0.19258118
v 0.38839722 -0.09791565 0.15829468
v 0.43054199 -0.13735962 0.13249207
v 0.38632202 -0.08406067 0.22489929
v 0.37390137 -0.07727814 0.14366150
v 0.40115356 -0.09594727 0.09562683
v 0.33996582 -0.06981659 0.10113525
v 0.37039185 -0.07505035 0.15449524
v 0.35067749 -0.06404114 0.14062500
v 0.30789185 -0.04605865 0.12007141
v 0.32061768 -0.06087494 0.15202332
v 0.28173828 -0.04989624 0.14440918
v 0.30972290 -0.05496979 0.20909119
v 0.23931885 -0.03585434 0.18797302
v 0.36370850 -0.07076263 0.18801880
v 0.37420654 -0.08428192 0.20980835
v 0.35803223 -0.06677246 0.22196960
v 0.35531616 -0.05224228 0.23609924
v 0.38418579 -0.05623245 0.23083496
v 0.39974976 -0.06941223 0.21449280
v 0.40182495 -0.04593658 0.18739319
v 0.37863159 -0.05081177 0.21359253
v 0.39410400 -0.02880669 0.17300415
v 0.33236694 -0.02065277 0.24958801
v 0.31634521 -0.00360751 0.21873474
v 0.25415039 0.00425816 0.22717285
v 0.28811646 0.02430153 0.16906738
v 0.30972290 -0.05496979 0.20909119
v 0.35531616 -0.05224228 0.23609924
v 0.23931885 -0.03585434 0.18797302
v 0.24079895 0.02003479 0.18275452
v 0.19760132 0.02100945 0.21035767
v 0.25082397 0.02831841 0.15037537
v 0.22918701 0.02870941 0.16355896
v 0.19636536 0.02388763 0.19294739
v 0.20535278 0.02870178 0.16706848
v 0.21195984 0.03102875 0.13537598
v 0.16871643 0.01299000 0.19064331
v 0.20889282 -0.02721596 0.17623901
v 0.23336792 -0.03518295 0.13066101
v 0.20507812 -0.04014969 0.11769104
v 0.14222717 -0.03891373 0.13746643
v 0.14353943 0.00493574 0.17549133
v 0.12261963 -0.00346756 0.16156006
v 0.14811707 0.01057625 0.15301514
v 0.15670776 0.01736069 0.12297058
v 0.13862610 0.01517677 0.09654236
v 0.17767334 0.02368164 0.11933899
v 0.18981934 0.02558136 0.14036560
v 0.04736328 0.00624180 0.21563721
v 0.03109550 0.02062416 0.24038696
v -0.00112009 0.00074875 0.19834900
v -0.03341293 0.01189709 0.21051025
v -0.01595497 -0.01483727 0.17001343
v 0.00639343 -0.01025867 0.18200684
v 0.03405380 -0.01482296 0.17536926
v 0.03464127 -0.01668358 0.17515564
v 0.06684875 -0.00944328 0.18919373
v 0.03387070 0.02767372 0.19021606
v 0.01830673 0.05092239 0.14231873
v 0.00408792 0.06429291 0.17274475
v 0.05993271 -0.01972198 0.15643311
v 0.01647568 -0.02196121 0.15298462
v 0.05264282 -0.03285217 0.11775208
v 0.04547119 0.00105047 0.14370728
v 0.02425957 0.00588131 0.08724213
v 0.03363800 -0.02015877 0.07456970
v 0.05479431 -0.03040314 0.12175751
v 0.03993607 -0.04715347 0.05651093
v -0.25192261 0.08863068 0.21107483
v -0.23736572 0.08829498 0.17781067
v -0.22407532 0.07346344 0.22369385
v -0.19087219 0.11600494 0.19136047
v -0.22660828 0.10092163 0.15158081
v -0.19836426 0.07029724 0.19540405
v -0.04489136 0.08113098 0.18774414
v -0.08768463 0.08721161 0.18788147
v -0.06614685 0.09650421 0.22644043
v -0.06742096 0.07143402 0.15267944
v -0.10487366 0.09577942 0.16220093
v -0.03813171 0.04701614 0.10796356
v 0.00408792 0.06429291 0.17274475
v -0.08457184 0.08153534 0.13850403
v 0.01830673 0.05092239 0.14231873
v -0.05824280 0.05544281 0.09279633
v -0.11856842 0.09525299 0.11621857
v -0.15704346 0.11847687 0.15412903
v -0.14871216 0.07700348 0.09791565
v -0.08688354 0.06732178 0.07015991
v -0.06815338 0.03851318 0.05622101
v -0.11254120 0.01546383 0.03593063
v -0.04167557 0.02255630 0.06592560
v -0.04727173 0.01022720 0.04252243
v -0.09252167 -0.00353527 0.02823448
v -0.05830383 -0.01597023 0.02498245
v -0.01223373 -0.02909660 0.03471375
v -0.00595379 -0.01600266 0.05940628
v -0.01337051 0.00313234 0.07392883
v -0.02600670 0.02645683 0.08901978
v -0.01164818 0.00968170 0.07910156
v -0.00395346 0.02321243 0.09653473
v 0.00588560 0.00992393 0.08379364
v 0.02425957 0.00588131 0.08724213
v -0.03341293 0.01189709 0.21051025
v -0.05676270 0.01825523 0.17155457
v -0.05969620 0.00652027 0.13278198
v -0.01595497 -0.01483727 0.17001343
v -0.07154083 0.02309990 0.15036011
v -0.08714294 0.03971100 0.17411804
v -0.09577179 0.02483940 0.14175415
v -0.11070251 -0.00127804 0.10054016
v -0.01542664 -0.01653290 0.16592407
v -0.05191422 -0.00516891 0.11946869
v -0.09555817 -0.01332855 0.08527374
v -0.10800171 -0.00632000 0.06062698
v -0.07495880 -0.03012085 0.05857849
v -0.08129883 -0.02882576 0.04269409
v -0.03850174 -0.02473640 0.09312439
v -0.02767372 -0.02174187 0.12006378
v -0.00986576 -0.04433060 0.06856537
v -0.01328945 -0.02499390 0.14184570
v -0.03771591 -0.02215385 0.15733337
v -0.00192475 -0.03017235 0.13188171
v 0.00125122 -0.02816200 0.13261414
v -0.03351974 -0.03022194 0.13513184
v -0.01005840 -0.04575729 0.10057068
v -0.03155899 -0.04281616 0.11466980
v -0.02204132 -0.06151962 0.06890106
v -0.05915451 -0.03482437 0.12151337
v -0.08489990 -0.01390743 0.17260742
v -0.03429794 -0.05274200 0.08784485
v -0.06409454 -0.06401825 0.09420013
v -0.10398102 -0.06497955 0.11939240
v -0.37799072 -0.09189606 0.19599915
v -0.34188843 -0.06229401 0.20578003
v -0.41021729 -0.08978271 0.17652893
v -0.31753540 -0.08083344 0.15019226
v -0.37155151 -0.10152435 0.16787720
v -0.34194946 -0.08849335 0.12055206
v -0.32363892 -0.02383804 0.15254211
v -0.37997437 -0.06056213 0.18504333
v -0.29565430 -0.04353333 0.19258118
v -0.27279663 -0.03142929 0.18431091
v -0.29061890 -0.04548645 0.18194580
v -0.30871582 -0.00983334 0.12791443
v -0.27261353 -0.03345108 0.18466187
v -0.27331543 -0.05761719 0.12731934
v -0.28524780 -0.06098175 0.09735107
v -0.33370972 -0.07719421 0.10118866
v -0.29119873 -0.05600739 0.07934570
v -0.29605103 -0.06185913 0.05737305
v -0.25259399 -0.05857086 0.06518555
v -0.22343445 -0.07040405 0.03324127
v -0.30773926 -0.06101608 0.01972771
v -0.23114014 -0.06831360 -0.00062490
v -0.25717163 -0.04977798 -0.01476955
v -0.21086121 -0.06424713 0.05197144
v -0.21151733 -0.06925964 0.07501221
v -0.16659546 -0.08634186 0.05766296
v -0.23908997 -0.06218338 0.11888123
v -0.19451904 -0.06636047 0.10651398
v -0.17234802 -0.07472229 0.09732056
v -0.23347473 -0.05012512 0.14170837
v -0.14630127 -0.05041885 0.12144470
v -0.23321533 -0.03521347 0.16868591
v -0.19226074 -0.03853226 0.15289307
v -0.16461182 -0.04658508 0.13391113
v -0.23818970 -0.03348541 0.17047119
v -0.22999573 -0.02507210 0.13534546
v -0.19342041 -0.02072334 0.08956909
v -0.14437866 -0.04624557 0.09080505
v -0.17260742 -0.03094292 0.07802582
v -0.23539734 -0.01689529 0.10590363
v -0.21055603 -0.02527046 0.05878067
v -0.16975403 -0.04001617 0.04657745
v -0.20840454 -0.01887703 0.01434708
v -0.23234558 -0.03151703 -0.04019547
v -0.27252197 -0.02285576 0.00211954
v -0.27743530 -0.01473045 0.03143692
v -0.33261108 -0.01416492 0.07030487
v -0.27487183 -0.02268791 0.07903290
v -0.31900024 -0.02118492 0.09313202
v -0.24087524 -0.01890182 0.09162903
v -0.42413330 -0.12407684 0.20292664
v -0.44845581 -0.18295288 0.17314148
v -0.41995239 -0.14651489 0.17787170
v -0.44705200 -0.15351868 0.17393494
v -0.39318848 -0.11211395 0.18899536
v -0.39764404 -0.13619995 0.16584778
v -0.42645264 -0.17347717 0.15754700
v -0.46768188 -0.22868347 0.14999390
v -0.37155151 -0.10152435 0.16787720
v -0.40896606 -0.13722229 0.12473297
v -0.43844604 -0.16069031 0.10218048
v -0.41702271 -0.11954498 0.07376099
v -0.38775635 -0.10507965 0.11383057
v -0.34194946 -0.08849335 0.12055206
v -0.40942383 -0.10276794 0.06245422
v -0.33370972 -0.07719421 0.10118866
v -0.33947754 -0.08177948 0.07572174
v -0.29605103 -0.06185913 0.05737305
v -0.34710693 -0.07817078 0.03730774
v -0.39959717 -0.06040573 0.01864815
v -0.43112183 -0.07400513 0.03430176
v -0.36367798 -0.03736496 -0.00478125
v -0.32852173 -0.07009888 0.02939987
v -0.30773926 -0.06101608 0.01972771
v -0.41021729 -0.08978271 0.17652893
v -0.34188843 -0.06229401 0.20578003
v -0.37997437 -0.06056213 0.18504333
v -0.40875244 -0.06574249 0.13505554
v -0.38110352 -0.05193329 0.13682556
v -0.32363892 -0.02383804 0.15254211
v -0.30871582 -0.00983334 0.12791443
v -0.34625244 -0.03508377 0.10483551
v -0.31900024 -0.02118492 0.09313202
v -0.41091919 -0.06942749 0.12611389
v -0.36248779 -0.03119850 0.08973694
v -0.41503906 -0.06592560 0.12010956
v -0.33261108 -0.01416492 0.07030487
v -0.27487183 -0.02268791 0.07903290
v -0.38256836 -0.03511047 0.06477356
v -0.39855957 -0.04659653 0.07394409
v -0.34136963 -0.01016140 0.04619980
v -0.27743530 -0.01473045 0.03143692
v -0.31478882 -0.02242088 0.00787735
v -0.36367798 -0.03736496 -0.00478125
v -0.37579346 -0.03277206 0.04479980
v -0.39959717 -0.06040573 0.01864815
v -0.43038940 -0.06673431 0.08722687
v -0.43112183 -0.07400513 0.03430176
v -0.44699097 -0.10401154 0.10581970
v -0.44238281 -0.09473419 0.05026245
v -0.40942383 -0.10276794 0.06245422
v -0.41702271 -0.11954498 0.07376099
v -0.45169067 -0.11333466 0.06563568
v -0.43844604 -0.16069031 0.10218048
v -0.47525024 -0.13710022 0.08690643
v -0.42691040 -0.10295868 0.13224792
v -0.47045898 -0.19345093 0.12556458
v -0.46768188 -0.22868347 0.14999390
v -0.44567871 -0.14225769 0.13998413
v -0.46679688 -0.18157959 0.14497375
v -0.44845581 -0.18295288 0.17314148
v -0.44705200 -0.15351868 0.17393494
v -0.43972778 -0.13053894 0.14521790
v -0.42413330 -0.12407684 0.20292664
v -0.39318848 -0.11211395 0.18899536
v -0.37799072 -0.09189606 0.19599915
v -0.37155151 -0.10152435 0.16787720
v -0.17497253 0.06652832 0.17893982
v -0.22660828 0.10092163 0.15158081
v -0.21772766 0.10348511 0.13975525
v -0.17329407 0.11731720 0.17344666
v 0.09730530 -0.00176466 0.11233521
v 0.09686279 -0.01159859 0.14730835
v 0.12261963 -0.00346756 0.16156006
v 0.14222717 -0.03891373 0.13746643
v 0.13862610 0.01517677 0.09654236
v 0.06693268 -0.04351044 0.11195374
v 0.20507812 -0.04014969 0.11769104
v 0.16371155 -0.04666519 0.09955597
v 0.14131165 -0.05604553 0.08813477
v 0.11039734 -0.04880142 0.11973572
v 0.06269836 -0.06702423 0.08040619
v 0.07505035 -0.02459526 0.08750916
v 0.04732132 -0.04916763 0.05265427
v 0.09948730 0.00850010 0.07889557
v 0.07627869 -0.01476574 0.06768036
v 0.07929993 -0.00259352 0.07595062
v 0.09387207 0.00434208 0.06478119
v 0.12831116 0.01123333 0.07996368
v 0.14143372 0.01078033 0.08024597
v 0.02663803 -0.08493805 0.12620544
v -0.00682259 -0.07920074 0.16986084
v -0.02422714 -0.09474945 0.11424255
v 0.02591705 -0.09021759 0.08431244
v 0.04829407 -0.05583191 0.12597656
v 0.00416183 -0.06039429 0.08894348
v -0.02204132 -0.06151962 0.06890106
v -0.01005840 -0.04575729 0.10057068
v -0.00687408 -0.13180542 0.07248688
v -0.02251625 -0.12180328 0.09142303
v 0.02000046 -0.10678101 0.07096863
v -0.02001953 -0.15446472 0.06749725
v -0.01947212 -0.10740662 0.04485703
v -0.01307678 -0.11087799 0.04551315
v -0.01884842 -0.11006927 0.04136276
v 0.01645088 -0.11999512 0.06327820
v 0.01162720 -0.13592529 0.04895401
v -0.00391817 -0.13681030 0.03675842
v -0.00881004 -0.14654541 0.06137848
v 0.00768375 -0.15022278 0.03976822
v 0.00599146 -0.16145325 0.03001976
v 0.00712585 -0.16751099 0.02603149
v 0.00393867 -0.18679810 0.02064705
v -0.01707268 -0.20724487 0.03648758
v 0.24301147 0.19033813 0.15103149
v 0.21952820 0.20018005 0.14633179
v 0.23631287 0.20062256 0.17875671
v 0.19938660 0.18130493 0.12759399
v 0.19741821 0.20826721 0.14385986
v 0.18301392 0.18682861 0.12413025
v 0.16442871 0.16180420 0.09973145
v 0.19540405 0.15290833 0.11452484
v 0.22930908 0.16210938 0.13708496
v 0.22189331 0.17744446 0.16073608
v 0.19464111 0.12908936 0.10406494
v 0.17517090 0.11412048 0.08178711
v 0.21791077 0.13160706 0.11997986
v 0.18139648 0.13751221 0.16136169
v 0.20793152 0.10427856 0.10491180
v 0.20411682 0.08985138 0.09510040
v 0.17912292 0.10327911 0.12980652
v 0.01821709 0.07508087 0.12937927
v 0.03077698 0.09296417 0.15475464
v -0.00662661 0.08567810 0.13670349
v -0.01278496 0.06460571 0.10166931
v -0.00726461 0.08692169 0.13558960
v 0.00552225 0.07687378 0.08802032
v 0.00533104 0.12026978 0.17010498
v 0.01675034 0.09915924 0.10294342
v 0.02638245 0.08781433 0.07146454
v 0.03493118 0.11574554 0.09230804
v 0.06640625 0.07707977 0.06803894
v 0.02094650 0.01117516 0.04526138
v 0.05271912 0.03697968 0.05252457
v 0.06626892 0.02044868 0.03278732
v 0.10523987 0.08219910 0.04201126
v 0.03106880 -0.01951027 0.03251648
v 0.03715515 -0.02691269 0.02340508
v -0.00595379 -0.01600266 0.05940628
v 0.02267075 -0.03311920 0.03042221
v -0.01183701 0.02881432 0.08460999
v -0.01337051 0.00313234 0.07392883
v -0.01164818 0.00968170 0.07910156
v 0.00588560 0.00992393 0.08379364
v 0.01000500 0.06218719 0.10864258
v 0.02425957 0.00588131 0.08724213
v 0.04882812 0.05794907 0.11893463
v 0.05554199 0.07364655 0.13981628
v 0.03692245 0.00165021 0.08886719
v 0.03363800 -0.02015877 0.07456970
v 0.05992126 0.01540184 0.08116150
v 0.03993607 -0.04715347 0.05651093
v 0.08269501 0.06560516 0.10213470
v 0.07929993 -0.00259352 0.07595062
v 0.09435272 0.02499199 0.08740234
v 0.11334991 0.05190277 0.09799194
v 0.09387207 0.00434208 0.06478119
v 0.13560486 0.03728867 0.04886246
v -0.20245361 0.08731842 0.12083435
v -0.15667725 0.04914093 0.15771484
v -0.21772766 0.10348511 0.13975525
v -0.18644714 0.07202911 0.09813690
v -0.15704346 0.11847687 0.15412903
v -0.14871216 0.07700348 0.09791565
v -0.17636108 0.06123734 0.08162689
v -0.13960266 0.03316498 0.13459778
v -0.16125488 0.04649353 0.05846786
v -0.14463806 0.03229141 0.06690979
v -0.14021301 0.04237747 0.04732895
v -0.08688354 0.06732178 0.07015991
v -0.11070251 -0.00127804 0.10054016
v -0.13960266 0.03316498 0.13459778
v -0.14463806 0.03229141 0.06690979
v -0.02422714 -0.09474945 0.11424255
v -0.04526901 -0.08604431 0.15023804
v -0.04981995 -0.09558868 0.09506226
v -0.07479858 -0.08898926 0.11720276
v -0.02251625 -0.12180328 0.09142303
v -0.03580475 -0.13311768 0.06947327
v -0.02001953 -0.15446472 0.06749725
v -0.06983185 -0.09571838 0.07910156
v -0.10398102 -0.06497955 0.11939240
v -0.06409454 -0.06401825 0.09420013
v -0.05606461 -0.12434387 0.05710983
v -0.02204132 -0.06151962 0.06890106
v -0.03429794 -0.05274200 0.08784485
v -0.03155899 -0.04281616 0.11466980
v -0.01947212 -0.10740662 0.04485703
v -0.04097366 -0.15991211 0.03107834
v -0.01707268 -0.20724487 0.03648758
v -0.03470993 -0.18911743 0.01394939
v -0.02368355 -0.12986755 0.03589630
v -0.01884842 -0.11006927 0.04136276
v -0.03097916 -0.16053772 0.02437782
v -0.03619766 -0.17770386 0.01727486
v -0.02929115 -0.15327454 0.02513313
v -0.04542923 -0.11061859 0.02783966
v -0.04003143 -0.15690613 0.01586914
v -0.03920364 -0.16337585 0.02175140
v -0.11149597 -0.05801773 0.10163879
v -0.11044312 -0.05704880 0.09992218
v -0.14630127 -0.05041885 0.12144470
v -0.10102081 -0.07032776 0.08822632
v -0.14630127 -0.05041885 0.12144470
v -0.17234802 -0.07472229 0.09732056
v -0.14683533 -0.08180237 0.08779144
v -0.11149597 -0.05801773 0.10163879
v -0.10170746 -0.09438324 0.06740570
v -0.16659546 -0.08634186 0.05766296
v -0.21151733 -0.06925964 0.07501221
v -0.12030792 -0.10140991 0.02305984
v -0.08010101 -0.09851074 0.06000900
v -0.08477783 -0.12515259 0.02937126
v -0.06884003 -0.11650085 0.04814529
v -0.05796051 -0.13291931 0.03720093
v -0.09910583 -0.12896729 0.01537991
v -0.11656189 -0.10083008 0.00419664
v -0.08113861 -0.15385437 0.00950241
v -0.03920364 -0.16337585 0.02175140
v -0.09632874 -0.12481689 -0.00231051
v -0.10880280 -0.09970093 -0.03121376
v -0.08130646 -0.13024902 -0.02678871
v -0.03619766 -0.17770386 0.01727486
v -0.08137512 -0.13851929 -0.01067066
v -0.07003021 -0.14259338 -0.02494431
v -0.05154800 -0.16558838 -0.02343750
v -0.05825806 -0.19216919 0.00298095
v -0.04943848 -0.20713806 0.00016403
v -0.04420090 -0.17503357 -0.02396202
v -0.03470993 -0.18911743 0.01394939
v -0.02222252 -0.18283081 0.00899982
v -0.03756714 -0.18923950 -0.02280235
v 0.16442871 0.16180420 0.09973145
v 0.19540405 0.15290833 0.11452484
v 0.17517090 0.11412048 0.08178711
v 0.14720154 0.13671875 0.07454681
v 0.12027740 0.14212036 0.09992218
v 0.12669373 0.10997772 0.05898285
v 0.10523987 0.08219910 0.04201126
v 0.15153503 0.07752991 0.05982208
v 0.20411682 0.08985138 0.09510040
v 0.18090820 0.06198502 0.07175446
v 0.14700317 0.04657364 0.04517746
v 0.11334991 0.05190277 0.09799194
v 0.16659546 0.07239532 0.10123444
v 0.13560486 0.03728867 0.04886246
v 0.12989807 0.03404617 0.04198074
v 0.09943390 0.01961136 0.03674698
v 0.06626892 0.02044868 0.03278732
v 0.10494232 0.02901459 0.01384068
v 0.08554077 0.00884056 0.03209686
v 0.05533600 -0.01933861 0.02519798
v 0.07872009 0.00234914 0.01313496
v -0.14437866 -0.04624557 0.09080505
v -0.14630127 -0.05041885 0.12144470
v -0.11044312 -0.05704880 0.09992218
v -0.14405823 -0.04321671 0.06247711
v -0.17260742 -0.03094292 0.07802582
v -0.16975403 -0.04001617 0.04657745
v -0.11556244 -0.05628586 0.04039764
v -0.09779358 -0.06361389 0.05586243
v -0.12334442 -0.05779648 0.02746010
v -0.08396912 -0.06964111 0.01116943
v -0.08495331 -0.09205627 0.06584930
v -0.14834595 -0.04685593 0.01039410
v -0.20840454 -0.01887703 0.01434708
v -0.08010101 -0.09851074 0.06000900
v -0.18060303 -0.04773712 -0.02936554
v -0.06622314 -0.10240173 0.00510979
v -0.06884003 -0.11650085 0.04814529
v -0.05796051 -0.13291931 0.03720093
v -0.03920364 -0.16337585 0.02175140
v -0.04003143 -0.15690613 0.01586914
v -0.05197144 -0.12652588 0.00046149
v -0.14611816 -0.06042480 -0.03862762
v -0.10028839 -0.08650970 -0.01545143
v -0.05486298 -0.14273071 -0.01176453
v -0.05316544 -0.14863586 -0.01451778
v -0.07003021 -0.14259338 -0.02494431
v -0.05154800 -0.16558838 -0.02343750
v -0.08130646 -0.13024902 -0.02678871
v -0.10880280 -0.09970093 -0.03121376
v -0.15675354 -0.05912781 -0.04588318
v -0.15278625 -0.09153748 -0.01828003
v -0.11656189 -0.10083008 0.00419664
v -0.18878174 -0.05050278 -0.04229736
v -0.23234558 -0.03151703 -0.04019547
v -0.18458557 -0.06793976 -0.02577972
v -0.23229980 -0.03324127 -0.03993988
v -0.27401733 -0.03290939 -0.03032112
v -0.18336487 -0.08356476 -0.01145649
v -0.23114014 -0.06831360 -0.00062490
v -0.25717163 -0.04977798 -0.01476955
v -0.17362976 -0.08760071 0.02457619
v -0.22343445 -0.07040405 0.03324127
v -0.12030792 -0.10140991 0.02305984
v -0.21086121 -0.06424713 0.05197144
v -0.17178345 -0.08115387 0.03861237
v -0.16659546 -0.08634186 0.05766296
v 0.15403748 0.08752441 0.13601685
v 0.16659546 0.07239532 0.10123444
v 0.20411682 0.08985138 0.09510040
v 0.18090820 0.06198502 0.07175446
v 0.19929504 0.03079796 0.08998871
v 0.18960571 0.02764893 0.09333038
v 0.16162109 0.02054787 0.08716583
v 0.17594910 0.05130386 0.06095123
v 0.18814087 0.01176739 0.04926300
v 0.21983337 0.03085136 0.05560303
v 0.22921753 0.04192352 0.07978058
v 0.19844055 0.05661011 0.05730820
v 0.26480103 0.05487061 0.06523132
v 0.23788452 0.03056717 0.00647354
v 0.28305054 0.04680252 -0.00759602
v 0.25674438 0.05359268 0.06694794
v 0.24313354 0.07078552 0.04292297
v 0.27230835 0.10998535 0.00510216
v 0.32510376 0.08068085 0.05769730
v 0.29595947 0.10812378 0.00347257
v 0.30307007 0.05552292 -0.01193047
v 0.33386230 0.08049774 0.05110550
v 0.33944702 0.06834412 0.01348972
v 0.37338257 0.06760406 0.00818825
v 0.39129639 0.05930710 -0.02544022
v 0.34384155 0.05245590 -0.05757904
v 0.38708496 0.05358887 -0.07696533
v 0.35614014 0.10478973 -0.00395918
v 0.32385254 0.10050201 -0.06298065
v 0.40383911 0.08283234 -0.02656555
v 0.42062378 0.07257843 -0.01850891
v 0.41006470 0.05764008 -0.06083298
v 0.38214111 0.03009033 -0.08994293
v 0.39624023 0.08468628 -0.06090927
v 0.36007690 0.10012817 -0.08530426
v 0.39739990 0.03791428 -0.07866669
v 0.44577026 0.05189514 -0.07438660
v 0.43298340 0.04320526 -0.11108398
v 0.43881226 0.05488586 -0.03487778
v 0.47286987 0.01753616 -0.15960693
v 0.46139526 0.03917313 -0.06555176
v 0.48648071 0.02105141 -0.08950043
v 0.47460938 -0.02534294 -0.13217163
v 0.42205811 0.01619530 -0.13200378
v 0.43673706 0.00793934 -0.11457062
v 0.44299316 0.01340199 -0.09851837
v 0.37432861 0.03007507 -0.09664154
v 0.13560486 0.03728867 0.04886246
v 0.16162109 0.02054787 0.08716583
v 0.18960571 0.02764893 0.09333038
v 0.13772583 0.01558971 0.08177185
v 0.12831116 0.01123333 0.07996368
v 0.09387207 0.00434208 0.06478119
v 0.17594910 0.05130386 0.06095123
v 0.14700317 0.04657364 0.04517746
v 0.19844055 0.05661011 0.05730820
v 0.19929504 0.03079796 0.08998871
v 0.16348267 0.07159424 0.02384567
v 0.21978760 0.09034729 0.01069355
v 0.24313354 0.07078552 0.04292297
v 0.27230835 0.10998535 0.00510216
v 0.21995544 0.08557129 -0.03022385
v 0.13325500 0.05093002 0.01847839
v 0.12989807 0.03404617 0.04198074
v 0.10494232 0.02901459 0.01384068
v 0.15116882 0.06201935 -0.01049995
v 0.20623779 0.07399750 -0.05464554
v 0.11604309 0.03544617 -0.03068352
v 0.14083862 0.05015182 -0.04166031
v 0.18733215 0.07176971 -0.08388519
v 0.13615417 0.05517960 -0.10657501
v 0.11199188 0.03132629 -0.05958557
v 0.13369751 -0.00220990 -0.16706848
v 0.16375732 0.03414536 -0.14782715
v 0.10987854 0.03207397 -0.08872223
v 0.09410858 -0.02306175 -0.12533569
v 0.08733368 0.01391697 -0.07318878
v 0.09140015 0.01536274 -0.05431366
v 0.07624054 -0.00009988 -0.05804443
v 0.07088470 -0.00682259 -0.05789185
v 0.10137939 0.02350235 -0.04754257
v 0.10020447 0.01746368 -0.03229904
v 0.10484314 0.02583694 -0.01378918
v 0.10084534 0.01979065 -0.02367973
v 0.10654449 0.03177643 0.00326562
v 0.10298157 0.02498245 -0.01489449
v -0.10102081 -0.07032776 0.08822632
v -0.11149597 -0.05801773 0.10163879
v -0.10170746 -0.09438324 0.06740570
v -0.08495331 -0.09205627 0.06584930
v -0.08010101 -0.09851074 0.06000900
v -0.09779358 -0.06361389 0.05586243
v -0.11044312 -0.05704880 0.09992218
v 0.19430542 0.01384354 0.09079742
v 0.14143372 0.01078033 0.08024597
v 0.13862610 0.01517677 0.09654236
v 0.11039734 -0.04880142 0.11973572
v 0.06269836 -0.06702423 0.08040619
v 0.11924744 -0.06411743 0.07637787
v 0.14131165 -0.05604553 0.08813477
v 0.06995392 -0.07952881 0.05379486
v 0.08155060 -0.08242035 0.02839279
v 0.06699371 -0.11235046 0.02032471
v 0.03154373 -0.07611847 0.05948257
v 0.05524063 -0.11069489 0.04206848
v 0.04282761 -0.13911438 0.03149033
v 0.01204014 -0.12564087 0.03709793
v 0.02290726 -0.19648743 0.01809692
v 0.02142143 -0.10426331 0.04707718
v 0.02436256 -0.09151459 0.04461288
v 0.00712585 -0.16751099 0.02603149
v 0.00393867 -0.18679810 0.02064705
v -0.00391817 -0.13681030 0.03675842
v -0.01307678 -0.11087799 0.04551315
v 0.00997639 -0.04627609 0.06330109
v -0.01033878 -0.08135986 0.05496597
v -0.01884842 -0.11006927 0.04136276
v -0.00986576 -0.04433060 0.06856537
v 0.03813934 -0.04922867 0.05622864
v -0.05875015 -0.04189682 0.04162598
v -0.03850174 -0.02473640 0.09312439
v -0.04542923 -0.11061859 0.02783966
v -0.07495880 -0.03012085 0.05857849
v -0.06360626 -0.04217529 0.02854538
v -0.08129883 -0.02882576 0.04269409
v 0.03350830 -0.06664276 0.05293274
v 0.03993607 -0.04715347 0.05651093
v 0.05264282 -0.03285217 0.11775208
v 0.04732132 -0.04916763 0.05265427
v 0.07929993 -0.00259352 0.07595062
v 0.03413010 -0.06993866 0.06394196
v 0.06693268 -0.04351044 0.11195374
v -0.12213135 0.00755644 0.06171417
v -0.11070251 -0.00127804 0.10054016
v -0.14463806 0.03229141 0.06690979
v -0.10800171 -0.00632000 0.06062698
v -0.10328674 -0.01455688 0.05648422
v -0.08129883 -0.02882576 0.04269409
v -0.12785339 0.00335455 0.07241058
v -0.15069580 0.02009010 0.08569336
v -0.16015625 -0.00357437 0.02565193
v -0.11765289 -0.02202988 0.01795959
v -0.06360626 -0.04217529 0.02854538
v -0.16937256 -0.00518274 0.01074886
v -0.18452454 0.02478790 0.05203629
v -0.07298279 -0.04212952 0.00394011
v -0.13179016 -0.02126503 -0.00402880
v -0.06176758 -0.11016083 -0.01744652
v -0.04542923 -0.11061859 0.02783966
v -0.08287048 -0.04154205 -0.02311134
v -0.10887909 -0.02678490 -0.03615189
v -0.05197144 -0.12652588 0.00046149
v -0.04003143 -0.15690613 0.01586914
v -0.05316544 -0.14863586 -0.01451778
v -0.04697418 -0.15887451 -0.01898384
v -0.07549286 -0.04339218 -0.03062248
v -0.06459045 -0.07601929 -0.03251266
v -0.11495209 -0.02778053 -0.06272125
v -0.15005493 0.00065356 -0.04569244
v -0.15846252 -0.00018458 -0.06736755
v -0.16001892 -0.00675964 -0.09747314
v -0.18367004 0.01020908 -0.10496521
v -0.18992615 0.03231812 -0.04735184
v -0.19868469 0.02709770 -0.01713371
v -0.19395447 0.02733612 -0.07448578
v -0.21316528 0.03060150 -0.11624908
v -0.24502563 0.05277634 -0.08529663
v 0.16664124 -0.04233170 0.06059647
v 0.14131165 -0.05604553 0.08813477
v 0.14495850 -0.05447769 0.05134583
v 0.20251465 -0.05198288 0.03471756
v 0.13282776 -0.07431030 0.01655006
v 0.18601990 -0.05931091 -0.01642036
v 0.21295166 -0.05056381 -0.00754261
v 0.24838257 -0.04758835 0.00352979
v 0.18257141 -0.03432083 -0.05027390
v 0.15563965 -0.04851913 -0.04985809
v 0.20904541 -0.02419853 -0.04374313
v 0.11949158 -0.02567291 -0.01977730
v 0.22827148 -0.01702499 -0.03910828
v 0.25479126 -0.02629471 -0.01410770
v 0.27825928 -0.00237393 -0.02521706
v 0.24470520 0.00620508 -0.01261425
v 0.14559937 -0.01207829 -0.02056885
v 0.17239380 -0.00145829 -0.00843525
v 0.13124084 -0.01588821 -0.03696442
v 0.17889404 0.00284028 -0.00486422
v 0.17793274 0.01240349 -0.04341507
v 0.12374115 -0.03005028 -0.06022263
v 0.18264771 0.00695848 -0.01237869
v 0.19909668 0.01067257 0.00480700
v 0.21697998 0.01801872 0.01132393
v 0.27600098 0.01604271 0.04695129
v 0.21681213 0.02103424 0.02442551
v 0.23788452 0.03056717 0.00647354
v 0.19735718 0.02538300 -0.04674149
v 0.28305054 0.04680252 -0.00759602
v 0.20726013 0.02186775 -0.07710266
v 0.23101807 0.04031372 -0.06020737
v 0.16456604 -0.01684952 -0.08998871
v 0.18841553 -0.00098300 -0.10112762
v 0.14492798 -0.00853825 -0.13801575
v 0.10602570 -0.01844215 -0.13635254
v -0.18653870 0.04064178 0.08241272
v -0.21878052 0.08206940 0.05079269
v -0.22723389 0.06618500 0.07951355
v -0.18452454 0.02478790 0.05203629
v -0.16015625 -0.00357437 0.02565193
v -0.15069580 0.02009010 0.08569336
v -0.14463806 0.03229141 0.06690979
v -0.12213135 0.00755644 0.06171417
v -0.16210938 0.04452515 0.06169128
v -0.16125488 0.04649353 0.05846786
v -0.17778015 0.06298828 0.04701233
v -0.14021301 0.04237747 0.04732895
v -0.13621521 0.06477356 0.01593590
v -0.16365051 0.07804871 0.01578140
v -0.19139099 0.08702850 -0.02477837
v -0.20106506 0.09730530 0.01658058
v -0.23089600 0.10726166 -0.01994514
v -0.26943970 0.10324860 0.06063080
v -0.25164795 0.12124634 0.01903343
v -0.27520752 0.09590912 0.07635498
v -0.23071289 0.05796051 0.06038666
v -0.28372192 0.06628418 0.00853348
v -0.25146484 0.04771805 0.01282120
v -0.21868896 0.03070068 0.01519871
v -0.19868469 0.02709770 -0.01713371
v -0.16937256 -0.00518274 0.01074886
v 0.16162109 0.02054787 0.08716583
v 0.13772583 0.01558971 0.08177185
v 0.18814087 0.01176739 0.04926300
v 0.13409424 0.00553799 0.06193924
v 0.12831116 0.01123333 0.07996368
v 0.14143372 0.01078033 0.08024597
v 0.13786316 -0.00019105 0.04986572
v 0.20965576 0.00906658 0.07892609
v 0.16200256 0.00532913 0.04749298
v 0.20277405 0.01628876 0.04124069
v 0.21983337 0.03085136 0.05560303
v 0.21681213 0.02103424 0.02442551
v 0.23788452 0.03056717 0.00647354
v 0.11924744 -0.06411743 0.07637787
v 0.14495850 -0.05447769 0.05134583
v 0.14131165 -0.05604553 0.08813477
v 0.11837769 -0.06835938 0.03505707
v 0.08155060 -0.08242035 0.02839279
v 0.13282776 -0.07431030 0.01655006
v 0.08910370 -0.08185577 0.01598930
v 0.06699371 -0.11235046 0.02032471
v 0.09542084 -0.08387756 0.00506020
v 0.08715820 -0.08522797 -0.01469421
v 0.07398987 -0.11890411 0.00291872
v 0.04282761 -0.13911438 0.03149033
v 0.05892944 -0.14404297 0.00129163
v 0.04169083 -0.13555908 -0.03539658
v 0.06463623 -0.10206604 -0.04102707
v 0.07586670 -0.08449554 -0.04307175
v 0.10277557 -0.07956696 -0.03576660
v 0.04518127 -0.10524750 -0.02727890
v 0.05282211 -0.08345032 -0.02452469
v 0.05835724 -0.06789398 -0.02302742
v 0.03468704 -0.13562012 -0.03030777
v 0.03881454 -0.08354187 -0.05683136
v 0.04803848 -0.04847717 -0.06383514
v 0.02625465 -0.16824341 -0.03284836
v 0.02393532 -0.16711426 -0.03259659
v 0.02546883 -0.14440918 -0.04946899
v 0.02322769 -0.15060425 -0.04354095
v 0.02919579 -0.12084961 -0.04901123
v 0.02965546 -0.11947632 -0.05515289
v 0.02458954 -0.13990784 -0.05240250
v 0.01253986 -0.10672760 -0.06581116
v 0.03771973 -0.08789825 -0.06105804
v 0.04747009 -0.04955292 -0.06849670
v 0.02672386 -0.04820251 -0.07814026
v -0.29977417 0.09299469 0.06985474
v -0.27520752 0.09590912 0.07635498
v -0.33773804 0.09169769 0.06142807
v -0.26943970 0.10324860 0.06063080
v -0.28372192 0.06628418 0.00853348
v -0.30679321 0.11752319 0.01078033
v -0.25164795 0.12124634 0.01903343
v -0.33923340 0.08936310 0.06090927
v -0.33679199 0.07161713 0.00556469
v -0.34701538 0.09814453 0.04295349
v -0.37350464 0.07888031 0.01424885
v -0.31747437 0.06813812 -0.03554535
v -0.36822510 0.11193848 0.00404692
v -0.38058472 0.07297516 -0.04935837
v -0.36886597 0.07254028 -0.06366730
v -0.36056519 0.07348633 -0.07064056
v -0.39944458 0.07519531 -0.00969315
v -0.40985107 0.06903076 -0.01845169
v -0.39105225 0.09727478 -0.01132107
v -0.43869019 0.06990814 -0.04251099
v -0.46502686 0.04851151 -0.05296707
v -0.28002930 0.06871796 -0.02978134
v -0.25146484 0.04771805 0.01282120
v -0.19868469 0.02709770 -0.01713371
v -0.26986694 0.07317352 -0.05661392
v -0.18992615 0.03231812 -0.04735184
v -0.31631470 0.06838226 -0.08873749
v -0.27581787 0.07009125 -0.08180237
v -0.27285767 0.06473541 -0.12585449
v -0.24502563 0.05277634 -0.08529663
v -0.25012207 0.05064392 -0.12090302
v -0.20387268 0.04510498 -0.16125488
v -0.21316528 0.03060150 -0.11624908
v -0.19395447 0.02733612 -0.07448578
v -0.18367004 0.01020908 -0.10496521
v 0.02267075 -0.03311920 0.03042221
v -0.00020635 -0.03521347 0.04063034
v -0.00595379 -0.01600266 0.05940628
v -0.01223373 -0.02909660 0.03471375
v 0.02094650 0.01117516 0.04526138
v 0.03106880 -0.01951027 0.03251648
v 0.03715515 -0.02691269 0.02340508
v 0.06626892 0.02044868 0.03278732
v 0.05533600 -0.01933861 0.02519798
v 0.05032349 -0.03178787 0.02282715
v 0.04885483 -0.04075623 0.02528000
v 0.04677963 -0.04089355 0.01656342
v 0.03333664 -0.05302429 0.00868702
v 0.00966835 -0.06174850 0.02489662
v 0.03255463 -0.06390381 0.02033234
v 0.02230263 -0.09682465 0.00257850
v 0.04260254 -0.05304718 -0.00193226
v 0.01155376 -0.13372803 0.00529861
v 0.01191998 -0.15443420 -0.01244926
v 0.03037071 -0.10148621 -0.00915909
v -0.00319695 -0.17448425 -0.00258541
v 0.00164700 -0.12788391 0.00851250
v -0.00940990 -0.17871094 -0.00004356
v -0.00760937 -0.12001801 0.01413918
v -0.00589895 -0.06480408 0.02871513
v -0.01841927 -0.12980652 0.00598526
v -0.01682663 -0.17596436 -0.00330925
v -0.02899742 -0.02647209 0.02604866
v -0.04727173 0.01022720 0.04252243
v -0.03912354 -0.08132935 0.01057243
v -0.03499985 -0.11971283 -0.01538849
v -0.05830383 -0.01597023 0.02498245
v -0.04803467 -0.05542755 0.01328754
v -0.05827332 -0.03322601 0.01412487
v -0.11254120 0.01546383 0.03593063
v -0.14021301 0.04237747 0.04732895
v -0.08688354 0.06732178 0.07015991
v -0.08448792 0.01137638 -0.00137317
v -0.13621521 0.06477356 0.01593590
v -0.09252167 -0.00353527 0.02823448
v -0.06815338 0.03851318 0.05622101
v -0.07183075 -0.02063370 0.01993179
v -0.05830383 -0.01597023 0.02498245
v -0.05827332 -0.03322601 0.01412487
v -0.07670593 -0.00049007 0.00217104
v -0.05648422 -0.02915955 -0.00528336
v -0.04803467 -0.05542755 0.01328754
v -0.04531097 -0.07082367 -0.00833321
v -0.03912354 -0.08132935 0.01057243
v -0.05683136 -0.02534866 -0.02388573
v -0.08708191 0.00712824 -0.04111862
v -0.11148071 0.03198242 -0.04548264
v -0.13580322 0.05874252 -0.02022934
v -0.19139099 0.08702850 -0.02477837
v -0.13403320 0.05191422 -0.04637527
v -0.13273621 0.05959702 -0.07512665
v -0.19203186 0.08068085 -0.05280304
v -0.16072083 0.07249451 -0.07706451
v -0.19087219 0.08800507 -0.07997131
v -0.18641663 0.09273529 -0.11905670
v 0.00393867 -0.18679810 0.02064705
v -0.01707268 -0.20724487 0.03648758
v -0.00080955 -0.18701172 0.01910973
v -0.02222252 -0.18283081 0.00899982
v -0.03470993 -0.18911743 0.01394939
v 0.02343369 -0.20498657 0.01174355
v 0.02290726 -0.19648743 0.01809692
v -0.00166428 -0.18209839 0.00312972
v -0.02015114 -0.17654419 -0.01258087
v -0.01682663 -0.17596436 -0.00330925
v -0.00940990 -0.17871094 -0.00004356
v -0.00319695 -0.17448425 -0.00258541
v 0.00682974 -0.18421936 -0.00942135
v 0.03351212 -0.20857239 -0.00948524
v 0.04458237 -0.18086243 -0.00469017
v 0.04160690 -0.16943359 0.00972176
v 0.04282761 -0.13911438 0.03149033
v 0.05892944 -0.14404297 0.00129163
v 0.05170822 -0.02585411 0.00788403
v 0.05533600 -0.01933861 0.02519798
v 0.07872009 0.00234914 0.01313496
v 0.05032349 -0.03178787 0.02282715
v 0.05533600 -0.01933861 0.02519798
v 0.05170822 -0.02585411 0.00788403
v 0.04677963 -0.04089355 0.01656342
v 0.04260254 -0.05304718 -0.00193226
v 0.03333664 -0.05302429 0.00868702
v 0.05026245 -0.03608322 -0.00470114
v 0.03782272 -0.07385254 -0.00915146
v 0.03731537 -0.03461075 -0.02043915
v 0.03037071 -0.10148621 -0.00915909
v 0.02230263 -0.09682465 0.00257850
v 0.02213287 -0.08193970 -0.02230263
v 0.01191998 -0.15443420 -0.01244926
v 0.03184891 -0.03435898 -0.02674294
v 0.00998020 -0.13357544 -0.01676750
v 0.02025223 -0.08728790 -0.02753067
v 0.01252556 -0.12422180 -0.02177811
v 0.01496410 -0.08432007 -0.04547501
v 0.02009010 -0.04181290 -0.05716324
v -0.00535059 -0.03176498 -0.06088257
v 0.00941467 -0.12034607 -0.03510284
v -0.00703526 -0.09898376 -0.04333878
v 0.00125992 -0.17791748 -0.01664925
v 0.00255919 -0.15635681 -0.02865219
v -0.20106506 0.09730530 0.01658058
v -0.25350952 0.11802673 -0.01207638
v -0.23089600 0.10726166 -0.01994514
v -0.30197144 0.11966705 -0.02371788
v -0.34146118 0.11702728 -0.06199646
v -0.35736084 0.11687469 -0.06032944
v -0.35498047 0.11660767 -0.06753540
v -0.30841064 0.11766052 -0.09107208
v -0.33856201 0.11528015 -0.10074615
v -0.28945923 0.11344147 -0.05899811
v -0.26104736 0.11068726 -0.05648804
v -0.25131226 0.11522675 -0.08891296
v -0.22802734 0.09647369 -0.05407715
v -0.19139099 0.08702850 -0.02477837
v -0.28231812 0.11722565 -0.11138916
v -0.19087219 0.08800507 -0.07997131
v -0.19203186 0.08068085 -0.05280304
v -0.22265625 0.10372162 -0.08615112
v -0.24055481 0.11920166 -0.13514709
v -0.22262573 0.11064911 -0.13078308
v -0.18641663 0.09273529 -0.11905670
v -0.24725342 0.11010742 -0.15403748
v -0.28250122 0.11611176 -0.13925171
v -0.28604126 0.09770966 -0.17607117
v -0.26058960 0.09024048 -0.19369507
v -0.30697632 0.08653259 -0.19374084
v -0.34777832 0.11033630 -0.14723206
v -0.31137085 0.11351013 -0.14187622
v -0.34826660 0.11305237 -0.12235260
v 0.08498383 0.00518322 -0.00082576
v 0.07872009 0.00234914 0.01313496
v 0.10494232 0.02901459 0.01384068
v 0.05170822 -0.02585411 0.00788403
v 0.10404968 0.02775383 0.00475740
v 0.10654449 0.03177643 0.00326562
v 0.07035828 0.06035614 -0.01802444
v 0.05094147 0.00738716 -0.01915169
v 0.04060364 -0.00455713 -0.03550720
v 0.12753296 0.07077026 0.00351787
v 0.06424713 0.07860565 -0.05440140
v 0.02776718 0.01153946 -0.05210876
v 0.02771568 0.04992676 -0.06883240
v 0.11289978 0.04824066 -0.01722908
v 0.10298157 0.02498245 -0.01489449
v 0.10137939 0.02350235 -0.04754257
v 0.10084534 0.01979065 -0.02367973
v 0.10020447 0.01746368 -0.03229904
v 0.10211945 0.02634621 -0.05058670
v 0.09140015 0.01536274 -0.05431366
v 0.11911774 0.06082153 -0.05623245
v 0.08376312 0.03607941 -0.07021332
v 0.07624054 -0.00009988 -0.05804443
v 0.07088470 -0.00682259 -0.05789185
v 0.06957245 0.00353599 -0.07341766
v 0.06777954 0.01419830 -0.09218597
v 0.09433746 0.06768036 -0.08041382
v 0.07892609 0.05429840 -0.11006165
v 0.01608658 0.05081558 -0.12291718
v 0.10999298 0.09148407 -0.09794617
v 0.05324173 0.06421661 -0.13636780
v 0.06694794 0.08109283 -0.15573120
v 0.10075378 0.09161377 -0.15531921
v 0.10989380 0.10034943 -0.14135742
v 0.12433624 0.11431885 -0.11454010
v 0.13848877 0.07787323 -0.06512451
v 0.16532898 0.10293579 -0.07446289
v 0.13882446 0.07706451 -0.03136444
v 0.15460205 0.08766937 -0.00489807
v 0.18620300 0.12622070 -0.02434158
v 0.12974548 0.10413361 -0.01670265
v 0.10608673 0.07484436 -0.00274754
v 0.15072632 0.13838196 -0.03279877
v 0.15534973 0.19297791 -0.08198547
v 0.13618469 0.17047119 -0.06039047
v 0.10172272 0.12139130 -0.03054810
v 0.12133026 0.15382385 -0.04465485
v 0.07984161 0.08883667 -0.01745796
v 0.10757446 0.14868164 -0.07643127
v 0.14173889 0.19192505 -0.11113739
v 0.09935760 0.14640808 -0.09746552
v 0.08089447 0.10959625 -0.07569122
v 0.07531738 0.14569092 -0.11128998
v 0.10908508 0.19021606 -0.15254211
v 0.05954742 0.11376953 -0.09069824
v 0.04854584 0.14326477 -0.12644958
v 0.08087158 0.18446350 -0.16687012
v 0.04012299 0.11503601 -0.10414886
v 0.04158020 0.11705780 -0.13348389
v 0.02754211 0.08255768 -0.08101654
v 0.03411865 0.09754181 -0.11850739
v 0.02162170 0.02264595 -0.08345795
v 0.02139473 0.06760406 -0.10134125
v -0.27252197 -0.02285576 0.00211954
v -0.31478882 -0.02242088 0.00787735
v -0.27743530 -0.01473045 0.03143692
v -0.31024170 -0.03169250 -0.02173996
v -0.23234558 -0.03151703 -0.04019547
v -0.36367798 -0.03736496 -0.00478125
v -0.27401733 -0.03290939 -0.03032112
v -0.30407715 -0.04023743 -0.01243019
v -0.30773926 -0.06101608 0.01972771
v -0.25717163 -0.04977798 -0.01476955
v -0.23229980 -0.03324127 -0.03993988
v 0.05026245 -0.03608322 -0.00470114
v 0.05170822 -0.02585411 0.00788403
v 0.05490875 -0.03007507 -0.01028442
v 0.08498383 0.00518322 -0.00082576
v 0.03731537 -0.03461075 -0.02043915
v 0.05094147 0.00738716 -0.01915169
v 0.03184891 -0.03435898 -0.02674294
v 0.04060364 -0.00455713 -0.03550720
v 0.02776718 0.01153946 -0.05210876
v 0.02348518 -0.00849628 -0.06116104
v 0.02009010 -0.04181290 -0.05716324
v 0.02162170 0.02264595 -0.08345795
v 0.02771568 0.04992676 -0.06883240
v 0.01957893 -0.02991295 -0.06593323
v -0.00535059 -0.03176498 -0.06088257
v -0.03499985 -0.11971283 -0.01538849
v -0.04531097 -0.07082367 -0.00833321
v -0.03912354 -0.08132935 0.01057243
v -0.04693604 -0.06735229 -0.02140236
v -0.05648422 -0.02915955 -0.00528336
v -0.05683136 -0.02534866 -0.02388573
v -0.04243469 -0.06708527 -0.03293610
v -0.03016090 -0.12191010 -0.02332497
v -0.02015114 -0.17654419 -0.01258087
v -0.01682663 -0.17596436 -0.00330925
v -0.01765442 -0.17440796 -0.02095604
v -0.03265381 -0.10778046 -0.03635406
v -0.04404831 -0.06041336 -0.04834366
v -0.05088043 -0.02781105 -0.04018784
v -0.02226067 -0.17753601 -0.01956558
v -0.00687361 -0.17976379 -0.02407455
v -0.00859737 -0.15428162 -0.03040504
v -0.01689339 -0.13296509 -0.03157043
v -0.01974678 -0.07885742 -0.04407120
v -0.02339172 -0.02793884 -0.05631638
v -0.00535059 -0.03176498 -0.06088257
v -0.00703526 -0.09898376 -0.04333878
v 0.01496410 -0.08432007 -0.04547501
v 0.00255919 -0.15635681 -0.02865219
v 0.04458237 -0.18086243 -0.00469017
v 0.05892944 -0.14404297 0.00129163
v 0.04160690 -0.16943359 0.00972176
v 0.02625465 -0.16824341 -0.03284836
v 0.04169083 -0.13555908 -0.03539658
v 0.02198601 -0.18310547 -0.02704430
v 0.03351212 -0.20857239 -0.00948524
v 0.01807785 -0.19276428 -0.02803993
v 0.00682974 -0.18421936 -0.00942135
v 0.00634289 -0.18196106 -0.02680397
v 0.01668167 -0.19946289 -0.03319931
v 0.02827072 -0.17141724 -0.03209305
v 0.02624702 -0.19442749 -0.05520630
v 0.01526642 -0.21084595 -0.04446411
v 0.00143874 -0.19419861 -0.04399490
v 0.14884949 -0.06906128 -0.02571297
v 0.18601990 -0.05931091 -0.01642036
v 0.13282776 -0.07431030 0.01655006
v 0.08715820 -0.08522797 -0.01469421
v 0.10277557 -0.07956696 -0.03576660
v 0.14274597 -0.05621719 -0.04862976
v 0.15563965 -0.04851913 -0.04985809
v 0.11278534 -0.06785583 -0.04689407
v 0.07586670 -0.08449554 -0.04307175
v 0.05835724 -0.06789398 -0.02302742
v 0.09551239 -0.03696060 -0.01765060
v 0.11949158 -0.02567291 -0.01977730
v 0.06673431 -0.03978348 -0.00591230
v -0.00166428 -0.18209839 0.00312972
v -0.00319695 -0.17448425 -0.00258541
v 0.00682974 -0.18421936 -0.00942135
v 0.00127196 -0.17614746 -0.01235199
v 0.01191998 -0.15443420 -0.01244926
v 0.00998020 -0.13357544 -0.01676750
v 0.00125992 -0.17791748 -0.01664925
v 0.01252556 -0.12422180 -0.02177811
v 0.00634289 -0.18196106 -0.02680397
v -0.00687361 -0.17976379 -0.02407455
v 0.00255919 -0.15635681 -0.02865219
v -0.00859737 -0.15428162 -0.03040504
v 0.27230835 0.10998535 0.00510216
v 0.21995544 0.08557129 -0.03022385
v 0.21978760 0.09034729 0.01069355
v 0.27011108 0.10204315 -0.04118347
v 0.23767090 0.08344269 -0.06272125
v 0.20623779 0.07399750 -0.05464554
v 0.32385254 0.10050201 -0.06298065
v 0.29595947 0.10812378 0.00347257
v 0.27966309 0.09701538 -0.07417297
v 0.22526550 0.08606720 -0.09558105
v 0.18733215 0.07176971 -0.08388519
v 0.36007690 0.10012817 -0.08530426
v 0.35614014 0.10478973 -0.00395918
v 0.18788147 0.07388306 -0.12292480
v 0.13615417 0.05517960 -0.10657501
v 0.16375732 0.03414536 -0.14782715
v 0.32067871 0.09513855 -0.08585358
v 0.25991821 0.09716797 -0.10816193
v 0.24816895 0.09500885 -0.15115356
v 0.19496155 0.02746391 -0.17483521
v 0.18109131 0.01953697 -0.17257690
v 0.13369751 -0.00220990 -0.16706848
v 0.14492798 -0.00853825 -0.13801575
v 0.18841553 -0.00098300 -0.10112762
v 0.21900940 0.01811028 -0.11544037
v 0.23550415 0.04812622 -0.19146729
v 0.20726013 0.02186775 -0.07710266
v 0.24586487 0.03807449 -0.09002686
v 0.23101807 0.04031372 -0.06020737
v 0.26287842 0.06362152 -0.20605469
v 0.27554321 0.04575348 -0.13677979
v 0.28228760 0.05208588 -0.10278320
v 0.28533936 0.05937195 -0.07086945
v 0.32415771 0.04906845 -0.10842896
v 0.32424927 0.04856873 -0.15513611
v 0.36703491 0.05265045 -0.09693146
v 0.29483032 0.05676651 -0.04534531
v 0.19735718 0.02538300 -0.04674149
v 0.28305054 0.04680252 -0.00759602
v 0.30307007 0.05552292 -0.01193047
v 0.34384155 0.05245590 -0.05757904
v 0.38708496 0.05358887 -0.07696533
v 0.38214111 0.03009033 -0.08994293
v 0.37432861 0.03007507 -0.09664154
v 0.37570190 0.02924347 -0.10813904
v 0.42205811 0.01619530 -0.13200378
v 0.41009521 0.03593445 -0.16499329
v 0.38146973 0.05038834 -0.13677979
v 0.38836670 0.04664993 -0.16687012
v 0.43054199 0.04121399 -0.16065979
v 0.36254883 0.04792404 -0.17506409
v 0.30541992 0.06264496 -0.20582581
v 0.39190674 0.06499481 -0.16357422
v 0.33099365 0.07243347 -0.18870544
v 0.35922241 0.08592987 -0.16940308
v 0.36209106 0.09602356 -0.11043549
v 0.43298340 0.04320526 -0.11108398
v 0.27868652 0.09344482 -0.15527344
v 0.32299805 0.09664154 -0.10751343
v 0.36276245 0.09475708 -0.09949493
v 0.39624023 0.08468628 -0.06090927
v 0.06673431 -0.03978348 -0.00591230
v 0.07221985 -0.03710175 -0.00859070
v 0.09551239 -0.03696060 -0.01765060
v 0.06079483 -0.05011749 -0.01656723
v 0.06558990 -0.04409409 -0.02244186
v 0.08763123 -0.04064560 -0.02947235
v 0.11949158 -0.02567291 -0.01977730
v 0.13124084 -0.01588821 -0.03696442
v 0.12374115 -0.03005028 -0.06022263
v 0.06542969 -0.04182434 -0.03010750
v 0.04803848 -0.04847717 -0.06383514
v 0.05835724 -0.06789398 -0.02302742
v 0.06706238 -0.04461670 -0.05073166
v 0.11544037 -0.02822876 -0.08515167
v 0.16456604 -0.01684952 -0.08998871
v 0.07616425 -0.04063797 -0.07445526
v 0.06807709 -0.03792953 -0.09418488
v 0.06594849 -0.03938293 -0.08995056
v 0.07007599 -0.03875732 -0.10118103
v 0.04747009 -0.04955292 -0.06849670
v 0.03881454 -0.08354187 -0.05683136
v 0.02672386 -0.04820251 -0.07814026
v 0.03771973 -0.08789825 -0.06105804
v 0.03474426 -0.03837204 -0.11574554
v 0.08122253 -0.03321838 -0.11981201
v 0.06079483 -0.05011749 -0.01656723
v 0.06673431 -0.03978348 -0.00591230
v 0.05835724 -0.06789398 -0.02302742
v 0.06558990 -0.04409409 -0.02244186
v -0.02226067 -0.17753601 -0.01956558
v -0.02015114 -0.17654419 -0.01258087
v -0.03756714 -0.18923950 -0.02280235
v -0.01765442 -0.17440796 -0.02095604
v -0.02222252 -0.18283081 0.00899982
v -0.02834511 -0.18888855 -0.03005219
v -0.00687361 -0.17976379 -0.02407455
v 0.00143874 -0.19419861 -0.04399490
v 0.00634289 -0.18196106 -0.02680397
v -0.02518845 -0.20884705 -0.05431747
v -0.03209305 -0.20581055 -0.04759979
v -0.03958130 -0.21009827 -0.04868317
v -0.03824615 -0.20849609 -0.05191803
v -0.04221725 -0.20046997 -0.04510498
v -0.01530552 -0.21012878 -0.06095123
v -0.04909515 -0.18316650 -0.06098557
v -0.03279877 -0.21195984 -0.05772400
v -0.02069473 -0.18507385 -0.06764984
v -0.04204941 -0.17903137 -0.06367493
v -0.02787590 -0.15612793 -0.09052277
v -0.01870728 -0.16500854 -0.07762146
v -0.00101388 -0.19781494 -0.05030441
v 0.01526642 -0.21084595 -0.04446411
v -0.00195169 -0.17897034 -0.05679321
v 0.00553036 -0.16407776 -0.06104279
v 0.00599098 -0.20312500 -0.05190659
v 0.00673723 -0.16436768 -0.06649017
v 0.01893234 -0.18292236 -0.06284332
v 0.02624702 -0.19442749 -0.05520630
v 0.03090286 -0.16453552 -0.07331848
v 0.03837967 -0.17448425 -0.06828308
v 0.01261997 -0.15470886 -0.06450653
v 0.01382446 -0.14863586 -0.06923676
v -0.02576637 -0.13209534 -0.10992432
v -0.04417801 -0.12641907 -0.09872437
v 0.01023006 -0.12062073 -0.10120392
v 0.02287865 -0.12538147 -0.08820343
v 0.03163147 -0.10465240 -0.10545349
v 0.00259304 -0.10438538 -0.11959839
v -0.02310371 -0.10236359 -0.13459778
v -0.06590271 -0.09409332 -0.10936737
v -0.05306244 -0.13151550 -0.08584595
v -0.04628754 -0.14968872 -0.07532501
v -0.07450867 -0.12337494 -0.08668518
v -0.08924103 -0.09572601 -0.10009766
v -0.06275940 -0.14804077 -0.07504272
v -0.05441284 -0.16471863 -0.06862640
v -0.07994080 -0.11917114 -0.06414795
v -0.10079956 -0.09292603 -0.04109955
v -0.07688141 -0.12257385 -0.03626633
v -0.04977798 -0.16952515 -0.04550171
v -0.04709625 -0.16708374 -0.02628708
v -0.04662323 -0.18955994 -0.03274918
v -0.03983688 -0.18756104 -0.02709579
v -0.04420090 -0.17503357 -0.02396202
v -0.04943848 -0.20713806 0.00016403
v -0.05574036 -0.15119934 -0.02949524
v -0.04861450 -0.12432861 -0.04397964
v -0.05201340 -0.08547211 -0.06166077
v -0.04447937 -0.15638733 -0.02828789
v -0.04697418 -0.15887451 -0.01898384
v -0.05154800 -0.16558838 -0.02343750
v -0.05316544 -0.14863586 -0.01451778
v -0.04946518 -0.09665680 -0.05532455
v -0.05292892 -0.07608032 -0.06245422
v -0.04746628 -0.12533569 -0.04231644
v -0.05417252 -0.09655762 -0.04494858
v -0.07032776 -0.04189301 -0.05890274
v -0.06459045 -0.07601929 -0.03251266
v -0.06690216 -0.04473114 -0.05213165
v -0.06176758 -0.11016083 -0.01744652
v -0.38555908 0.09952545 -0.05824280
v -0.39105225 0.09727478 -0.01132107
v -0.36822510 0.11193848 0.00404692
v -0.35736084 0.11687469 -0.06032944
v -0.43869019 0.06990814 -0.04251099
v -0.35498047 0.11660767 -0.06753540
v -0.42190552 0.06632233 -0.08029938
v -0.46957397 0.04856873 -0.08769989
v -0.46502686 0.04851151 -0.05296707
v -0.42324829 0.06940460 -0.10096741
v -0.47293091 0.04674149 -0.09804535
v -0.35659790 0.11233521 -0.08869934
v -0.33856201 0.11528015 -0.10074615
v -0.34826660 0.11305237 -0.12235260
v -0.41040039 0.07478333 -0.13000488
v -0.37210083 0.09636688 -0.13945007
v -0.34777832 0.11033630 -0.14723206
v -0.38760376 0.07154083 -0.13955688
v -0.44061279 0.05162048 -0.12493896
v -0.48519897 0.01962090 -0.08852386
v -0.42153931 0.04132462 -0.09500885
v -0.43722534 0.03526688 -0.08128357
v -0.40985107 0.06903076 -0.01845169
v -0.37960815 0.05038071 -0.06195450
v -0.38058472 0.07297516 -0.04935837
v -0.36886597 0.07254028 -0.06366730
v -0.36056519 0.07348633 -0.07064056
v -0.37844849 0.04712296 -0.07409668
v -0.37670898 0.04958725 -0.08585358
v -0.36129761 0.07157898 -0.07951355
v -0.31631470 0.06838226 -0.08873749
v -0.37448120 0.07277679 -0.10676575
v -0.32189941 0.06940460 -0.13639832
v -0.36065674 0.07280731 -0.15090942
v -0.27285767 0.06473541 -0.12585449
v -0.32757568 0.08106995 -0.17681885
v -0.30697632 0.08653259 -0.19374084
v -0.28381348 0.07718658 -0.16098022
v -0.26058960 0.09024048 -0.19369507
v -0.21891785 0.06513214 -0.18698120
v 0.02198601 -0.18310547 -0.02704430
v 0.02827072 -0.17141724 -0.03209305
v 0.02625465 -0.16824341 -0.03284836
v 0.03426743 -0.16235352 -0.03494263
v 0.02546883 -0.14440918 -0.04946899
v 0.05986404 -0.11419678 -0.05965805
v 0.02458954 -0.13990784 -0.05240250
v 0.04398346 -0.10647583 -0.07049561
v 0.03707886 -0.10369873 -0.11750031
v 0.05784225 -0.07697296 -0.08570099
v 0.08973694 -0.10929871 -0.05319977
v 0.06090164 -0.13510132 -0.04523468
v 0.08084106 -0.11789703 -0.05025101
v 0.05254745 -0.14570618 -0.04212952
v 0.07595825 -0.12521362 -0.06954956
v 0.07202911 -0.12670898 -0.09698486
v 0.08245087 -0.11189270 -0.10536194
v 0.03330994 -0.11018372 -0.12402344
v 0.06187057 -0.14250183 -0.08872986
v 0.04399109 -0.14213562 -0.08951569
v 0.04505920 -0.16163635 -0.07742310
v 0.05334854 -0.15443420 -0.08161163
v 0.03504944 -0.16876221 -0.04987335
v 0.02624702 -0.19442749 -0.05520630
v 0.03837967 -0.17448425 -0.06828308
v 0.03090286 -0.16453552 -0.07331848
v 0.01893234 -0.18292236 -0.06284332
v -0.06459045 -0.07601929 -0.03251266
v -0.07549286 -0.04339218 -0.03062248
v -0.06690216 -0.04473114 -0.05213165
v -0.11495209 -0.02778053 -0.06272125
v -0.07032776 -0.04189301 -0.05890274
v -0.05417252 -0.09655762 -0.04494858
v -0.05438614 -0.04192352 -0.07968903
v -0.05292892 -0.07608032 -0.06245422
v -0.16001892 -0.00675964 -0.09747314
v -0.05147171 -0.06183624 -0.07303619
v -0.12290955 -0.01272202 -0.10593414
v -0.14447021 0.00622940 -0.14581299
v -0.07127380 -0.02254105 -0.11257172
v -0.10650635 0.00220323 -0.15541077
v -0.07824707 -0.01400375 -0.12459564
v -0.05042648 -0.04219818 -0.07521820
v -0.04714203 -0.07165527 -0.06736755
v -0.03048706 -0.06748199 -0.07672882
v -0.00678205 -0.05958176 -0.08947754
v -0.00637674 -0.04583359 -0.09434509
v -0.07871246 -0.01016045 -0.12352753
v -0.09661865 0.00960064 -0.12666321
v -0.06167603 -0.02863121 -0.09558868
v -0.03033829 -0.03460312 -0.11032104
v -0.07369232 -0.00098026 -0.15797424
v -0.01269913 -0.02456284 -0.12663269
v 0.01240921 -0.03623581 -0.12988281
v -0.01675415 -0.00271320 -0.15858459
v 0.03474426 -0.03837204 -0.11574554
v 0.02672386 -0.04820251 -0.07814026
v 0.08122253 -0.03321838 -0.11981201
v 0.03298187 -0.02102280 -0.17933655
v -0.04243469 -0.06708527 -0.03293610
v -0.05088043 -0.02781105 -0.04018784
v -0.05683136 -0.02534866 -0.02388573
v -0.06756592 -0.00185454 -0.05922318
v -0.08708191 0.00712824 -0.04111862
v -0.10314941 0.03352737 -0.07160950
v -0.11148071 0.03198242 -0.04548264
v -0.07541656 0.01044083 -0.07460022
v -0.05138016 -0.03155518 -0.05613708
v -0.04404831 -0.06041336 -0.04834366
v -0.02339172 -0.02793884 -0.05631638
v -0.07139587 0.00023410 -0.08287048
v -0.03427887 0.00537252 -0.07524109
v -0.00535059 -0.03176498 -0.06088257
v -0.04669952 0.03185654 -0.09493256
v 0.00038856 -0.00393105 -0.08926392
v -0.08254242 0.00971985 -0.09152985
v -0.10095215 0.03690338 -0.09103394
v 0.01957893 -0.02991295 -0.06593323
v 0.01662445 -0.00208831 -0.09076691
v 0.01504898 0.01629066 -0.10829926
v 0.02162170 0.02264595 -0.08345795
v -0.22802734 0.09647369 -0.05407715
v -0.19139099 0.08702850 -0.02477837
v -0.19203186 0.08068085 -0.05280304
v -0.18992615 0.03231812 -0.04735184
v -0.19868469 0.02709770 -0.01713371
v -0.28002930 0.06871796 -0.02978134
v 0.17796326 0.13151550 -0.09373474
v 0.19189453 0.13806152 -0.03591537
v 0.18620300 0.12622070 -0.02434158
v 0.15534973 0.19297791 -0.08198547
v 0.16532898 0.10293579 -0.07446289
v 0.14173889 0.19192505 -0.11113739
v 0.13618469 0.17047119 -0.06039047
v 0.18231201 0.22731018 -0.11363220
v 0.20681763 0.16734314 -0.06362152
v 0.14140320 0.15513611 -0.14051819
v 0.12433624 0.11431885 -0.11454010
v 0.20300293 0.17213440 -0.09294128
v 0.12704468 0.13882446 -0.15698242
v 0.10989380 0.10034943 -0.14135742
v 0.19920349 0.18174744 -0.12969971
v 0.10075378 0.09161377 -0.15531921
v 0.22042847 0.19248962 -0.08609772
v 0.21917725 0.20121765 -0.11706543
v 0.23591614 0.21955872 -0.10845184
v 0.19815063 0.22697449 -0.13954163
v 0.23965454 0.21824646 -0.11669159
v 0.22622681 0.18579102 -0.17393494
v 0.15238953 0.17816162 -0.15510559
v 0.19869995 0.17970276 -0.15663147
v 0.16227722 0.17871094 -0.16358948
v 0.25540161 0.21202087 -0.15998840
v 0.25186157 0.22195435 -0.18319702
v 0.19880676 0.17790222 -0.18399048
v 0.25000000 0.18675232 -0.21905518
v 0.27914429 0.21702576 -0.21343994
v 0.26626587 0.22529602 -0.22836304
v 0.22853088 0.17976379 -0.23611450
v 0.26107788 0.17968750 -0.23634338
v 0.29910278 0.20394897 -0.25192261
v 0.19267273 0.17814636 -0.19552612
v 0.17436218 0.17269897 -0.20579529
v 0.12962341 0.17222595 -0.20579529
v 0.16696167 0.17691040 -0.22918701
v 0.09550476 0.19700623 -0.24131775
v 0.21273804 0.18313599 -0.25317383
v 0.14117432 0.17477417 -0.18144226
v 0.12116241 0.14875793 -0.19187927
v 0.07702637 0.11681366 -0.18295288
v 0.25091553 0.17213440 -0.27136230
v 0.21223450 0.20726013 -0.28939819
v 0.29510498 0.16877747 -0.26947021
v 0.31713867 0.16996765 -0.28430176
v 0.29525757 0.17715454 -0.32266235
v 0.27780151 0.21034241 -0.27484131
v 0.23561096 0.21682739 -0.24162292
v 0.21083069 0.21940613 -0.25100708
v 0.22013855 0.21846008 -0.28045654
v 0.15687561 0.19773865 -0.26443481
v 0.25885010 0.19401550 -0.30587769
v -0.10079956 -0.09292603 -0.04109955
v -0.11653137 -0.06192017 -0.05590820
v -0.15399170 -0.06300354 -0.04628372
v -0.13987732 -0.08511353 -0.06708527
v -0.18699646 -0.04672241 -0.05586624
v -0.11963654 -0.03233719 -0.08727264
v -0.17892456 -0.07683563 -0.08713531
v -0.14476013 -0.08267975 -0.11524200
v -0.19470215 -0.06951904 -0.13980103
v -0.21731567 -0.06543732 -0.10875702
v -0.22770691 -0.02594185 -0.06945801
v -0.16201782 -0.01346016 -0.09661865
v -0.19679260 -0.02032089 -0.08224487
v -0.18988037 -0.01263237 -0.11733246
v -0.10079956 -0.09292603 -0.04109955
v -0.13987732 -0.08511353 -0.06708527
v -0.08924103 -0.09572601 -0.10009766
v -0.14476013 -0.08267975 -0.11524200
v -0.13447571 -0.07568359 -0.13195801
v -0.16227722 -0.06047440 -0.15567017
v -0.19470215 -0.06951904 -0.13980103
v -0.25720215 -0.06484985 -0.18898010
v -0.24111938 -0.05532455 -0.21559143
v -0.20988464 -0.06293488 -0.23138428
v -0.14537048 -0.06675720 -0.18664551
v -0.12240601 -0.07890320 -0.15917969
v -0.11653137 -0.06103134 -0.21534729
v -0.14971924 -0.06055450 -0.24569702
v -0.08643341 -0.07371521 -0.18336487
v -0.10984039 -0.04376984 -0.23011780
v -0.08399200 -0.07387543 -0.24971008
v -0.08238220 -0.07604218 -0.17420959
v -0.07970428 -0.08058929 -0.17533875
v -0.04820251 -0.08622742 -0.21176147
v -0.07384491 -0.08690643 -0.14997864
v -0.06831360 -0.09213257 -0.11801147
v -0.06590271 -0.09409332 -0.10936737
v -0.02310371 -0.10236359 -0.13459778
v -0.03541565 -0.09507751 -0.17825317
v -0.01321793 -0.09224701 -0.17419434
v -0.00196624 -0.10113525 -0.15814209
v 0.01142597 -0.09703064 -0.18595886
v -0.01163483 -0.08123779 -0.20401001
v -0.00663328 -0.07775879 -0.22819519
v -0.04165649 -0.08033752 -0.27072144
v 0.01992989 -0.08847809 -0.23930359
v 0.05213165 -0.09562683 -0.18589783
v 0.05766296 -0.08737183 -0.23689270
v 0.07939148 -0.07750702 -0.21644592
v -0.06230927 -0.06105042 -0.06937408
v -0.10079956 -0.09292603 -0.04109955
v -0.07688141 -0.12257385 -0.03626633
v -0.05201340 -0.08547211 -0.06166077
v -0.04286957 -0.09227753 -0.09144592
v -0.04539490 -0.08209991 -0.10057068
v -0.01264668 -0.06714630 -0.09144592
v -0.04908371 -0.09053040 -0.06378174
v -0.01164818 -0.09032440 -0.07936096
v -0.04063034 -0.11067963 -0.05814743
v -0.04714203 -0.07165527 -0.06736755
v -0.05147171 -0.06183624 -0.07303619
v -0.02511024 -0.10334778 -0.06839752
v -0.03048706 -0.06748199 -0.07672882
v -0.01770020 -0.09401703 -0.07746124
v -0.00678205 -0.05958176 -0.08947754
v 0.02672386 -0.04820251 -0.07814026
v -0.00637674 -0.04583359 -0.09434509
v 0.01253986 -0.10672760 -0.06581116
v -0.00252962 -0.12494659 -0.06766510
v 0.02287865 -0.12538147 -0.08820343
v -0.10079956 -0.09292603 -0.04109955
v -0.06230927 -0.06105042 -0.06937408
v -0.11653137 -0.06192017 -0.05590820
v -0.06736755 -0.05575943 -0.07402802
v -0.10385132 -0.04120636 -0.08148956
v -0.11963654 -0.03233719 -0.08727264
v -0.05423737 -0.06313324 -0.12226105
v -0.04539490 -0.08209991 -0.10057068
v -0.01264668 -0.06714630 -0.09144592
v -0.10359955 -0.03126526 -0.10704041
v -0.08430481 -0.04713440 -0.09185791
v -0.07361603 -0.04777908 -0.09454346
v -0.08408356 -0.02260590 -0.13833618
v -0.11798096 -0.02276802 -0.11714935
v -0.16201782 -0.01346016 -0.09661865
v -0.11766052 -0.01871872 -0.15472412
v -0.17529297 -0.02104759 -0.16168213
v -0.18988037 -0.01263237 -0.11733246
v -0.24389648 -0.01192951 -0.15754700
v -0.06464386 -0.05018616 -0.14363098
v -0.07493591 -0.02737045 -0.17668152
v -0.06777191 -0.02723503 -0.17276001
v -0.04195023 -0.04702759 -0.13354492
v -0.01447678 -0.03686905 -0.16270447
v -0.01978874 -0.04537964 -0.14257812
v -0.02451897 -0.05894852 -0.10889435
v 0.00321293 -0.06146622 -0.11196136
v -0.01775169 -0.05454254 -0.12588501
v 0.01514149 -0.05271149 -0.13148499
v 0.04221344 -0.03728867 -0.17393494
v 0.05061340 -0.07736206 -0.14440918
v 0.08447266 -0.06113052 -0.19609070
v 0.10552979 -0.09674835 -0.05494690
v 0.14677429 -0.06446075 -0.05967712
v 0.10305023 -0.07170105 -0.07131958
v 0.08973694 -0.10929871 -0.05319977
v 0.05784225 -0.07697296 -0.08570099
v 0.12092590 -0.05736923 -0.11008453
v 0.17286682 -0.05850983 -0.07109833
v 0.17614746 -0.04304504 -0.11529541
v 0.23583984 -0.05283356 -0.10578918
v 0.17445374 -0.03531265 -0.13734436
v 0.10667419 -0.06291199 -0.12680054
v 0.08550262 -0.06320190 -0.12957764
v 0.05061340 -0.07736206 -0.14440918
v 0.13635254 -0.05078506 -0.15295410
v 0.16488647 -0.03972244 -0.17391968
v 0.11724091 -0.04661560 -0.17243958
v 0.13885498 -0.03486633 -0.19883728
v 0.00586128 -0.16603088 -0.05183792
v -0.00252962 -0.12494659 -0.06766510
v 0.02458954 -0.13990784 -0.05240250
v 0.01253986 -0.10672760 -0.06581116
v 0.00345063 -0.15151978 -0.05855560
v 0.02287865 -0.12538147 -0.08820343
v 0.01382446 -0.14863586 -0.06923676
v 0.01261997 -0.15470886 -0.06450653
v 0.02055168 -0.13682556 -0.09500885
v 0.00673723 -0.16436768 -0.06649017
v 0.00553036 -0.16407776 -0.06104279
v -0.00195169 -0.17897034 -0.05679321
v 0.02668571 -0.15541077 -0.07717133
v 0.03090286 -0.16453552 -0.07331848
v 0.04505920 -0.16163635 -0.07742310
v 0.04399109 -0.14213562 -0.08951569
v 0.02768326 -0.12187195 -0.11180115
v 0.04398346 -0.10647583 -0.07049561
v 0.07202911 -0.12670898 -0.09698486
v 0.03330994 -0.11018372 -0.12402344
v -0.10314941 0.03352737 -0.07160950
v -0.13273621 0.05959702 -0.07512665
v -0.11148071 0.03198242 -0.04548264
v -0.10095215 0.03690338 -0.09103394
v -0.07541656 0.01044083 -0.07460022
v -0.12976074 0.06546783 -0.10720062
v -0.16072083 0.07249451 -0.07706451
v -0.18641663 0.09273529 -0.11905670
v -0.08254242 0.00971985 -0.09152985
v -0.10028839 0.02622414 -0.10639191
v -0.11798096 0.04106903 -0.11878967
v -0.13027954 0.05301666 -0.13177490
v -0.13020325 0.05129623 -0.12933350
v -0.17694092 0.07451630 -0.13758850
v -0.16375732 0.05878448 -0.14707947
v -0.13043213 0.04834366 -0.13374329
v -0.19538879 0.06927490 -0.15841675
v -0.24725342 0.11010742 -0.15403748
v -0.13343811 0.01853943 -0.18292236
v -0.19380188 0.04951477 -0.18252563
v -0.16053772 0.03231430 -0.18247986
v -0.14447021 0.00622940 -0.14581299
v -0.10650635 0.00220323 -0.15541077
v -0.12290955 -0.01272202 -0.10593414
v -0.16552734 0.01869011 -0.14878845
v -0.16001892 -0.00675964 -0.09747314
v -0.18367004 0.01020908 -0.10496521
v -0.20387268 0.04510498 -0.16125488
v -0.27285767 0.06473541 -0.12585449
v -0.04908371 -0.09053040 -0.06378174
v -0.05201340 -0.08547211 -0.06166077
v -0.05292892 -0.07608032 -0.06245422
v -0.05147171 -0.06183624 -0.07303619
v 0.07088470 -0.00682259 -0.05789185
v 0.06604004 -0.01512432 -0.06702423
v 0.06390381 -0.01622963 -0.06661224
v 0.06957245 0.00353599 -0.07341766
v 0.08733368 0.01391697 -0.07318878
v 0.07691193 -0.03177643 -0.10532379
v 0.09410858 -0.02306175 -0.12533569
v 0.06521606 -0.03751755 -0.09103394
v 0.05716324 -0.02959251 -0.06805420
v 0.05553436 -0.02035713 -0.07968903
v 0.06777954 0.01419830 -0.09218597
v 0.04865265 -0.03776932 -0.07366180
v 0.05046844 -0.04338837 -0.07176208
v 0.04182434 0.00376105 -0.09469604
v 0.01697350 0.02559471 -0.11123657
v 0.04502106 -0.01327038 -0.08622742
v 0.04551697 -0.01866913 -0.08499908
v 0.04163361 0.00283122 -0.09612274
v 0.02828026 0.00936222 -0.10179901
v 0.06170654 -0.03868103 -0.08957672
v 0.04383850 0.01081085 -0.10572052
v 0.06594849 -0.03938293 -0.08995056
v 0.06634521 -0.03853607 -0.09509277
v 0.06807709 -0.03792953 -0.09418488
v 0.07007599 -0.03875732 -0.10118103
v 0.08197784 -0.03145218 -0.11894226
v 0.08122253 -0.03321838 -0.11981201
v 0.04809952 0.02901840 -0.12692261
v 0.09802246 -0.02133369 -0.15025330
v 0.06966400 -0.01785851 -0.17462158
v 0.09664154 -0.02097893 -0.14654541
v 0.08617401 0.01495266 -0.16220093
v 0.11140442 -0.01251698 -0.17199707
v 0.15081787 -0.09347534 -0.09670258
v 0.10552979 -0.09674835 -0.05494690
v 0.08973694 -0.10929871 -0.05319977
v 0.14677429 -0.06446075 -0.05967712
v 0.17286682 -0.05850983 -0.07109833
v 0.13214111 -0.09907532 -0.12770081
v 0.16493225 -0.09089661 -0.10458374
v 0.08245087 -0.11189270 -0.10536194
v 0.19303894 -0.08379364 -0.13088989
v 0.20957947 -0.05643463 -0.09190369
v 0.23583984 -0.05283356 -0.10578918
v 0.17646790 -0.08223724 -0.15751648
v 0.19735718 -0.07823944 -0.16818237
v 0.16093445 -0.07607269 -0.16787720
v 0.12192535 -0.09519958 -0.13732910
v 0.11007690 -0.10152435 -0.14462280
v 0.05420685 -0.10551453 -0.14068604
v 0.15452576 -0.08088684 -0.18774414
v 0.13241577 -0.07862854 -0.21003723
v 0.02287865 -0.12538147 -0.08820343
v 0.02282333 -0.09846497 -0.10150909
v -0.01164818 -0.09032440 -0.07936096
v -0.01264668 -0.06714630 -0.09144592
v 0.03163147 -0.10465240 -0.10545349
v 0.03821182 -0.09906006 -0.11466217
v 0.03707886 -0.10369873 -0.11750031
v 0.04269791 -0.09360504 -0.12223816
v 0.00321293 -0.06146622 -0.11196136
v 0.05784225 -0.07697296 -0.08570099
v 0.01514149 -0.05271149 -0.13148499
v 0.05061340 -0.07736206 -0.14440918
v -0.25271606 -0.02093124 -0.12102509
v -0.22770691 -0.02594185 -0.06945801
v -0.19679260 -0.02032089 -0.08224487
v -0.18988037 -0.01263237 -0.11733246
v -0.24389648 -0.01192951 -0.15754700
v -0.27014160 -0.02773476 -0.09860992
v -0.31628418 -0.01502132 -0.17520142
v -0.30355835 -0.00915051 -0.20010376
v -0.28356934 -0.01410580 -0.21357727
v -0.32528687 -0.02496719 -0.21583557
v -0.33499146 -0.04585266 -0.25976562
v -0.35037231 -0.04317093 -0.23487854
v -0.33297729 -0.02251816 -0.14326477
v -0.38531494 -0.06888580 -0.26461792
v -0.35058594 -0.06506348 -0.29608154
v -0.40353394 -0.11539459 -0.28713989
v -0.24479675 -0.06480408 -0.12690735
v -0.21731567 -0.06543732 -0.10875702
v -0.19470215 -0.06951904 -0.13980103
v -0.25720215 -0.06484985 -0.18898010
v -0.28411865 -0.06132126 -0.14974976
v -0.32922363 -0.08414459 -0.18550110
v -0.35232544 -0.03816605 -0.16304016
v -0.37969971 -0.05972290 -0.19215393
v -0.30255127 -0.08796692 -0.22608948
v -0.36929321 -0.11051941 -0.23759460
v -0.33111572 -0.10436249 -0.27593994
v -0.37677002 -0.10550690 -0.21688843
v -0.38354492 -0.15925598 -0.28335571
v -0.40472412 -0.07344055 -0.21411133
v -0.37969971 -0.12522888 -0.24349976
v -0.41427612 -0.10870361 -0.24844360
v -0.40524292 -0.10301208 -0.27264404
v -0.42529297 -0.13931274 -0.28341675
v -0.39132690 -0.17829895 -0.34216309
v -0.41104126 -0.18136597 -0.31323242
v -0.38943481 -0.21405029 -0.33163452
v 0.16456604 -0.01684952 -0.08998871
v 0.11544037 -0.02822876 -0.08515167
v 0.08779144 -0.02842140 -0.11655426
v 0.06807709 -0.03792953 -0.09418488
v 0.10602570 -0.01844215 -0.13635254
v 0.07691193 -0.03177643 -0.10532379
v 0.06521606 -0.03751755 -0.09103394
v 0.09410858 -0.02306175 -0.12533569
v 0.13369751 -0.00220990 -0.16706848
v 0.14492798 -0.00853825 -0.13801575
v 0.20957947 -0.05643463 -0.09190369
v 0.23583984 -0.05283356 -0.10578918
v 0.17286682 -0.05850983 -0.07109833
v -0.03427887 0.00537252 -0.07524109
v -0.00182772 0.02766418 -0.11775208
v -0.04669952 0.03185654 -0.09493256
v 0.00038856 -0.00393105 -0.08926392
v 0.01504898 0.01629066 -0.10829926
v -0.00524950 0.04409027 -0.13462830
v -0.02784729 0.05499649 -0.13179016
v -0.01634216 0.07399750 -0.19375610
v -0.04243469 0.08728790 -0.19084167
v -0.06256104 0.06706238 -0.12171936
v -0.08254242 0.00971985 -0.09152985
v -0.07583618 0.09510803 -0.17440796
v -0.08738708 0.06053543 -0.12393951
v -0.10028839 0.02622414 -0.10639191
v -0.10081482 0.07162476 -0.15147400
v -0.13520813 0.06694794 -0.17294312
v -0.13027954 0.05301666 -0.13177490
v -0.13107300 0.05208588 -0.13380432
v -0.13043213 0.04834366 -0.13374329
v -0.13020325 0.05129623 -0.12933350
v -0.11853790 0.04678726 -0.15216064
v -0.08976746 0.03715897 -0.20182800
v -0.11437225 0.03095245 -0.13053894
v -0.10650635 0.00220323 -0.15541077
v -0.13343811 0.01853943 -0.18292236
v -0.10700989 0.02197838 -0.12901306
v -0.07846832 0.01050186 -0.17097473
v -0.05280685 0.02734566 -0.19277954
v -0.07369232 -0.00098026 -0.15797424
v -0.09661865 0.00960064 -0.12666321
v -0.07824707 -0.01400375 -0.12459564
v -0.07871246 -0.01016045 -0.12352753
v 0.02162170 0.02264595 -0.08345795
v 0.01504898 0.01629066 -0.10829926
v 0.01662445 -0.00208831 -0.09076691
v 0.04809952 0.02901840 -0.12692261
v -0.00524950 0.04409027 -0.13462830
v 0.04383850 0.01081085 -0.10572052
v 0.02828026 0.00936222 -0.10179901
v 0.01570129 0.03472519 -0.11394501
v 0.02139473 0.06760406 -0.10134125
v 0.01608658 0.05081558 -0.12291718
v 0.01697350 0.02559471 -0.11123657
v 0.04182434 0.00376105 -0.09469604
v 0.06777954 0.01419830 -0.09218597
v 0.02754211 0.08255768 -0.08101654
v 0.03411865 0.09754181 -0.11850739
v 0.02139473 0.06760406 -0.10134125
v 0.01608658 0.05081558 -0.12291718
v 0.04158020 0.11705780 -0.13348389
v 0.04012299 0.11503601 -0.10414886
v 0.07892609 0.05429840 -0.11006165
v 0.05324173 0.06421661 -0.13636780
v 0.03937149 0.09387970 -0.17581177
v 0.04854584 0.14326477 -0.12644958
v 0.02795792 0.06851196 -0.15292358
v 0.02281952 0.05861664 -0.13798523
v 0.02905655 0.06704712 -0.15299988
v 0.06694794 0.08109283 -0.15573120
v 0.10075378 0.09161377 -0.15531921
v 0.07702637 0.11681366 -0.18295288
v 0.05686569 0.12525940 -0.19549561
v 0.05925369 0.14416504 -0.16636658
v 0.08087158 0.18446350 -0.16687012
v 0.06526947 0.13966370 -0.20310974
v 0.12962341 0.17222595 -0.20579529
v 0.07211304 0.15179443 -0.21093750
v 0.08443451 0.17964172 -0.20393372
v 0.10347748 0.21586609 -0.20164490
v 0.04398346 -0.10647583 -0.07049561
v 0.03707886 -0.10369873 -0.11750031
v 0.02768326 -0.12187195 -0.11180115
v 0.03330994 -0.11018372 -0.12402344
v 0.03855515 -0.10211945 -0.13655090
v 0.01142597 -0.09703064 -0.18595886
v 0.05213165 -0.09562683 -0.18589783
v -0.00196624 -0.10113525 -0.15814209
v 0.00259304 -0.10438538 -0.11959839
v -0.02310371 -0.10236359 -0.13459778
v 0.03163147 -0.10465240 -0.10545349
v 0.16752625 0.22407532 -0.13922119
v 0.14173889 0.19192505 -0.11113739
v 0.18231201 0.22731018 -0.11363220
v 0.19815063 0.22697449 -0.13954163
v 0.13412476 0.19668579 -0.14480591
v 0.09935760 0.14640808 -0.09746552
v 0.10908508 0.19021606 -0.15254211
v 0.08087158 0.18446350 -0.16687012
v 0.07531738 0.14569092 -0.11128998
v 0.10347748 0.21586609 -0.20164490
v 0.13105774 0.21743774 -0.17840576
v 0.15443420 0.22077942 -0.16490173
v 0.16387939 0.22229004 -0.20225525
v 0.13311768 0.21351624 -0.24745178
v 0.15687561 0.19773865 -0.26443481
v 0.22013855 0.21846008 -0.28045654
v 0.21083069 0.21940613 -0.25100708
v 0.19436646 0.21672058 -0.20137024
v 0.23561096 0.21682739 -0.24162292
v 0.19558716 0.22763062 -0.17086792
v 0.21684265 0.22485352 -0.19581604
v 0.26626587 0.22529602 -0.22836304
v 0.25186157 0.22195435 -0.18319702
v 0.23965454 0.21824646 -0.11669159
v 0.23583984 -0.05283356 -0.10578918
v 0.25524902 -0.06708527 -0.16642761
v 0.25930786 -0.05013275 -0.11585236
v 0.24542236 -0.03041077 -0.17787170
v 0.29266357 -0.04493713 -0.13467407
v 0.27337646 -0.02453041 -0.19839478
v 0.33184814 -0.06185532 -0.16055298
v 0.29092407 -0.08270264 -0.18652344
v 0.24595642 -0.07045746 -0.19717407
v 0.35250854 -0.06616211 -0.22746277
v 0.24401855 -0.03149796 -0.20242310
v 0.16488647 -0.03972244 -0.17391968
v 0.34088135 -0.10789490 -0.21723938
v 0.31234741 -0.11059570 -0.26303101
v 0.34332275 -0.16084290 -0.27941895
v 0.36099243 -0.15774536 -0.25082397
v 0.36380005 -0.07413483 -0.18336487
v 0.37966919 -0.10717010 -0.21496582
v 0.40390015 -0.14709473 -0.25405884
v 0.37332153 -0.09678650 -0.24865723
v 0.35220337 -0.11480713 -0.28091431
v 0.33758545 -0.07313538 -0.26995850
v 0.26629639 -0.02881050 -0.21870422
v 0.28698730 -0.05043793 -0.25241089
v 0.25924683 -0.03572083 -0.23506165
v 0.33563232 -0.07688904 -0.27398682
v 0.33355713 -0.07515717 -0.27832031
v 0.32608032 -0.09039307 -0.32650757
v 0.30953979 -0.07453918 -0.30465698
v 0.29663086 -0.05438614 -0.27352905
v 0.26028442 -0.04130554 -0.30465698
v 0.26849365 -0.03834534 -0.26660156
v 0.24671936 -0.02696419 -0.26290894
v 0.22462463 -0.03617477 -0.29156494
v 0.20654297 -0.04384232 -0.31472778
v 0.22200012 -0.03723526 -0.21295166
v 0.19638062 -0.03478622 -0.21531677
v 0.19619751 -0.03087997 -0.23701477
v 0.17041016 -0.04767609 -0.28817749
v 0.15786743 -0.04043579 -0.24278259
v 0.43673706 0.00793934 -0.11457062
v 0.37432861 0.03007507 -0.09664154
v 0.42205811 0.01619530 -0.13200378
v 0.08245087 -0.11189270 -0.10536194
v 0.03330994 -0.11018372 -0.12402344
v 0.05420685 -0.10551453 -0.14068604
v 0.03855515 -0.10211945 -0.13655090
v 0.06099701 -0.09230804 -0.16078186
v 0.05213165 -0.09562683 -0.18589783
v 0.09733582 -0.09275818 -0.18016052
v 0.11007690 -0.10152435 -0.14462280
v 0.13241577 -0.07862854 -0.21003723
v 0.09017944 -0.07433319 -0.19425964
v 0.10213470 -0.06703186 -0.21742249
v 0.07939148 -0.07750702 -0.21644592
v 0.23583984 -0.05283356 -0.10578918
v 0.19303894 -0.08379364 -0.13088989
v 0.22637939 -0.07530975 -0.15173340
v 0.25524902 -0.06708527 -0.16642761
v 0.19735718 -0.07823944 -0.16818237
v 0.24595642 -0.07045746 -0.19717407
v 0.22518921 -0.07279205 -0.18853760
v 0.20350647 -0.06855011 -0.19587708
v 0.17646790 -0.08223724 -0.15751648
v 0.16093445 -0.07607269 -0.16787720
v 0.15452576 -0.08088684 -0.18774414
v 0.23626709 -0.06457520 -0.21890259
v 0.22775269 -0.06880188 -0.23356628
v 0.26699829 -0.08353424 -0.24224854
v 0.31234741 -0.11059570 -0.26303101
v 0.13241577 -0.07862854 -0.21003723
v 0.17831421 -0.07207489 -0.23904419
v 0.27017212 -0.09328461 -0.26110840
v 0.20790100 -0.06312561 -0.26000977
v 0.17041016 -0.04767609 -0.28817749
v 0.23965454 -0.08358765 -0.28073120
v 0.20643616 -0.04542923 -0.31472778
v 0.23463440 -0.06427002 -0.32165527
v 0.26712036 -0.08397675 -0.33078003
v 0.20654297 -0.04384232 -0.31472778
v 0.26028442 -0.04130554 -0.30465698
v 0.28936768 -0.10688782 -0.30737305
v 0.28665161 -0.09616852 -0.33547974
v 0.32608032 -0.09039307 -0.32650757
v 0.32217407 -0.15350342 -0.31332397
v 0.30648804 -0.11649323 -0.32690430
v 0.34332275 -0.16084290 -0.27941895
v 0.37661743 -0.22262573 -0.30474854
v 0.32458496 -0.12673950 -0.34161377
v 0.36099243 -0.15774536 -0.25082397
v 0.33480835 -0.13197327 -0.34997559
v 0.39135742 -0.19519043 -0.28695679
v 0.40390015 -0.14709473 -0.25405884
v 0.35260010 -0.16883850 -0.33386230
v 0.38418579 -0.22718811 -0.31069946
v 0.38427734 -0.18357849 -0.30142212
v 0.35220337 -0.11480713 -0.28091431
v 0.34680176 -0.14340210 -0.33914185
v 0.47286987 0.01753616 -0.15960693
v 0.43054199 0.04121399 -0.16065979
v 0.43298340 0.04320526 -0.11108398
v 0.41009521 0.03593445 -0.16499329
v 0.42205811 0.01619530 -0.13200378
v 0.24542236 -0.03041077 -0.17787170
v 0.17614746 -0.04304504 -0.11529541
v 0.23583984 -0.05283356 -0.10578918
v 0.17445374 -0.03531265 -0.13734436
v 0.16488647 -0.03972244 -0.17391968
v 0.08122253 -0.03321838 -0.11981201
v 0.03298187 -0.02102280 -0.17933655
v 0.06966400 -0.01785851 -0.17462158
v 0.11140442 -0.01251698 -0.17199707
v 0.09802246 -0.02133369 -0.15025330
v 0.06340790 -0.00923061 -0.19078064
v 0.10416412 -0.00008447 -0.19859314
v 0.10428619 0.00168133 -0.19882202
v 0.08617401 0.01495266 -0.16220093
v 0.09884644 0.01304913 -0.22451782
v 0.03216171 0.00876236 -0.22891235
v 0.06761169 0.00319767 -0.21217346
v 0.05701447 0.02279472 -0.25476074
v 0.09923553 0.02553749 -0.25576782
v 0.07717133 0.03698730 -0.20411682
v 0.05281067 0.07637024 -0.22169495
v 0.05385590 0.04995346 -0.15054321
v 0.04809952 0.02901840 -0.12692261
v 0.05228043 0.06032181 -0.17817688
v 0.01579285 0.07991791 -0.21238708
v 0.02520943 0.04826736 -0.14302063
v -0.00524950 0.04409027 -0.13462830
v 0.01538563 0.06037903 -0.16879272
v -0.01634216 0.07399750 -0.19375610
v -0.00264072 0.01646042 -0.20066833
v -0.00485754 0.03259659 -0.24040222
v -0.02817154 0.03981400 -0.21952820
v 0.00480080 0.00301719 -0.18905640
v -0.02387047 0.02461433 -0.19175720
v -0.05691147 0.04371643 -0.22813416
v -0.05280685 0.02734566 -0.19277954
v -0.07369232 -0.00098026 -0.15797424
v -0.01675415 -0.00271320 -0.15858459
v -0.01269913 -0.02456284 -0.12663269
v 0.01240921 -0.03623581 -0.12988281
v -0.13845825 -0.01222229 -0.19340515
v -0.11766052 -0.01871872 -0.15472412
v -0.08408356 -0.02260590 -0.13833618
v -0.16705322 -0.01576424 -0.18275452
v -0.11475372 -0.01939964 -0.20578003
v -0.17529297 -0.02104759 -0.16168213
v -0.19589233 -0.02064705 -0.17868042
v -0.24389648 -0.01192951 -0.15754700
v -0.07493591 -0.02737045 -0.17668152
v -0.09249115 -0.02636909 -0.22499084
v -0.05880356 -0.02142715 -0.23017883
v -0.06777191 -0.02723503 -0.17276001
v -0.01009941 -0.03850174 -0.20651245
v -0.00731182 -0.03858566 -0.21887207
v -0.01447678 -0.03686905 -0.16270447
v 0.00980854 -0.03639221 -0.20933533
v 0.01723289 -0.03655243 -0.26702881
v 0.04221344 -0.03728867 -0.17393494
v 0.04999924 -0.03472519 -0.22479248
v 0.08550262 -0.06320190 -0.12957764
v 0.11724091 -0.04661560 -0.17243958
v 0.05061340 -0.07736206 -0.14440918
v 0.08447266 -0.06113052 -0.19609070
v -0.19380188 0.04951477 -0.18252563
v -0.24725342 0.11010742 -0.15403748
v -0.19538879 0.06927490 -0.15841675
v -0.21891785 0.06513214 -0.18698120
v -0.26058960 0.09024048 -0.19369507
v -0.27285767 0.06473541 -0.12585449
v -0.07583618 0.09510803 -0.17440796
v -0.09259796 0.11940765 -0.22814941
v -0.13520813 0.06694794 -0.17294312
v -0.05775452 0.10975647 -0.23907471
v -0.04243469 0.08728790 -0.19084167
v -0.14567566 0.08956909 -0.21018982
v -0.02174187 0.08569336 -0.22534180
v -0.01634216 0.07399750 -0.19375610
v 0.01579285 0.07991791 -0.21238708
v -0.02706146 0.09960938 -0.26242065
v 0.00395155 0.09548187 -0.25463867
v 0.05588913 0.08563232 -0.25070190
v 0.05281067 0.07637024 -0.22169495
v 0.09884644 0.01304913 -0.22451782
v -0.06478882 0.11117554 -0.26895142
v -0.04321671 0.10622406 -0.28689575
v -0.10023499 0.11573029 -0.26165771
v -0.00351548 0.09970856 -0.28579712
v -0.05789185 0.11036682 -0.32379150
v -0.03697586 0.10295105 -0.30697632
v -0.02750587 0.10478973 -0.31967163
v 0.01066017 0.09643555 -0.30682373
v -0.04270172 0.10671997 -0.35681152
v 0.05329895 0.08650970 -0.27471924
v -0.02789116 0.10292816 -0.34237671
v 0.05193329 0.08793640 -0.30795288
v 0.06455994 0.07379913 -0.30264282
v 0.09977722 0.03752518 -0.27886963
v 0.09923553 0.02553749 -0.25576782
v 0.09921265 0.03591156 -0.27868652
v 0.06532288 0.04536438 -0.31887817
v 0.05227661 0.04292679 -0.30120850
v 0.05701447 0.02279472 -0.25476074
v 0.04875946 0.06953430 -0.32510376
v 0.04658508 0.07356262 -0.34283447
v 0.04316711 0.05244446 -0.34243774
v 0.04110718 0.05122375 -0.34277344
v 0.01771736 0.03991699 -0.29339600
v 0.03216171 0.00876236 -0.22891235
v -0.00485754 0.03259659 -0.24040222
v 0.02942276 0.04647446 -0.31472778
v 0.01396465 0.05120850 -0.34051514
v 0.00467634 0.05443573 -0.36380005
v -0.01669502 0.04953003 -0.30752563
v -0.02128983 0.05382919 -0.27966309
v -0.04160690 0.06329346 -0.26751709
v -0.02817154 0.03981400 -0.21952820
v -0.05543137 0.06526947 -0.30166626
v -0.06424713 0.06384277 -0.26794434
v -0.05691147 0.04371643 -0.22813416
v -0.05980301 0.06380463 -0.34890747
v -0.03494263 0.05762100 -0.38558960
v -0.06719971 0.04250336 -0.35919189
v -0.01450062 0.05007935 -0.41052246
v -0.00508356 0.06333160 -0.39682007
v 0.01016235 0.06527710 -0.39688110
v 0.00035155 0.06219101 -0.40362549
v 0.04183197 0.05847168 -0.37423706
v 0.01177692 0.06695557 -0.39675903
v 0.04293442 0.05994415 -0.37365723
v 0.02001190 0.08090210 -0.35556030
v -0.01258469 0.08544922 -0.37561035
v -0.04043961 0.07682800 -0.39471436
v -0.05784988 0.09162140 -0.37112427
v -0.07014465 0.05756378 -0.41653442
v -0.05085373 0.10669708 -0.34371948
v -0.07033539 0.09126282 -0.37728882
v -0.11215210 0.06598663 -0.42678833
v -0.12361908 0.10485840 -0.35034180
v -0.11814117 0.08879852 -0.38140869
v -0.12447357 0.07044983 -0.38827515
v -0.12722778 0.07576752 -0.37670898
v -0.11423492 0.06517792 -0.38290405
v -0.11680603 0.05201340 -0.43725586
v -0.10191345 0.07010651 -0.36389160
v -0.13243103 0.07781219 -0.36193848
v -0.07727814 0.06528473 -0.35574341
v -0.07901764 0.04497147 -0.36309814
v -0.06719971 0.04250336 -0.35919189
v -0.05980301 0.06380463 -0.34890747
v -0.07312012 0.06433868 -0.30648804
v -0.05543137 0.06526947 -0.30166626
v -0.06424713 0.06384277 -0.26794434
v -0.12085724 0.07497406 -0.31530762
v -0.09667969 0.06703949 -0.26049805
v -0.09350586 0.04890060 -0.22503662
v -0.05691147 0.04371643 -0.22813416
v -0.05280685 0.02734566 -0.19277954
v -0.08976746 0.03715897 -0.20182800
v -0.12456512 0.07675934 -0.22546387
v -0.12079620 0.08321381 -0.25042725
v -0.15400696 0.10653687 -0.23793030
v -0.12294769 0.11254883 -0.23162842
v -0.15562439 0.10544586 -0.26593018
v -0.14967346 0.09642029 -0.28738403
v -0.12820435 0.10536194 -0.27658081
v -0.16128540 0.09304047 -0.32333374
v 0.19638062 -0.03478622 -0.21531677
v 0.13885498 -0.03486633 -0.19883728
v 0.16488647 -0.03972244 -0.17391968
v 0.19619751 -0.03087997 -0.23701477
v 0.15786743 -0.04043579 -0.24278259
v 0.11724091 -0.04661560 -0.17243958
v 0.13885498 -0.03486633 -0.19883728
v 0.08447266 -0.06113052 -0.19609070
v 0.04999924 -0.03472519 -0.22479248
v 0.04221344 -0.03728867 -0.17393494
v 0.08741760 -0.05991745 -0.22360229
v 0.10268402 -0.06740570 -0.26895142
v 0.05127716 -0.03682709 -0.27301025
v 0.10006714 -0.06775665 -0.22077942
v 0.10248566 -0.06927490 -0.27438354
v 0.07939148 -0.07750702 -0.21644592
v 0.05766296 -0.08737183 -0.23689270
v 0.10213470 -0.06703186 -0.21742249
v 0.09707642 -0.05503845 -0.23822021
v 0.15786743 -0.04043579 -0.24278259
v 0.11779022 -0.05337906 -0.25094604
v 0.13241577 -0.07862854 -0.21003723
v 0.17041016 -0.04767609 -0.28817749
v 0.17831421 -0.07207489 -0.23904419
v -0.25418091 -0.02033997 -0.22799683
v -0.28356934 -0.01410580 -0.21357727
v -0.24389648 -0.01192951 -0.15754700
v -0.33499146 -0.04585266 -0.25976562
v -0.19589233 -0.02064705 -0.17868042
v -0.31469727 -0.05455017 -0.28024292
v -0.35058594 -0.06506348 -0.29608154
v -0.22959900 -0.00675726 -0.26739502
v -0.27484131 -0.03187180 -0.29202271
v -0.34689331 -0.07289124 -0.30215454
v -0.40353394 -0.11539459 -0.28713989
v -0.33731079 -0.06472015 -0.31121826
v -0.37292480 -0.13623047 -0.32650757
v -0.34317017 -0.08250427 -0.32147217
v -0.39132690 -0.17829895 -0.34216309
v -0.31423950 -0.09481812 -0.35256958
v -0.29928589 -0.06061935 -0.33398438
v -0.32156372 -0.12123871 -0.37783813
v -0.28247070 -0.09130096 -0.35394287
v -0.24935913 -0.05680466 -0.36315918
v -0.23982239 -0.02960396 -0.31066895
v -0.16622925 -0.02733231 -0.30505371
v -0.22105408 -0.07805634 -0.30093384
v -0.30914307 -0.11888885 -0.33169556
v -0.28933716 -0.10074615 -0.34255981
v -0.32269287 -0.10394287 -0.28570557
v -0.31112671 -0.13456726 -0.34616089
v -0.34991455 -0.17436218 -0.34051514
v -0.37524414 -0.18943787 -0.35317993
v -0.40090942 -0.21932983 -0.34097290
v -0.41104126 -0.18136597 -0.31323242
v -0.38943481 -0.21405029 -0.33163452
v -0.35543823 -0.15541077 -0.30554199
v -0.38354492 -0.15925598 -0.28335571
v -0.33111572 -0.10436249 -0.27593994
v -0.27297974 -0.07244873 -0.24229431
v -0.30255127 -0.08796692 -0.22608948
v -0.26553345 -0.08535767 -0.26605225
v -0.24111938 -0.05532455 -0.21559143
v -0.25720215 -0.06484985 -0.18898010
v -0.20988464 -0.06293488 -0.23138428
v -0.16978455 -0.05854416 -0.26443481
v -0.14971924 -0.06055450 -0.24569702
v -0.14537048 -0.06675720 -0.18664551
v -0.12212372 -0.03411484 -0.25070190
v -0.11653137 -0.06103134 -0.21534729
v -0.10984039 -0.04376984 -0.23011780
v -0.12379456 -0.01220894 -0.27450562
v -0.18109131 -0.01622581 -0.28009033
v -0.14883423 -0.00857830 -0.25845337
v -0.13337708 -0.01311588 -0.24017334
v -0.18038940 -0.00474787 -0.23008728
v -0.16705322 -0.01576424 -0.18275452
v -0.13845825 -0.01222229 -0.19340515
v -0.11475372 -0.01939964 -0.20578003
v 0.10213470 -0.06703186 -0.21742249
v 0.09017944 -0.07433319 -0.19425964
v 0.07939148 -0.07750702 -0.21644592
v 0.08443451 0.17964172 -0.20393372
v 0.10347748 0.21586609 -0.20164490
v 0.09959412 0.20666504 -0.22299194
v 0.13311768 0.21351624 -0.24745178
v 0.06526947 0.13966370 -0.20310974
v 0.07211304 0.15179443 -0.21093750
v 0.09051514 0.18605042 -0.23347473
v 0.12962341 0.17222595 -0.20579529
v 0.09550476 0.19700623 -0.24131775
v 0.12195587 0.19754028 -0.25289917
v 0.16696167 0.17691040 -0.22918701
v 0.15687561 0.19773865 -0.26443481
v -0.09249115 -0.02636909 -0.22499084
v -0.09415436 -0.02733803 -0.23492432
v -0.11475372 -0.01939964 -0.20578003
v -0.12379456 -0.01220894 -0.27450562
v -0.13337708 -0.01311588 -0.24017334
v -0.12212372 -0.03411484 -0.25070190
v -0.08780670 -0.03095245 -0.27117920
v -0.12039948 -0.03985214 -0.29089355
v -0.05880356 -0.02142715 -0.23017883
v -0.05930710 -0.02947617 -0.31027222
v -0.02090645 -0.03759384 -0.28872681
v -0.00731182 -0.03858566 -0.21887207
v -0.00985241 -0.04065323 -0.27917480
v 0.01723289 -0.03655243 -0.26702881
v -0.04820251 -0.08622742 -0.21176147
v -0.08399200 -0.07387543 -0.24971008
v -0.04165649 -0.08033752 -0.27072144
v -0.08732605 -0.08214569 -0.29733276
v -0.09729767 -0.06067657 -0.26168823
v -0.04922104 -0.09746552 -0.34405518
v -0.08947754 -0.08824158 -0.33041382
v -0.02286911 -0.08541870 -0.32165527
v -0.01191235 -0.07398987 -0.27593994
v -0.00663328 -0.07775879 -0.22819519
v 0.01460552 -0.08466339 -0.27838135
v 0.00397396 -0.09378815 -0.33010864
v 0.04162216 -0.09931946 -0.34692383
v -0.03687668 -0.11037445 -0.39175415
v -0.09736633 -0.10534668 -0.38970947
v -0.01340008 -0.10269165 -0.36099243
v 0.05712891 -0.08773041 -0.28829956
v 0.01610374 -0.10987091 -0.40170288
v -0.00860691 -0.17114258 -0.44683838
v -0.04946899 -0.14834595 -0.42095947
v 0.02534103 -0.12948608 -0.43035889
v 0.06607056 -0.08752441 -0.41894531
v 0.08806610 -0.08061981 -0.36749268
v 0.10386658 -0.06908417 -0.32754517
v 0.05766296 -0.08737183 -0.23689270
v 0.10248566 -0.06927490 -0.27438354
v 0.10268402 -0.06740570 -0.26895142
v 0.05127716 -0.03682709 -0.27301025
v 0.05177307 -0.03823471 -0.33593750
v 0.01723289 -0.03655243 -0.26702881
v 0.00545120 -0.07959747 -0.43518066
v 0.01119328 -0.03736877 -0.33306885
v -0.01452351 -0.04190826 -0.32736206
v -0.00985241 -0.04065323 -0.27917480
v -0.02090645 -0.03759384 -0.28872681
v -0.01275158 -0.06085968 -0.38964844
v -0.05659866 -0.03520584 -0.35205078
v -0.05930710 -0.02947617 -0.31027222
v -0.04187393 -0.08427429 -0.42819214
v -0.05565643 -0.06019974 -0.39425659
v -0.08140564 -0.03998947 -0.35742188
v -0.08780670 -0.03095245 -0.27117920
v -0.12039948 -0.03985214 -0.29089355
v -0.08480835 -0.08573914 -0.43475342
v -0.04594040 -0.08254242 -0.42770386
v -0.05003357 -0.12603760 -0.45019531
v -0.09758759 -0.09516144 -0.43960571
v -0.03675461 -0.12397766 -0.45632935
v 0.00275588 -0.11669922 -0.45812988
v 0.00039208 -0.16113281 -0.48648071
v -0.04629898 -0.17086792 -0.48245239
v 0.02492332 -0.14015198 -0.45724487
v -0.03743362 -0.18759155 -0.47210693
v -0.00663328 -0.07775879 -0.22819519
v 0.01460552 -0.08466339 -0.27838135
v 0.01992989 -0.08847809 -0.23930359
v 0.05766296 -0.08737183 -0.23689270
v 0.05712891 -0.08773041 -0.28829956
v -0.09729767 -0.06067657 -0.26168823
v -0.10984039 -0.04376984 -0.23011780
v -0.12212372 -0.03411484 -0.25070190
v -0.12039948 -0.03985214 -0.29089355
v -0.08732605 -0.08214569 -0.29733276
v -0.12753296 -0.04731750 -0.34271240
v -0.08140564 -0.03998947 -0.35742188
v -0.13209534 -0.05128479 -0.37237549
v -0.08947754 -0.08824158 -0.33041382
v -0.08480835 -0.08573914 -0.43475342
v -0.12318420 -0.08877563 -0.40036011
v -0.09736633 -0.10534668 -0.38970947
v -0.04922104 -0.09746552 -0.34405518
v -0.11561584 -0.11463928 -0.41879272
v -0.09758759 -0.09516144 -0.43960571
v -0.04594040 -0.08254242 -0.42770386
v -0.09194183 -0.15481567 -0.42761230
v -0.03687668 -0.11037445 -0.39175415
v -0.12280273 -0.12184143 -0.45428467
v -0.04946899 -0.14834595 -0.42095947
v -0.10572815 -0.14093018 -0.46319580
v -0.05003357 -0.12603760 -0.45019531
v -0.09323120 -0.20977783 -0.47964478
v -0.08145142 -0.21168518 -0.46691895
v -0.00860691 -0.17114258 -0.44683838
v -0.03743362 -0.18759155 -0.47210693
v -0.06607819 -0.20564270 -0.49063110
v 0.00039208 -0.16113281 -0.48648071
v -0.04629898 -0.17086792 -0.48245239
v -0.03675461 -0.12397766 -0.45632935
v -0.06781769 -0.18525696 -0.48468018
v 0.04999924 -0.03472519 -0.22479248
v 0.05127716 -0.03682709 -0.27301025
v 0.01723289 -0.03655243 -0.26702881
v -0.08399200 -0.07387543 -0.24971008
v -0.10984039 -0.04376984 -0.23011780
v -0.09729767 -0.06067657 -0.26168823
v 0.16696167 0.17691040 -0.22918701
v 0.15687561 0.19773865 -0.26443481
v 0.21273804 0.18313599 -0.25317383
v 0.21223450 0.20726013 -0.28939819
v 0.12195587 0.19754028 -0.25289917
v 0.20790100 -0.06312561 -0.26000977
v 0.17041016 -0.04767609 -0.28817749
v 0.20643616 -0.04542923 -0.31472778
v 0.22462463 -0.03617477 -0.29156494
v 0.20654297 -0.04384232 -0.31472778
v 0.17041016 -0.04767609 -0.28817749
v 0.20643616 -0.04542923 -0.31472778
v 0.23463440 -0.06427002 -0.32165527
v -0.07848358 0.03261566 -0.40881348
v -0.06719971 0.04250336 -0.35919189
v -0.07901764 0.04497147 -0.36309814
v -0.03134155 0.04005432 -0.42953491
v -0.01450062 0.05007935 -0.41052246
v -0.03494263 0.05762100 -0.38558960
v -0.00508356 0.06333160 -0.39682007
v 0.00035155 0.06219101 -0.40362549
v -0.03143692 0.05049515 -0.43157959
v -0.04043961 0.07682800 -0.39471436
v -0.07014465 0.05756378 -0.41653442
v -0.05558395 0.03238297 -0.44894409
v -0.07872772 0.03822708 -0.46771240
v -0.11215210 0.06598663 -0.42678833
v -0.07508087 0.03065872 -0.43038940
v -0.09693146 0.01562691 -0.47994995
v -0.08562469 0.01754761 -0.43258667
v -0.09208679 0.03636932 -0.42636108
v -0.09704590 0.01729965 -0.48187256
v -0.11305237 0.04398346 -0.45397949
v -0.11345673 0.04722595 -0.45172119
v -0.11680603 0.05201340 -0.43725586
v -0.11423492 0.06517792 -0.38290405
v -0.12447357 0.07044983 -0.38827515

# 2855 UV coordinates
vt 0.59472656 0.41406250 0.00000000
vt 0.59252930 0.42578125 0.00000000
vt 0.58618164 0.39526367 0.00000000
vt 0.59497070 0.41479492 0.00000000
vt 0.60742188 0.40551758 0.00000000
vt 0.56469727 0.38818359 0.00000000
vt 0.55883789 0.36621094 0.00000000
vt 0.60522461 0.38769531 0.00000000
vt 0.61328125 0.41333008 0.00000000
vt 0.61645508 0.38891602 0.00000000
vt 0.65087891 0.41210938 0.00000000
vt 0.61279297 0.42822266 0.00000000
vt 0.64257812 0.39331055 0.00000000
vt 0.64086914 0.43310547 0.00000000
vt 0.68676758 0.43627930 0.00000000
vt 0.67993164 0.39916992 0.00000000
vt 0.66723633 0.37036133 0.00000000
vt 0.62402344 0.38037109 0.00000000
vt 0.64306641 0.36694336 0.00000000
vt 0.61352539 0.35473633 0.00000000
vt 0.63427734 0.36254883 0.00000000
vt 0.64746094 0.34399414 0.00000000
vt 0.66162109 0.34570312 0.00000000
vt 0.67187500 0.34008789 0.00000000
vt 0.68579102 0.32543945 0.00000000
vt 0.66259766 0.31689453 0.00000000
vt 0.67553711 0.29272461 0.00000000
vt 0.65209961 0.29492188 0.00000000
vt 0.65649414 0.26733398 0.00000000
vt 0.64282227 0.26489258 0.00000000
vt 0.61914062 0.29931641 0.00000000
vt 0.63452148 0.30761719 0.00000000
vt 0.61230469 0.32226562 0.00000000
vt 0.60717773 0.32104492 0.00000000
vt 0.59985352 0.34082031 0.00000000
vt 0.59179688 0.36938477 0.00000000
vt 0.57543945 0.34790039 0.00000000
vt 0.57666016 0.33618164 0.00000000
vt 0.06152344 0.34545898 0.00000000
vt 0.06860352 0.36206055 0.00000000
vt 0.05590820 0.37890625 0.00000000
vt 0.05639648 0.39575195 0.00000000
vt 0.07763672 0.38330078 0.00000000
vt 0.06347656 0.41333008 0.00000000
vt 0.04223633 0.42089844 0.00000000
vt 0.08300781 0.41772461 0.00000000
vt 0.10058594 0.42993164 0.00000000
vt 0.06909180 0.42919922 0.00000000
vt 0.08959961 0.43994141 0.00000000
vt 0.10034180 0.44775391 0.00000000
vt 0.07495117 0.45361328 0.00000000
vt 0.04541016 0.45336914 0.00000000
vt 0.02075195 0.45141602 0.00000000
vt 0.01513672 0.45019531 0.00000000
vt 0.01831055 0.47778320 0.00000000
vt 0.03442383 0.48315430 0.00000000
vt 0.02636719 0.52441406 0.00000000
vt 0.07983398 0.46801758 0.00000000
vt 0.05493164 0.48608398 0.00000000
vt 0.04125977 0.52636719 0.00000000
vt 0.04785156 0.55712891 0.00000000
vt 0.06372070 0.54516602 0.00000000
vt 0.06152344 0.52758789 0.00000000
vt 0.08862305 0.52465820 0.00000000
vt 0.07250977 0.56640625 0.00000000
vt 0.08544922 0.47973633 0.00000000
vt 0.09497070 0.50244141 0.00000000
vt 0.10351562 0.52148438 0.00000000
vt 0.10180664 0.54077148 0.00000000
vt 0.10449219 0.48583984 0.00000000
vt 0.12255859 0.51049805 0.00000000
vt 0.10937500 0.46386719 0.00000000
vt 0.12963867 0.43627930 0.00000000
vt 0.13696289 0.42114258 0.00000000
vt 0.14550781 0.43481445 0.00000000
vt 0.14160156 0.45141602 0.00000000
vt 0.17553711 0.47265625 0.00000000
vt 0.13867188 0.50170898 0.00000000
vt 0.15795898 0.51416016 0.00000000
vt 0.16015625 0.48535156 0.00000000
vt 0.17016602 0.49829102 0.00000000
vt 0.18896484 0.51464844 0.00000000
vt 0.46386719 0.81542969 0.00000000
vt 0.47558594 0.84521484 0.00000000
vt 0.46118164 0.84936523 0.00000000
vt 0.45458984 0.88476562 0.00000000
vt 0.42822266 0.83764648 0.00000000
vt 0.43725586 0.81713867 0.00000000
vt 0.43872070 0.85864258 0.00000000
vt 0.41503906 0.88500977 0.00000000
vt 0.40722656 0.86962891 0.00000000
vt 0.39379883 0.83105469 0.00000000
vt 0.39819336 0.84667969 0.00000000
vt 0.36645508 0.83593750 0.00000000
vt 0.36791992 0.81982422 0.00000000
vt 0.59082031 0.06152344 0.00000000
vt 0.58789062 0.06103516 0.00000000
vt 0.59057617 0.05932617 0.00000000
vt 0.59765625 0.05468750 0.00000000
vt 0.57788086 0.05810547 0.00000000
vt 0.57592773 0.07373047 0.00000000
vt 0.59252930 0.06298828 0.00000000
vt 0.59448242 0.06713867 0.00000000
vt 0.60473633 0.05322266 0.00000000
vt 0.61132812 0.05517578 0.00000000
vt 0.60595703 0.04492188 0.00000000
vt 0.61010742 0.04809570 0.00000000
vt 0.60058594 0.04443359 0.00000000
vt 0.59570312 0.03955078 0.00000000
vt 0.58862305 0.04101562 0.00000000
vt 0.58837891 0.04882812 0.00000000
vt 0.58105469 0.04492188 0.00000000
vt 0.57568359 0.04785156 0.00000000
vt 0.56958008 0.05224609 0.00000000
vt 0.56323242 0.06933594 0.00000000
vt 0.55615234 0.05615234 0.00000000
vt 0.55761719 0.04785156 0.00000000
vt 0.54785156 0.03686523 0.00000000
vt 0.54443359 0.04248047 0.00000000
vt 0.53881836 0.05883789 0.00000000
vt 0.54858398 0.06762695 0.00000000
vt 0.55859375 0.08276367 0.00000000
vt 0.56103516 0.09033203 0.00000000
vt 0.54443359 0.08129883 0.00000000
vt 0.53613281 0.06616211 0.00000000
vt 0.52685547 0.05468750 0.00000000
vt 0.53222656 0.03710938 0.00000000
vt 0.52807617 0.02587891 0.00000000
vt 0.54931641 0.02734375 0.00000000
vt 0.53759766 0.01367188 0.00000000
vt 0.50830078 0.04199219 0.00000000
vt 0.51000977 0.05078125 0.00000000
vt 0.49633789 0.05883789 0.00000000
vt 0.51171875 0.06274414 0.00000000
vt 0.52001953 0.07446289 0.00000000
vt 0.50634766 0.07373047 0.00000000
vt 0.48999023 0.07055664 0.00000000
vt 0.46435547 0.05810547 0.00000000
vt 0.50219727 0.08642578 0.00000000
vt 0.48876953 0.08300781 0.00000000
vt 0.47387695 0.07763672 0.00000000
vt 0.46337891 0.06518555 0.00000000
vt 0.43237305 0.04760742 0.00000000
vt 0.42993164 0.06152344 0.00000000
vt 0.52099609 0.09936523 0.00000000
vt 0.50610352 0.09692383 0.00000000
vt 0.54272461 0.09472656 0.00000000
vt 0.54809570 0.09960938 0.00000000
vt 0.54687500 0.10766602 0.00000000
vt 0.53906250 0.10327148 0.00000000
vt 0.52050781 0.11279297 0.00000000
vt 0.52636719 0.12353516 0.00000000
vt 0.54272461 0.11645508 0.00000000
vt 0.55053711 0.10986328 0.00000000
vt 0.53247070 0.13256836 0.00000000
vt 0.82861328 0.47851562 0.00000000
vt 0.82348633 0.49194336 0.00000000
vt 0.81640625 0.47949219 0.00000000
vt 0.84277344 0.49096680 0.00000000
vt 0.82739258 0.46850586 0.00000000
vt 0.81958008 0.50292969 0.00000000
vt 0.80688477 0.50463867 0.00000000
vt 0.83789062 0.51342773 0.00000000
vt 0.83056641 0.52465820 0.00000000
vt 0.80151367 0.51342773 0.00000000
vt 0.86914062 0.49633789 0.00000000
vt 0.87695312 0.49804688 0.00000000
vt 0.88330078 0.48730469 0.00000000
vt 0.78979492 0.43090820 0.00000000
vt 0.87817383 0.47265625 0.00000000
vt 0.82080078 0.44946289 0.00000000
vt 0.77880859 0.42016602 0.00000000
vt 0.79638672 0.42163086 0.00000000
vt 0.82275391 0.43408203 0.00000000
vt 0.86035156 0.41259766 0.00000000
vt 0.85107422 0.43725586 0.00000000
vt 0.84228516 0.45971680 0.00000000
vt 0.87768555 0.41577148 0.00000000
vt 0.86718750 0.39135742 0.00000000
vt 0.88208008 0.42260742 0.00000000
vt 0.85278320 0.46875000 0.00000000
vt 0.87402344 0.44458008 0.00000000
vt 0.85400391 0.45581055 0.00000000
vt 0.86303711 0.44189453 0.00000000
vt 0.86865234 0.45898438 0.00000000
vt 0.86206055 0.47924805 0.00000000
vt 0.35864258 0.67675781 0.00000000
vt 0.36547852 0.67993164 0.00000000
vt 0.34814453 0.69018555 0.00000000
vt 0.36596680 0.69628906 0.00000000
vt 0.36401367 0.66894531 0.00000000
vt 0.34619141 0.72094727 0.00000000
vt 0.37768555 0.67822266 0.00000000
vt 0.34130859 0.67382812 0.00000000
vt 0.32885742 0.70996094 0.00000000
vt 0.31201172 0.72607422 0.00000000
vt 0.32543945 0.69335938 0.00000000
vt 0.37548828 0.65991211 0.00000000
vt 0.39135742 0.64379883 0.00000000
vt 0.38110352 0.63305664 0.00000000
vt 0.36010742 0.64550781 0.00000000
vt 0.34472656 0.65307617 0.00000000
vt 0.32495117 0.67822266 0.00000000
vt 0.30981445 0.69262695 0.00000000
vt 0.33227539 0.66748047 0.00000000
vt 0.31835938 0.65917969 0.00000000
vt 0.32006836 0.65869141 0.00000000
vt 0.34252930 0.62475586 0.00000000
vt 0.33349609 0.63867188 0.00000000
vt 0.30786133 0.65209961 0.00000000
vt 0.30151367 0.67529297 0.00000000
vt 0.32250977 0.62646484 0.00000000
vt 0.29101562 0.64428711 0.00000000
vt 0.29882812 0.63232422 0.00000000
vt 0.31347656 0.61743164 0.00000000
vt 0.34008789 0.60717773 0.00000000
vt 0.28979492 0.69238281 0.00000000
vt 0.27197266 0.68920898 0.00000000
vt 0.36108398 0.60278320 0.00000000
vt 0.34936523 0.58813477 0.00000000
vt 0.35937500 0.57617188 0.00000000
vt 0.38598633 0.63159180 0.00000000
vt 0.37304688 0.58813477 0.00000000
vt 0.38769531 0.57397461 0.00000000
vt 0.37963867 0.60742188 0.00000000
vt 0.39721680 0.58569336 0.00000000
vt 0.41040039 0.56445312 0.00000000
vt 0.39550781 0.61523438 0.00000000
vt 0.40502930 0.63183594 0.00000000
vt 0.41796875 0.61425781 0.00000000
vt 0.40698242 0.59790039 0.00000000
vt 0.42138672 0.57885742 0.00000000
vt 0.43115234 0.59887695 0.00000000
vt 0.66796875 0.12060547 0.00000000
vt 0.65771484 0.10009766 0.00000000
vt 0.68164062 0.10009766 0.00000000
vt 0.69482422 0.10986328 0.00000000
vt 0.65820312 0.08422852 0.00000000
vt 0.64672852 0.07739258 0.00000000
vt 0.70849609 0.08691406 0.00000000
vt 0.70581055 0.11572266 0.00000000
vt 0.70214844 0.07397461 0.00000000
vt 0.67822266 0.03564453 0.00000000
vt 0.72143555 0.10864258 0.00000000
vt 0.66333008 0.03637695 0.00000000
vt 0.63891602 0.07031250 0.00000000
vt 0.71386719 0.13208008 0.00000000
vt 0.64379883 0.04296875 0.00000000
vt 0.69555664 0.00415039 0.00000000
vt 0.67016602 0.01196289 0.00000000
vt 0.70434570 0.02661133 0.00000000
vt 0.65454102 0.02685547 0.00000000
vt 0.64501953 0.02246094 0.00000000
vt 0.62792969 0.04370117 0.00000000
vt 0.63354492 0.01904297 0.00000000
vt 0.71533203 0.05688477 0.00000000
vt 0.72558594 0.07934570 0.00000000
vt 0.73999023 0.06225586 0.00000000
vt 0.72949219 0.03369141 0.00000000
vt 0.71801758 0.00073242 0.00000000
vt 0.73901367 0.01586914 0.00000000
vt 0.75024414 0.04125977 0.00000000
vt 0.75878906 0.01806641 0.00000000
vt 0.77221680 0.03784180 0.00000000
vt 0.76269531 0.05615234 0.00000000
vt 0.77246094 0.11743164 0.00000000
vt 0.74853516 0.11596680 0.00000000
vt 0.75952148 0.12426758 0.00000000
vt 0.77124023 0.13696289 0.00000000
vt 0.74023438 0.13281250 0.00000000
vt 0.75927734 0.14257812 0.00000000
vt 0.74047852 0.15161133 0.00000000
vt 0.76635742 0.21679688 0.00000000
vt 0.75903320 0.21875000 0.00000000
vt 0.76123047 0.21386719 0.00000000
vt 0.75073242 0.23120117 0.00000000
vt 0.75708008 0.21264648 0.00000000
vt 0.74414062 0.22827148 0.00000000
vt 0.75146484 0.21411133 0.00000000
vt 0.75390625 0.20922852 0.00000000
vt 0.74194336 0.21142578 0.00000000
vt 0.74926758 0.20849609 0.00000000
vt 0.75097656 0.20336914 0.00000000
vt 0.72851562 0.24560547 0.00000000
vt 0.74243164 0.20825195 0.00000000
vt 0.75244141 0.19702148 0.00000000
vt 0.72338867 0.21386719 0.00000000
vt 0.72924805 0.23144531 0.00000000
vt 0.72900391 0.22167969 0.00000000
vt 0.71411133 0.22827148 0.00000000
vt 0.72900391 0.19677734 0.00000000
vt 0.74633789 0.18920898 0.00000000
vt 0.75537109 0.19091797 0.00000000
vt 0.71215820 0.20605469 0.00000000
vt 0.75659180 0.18798828 0.00000000
vt 0.76635742 0.18261719 0.00000000
vt 0.75463867 0.18481445 0.00000000
vt 0.74438477 0.18359375 0.00000000
vt 0.76953125 0.17041016 0.00000000
vt 0.76367188 0.16748047 0.00000000
vt 0.71240234 0.21899414 0.00000000
vt 0.70898438 0.19897461 0.00000000
vt 0.69726562 0.19726562 0.00000000
vt 0.69873047 0.21118164 0.00000000
vt 0.70288086 0.22119141 0.00000000
vt 0.69921875 0.23364258 0.00000000
vt 0.68066406 0.23315430 0.00000000
vt 0.67919922 0.21020508 0.00000000
vt 0.68115234 0.19873047 0.00000000
vt 0.67480469 0.22119141 0.00000000
vt 0.66406250 0.20312500 0.00000000
vt 0.66406250 0.23046875 0.00000000
vt 0.65893555 0.21777344 0.00000000
vt 0.65502930 0.23608398 0.00000000
vt 0.66992188 0.24438477 0.00000000
vt 0.66064453 0.24731445 0.00000000
vt 0.66406250 0.26269531 0.00000000
vt 0.67504883 0.26342773 0.00000000
vt 0.68310547 0.24023438 0.00000000
vt 0.68920898 0.26074219 0.00000000
vt 0.68432617 0.27392578 0.00000000
vt 0.67114258 0.27539062 0.00000000
vt 0.69897461 0.25756836 0.00000000
vt 0.69824219 0.28295898 0.00000000
vt 0.67944336 0.28686523 0.00000000
vt 0.67968750 0.28759766 0.00000000
vt 0.70532227 0.26904297 0.00000000
vt 0.71264648 0.25170898 0.00000000
vt 0.71752930 0.27343750 0.00000000
vt 0.70922852 0.27905273 0.00000000
vt 0.70629883 0.29516602 0.00000000
vt 0.69750977 0.31079102 0.00000000
vt 0.71777344 0.27563477 0.00000000
vt 0.70507812 0.31665039 0.00000000
vt 0.72705078 0.26538086 0.00000000
vt 0.73583984 0.26220703 0.00000000
vt 0.74194336 0.28344727 0.00000000
vt 0.71435547 0.30615234 0.00000000
vt 0.72460938 0.29638672 0.00000000
vt 0.72680664 0.28149414 0.00000000
vt 0.73535156 0.28955078 0.00000000
vt 0.73364258 0.30541992 0.00000000
vt 0.74291992 0.31103516 0.00000000
vt 0.72729492 0.32348633 0.00000000
vt 0.72265625 0.31591797 0.00000000
vt 0.70605469 0.33911133 0.00000000
vt 0.99926758 0.03100586 0.00000000
vt 0.98706055 0.03442383 0.00000000
vt 0.99194336 0.02075195 0.00000000
vt 0.99975586 0.05297852 0.00000000
vt 0.54907227 0.96606445 0.00000000
vt 0.56103516 0.95190430 0.00000000
vt 0.56079102 0.97875977 0.00000000
vt 0.54565430 0.95190430 0.00000000
vt 0.97241211 0.71240234 0.00000000
vt 0.97436523 0.69433594 0.00000000
vt 0.98315430 0.69726562 0.00000000
vt 0.96093750 0.68994141 0.00000000
vt 0.97729492 0.71484375 0.00000000
vt 0.98022461 0.70727539 0.00000000
vt 1.00000000 0.72631836 0.00000000
vt 0.97509766 0.72631836 0.00000000
vt 0.96264648 0.72509766 0.00000000
vt 0.95117188 0.70654297 0.00000000
vt 0.94726562 0.71582031 0.00000000
vt 0.93872070 0.69897461 0.00000000
vt 0.94287109 0.68286133 0.00000000
vt 0.31909180 0.80664062 0.00000000
vt 0.34667969 0.82080078 0.00000000
vt 0.34228516 0.82763672 0.00000000
vt 0.34228516 0.84448242 0.00000000
vt 0.32690430 0.83813477 0.00000000
vt 0.31176758 0.84155273 0.00000000
vt 0.32543945 0.85131836 0.00000000
vt 0.29296875 0.84057617 0.00000000
vt 0.31054688 0.85937500 0.00000000
vt 0.29833984 0.81860352 0.00000000
vt 0.31396484 0.80053711 0.00000000
vt 0.28100586 0.82128906 0.00000000
vt 0.27612305 0.81103516 0.00000000
vt 0.27636719 0.84765625 0.00000000
vt 0.29663086 0.86962891 0.00000000
vt 0.23632812 0.82226562 0.00000000
vt 0.24829102 0.80493164 0.00000000
vt 0.26342773 0.84399414 0.00000000
vt 0.25634766 0.86547852 0.00000000
vt 0.23559570 0.84497070 0.00000000
vt 0.80346680 0.16552734 0.00000000
vt 0.79736328 0.18896484 0.00000000
vt 0.78344727 0.18090820 0.00000000
vt 0.81884766 0.17285156 0.00000000
vt 0.82153320 0.15234375 0.00000000
vt 0.83325195 0.15429688 0.00000000
vt 0.81372070 0.19677734 0.00000000
vt 0.83374023 0.17358398 0.00000000
vt 0.84912109 0.15795898 0.00000000
vt 0.84497070 0.14599609 0.00000000
vt 0.85986328 0.13427734 0.00000000
vt 0.85058594 0.13281250 0.00000000
vt 0.85620117 0.18432617 0.00000000
vt 0.82617188 0.18579102 0.00000000
vt 0.84692383 0.20166016 0.00000000
vt 0.83593750 0.20068359 0.00000000
vt 0.83618164 0.21655273 0.00000000
vt 0.86083984 0.21899414 0.00000000
vt 0.85522461 0.22680664 0.00000000
vt 0.84033203 0.23071289 0.00000000
vt 0.83471680 0.22851562 0.00000000
vt 0.83837891 0.23217773 0.00000000
vt 0.81616211 0.21582031 0.00000000
vt 0.82495117 0.22167969 0.00000000
vt 0.81616211 0.21655273 0.00000000
vt 0.82836914 0.22534180 0.00000000
vt 0.83129883 0.25048828 0.00000000
vt 0.85522461 0.26098633 0.00000000
vt 0.85278320 0.26879883 0.00000000
vt 0.85961914 0.25830078 0.00000000
vt 0.84545898 0.23168945 0.00000000
vt 0.80468750 0.20434570 0.00000000
vt 0.78369141 0.20190430 0.00000000
vt 0.78051758 0.20898438 0.00000000
vt 0.80126953 0.22021484 0.00000000
vt 0.78002930 0.21826172 0.00000000
vt 0.79101562 0.22607422 0.00000000
vt 0.78100586 0.23242188 0.00000000
vt 0.79199219 0.22680664 0.00000000
vt 0.79077148 0.22778320 0.00000000
vt 0.31103516 0.71533203 0.00000000
vt 0.29028320 0.71215820 0.00000000
vt 0.28247070 0.72656250 0.00000000
vt 0.26586914 0.70996094 0.00000000
vt 0.27124023 0.08300781 0.00000000
vt 0.26464844 0.09228516 0.00000000
vt 0.26000977 0.07641602 0.00000000
vt 0.24829102 0.08349609 0.00000000
vt 0.27441406 0.10913086 0.00000000
vt 0.25073242 0.10302734 0.00000000
vt 0.22753906 0.10180664 0.00000000
vt 0.21240234 0.10302734 0.00000000
vt 0.21435547 0.09106445 0.00000000
vt 0.22290039 0.11865234 0.00000000
vt 0.27368164 0.11572266 0.00000000
vt 0.19726562 0.10253906 0.00000000
vt 0.20483398 0.09692383 0.00000000
vt 0.28857422 0.11791992 0.00000000
vt 0.28369141 0.10668945 0.00000000
vt 0.24926758 0.11499023 0.00000000
vt 0.20434570 0.11279297 0.00000000
vt 0.25610352 0.12451172 0.00000000
vt 0.22265625 0.12377930 0.00000000
vt 0.27294922 0.11962891 0.00000000
vt 0.19604492 0.11206055 0.00000000
vt 0.18334961 0.10595703 0.00000000
vt 0.20727539 0.12353516 0.00000000
vt 0.18505859 0.11914062 0.00000000
vt 0.16796875 0.10571289 0.00000000
vt 0.18969727 0.12548828 0.00000000
vt 0.16870117 0.11083984 0.00000000
vt 0.19873047 0.13598633 0.00000000
vt 0.18286133 0.13037109 0.00000000
vt 0.18188477 0.13940430 0.00000000
vt 0.20581055 0.14770508 0.00000000
vt 0.23754883 0.14208984 0.00000000
vt 0.24096680 0.16430664 0.00000000
vt 0.20263672 0.18627930 0.00000000
vt 0.26220703 0.13647461 0.00000000
vt 0.24340820 0.15185547 0.00000000
vt 0.27929688 0.14501953 0.00000000
vt 0.22778320 0.18041992 0.00000000
vt 0.20898438 0.19506836 0.00000000
vt 0.26879883 0.16845703 0.00000000
vt 0.22583008 0.18359375 0.00000000
vt 0.21093750 0.20312500 0.00000000
vt 0.24218750 0.17309570 0.00000000
vt 0.23095703 0.18041992 0.00000000
vt 0.23510742 0.20458984 0.00000000
vt 0.21777344 0.21337891 0.00000000
vt 0.24780273 0.20019531 0.00000000
vt 0.26440430 0.18457031 0.00000000
vt 0.23266602 0.22729492 0.00000000
vt 0.21679688 0.23535156 0.00000000
vt 0.24633789 0.22167969 0.00000000
vt 0.23022461 0.24365234 0.00000000
vt 0.21752930 0.25170898 0.00000000
vt 0.22753906 0.26440430 0.00000000
vt 0.21801758 0.26660156 0.00000000
vt 0.24267578 0.25903320 0.00000000
vt 0.25415039 0.23608398 0.00000000
vt 0.25512695 0.25048828 0.00000000
vt 0.27294922 0.22827148 0.00000000
vt 0.27392578 0.24340820 0.00000000
vt 0.27099609 0.26464844 0.00000000
vt 0.27905273 0.21240234 0.00000000
vt 0.26489258 0.19409180 0.00000000
vt 0.29467773 0.19091797 0.00000000
vt 0.29003906 0.17626953 0.00000000
vt 0.31860352 0.17749023 0.00000000
vt 0.30908203 0.17065430 0.00000000
vt 0.32031250 0.16162109 0.00000000
vt 0.33691406 0.15722656 0.00000000
vt 0.30297852 0.15893555 0.00000000
vt 0.33203125 0.14648438 0.00000000
vt 0.33447266 0.14526367 0.00000000
vt 0.31176758 0.15502930 0.00000000
vt 0.31860352 0.13403320 0.00000000
vt 0.30761719 0.15087891 0.00000000
vt 0.28662109 0.16357422 0.00000000
vt 0.30053711 0.15820312 0.00000000
vt 0.27465820 0.16113281 0.00000000
vt 0.27807617 0.15502930 0.00000000
vt 0.29760742 0.13525391 0.00000000
vt 0.30541992 0.12377930 0.00000000
vt 0.30297852 0.11889648 0.00000000
vt 0.31665039 0.11328125 0.00000000
vt 0.31982422 0.10937500 0.00000000
vt 0.30053711 0.10961914 0.00000000
vt 0.29589844 0.10083008 0.00000000
vt 0.31127930 0.10473633 0.00000000
vt 0.30859375 0.09375000 0.00000000
vt 0.30053711 0.91918945 0.00000000
vt 0.30322266 0.93212891 0.00000000
vt 0.28784180 0.93676758 0.00000000
vt 0.28271484 0.92773438 0.00000000
vt 0.25585938 0.94458008 0.00000000
vt 0.26269531 0.95019531 0.00000000
vt 0.30151367 0.95703125 0.00000000
vt 0.28002930 0.97363281 0.00000000
vt 0.30664062 0.92797852 0.00000000
vt 0.31127930 0.96069336 0.00000000
vt 0.30102539 0.98071289 0.00000000
vt 0.32470703 0.97900391 0.00000000
vt 0.31225586 0.95849609 0.00000000
vt 0.32202148 0.96435547 0.00000000
vt 0.33886719 0.97607422 0.00000000
vt 0.33325195 0.96166992 0.00000000
vt 0.34912109 0.96655273 0.00000000
vt 0.33935547 0.93945312 0.00000000
vt 0.36669922 0.95068359 0.00000000
vt 0.31689453 0.94433594 0.00000000
vt 0.31079102 0.93457031 0.00000000
vt 0.32055664 0.93066406 0.00000000
vt 0.32446289 0.92431641 0.00000000
vt 0.31396484 0.92016602 0.00000000
vt 0.31079102 0.91113281 0.00000000
vt 0.31738281 0.90185547 0.00000000
vt 0.31958008 0.91357422 0.00000000
vt 0.32202148 0.89526367 0.00000000
vt 0.96289062 0.12573242 0.00000000
vt 0.97070312 0.13574219 0.00000000
vt 0.95629883 0.15332031 0.00000000
vt 0.97851562 0.15527344 0.00000000
vt 0.93969727 0.12500000 0.00000000
vt 0.95556641 0.11254883 0.00000000
vt 0.93554688 0.15136719 0.00000000
vt 0.96826172 0.16845703 0.00000000
vt 0.95141602 0.17358398 0.00000000
vt 0.97631836 0.17626953 0.00000000
vt 0.97045898 0.17700195 0.00000000
vt 0.95532227 0.17797852 0.00000000
vt 0.96313477 0.18261719 0.00000000
vt 0.97143555 0.18798828 0.00000000
vt 0.94628906 0.18505859 0.00000000
vt 0.93261719 0.16455078 0.00000000
vt 0.91650391 0.15869141 0.00000000
vt 0.91088867 0.16894531 0.00000000
vt 0.92065430 0.18945312 0.00000000
vt 0.94165039 0.19335938 0.00000000
vt 0.93725586 0.20092773 0.00000000
vt 0.94921875 0.19897461 0.00000000
vt 0.95678711 0.20532227 0.00000000
vt 0.95629883 0.21630859 0.00000000
vt 0.96533203 0.20068359 0.00000000
vt 0.96411133 0.19287109 0.00000000
vt 0.96289062 0.77050781 0.00000000
vt 0.97167969 0.78076172 0.00000000
vt 0.95092773 0.78833008 0.00000000
vt 0.95556641 0.80224609 0.00000000
vt 0.94189453 0.79687500 0.00000000
vt 0.94165039 0.78613281 0.00000000
vt 0.93823242 0.77490234 0.00000000
vt 0.93774414 0.77514648 0.00000000
vt 0.94897461 0.76391602 0.00000000
vt 0.96606445 0.75439453 0.00000000
vt 0.95629883 0.72949219 0.00000000
vt 0.97119141 0.73339844 0.00000000
vt 0.93579102 0.75976562 0.00000000
vt 0.92626953 0.77343750 0.00000000
vt 0.91967773 0.75268555 0.00000000
vt 0.93847656 0.74780273 0.00000000
vt 0.92675781 0.72583008 0.00000000
vt 0.91284180 0.73291016 0.00000000
vt 0.92187500 0.75292969 0.00000000
vt 0.89746094 0.74096680 0.00000000
vt 0.50952148 0.94116211 0.00000000
vt 0.52587891 0.94848633 0.00000000
vt 0.50244141 0.95678711 0.00000000
vt 0.53979492 0.92456055 0.00000000
vt 0.54077148 0.95214844 0.00000000
vt 0.51635742 0.96948242 0.00000000
vt 0.95288086 0.93041992 0.00000000
vt 0.95874023 0.91455078 0.00000000
vt 0.97265625 0.92724609 0.00000000
vt 0.93969727 0.91650391 0.00000000
vt 0.95239258 0.90136719 0.00000000
vt 0.91552734 0.92407227 0.00000000
vt 0.93872070 0.95043945 0.00000000
vt 0.93823242 0.90625000 0.00000000
vt 0.92236328 0.95361328 0.00000000
vt 0.91308594 0.91186523 0.00000000
vt 0.93627930 0.88842773 0.00000000
vt 0.95874023 0.87744141 0.00000000
vt 0.93090820 0.87304688 0.00000000
vt 0.90917969 0.89501953 0.00000000
vt 0.89648438 0.90405273 0.00000000
vt 0.88720703 0.88867188 0.00000000
vt 0.89550781 0.91845703 0.00000000
vt 0.88500977 0.91308594 0.00000000
vt 0.87573242 0.89941406 0.00000000
vt 0.87329102 0.91040039 0.00000000
vt 0.87133789 0.93017578 0.00000000
vt 0.88256836 0.93603516 0.00000000
vt 0.89184570 0.93383789 0.00000000
vt 0.90332031 0.92822266 0.00000000
vt 0.89501953 0.93554688 0.00000000
vt 0.90405273 0.93847656 0.00000000
vt 0.89599609 0.94262695 0.00000000
vt 0.89624023 0.95043945 0.00000000
vt 0.11206055 0.76782227 0.00000000
vt 0.13403320 0.77539062 0.00000000
vt 0.14013672 0.79785156 0.00000000
vt 0.11010742 0.80200195 0.00000000
vt 0.14355469 0.78247070 0.00000000
vt 0.15112305 0.76611328 0.00000000
vt 0.15478516 0.78295898 0.00000000
vt 0.17065430 0.80541992 0.00000000
vt 0.11035156 0.80346680 0.00000000
vt 0.13940430 0.80883789 0.00000000
vt 0.16870117 0.81713867 0.00000000
vt 0.18310547 0.82153320 0.00000000
vt 0.16748047 0.83642578 0.00000000
vt 0.17578125 0.84057617 0.00000000
vt 0.14160156 0.82690430 0.00000000
vt 0.12646484 0.81811523 0.00000000
vt 0.13916016 0.84057617 0.00000000
vt 0.11181641 0.81713867 0.00000000
vt 0.10009766 0.81030273 0.00000000
vt 0.10742188 0.82104492 0.00000000
vt 0.10815430 0.82202148 0.00000000
vt 0.09790039 0.81738281 0.00000000
vt 0.09252930 0.83032227 0.00000000
vt 0.09033203 0.82592773 0.00000000
vt 0.08129883 0.83789062 0.00000000
vt 0.08496094 0.82250977 0.00000000
vt 0.08105469 0.80834961 0.00000000
vt 0.07763672 0.83544922 0.00000000
vt 0.06958008 0.83422852 0.00000000
vt 0.06225586 0.82958984 0.00000000
vt 0.51391602 0.48217773 0.00000000
vt 0.52465820 0.50341797 0.00000000
vt 0.49707031 0.47778320 0.00000000
vt 0.55078125 0.48120117 0.00000000
vt 0.52514648 0.46875000 0.00000000
vt 0.55224609 0.46240234 0.00000000
vt 0.53320312 0.53588867 0.00000000
vt 0.50781250 0.51293945 0.00000000
vt 0.55004883 0.51220703 0.00000000
vt 0.56127930 0.52099609 0.00000000
vt 0.55517578 0.50854492 0.00000000
vt 0.54272461 0.55004883 0.00000000
vt 0.56176758 0.51904297 0.00000000
vt 0.57812500 0.49414062 0.00000000
vt 0.58325195 0.47778320 0.00000000
vt 0.56445312 0.45849609 0.00000000
vt 0.58715820 0.46875000 0.00000000
vt 0.59179688 0.45874023 0.00000000
vt 0.60644531 0.47412109 0.00000000
vt 0.62817383 0.46923828 0.00000000
vt 0.60083008 0.44116211 0.00000000
vt 0.63818359 0.45507812 0.00000000
vt 0.63378906 0.43774414 0.00000000
vt 0.62426758 0.47802734 0.00000000
vt 0.62402344 0.49218750 0.00000000
vt 0.64160156 0.48095703 0.00000000
vt 0.59545898 0.49902344 0.00000000
vt 0.61767578 0.50830078 0.00000000
vt 0.62915039 0.51293945 0.00000000
vt 0.58984375 0.51074219 0.00000000
vt 0.62670898 0.53344727 0.00000000
vt 0.58105469 0.52294922 0.00000000
vt 0.60058594 0.52905273 0.00000000
vt 0.61596680 0.53100586 0.00000000
vt 0.57861328 0.52343750 0.00000000
vt 0.58349609 0.54443359 0.00000000
vt 0.60498047 0.56274414 0.00000000
vt 0.63305664 0.55175781 0.00000000
vt 0.61621094 0.56665039 0.00000000
vt 0.58105469 0.56152344 0.00000000
vt 0.59912109 0.57983398 0.00000000
vt 0.62036133 0.58227539 0.00000000
vt 0.60668945 0.60180664 0.00000000
vt 0.61352539 0.63134766 0.00000000
vt 0.59252930 0.62329102 0.00000000
vt 0.58178711 0.61035156 0.00000000
vt 0.55297852 0.59423828 0.00000000
vt 0.56909180 0.57934570 0.00000000
vt 0.53930664 0.56835938 0.00000000
vt 0.58105469 0.56884766 0.00000000
vt 0.45703125 0.20214844 0.00000000
vt 0.46728516 0.24951172 0.00000000
vt 0.44653320 0.22583008 0.00000000
vt 0.47583008 0.23095703 0.00000000
vt 0.43066406 0.19995117 0.00000000
vt 0.42553711 0.22338867 0.00000000
vt 0.44628906 0.25048828 0.00000000
vt 0.47583008 0.28808594 0.00000000
vt 0.40625000 0.20117188 0.00000000
vt 0.40820312 0.25048828 0.00000000
vt 0.40893555 0.28417969 0.00000000
vt 0.37402344 0.27368164 0.00000000
vt 0.38012695 0.23388672 0.00000000
vt 0.36425781 0.19775391 0.00000000
vt 0.35791016 0.27197266 0.00000000
vt 0.34838867 0.19824219 0.00000000
vt 0.33593750 0.21533203 0.00000000
vt 0.30590820 0.19238281 0.00000000
vt 0.31542969 0.23730469 0.00000000
vt 0.31347656 0.28295898 0.00000000
vt 0.33398438 0.29272461 0.00000000
vt 0.27880859 0.26562500 0.00000000
vt 0.30200195 0.22802734 0.00000000
vt 0.28613281 0.21948242 0.00000000
vt 0.11962891 0.59326172 0.00000000
vt 0.13964844 0.55371094 0.00000000
vt 0.14501953 0.57861328 0.00000000
vt 0.14624023 0.62011719 0.00000000
vt 0.16650391 0.60766602 0.00000000
vt 0.20019531 0.57666016 0.00000000
vt 0.22631836 0.58862305 0.00000000
vt 0.20434570 0.61791992 0.00000000
vt 0.22827148 0.61694336 0.00000000
vt 0.14868164 0.62695312 0.00000000
vt 0.20288086 0.63403320 0.00000000
vt 0.15185547 0.63281250 0.00000000
vt 0.23315430 0.63696289 0.00000000
vt 0.25732422 0.61254883 0.00000000
vt 0.20141602 0.65673828 0.00000000
vt 0.18383789 0.65771484 0.00000000
vt 0.23681641 0.65722656 0.00000000
vt 0.28027344 0.65234375 0.00000000
vt 0.26562500 0.68383789 0.00000000
vt 0.23095703 0.70141602 0.00000000
vt 0.21020508 0.66918945 0.00000000
vt 0.19433594 0.69970703 0.00000000
vt 0.15478516 0.66210938 0.00000000
vt 0.16503906 0.70117188 0.00000000
vt 0.12329102 0.65747070 0.00000000
vt 0.14404297 0.69873047 0.00000000
vt 0.13671875 0.72631836 0.00000000
vt 0.12011719 0.72607422 0.00000000
vt 0.12524414 0.69628906 0.00000000
vt 0.07983398 0.71557617 0.00000000
vt 0.09960938 0.68579102 0.00000000
vt 0.12036133 0.63256836 0.00000000
vt 0.05517578 0.67602539 0.00000000
vt 0.02368164 0.66723633 0.00000000
vt 0.08837891 0.63769531 0.00000000
vt 0.05737305 0.65161133 0.00000000
vt 0.04858398 0.62744141 0.00000000
vt 0.07031250 0.61621094 0.00000000
vt 0.09570312 0.62890625 0.00000000
vt 0.08691406 0.58544922 0.00000000
vt 0.10009766 0.57641602 0.00000000
vt 0.11206055 0.57177734 0.00000000
vt 0.09619141 0.55981445 0.00000000
vt 0.86010742 0.99975586 0.00000000
vt 0.89306641 0.99243164 0.00000000
vt 0.89428711 0.99975586 0.00000000
vt 0.92260742 0.99584961 0.00000000
vt 0.90917969 0.45434570 0.00000000
vt 0.92480469 0.45825195 0.00000000
vt 0.92626953 0.47338867 0.00000000
vt 0.94799805 0.45800781 0.00000000
vt 0.89648438 0.46972656 0.00000000
vt 0.92480469 0.42773438 0.00000000
vt 0.97167969 0.46899414 0.00000000
vt 0.96240234 0.45703125 0.00000000
vt 0.95825195 0.44238281 0.00000000
vt 0.93969727 0.43627930 0.00000000
vt 0.92749023 0.41943359 0.00000000
vt 0.90771484 0.43774414 0.00000000
vt 0.90576172 0.42065430 0.00000000
vt 0.89355469 0.45214844 0.00000000
vt 0.89624023 0.43676758 0.00000000
vt 0.89013672 0.43823242 0.00000000
vt 0.88891602 0.44726562 0.00000000
vt 0.88867188 0.46484375 0.00000000
vt 0.88745117 0.47070312 0.00000000
vt 0.34594727 0.74609375 0.00000000
vt 0.36303711 0.71166992 0.00000000
vt 0.37768555 0.74267578 0.00000000
vt 0.35327148 0.77514648 0.00000000
vt 0.32861328 0.74902344 0.00000000
vt 0.32861328 0.77734375 0.00000000
vt 0.32543945 0.79711914 0.00000000
vt 0.31420898 0.78247070 0.00000000
vt 0.38745117 0.77856445 0.00000000
vt 0.39282227 0.76196289 0.00000000
vt 0.36083984 0.78784180 0.00000000
vt 0.40258789 0.78369141 0.00000000
vt 0.35253906 0.81591797 0.00000000
vt 0.35717773 0.81323242 0.00000000
vt 0.35375977 0.81689453 0.00000000
vt 0.36987305 0.79199219 0.00000000
vt 0.38012695 0.80102539 0.00000000
vt 0.37573242 0.81494141 0.00000000
vt 0.39404297 0.78808594 0.00000000
vt 0.38891602 0.80566406 0.00000000
vt 0.39233398 0.81250000 0.00000000
vt 0.39624023 0.81494141 0.00000000
vt 0.40747070 0.81835938 0.00000000
vt 0.43041992 0.81274414 0.00000000
vt 0.16455078 0.98583984 0.00000000
vt 0.17602539 0.98168945 0.00000000
vt 0.17138672 0.99560547 0.00000000
vt 0.17382812 0.96899414 0.00000000
vt 0.18383789 0.97680664 0.00000000
vt 0.18212891 0.96704102 0.00000000
vt 0.18310547 0.95312500 0.00000000
vt 0.16845703 0.95678711 0.00000000
vt 0.15869141 0.97290039 0.00000000
vt 0.15844727 0.98364258 0.00000000
vt 0.16015625 0.95043945 0.00000000
vt 0.15942383 0.93676758 0.00000000
vt 0.15039062 0.95996094 0.00000000
vt 0.14062500 0.97167969 0.00000000
vt 0.14965820 0.94702148 0.00000000
vt 0.14599609 0.94042969 0.00000000
vt 0.13793945 0.94702148 0.00000000
vt 0.84667969 0.58325195 0.00000000
vt 0.85839844 0.58056641 0.00000000
vt 0.85375977 0.59228516 0.00000000
vt 0.83789062 0.60058594 0.00000000
vt 0.85424805 0.59326172 0.00000000
vt 0.84179688 0.61157227 0.00000000
vt 0.87597656 0.59619141 0.00000000
vt 0.85375977 0.61718750 0.00000000
vt 0.84399414 0.62524414 0.00000000
vt 0.85839844 0.62670898 0.00000000
vt 0.84741211 0.64233398 0.00000000
vt 0.81225586 0.63232422 0.00000000
vt 0.82861328 0.64331055 0.00000000
vt 0.82299805 0.65478516 0.00000000
vt 0.84814453 0.66088867 0.00000000
vt 0.80664062 0.64526367 0.00000000
vt 0.80493164 0.65039062 0.00000000
vt 0.80126953 0.61645508 0.00000000
vt 0.79370117 0.63305664 0.00000000
vt 0.82055664 0.60424805 0.00000000
vt 0.80908203 0.60668945 0.00000000
vt 0.81225586 0.60424805 0.00000000
vt 0.81079102 0.59375000 0.00000000
vt 0.83740234 0.58935547 0.00000000
vt 0.80859375 0.58520508 0.00000000
vt 0.83569336 0.57299805 0.00000000
vt 0.84521484 0.56958008 0.00000000
vt 0.80810547 0.57885742 0.00000000
vt 0.79760742 0.57543945 0.00000000
vt 0.81176758 0.56787109 0.00000000
vt 0.79101562 0.56738281 0.00000000
vt 0.83178711 0.55688477 0.00000000
vt 0.80200195 0.55712891 0.00000000
vt 0.81347656 0.55249023 0.00000000
vt 0.82348633 0.54467773 0.00000000
vt 0.80004883 0.54907227 0.00000000
vt 0.80297852 0.52954102 0.00000000
vt 0.93627930 0.83813477 0.00000000
vt 0.93701172 0.86743164 0.00000000
vt 0.92187500 0.83666992 0.00000000
vt 0.95239258 0.83837891 0.00000000
vt 0.93164062 0.80737305 0.00000000
vt 0.96313477 0.81835938 0.00000000
vt 0.96508789 0.83666992 0.00000000
vt 0.97753906 0.86889648 0.00000000
vt 0.98120117 0.83496094 0.00000000
vt 0.99169922 0.84472656 0.00000000
vt 0.99096680 0.82421875 0.00000000
vt 0.99072266 0.79345703 0.00000000
vt 0.62792969 0.95800781 0.00000000
vt 0.65185547 0.95800781 0.00000000
vt 0.63525391 0.98168945 0.00000000
vt 0.92187500 0.12353516 0.00000000
vt 0.92724609 0.14868164 0.00000000
vt 0.90332031 0.11816406 0.00000000
vt 0.90161133 0.13867188 0.00000000
vt 0.92138672 0.10229492 0.00000000
vt 0.90844727 0.08935547 0.00000000
vt 0.92041016 0.07714844 0.00000000
vt 0.88647461 0.11621094 0.00000000
vt 0.88232422 0.15161133 0.00000000
vt 0.86718750 0.13085938 0.00000000
vt 0.89184570 0.09057617 0.00000000
vt 0.84985352 0.10717773 0.00000000
vt 0.84594727 0.12109375 0.00000000
vt 0.82836914 0.12817383 0.00000000
vt 0.86889648 0.07714844 0.00000000
vt 0.89990234 0.06127930 0.00000000
vt 0.92456055 0.03808594 0.00000000
vt 0.90405273 0.03979492 0.00000000
vt 0.88159180 0.06811523 0.00000000
vt 0.86938477 0.07421875 0.00000000
vt 0.89453125 0.05322266 0.00000000
vt 0.89892578 0.04394531 0.00000000
vt 0.89111328 0.05493164 0.00000000
vt 0.86254883 0.05566406 0.00000000
vt 0.88769531 0.04296875 0.00000000
vt 0.89062500 0.03857422 0.00000000
vt 0.00781250 0.45629883 0.00000000
vt 0.00708008 0.45678711 0.00000000
vt 0.00927734 0.43676758 0.00000000
vt 0.01000977 0.46606445 0.00000000
vt 0.79199219 0.61669922 0.00000000
vt 0.77172852 0.61059570 0.00000000
vt 0.77539062 0.59667969 0.00000000
vt 0.79443359 0.59521484 0.00000000
vt 0.78369141 0.57031250 0.00000000
vt 0.75683594 0.59106445 0.00000000
vt 0.75073242 0.61669922 0.00000000
vt 0.75830078 0.55810547 0.00000000
vt 0.78833008 0.55761719 0.00000000
vt 0.77392578 0.54028320 0.00000000
vt 0.78906250 0.54443359 0.00000000
vt 0.78881836 0.53222656 0.00000000
vt 0.76269531 0.53857422 0.00000000
vt 0.74926758 0.55151367 0.00000000
vt 0.76757812 0.52246094 0.00000000
vt 0.79101562 0.51123047 0.00000000
vt 0.75292969 0.53369141 0.00000000
vt 0.73461914 0.53930664 0.00000000
vt 0.74218750 0.52124023 0.00000000
vt 0.78955078 0.50317383 0.00000000
vt 0.75244141 0.52246094 0.00000000
vt 0.74536133 0.51416016 0.00000000
vt 0.75488281 0.50244141 0.00000000
vt 0.77368164 0.49926758 0.00000000
vt 0.77514648 0.48974609 0.00000000
vt 0.75537109 0.49536133 0.00000000
vt 0.79077148 0.49658203 0.00000000
vt 0.79443359 0.48925781 0.00000000
vt 0.78613281 0.47558594 0.00000000
vt 0.13403320 0.89208984 0.00000000
vt 0.12622070 0.87939453 0.00000000
vt 0.15771484 0.87036133 0.00000000
vt 0.15698242 0.88940430 0.00000000
vt 0.15380859 0.90820312 0.00000000
vt 0.17895508 0.88940430 0.00000000
vt 0.20263672 0.88964844 0.00000000
vt 0.18603516 0.86694336 0.00000000
vt 0.16137695 0.84838867 0.00000000
vt 0.18823242 0.84716797 0.00000000
vt 0.20361328 0.86132812 0.00000000
vt 0.21215820 0.81665039 0.00000000
vt 0.18798828 0.82348633 0.00000000
vt 0.21093750 0.85327148 0.00000000
vt 0.22045898 0.86767578 0.00000000
vt 0.23583984 0.88354492 0.00000000
vt 0.24511719 0.90014648 0.00000000
vt 0.24169922 0.87426758 0.00000000
vt 0.24682617 0.89233398 0.00000000
vt 0.26806641 0.90014648 0.00000000
vt 0.25781250 0.88964844 0.00000000
vt 0.85229492 0.79467773 0.00000000
vt 0.86083984 0.80810547 0.00000000
vt 0.83789062 0.80688477 0.00000000
vt 0.84252930 0.78198242 0.00000000
vt 0.85937500 0.77954102 0.00000000
vt 0.84838867 0.76660156 0.00000000
vt 0.82080078 0.78320312 0.00000000
vt 0.81469727 0.79443359 0.00000000
vt 0.82153320 0.77490234 0.00000000
vt 0.79833984 0.77929688 0.00000000
vt 0.79980469 0.80712891 0.00000000
vt 0.82788086 0.75805664 0.00000000
vt 0.85595703 0.73437500 0.00000000
vt 0.79394531 0.80786133 0.00000000
vt 0.82397461 0.72900391 0.00000000
vt 0.77612305 0.78247070 0.00000000
vt 0.78100586 0.80615234 0.00000000
vt 0.76928711 0.80371094 0.00000000
vt 0.75073242 0.80712891 0.00000000
vt 0.75024414 0.80151367 0.00000000
vt 0.76098633 0.78686523 0.00000000
vt 0.80664062 0.74023438 0.00000000
vt 0.78833008 0.76171875 0.00000000
vt 0.75415039 0.77832031 0.00000000
vt 0.75146484 0.77905273 0.00000000
vt 0.75292969 0.76660156 0.00000000
vt 0.74365234 0.77758789 0.00000000
vt 0.75927734 0.76025391 0.00000000
vt 0.77783203 0.74804688 0.00000000
vt 0.80761719 0.73315430 0.00000000
vt 0.78881836 0.72314453 0.00000000
vt 0.76977539 0.72998047 0.00000000
vt 0.82104492 0.72021484 0.00000000
vt 0.84082031 0.70288086 0.00000000
vt 0.80834961 0.71386719 0.00000000
vt 0.83984375 0.70239258 0.00000000
vt 0.85253906 0.68798828 0.00000000
vt 0.79785156 0.70874023 0.00000000
vt 0.81176758 0.68725586 0.00000000
vt 0.83422852 0.68237305 0.00000000
vt 0.78149414 0.69628906 0.00000000
vt 0.79809570 0.67382812 0.00000000
vt 0.76538086 0.72094727 0.00000000
vt 0.78613281 0.67041016 0.00000000
vt 0.77734375 0.69091797 0.00000000
vt 0.77001953 0.68676758 0.00000000
vt 0.85913086 0.04980469 0.00000000
vt 0.86401367 0.03491211 0.00000000
vt 0.88012695 0.03613281 0.00000000
vt 0.86987305 0.02294922 0.00000000
vt 0.54223633 0.22973633 0.00000000
vt 0.54394531 0.22583008 0.00000000
vt 0.55322266 0.21533203 0.00000000
vt 0.54541016 0.21386719 0.00000000
vt 0.55615234 0.23071289 0.00000000
vt 0.55053711 0.24462891 0.00000000
vt 0.53662109 0.24414062 0.00000000
vt 0.52539062 0.23217773 0.00000000
vt 0.53320312 0.25878906 0.00000000
vt 0.56518555 0.26513672 0.00000000
vt 0.55664062 0.28491211 0.00000000
vt 0.53149414 0.25488281 0.00000000
vt 0.51782227 0.25122070 0.00000000
vt 0.49511719 0.27148438 0.00000000
vt 0.52270508 0.28222656 0.00000000
vt 0.49536133 0.28198242 0.00000000
vt 0.54614258 0.29614258 0.00000000
vt 0.52026367 0.28637695 0.00000000
vt 0.52612305 0.30078125 0.00000000
vt 0.51318359 0.30981445 0.00000000
vt 0.52954102 0.32592773 0.00000000
vt 0.55712891 0.31958008 0.00000000
vt 0.54956055 0.33862305 0.00000000
vt 0.50170898 0.30737305 0.00000000
vt 0.47900391 0.29589844 0.00000000
vt 0.51123047 0.33032227 0.00000000
vt 0.52001953 0.33374023 0.00000000
vt 0.53735352 0.34204102 0.00000000
vt 0.55297852 0.35253906 0.00000000
vt 0.50000000 0.33764648 0.00000000
vt 0.48461914 0.33227539 0.00000000
vt 0.54418945 0.35107422 0.00000000
vt 0.51049805 0.36059570 0.00000000
vt 0.49951172 0.37011719 0.00000000
vt 0.52221680 0.34497070 0.00000000
vt 0.51855469 0.40258789 0.00000000
vt 0.52392578 0.36059570 0.00000000
vt 0.52465820 0.37304688 0.00000000
vt 0.53637695 0.38403320 0.00000000
vt 0.55786133 0.38745117 0.00000000
vt 0.54833984 0.37573242 0.00000000
vt 0.54296875 0.36840820 0.00000000
vt 0.55664062 0.35327148 0.00000000
vt 0.70825195 0.58764648 0.00000000
vt 0.71289062 0.61791992 0.00000000
vt 0.69897461 0.62158203 0.00000000
vt 0.71875000 0.61279297 0.00000000
vt 0.72192383 0.61206055 0.00000000
vt 0.72924805 0.61206055 0.00000000
vt 0.68750000 0.59985352 0.00000000
vt 0.70019531 0.58471680 0.00000000
vt 0.67236328 0.60400391 0.00000000
vt 0.68090820 0.61865234 0.00000000
vt 0.67944336 0.57690430 0.00000000
vt 0.64160156 0.58544922 0.00000000
vt 0.63989258 0.60913086 0.00000000
vt 0.61376953 0.60302734 0.00000000
vt 0.63769531 0.56201172 0.00000000
vt 0.69555664 0.56665039 0.00000000
vt 0.70776367 0.57739258 0.00000000
vt 0.71118164 0.55517578 0.00000000
vt 0.68066406 0.55419922 0.00000000
vt 0.63940430 0.54272461 0.00000000
vt 0.69799805 0.53393555 0.00000000
vt 0.68286133 0.53369141 0.00000000
vt 0.64233398 0.52148438 0.00000000
vt 0.67016602 0.49829102 0.00000000
vt 0.69702148 0.51635742 0.00000000
vt 0.68017578 0.45263672 0.00000000
vt 0.66528320 0.46948242 0.00000000
vt 0.69213867 0.50073242 0.00000000
vt 0.71044922 0.46582031 0.00000000
vt 0.70922852 0.50341797 0.00000000
vt 0.71215820 0.51245117 0.00000000
vt 0.71704102 0.50512695 0.00000000
vt 0.72021484 0.50146484 0.00000000
vt 0.70581055 0.52026367 0.00000000
vt 0.70874023 0.52636719 0.00000000
vt 0.70849609 0.53808594 0.00000000
vt 0.71069336 0.53002930 0.00000000
vt 0.71337891 0.54858398 0.00000000
vt 0.70947266 0.53662109 0.00000000
vt 0.24267578 0.96875000 0.00000000
vt 0.23950195 0.98168945 0.00000000
vt 0.23657227 0.94946289 0.00000000
vt 0.24707031 0.94702148 0.00000000
vt 0.24829102 0.94067383 0.00000000
vt 0.26220703 0.96093750 0.00000000
vt 0.24121094 0.98144531 0.00000000
vt 0.00000000 0.45556641 0.00000000
vt 0.00903320 0.48315430 0.00000000
vt 0.00000000 0.48559570 0.00000000
vt 0.82397461 0.23608398 0.00000000
vt 0.81860352 0.27734375 0.00000000
vt 0.80712891 0.24218750 0.00000000
vt 0.80712891 0.22460938 0.00000000
vt 0.80224609 0.27905273 0.00000000
vt 0.78857422 0.27001953 0.00000000
vt 0.77416992 0.28881836 0.00000000
vt 0.81372070 0.30151367 0.00000000
vt 0.78540039 0.29809570 0.00000000
vt 0.76660156 0.31347656 0.00000000
vt 0.77929688 0.33105469 0.00000000
vt 0.72583008 0.33325195 0.00000000
vt 0.79467773 0.31689453 0.00000000
vt 0.80468750 0.31445312 0.00000000
vt 0.75219727 0.34130859 0.00000000
vt 0.73608398 0.34301758 0.00000000
vt 0.77490234 0.34423828 0.00000000
vt 0.79272461 0.34497070 0.00000000
vt 0.83911133 0.33374023 0.00000000
vt 0.81420898 0.34790039 0.00000000
vt 0.79321289 0.34960938 0.00000000
vt 0.84130859 0.34838867 0.00000000
vt 0.83691406 0.31445312 0.00000000
vt 0.83374023 0.38671875 0.00000000
vt 0.86083984 0.36987305 0.00000000
vt 0.79223633 0.36767578 0.00000000
vt 0.84936523 0.39599609 0.00000000
vt 0.83105469 0.39550781 0.00000000
vt 0.84497070 0.40478516 0.00000000
vt 0.82202148 0.31176758 0.00000000
vt 0.83715820 0.31250000 0.00000000
vt 0.85302734 0.30957031 0.00000000
vt 0.83447266 0.30688477 0.00000000
vt 0.85961914 0.30371094 0.00000000
vt 0.81762695 0.29980469 0.00000000
vt 0.83862305 0.27319336 0.00000000
vt 0.74291992 0.64233398 0.00000000
vt 0.74975586 0.62109375 0.00000000
vt 0.76440430 0.63476562 0.00000000
vt 0.73632812 0.64233398 0.00000000
vt 0.73144531 0.64599609 0.00000000
vt 0.71459961 0.64331055 0.00000000
vt 0.74804688 0.65063477 0.00000000
vt 0.76293945 0.65307617 0.00000000
vt 0.74340820 0.68115234 0.00000000
vt 0.72119141 0.66625977 0.00000000
vt 0.69946289 0.64526367 0.00000000
vt 0.74047852 0.69067383 0.00000000
vt 0.75952148 0.68310547 0.00000000
vt 0.69409180 0.66015625 0.00000000
vt 0.71923828 0.68188477 0.00000000
vt 0.65673828 0.65332031 0.00000000
vt 0.66406250 0.62695312 0.00000000
vt 0.68847656 0.67578125 0.00000000
vt 0.69946289 0.69067383 0.00000000
vt 0.65039062 0.64038086 0.00000000
vt 0.63916016 0.62597656 0.00000000
vt 0.63818359 0.64111328 0.00000000
vt 0.63183594 0.63989258 0.00000000
vt 0.68286133 0.67895508 0.00000000
vt 0.66699219 0.67016602 0.00000000
vt 0.69262695 0.70605469 0.00000000
vt 0.71533203 0.71215820 0.00000000
vt 0.71240234 0.72607422 0.00000000
vt 0.70263672 0.73803711 0.00000000
vt 0.71240234 0.75097656 0.00000000
vt 0.73608398 0.72998047 0.00000000
vt 0.74902344 0.71752930 0.00000000
vt 0.72851562 0.74340820 0.00000000
vt 0.72436523 0.76586914 0.00000000
vt 0.74536133 0.76513672 0.00000000
vt 0.34960938 0.54858398 0.00000000
vt 0.36914062 0.56225586 0.00000000
vt 0.34985352 0.56054688 0.00000000
vt 0.32324219 0.53857422 0.00000000
vt 0.32958984 0.56713867 0.00000000
vt 0.29492188 0.54858398 0.00000000
vt 0.29931641 0.53125000 0.00000000
vt 0.30664062 0.51123047 0.00000000
vt 0.27148438 0.53906250 0.00000000
vt 0.27050781 0.55517578 0.00000000
vt 0.27441406 0.52270508 0.00000000
vt 0.23925781 0.55712891 0.00000000
vt 0.27490234 0.51049805 0.00000000
vt 0.29370117 0.50170898 0.00000000
vt 0.28271484 0.48315430 0.00000000
vt 0.26342773 0.48803711 0.00000000
vt 0.24121094 0.53662109 0.00000000
vt 0.24365234 0.52441406 0.00000000
vt 0.22851562 0.55224609 0.00000000
vt 0.24316406 0.51977539 0.00000000
vt 0.21801758 0.52929688 0.00000000
vt 0.21313477 0.56298828 0.00000000
vt 0.23510742 0.51733398 0.00000000
vt 0.24169922 0.50390625 0.00000000
vt 0.24267578 0.48901367 0.00000000
vt 0.25073242 0.45458984 0.00000000
vt 0.23950195 0.47875977 0.00000000
vt 0.23046875 0.48413086 0.00000000
vt 0.21704102 0.51879883 0.00000000
vt 0.21704102 0.45849609 0.00000000
vt 0.19335938 0.52246094 0.00000000
vt 0.19506836 0.51293945 0.00000000
vt 0.19091797 0.55639648 0.00000000
vt 0.17993164 0.54003906 0.00000000
vt 0.15869141 0.55908203 0.00000000
vt 0.14892578 0.57348633 0.00000000
vt 0.88159180 0.67871094 0.00000000
vt 0.90673828 0.66137695 0.00000000
vt 0.90502930 0.68115234 0.00000000
vt 0.87768555 0.69604492 0.00000000
vt 0.85693359 0.70507812 0.00000000
vt 0.85839844 0.67626953 0.00000000
vt 0.85961914 0.66650391 0.00000000
vt 0.84350586 0.66577148 0.00000000
vt 0.87011719 0.66430664 0.00000000
vt 0.86962891 0.66235352 0.00000000
vt 0.88159180 0.65722656 0.00000000
vt 0.86474609 0.65258789 0.00000000
vt 0.87255859 0.63208008 0.00000000
vt 0.88647461 0.63720703 0.00000000
vt 0.90283203 0.61914062 0.00000000
vt 0.90942383 0.63989258 0.00000000
vt 0.91674805 0.61889648 0.00000000
vt 0.93261719 0.66723633 0.00000000
vt 0.93627930 0.64331055 0.00000000
vt 0.93139648 0.67749023 0.00000000
vt 0.90942383 0.69213867 0.00000000
vt 0.93530273 0.71728516 0.00000000
vt 0.91625977 0.71484375 0.00000000
vt 0.89965820 0.71337891 0.00000000
vt 0.89624023 0.73168945 0.00000000
vt 0.87255859 0.71972656 0.00000000
vt 0.74389648 0.88818359 0.00000000
vt 0.75341797 0.90014648 0.00000000
vt 0.70825195 0.89257812 0.00000000
vt 0.74316406 0.90576172 0.00000000
vt 0.75439453 0.91064453 0.00000000
vt 0.75122070 0.91870117 0.00000000
vt 0.73510742 0.90673828 0.00000000
vt 0.70043945 0.92138672 0.00000000
vt 0.71997070 0.90087891 0.00000000
vt 0.69311523 0.89306641 0.00000000
vt 0.69555664 0.87963867 0.00000000
vt 0.68505859 0.88159180 0.00000000
vt 0.67114258 0.86499023 0.00000000
vt 0.27416992 0.29003906 0.00000000
vt 0.27050781 0.30664062 0.00000000
vt 0.25463867 0.28710938 0.00000000
vt 0.29614258 0.30908203 0.00000000
vt 0.32080078 0.30297852 0.00000000
vt 0.29785156 0.32177734 0.00000000
vt 0.32250977 0.31225586 0.00000000
vt 0.34912109 0.29589844 0.00000000
vt 0.32641602 0.32226562 0.00000000
vt 0.33715820 0.33666992 0.00000000
vt 0.35595703 0.30786133 0.00000000
vt 0.36889648 0.27807617 0.00000000
vt 0.37890625 0.29931641 0.00000000
vt 0.39477539 0.32495117 0.00000000
vt 0.37084961 0.34448242 0.00000000
vt 0.35571289 0.35278320 0.00000000
vt 0.33862305 0.35229492 0.00000000
vt 0.38647461 0.35156250 0.00000000
vt 0.37524414 0.36547852 0.00000000
vt 0.36743164 0.37548828 0.00000000
vt 0.40112305 0.32885742 0.00000000
vt 0.39916992 0.37841797 0.00000000
vt 0.39038086 0.40039062 0.00000000
vt 0.42480469 0.31665039 0.00000000
vt 0.42333984 0.31884766 0.00000000
vt 0.42431641 0.33447266 0.00000000
vt 0.42089844 0.33007812 0.00000000
vt 0.41137695 0.34741211 0.00000000
vt 0.41552734 0.35107422 0.00000000
vt 0.42382812 0.33740234 0.00000000
vt 0.42944336 0.36328125 0.00000000
vt 0.40454102 0.37817383 0.00000000
vt 0.41259766 0.39965820 0.00000000
vt 0.42382812 0.40283203 0.00000000
vt 0.11132812 0.27783203 0.00000000
vt 0.10815430 0.26782227 0.00000000
vt 0.11816406 0.29125977 0.00000000
vt 0.11865234 0.26489258 0.00000000
vt 0.09106445 0.28833008 0.00000000
vt 0.14526367 0.28979492 0.00000000
vt 0.14526367 0.26831055 0.00000000
vt 0.11791992 0.29296875 0.00000000
vt 0.10424805 0.30859375 0.00000000
vt 0.12451172 0.29882812 0.00000000
vt 0.11987305 0.31469727 0.00000000
vt 0.08715820 0.31127930 0.00000000
vt 0.13574219 0.31689453 0.00000000
vt 0.10229492 0.33520508 0.00000000
vt 0.09472656 0.33691406 0.00000000
vt 0.09008789 0.33691406 0.00000000
vt 0.11865234 0.32885742 0.00000000
vt 0.11718750 0.33471680 0.00000000
vt 0.12768555 0.32617188 0.00000000
vt 0.12011719 0.34619141 0.00000000
vt 0.11474609 0.35620117 0.00000000
vt 0.07788086 0.29565430 0.00000000
vt 0.08154297 0.27905273 0.00000000
vt 0.06396484 0.28393555 0.00000000
vt 0.06787109 0.30102539 0.00000000
vt 0.04614258 0.28637695 0.00000000
vt 0.07055664 0.32763672 0.00000000
vt 0.06250000 0.31030273 0.00000000
vt 0.05102539 0.32275391 0.00000000
vt 0.05224609 0.29882812 0.00000000
vt 0.04443359 0.31469727 0.00000000
vt 0.02075195 0.31640625 0.00000000
vt 0.03125000 0.30712891 0.00000000
vt 0.02929688 0.29760742 0.00000000
vt 0.01953125 0.30273438 0.00000000
vt 0.49145508 0.82177734 0.00000000
vt 0.49560547 0.83544922 0.00000000
vt 0.48315430 0.83984375 0.00000000
vt 0.49340820 0.84545898 0.00000000
vt 0.46752930 0.80834961 0.00000000
vt 0.48486328 0.81323242 0.00000000
vt 0.48828125 0.80786133 0.00000000
vt 0.46386719 0.78662109 0.00000000
vt 0.48413086 0.79858398 0.00000000
vt 0.48974609 0.80078125 0.00000000
vt 0.49536133 0.80249023 0.00000000
vt 0.49560547 0.79736328 0.00000000
vt 0.51000977 0.80004883 0.00000000
vt 0.51098633 0.82275391 0.00000000
vt 0.51220703 0.80810547 0.00000000
vt 0.53808594 0.79980469 0.00000000
vt 0.51245117 0.79418945 0.00000000
vt 0.55371094 0.81420898 0.00000000
vt 0.57470703 0.80004883 0.00000000
vt 0.54174805 0.79003906 0.00000000
vt 0.57983398 0.82177734 0.00000000
vt 0.55126953 0.82250977 0.00000000
vt 0.58398438 0.82470703 0.00000000
vt 0.54687500 0.82983398 0.00000000
vt 0.51416016 0.83374023 0.00000000
vt 0.55615234 0.83935547 0.00000000
vt 0.58422852 0.83032227 0.00000000
vt 0.50000000 0.85473633 0.00000000
vt 0.48022461 0.87353516 0.00000000
vt 0.53466797 0.86328125 0.00000000
vt 0.56665039 0.86938477 0.00000000
vt 0.49462891 0.87377930 0.00000000
vt 0.52392578 0.87133789 0.00000000
vt 0.50708008 0.87109375 0.00000000
vt 0.67382812 0.75830078 0.00000000
vt 0.65966797 0.74194336 0.00000000
vt 0.68969727 0.72607422 0.00000000
vt 0.67138672 0.78344727 0.00000000
vt 0.64282227 0.75390625 0.00000000
vt 0.68383789 0.77001953 0.00000000
vt 0.69873047 0.74389648 0.00000000
vt 0.69287109 0.78198242 0.00000000
vt 0.70068359 0.77978516 0.00000000
vt 0.69946289 0.79003906 0.00000000
vt 0.67871094 0.78564453 0.00000000
vt 0.69287109 0.79882812 0.00000000
vt 0.71044922 0.79711914 0.00000000
vt 0.71240234 0.81127930 0.00000000
vt 0.72290039 0.80517578 0.00000000
vt 0.68603516 0.80664062 0.00000000
vt 0.66015625 0.80175781 0.00000000
vt 0.64331055 0.79370117 0.00000000
vt 0.63427734 0.77172852 0.00000000
vt 0.60424805 0.75683594 0.00000000
vt 0.62939453 0.78540039 0.00000000
vt 0.61914062 0.79760742 0.00000000
vt 0.59765625 0.77075195 0.00000000
vt 0.60522461 0.78857422 0.00000000
vt 0.58935547 0.78344727 0.00000000
vt 0.58203125 0.80322266 0.00000000
vt 0.48632812 0.01953125 0.00000000
vt 0.50024414 0.00195312 0.00000000
vt 0.48999023 0.01977539 0.00000000
vt 0.50610352 0.01733398 0.00000000
vt 0.51318359 0.01000977 0.00000000
vt 0.47705078 0.03491211 0.00000000
vt 0.47338867 0.02758789 0.00000000
vt 0.49877930 0.02929688 0.00000000
vt 0.51586914 0.02685547 0.00000000
vt 0.51000977 0.02685547 0.00000000
vt 0.50439453 0.02661133 0.00000000
vt 0.50463867 0.03076172 0.00000000
vt 0.49926758 0.04125977 0.00000000
vt 0.47729492 0.05346680 0.00000000
vt 0.45629883 0.04785156 0.00000000
vt 0.45141602 0.03320312 0.00000000
vt 0.43261719 0.02416992 0.00000000
vt 0.43286133 0.04150391 0.00000000
vt 0.00000000 0.48974609 0.00000000
vt 0.01098633 0.49609375 0.00000000
vt 0.00024414 0.51586914 0.00000000
vt 0.69458008 0.86914062 0.00000000
vt 0.68554688 0.86523438 0.00000000
vt 0.69750977 0.85937500 0.00000000
vt 0.70336914 0.87060547 0.00000000
vt 0.71533203 0.86230469 0.00000000
vt 0.71313477 0.87695312 0.00000000
vt 0.70825195 0.85400391 0.00000000
vt 0.73388672 0.86425781 0.00000000
vt 0.71801758 0.84033203 0.00000000
vt 0.75048828 0.87451172 0.00000000
vt 0.74340820 0.88354492 0.00000000
vt 0.75537109 0.85571289 0.00000000
vt 0.79125977 0.87939453 0.00000000
vt 0.72167969 0.83471680 0.00000000
vt 0.78637695 0.86840820 0.00000000
vt 0.75976562 0.85253906 0.00000000
vt 0.78442383 0.86181641 0.00000000
vt 0.76098633 0.83740234 0.00000000
vt 0.73535156 0.81372070 0.00000000
vt 0.73901367 0.79882812 0.00000000
vt 0.78466797 0.85327148 0.00000000
vt 0.77954102 0.83618164 0.00000000
vt 0.82250977 0.86376953 0.00000000
vt 0.80737305 0.85571289 0.00000000
vt 0.15820312 0.25195312 0.00000000
vt 0.16088867 0.27441406 0.00000000
vt 0.16650391 0.26635742 0.00000000
vt 0.15747070 0.29296875 0.00000000
vt 0.16455078 0.31176758 0.00000000
vt 0.16162109 0.31738281 0.00000000
vt 0.16479492 0.31689453 0.00000000
vt 0.18237305 0.30419922 0.00000000
vt 0.17919922 0.31665039 0.00000000
vt 0.17309570 0.29174805 0.00000000
vt 0.17675781 0.27905273 0.00000000
vt 0.19018555 0.28344727 0.00000000
vt 0.18408203 0.26977539 0.00000000
vt 0.17846680 0.25634766 0.00000000
vt 0.19311523 0.29809570 0.00000000
vt 0.19702148 0.26025391 0.00000000
vt 0.19189453 0.25732422 0.00000000
vt 0.19506836 0.27319336 0.00000000
vt 0.20776367 0.28735352 0.00000000
vt 0.20898438 0.27880859 0.00000000
vt 0.21191406 0.26342773 0.00000000
vt 0.21435547 0.29272461 0.00000000
vt 0.20263672 0.30297852 0.00000000
vt 0.21728516 0.30859375 0.00000000
vt 0.22802734 0.30395508 0.00000000
vt 0.22241211 0.31762695 0.00000000
vt 0.19702148 0.32324219 0.00000000
vt 0.19921875 0.31323242 0.00000000
vt 0.18750000 0.32104492 0.00000000
vt 0.40356445 0.45043945 0.00000000
vt 0.40136719 0.44409180 0.00000000
vt 0.41821289 0.44360352 0.00000000
vt 0.38793945 0.44311523 0.00000000
vt 0.41918945 0.44775391 0.00000000
vt 0.42187500 0.44677734 0.00000000
vt 0.41748047 0.47802734 0.00000000
vt 0.38916016 0.46386719 0.00000000
vt 0.37988281 0.47241211 0.00000000
vt 0.44189453 0.45605469 0.00000000
vt 0.41577148 0.50292969 0.00000000
vt 0.37695312 0.48828125 0.00000000
vt 0.38720703 0.50634766 0.00000000
vt 0.43676758 0.43969727 0.00000000
vt 0.42456055 0.43481445 0.00000000
vt 0.43334961 0.41894531 0.00000000
vt 0.42407227 0.42919922 0.00000000
vt 0.42480469 0.42382812 0.00000000
vt 0.43676758 0.41845703 0.00000000
vt 0.43310547 0.41137695 0.00000000
vt 0.45678711 0.42504883 0.00000000
vt 0.44433594 0.40380859 0.00000000
vt 0.43066406 0.40039062 0.00000000
vt 0.42968750 0.39624023 0.00000000
vt 0.43505859 0.39086914 0.00000000
vt 0.44506836 0.38623047 0.00000000
vt 0.45996094 0.40551758 0.00000000
vt 0.46313477 0.38671875 0.00000000
vt 0.45874023 0.35375977 0.00000000
vt 0.47949219 0.40698242 0.00000000
vt 0.46948242 0.36865234 0.00000000
vt 0.48559570 0.36596680 0.00000000
vt 0.49731445 0.37988281 0.00000000
vt 0.49731445 0.38989258 0.00000000
vt 0.49780273 0.40869141 0.00000000
vt 0.47192383 0.43041992 0.00000000
vt 0.49438477 0.44067383 0.00000000
vt 0.46069336 0.44409180 0.00000000
vt 0.46240234 0.46118164 0.00000000
vt 0.49194336 0.47534180 0.00000000
vt 0.45776367 0.47778320 0.00000000
vt 0.43798828 0.46826172 0.00000000
vt 0.47753906 0.49169922 0.00000000
vt 0.49780273 0.52172852 0.00000000
vt 0.48022461 0.51733398 0.00000000
vt 0.44995117 0.49707031 0.00000000
vt 0.46826172 0.50805664 0.00000000
vt 0.43115234 0.48510742 0.00000000
vt 0.45849609 0.52441406 0.00000000
vt 0.48242188 0.54418945 0.00000000
vt 0.45166016 0.53686523 0.00000000
vt 0.43139648 0.51904297 0.00000000
vt 0.43823242 0.54614258 0.00000000
vt 0.45141602 0.57031250 0.00000000
vt 0.42114258 0.52954102 0.00000000
vt 0.42089844 0.55322266 0.00000000
vt 0.43017578 0.57836914 0.00000000
vt 0.40991211 0.53686523 0.00000000
vt 0.40698242 0.55224609 0.00000000
vt 0.39746094 0.51879883 0.00000000
vt 0.39843750 0.54052734 0.00000000
vt 0.37231445 0.51269531 0.00000000
vt 0.38574219 0.52465820 0.00000000
vt 0.41186523 0.93432617 0.00000000
vt 0.39746094 0.93481445 0.00000000
vt 0.41162109 0.92260742 0.00000000
vt 0.39770508 0.94873047 0.00000000
vt 0.42236328 0.96044922 0.00000000
vt 0.37841797 0.93579102 0.00000000
vt 0.40942383 0.95678711 0.00000000
vt 0.39453125 0.95385742 0.00000000
vt 0.38183594 0.95556641 0.00000000
vt 0.40136719 0.96728516 0.00000000
vt 0.40795898 0.97558594 0.00000000
vt 0.90942383 0.98901367 0.00000000
vt 0.89868164 0.98706055 0.00000000
vt 0.91040039 0.98266602 0.00000000
vt 0.89282227 0.95678711 0.00000000
vt 0.92285156 0.98876953 0.00000000
vt 0.91845703 0.95825195 0.00000000
vt 0.92846680 0.98925781 0.00000000
vt 0.93139648 0.96801758 0.00000000
vt 0.94702148 0.95947266 0.00000000
vt 0.95263672 0.97314453 0.00000000
vt 0.94970703 0.99536133 0.00000000
vt 0.96826172 0.95312500 0.00000000
vt 0.95898438 0.93457031 0.00000000
vt 0.95556641 0.98779297 0.00000000
vt 0.96728516 1.00000000 0.00000000
vt 0.91040039 0.36499023 0.00000000
vt 0.92138672 0.33398438 0.00000000
vt 0.92797852 0.34301758 0.00000000
vt 0.91357422 0.33129883 0.00000000
vt 0.93627930 0.31420898 0.00000000
vt 0.92724609 0.31127930 0.00000000
vt 0.90429688 0.32910156 0.00000000
vt 0.90209961 0.36596680 0.00000000
vt 0.89965820 0.40307617 0.00000000
vt 0.90527344 0.40551758 0.00000000
vt 0.89379883 0.40087891 0.00000000
vt 0.89379883 0.35546875 0.00000000
vt 0.89257812 0.32275391 0.00000000
vt 0.89721680 0.30883789 0.00000000
vt 0.89624023 0.40356445 0.00000000
vt 0.88769531 0.40576172 0.00000000
vt 0.88232422 0.38891602 0.00000000
vt 0.88525391 0.37402344 0.00000000
vt 0.87792969 0.33984375 0.00000000
vt 0.87158203 0.30737305 0.00000000
vt 0.85864258 0.31347656 0.00000000
vt 0.86962891 0.35351562 0.00000000
vt 0.85034180 0.34838867 0.00000000
vt 0.87548828 0.39208984 0.00000000
vt 0.45263672 0.96826172 0.00000000
vt 0.48681641 0.97167969 0.00000000
vt 0.46142578 0.98046875 0.00000000
vt 0.46386719 0.93505859 0.00000000
vt 0.49389648 0.93798828 0.00000000
vt 0.44458008 0.94213867 0.00000000
vt 0.43261719 0.96191406 0.00000000
vt 0.43750000 0.94018555 0.00000000
vt 0.42236328 0.94189453 0.00000000
vt 0.42553711 0.93261719 0.00000000
vt 0.43457031 0.93164062 0.00000000
vt 0.45092773 0.93725586 0.00000000
vt 0.44238281 0.92089844 0.00000000
vt 0.43115234 0.92236328 0.00000000
vt 0.42041016 0.92333984 0.00000000
vt 0.51562500 0.89697266 0.00000000
vt 0.53002930 0.87622070 0.00000000
vt 0.53710938 0.91674805 0.00000000
vt 0.50610352 0.93530273 0.00000000
vt 0.49462891 0.92114258 0.00000000
vt 0.49951172 0.89160156 0.00000000
vt 0.50219727 0.88183594 0.00000000
vt 0.49047852 0.90942383 0.00000000
vt 0.47924805 0.93115234 0.00000000
vt 0.45507812 0.92724609 0.00000000
vt 0.46020508 0.89794922 0.00000000
vt 0.46606445 0.87792969 0.00000000
vt 0.44262695 0.90844727 0.00000000
vt 0.99096680 0.30468750 0.00000000
vt 0.98144531 0.31103516 0.00000000
vt 0.97802734 0.30590820 0.00000000
vt 0.97192383 0.31591797 0.00000000
vt 0.97705078 0.33374023 0.00000000
vt 0.97387695 0.35131836 0.00000000
vt 0.96752930 0.31372070 0.00000000
vt 0.97314453 0.36059570 0.00000000
vt 0.96875000 0.30712891 0.00000000
vt 0.96289062 0.30346680 0.00000000
vt 0.94848633 0.29785156 0.00000000
vt 0.94580078 0.29028320 0.00000000
vt 0.02612305 0.11572266 0.00000000
vt 0.05419922 0.13305664 0.00000000
vt 0.04077148 0.14135742 0.00000000
vt 0.04272461 0.10839844 0.00000000
vt 0.06054688 0.11914062 0.00000000
vt 0.06811523 0.13354492 0.00000000
vt 0.03710938 0.08105469 0.00000000
vt 0.01928711 0.10498047 0.00000000
vt 0.05200195 0.09790039 0.00000000
vt 0.07495117 0.11743164 0.00000000
vt 0.08471680 0.13403320 0.00000000
vt 0.03881836 0.05932617 0.00000000
vt 0.01513672 0.07373047 0.00000000
vt 0.09838867 0.12280273 0.00000000
vt 0.11108398 0.14111328 0.00000000
vt 0.12451172 0.12158203 0.00000000
vt 0.04614258 0.07666016 0.00000000
vt 0.06884766 0.09936523 0.00000000
vt 0.08593750 0.09814453 0.00000000
vt 0.12451172 0.10327148 0.00000000
vt 0.13085938 0.10693359 0.00000000
vt 0.14282227 0.12377930 0.00000000
vt 0.15332031 0.11376953 0.00000000
vt 0.16064453 0.08789062 0.00000000
vt 0.14916992 0.07641602 0.00000000
vt 0.11474609 0.08666992 0.00000000
vt 0.16601562 0.07202148 0.00000000
vt 0.15429688 0.05639648 0.00000000
vt 0.16918945 0.05102539 0.00000000
vt 0.10595703 0.07397461 0.00000000
vt 0.12939453 0.05541992 0.00000000
vt 0.14086914 0.04443359 0.00000000
vt 0.15014648 0.03393555 0.00000000
vt 0.12573242 0.03002930 0.00000000
vt 0.11035156 0.03979492 0.00000000
vt 0.11474609 0.01147461 0.00000000
vt 0.15576172 0.02514648 0.00000000
vt 0.18408203 0.05297852 0.00000000
vt 0.16918945 0.01562500 0.00000000
vt 0.16064453 0.01220703 0.00000000
vt 0.13330078 0.00854492 0.00000000
vt 0.11694336 0.00097656 0.00000000
vt 0.10839844 0.00244141 0.00000000
vt 0.10595703 0.00512695 0.00000000
vt 0.10083008 0.00708008 0.00000000
vt 0.08203125 0.00000000 0.00000000
vt 0.07641602 0.01660156 0.00000000
vt 0.09472656 0.02026367 0.00000000
vt 0.08154297 0.02612305 0.00000000
vt 0.06738281 0.01562500 0.00000000
vt 0.08789062 0.03540039 0.00000000
vt 0.09765625 0.05786133 0.00000000
vt 0.07177734 0.03198242 0.00000000
vt 0.08691406 0.05322266 0.00000000
vt 0.07275391 0.04785156 0.00000000
vt 0.04931641 0.05371094 0.00000000
vt 0.04418945 0.02050781 0.00000000
vt 0.08178711 0.08251953 0.00000000
vt 0.05371094 0.07275391 0.00000000
vt 0.04443359 0.05541992 0.00000000
vt 0.02563477 0.04809570 0.00000000
vt 0.81030273 0.87133789 0.00000000
vt 0.80883789 0.87524414 0.00000000
vt 0.79931641 0.88354492 0.00000000
vt 0.81811523 0.87597656 0.00000000
vt 0.81884766 0.88208008 0.00000000
vt 0.80615234 0.89086914 0.00000000
vt 0.78222656 0.88842773 0.00000000
vt 0.77441406 0.90502930 0.00000000
vt 0.78881836 0.91992188 0.00000000
vt 0.82080078 0.88745117 0.00000000
vt 0.84155273 0.90112305 0.00000000
vt 0.83081055 0.87377930 0.00000000
vt 0.82373047 0.89990234 0.00000000
vt 0.80273438 0.93798828 0.00000000
vt 0.77294922 0.95019531 0.00000000
vt 0.82495117 0.91772461 0.00000000
vt 0.83618164 0.92871094 0.00000000
vt 0.83691406 0.92529297 0.00000000
vt 0.83984375 0.93481445 0.00000000
vt 0.84277344 0.90332031 0.00000000
vt 0.85937500 0.89550781 0.00000000
vt 0.85620117 0.91406250 0.00000000
vt 0.86669922 0.89672852 0.00000000
vt 0.86425781 0.93554688 0.00000000
vt 0.84497070 0.94482422 0.00000000
vt 0.00732422 0.52246094 0.00000000
vt 0.01025391 0.51123047 0.00000000
vt 0.01049805 0.53588867 0.00000000
vt 0.00048828 0.52099609 0.00000000
vt 0.41650391 0.08520508 0.00000000
vt 0.41894531 0.08349609 0.00000000
vt 0.42480469 0.09497070 0.00000000
vt 0.41455078 0.08251953 0.00000000
vt 0.42651367 0.07666016 0.00000000
vt 0.40991211 0.09106445 0.00000000
vt 0.40551758 0.08105469 0.00000000
vt 0.38671875 0.08984375 0.00000000
vt 0.39648438 0.08032227 0.00000000
vt 0.39501953 0.10302734 0.00000000
vt 0.40454102 0.10058594 0.00000000
vt 0.40795898 0.10302734 0.00000000
vt 0.40551758 0.10522461 0.00000000
vt 0.41381836 0.10546875 0.00000000
vt 0.38623047 0.10327148 0.00000000
vt 0.41308594 0.12304688 0.00000000
vt 0.39868164 0.10644531 0.00000000
vt 0.38525391 0.11962891 0.00000000
vt 0.40698242 0.12695312 0.00000000
vt 0.38476562 0.14477539 0.00000000
vt 0.37890625 0.13110352 0.00000000
vt 0.38061523 0.09570312 0.00000000
vt 0.37963867 0.08374023 0.00000000
vt 0.36865234 0.10961914 0.00000000
vt 0.36303711 0.11938477 0.00000000
vt 0.37817383 0.09204102 0.00000000
vt 0.35791016 0.10205078 0.00000000
vt 0.36328125 0.09057617 0.00000000
vt 0.36474609 0.08374023 0.00000000
vt 0.35009766 0.08862305 0.00000000
vt 0.35156250 0.08374023 0.00000000
vt 0.35791016 0.12524414 0.00000000
vt 0.35815430 0.13159180 0.00000000
vt 0.38012695 0.16552734 0.00000000
vt 0.39599609 0.16625977 0.00000000
vt 0.35522461 0.16186523 0.00000000
vt 0.34765625 0.15014648 0.00000000
vt 0.33911133 0.16821289 0.00000000
vt 0.35815430 0.18139648 0.00000000
vt 0.37109375 0.19287109 0.00000000
vt 0.40454102 0.19042969 0.00000000
vt 0.40722656 0.16040039 0.00000000
vt 0.40698242 0.14672852 0.00000000
vt 0.42016602 0.16918945 0.00000000
vt 0.42187500 0.19165039 0.00000000
vt 0.42138672 0.14965820 0.00000000
vt 0.41674805 0.13671875 0.00000000
vt 0.43676758 0.16235352 0.00000000
vt 0.45605469 0.17211914 0.00000000
vt 0.45825195 0.14770508 0.00000000
vt 0.43090820 0.12255859 0.00000000
vt 0.44506836 0.11596680 0.00000000
vt 0.42358398 0.10522461 0.00000000
vt 0.42651367 0.09985352 0.00000000
vt 0.43847656 0.10839844 0.00000000
vt 0.42944336 0.08349609 0.00000000
vt 0.45092773 0.12622070 0.00000000
vt 0.46801758 0.12719727 0.00000000
vt 0.49072266 0.13916016 0.00000000
vt 0.45043945 0.11499023 0.00000000
vt 0.44677734 0.10498047 0.00000000
vt 0.44091797 0.10278320 0.00000000
vt 0.44873047 0.10034180 0.00000000
vt 0.48413086 0.13305664 0.00000000
vt 0.49633789 0.14111328 0.00000000
vt 0.46826172 0.12377930 0.00000000
vt 0.48730469 0.12500000 0.00000000
vt 0.51611328 0.14501953 0.00000000
vt 0.50073242 0.11328125 0.00000000
vt 0.51904297 0.12304688 0.00000000
vt 0.47827148 0.09814453 0.00000000
vt 0.84277344 0.84204102 0.00000000
vt 0.83276367 0.85449219 0.00000000
vt 0.82324219 0.84252930 0.00000000
vt 0.84155273 0.82495117 0.00000000
vt 0.86108398 0.87841797 0.00000000
vt 0.84448242 0.82348633 0.00000000
vt 0.85815430 0.85375977 0.00000000
vt 0.87011719 0.86791992 0.00000000
vt 0.87866211 0.87988281 0.00000000
vt 0.86499023 0.84594727 0.00000000
vt 0.87158203 0.86083984 0.00000000
vt 0.85302734 0.82031250 0.00000000
vt 0.85424805 0.81298828 0.00000000
vt 0.86474609 0.81298828 0.00000000
vt 0.87475586 0.83642578 0.00000000
vt 0.87524414 0.82080078 0.00000000
vt 0.87377930 0.80981445 0.00000000
vt 0.88305664 0.82983398 0.00000000
vt 0.87792969 0.84863281 0.00000000
vt 0.87988281 0.86645508 0.00000000
vt 0.89331055 0.85327148 0.00000000
vt 0.89819336 0.86645508 0.00000000
vt 0.91674805 0.87719727 0.00000000
vt 0.91210938 0.85034180 0.00000000
vt 0.92016602 0.85302734 0.00000000
vt 0.91674805 0.84252930 0.00000000
vt 0.91210938 0.83935547 0.00000000
vt 0.90722656 0.84790039 0.00000000
vt 0.90356445 0.84375000 0.00000000
vt 0.90966797 0.83691406 0.00000000
vt 0.91894531 0.82177734 0.00000000
vt 0.89794922 0.83300781 0.00000000
vt 0.90209961 0.81103516 0.00000000
vt 0.88696289 0.81909180 0.00000000
vt 0.91699219 0.80004883 0.00000000
vt 0.88842773 0.80224609 0.00000000
vt 0.88916016 0.79199219 0.00000000
vt 0.90307617 0.79443359 0.00000000
vt 0.90161133 0.77856445 0.00000000
vt 0.91918945 0.76928711 0.00000000
vt 0.06616211 0.79882812 0.00000000
vt 0.06811523 0.78833008 0.00000000
vt 0.07055664 0.78881836 0.00000000
vt 0.07397461 0.78173828 0.00000000
vt 0.09399414 0.78393555 0.00000000
vt 0.10009766 0.74926758 0.00000000
vt 0.09814453 0.78222656 0.00000000
vt 0.11401367 0.74975586 0.00000000
vt 0.15063477 0.74707031 0.00000000
vt 0.12792969 0.73120117 0.00000000
vt 0.09082031 0.73437500 0.00000000
vt 0.08227539 0.75781250 0.00000000
vt 0.08764648 0.74291992 0.00000000
vt 0.07519531 0.76464844 0.00000000
vt 0.06860352 0.73510742 0.00000000
vt 0.04736328 0.72094727 0.00000000
vt 0.04858398 0.70751953 0.00000000
vt 0.02026367 0.69091797 0.00000000
vt 0.04443359 0.73803711 0.00000000
vt 0.03100586 0.74072266 0.00000000
vt 0.03564453 0.75903320 0.00000000
vt 0.04150391 0.75024414 0.00000000
vt 0.05517578 0.77734375 0.00000000
vt 0.04248047 0.79199219 0.00000000
vt 0.03637695 0.77246094 0.00000000
vt 0.03100586 0.76904297 0.00000000
vt 0.03295898 0.78710938 0.00000000
vt 0.35546875 0.82836914 0.00000000
vt 0.35986328 0.83862305 0.00000000
vt 0.35302734 0.84521484 0.00000000
vt 0.37060547 0.84887695 0.00000000
vt 0.35131836 0.84912109 0.00000000
vt 0.35620117 0.82153320 0.00000000
vt 0.34838867 0.86376953 0.00000000
vt 0.34301758 0.84960938 0.00000000
vt 0.40112305 0.87646484 0.00000000
vt 0.34301758 0.85717773 0.00000000
vt 0.38354492 0.88378906 0.00000000
vt 0.40600586 0.88916016 0.00000000
vt 0.35717773 0.88305664 0.00000000
vt 0.37524414 0.90283203 0.00000000
vt 0.35961914 0.88940430 0.00000000
vt 0.34594727 0.86425781 0.00000000
vt 0.34033203 0.85400391 0.00000000
vt 0.33178711 0.86035156 0.00000000
vt 0.32080078 0.86743164 0.00000000
vt 0.31835938 0.87451172 0.00000000
vt 0.35839844 0.89111328 0.00000000
vt 0.36303711 0.89721680 0.00000000
vt 0.35131836 0.87524414 0.00000000
vt 0.33325195 0.87915039 0.00000000
vt 0.35058594 0.90625000 0.00000000
vt 0.32080078 0.88525391 0.00000000
vt 0.30664062 0.88305664 0.00000000
vt 0.31054688 0.89746094 0.00000000
vt 0.29882812 0.87817383 0.00000000
vt 0.30590820 0.86865234 0.00000000
vt 0.27709961 0.88549805 0.00000000
vt 0.28930664 0.90454102 0.00000000
vt 0.95947266 0.54492188 0.00000000
vt 0.96215820 0.52612305 0.00000000
vt 0.96655273 0.53198242 0.00000000
vt 0.97509766 0.51562500 0.00000000
vt 0.98559570 0.52124023 0.00000000
vt 0.99584961 0.50756836 0.00000000
vt 0.99877930 0.51953125 0.00000000
vt 0.98095703 0.50659180 0.00000000
vt 0.96020508 0.51831055 0.00000000
vt 0.95166016 0.52685547 0.00000000
vt 0.94799805 0.51220703 0.00000000
vt 0.97485352 0.50561523 0.00000000
vt 0.95922852 0.49829102 0.00000000
vt 0.94042969 0.50732422 0.00000000
vt 0.97192383 0.49047852 0.00000000
vt 0.94482422 0.48803711 0.00000000
vt 0.98266602 0.50146484 0.00000000
vt 0.99414062 0.50097656 0.00000000
vt 0.92993164 0.50146484 0.00000000
vt 0.93652344 0.48510742 0.00000000
vt 0.93554688 0.47851562 0.00000000
vt 0.92968750 0.47778320 0.00000000
vt 0.00024414 0.56005859 0.00000000
vt 0.00024414 0.53637695 0.00000000
vt 0.01196289 0.54443359 0.00000000
vt 0.99584961 0.90112305 0.00000000
vt 0.98095703 0.89550781 0.00000000
vt 0.99487305 0.85205078 0.00000000
vt 0.04199219 0.21069336 0.00000000
vt 0.02514648 0.23461914 0.00000000
vt 0.01635742 0.23168945 0.00000000
vt 0.03662109 0.26733398 0.00000000
vt 0.02465820 0.20458984 0.00000000
vt 0.03979492 0.28271484 0.00000000
vt 0.02514648 0.28125000 0.00000000
vt 0.06323242 0.26831055 0.00000000
vt 0.04516602 0.23730469 0.00000000
vt 0.05908203 0.18481445 0.00000000
vt 0.03540039 0.17504883 0.00000000
vt 0.05688477 0.22753906 0.00000000
vt 0.05883789 0.17041016 0.00000000
vt 0.03759766 0.15991211 0.00000000
vt 0.07324219 0.21533203 0.00000000
vt 0.04003906 0.15112305 0.00000000
vt 0.06127930 0.24096680 0.00000000
vt 0.07568359 0.23144531 0.00000000
vt 0.07763672 0.24462891 0.00000000
vt 0.07983398 0.26708984 0.00000000
vt 0.08276367 0.24194336 0.00000000
vt 0.09936523 0.21679688 0.00000000
vt 0.07373047 0.18774414 0.00000000
vt 0.08496094 0.20776367 0.00000000
vt 0.08007812 0.18945312 0.00000000
vt 0.10937500 0.23876953 0.00000000
vt 0.13037109 0.24536133 0.00000000
vt 0.09667969 0.20092773 0.00000000
vt 0.12304688 0.21801758 0.00000000
vt 0.14135742 0.23388672 0.00000000
vt 0.15991211 0.23706055 0.00000000
vt 0.12377930 0.19995117 0.00000000
vt 0.13330078 0.21826172 0.00000000
vt 0.16186523 0.21972656 0.00000000
vt 0.09985352 0.19482422 0.00000000
vt 0.10034180 0.18334961 0.00000000
vt 0.08837891 0.16406250 0.00000000
vt 0.10913086 0.17382812 0.00000000
vt 0.09497070 0.14501953 0.00000000
vt 0.13232422 0.18579102 0.00000000
vt 0.08154297 0.17553711 0.00000000
vt 0.07397461 0.15991211 0.00000000
vt 0.05883789 0.13818359 0.00000000
vt 0.14575195 0.19433594 0.00000000
vt 0.15795898 0.17626953 0.00000000
vt 0.14575195 0.21044922 0.00000000
vt 0.15649414 0.21142578 0.00000000
vt 0.16308594 0.20385742 0.00000000
vt 0.17724609 0.20947266 0.00000000
vt 0.18652344 0.21972656 0.00000000
vt 0.19482422 0.19946289 0.00000000
vt 0.17187500 0.18481445 0.00000000
vt 0.15136719 0.15454102 0.00000000
vt 0.16455078 0.19335938 0.00000000
vt 0.90966797 0.41333008 0.00000000
vt 0.91772461 0.39453125 0.00000000
vt 0.93823242 0.39721680 0.00000000
vt 0.93505859 0.41479492 0.00000000
vt 0.95532227 0.38598633 0.00000000
vt 0.91748047 0.37133789 0.00000000
vt 0.96240234 0.40869141 0.00000000
vt 0.95361328 0.43310547 0.00000000
vt 0.98876953 0.42211914 0.00000000
vt 0.98559570 0.40161133 0.00000000
vt 0.97705078 0.37255859 0.00000000
vt 0.93969727 0.35888672 0.00000000
vt 0.95898438 0.36572266 0.00000000
vt 0.95361328 0.34667969 0.00000000
vt 0.49462891 0.69555664 0.00000000
vt 0.50463867 0.71166992 0.00000000
vt 0.47973633 0.72094727 0.00000000
vt 0.50073242 0.73730469 0.00000000
vt 0.49316406 0.74414062 0.00000000
vt 0.50146484 0.75976562 0.00000000
vt 0.51635742 0.75585938 0.00000000
vt 0.54077148 0.77905273 0.00000000
vt 0.53393555 0.78808594 0.00000000
vt 0.51953125 0.79028320 0.00000000
vt 0.49121094 0.77050781 0.00000000
vt 0.48193359 0.75390625 0.00000000
vt 0.47460938 0.77612305 0.00000000
vt 0.48339844 0.78662109 0.00000000
vt 0.46337891 0.75805664 0.00000000
vt 0.46728516 0.78173828 0.00000000
vt 0.44653320 0.77685547 0.00000000
vt 0.46289062 0.75292969 0.00000000
vt 0.46044922 0.75317383 0.00000000
vt 0.43994141 0.76269531 0.00000000
vt 0.46142578 0.74047852 0.00000000
vt 0.46386719 0.72607422 0.00000000
vt 0.46777344 0.72070312 0.00000000
vt 0.44433594 0.72119141 0.00000000
vt 0.44238281 0.74365234 0.00000000
vt 0.43432617 0.73730469 0.00000000
vt 0.43139648 0.72778320 0.00000000
vt 0.42114258 0.73657227 0.00000000
vt 0.42724609 0.74755859 0.00000000
vt 0.42187500 0.75341797 0.00000000
vt 0.41284180 0.77050781 0.00000000
vt 0.40478516 0.75244141 0.00000000
vt 0.40380859 0.73266602 0.00000000
vt 0.38964844 0.74658203 0.00000000
vt 0.38378906 0.73510742 0.00000000
vt 0.82836914 0.11523438 0.00000000
vt 0.80200195 0.15844727 0.00000000
vt 0.79077148 0.12866211 0.00000000
vt 0.80541992 0.10351562 0.00000000
vt 0.82666016 0.08544922 0.00000000
vt 0.83349609 0.08325195 0.00000000
vt 0.83032227 0.05786133 0.00000000
vt 0.80566406 0.09667969 0.00000000
vt 0.81689453 0.05737305 0.00000000
vt 0.80761719 0.08666992 0.00000000
vt 0.79174805 0.08422852 0.00000000
vt 0.78466797 0.08081055 0.00000000
vt 0.81079102 0.07397461 0.00000000
vt 0.79394531 0.06005859 0.00000000
vt 0.81616211 0.06591797 0.00000000
vt 0.78833008 0.04052734 0.00000000
vt 0.79003906 0.01611328 0.00000000
vt 0.77685547 0.03393555 0.00000000
vt 0.82568359 0.03369141 0.00000000
vt 0.83764648 0.03247070 0.00000000
vt 0.85473633 0.03686523 0.00000000
vt 0.19750977 0.00659180 0.00000000
vt 0.22094727 0.01318359 0.00000000
vt 0.19897461 0.02270508 0.00000000
vt 0.22070312 0.01684570 0.00000000
vt 0.21142578 0.03100586 0.00000000
vt 0.20825195 0.03857422 0.00000000
vt 0.24096680 0.02343750 0.00000000
vt 0.23828125 0.01098633 0.00000000
vt 0.25244141 0.00463867 0.00000000
vt 0.21850586 0.04028320 0.00000000
vt 0.22070312 0.02807617 0.00000000
vt 0.22534180 0.02539062 0.00000000
vt 0.23486328 0.04516602 0.00000000
vt 0.21704102 0.04833984 0.00000000
vt 0.19750977 0.05541992 0.00000000
vt 0.22802734 0.06030273 0.00000000
vt 0.21337891 0.07885742 0.00000000
vt 0.19531250 0.07006836 0.00000000
vt 0.19116211 0.09838867 0.00000000
vt 0.24462891 0.03442383 0.00000000
vt 0.25073242 0.05102539 0.00000000
vt 0.25415039 0.04711914 0.00000000
vt 0.25073242 0.02563477 0.00000000
vt 0.26806641 0.02832031 0.00000000
vt 0.26025391 0.02246094 0.00000000
vt 0.25146484 0.01416016 0.00000000
vt 0.26245117 0.01000977 0.00000000
vt 0.25781250 0.01708984 0.00000000
vt 0.27172852 0.01464844 0.00000000
vt 0.29174805 0.02197266 0.00000000
vt 0.28515625 0.00170898 0.00000000
vt 0.31079102 0.01000977 0.00000000
vt 0.64355469 0.95336914 0.00000000
vt 0.61083984 0.95043945 0.00000000
vt 0.63500977 0.93383789 0.00000000
vt 0.65698242 0.95068359 0.00000000
vt 0.65869141 0.91040039 0.00000000
vt 0.61425781 0.91235352 0.00000000
vt 0.59033203 0.94555664 0.00000000
vt 0.57617188 0.91796875 0.00000000
vt 0.54760742 0.94702148 0.00000000
vt 0.57397461 0.90209961 0.00000000
vt 0.61987305 0.89721680 0.00000000
vt 0.63134766 0.88842773 0.00000000
vt 0.65600586 0.88037109 0.00000000
vt 0.59643555 0.88500977 0.00000000
vt 0.57373047 0.87719727 0.00000000
vt 0.60278320 0.86645508 0.00000000
vt 0.58178711 0.85400391 0.00000000
vt 0.07617188 0.95019531 0.00000000
vt 0.08959961 0.95849609 0.00000000
vt 0.06347656 0.96875000 0.00000000
vt 0.08569336 0.98071289 0.00000000
vt 0.08007812 0.94848633 0.00000000
vt 0.09741211 0.94799805 0.00000000
vt 0.07983398 0.94165039 0.00000000
vt 0.07397461 0.93872070 0.00000000
vt 0.04687500 0.93530273 0.00000000
vt 0.07519531 0.93481445 0.00000000
vt 0.07763672 0.93603516 0.00000000
vt 0.08569336 0.93017578 0.00000000
vt 0.06103516 0.92358398 0.00000000
vt 0.06787109 0.91699219 0.00000000
vt 0.06250000 0.90795898 0.00000000
vt 0.04614258 0.91113281 0.00000000
vt 0.02758789 0.93188477 0.00000000
vt 0.02856445 0.96606445 0.00000000
vt 0.02636719 0.89941406 0.00000000
vt 0.01611328 0.92797852 0.00000000
vt 0.90820312 0.60595703 0.00000000
vt 0.91894531 0.61035156 0.00000000
vt 0.90380859 0.61035156 0.00000000
vt 0.91333008 0.60253906 0.00000000
vt 0.90185547 0.60229492 0.00000000
vt 0.92919922 0.60595703 0.00000000
vt 0.92480469 0.61889648 0.00000000
vt 0.94360352 0.61914062 0.00000000
vt 0.90893555 0.59716797 0.00000000
vt 0.91723633 0.59912109 0.00000000
vt 0.92578125 0.59936523 0.00000000
vt 0.93261719 0.59790039 0.00000000
vt 0.93261719 0.59838867 0.00000000
vt 0.94628906 0.61059570 0.00000000
vt 0.94555664 0.60278320 0.00000000
vt 0.93383789 0.59643555 0.00000000
vt 0.95507812 0.61083984 0.00000000
vt 0.95971680 0.63085938 0.00000000
vt 0.94799805 0.58300781 0.00000000
vt 0.96118164 0.60229492 0.00000000
vt 0.95410156 0.59082031 0.00000000
vt 0.95971680 0.57592773 0.00000000
vt 0.95263672 0.56958008 0.00000000
vt 0.96435547 0.56152344 0.00000000
vt 0.96362305 0.58349609 0.00000000
vt 0.97265625 0.56835938 0.00000000
vt 0.97729492 0.57812500 0.00000000
vt 0.96850586 0.59887695 0.00000000
vt 0.98754883 0.60815430 0.00000000
vt 0.00073242 0.57885742 0.00000000
vt 0.00366211 0.58203125 0.00000000
vt 0.00463867 0.58813477 0.00000000
vt 0.00024414 0.59912109 0.00000000
vt 0.02343750 0.84179688 0.00000000
vt 0.03320312 0.84033203 0.00000000
vt 0.02929688 0.84887695 0.00000000
vt 0.01660156 0.86157227 0.00000000
vt 0.02148438 0.82397461 0.00000000
vt 0.05273438 0.82446289 0.00000000
vt 0.04248047 0.80541992 0.00000000
vt 0.05810547 0.83691406 0.00000000
vt 0.03637695 0.84765625 0.00000000
vt 0.03564453 0.85815430 0.00000000
vt 0.02636719 0.87622070 0.00000000
vt 0.04272461 0.85229492 0.00000000
vt 0.04345703 0.84936523 0.00000000
vt 0.04833984 0.87573242 0.00000000
vt 0.03613281 0.89721680 0.00000000
vt 0.04565430 0.86425781 0.00000000
vt 0.04687500 0.86083984 0.00000000
vt 0.05029297 0.87451172 0.00000000
vt 0.05151367 0.88427734 0.00000000
vt 0.05590820 0.84277344 0.00000000
vt 0.05737305 0.88256836 0.00000000
vt 0.05834961 0.83959961 0.00000000
vt 0.06176758 0.84082031 0.00000000
vt 0.06127930 0.83862305 0.00000000
vt 0.06591797 0.83935547 0.00000000
vt 0.08081055 0.84790039 0.00000000
vt 0.08227539 0.84521484 0.00000000
vt 0.07568359 0.89575195 0.00000000
vt 0.10986328 0.84936523 0.00000000
vt 0.12304688 0.83789062 0.00000000
vt 0.10644531 0.85083008 0.00000000
vt 0.11718750 0.88208008 0.00000000
vt 0.12719727 0.85424805 0.00000000
vt 0.91308594 0.54003906 0.00000000
vt 0.94458008 0.56469727 0.00000000
vt 0.93994141 0.58032227 0.00000000
vt 0.94360352 0.53222656 0.00000000
vt 0.93286133 0.51635742 0.00000000
vt 0.89111328 0.55566406 0.00000000
vt 0.90673828 0.53027344 0.00000000
vt 0.90087891 0.59155273 0.00000000
vt 0.88964844 0.50952148 0.00000000
vt 0.91479492 0.49023438 0.00000000
vt 0.90673828 0.47558594 0.00000000
vt 0.87182617 0.52343750 0.00000000
vt 0.86743164 0.51196289 0.00000000
vt 0.86181641 0.53320312 0.00000000
vt 0.88330078 0.56152344 0.00000000
vt 0.87841797 0.57104492 0.00000000
vt 0.88208008 0.60864258 0.00000000
vt 0.84863281 0.53735352 0.00000000
vt 0.83496094 0.54907227 0.00000000
vt 0.05615234 0.34033203 0.00000000
vt 0.03930664 0.35107422 0.00000000
vt 0.02856445 0.32373047 0.00000000
vt 0.01123047 0.33178711 0.00000000
vt 0.04687500 0.35839844 0.00000000
vt 0.03979492 0.36279297 0.00000000
vt 0.04272461 0.36474609 0.00000000
vt 0.03491211 0.36889648 0.00000000
vt 0.00488281 0.35083008 0.00000000
vt 0.05053711 0.39062500 0.00000000
vt 0.00024414 0.36547852 0.00000000
vt 0.02661133 0.38330078 0.00000000
vt 0.73120117 0.46752930 0.00000000
vt 0.74414062 0.48461914 0.00000000
vt 0.73437500 0.49267578 0.00000000
vt 0.72119141 0.48901367 0.00000000
vt 0.71704102 0.46435547 0.00000000
vt 0.74169922 0.46533203 0.00000000
vt 0.72338867 0.43701172 0.00000000
vt 0.71264648 0.43725586 0.00000000
vt 0.70483398 0.44165039 0.00000000
vt 0.71240234 0.42553711 0.00000000
vt 0.70068359 0.41113281 0.00000000
vt 0.71166992 0.41186523 0.00000000
vt 0.73706055 0.43676758 0.00000000
vt 0.70947266 0.39233398 0.00000000
vt 0.69262695 0.39697266 0.00000000
vt 0.70507812 0.37231445 0.00000000
vt 0.76147461 0.46435547 0.00000000
vt 0.76367188 0.47631836 0.00000000
vt 0.77807617 0.47460938 0.00000000
vt 0.77490234 0.44458008 0.00000000
vt 0.75732422 0.44775391 0.00000000
vt 0.75537109 0.42480469 0.00000000
vt 0.73510742 0.42529297 0.00000000
vt 0.73168945 0.40844727 0.00000000
vt 0.77319336 0.42114258 0.00000000
vt 0.75903320 0.39843750 0.00000000
vt 0.77929688 0.39965820 0.00000000
vt 0.75415039 0.40185547 0.00000000
vt 0.76684570 0.37402344 0.00000000
vt 0.72949219 0.39526367 0.00000000
vt 0.75683594 0.39184570 0.00000000
vt 0.72241211 0.37792969 0.00000000
vt 0.71264648 0.37768555 0.00000000
vt 0.70996094 0.36181641 0.00000000
vt 0.68334961 0.34960938 0.00000000
vt 0.76464844 0.35693359 0.00000000
vt 0.77905273 0.34960938 0.00000000
vt 0.87255859 0.30151367 0.00000000
vt 0.89941406 0.27001953 0.00000000
vt 0.93579102 0.28393555 0.00000000
vt 0.93798828 0.25830078 0.00000000
vt 0.93969727 0.30639648 0.00000000
vt 0.93969727 0.27099609 0.00000000
vt 0.93847656 0.25512695 0.00000000
vt 0.93945312 0.29565430 0.00000000
vt 0.96044922 0.33520508 0.00000000
vt 0.95336914 0.33593750 0.00000000
vt 0.00048828 0.39013672 0.00000000
vt 0.00170898 0.37402344 0.00000000
vt 0.00024414 0.41284180 0.00000000
vt 0.18408203 0.94848633 0.00000000
vt 0.17773438 0.93652344 0.00000000
vt 0.19287109 0.94018555 0.00000000
vt 0.17138672 0.94750977 0.00000000
vt 0.17016602 0.94042969 0.00000000
vt 0.18041992 0.93017578 0.00000000
vt 0.18798828 0.92749023 0.00000000
vt 0.18066406 0.90478516 0.00000000
vt 0.19165039 0.90332031 0.00000000
vt 0.20166016 0.92724609 0.00000000
vt 0.20654297 0.94506836 0.00000000
vt 0.20507812 0.90649414 0.00000000
vt 0.21093750 0.92797852 0.00000000
vt 0.21484375 0.93920898 0.00000000
vt 0.21435547 0.91772461 0.00000000
vt 0.22509766 0.91015625 0.00000000
vt 0.22583008 0.92700195 0.00000000
vt 0.22680664 0.92626953 0.00000000
vt 0.22753906 0.92700195 0.00000000
vt 0.22583008 0.92773438 0.00000000
vt 0.23168945 0.91943359 0.00000000
vt 0.24291992 0.90478516 0.00000000
vt 0.23681641 0.92504883 0.00000000
vt 0.24511719 0.93139648 0.00000000
vt 0.24096680 0.93627930 0.00000000
vt 0.24169922 0.92504883 0.00000000
vt 0.25097656 0.91503906 0.00000000
vt 0.25634766 0.90478516 0.00000000
vt 0.25415039 0.92114258 0.00000000
vt 0.24633789 0.92675781 0.00000000
vt 0.25561523 0.93017578 0.00000000
vt 0.25317383 0.92871094 0.00000000
vt 0.80297852 0.96850586 0.00000000
vt 0.81396484 0.97265625 0.00000000
vt 0.80712891 0.97558594 0.00000000
vt 0.82031250 0.99194336 0.00000000
vt 0.81298828 0.98999023 0.00000000
vt 0.81958008 0.98315430 0.00000000
vt 0.81640625 0.97583008 0.00000000
vt 0.80737305 0.96044922 0.00000000
vt 0.78491211 0.95507812 0.00000000
vt 0.80126953 0.95312500 0.00000000
vt 0.81420898 0.96582031 0.00000000
vt 0.81860352 0.97924805 0.00000000
vt 0.83471680 0.93750000 0.00000000
vt 0.99975586 0.66284180 0.00000000
vt 0.98730469 0.66040039 0.00000000
vt 0.99853516 0.65625000 0.00000000
vt 0.99853516 0.64233398 0.00000000
vt 0.97900391 0.66284180 0.00000000
vt 0.98681641 0.66577148 0.00000000
vt 0.99609375 0.63037109 0.00000000
vt 0.98706055 0.63696289 0.00000000
vt 0.97436523 0.64819336 0.00000000
vt 0.97167969 0.66992188 0.00000000
vt 0.98510742 0.64526367 0.00000000
vt 0.99145508 0.64355469 0.00000000
vt 0.98510742 0.64477539 0.00000000
vt 0.97705078 0.63696289 0.00000000
vt 0.96801758 0.63085938 0.00000000
vt 0.96044922 0.64208984 0.00000000
vt 0.96166992 0.64941406 0.00000000
vt 0.96240234 0.66040039 0.00000000
vt 0.95190430 0.66943359 0.00000000
vt 0.95629883 0.64916992 0.00000000
vt 0.94091797 0.63745117 0.00000000
vt 0.95166016 0.64868164 0.00000000
vt 0.94555664 0.65893555 0.00000000
vt 0.93798828 0.66967773 0.00000000
vt 0.02221680 0.53857422 0.00000000
vt 0.04150391 0.56835938 0.00000000
vt 0.02709961 0.56445312 0.00000000
vt 0.03344727 0.57275391 0.00000000
vt 0.03540039 0.58276367 0.00000000
vt 0.05590820 0.61499023 0.00000000
vt 0.02709961 0.61743164 0.00000000
vt 0.06518555 0.59399414 0.00000000
vt 0.06445312 0.56860352 0.00000000
vt 0.08129883 0.58032227 0.00000000
vt 0.04370117 0.56323242 0.00000000
vt 0.90551758 0.20092773 0.00000000
vt 0.90087891 0.18066406 0.00000000
vt 0.91723633 0.19531250 0.00000000
vt 0.91699219 0.20776367 0.00000000
vt 0.88940430 0.19116211 0.00000000
vt 0.88500977 0.16210938 0.00000000
vt 0.87695312 0.18750000 0.00000000
vt 0.86303711 0.18652344 0.00000000
vt 0.86035156 0.16699219 0.00000000
vt 0.86718750 0.20849609 0.00000000
vt 0.88256836 0.20581055 0.00000000
vt 0.89428711 0.20703125 0.00000000
vt 0.88793945 0.22314453 0.00000000
vt 0.86523438 0.23461914 0.00000000
vt 0.86132812 0.24902344 0.00000000
vt 0.88818359 0.26562500 0.00000000
vt 0.89355469 0.25219727 0.00000000
vt 0.89990234 0.23022461 0.00000000
vt 0.90600586 0.25415039 0.00000000
vt 0.90869141 0.21875000 0.00000000
vt 0.91088867 0.23291016 0.00000000
vt 0.92236328 0.25634766 0.00000000
vt 0.92749023 0.23486328 0.00000000
vt 0.93847656 0.20996094 0.00000000
vt 0.22778320 0.81713867 0.00000000
vt 0.19921875 0.80371094 0.00000000
vt 0.22680664 0.80664062 0.00000000
vt 0.25341797 0.78881836 0.00000000
vt 0.22094727 0.79150391 0.00000000
vt 0.24755859 0.77514648 0.00000000
vt 0.21142578 0.77246094 0.00000000
vt 0.19140625 0.78466797 0.00000000
vt 0.18383789 0.80566406 0.00000000
vt 0.21948242 0.74169922 0.00000000
vt 0.25927734 0.77856445 0.00000000
vt 0.28491211 0.80029297 0.00000000
vt 0.17968750 0.75488281 0.00000000
vt 0.15502930 0.76025391 0.00000000
vt 0.15551758 0.72705078 0.00000000
vt 0.17114258 0.72607422 0.00000000
vt 0.20288086 0.75415039 0.00000000
vt 0.19726562 0.73510742 0.00000000
vt 0.19140625 0.70971680 0.00000000
vt 0.21240234 0.72509766 0.00000000
vt 0.22509766 0.70825195 0.00000000
vt 0.23583984 0.72680664 0.00000000
vt 0.25439453 0.76660156 0.00000000
vt 0.25415039 0.74536133 0.00000000
vt 0.26147461 0.76098633 0.00000000
vt 0.23681641 0.72436523 0.00000000
vt 0.23852539 0.72290039 0.00000000
vt 0.24707031 0.70410156 0.00000000
vt 0.25244141 0.71728516 0.00000000
vt 0.25610352 0.73413086 0.00000000
vt 0.27709961 0.73217773 0.00000000
vt 0.26586914 0.74584961 0.00000000
vt 0.27368164 0.75390625 0.00000000
vt 0.28759766 0.74804688 0.00000000
vt 0.29833984 0.74023438 0.00000000
vt 0.27075195 0.77807617 0.00000000
vt 0.28149414 0.78198242 0.00000000
vt 0.28637695 0.77587891 0.00000000
vt 0.30761719 0.76074219 0.00000000
vt 0.30297852 0.77880859 0.00000000
vt 0.00000000 0.43310547 0.00000000
vt 0.00976562 0.40332031 0.00000000
vt 0.01098633 0.43115234 0.00000000
vt 0.17602539 0.91503906 0.00000000
vt 0.16357422 0.93212891 0.00000000
vt 0.14746094 0.91650391 0.00000000
vt 0.15234375 0.92675781 0.00000000
vt 0.13061523 0.92553711 0.00000000
vt 0.12158203 0.94531250 0.00000000
vt 0.10766602 0.91064453 0.00000000
vt 0.12084961 0.88842773 0.00000000
vt 0.07641602 0.90258789 0.00000000
vt 0.09838867 0.92358398 0.00000000
vt 0.08178711 0.92236328 0.00000000
vt 0.09277344 0.93994141 0.00000000
vt 0.48828125 0.54345703 0.00000000
vt 0.50976562 0.55908203 0.00000000
vt 0.49267578 0.56909180 0.00000000
vt 0.48095703 0.57641602 0.00000000
vt 0.50732422 0.57788086 0.00000000
vt 0.48901367 0.59765625 0.00000000
vt 0.49658203 0.59008789 0.00000000
vt 0.50634766 0.59277344 0.00000000
vt 0.51806641 0.57275391 0.00000000
vt 0.52587891 0.57641602 0.00000000
vt 0.52929688 0.58642578 0.00000000
vt 0.49096680 0.60766602 0.00000000
vt 0.49731445 0.61499023 0.00000000
vt 0.47485352 0.61914062 0.00000000
vt 0.44482422 0.63134766 0.00000000
vt 0.54101562 0.59667969 0.00000000
vt 0.52221680 0.61743164 0.00000000
vt 0.47216797 0.63012695 0.00000000
vt 0.50976562 0.62939453 0.00000000
vt 0.53051758 0.62915039 0.00000000
vt 0.49096680 0.64062500 0.00000000
vt 0.51684570 0.65747070 0.00000000
vt 0.50146484 0.67309570 0.00000000
vt 0.48315430 0.66992188 0.00000000
vt 0.51538086 0.67773438 0.00000000
vt 0.49414062 0.69116211 0.00000000
vt 0.46411133 0.65771484 0.00000000
vt 0.47192383 0.67236328 0.00000000
vt 0.46093750 0.69140625 0.00000000
vt 0.43652344 0.66040039 0.00000000
vt 0.45703125 0.67138672 0.00000000
vt 0.41308594 0.64746094 0.00000000
vt 0.41430664 0.67871094 0.00000000
vt 0.44702148 0.67993164 0.00000000
vt 0.39624023 0.66137695 0.00000000
vt 0.44262695 0.68652344 0.00000000
vt 0.40185547 0.68237305 0.00000000
vt 0.38134766 0.68554688 0.00000000
vt 0.42944336 0.68505859 0.00000000
vt 0.41259766 0.68188477 0.00000000
vt 0.40698242 0.69335938 0.00000000
vt 0.41723633 0.72558594 0.00000000
vt 0.42626953 0.69702148 0.00000000
vt 1.00000000 0.96875000 0.00000000
vt 0.98364258 0.95385742 0.00000000
vt 0.99975586 0.93774414 0.00000000
vt 0.97387695 0.95410156 0.00000000
vt 0.97387695 0.97265625 0.00000000
vt 0.57763672 0.95068359 0.00000000
vt 0.60424805 0.98193359 0.00000000
vt 0.57763672 0.98388672 0.00000000
vt 0.60620117 0.97192383 0.00000000
vt 0.61254883 0.95654297 0.00000000
vt 0.63305664 0.87353516 0.00000000
vt 0.62768555 0.85424805 0.00000000
vt 0.63916016 0.85864258 0.00000000
vt 0.65332031 0.85937500 0.00000000
vt 0.64794922 0.86450195 0.00000000
vt 0.63842773 0.85107422 0.00000000
vt 0.65283203 0.84912109 0.00000000
vt 0.65356445 0.84887695 0.00000000
vt 0.66577148 0.85571289 0.00000000
vt 0.65307617 0.83935547 0.00000000
vt 0.63061523 0.83422852 0.00000000
vt 0.64160156 0.84277344 0.00000000
vt 0.63940430 0.82788086 0.00000000
vt 0.65087891 0.83178711 0.00000000
vt 0.66625977 0.84057617 0.00000000
vt 0.67724609 0.83032227 0.00000000
vt 0.68139648 0.84936523 0.00000000
vt 0.68334961 0.85791016 0.00000000
vt 0.68017578 0.84155273 0.00000000
vt 0.69018555 0.82812500 0.00000000
vt 0.69091797 0.84936523 0.00000000
vt 0.70117188 0.85009766 0.00000000
vt 0.69335938 0.84033203 0.00000000
vt 0.70190430 0.82934570 0.00000000
vt 0.61572266 0.83813477 0.00000000
vt 0.61791992 0.82543945 0.00000000
vt 0.60742188 0.82836914 0.00000000
vt 0.61840820 0.84399414 0.00000000
vt 0.60766602 0.83789062 0.00000000
vt 0.59838867 0.82397461 0.00000000
vt 0.59912109 0.83447266 0.00000000
vt 0.58569336 0.84179688 0.00000000
vt 0.60937500 0.85205078 0.00000000
vt 0.59912109 0.85620117 0.00000000
vt 0.61425781 0.86230469 0.00000000
vt 0.41967773 0.89599609 0.00000000
vt 0.42285156 0.90795898 0.00000000
vt 0.41381836 0.91772461 0.00000000
vt 0.42919922 0.89550781 0.00000000
vt 0.41088867 0.89843750 0.00000000
vt 0.43603516 0.89965820 0.00000000
vt 0.43774414 0.89233398 0.00000000
vt 0.45336914 0.88964844 0.00000000
vt 0.40258789 0.91308594 0.00000000
vt 0.40063477 0.89428711 0.00000000
vt 0.39086914 0.89965820 0.00000000
vt 0.40063477 0.91455078 0.00000000
vt 0.37915039 0.91406250 0.00000000
vt 0.37646484 0.91088867 0.00000000
vt 0.38720703 0.92578125 0.00000000
vt 0.37329102 0.91650391 0.00000000
vt 0.35937500 0.90844727 0.00000000
vt 0.36962891 0.93090820 0.00000000
vt 0.35961914 0.91870117 0.00000000
vt 0.10815430 0.98681641 0.00000000
vt 0.10498047 0.94970703 0.00000000
vt 0.13452148 0.99291992 0.00000000
vt 0.13354492 0.95019531 0.00000000
vt 0.19970703 0.96118164 0.00000000
vt 0.22485352 0.98266602 0.00000000
vt 0.20117188 0.97314453 0.00000000
vt 0.21118164 0.96289062 0.00000000
vt 0.22998047 0.96557617 0.00000000
vt 0.22875977 0.93676758 0.00000000
vt 0.21997070 0.32788086 0.00000000
vt 0.21362305 0.35595703 0.00000000
vt 0.18237305 0.32885742 0.00000000
vt 0.23266602 0.35864258 0.00000000
vt 0.23950195 0.33105469 0.00000000
vt 0.17944336 0.34960938 0.00000000
vt 0.25219727 0.34765625 0.00000000
vt 0.25512695 0.33056641 0.00000000
vt 0.27148438 0.33984375 0.00000000
vt 0.24975586 0.36865234 0.00000000
vt 0.26586914 0.36328125 0.00000000
vt 0.29199219 0.36181641 0.00000000
vt 0.29150391 0.34448242 0.00000000
vt 0.34082031 0.35864258 0.00000000
vt 0.22949219 0.37500000 0.00000000
vt 0.24169922 0.38232422 0.00000000
vt 0.21069336 0.37500000 0.00000000
vt 0.26293945 0.37939453 0.00000000
vt 0.23657227 0.40258789 0.00000000
vt 0.24707031 0.39306641 0.00000000
vt 0.25268555 0.39868164 0.00000000
vt 0.27124023 0.39111328 0.00000000
vt 0.24609375 0.41821289 0.00000000
vt 0.29199219 0.37524414 0.00000000
vt 0.25415039 0.41064453 0.00000000
vt 0.29150391 0.39208984 0.00000000
vt 0.30126953 0.38989258 0.00000000
vt 0.32373047 0.37744141 0.00000000
vt 0.33227539 0.36914062 0.00000000
vt 0.32421875 0.37792969 0.00000000
vt 0.31372070 0.40283203 0.00000000
vt 0.32421875 0.40795898 0.00000000
vt 0.34423828 0.39770508 0.00000000
vt 0.29833984 0.40380859 0.00000000
vt 0.29321289 0.41113281 0.00000000
vt 0.30371094 0.41625977 0.00000000
vt 0.30493164 0.41772461 0.00000000
vt 0.33227539 0.42333984 0.00000000
vt 0.36157227 0.40478516 0.00000000
vt 0.35717773 0.42993164 0.00000000
vt 0.32055664 0.42114258 0.00000000
vt 0.30981445 0.43115234 0.00000000
vt 0.30004883 0.43774414 0.00000000
vt 0.32543945 0.44335938 0.00000000
vt 0.33935547 0.44262695 0.00000000
vt 0.34692383 0.45141602 0.00000000
vt 0.36889648 0.43896484 0.00000000
vt 0.33276367 0.46069336 0.00000000
vt 0.34936523 0.46142578 0.00000000
vt 0.36889648 0.45361328 0.00000000
vt 0.31323242 0.46264648 0.00000000
vt 0.29418945 0.45239258 0.00000000
vt 0.30664062 0.46704102 0.00000000
vt 0.28784180 0.46191406 0.00000000
vt 0.27709961 0.44653320 0.00000000
vt 0.27832031 0.44042969 0.00000000
vt 0.27319336 0.44458008 0.00000000
vt 0.29296875 0.42797852 0.00000000
vt 0.27783203 0.43969727 0.00000000
vt 0.29248047 0.42724609 0.00000000
vt 0.27905273 0.41845703 0.00000000
vt 0.26318359 0.42871094 0.00000000
vt 0.25097656 0.44140625 0.00000000
vt 0.23925781 0.42822266 0.00000000
vt 0.23510742 0.45214844 0.00000000
vt 0.24072266 0.41284180 0.00000000
vt 0.23242188 0.43115234 0.00000000
vt 0.21142578 0.45434570 0.00000000
vt 0.20703125 0.41845703 0.00000000
vt 0.20776367 0.43383789 0.00000000
vt 0.20117188 0.44335938 0.00000000
vt 0.19848633 0.43627930 0.00000000
vt 0.19360352 0.44287109 0.00000000
vt 0.18505859 0.46093750 0.00000000
vt 0.18359375 0.43725586 0.00000000
vt 0.19458008 0.42895508 0.00000000
vt 0.17236328 0.44018555 0.00000000
vt 0.17260742 0.44897461 0.00000000
vt 0.16674805 0.44873047 0.00000000
vt 0.16357422 0.44189453 0.00000000
vt 0.15454102 0.42187500 0.00000000
vt 0.14550781 0.42285156 0.00000000
vt 0.13989258 0.40087891 0.00000000
vt 0.17114258 0.41186523 0.00000000
vt 0.15136719 0.38720703 0.00000000
vt 0.14453125 0.35888672 0.00000000
vt 0.13012695 0.36889648 0.00000000
vt 0.12695312 0.34448242 0.00000000
vt 0.14526367 0.34301758 0.00000000
vt 0.16357422 0.36035156 0.00000000
vt 0.16357422 0.37792969 0.00000000
vt 0.18212891 0.36499023 0.00000000
vt 0.19799805 0.35986328 0.00000000
vt 0.18432617 0.37768555 0.00000000
vt 0.18408203 0.39013672 0.00000000
vt 0.19702148 0.38305664 0.00000000
vt 0.18872070 0.40673828 0.00000000
vt 0.83129883 0.95776367 0.00000000
vt 0.85180664 0.97363281 0.00000000
vt 0.83715820 0.97973633 0.00000000
vt 0.83496094 0.94873047 0.00000000
vt 0.85180664 0.95263672 0.00000000
vt 0.98046875 0.24438477 0.00000000
vt 0.97656250 0.25463867 0.00000000
vt 0.96533203 0.23999023 0.00000000
vt 0.95922852 0.23144531 0.00000000
vt 0.97265625 0.22363281 0.00000000
vt 0.95556641 0.24487305 0.00000000
vt 0.94140625 0.23681641 0.00000000
vt 0.94750977 0.22045898 0.00000000
vt 0.95019531 0.24780273 0.00000000
vt 0.93945312 0.23535156 0.00000000
vt 0.94433594 0.25146484 0.00000000
vt 0.93310547 0.24365234 0.00000000
vt 0.95043945 0.24926758 0.00000000
vt 0.95727539 0.25268555 0.00000000
vt 0.97045898 0.27099609 0.00000000
vt 0.95727539 0.26171875 0.00000000
vt 0.94604492 0.25976562 0.00000000
vt 0.96484375 0.28491211 0.00000000
vt 0.94750977 0.28076172 0.00000000
vt 0.55395508 0.73510742 0.00000000
vt 0.55688477 0.74731445 0.00000000
vt 0.53222656 0.74975586 0.00000000
vt 0.58886719 0.74804688 0.00000000
vt 0.52368164 0.72998047 0.00000000
vt 0.58911133 0.73632812 0.00000000
vt 0.60498047 0.73730469 0.00000000
vt 0.55078125 0.71484375 0.00000000
vt 0.57495117 0.72387695 0.00000000
vt 0.60668945 0.73339844 0.00000000
vt 0.62963867 0.74902344 0.00000000
vt 0.60375977 0.72827148 0.00000000
vt 0.63208008 0.72827148 0.00000000
vt 0.61083984 0.72534180 0.00000000
vt 0.65209961 0.71875000 0.00000000
vt 0.61254883 0.70629883 0.00000000
vt 0.59643555 0.71411133 0.00000000
vt 0.62670898 0.70385742 0.00000000
vt 0.60400391 0.69702148 0.00000000
vt 0.58569336 0.69848633 0.00000000
vt 0.56787109 0.70825195 0.00000000
vt 0.55053711 0.68310547 0.00000000
vt 0.58081055 0.67211914 0.00000000
vt 0.61938477 0.68969727 0.00000000
vt 0.60839844 0.69213867 0.00000000
vt 0.62182617 0.67065430 0.00000000
vt 0.62670898 0.69262695 0.00000000
vt 0.64648438 0.69409180 0.00000000
vt 0.65063477 0.70458984 0.00000000
vt 0.66308594 0.70678711 0.00000000
vt 0.67700195 0.71655273 0.00000000
vt 0.66552734 0.70019531 0.00000000
vt 0.64721680 0.67895508 0.00000000
vt 0.65820312 0.66943359 0.00000000
vt 0.62524414 0.66699219 0.00000000
vt 0.60058594 0.64843750 0.00000000
vt 0.61352539 0.64404297 0.00000000
vt 0.59887695 0.65942383 0.00000000
vt 0.58398438 0.63940430 0.00000000
vt 0.59130859 0.63110352 0.00000000
vt 0.57250977 0.64843750 0.00000000
vt 0.55615234 0.66308594 0.00000000
vt 0.54907227 0.65551758 0.00000000
vt 0.54907227 0.63476562 0.00000000
vt 0.53393555 0.66186523 0.00000000
vt 0.53442383 0.64868164 0.00000000
vt 0.52978516 0.65454102 0.00000000
vt 0.53027344 0.67529297 0.00000000
vt 0.54443359 0.69433594 0.00000000
vt 0.52929688 0.68847656 0.00000000
vt 0.52026367 0.68627930 0.00000000
vt 0.52880859 0.70800781 0.00000000
vt 0.51416016 0.71826172 0.00000000
vt 0.50878906 0.70263672 0.00000000
vt 0.50610352 0.69165039 0.00000000
vt 0.00903320 0.60205078 0.00000000
vt 0.00903320 0.61352539 0.00000000
vt 0.00000000 0.60791016 0.00000000
vt 0.69042969 0.92187500 0.00000000
vt 0.70703125 0.93554688 0.00000000
vt 0.69409180 0.94067383 0.00000000
vt 0.69531250 0.96191406 0.00000000
vt 0.67993164 0.90332031 0.00000000
vt 0.67895508 0.91186523 0.00000000
vt 0.68212891 0.93505859 0.00000000
vt 0.66406250 0.92358398 0.00000000
vt 0.68066406 0.94409180 0.00000000
vt 0.68310547 0.95996094 0.00000000
vt 0.66552734 0.98071289 0.00000000
vt 0.69995117 0.97314453 0.00000000
vt 0.74218750 0.93872070 0.00000000
vt 0.73901367 0.94238281 0.00000000
vt 0.73779297 0.92456055 0.00000000
vt 0.71484375 0.94970703 0.00000000
vt 0.72045898 0.93310547 0.00000000
vt 0.72949219 0.95532227 0.00000000
vt 0.73217773 0.95922852 0.00000000
vt 0.72192383 0.97363281 0.00000000
vt 0.75512695 0.94946289 0.00000000
vt 0.73437500 0.98266602 0.00000000
vt 0.75610352 0.98437500 0.00000000
vt 0.78027344 0.95947266 0.00000000
vt 0.76318359 0.98364258 0.00000000
vt 0.77783203 0.98583984 0.00000000
vt 0.63696289 0.26123047 0.00000000
vt 0.61450195 0.26562500 0.00000000
vt 0.61694336 0.24536133 0.00000000
vt 0.59667969 0.25512695 0.00000000
vt 0.60644531 0.27075195 0.00000000
vt 0.58862305 0.22973633 0.00000000
vt 0.58422852 0.24780273 0.00000000
vt 0.60375977 0.22607422 0.00000000
vt 0.62304688 0.23364258 0.00000000
vt 0.64062500 0.24462891 0.00000000
vt 0.62817383 0.22241211 0.00000000
vt 0.60668945 0.21386719 0.00000000
vt 0.60937500 0.19628906 0.00000000
vt 0.57397461 0.21362305 0.00000000
vt 0.56079102 0.23608398 0.00000000
vt 0.59082031 0.21240234 0.00000000
vt 0.63452148 0.20458984 0.00000000
vt 0.58276367 0.19213867 0.00000000
vt 0.54907227 0.18603516 0.00000000
vt 0.55346680 0.20849609 0.00000000
vt 0.57250977 0.18066406 0.00000000
vt 0.59082031 0.16894531 0.00000000
vt 0.61499023 0.17358398 0.00000000
vt 0.63378906 0.17724609 0.00000000
vt 0.65234375 0.21752930 0.00000000
vt 0.65161133 0.19140625 0.00000000
vt 0.65869141 0.17529297 0.00000000
vt 0.65576172 0.14965820 0.00000000
vt 0.62841797 0.14965820 0.00000000
vt 0.65844727 0.13500977 0.00000000
vt 0.57324219 0.14819336 0.00000000
vt 0.62304688 0.13305664 0.00000000
vt 0.62084961 0.12182617 0.00000000
vt 0.65136719 0.12426758 0.00000000
vt 0.64746094 0.11938477 0.00000000
vt 0.59497070 0.13232422 0.00000000
vt 0.60400391 0.10913086 0.00000000
vt 0.63403320 0.10571289 0.00000000
vt 0.57250977 0.13232422 0.00000000
vt 0.58691406 0.12036133 0.00000000
vt 0.59985352 0.10351562 0.00000000
vt 0.64477539 0.08789062 0.00000000
vt 0.63256836 0.07641602 0.00000000
vt 0.56347656 0.11621094 0.00000000
vt 0.57250977 0.13061523 0.00000000
vt 0.55297852 0.13867188 0.00000000
vt 0.55590820 0.11401367 0.00000000
vt 0.55541992 0.14453125 0.00000000
vt 0.56567383 0.15844727 0.00000000
vt 0.54541016 0.16845703 0.00000000
vt 0.53320312 0.15185547 0.00000000
vt 0.56347656 0.17211914 0.00000000
vt 0.53125000 0.18383789 0.00000000
vt 0.61450195 0.04174805 0.00000000
vt 0.59985352 0.03320312 0.00000000
vt 0.61206055 0.03271484 0.00000000
vt 0.61352539 0.02099609 0.00000000
vt 0.59790039 0.02001953 0.00000000
vt 0.29614258 0.09301758 0.00000000
vt 0.28149414 0.09716797 0.00000000
vt 0.27807617 0.08520508 0.00000000
vt 0.28906250 0.07324219 0.00000000
vt 0.30859375 0.08471680 0.00000000
vt 0.30615234 0.05932617 0.00000000
vt 0.30102539 0.03930664 0.00000000
vt 0.31518555 0.05175781 0.00000000
vt 0.32080078 0.07275391 0.00000000
vt 0.33666992 0.02539062 0.00000000
vt 0.33520508 0.04785156 0.00000000
vt 0.34423828 0.06054688 0.00000000
vt 0.33032227 0.07788086 0.00000000
vt 0.34667969 0.04394531 0.00000000
vt 0.34326172 0.02612305 0.00000000
vt 0.33154297 0.01196289 0.00000000
vt 0.36962891 0.04882812 0.00000000
vt 0.36621094 0.07519531 0.00000000
vt 0.35522461 0.03320312 0.00000000
vt 0.37890625 0.06958008 0.00000000
vt 0.36279297 0.02661133 0.00000000
vt 0.36254883 0.00659180 0.00000000
vt 0.38525391 0.02954102 0.00000000
vt 0.38818359 0.03417969 0.00000000
vt 0.40356445 0.05908203 0.00000000
vt 0.40527344 0.03710938 0.00000000
vt 0.39282227 0.02587891 0.00000000
vt 0.41284180 0.02050781 0.00000000
vt 0.39379883 0.01025391 0.00000000
vt 0.36376953 0.00390625 0.00000000
vt 0.38720703 0.01782227 0.00000000
vt 0.57031250 0.01684570 0.00000000
vt 0.58422852 0.03588867 0.00000000
vt 0.56884766 0.04296875 0.00000000
vt 0.01171875 0.56054688 0.00000000
vt 0.01171875 0.58227539 0.00000000
vt 0.00244141 0.56616211 0.00000000
vt 0.99658203 0.93164062 0.00000000
vt 0.97851562 0.92846680 0.00000000
vt 0.99511719 0.90893555 0.00000000
vt 0.97778320 0.90161133 0.00000000
vt 0.97631836 0.94433594 0.00000000
vt 0.70825195 0.95214844 0.00000000
vt 0.71728516 0.96435547 0.00000000
vt 0.70434570 0.96948242 0.00000000
vt 0.36230469 0.96435547 0.00000000
vt 0.37231445 0.95605469 0.00000000
vt 0.38525391 0.97045898 0.00000000
vt 0.37280273 0.95581055 0.00000000
vt 0.37158203 0.94091797 0.00000000
vt 0.94555664 0.08300781 0.00000000
vt 0.93823242 0.10766602 0.00000000
vt 0.92919922 0.10131836 0.00000000
vt 0.97680664 0.08227539 0.00000000
vt 0.98608398 0.09594727 0.00000000
vt 0.99975586 0.10815430 0.00000000
vt 0.99804688 0.09863281 0.00000000
vt 0.99658203 0.09619141 0.00000000
vt 0.98242188 0.07592773 0.00000000
vt 0.99902344 0.06298828 0.00000000
vt 0.97558594 0.03393555 0.00000000
vt 0.96826172 0.06787109 0.00000000
vt 0.96240234 0.05004883 0.00000000
vt 0.95043945 0.03881836 0.00000000
vt 0.95434570 0.07397461 0.00000000
vt 0.95312500 0.05908203 0.00000000
vt 0.94946289 0.07128906 0.00000000
vt 0.94287109 0.06909180 0.00000000
vt 0.95336914 0.05786133 0.00000000
vt 0.94848633 0.04956055 0.00000000
vt 0.94824219 0.04858398 0.00000000
vt 0.94189453 0.04882812 0.00000000
vt 0.92578125 0.07934570 0.00000000
vt 0.94555664 0.02807617 0.00000000

# 1796 vertex normals
vn -0.12598425 0.03149606 0.99212599
vn 0.26771653 -0.90551180 -0.32283464
vn 0.00787402 0.27559054 0.96062994
vn -0.53543305 -0.50393701 -0.67716533
vn -0.81102359 -0.57480317 -0.09448819
vn 0.59842521 -0.37007874 0.71653545
vn 0.40944880 0.08661418 0.90551180
vn -0.08661418 0.27559054 0.95275593
vn -0.32283464 -0.64566928 -0.69291341
vn -0.82677168 -0.56692910 0.00000000
vn 0.03149606 -0.59055120 -0.80314958
vn 0.58267719 -0.63779527 -0.50393701
vn -0.52755904 -0.63779527 -0.55905509
vn 0.58267719 -0.66141731 -0.47244096
vn 0.28346455 -0.75590551 -0.58267719
vn 0.02362205 -0.81889760 -0.57480317
vn -0.40157479 -0.72440946 -0.55905509
vn -0.74803150 -0.03937008 0.66929132
vn -0.85826772 -0.48818898 -0.15748031
vn 0.05511811 0.48031497 0.87401575
vn -0.40157479 0.42519686 0.81102359
vn -0.26771653 0.66141731 0.70078743
vn -0.98425198 -0.11023622 0.13385826
vn -0.98425198 -0.18897638 0.02362205
vn -0.92913383 -0.37007874 -0.07086614
vn -0.35433072 0.77165353 0.52755904
vn -0.30708662 0.85039371 0.43307087
vn 0.11023622 0.85826772 0.49606299
vn 0.14960630 0.97637796 0.13385826
vn -0.07086614 0.96062994 0.25984251
vn 0.00000000 0.89763778 0.44881889
vn -0.03149606 0.85039371 0.52755904
vn 0.03149606 0.69291341 0.72440946
vn -0.24409449 0.52755904 0.81889760
vn -0.04724409 0.45669290 0.88976377
vn -0.11811024 0.48031497 0.86614174
vn -0.28346455 0.44094488 0.85039371
vn -0.03149606 0.54330707 0.84251970
vn 0.89763778 -0.25984251 0.35433072
vn 0.81102359 -0.56692910 -0.13385826
vn 0.56692910 0.23622048 0.78740156
vn 0.79527557 -0.59842521 0.01574803
vn 0.64566928 -0.75590551 -0.11811024
vn 0.74803150 0.22834645 0.62992126
vn 0.03149606 0.76377952 0.64566928
vn -0.15748031 0.76377952 0.62992126
vn -0.18110237 0.87401575 0.45669290
vn 0.51181102 0.73228347 0.44881889
vn 0.11023622 0.85826772 0.50393701
vn -0.26771653 0.94488192 0.20472440
vn -0.24409449 0.96850395 -0.03149606
vn -0.01574803 1.00000000 -0.07874016
vn -0.03149606 0.92913383 0.36220473
vn 0.16535433 0.96062994 0.22047244
vn 0.15748031 0.98425198 -0.08661418
vn 0.81102359 0.43307087 0.39370078
vn 0.90551180 0.22047244 0.36220473
vn 0.99212599 -0.14173228 0.02362205
vn 0.92913383 0.35433072 -0.09448819
vn 0.85826772 -0.50393701 -0.06299213
vn 0.84251970 -0.54330707 -0.04724409
vn 0.50393701 -0.82677168 -0.25984251
vn 0.05511811 -0.92913383 -0.37007874
vn 0.00787402 -0.90551180 -0.43307087
vn -0.01574803 -0.93700784 -0.36220473
vn -0.04724409 -0.96062994 -0.26771653
vn 0.29921260 -0.92913383 -0.19685039
vn 0.54330707 -0.83464569 0.02362205
vn -0.06299213 -0.96062994 -0.26771653
vn -0.06299213 -1.00000000 0.04724409
vn -0.06299213 -0.99212599 0.09448819
vn -0.25984251 -0.89763778 -0.35433072
vn 0.04724409 -0.91338581 -0.40157479
vn -0.43307087 -0.81889760 -0.37795275
vn -0.59055120 -0.77165353 -0.22834645
vn -0.33070865 -0.92125982 -0.20472440
vn 0.09448819 -0.99212599 -0.06299213
vn -0.05511811 -1.00000000 0.03937008
vn 0.47244096 -0.03937008 0.88188976
vn 0.03149606 0.81102359 0.59055120
vn -0.43307087 -0.87401575 0.23622048
vn -0.04724409 -1.00000000 0.04724409
vn -0.55905509 -0.22047244 0.79527557
vn 0.19685039 0.91338581 0.35433072
vn 0.89763778 -0.40157479 0.18110237
vn 0.99212599 -0.00787402 0.14960630
vn 0.42519686 -0.88188976 -0.18110237
vn 0.44094488 -0.85826772 -0.24409449
vn 0.45669290 -0.66929132 -0.58267719
vn 0.13385826 -0.98425198 -0.11023622
vn 0.03149606 -1.00000000 -0.03149606
vn -0.15748031 -0.80314958 -0.57480317
vn -0.57480317 -0.81889760 0.05511811
vn -0.44094488 -0.85826772 0.25196850
vn -0.55905509 -0.81889760 0.15748031
vn -0.51968503 -0.74015749 0.41732284
vn -0.11023622 0.80314958 0.58267719
vn 0.13385826 0.97637796 0.16535433
vn 0.23622048 0.95275593 0.18897638
vn -0.20472440 0.83464569 0.51181102
vn -0.63779527 -0.30708662 0.70078743
vn 0.00000000 0.94488192 0.32283464
vn 0.22834645 0.96062994 0.15748031
vn 0.16535433 0.96062994 0.23622048
vn -0.02362205 0.94488192 0.33070865
vn 0.48031497 0.85826772 0.18897638
vn 0.09448819 0.97637796 0.19685039
vn 0.11811024 0.97637796 0.18897638
vn 0.14173228 0.98425198 0.10236220
vn -0.11023622 0.94488192 0.29921260
vn -0.76377952 -0.14960630 0.62992126
vn -0.29921260 -0.92913383 0.21259843
vn -0.06299213 -0.88188976 0.45669290
vn -0.30708662 0.93700784 -0.18110237
vn 0.03937008 0.95275593 -0.31496063
vn -0.17322835 0.78740156 -0.59055120
vn 0.00787402 0.99212599 -0.11811024
vn 0.10236220 0.99212599 0.10236220
vn -0.25984251 0.90551180 -0.33070865
vn -0.37795275 0.77952754 -0.49606299
vn -0.21259843 0.73228347 -0.64566928
vn 0.03149606 0.94488192 -0.32283464
vn -0.11023622 0.72440946 -0.68503934
vn 0.08661418 0.65354329 -0.74803150
vn -0.41732284 0.71653545 -0.55905509
vn -0.25984251 0.57480317 -0.77165353
vn -0.14960630 0.43307087 -0.88976377
vn 0.37007874 0.92913383 0.00787402
vn 0.37795275 0.74015749 -0.55118108
vn 0.52755904 0.85039371 0.03149606
vn 1.00000000 0.03149606 -0.06299213
vn 0.75590551 -0.63779527 -0.15748031
vn 0.85826772 -0.48031497 -0.18897638
vn 0.87401575 0.01574803 -0.48031497
vn 0.49606299 -0.86614174 -0.00787402
vn 0.22834645 -0.96850395 -0.08661418
vn 0.42519686 -0.90551180 -0.06299213
vn 0.30708662 -0.88188976 0.35433072
vn 0.18897638 -0.59842521 0.77952754
vn 0.32283464 -0.83464569 0.44094488
vn -0.29921260 0.78740156 0.53543305
vn 0.37007874 -0.92913383 0.07086614
vn -0.22834645 0.86614174 0.44094488
vn 0.50393701 -0.81102359 0.30708662
vn -0.14960630 0.75590551 0.63779527
vn 0.47244096 -0.88188976 0.06299213
vn 0.29921260 -0.95275593 0.08661418
vn 0.00787402 -0.78740156 0.61417323
vn 0.44881889 -0.87401575 -0.18110237
vn -0.03149606 -1.00000000 -0.07874016
vn -0.12598425 -0.96062994 -0.25984251
vn -0.25984251 0.85039371 0.45669290
vn -0.12598425 -0.74015749 -0.66141731
vn -0.23622048 0.85826772 0.45669290
vn 0.10236220 0.98425198 0.12598425
vn -0.16535433 0.92913383 0.33858266
vn -0.20472440 0.80314958 0.56692910
vn -0.40944880 0.88976377 0.19685039
vn -0.37795275 0.84251970 0.38582677
vn -0.28346455 0.64566928 0.70866144
vn -0.55118108 -0.82677168 -0.12598425
vn -0.83464569 0.52755904 -0.16535433
vn -0.59055120 -0.37795275 -0.71653545
vn -0.13385826 -0.99212599 0.02362205
vn -0.32283464 -0.74015749 -0.59055120
vn -0.92125982 -0.09448819 -0.37007874
vn -0.67716533 -0.39370078 -0.62204725
vn -0.30708662 -0.69291341 -0.65354329
vn 0.07874016 -0.92125982 -0.38582677
vn 0.07874016 -0.62992126 0.77165353
vn -0.12598425 -0.98425198 0.09448819
vn 0.08661418 0.77952754 0.62204725
vn 0.17322835 -0.59842521 0.78740156
vn -0.20472440 -0.97637796 -0.07874016
vn -0.26771653 -0.96062994 0.08661418
vn -0.07086614 -0.99212599 0.08661418
vn -0.09448819 0.89763778 0.42519686
vn 0.06299213 0.99212599 0.14173228
vn 0.04724409 0.95275593 0.29133859
vn 0.18110237 0.79527557 0.58267719
vn 0.11023622 -0.98425198 0.13385826
vn -0.16535433 -0.96850395 0.16535433
vn 0.15748031 -0.26771653 0.95275593
vn 0.00787402 -0.95275593 0.31496063
vn 0.38582677 0.74803150 0.54330707
vn 0.14960630 0.98425198 0.09448819
vn 0.37795275 0.88188976 0.29133859
vn 0.53543305 0.76377952 0.35433072
vn -0.07086614 -0.92913383 0.36220473
vn 0.36220473 0.89763778 0.25196850
vn 0.20472440 -0.83464569 0.50393701
vn 0.69291341 0.69291341 0.18897638
vn 0.54330707 0.84251970 -0.05511811
vn 0.14960630 0.98425198 -0.11811024
vn -0.26771653 -0.91338581 0.30708662
vn -0.30708662 -0.88188976 0.37007874
vn 0.25196850 0.96850395 -0.03937008
vn 0.27559054 0.92913383 -0.23622048
vn 0.46456692 0.88188976 -0.09448819
vn 0.29921260 0.95275593 0.03149606
vn 0.05511811 0.91338581 -0.40944880
vn 0.15748031 0.98425198 0.09448819
vn -0.03937008 1.00000000 0.00787402
vn -0.78740156 0.25196850 -0.55905509
vn -0.03937008 0.99212599 0.12598425
vn -0.26771653 0.96062994 0.00000000
vn -0.85039371 -0.00787402 -0.51968503
vn -0.79527557 0.60629922 0.05511811
vn -0.16535433 0.98425198 0.00000000
vn -0.56692910 -0.82677168 0.00000000
vn -0.31496063 0.94488192 -0.03149606
vn 0.15748031 0.98425198 -0.00787402
vn -0.28346455 -0.96062994 0.05511811
vn -0.02362205 1.00000000 -0.01574803
vn 0.00787402 0.99212599 -0.13385826
vn -0.22834645 0.97637796 -0.03937008
vn -0.22047244 0.96062994 -0.17322835
vn -0.21259843 0.97637796 -0.04724409
vn 0.00787402 1.00000000 -0.03149606
vn -0.96850395 0.00000000 -0.24409449
vn -0.58267719 -0.81102359 -0.03937008
vn -0.44094488 -0.88976377 0.08661418
vn -0.88976377 0.10236220 -0.44094488
vn -0.26771653 0.80314958 -0.52755904
vn -0.84251970 -0.04724409 -0.52755904
vn -0.40944880 -0.90551180 0.13385826
vn -0.35433072 -0.92913383 0.12598425
vn -0.01574803 -0.96850395 0.24409449
vn 0.05511811 -0.95275593 0.30708662
vn 0.00787402 -0.92913383 0.36220473
vn 0.05511811 -0.99212599 0.10236220
vn 0.07874016 -0.97637796 0.18897638
vn -0.04724409 -0.95275593 0.29133859
vn -0.40944880 -0.85039371 0.33070865
vn -0.30708662 -0.95275593 -0.00787402
vn -0.15748031 -0.98425198 -0.00787402
vn 0.16535433 -0.96062994 -0.23622048
vn -0.01574803 -1.00000000 0.01574803
vn -0.03937008 -1.00000000 -0.03149606
vn -0.08661418 -0.99212599 0.00787402
vn 0.19685039 -0.89763778 0.40157479
vn 0.88188976 -0.44881889 -0.12598425
vn -0.03937008 -0.91338581 0.40157479
vn 0.93700784 -0.33858266 -0.10236220
vn 0.34645671 -0.55905509 0.75590551
vn -0.03149606 -0.47244096 0.88188976
vn 0.35433072 -0.62204725 0.70078743
vn -0.11811024 -0.49606299 0.85826772
vn 0.55118108 -0.57480317 0.60629922
vn 0.77165353 -0.51181102 0.37795275
vn 0.25196850 -0.66141731 0.70866144
vn 0.87401575 -0.46456692 -0.14960630
vn 0.00000000 -0.72440946 0.69291341
vn 0.35433072 -0.81102359 0.46456692
vn 0.26771653 -0.79527557 0.55118108
vn 0.12598425 -0.72440946 0.67716533
vn 0.17322835 -0.52755904 0.83464569
vn 0.14960630 -0.62992126 0.76377952
vn 0.21259843 -0.78740156 0.58267719
vn 0.37795275 -0.67716533 0.62992126
vn 0.19685039 -0.66141731 0.72440946
vn -0.19685039 -0.69291341 0.69291341
vn -0.20472440 -0.77952754 0.59842521
vn 0.29921260 -0.62204725 0.72440946
vn -0.90551180 0.04724409 0.41732284
vn -0.23622048 -0.72440946 0.65354329
vn -0.74015749 0.60629922 -0.29133859
vn -0.11811024 -0.54330707 0.83464569
vn 0.25984251 -0.66141731 0.70866144
vn -0.07874016 -0.59842521 0.79527557
vn -0.84251970 0.18897638 0.51181102
vn -0.74803150 0.62204725 -0.23622048
vn -0.75590551 0.55905509 -0.34645671
vn -0.68503934 0.71653545 -0.11811024
vn -0.29921260 0.62204725 -0.72440946
vn -0.84251970 0.24409449 0.48818898
vn -0.42519686 0.71653545 -0.55118108
vn -0.48031497 0.79527557 -0.37007874
vn -0.69291341 0.71653545 -0.07874016
vn -0.41732284 0.81102359 -0.40944880
vn -0.00787402 0.74803150 -0.66141731
vn 0.01574803 0.63779527 -0.76377952
vn 0.99212599 0.12598425 -0.03149606
vn 0.80314958 0.59842521 0.03937008
vn 0.11811024 -0.83464569 0.54330707
vn -0.08661418 -0.88976377 0.44094488
vn 0.49606299 -0.55905509 0.66929132
vn 0.75590551 0.64566928 0.09448819
vn 0.64566928 0.76377952 -0.03937008
vn 0.37795275 0.88976377 -0.24409449
vn 0.19685039 0.92913383 -0.30708662
vn -0.25984251 -0.96062994 -0.13385826
vn -0.25196850 -0.94488192 -0.20472440
vn -0.89763778 -0.22047244 -0.38582677
vn -0.34645671 -0.93700784 -0.05511811
vn -0.07874016 -1.00000000 -0.03149606
vn -0.18110237 -0.94488192 0.26771653
vn -0.59055120 -0.79527557 0.14173228
vn -0.22047244 -0.85039371 0.48031497
vn -0.42519686 -0.87401575 0.25196850
vn -0.53543305 -0.81102359 0.22834645
vn -0.72440946 0.18897638 -0.66141731
vn -0.48818898 -0.80314958 0.34645671
vn 0.57480317 -0.81102359 0.10236220
vn 0.92913383 0.29133859 -0.22834645
vn 0.39370078 -0.89763778 0.19685039
vn 0.02362205 -0.96850395 0.24409449
vn 0.13385826 -0.89763778 0.41732284
vn 0.44881889 -0.88188976 0.14173228
vn 0.79527557 -0.59842521 0.06299213
vn 0.85826772 0.20472440 -0.46456692
vn 0.88188976 0.27559054 -0.38582677
vn 0.34645671 0.78740156 -0.50393701
vn 0.46456692 0.61417323 -0.63779527
vn 0.19685039 0.84251970 -0.50393701
vn 0.13385826 0.85826772 -0.49606299
vn 0.44094488 0.69291341 -0.57480317
vn -0.01574803 -0.96850395 0.25196850
vn 0.32283464 0.90551180 -0.26771653
vn 0.40157479 0.72440946 -0.56692910
vn -0.01574803 -0.90551180 0.42519686
vn 0.03937008 -0.96062994 0.28346455
vn 0.02362205 -0.96062994 0.26771653
vn 0.07086614 -0.79527557 0.60629922
vn 0.10236220 -0.77165353 0.62992126
vn -0.29133859 -0.81102359 0.50393701
vn -0.68503934 -0.72440946 0.03937008
vn 0.18897638 0.98425198 -0.00787402
vn 0.02362205 0.99212599 0.14173228
vn -0.25984251 0.96850395 -0.00787402
vn -0.44094488 -0.81889760 0.36220473
vn -0.70078743 -0.67716533 0.22834645
vn -0.38582677 -0.92125982 -0.00787402
vn -0.52755904 -0.84251970 0.12598425
vn -0.56692910 -0.80314958 0.18897638
vn 0.32283464 -0.07874016 0.94488192
vn 0.56692910 0.73228347 0.37795275
vn -0.18897638 -0.22047244 0.95275593
vn 0.31496063 0.88976377 0.32283464
vn 0.63779527 0.70866144 0.31496063
vn 0.44881889 0.88976377 0.00000000
vn 0.25196850 0.95275593 0.16535433
vn 0.13385826 0.99212599 -0.05511811
vn 0.10236220 0.95275593 0.28346455
vn 0.32283464 0.90551180 -0.25984251
vn 0.46456692 0.88188976 0.05511811
vn 0.04724409 0.98425198 -0.18110237
vn 0.80314958 0.52755904 0.27559054
vn 0.74015749 0.57480317 0.35433072
vn 0.37795275 0.92913383 0.01574803
vn 0.15748031 0.92125982 -0.35433072
vn 0.28346455 0.90551180 0.32283464
vn 0.10236220 0.97637796 0.19685039
vn 0.66929132 0.68503934 0.29133859
vn 0.07086614 0.92913383 -0.36220473
vn -0.09448819 0.96850395 -0.21259843
vn 0.07086614 0.98425198 -0.14960630
vn 0.00000000 0.94488192 -0.32283464
vn -0.22047244 0.97637796 0.03937008
vn -0.03937008 1.00000000 -0.07086614
vn 0.02362205 0.94488192 -0.32283464
vn -0.02362205 0.98425198 0.16535433
vn 0.09448819 0.92125982 0.37795275
vn 0.50393701 0.81102359 0.29133859
vn 0.11023622 0.98425198 -0.11811024
vn 0.21259843 0.97637796 0.08661418
vn 0.28346455 0.92913383 -0.22834645
vn 0.10236220 0.93700784 -0.33858266
vn 0.52755904 0.83464569 0.14960630
vn 0.66141731 0.74803150 -0.10236220
vn 0.74803150 0.65354329 0.12598425
vn 0.16535433 0.94488192 -0.27559054
vn 0.29921260 0.19685039 -0.93700784
vn 0.68503934 0.09448819 -0.71653545
vn 0.23622048 -0.62204725 -0.74803150
vn 0.28346455 -0.64566928 -0.70866144
vn 0.29921260 -0.33070865 -0.89763778
vn 0.12598425 -0.55905509 -0.81889760
vn 0.07874016 -0.88188976 -0.46456692
vn 0.18897638 -0.92913383 -0.31496063
vn -0.04724409 -0.74803150 -0.66929132
vn 0.12598425 -0.51968503 -0.84251970
vn 0.01574803 -0.99212599 0.14173228
vn 0.15748031 -0.96062994 0.22047244
vn -0.29921260 -0.94488192 0.13385826
vn 0.03149606 -0.97637796 0.22047244
vn 0.24409449 -0.96062994 0.11023622
vn 0.19685039 -0.97637796 0.10236220
vn 0.26771653 -0.94488192 0.18897638
vn 0.12598425 -0.99212599 0.06299213
vn -0.08661418 -0.99212599 0.03937008
vn -0.15748031 -0.98425198 -0.10236220
vn -0.35433072 -0.93700784 -0.05511811
vn -0.25984251 -0.96062994 -0.05511811
vn -0.37795275 -0.77952754 0.49606299
vn -0.40944880 -0.90551180 0.10236220
vn -0.32283464 -0.92913383 -0.18897638
vn -0.51181102 -0.85039371 -0.07874016
vn 0.00787402 -0.76377952 -0.64566928
vn -0.57480317 -0.76377952 -0.30708662
vn 0.18110237 -0.84251970 -0.51181102
vn 0.07874016 -0.83464569 -0.55118108
vn -0.62204725 -0.76377952 -0.18897638
vn 0.43307087 -0.64566928 -0.62992126
vn 0.79527557 -0.51968503 -0.30708662
vn 0.33070865 -0.31496063 0.88976377
vn 0.85039371 -0.45669290 -0.27559054
vn 0.86614174 0.39370078 0.30708662
vn 0.85826772 0.44094488 0.26771653
vn 0.72440946 0.00000000 -0.68503934
vn 0.86614174 0.48818898 -0.08661418
vn 0.74015749 0.59842521 -0.29921260
vn 0.75590551 0.56692910 -0.31496063
vn 0.77952754 0.52755904 0.34645671
vn 0.75590551 0.55905509 0.33070865
vn 0.81102359 0.54330707 0.23622048
vn 0.81102359 0.38582677 0.44094488
vn 0.00000000 -0.44094488 0.89763778
vn 0.77165353 0.54330707 0.31496063
vn 0.76377952 0.57480317 0.29921260
vn 0.78740156 0.51181102 0.33858266
vn -0.05511811 -0.07874016 0.99212599
vn -0.80314958 -0.57480317 0.14173228
vn -0.66929132 -0.68503934 0.29133859
vn -0.75590551 -0.63779527 -0.14173228
vn -0.82677168 0.01574803 0.55905509
vn -0.61417323 -0.78740156 -0.02362205
vn -0.51181102 -0.85826772 -0.03149606
vn -0.40944880 -0.91338581 0.00787402
vn -0.25984251 -0.96062994 -0.10236220
vn -0.33070865 -0.89763778 0.29921260
vn -0.41732284 -0.91338581 0.03937008
vn -0.76377952 -0.54330707 0.34645671
vn -0.30708662 -0.85826772 0.40944880
vn 0.16535433 0.33070865 0.92913383
vn 0.36220473 0.81889760 0.44881889
vn -0.14960630 0.46456692 0.87401575
vn -0.36220473 -0.30708662 0.88188976
vn -0.05511811 0.97637796 0.19685039
vn -0.25196850 0.96062994 0.09448819
vn -0.57480317 0.43307087 0.69291341
vn -0.19685039 -0.85826772 0.46456692
vn -0.14173228 -0.79527557 0.59055120
vn -0.46456692 -0.21259843 0.85826772
vn -0.48818898 0.70866144 0.50393701
vn -0.35433072 0.92913383 0.11023622
vn -0.34645671 0.92913383 0.12598425
vn -0.28346455 0.95275593 0.07874016
vn -0.08661418 -0.86614174 0.49606299
vn 0.94488192 0.31496063 0.03937008
vn 0.63779527 0.70866144 -0.31496063
vn 0.53543305 -0.82677168 0.17322835
vn 0.85039371 0.44881889 -0.28346455
vn 0.82677168 0.47244096 0.29921260
vn 0.96850395 0.23622048 0.01574803
vn 0.87401575 0.39370078 -0.27559054
vn 0.63779527 -0.26771653 0.71653545
vn 0.38582677 0.89763778 -0.22047244
vn 0.29133859 0.86614174 -0.40944880
vn 0.50393701 0.85039371 -0.15748031
vn 0.54330707 0.79527557 -0.26771653
vn 0.27559054 0.89763778 -0.33858266
vn -0.12598425 0.80314958 -0.59055120
vn 0.13385826 0.75590551 -0.63779527
vn 0.33070865 0.59055120 -0.74015749
vn 0.38582677 0.66929132 -0.63779527
vn 0.58267719 0.65354329 -0.48031497
vn 0.33070865 0.57480317 -0.74803150
vn 0.36220473 0.68503934 -0.62992126
vn 0.15748031 0.51181102 -0.84251970
vn 0.56692910 0.54330707 -0.61417323
vn -0.37795275 0.48031497 -0.79527557
vn 0.39370078 0.66929132 -0.62992126
vn 0.44094488 0.70078743 -0.56692910
vn -0.44881889 0.60629922 0.66141731
vn 0.29133859 0.74015749 -0.60629922
vn -0.27559054 -0.28346455 0.92125982
vn -0.48031497 -0.78740156 0.39370078
vn -0.42519686 -0.81889760 0.37795275
vn -0.37795275 -0.82677168 0.41732284
vn -0.32283464 -0.87401575 0.36220473
vn -0.59055120 -0.79527557 0.12598425
vn -0.37007874 -0.88188976 0.28346455
vn -0.41732284 -0.85826772 0.29133859
vn -0.29133859 -0.87401575 0.39370078
vn -0.49606299 -0.83464569 0.24409449
vn -0.04724409 0.89763778 -0.44094488
vn 0.00787402 0.90551180 -0.43307087
vn -0.03937008 0.58267719 -0.81102359
vn -0.18897638 0.81889760 -0.54330707
vn -0.44094488 0.56692910 -0.69291341
vn 0.29921260 -0.63779527 0.70866144
vn 0.03937008 0.10236220 0.99212599
vn -0.73228347 0.48818898 0.48031497
vn 0.47244096 -0.85039371 0.24409449
vn 0.55118108 -0.82677168 0.07086614
vn 0.35433072 -0.92125982 -0.13385826
vn -0.30708662 0.86614174 0.39370078
vn -0.48031497 0.77952754 0.40157479
vn 0.22834645 0.11811024 0.96850395
vn 0.03937008 0.92913383 0.36220473
vn 0.53543305 -0.76377952 0.34645671
vn -0.11023622 0.99212599 0.07086614
vn 0.27559054 -0.86614174 0.41732284
vn 0.28346455 -0.90551180 0.30708662
vn 0.40944880 -0.90551180 -0.11811024
vn 0.21259843 -0.97637796 -0.03149606
vn 0.18110237 -0.98425198 0.06299213
vn -0.08661418 -0.99212599 0.04724409
vn -0.13385826 -0.98425198 0.12598425
vn -0.10236220 -0.93700784 -0.34645671
vn -0.26771653 -0.89763778 -0.35433072
vn -0.18897638 -0.77165353 -0.60629922
vn -0.26771653 -0.96062994 0.10236220
vn -0.18897638 -0.98425198 0.02362205
vn -0.25984251 -0.96062994 0.11811024
vn -0.04724409 -0.97637796 0.22047244
vn 0.03149606 -0.89763778 0.44094488
vn -0.14173228 -0.89763778 0.42519686
vn 0.06299213 -0.87401575 0.48818898
vn 0.53543305 0.32283464 0.77952754
vn 0.09448819 -0.88976377 0.45669290
vn 0.47244096 0.42519686 0.77165353
vn 0.12598425 -0.85039371 0.50393701
vn 0.20472440 0.92125982 0.32283464
vn 0.18110237 0.95275593 0.25984251
vn 0.29921260 0.94488192 0.13385826
vn 0.37795275 0.91338581 0.11811024
vn 0.33858266 0.92913383 -0.14960630
vn 0.07874016 1.00000000 -0.02362205
vn 0.14173228 0.99212599 0.02362205
vn 0.34645671 0.93700784 -0.03149606
vn 0.23622048 0.96062994 -0.14173228
vn 0.08661418 0.94488192 -0.30708662
vn -0.03149606 0.96850395 -0.25196850
vn 0.06299213 1.00000000 -0.02362205
vn -0.03149606 0.97637796 0.20472440
vn 0.02362205 0.99212599 -0.09448819
vn -0.18110237 0.98425198 0.07086614
vn -0.01574803 0.98425198 -0.18110237
vn -0.28346455 0.05511811 0.96062994
vn -0.13385826 -0.41732284 0.89763778
vn 0.57480317 -0.57480317 0.57480317
vn -0.88188976 0.37795275 0.28346455
vn 0.48031497 -0.37007874 0.79527557
vn 0.78740156 -0.62204725 0.03937008
vn 0.77952754 -0.61417323 0.13385826
vn 0.54330707 -0.81889760 -0.19685039
vn 0.76377952 -0.58267719 -0.28346455
vn 0.34645671 -0.65354329 -0.67716533
vn 0.51181102 -0.65354329 -0.55905509
vn 0.52755904 -0.82677168 -0.18110237
vn 0.19685039 -0.81889760 -0.53543305
vn 0.38582677 -0.92125982 -0.07086614
vn 0.16535433 -0.87401575 -0.45669290
vn -0.55905509 0.07874016 -0.82677168
vn -0.65354329 0.13385826 -0.74803150
vn -0.40157479 0.07086614 -0.91338581
vn 0.22047244 -0.88976377 -0.40157479
vn -0.75590551 0.62204725 0.21259843
vn -0.48031497 0.87401575 0.07086614
vn -0.43307087 0.89763778 0.12598425
vn -0.62204725 0.72440946 0.28346455
vn -0.36220473 0.87401575 0.32283464
vn -0.50393701 0.78740156 0.36220473
vn -0.45669290 0.87401575 0.14960630
vn -0.55118108 0.83464569 0.01574803
vn -0.23622048 0.96062994 -0.15748031
vn -0.09448819 0.93700784 -0.33070865
vn -0.59842521 0.77952754 -0.18110237
vn -0.73228347 0.67716533 0.00000000
vn -0.77165353 0.45669290 0.44094488
vn -0.66929132 -0.19685039 -0.71653545
vn -0.48818898 -0.27559054 -0.82677168
vn -0.97637796 0.22834645 -0.00787402
vn -0.79527557 0.43307087 0.41732284
vn -0.59842521 -0.48818898 -0.63779527
vn -0.77952754 0.46456692 0.42519686
vn -0.89763778 0.25984251 0.35433072
vn -0.87401575 0.46456692 0.16535433
vn -0.56692910 0.80314958 0.20472440
vn -0.58267719 -0.17322835 0.79527557
vn -0.74803150 -0.09448819 0.66141731
vn 0.00000000 -0.88976377 0.44881889
vn -0.05511811 -0.87401575 0.48031497
vn -0.77952754 0.59055120 0.19685039
vn -0.75590551 0.50393701 0.41732284
vn -0.52755904 0.84251970 0.13385826
vn -0.72440946 0.51181102 0.45669290
vn 0.15748031 -0.46456692 0.87401575
vn 0.32283464 0.18110237 0.92913383
vn -0.27559054 0.92125982 0.28346455
vn 0.88188976 -0.47244096 -0.04724409
vn 0.50393701 -0.55118108 0.66929132
vn -0.22834645 -0.62992126 0.74015749
vn 0.51181102 0.42519686 -0.74803150
vn 0.05511811 -0.57480317 0.81889760
vn -0.03149606 0.48031497 -0.88188976
vn 0.52755904 -0.12598425 0.84251970
vn -0.47244096 -0.23622048 0.85039371
vn 0.60629922 -0.57480317 0.55118108
vn 0.58267719 0.38582677 -0.70866144
vn 0.92913383 0.20472440 0.31496063
vn 0.59055120 -0.55905509 0.58267719
vn 0.69291341 -0.45669290 0.55905509
vn 0.62992126 0.39370078 -0.66929132
vn 0.18897638 -0.25984251 0.94488192
vn 0.63779527 -0.40157479 0.65354329
vn -0.29921260 -0.81102359 0.50393701
vn 0.40157479 0.37795275 -0.83464569
vn 0.48818898 0.34645671 -0.80314958
vn 0.54330707 0.29921260 -0.78740156
vn 0.49606299 0.29133859 -0.81102359
vn 0.96062994 -0.14173228 -0.24409449
vn -0.73228347 -0.35433072 0.57480317
vn -0.70866144 0.42519686 -0.55905509
vn -0.29921260 0.44094488 -0.84251970
vn -0.46456692 0.31496063 -0.82677168
vn -0.18897638 0.39370078 -0.89763778
vn -0.30708662 0.35433072 -0.88188976
vn -0.36220473 0.41732284 -0.83464569
vn -0.27559054 0.21259843 -0.93700784
vn -0.42519686 0.28346455 -0.85826772
vn -0.70866144 0.28346455 -0.64566928
vn -0.27559054 -0.49606299 0.82677168
vn 0.27559054 -0.51181102 0.81102359
vn 0.25984251 -0.45669290 0.85039371
vn 0.34645671 -0.53543305 0.77165353
vn 0.06299213 0.33070865 0.94488192
vn -0.66929132 -0.74015749 0.05511811
vn -0.86614174 -0.41732284 -0.28346455
vn -0.94488192 -0.12598425 -0.29921260
vn -0.71653545 -0.57480317 0.40157479
vn 0.36220473 0.91338581 -0.17322835
vn -0.34645671 -0.83464569 0.42519686
vn -0.59842521 -0.58267719 0.55118108
vn -0.75590551 -0.03149606 -0.66141731
vn -0.80314958 0.09448819 -0.59055120
vn -0.93700784 -0.30708662 0.18110237
vn -0.70866144 -0.69291341 0.12598425
vn -0.51181102 0.39370078 -0.76377952
vn -0.66141731 0.37007874 -0.65354329
vn -0.35433072 -0.31496063 0.88188976
vn -0.56692910 -0.18897638 0.80314958
vn -0.77952754 -0.25196850 0.56692910
vn -0.48031497 0.00787402 0.87401575
vn 0.44881889 -0.08661418 0.88976377
vn 0.19685039 -0.66141731 0.71653545
vn 0.41732284 0.90551180 0.06299213
vn 0.84251970 0.07874016 0.52755904
vn 0.03937008 -0.82677168 0.55905509
vn -0.03937008 -0.90551180 0.42519686
vn -0.34645671 -0.90551180 0.25196850
vn 0.59055120 -0.31496063 0.74803150
vn -0.45669290 -0.59842521 0.65354329
vn 0.76377952 0.06299213 0.64566928
vn 0.39370078 -0.21259843 0.89763778
vn -0.75590551 -0.62992126 0.17322835
vn -0.44094488 -0.88976377 -0.11023622
vn -0.69291341 -0.62992126 0.34645671
vn -0.74803150 -0.59842521 -0.26771653
vn -0.24409449 -0.62992126 -0.74015749
vn 0.11023622 -0.02362205 -0.99212599
vn -0.70866144 -0.58267719 -0.39370078
vn -0.05511811 -0.13385826 -0.99212599
vn -0.66141731 -0.39370078 -0.63779527
vn -0.83464569 -0.52755904 0.15748031
vn -0.21259843 -0.96062994 -0.17322835
vn -0.84251970 -0.35433072 -0.40157479
vn 0.40944880 -0.83464569 -0.36220473
vn 0.36220473 -0.92913383 -0.07874016
vn 0.03937008 0.59842521 -0.80314958
vn 0.10236220 0.46456692 -0.88188976
vn 0.44094488 0.26771653 -0.85826772
vn 0.56692910 -0.82677168 0.00787402
vn 0.70078743 0.14173228 -0.70078743
vn -0.29921260 0.66141731 -0.68503934
vn -0.03149606 0.33858266 -0.93700784
vn -0.62992126 0.77165353 0.08661418
vn -0.50393701 0.69291341 -0.51181102
vn -0.42519686 0.54330707 -0.71653545
vn -0.70078743 0.70866144 -0.07874016
vn 0.33070865 0.93700784 -0.07874016
vn 0.35433072 0.92913383 -0.07086614
vn 0.71653545 0.69291341 0.11811024
vn 0.29921260 0.95275593 -0.07874016
vn 0.62204725 0.76377952 -0.17322835
vn 0.88188976 0.30708662 0.35433072
vn 0.36220473 0.92125982 -0.14960630
vn 0.33070865 0.88976377 -0.31496063
vn 0.86614174 0.49606299 -0.10236220
vn -0.92913383 -0.00787402 0.37795275
vn 0.44094488 0.79527557 -0.40944880
vn 0.59842521 0.44094488 -0.66929132
vn 0.59055120 0.44094488 -0.67716533
vn -0.74803150 0.19685039 -0.62992126
vn 0.09448819 0.11023622 -0.99212599
vn -0.29133859 -0.88188976 -0.37007874
vn 0.22047244 0.62204725 -0.74803150
vn -0.32283464 -0.67716533 -0.66141731
vn -0.25984251 -0.70866144 -0.65354329
vn -0.17322835 -0.70866144 -0.67716533
vn -0.33070865 -0.89763778 -0.28346455
vn -0.26771653 -0.96062994 0.09448819
vn -0.34645671 -0.92913383 0.11023622
vn 0.35433072 -0.46456692 0.81102359
vn -0.33858266 0.69291341 0.62992126
vn -0.04724409 -0.43307087 0.89763778
vn -0.28346455 0.74803150 0.59842521
vn 0.26771653 -0.83464569 0.48818898
vn 0.45669290 -0.86614174 0.22047244
vn 0.30708662 0.11023622 0.94488192
vn -0.09448819 0.81102359 0.57480317
vn 0.40944880 -0.88976377 0.21259843
vn 0.41732284 -0.91338581 0.00787402
vn 0.37007874 -0.92913383 0.04724409
vn -0.15748031 0.75590551 0.63779527
vn -0.14173228 0.78740156 0.60629922
vn -0.18897638 0.93700784 0.29921260
vn 0.28346455 -0.40944880 0.86614174
vn 0.09448819 0.97637796 0.17322835
vn 0.12598425 -0.97637796 0.18110237
vn 0.37795275 0.77952754 0.49606299
vn 0.07874016 -0.95275593 0.30708662
vn 0.62204725 -0.11811024 0.77165353
vn 0.12598425 -0.96850395 0.21259843
vn -0.00787402 -1.00000000 0.03149606
vn -0.08661418 -0.96062994 0.25984251
vn 0.30708662 0.93700784 0.18897638
vn -0.00787402 0.99212599 -0.12598425
vn 0.48031497 0.80314958 0.35433072
vn 0.84251970 0.31496063 0.44094488
vn -0.20472440 -0.84251970 0.49606299
vn -0.27559054 -0.66929132 0.69291341
vn 0.48818898 0.85826772 -0.15748031
vn 0.18110237 0.97637796 -0.10236220
vn -0.22834645 -0.77952754 0.58267719
vn 0.51181102 0.84251970 -0.15748031
vn 0.50393701 0.84251970 -0.18110237
vn -0.01574803 -0.69291341 0.72440946
vn 0.61417323 0.42519686 -0.66929132
vn 0.06299213 -0.74015749 0.66929132
vn 0.95275593 0.06299213 0.30708662
vn 0.13385826 -0.99212599 -0.04724409
vn -0.40157479 -0.81889760 -0.40157479
vn -0.42519686 -0.88976377 0.18897638
vn -0.12598425 -0.78740156 0.60629922
vn -0.37007874 -0.91338581 0.14960630
vn 0.00000000 -0.59842521 0.79527557
vn -0.35433072 0.91338581 0.20472440
vn -0.24409449 0.91338581 0.32283464
vn -0.35433072 0.92125982 -0.15748031
vn -0.59842521 0.78740156 0.12598425
vn -0.44094488 0.88976377 -0.14173228
vn -0.33858266 0.93700784 -0.05511811
vn -0.60629922 0.79527557 -0.04724409
vn -0.42519686 0.90551180 0.01574803
vn -0.33070865 0.93700784 0.09448819
vn -0.53543305 0.81102359 -0.25196850
vn -0.59055120 0.80314958 0.05511811
vn -0.62204725 0.38582677 -0.68503934
vn -0.41732284 0.65354329 -0.62992126
vn -0.73228347 0.58267719 -0.35433072
vn -0.74015749 0.48031497 -0.46456692
vn -0.75590551 0.55118108 -0.35433072
vn -0.43307087 0.78740156 -0.43307087
vn 0.02362205 0.13385826 -0.99212599
vn 0.66929132 -0.07874016 -0.74015749
vn 0.85826772 0.50393701 -0.02362205
vn -0.70866144 0.70078743 0.02362205
vn -0.66929132 0.73228347 -0.11811024
vn 0.98425198 -0.15748031 -0.08661418
vn 0.90551180 -0.42519686 -0.07086614
vn 0.92913383 -0.36220473 -0.03937008
vn 0.20472440 -0.94488192 0.24409449
vn 0.29133859 -0.80314958 0.51968503
vn 0.44094488 -0.86614174 0.23622048
vn 0.74803150 -0.48818898 0.44881889
vn -0.12598425 -0.53543305 0.83464569
vn 0.26771653 -0.46456692 0.85039371
vn 0.51968503 -0.41732284 0.74803150
vn 0.05511811 -0.29133859 0.95275593
vn 0.26771653 -0.33070865 0.90551180
vn -0.14960630 -0.36220473 0.92125982
vn 0.03149606 -0.25984251 0.96062994
vn -0.33070865 -0.30708662 0.89763778
vn -0.48031497 -0.55118108 0.68503934
vn -0.81102359 -0.48818898 0.32283464
vn -0.80314958 0.33858266 0.48818898
vn -0.84251970 0.11023622 0.52755904
vn -0.40944880 -0.58267719 0.70078743
vn -0.26771653 -0.80314958 0.52755904
vn -0.22834645 -0.61417323 0.75590551
vn -0.40944880 -0.83464569 0.36220473
vn -0.35433072 -0.89763778 0.25196850
vn -0.53543305 -0.84251970 -0.07086614
vn -0.51968503 -0.77165353 0.37007874
vn -0.69291341 -0.67716533 0.25984251
vn -0.37795275 -0.92125982 0.03937008
vn -0.95275593 -0.25984251 0.15748031
vn -0.66929132 -0.74015749 0.03937008
vn -0.50393701 -0.85826772 -0.11023622
vn -0.88188976 -0.21259843 -0.41732284
vn -0.67716533 -0.65354329 -0.33070865
vn -0.88976377 -0.25984251 -0.36220473
vn -0.41732284 -0.91338581 -0.01574803
vn -0.56692910 -0.81889760 -0.08661418
vn -0.59055120 -0.77165353 0.22047244
vn -0.37795275 -0.90551180 -0.20472440
vn -0.54330707 -0.82677168 -0.12598425
vn -0.51968503 -0.85039371 -0.07874016
vn -0.47244096 -0.85039371 -0.22834645
vn -0.55118108 -0.81102359 0.20472440
vn -0.48818898 -0.86614174 -0.06299213
vn -0.48031497 -0.86614174 0.16535433
vn 0.23622048 -0.96062994 0.15748031
vn 0.33858266 -0.91338581 -0.21259843
vn 0.29921260 -0.88976377 -0.35433072
vn 0.06299213 0.18897638 -0.97637796
vn -0.14960630 0.24409449 -0.96062994
vn 0.21259843 -0.10236220 -0.96850395
vn -0.14960630 0.22047244 -0.96062994
vn 0.11811024 0.38582677 -0.91338581
vn 0.34645671 -0.22834645 -0.90551180
vn -0.08661418 0.76377952 -0.63779527
vn 0.51181102 -0.85039371 0.08661418
vn 0.00000000 0.69291341 -0.71653545
vn 0.54330707 -0.81889760 0.16535433
vn 0.40157479 -0.90551180 0.14960630
vn 0.47244096 -0.85039371 -0.24409449
vn -0.07086614 0.76377952 -0.64566928
vn 0.35433072 0.82677168 -0.44094488
vn 0.37795275 -0.91338581 -0.13385826
vn 0.53543305 -0.80314958 0.26771653
vn 0.37795275 -0.92913383 0.03937008
vn 0.40157479 -0.91338581 -0.00787402
vn 0.46456692 -0.86614174 -0.17322835
vn 0.33858266 -0.88976377 -0.29921260
vn 0.21259843 -0.93700784 -0.27559054
vn -0.03937008 0.07874016 0.99212599
vn 0.40944880 0.74015749 0.53543305
vn -0.33070865 -0.46456692 0.81889760
vn 0.35433072 0.74803150 0.55905509
vn 0.38582677 0.74015749 0.55118108
vn 0.61417323 0.77165353 0.14173228
vn 0.43307087 0.85039371 0.29133859
vn 0.44094488 0.88188976 -0.16535433
vn 0.44094488 0.87401575 0.22047244
vn 0.40944880 0.89763778 -0.18110237
vn 0.10236220 0.88976377 0.44881889
vn 0.17322835 0.96062994 0.22834645
vn -0.29133859 -0.43307087 0.85039371
vn -0.48818898 -0.77952754 0.39370078
vn -0.27559054 -0.92125982 0.26771653
vn -0.47244096 -0.88188976 0.05511811
vn -0.52755904 -0.82677168 0.20472440
vn 0.29133859 -0.85826772 0.43307087
vn -0.00787402 0.98425198 -0.16535433
vn -0.17322835 0.76377952 0.62204725
vn 0.30708662 -0.92913383 0.21259843
vn 0.40944880 -0.82677168 0.38582677
vn 0.65354329 -0.74015749 0.16535433
vn 0.43307087 -0.88976377 -0.14173228
vn 0.82677168 -0.54330707 -0.13385826
vn 0.88188976 -0.43307087 -0.18897638
vn 0.61417323 -0.41732284 -0.66929132
vn 0.52755904 -0.46456692 -0.71653545
vn 0.18897638 -0.29921260 -0.93700784
vn 0.26771653 -0.89763778 -0.33858266
vn 0.18110237 0.03937008 -0.98425198
vn 0.34645671 -0.01574803 -0.93700784
vn 0.23622048 0.31496063 -0.92125982
vn 0.74803150 -0.22834645 -0.62992126
vn 0.89763778 -0.28346455 -0.34645671
vn 0.73228347 -0.62992126 -0.25984251
vn 0.79527557 -0.33070865 -0.51181102
vn 0.91338581 -0.08661418 -0.40157479
vn 0.02362205 0.52755904 0.85039371
vn 0.91338581 -0.22047244 -0.33858266
vn 0.90551180 -0.26771653 -0.32283464
vn 0.65354329 -0.27559054 -0.70078743
vn -0.74015749 0.62204725 -0.24409449
vn 0.36220473 -0.25196850 -0.89763778
vn 0.46456692 -0.28346455 -0.83464569
vn 0.47244096 -0.71653545 -0.51181102
vn 0.28346455 -0.63779527 -0.71653545
vn -0.04724409 -0.92913383 0.37795275
vn -0.15748031 0.89763778 0.40157479
vn -0.10236220 0.97637796 0.20472440
vn -0.19685039 -0.88976377 0.41732284
vn -0.09448819 -0.97637796 0.20472440
vn -0.42519686 0.75590551 0.49606299
vn -0.51968503 -0.69291341 0.50393701
vn -0.04724409 -1.00000000 -0.02362205
vn -0.35433072 0.91338581 0.21259843
vn 0.07086614 -0.98425198 0.17322835
vn 0.20472440 -0.96062994 0.16535433
vn 0.12598425 -0.99212599 0.01574803
vn -0.20472440 -0.85039371 0.48818898
vn 0.00000000 -0.74015749 0.66929132
vn -0.64566928 0.69291341 0.33070865
vn -0.55905509 0.82677168 0.03937008
vn -0.40944880 -0.53543305 0.74015749
vn -0.28346455 -0.93700784 -0.19685039
vn -0.24409449 -0.96850395 0.01574803
vn -0.04724409 -1.00000000 0.07086614
vn -0.22047244 -0.96850395 0.12598425
vn -0.29921260 -0.92913383 -0.22047244
vn -0.47244096 -0.86614174 -0.16535433
vn -0.43307087 -0.82677168 -0.36220473
vn -0.08661418 0.49606299 -0.86614174
vn -0.82677168 0.28346455 -0.48818898
vn -0.42519686 0.29921260 -0.85039371
vn -0.85826772 0.51181102 -0.05511811
vn -0.88188976 0.44881889 -0.14173228
vn -0.22834645 0.28346455 -0.92913383
vn -0.66929132 0.38582677 -0.63779527
vn -0.87401575 0.29921260 -0.37795275
vn -0.82677168 0.36220473 -0.43307087
vn -0.48818898 0.33070865 -0.81102359
vn -0.93700784 0.35433072 0.04724409
vn -0.94488192 0.31496063 0.07086614
vn -0.75590551 0.22834645 -0.61417323
vn -0.28346455 0.25196850 -0.92125982
vn 0.05511811 0.08661418 -0.99212599
vn 0.17322835 0.24409449 -0.95275593
vn 0.22834645 0.26771653 -0.93700784
vn 0.37007874 0.20472440 -0.90551180
vn 0.81102359 0.19685039 -0.54330707
vn 0.36220473 0.29133859 -0.88188976
vn 0.71653545 0.26771653 -0.64566928
vn 0.96850395 0.25196850 -0.08661418
vn 0.79527557 0.31496063 -0.51968503
vn 0.70866144 0.57480317 -0.40944880
vn 0.74803150 0.64566928 0.17322835
vn 0.66929132 0.73228347 0.11023622
vn 0.79527557 0.55905509 0.22047244
vn 0.92913383 0.37795275 0.05511811
vn 0.96062994 0.25196850 -0.10236220
vn 0.82677168 0.54330707 0.11811024
vn 0.69291341 0.70866144 0.11023622
vn 0.69291341 0.72440946 -0.00787402
vn 0.53543305 0.83464569 -0.14960630
vn 0.49606299 0.87401575 0.00000000
vn 0.55905509 0.79527557 0.22047244
vn 0.42519686 0.90551180 0.04724409
vn 0.40944880 0.88976377 0.21259843
vn 0.40944880 0.88976377 0.19685039
vn 0.48031497 0.85039371 -0.21259843
vn -0.12598425 -0.88976377 -0.44094488
vn 0.06299213 -0.95275593 0.28346455
vn -0.47244096 -0.81889760 -0.33070865
vn 0.99212599 -0.12598425 0.04724409
vn -0.67716533 -0.71653545 -0.16535433
vn 0.23622048 -0.88976377 -0.39370078
vn 0.92913383 -0.33858266 -0.15748031
vn 0.78740156 -0.37795275 0.48818898
vn -0.80314958 0.57480317 -0.14960630
vn -0.88188976 0.37007874 0.29921260
vn -0.79527557 0.21259843 0.56692910
vn -0.67716533 0.22047244 0.70866144
vn -0.72440946 0.20472440 0.66141731
vn -0.89763778 0.21259843 0.39370078
vn -0.85039371 0.23622048 0.47244096
vn -0.94488192 0.22047244 0.24409449
vn -0.95275593 0.22047244 0.18897638
vn -0.57480317 0.28346455 0.77165353
vn -0.72440946 0.27559054 0.62992126
vn 0.18110237 0.42519686 0.88188976
vn -0.70866144 0.27559054 0.64566928
vn 0.05511811 0.24409449 0.96850395
vn -0.96062994 0.10236220 0.26771653
vn -0.34645671 0.25984251 0.89763778
vn 0.15748031 0.98425198 -0.11023622
vn -0.00787402 1.00000000 0.00000000
vn -0.01574803 1.00000000 -0.00787402
vn -0.37007874 0.92913383 -0.00787402
vn -0.42519686 0.89763778 -0.07874016
vn -0.00787402 1.00000000 0.00787402
vn -0.08661418 0.99212599 -0.07874016
vn 0.07086614 1.00000000 -0.01574803
vn 0.28346455 0.96062994 -0.06299213
vn 0.16535433 0.97637796 0.14173228
vn 0.40157479 0.91338581 0.03149606
vn -0.00787402 1.00000000 0.02362205
vn 0.37795275 0.90551180 0.18897638
vn 0.15748031 0.98425198 -0.01574803
vn 0.44881889 0.89763778 -0.01574803
vn 0.36220473 0.77165353 -0.51968503
vn -0.04724409 0.96850395 -0.25984251
vn -0.03937008 0.88976377 -0.45669290
vn -0.07086614 -0.40157479 -0.91338581
vn -0.22047244 0.06299213 -0.97637796
vn -0.35433072 0.70078743 -0.62204725
vn -0.05511811 0.97637796 -0.21259843
vn -0.27559054 0.95275593 -0.09448819
vn -0.64566928 0.37795275 0.66929132
vn -0.43307087 0.23622048 0.86614174
vn -0.66141731 0.23622048 0.71653545
vn -0.62204725 0.21259843 0.74803150
vn -0.79527557 0.34645671 0.49606299
vn 0.40157479 -0.31496063 0.85826772
vn -0.69291341 0.44094488 0.57480317
vn -0.75590551 0.25984251 0.59842521
vn -0.74803150 0.25196850 0.61417323
vn 0.88976377 -0.45669290 -0.03937008
vn 0.74803150 -0.44094488 -0.48818898
vn 0.68503934 -0.66141731 -0.30708662
vn 0.75590551 -0.39370078 -0.51968503
vn 0.86614174 -0.37795275 -0.32283464
vn 0.53543305 -0.44881889 -0.71653545
vn 0.72440946 -0.50393701 -0.46456692
vn 0.53543305 -0.69291341 -0.48031497
vn -0.29921260 -0.45669290 -0.84251970
vn 0.62992126 -0.68503934 -0.36220473
vn 0.19685039 -0.85039371 -0.48031497
vn 0.23622048 -0.76377952 -0.60629922
vn 0.48031497 -0.66141731 -0.57480317
vn 0.81102359 -0.56692910 -0.15748031
vn 0.60629922 -0.62204725 -0.48818898
vn 0.49606299 -0.74015749 -0.45669290
vn 0.64566928 -0.67716533 -0.34645671
vn 0.62204725 -0.77952754 -0.01574803
vn 0.73228347 -0.53543305 0.40944880
vn 0.69291341 0.07874016 0.71653545
vn -0.09448819 0.49606299 0.86614174
vn -0.23622048 0.37007874 0.89763778
vn -0.02362205 0.57480317 0.81889760
vn -0.08661418 0.72440946 0.68503934
vn -0.44881889 0.77952754 0.44094488
vn -0.51968503 0.59842521 0.61417323
vn -0.44094488 0.66929132 0.59842521
vn -0.72440946 0.50393701 0.47244096
vn -0.74015749 0.63779527 0.22047244
vn -0.64566928 0.72440946 0.24409449
vn -0.54330707 0.71653545 0.42519686
vn -0.68503934 0.61417323 0.38582677
vn -0.38582677 0.71653545 0.57480317
vn -0.38582677 0.77165353 0.50393701
vn -0.39370078 0.62992126 0.66141731
vn -0.79527557 0.59055120 0.14960630
vn -0.72440946 0.67716533 0.14173228
vn -0.80314958 0.51181102 0.30708662
vn -0.95275593 0.29133859 -0.07874016
vn -0.77165353 0.41732284 0.48031497
vn -0.93700784 0.34645671 -0.07874016
vn -0.96850395 0.10236220 0.22834645
vn -0.96850395 0.20472440 0.11811024
vn -0.18897638 0.73228347 -0.65354329
vn -0.14960630 -0.81102359 -0.56692910
vn -0.67716533 0.40157479 0.62204725
vn -0.95275593 0.11023622 0.27559054
vn -0.54330707 0.52755904 0.65354329
vn 0.95275593 0.24409449 0.16535433
vn 0.95275593 0.24409449 0.18110237
vn 0.92913383 0.24409449 0.28346455
vn 0.66929132 0.25196850 0.70078743
vn 0.59842521 0.30708662 0.73228347
vn 0.48031497 0.32283464 0.81889760
vn 0.92913383 0.37007874 0.07086614
vn 0.37795275 -0.74803150 0.54330707
vn 0.01574803 -0.44094488 0.89763778
vn 0.18897638 0.22834645 0.95275593
vn 0.23622048 0.22834645 0.94488192
vn 0.15748031 0.23622048 0.96062994
vn 0.08661418 0.34645671 0.92913383
vn 0.77165353 -0.24409449 -0.59055120
vn -0.46456692 -0.86614174 -0.18110237
vn -0.50393701 -0.73228347 0.44881889
vn 0.72440946 -0.51181102 0.45669290
vn 0.84251970 -0.42519686 0.32283464
vn 0.85039371 -0.51968503 0.03149606
vn -0.18110237 -0.98425198 0.04724409
vn -0.00787402 -0.77952754 0.62992126
vn 0.27559054 -0.94488192 -0.18897638
vn 0.31496063 -0.76377952 -0.55905509
vn -0.27559054 0.41732284 -0.86614174
vn -0.32283464 0.48031497 -0.81889760
vn -0.21259843 0.48818898 -0.84251970
vn -0.96850395 0.14960630 0.18110237
vn -0.22047244 0.96062994 -0.18897638
vn -0.31496063 0.94488192 -0.07874016
vn -0.13385826 0.99212599 -0.02362205
vn -0.29133859 0.95275593 0.09448819
vn -0.44094488 0.81102359 -0.37795275
vn -0.02362205 0.99212599 -0.10236220
vn -0.07874016 1.00000000 0.00000000
vn -0.40944880 0.81889760 -0.40157479
vn -0.49606299 0.62992126 -0.59842521
vn 0.33858266 -0.82677168 -0.44881889
vn 0.41732284 -0.90551180 -0.11023622
vn 0.10236220 -0.74015749 -0.66141731
vn 0.41732284 -0.88188976 0.23622048
vn -0.09448819 -0.15748031 -0.98425198
vn 0.20472440 -0.96850395 -0.14960630
vn 0.26771653 -0.94488192 0.17322835
vn 0.09448819 -0.99212599 0.07874016
vn 0.02362205 -0.99212599 0.13385826
vn -0.00787402 -0.99212599 -0.10236220
vn -0.15748031 -0.98425198 0.07874016
vn 0.19685039 -0.96850395 -0.14173228
vn -0.63779527 -0.70078743 -0.31496063
vn -0.29921260 -0.78740156 -0.53543305
vn -0.29133859 -0.95275593 -0.02362205
vn -0.33858266 -0.62204725 -0.70866144
vn 0.53543305 0.79527557 -0.26771653
vn 0.22047244 -0.70866144 -0.66929132
vn 0.04724409 -0.81889760 -0.57480317
vn 0.51181102 0.68503934 -0.51968503
vn 0.14960630 0.73228347 -0.66141731
vn 0.20472440 0.88976377 -0.40157479
vn 0.44094488 0.88976377 -0.10236220
vn 0.02362205 0.95275593 -0.30708662
vn 0.03149606 1.00000000 -0.07874016
vn 0.47244096 0.85826772 -0.20472440
vn 0.29921260 -0.92913383 0.19685039
vn 0.90551180 -0.42519686 0.04724409
vn 0.79527557 -0.58267719 -0.14960630
vn 0.33070865 -0.93700784 0.08661418
vn 0.17322835 -0.98425198 0.02362205
vn 0.22047244 -0.97637796 -0.04724409
vn 0.22834645 -0.96062994 -0.15748031
vn 0.24409449 -0.96062994 -0.14173228
vn 0.21259843 -0.94488192 -0.23622048
vn 0.34645671 -0.93700784 -0.09448819
vn 0.13385826 -0.96850395 -0.21259843
vn 0.07086614 -0.96850395 -0.24409449
vn 0.11023622 -0.96062994 -0.26771653
vn 0.23622048 -0.74803150 0.62204725
vn 0.15748031 -0.92125982 0.35433072
vn 0.29133859 -0.77165353 0.56692910
vn -0.30708662 -0.82677168 0.47244096
vn -0.48031497 -0.65354329 -0.59055120
vn -0.92913383 -0.33070865 0.15748031
vn 0.49606299 -0.48818898 -0.71653545
vn -0.91338581 -0.36220473 -0.19685039
vn -0.27559054 -0.51181102 -0.81102359
vn 0.21259843 -0.48818898 -0.85039371
vn -0.56692910 -0.36220473 -0.74015749
vn -0.10236220 -0.59055120 -0.80314958
vn 0.54330707 -0.36220473 -0.76377952
vn 0.21259843 -0.74015749 -0.63779527
vn 0.43307087 -0.30708662 -0.85039371
vn 0.41732284 -0.52755904 -0.74015749
vn -0.24409449 -0.43307087 -0.86614174
vn -0.43307087 -0.33070865 -0.84251970
vn -0.08661418 -0.45669290 -0.88188976
vn -0.18110237 -0.43307087 -0.88188976
vn 0.65354329 -0.66929132 -0.35433072
vn -0.74803150 0.62992126 0.18897638
vn 0.48818898 -0.62204725 -0.61417323
vn 0.03149606 -0.66141731 -0.74803150
vn -0.56692910 -0.53543305 -0.62992126
vn 0.37007874 -0.65354329 -0.66141731
vn 0.74803150 0.22834645 0.62204725
vn 0.55118108 -0.76377952 -0.33070865
vn 0.19685039 -0.88188976 -0.43307087
vn -0.18110237 -0.90551180 -0.37795275
vn -0.40944880 -0.62204725 -0.66929132
vn -0.38582677 -0.55905509 -0.73228347
vn -0.43307087 -0.45669290 -0.77165353
vn -0.53543305 -0.59055120 -0.60629922
vn -0.29133859 -0.93700784 -0.18897638
vn -0.81889760 -0.55905509 -0.14173228
vn -0.69291341 -0.48031497 -0.53543305
vn -0.83464569 -0.54330707 -0.07086614
vn -0.34645671 -0.44094488 0.82677168
vn -0.37795275 -0.04724409 0.92125982
vn -0.95275593 -0.25984251 0.14960630
vn -0.85826772 -0.42519686 0.28346455
vn -0.92913383 -0.22047244 0.28346455
vn -0.84251970 -0.29133859 0.44881889
vn 0.26771653 0.37795275 0.88976377
vn 0.17322835 0.40944880 0.89763778
vn 0.47244096 0.46456692 0.74803150
vn -0.99212599 -0.00787402 0.14173228
vn -0.96850395 -0.18110237 -0.18897638
vn -0.81102359 -0.31496063 -0.49606299
vn -0.93700784 -0.21259843 -0.28346455
vn -0.90551180 -0.27559054 -0.32283464
vn -0.68503934 -0.63779527 -0.36220473
vn -0.74803150 -0.62992126 -0.18110237
vn -0.52755904 0.84251970 -0.12598425
vn -0.48031497 0.86614174 -0.12598425
vn -0.58267719 0.81102359 -0.03937008
vn -0.51181102 0.85826772 0.00000000
vn -0.59055120 0.77165353 -0.25196850
vn -0.48818898 0.86614174 -0.10236220
vn -0.51968503 0.80314958 -0.28346455
vn -0.52755904 0.79527557 -0.29921260
vn 0.11811024 -0.70078743 -0.70866144
vn -0.09448819 -0.59842521 -0.79527557
vn 0.24409449 -0.89763778 -0.36220473
vn 0.12598425 -0.92125982 0.37007874
vn 0.33858266 -0.79527557 0.51181102
vn 0.37795275 -0.92913383 0.00787402
vn 0.52755904 -0.77165353 -0.35433072
vn 0.29133859 -0.95275593 -0.09448819
vn 0.13385826 -0.98425198 -0.08661418
vn -0.04724409 -0.99212599 -0.13385826
vn -0.31496063 -0.77952754 -0.54330707
vn -0.32283464 -0.70866144 -0.62992126
vn 0.02362205 -0.95275593 -0.31496063
vn -0.13385826 -0.46456692 -0.87401575
vn -0.19685039 0.51968503 0.83464569
vn -0.25196850 0.54330707 0.80314958
vn -0.75590551 0.56692910 0.33070865
vn -0.94488192 -0.31496063 0.09448819
vn -0.45669290 0.81102359 0.37007874
vn 0.32283464 -0.74803150 0.58267719
vn -0.21259843 0.51181102 0.83464569
vn 0.55118108 -0.29921260 0.77952754
vn 0.75590551 -0.63779527 0.16535433
vn 0.74803150 -0.66141731 0.03937008
vn 0.46456692 -0.70078743 -0.53543305
vn 0.25196850 -0.94488192 -0.19685039
vn 0.02362205 -0.81889760 -0.56692910
vn 0.69291341 -0.69291341 -0.18897638
vn 0.05511811 -0.62992126 -0.77165353
vn -0.08661418 -0.52755904 -0.85039371
vn 0.80314958 -0.58267719 0.13385826
vn 0.82677168 -0.51968503 0.22834645
vn -0.08661418 -0.30708662 -0.94488192
vn -0.21259843 -0.90551180 -0.36220473
vn -0.29133859 -0.88976377 -0.36220473
vn -0.13385826 -0.89763778 -0.42519686
vn 0.42519686 -0.52755904 -0.73228347
vn 0.76377952 0.37795275 -0.51968503
vn -0.29921260 -0.64566928 -0.70078743
vn -0.29133859 -0.27559054 -0.92125982
vn -0.40944880 -0.25984251 -0.87401575
vn -0.07086614 -0.31496063 -0.94488192
vn -0.11023622 -0.87401575 -0.47244096
vn -0.38582677 -0.85039371 -0.36220473
vn 0.03149606 -0.18897638 -0.98425198
vn -0.18897638 -0.86614174 -0.45669290
vn -0.22834645 -0.88188976 -0.40944880
vn -0.22047244 -0.82677168 -0.51968503
vn -0.15748031 -0.82677168 -0.53543305
vn -0.17322835 -0.92125982 -0.35433072
vn -0.29133859 -0.79527557 -0.53543305
vn -0.14173228 -0.90551180 -0.40944880
vn 0.77165353 0.62992126 0.11811024
vn 0.63779527 0.73228347 0.24409449
vn 0.70866144 0.69291341 0.10236220
vn 0.30708662 0.59842521 0.74015749
vn 0.07874016 0.66929132 0.74015749
vn 0.16535433 0.60629922 0.77952754
vn 0.12598425 0.63779527 0.75590551
vn 0.25984251 0.66141731 0.70866144
vn -0.02362205 0.66141731 0.74803150
vn 0.73228347 0.67716533 -0.07086614
vn -0.70078743 0.44094488 0.55905509
vn -0.15748031 0.70866144 0.68503934
vn 0.70866144 -0.59055120 -0.37795275
vn 0.78740156 0.17322835 0.59842521
vn -0.13385826 0.81889760 0.56692910
vn 0.59055120 0.37007874 0.71653545
vn 0.51181102 -0.62204725 -0.59055120
vn 0.80314958 -0.55905509 -0.21259843
vn 0.83464569 -0.49606299 -0.25196850
vn 0.53543305 -0.77165353 -0.33070865
vn 0.61417323 0.29133859 0.73228347
vn 0.70078743 -0.71653545 0.06299213
vn 0.35433072 0.78740156 0.49606299
vn 0.09448819 0.99212599 0.03937008
vn 0.86614174 0.30708662 0.39370078
vn 0.48818898 -0.84251970 0.22834645
vn 0.48818898 -0.81889760 -0.29133859
vn 0.11023622 -0.99212599 0.06299213
vn 0.76377952 -0.55905509 0.33858266
vn 0.22047244 0.96850395 0.09448819
vn 0.15748031 -0.98425198 0.07086614
vn 0.45669290 -0.85039371 0.25196850
vn 0.85826772 -0.20472440 0.47244096
vn 0.13385826 0.98425198 -0.11023622
vn 0.03149606 -1.00000000 0.06299213
vn 0.44094488 -0.69291341 0.56692910
vn 0.90551180 0.36220473 0.22047244
vn 0.12598425 -0.98425198 0.09448819
vn 0.07086614 -1.00000000 0.02362205
vn 0.18110237 -0.81889760 -0.54330707
vn -0.09448819 -0.92125982 -0.37795275
vn -0.31496063 -0.63779527 -0.70078743
vn -0.18897638 -0.88976377 -0.41732284
vn 0.74015749 -0.62204725 -0.25196850
vn 0.60629922 -0.57480317 -0.55118108
vn 0.24409449 -0.58267719 -0.77165353
vn -0.31496063 -0.89763778 -0.30708662
vn -0.37007874 -0.58267719 -0.72440946
vn 0.14960630 -0.95275593 0.26771653
vn 0.99212599 -0.10236220 -0.01574803
vn 0.41732284 -0.09448819 -0.90551180
vn 0.22047244 0.92125982 -0.30708662
vn -0.07874016 0.98425198 -0.17322835
vn 0.02362205 1.00000000 -0.03149606
vn -0.07086614 0.88976377 -0.44881889
vn -0.27559054 -0.50393701 -0.81889760
vn -0.25196850 0.21259843 -0.94488192
vn 0.17322835 0.65354329 0.73228347
vn -0.34645671 -0.40157479 0.84251970
vn -0.29133859 -0.94488192 0.14173228
vn -0.16535433 0.25984251 0.95275593
vn 0.21259843 0.77952754 0.59055120
vn -0.36220473 -0.90551180 0.22834645
vn -0.15748031 -0.96850395 -0.19685039
vn -0.07874016 -0.99212599 -0.13385826
vn -0.40944880 -0.81889760 0.39370078
vn -0.51968503 -0.09448819 0.85039371
vn 0.15748031 0.95275593 0.26771653
vn -0.03937008 0.92913383 0.36220473
vn -0.02362205 1.00000000 0.04724409
vn -0.28346455 -0.93700784 -0.22047244
vn -0.07874016 -0.98425198 -0.13385826
vn 0.14960630 -0.99212599 0.00000000
vn 0.14960630 -0.98425198 0.03149606
vn 0.05511811 -0.98425198 0.14960630
vn -0.08661418 -0.99212599 -0.07086614
vn -0.19685039 -0.96062994 -0.20472440
vn 0.14960630 -0.90551180 -0.39370078
vn 0.17322835 -0.95275593 -0.25196850
vn -0.39370078 -0.88976377 -0.24409449
vn -0.56692910 -0.81102359 -0.16535433
vn -0.44881889 -0.89763778 0.00000000
vn -0.11023622 -0.96850395 -0.23622048
vn -0.35433072 -0.92913383 -0.09448819
vn -0.06299213 -0.98425198 -0.14173228
vn -0.37795275 -0.92125982 -0.11023622
vn -0.23622048 -0.96062994 -0.14173228
vn -0.19685039 -0.96850395 -0.14960630
vn -0.02362205 -0.95275593 -0.30708662
vn -0.05511811 -0.99212599 -0.14173228
vn -0.11023622 -0.97637796 -0.18110237
vn -0.17322835 -0.95275593 -0.25196850
vn -0.05511811 -0.99212599 -0.08661418
vn 0.03937008 -1.00000000 0.07874016
vn -0.14173228 -0.97637796 -0.14960630
vn 0.22047244 -0.96850395 -0.11811024
vn 0.24409449 -0.96850395 -0.03937008
vn 0.43307087 -0.89763778 -0.03149606
vn 0.51968503 0.52755904 0.66929132
vn 0.34645671 0.72440946 0.59842521
vn 0.34645671 0.74015749 0.57480317
vn 0.14960630 0.62204725 0.77165353
vn 0.87401575 0.32283464 -0.37007874
vn 0.88976377 0.19685039 -0.40944880
vn 0.29133859 0.74803150 -0.59055120
vn -0.64566928 0.20472440 -0.73228347
vn -0.27559054 0.77165353 0.58267719
vn 0.93700784 0.08661418 -0.33858266
vn 0.37007874 0.83464569 0.40944880
vn 0.26771653 0.81889760 0.50393701
vn 0.29133859 0.85039371 0.44094488
vn 0.33858266 0.86614174 0.37795275
vn 0.31496063 0.88188976 0.36220473
vn 0.66929132 0.72440946 0.17322835
vn 0.38582677 0.91338581 0.13385826
vn 0.13385826 0.98425198 0.08661418
vn -0.02362205 0.99212599 0.14960630
vn 0.07086614 1.00000000 -0.04724409
vn 0.03937008 1.00000000 -0.00787402
vn 0.54330707 0.77952754 0.32283464
vn 0.22834645 0.97637796 0.03937008
vn 0.11811024 0.96850395 0.22047244
vn -0.07874016 0.86614174 0.49606299
vn 0.07874016 0.97637796 0.19685039
vn 0.07086614 0.89763778 0.43307087
vn -0.08661418 0.88188976 0.46456692
vn 0.08661418 0.91338581 0.40157479
vn 0.35433072 0.77165353 0.53543305
vn 0.34645671 0.88188976 0.32283464
vn -0.01574803 0.93700784 0.34645671
vn 0.33858266 -0.29921260 0.88976377
vn 0.18110237 0.39370078 0.89763778
vn -0.27559054 0.77952754 0.55905509
vn -0.22834645 0.95275593 0.20472440
vn 0.36220473 0.37795275 0.85826772
vn 0.01574803 0.94488192 0.32283464
vn 0.47244096 0.43307087 0.76377952
vn -0.20472440 0.97637796 0.07086614
vn -0.27559054 0.96062994 0.07874016
vn -0.25984251 0.95275593 0.16535433
vn -0.23622048 0.96062994 0.16535433
vn -0.11023622 0.99212599 0.04724409
vn -0.30708662 0.94488192 0.14173228
vn -0.22834645 0.97637796 0.00000000
vn 0.25984251 0.03149606 -0.96062994
vn 0.60629922 0.37795275 0.70078743
vn -0.94488192 0.21259843 -0.25196850
vn -0.07874016 -0.64566928 -0.75590551
vn -0.86614174 -0.04724409 -0.49606299
vn 0.54330707 0.82677168 -0.16535433
vn 0.07086614 0.73228347 0.68503934
vn 0.74803150 0.58267719 -0.33070865
vn -0.27559054 0.77165353 0.57480317
vn 0.53543305 0.71653545 -0.44881889
vn 0.44881889 0.72440946 -0.51968503
vn 0.42519686 0.74015749 -0.51968503
vn 0.60629922 0.65354329 -0.44881889
vn 0.47244096 0.70078743 -0.53543305
vn 0.50393701 0.33858266 -0.79527557
vn 0.01574803 -0.14173228 -0.99212599
vn -0.13385826 -0.23622048 -0.96062994
vn -0.44094488 -0.81889760 -0.37007874
vn -0.77165353 0.50393701 -0.37795275
vn 0.81889760 -0.37007874 -0.44094488
vn -0.76377952 0.44881889 -0.45669290
vn -0.76377952 0.48031497 -0.42519686
vn 0.35433072 0.00000000 -0.93700784
vn 0.59055120 -0.44094488 -0.67716533
vn 0.68503934 -0.36220473 -0.62992126
vn -0.24409449 0.96062994 -0.12598425
vn 0.27559054 -0.37795275 -0.88188976
vn 0.23622048 -0.38582677 -0.88976377
vn 0.44881889 -0.33858266 -0.82677168
vn 0.74015749 0.41732284 0.52755904
vn 0.68503934 0.46456692 0.56692910
vn 0.56692910 0.79527557 -0.22047244
vn 0.67716533 0.47244096 0.56692910
vn 0.51968503 0.59842521 0.61417323
vn -0.41732284 0.85039371 -0.33070865
vn 0.69291341 0.43307087 0.58267719
vn 0.71653545 0.43307087 0.55118108
vn 0.50393701 0.58267719 0.63779527
vn 0.19685039 -0.94488192 -0.25984251
vn 0.13385826 -0.92913383 -0.34645671
vn 0.70078743 0.44094488 0.55905509
vn 0.74803150 0.55905509 0.36220473
vn 0.80314958 -0.57480317 -0.18110237
vn 0.41732284 -0.86614174 0.29133859
vn 0.40944880 -0.87401575 0.25984251
vn 0.35433072 -0.89763778 0.27559054
vn 0.33070865 -0.82677168 0.45669290
vn 0.12598425 -0.96850395 -0.21259843
vn 0.09448819 -0.97637796 -0.17322835
vn 0.21259843 -0.96062994 -0.18110237
vn 0.26771653 -0.94488192 -0.20472440
vn 0.19685039 -0.96062994 -0.18110237
vn -0.02362205 -0.94488192 -0.31496063
vn 0.19685039 -0.97637796 -0.06299213
vn -0.05511811 -0.92125982 -0.38582677
vn 0.57480317 0.40157479 0.70866144
vn 0.76377952 0.18110237 0.62204725
vn 0.31496063 0.68503934 0.65354329
vn -0.11811024 0.97637796 0.19685039
vn -0.55905509 0.04724409 0.82677168
vn -0.22834645 0.96850395 0.12598425
vn -0.11023622 0.99212599 -0.07086614
vn -0.01574803 0.94488192 -0.33858266
vn -0.36220473 0.88188976 -0.30708662
vn -0.20472440 0.88976377 -0.40944880
vn -0.72440946 0.37795275 0.57480317
vn -0.56692910 0.76377952 -0.29921260
vn -0.40944880 0.72440946 -0.55118108
vn -0.57480317 0.48818898 -0.65354329
vn -0.25984251 -0.90551180 0.33070865
vn -0.25984251 -0.78740156 0.55118108
vn -0.00787402 -0.83464569 0.55118108
vn -0.66929132 -0.10236220 0.73228347
vn -0.74803150 0.34645671 0.56692910
vn 0.35433072 -0.92125982 0.14173228
vn 0.40944880 -0.85039371 0.33070865
vn 0.49606299 -0.79527557 0.33858266
vn -0.27559054 -0.64566928 0.71653545
vn 0.23622048 -0.70078743 0.67716533
vn -0.92913383 0.13385826 0.35433072
vn -0.30708662 -0.68503934 0.66141731
vn -0.81889760 -0.27559054 0.50393701
vn -0.80314958 0.51181102 -0.29133859
vn -0.94488192 -0.27559054 0.17322835
vn -0.66141731 0.34645671 -0.66929132
vn -0.79527557 -0.48818898 0.34645671
vn 0.43307087 -0.74803150 0.51181102
vn 0.20472440 -0.95275593 -0.23622048
vn 0.35433072 0.66929132 0.65354329
vn 0.17322835 0.82677168 0.54330707
vn 0.42519686 0.77952754 0.46456692
vn 0.25196850 0.88976377 0.37007874
vn 0.41732284 0.85039371 0.31496063
vn 0.08661418 0.79527557 0.59842521
vn -0.02362205 0.90551180 0.43307087
vn -0.23622048 0.63779527 0.73228347
vn -0.30708662 0.84251970 0.44094488
vn -0.88976377 0.31496063 0.32283464
vn -0.70078743 -0.66141731 -0.27559054
vn -0.68503934 -0.67716533 -0.27559054
vn -0.47244096 -0.79527557 -0.37007874
vn 0.28346455 0.14960630 -0.94488192
vn -0.63779527 -0.59842521 -0.48818898
vn -0.55905509 -0.70866144 -0.42519686
vn -0.07874016 -0.83464569 -0.55118108
vn -0.97637796 0.08661418 0.18110237
vn -0.74803150 -0.09448819 -0.65354329
vn -0.93700784 0.32283464 -0.14960630
vn 0.12598425 -0.89763778 -0.42519686
vn 0.19685039 -0.77165353 -0.60629922
vn -0.70078743 -0.02362205 -0.70866144
vn -0.88188976 0.42519686 -0.21259843
vn -0.63779527 -0.03937008 -0.77165353
vn -0.11811024 -0.49606299 -0.85826772
vn -0.88976377 0.44094488 -0.11023622
vn -0.44094488 0.89763778 0.07086614
vn 0.02362205 -0.98425198 -0.15748031
vn -0.44094488 0.88188976 0.14173228
vn -0.53543305 0.75590551 0.37795275
vn -0.29921260 0.89763778 0.31496063
vn -0.23622048 0.96850395 0.05511811
vn -0.03937008 1.00000000 -0.03937008
vn -0.19685039 0.92125982 -0.32283464
vn -0.03149606 0.99212599 -0.08661418
vn -0.06299213 0.99212599 -0.10236220
vn -0.09448819 0.98425198 -0.13385826
vn 0.13385826 -0.90551180 0.39370078
vn 0.23622048 0.71653545 0.65354329
vn 0.00000000 0.98425198 0.18110237
vn 0.53543305 0.35433072 0.77165353
vn 0.29921260 0.95275593 0.10236220
vn 0.63779527 0.44094488 0.62992126
vn -0.06299213 -0.85039371 0.51968503
vn -0.27559054 -0.95275593 0.11811024
vn 0.54330707 0.83464569 -0.11023622
vn -0.17322835 0.97637796 -0.12598425
vn -0.36220473 -0.79527557 0.48818898
vn -0.53543305 -0.80314958 0.27559054
vn -0.70866144 -0.56692910 0.41732284
vn -0.12598425 -0.65354329 0.74803150
vn 0.32283464 -0.49606299 0.80314958
vn 0.87401575 0.03149606 0.48818898
vn 0.98425198 0.13385826 -0.08661418
vn 0.75590551 0.54330707 -0.37007874
vn 0.76377952 0.45669290 -0.46456692
vn 0.46456692 0.77952754 -0.41732284
vn 0.25984251 0.91338581 -0.31496063
vn 0.38582677 0.90551180 -0.17322835
vn 0.12598425 0.99212599 -0.04724409
vn 0.53543305 0.82677168 -0.19685039
vn 0.66141731 0.68503934 -0.30708662
vn 0.56692910 0.56692910 -0.59842521
vn 0.48818898 0.82677168 -0.29133859
vn 0.49606299 0.85039371 -0.18110237
vn 0.27559054 0.78740156 -0.55905509
vn 0.46456692 0.88188976 -0.08661418
vn 0.12598425 0.99212599 -0.00787402
vn -0.14173228 0.96062994 -0.22834645
vn 0.00000000 0.77952754 -0.62992126
vn -0.00787402 1.00000000 0.08661418
vn 0.05511811 0.98425198 0.16535433
vn -0.12598425 0.98425198 -0.08661418
vn -0.52755904 0.25196850 -0.81102359
vn -0.22834645 0.94488192 -0.22047244
vn 0.03937008 -0.91338581 -0.40157479
vn -0.10236220 -0.88188976 -0.45669290
vn 0.07086614 -0.91338581 -0.39370078
vn -0.11023622 -0.91338581 -0.40157479
vn 0.29921260 -0.94488192 0.12598425
vn 0.05511811 -0.98425198 -0.18110237
vn 0.10236220 -0.99212599 -0.08661418
vn -0.19685039 -0.97637796 0.05511811
vn -0.07874016 -0.99212599 0.08661418
vn -0.41732284 -0.88976377 0.18897638
vn -0.05511811 -0.94488192 -0.33070865
vn -0.29133859 -0.92913383 -0.24409449
vn -0.50393701 -0.85826772 -0.07086614
vn -0.47244096 -0.83464569 -0.29133859
vn -0.56692910 -0.75590551 -0.33070865
vn -0.40157479 -0.33858266 -0.85039371
vn -0.61417323 -0.78740156 -0.01574803
vn -0.04724409 0.15748031 -0.98425198
vn -0.79527557 -0.60629922 0.01574803
vn -0.57480317 -0.37795275 -0.72440946
vn -0.67716533 -0.71653545 0.15748031
vn -0.66929132 -0.40157479 -0.62992126
vn 0.23622048 0.16535433 -0.96062994
vn 0.58267719 -0.55905509 0.59055120
vn -0.46456692 -0.53543305 -0.70866144
vn 0.74015749 -0.05511811 -0.66929132
vn 0.78740156 0.35433072 -0.50393701
vn 0.82677168 0.34645671 -0.43307087
vn 0.11811024 -0.86614174 -0.48818898
vn 0.14173228 -0.87401575 -0.46456692
vn 0.77952754 0.61417323 0.13385826
vn 0.99212599 -0.07874016 -0.08661418
vn -0.18110237 -0.88188976 -0.43307087
vn 0.08661418 -0.87401575 -0.48031497
vn 0.04724409 -0.91338581 -0.40944880
vn 0.07874016 -0.91338581 -0.39370078
vn 0.77165353 0.60629922 0.17322835
vn 0.62204725 0.73228347 0.27559054
vn 0.61417323 0.69291341 0.37795275
vn 0.37795275 0.86614174 0.33858266
vn 0.11023622 0.92913383 0.35433072
vn 0.07086614 0.85039371 0.51181102
vn 0.06299213 0.90551180 0.41732284
vn -0.48818898 -0.79527557 -0.36220473
vn -0.46456692 -0.83464569 -0.29133859
vn -0.26771653 -0.88188976 -0.38582677
vn -0.49606299 -0.73228347 -0.47244096
vn -0.17322835 -0.81889760 -0.55118108
vn -0.09448819 -0.89763778 -0.43307087
vn 0.12598425 0.99212599 0.07086614
vn -0.07874016 0.96850395 0.22047244
vn 0.27559054 0.96062994 -0.02362205
vn -0.07874016 0.99212599 0.10236220
vn 0.03149606 1.00000000 -0.00787402
vn 0.12598425 0.99212599 -0.01574803
vn 0.18897638 0.98425198 0.05511811
vn 0.15748031 0.98425198 -0.03149606
vn -0.06299213 1.00000000 -0.01574803
vn 0.32283464 0.94488192 0.03149606
vn -0.11023622 0.92913383 0.35433072
vn 0.37007874 0.90551180 0.19685039
vn -0.93700784 0.09448819 0.33070865
vn 0.26771653 0.91338581 0.29921260
vn 0.22047244 0.96062994 0.15748031
vn 0.11023622 0.96062994 0.25196850
vn 0.55118108 0.81889760 0.17322835
vn 0.18110237 0.98425198 -0.02362205
vn 0.29921260 0.95275593 0.00787402
vn -0.08661418 0.99212599 -0.08661418
vn 0.16535433 0.98425198 0.05511811
vn 0.06299213 0.99212599 -0.08661418
vn 0.18897638 0.98425198 0.02362205
vn 0.12598425 0.99212599 0.02362205
vn 0.22047244 0.97637796 -0.00787402
vn 0.08661418 0.92913383 -0.36220473
vn 0.38582677 0.92125982 0.00787402
vn 0.30708662 0.92125982 -0.23622048
vn 0.40157479 0.88976377 -0.22834645
vn 0.77165353 0.57480317 -0.27559054
vn 0.81102359 0.58267719 0.00000000
vn 0.03937008 -0.94488192 -0.32283464
vn 0.69291341 -0.24409449 -0.67716533
vn 0.00000000 -0.95275593 -0.31496063
vn 0.84251970 0.24409449 -0.48031497
vn 0.79527557 0.50393701 -0.33070865
vn 0.94488192 -0.03149606 -0.32283464
vn 0.01574803 -0.97637796 -0.19685039
vn -0.21259843 -0.92125982 -0.32283464
vn -0.07086614 -0.96850395 -0.22834645
vn -0.04724409 -0.99212599 -0.14173228
vn 0.00787402 -0.98425198 -0.18897638
vn -0.20472440 -0.97637796 -0.04724409
vn -0.40944880 -0.90551180 -0.09448819
vn -0.33070865 -0.92125982 -0.21259843
vn -0.23622048 -0.96850395 0.04724409
vn -0.07874016 -0.95275593 -0.29921260
vn -0.14173228 -0.97637796 0.14960630
vn 0.09448819 -0.99212599 0.10236220
vn 0.30708662 -0.86614174 0.38582677
vn 0.53543305 -0.80314958 0.25984251
vn 0.19685039 -0.98425198 -0.00787402
vn 0.07874016 -0.95275593 -0.30708662
vn 0.26771653 0.72440946 -0.63779527
vn 0.09448819 -0.94488192 -0.29921260
vn 0.37007874 0.81889760 -0.44881889
vn 0.66141731 0.65354329 -0.37007874
vn 0.36220473 0.85826772 -0.36220473
vn 0.26771653 0.85039371 -0.45669290
vn 0.03937008 0.80314958 -0.59055120
vn -0.05511811 0.81102359 -0.58267719
vn 0.12598425 0.85039371 -0.51181102
vn 0.03149606 0.95275593 -0.29133859
vn 0.09448819 0.85826772 -0.50393701
vn -0.01574803 0.85039371 -0.51968503
vn -0.20472440 0.95275593 -0.24409449
vn -0.25984251 0.84251970 -0.47244096
vn -0.98425198 -0.13385826 -0.07874016
vn -0.95275593 -0.17322835 -0.23622048
vn -0.57480317 -0.71653545 0.39370078
vn -0.69291341 -0.70078743 0.17322835
vn -0.25196850 -0.96850395 0.07086614
vn -0.65354329 -0.71653545 -0.24409449
vn -0.36220473 -0.81889760 0.44881889
vn -0.56692910 -0.74803150 0.34645671
vn -0.14173228 -0.99212599 -0.00787402
vn -0.36220473 -0.92913383 0.05511811
vn -0.37007874 -0.92125982 -0.13385826
vn -0.48031497 -0.81102359 -0.33858266
vn -0.62992126 -0.72440946 -0.28346455
vn -0.56692910 -0.82677168 0.02362205
vn -0.95275593 -0.31496063 0.03149606
vn -0.22047244 0.96062994 0.18110237
vn -0.67716533 0.72440946 -0.12598425
vn -0.69291341 -0.70866144 0.13385826
vn -0.30708662 0.94488192 -0.09448819
vn -0.96062994 0.22834645 -0.14173228
vn 0.17322835 0.98425198 0.01574803
vn 0.54330707 0.84251970 0.00000000
vn 0.38582677 0.92125982 -0.02362205
vn 0.88976377 -0.45669290 0.04724409
vn 0.41732284 -0.90551180 0.02362205
vn -0.38582677 0.87401575 -0.29921260
vn -0.35433072 -0.66929132 -0.65354329
vn -0.16535433 0.97637796 -0.12598425
vn -0.33070865 0.92125982 -0.20472440
vn -0.14960630 0.98425198 -0.11811024
vn -0.38582677 0.88976377 -0.22834645
vn -0.59055120 0.54330707 -0.59842521
vn -0.44094488 0.77952754 -0.45669290
vn -0.62204725 0.50393701 -0.59842521
vn -0.64566928 0.45669290 -0.61417323
vn -0.36220473 0.50393701 -0.77952754
vn -0.41732284 0.67716533 -0.59842521
vn -0.11811024 0.14960630 -0.98425198
vn 0.11023622 -0.28346455 -0.95275593
vn 0.22834645 0.29921260 -0.92913383
vn -0.09448819 0.88976377 -0.44881889
vn 0.54330707 0.15748031 -0.82677168
vn 0.43307087 -0.88976377 -0.15748031
vn 0.88188976 -0.45669290 -0.14173228
vn 0.40157479 -0.91338581 0.06299213
vn 0.43307087 -0.85039371 0.29133859
vn 0.77165353 -0.60629922 0.20472440
vn 0.71653545 -0.70078743 -0.03937008
vn 0.15748031 -0.46456692 -0.87401575
vn -0.74803150 -0.22047244 -0.62204725
vn 0.62992126 -0.59842521 0.49606299
vn 0.25984251 -0.91338581 0.30708662
vn 0.21259843 -0.93700784 0.27559054
vn 0.45669290 -0.82677168 -0.33070865
vn 0.17322835 -0.61417323 -0.77165353
vn 0.66141731 0.39370078 -0.63779527
vn 0.02362205 0.92125982 -0.37795275
vn 0.07086614 0.98425198 -0.15748031
vn 0.20472440 0.97637796 0.03937008
vn -0.02362205 0.99212599 0.11023622
vn -0.70078743 0.68503934 -0.19685039
vn -0.37007874 -0.37007874 -0.85039371
vn -0.26771653 -0.62204725 -0.74015749
vn 0.20472440 0.95275593 -0.21259843
vn -0.18897638 0.97637796 -0.11811024
vn -0.89763778 0.44881889 0.01574803
vn 0.01574803 0.99212599 -0.11023622
vn 0.27559054 0.96062994 -0.07874016
vn -0.00787402 1.00000000 -0.03149606
vn -0.51181102 -0.83464569 0.20472440
vn -0.74015749 -0.66141731 0.11811024
vn -0.02362205 -0.96850395 0.24409449
vn -0.55118108 -0.77952754 0.30708662
vn -0.00787402 -0.96062994 0.27559054
vn -0.14960630 -0.98425198 0.11023622
vn -0.11023622 -0.96062994 0.24409449
vn 0.19685039 -0.97637796 0.11023622
vn 0.03937008 -0.78740156 0.61417323
vn -0.26771653 -0.81889760 0.51181102
vn -0.03937008 -0.96850395 0.25984251
vn 0.24409449 -0.96850395 0.07874016
vn 0.27559054 -0.85826772 0.42519686
vn 0.35433072 -0.74803150 0.55905509
vn 0.06299213 -0.61417323 0.78740156
vn 0.58267719 -0.66929132 0.45669290
vn 0.82677168 0.10236220 -0.55905509
vn 0.85039371 -0.47244096 -0.22834645
vn 0.98425198 0.11811024 -0.11023622
vn 0.27559054 0.91338581 -0.29133859
vn 0.11811024 0.79527557 -0.59842521
vn -0.05511811 0.96850395 -0.24409449
vn 0.06299213 0.96062994 -0.26771653
vn -0.18110237 0.92125982 -0.35433072
vn 0.18897638 0.94488192 -0.27559054
vn -0.08661418 0.78740156 -0.60629922
vn 0.17322835 0.85039371 -0.49606299
vn -0.13385826 0.94488192 -0.29921260
vn -0.23622048 0.76377952 -0.60629922
vn 0.08661418 0.60629922 -0.79527557
vn -0.02362205 0.48818898 -0.87401575
vn -0.07874016 0.56692910 -0.81889760
vn -0.20472440 0.52755904 -0.82677168
vn 0.03937008 0.53543305 -0.84251970
vn 0.36220473 -0.03149606 -0.92913383
vn -0.22047244 0.45669290 -0.86614174
vn 0.75590551 -0.06299213 -0.65354329
vn 0.51968503 -0.85039371 -0.01574803
vn -0.95275593 0.27559054 0.10236220
vn -0.92125982 0.28346455 -0.25196850
vn -0.94488192 -0.33070865 -0.01574803
vn -0.96850395 -0.13385826 0.19685039
vn -0.43307087 -0.58267719 0.69291341
vn -0.98425198 -0.18110237 0.05511811
vn -0.04724409 0.38582677 -0.92125982
vn -0.91338581 -0.34645671 -0.22047244
vn 0.09448819 -0.76377952 0.63779527
vn 0.25196850 -0.56692910 -0.78740156
vn -0.14960630 0.38582677 -0.91338581
vn 0.05511811 -0.97637796 0.19685039
vn 0.31496063 -0.94488192 0.08661418
vn 0.22834645 0.73228347 -0.63779527
vn 0.48031497 -0.84251970 -0.24409449
vn 0.18897638 0.77165353 -0.60629922
vn 0.48031497 -0.87401575 0.08661418
vn -0.12598425 -0.99212599 0.03937008
vn -0.24409449 -0.92913383 0.28346455
vn -0.67716533 -0.68503934 0.27559054
vn -0.21259843 0.59055120 -0.77952754
vn -0.91338581 -0.35433072 -0.18897638
vn -0.21259843 0.76377952 -0.61417323

# Mesh 'meshes[0]' with 3628 faces
g meshes[0]
usemtl tripo_material_b169e469-e06b-4ef4-a3a1-26426c1153a8
f  1/1/1 2/2/2 3/3/3
f  2/2/2 1/1/1 4/4/4
f  4/4/4 1/1/1 5/5/5
f  4/4/4 5/5/5 2/2/2
f  3/3/3 2/2/2 6/6/6
f  3/3/3 6/6/6 7/7/7
f  1/1/1 3/3/3 8/8/8
f  1/1/1 8/8/8 5/5/5
f  2/2/2 5/5/5 9/9/9
f  5/5/5 8/8/8 10/10/10
f  2/2/2 9/9/9 11/11/11
f  2/2/2 11/11/11 12/12/12
f  9/9/9 5/5/5 13/13/13
f  13/13/13 5/5/5 10/10/10
f  9/9/9 13/13/13 11/11/11
f  12/12/12 11/11/11 14/14/14
f  14/14/14 11/11/11 15/15/15
f  15/15/15 11/11/11 16/16/16
f  16/16/16 11/11/11 17/17/17
f  17/17/17 11/11/11 13/13/13
f  13/13/13 10/10/10 18/18/18
f  18/18/18 10/10/10 8/8/8
f  17/17/17 13/13/13 19/19/19
f  19/19/19 13/13/13 18/18/18
f  18/18/18 8/8/8 20/20/20
f  20/20/20 8/8/8 3/3/3
f  19/19/19 18/18/18 21/21/21
f  21/21/21 18/18/18 20/20/20
f  19/19/19 21/21/21 22/22/22
f  22/22/22 21/21/21 20/20/20
f  17/17/17 19/19/19 23/23/23
f  23/23/23 19/19/19 22/22/22
f  17/17/17 23/23/23 24/24/24
f  17/17/17 24/24/24 25/25/25
f  24/24/24 23/23/23 26/26/26
f  24/24/24 26/26/26 25/25/25
f  26/26/26 23/23/23 22/22/22
f  25/25/25 26/26/26 27/27/27
f  27/27/27 26/26/26 28/28/28
f  27/27/27 28/28/28 29/29/29
f  29/29/29 28/28/28 30/30/30
f  30/30/30 28/28/28 31/31/31
f  28/28/28 26/26/26 32/32/32
f  28/28/28 32/32/32 31/31/31
f  32/32/32 26/26/26 22/22/22
f  31/31/31 32/32/32 33/33/33
f  33/33/33 32/32/32 22/22/22
f  33/33/33 22/22/22 20/20/20
f  31/31/31 33/33/33 34/34/34
f  33/33/33 20/20/20 35/35/35
f  33/33/33 35/35/35 34/34/34
f  35/35/35 20/20/20 36/36/36
f  36/36/36 20/20/20 3/3/3
f  36/36/36 3/3/3 7/7/7
f  35/35/35 36/36/36 37/37/37
f  35/35/35 37/37/37 34/34/34
f  37/37/37 36/36/36 7/7/7
f  34/34/34 37/37/37 38/38/38
f  38/38/38 37/37/37 7/7/7
f  39/39/2 40/40/12 41/41/6
f  41/41/6 40/40/12 42/42/7
f  42/42/7 40/40/12 43/43/14
f  42/42/7 43/43/14 44/44/39
f  42/42/7 44/44/39 45/45/38
f  44/44/39 43/43/14 46/46/40
f  46/46/40 43/43/14 47/47/15
f  45/45/38 44/44/39 48/48/41
f  48/48/41 44/44/39 46/46/40
f  46/46/40 47/47/15 49/49/42
f  46/46/40 49/49/42 48/48/41
f  49/49/42 47/47/15 50/50/43
f  48/48/41 49/49/42 51/51/44
f  51/51/44 49/49/42 50/50/43
f  45/45/38 48/48/41 52/52/45
f  52/52/45 48/48/41 51/51/44
f  45/45/38 52/52/45 53/53/46
f  45/45/38 53/53/46 54/54/34
f  54/54/34 53/53/46 55/55/31
f  55/55/31 53/53/46 56/56/47
f  56/56/47 53/53/46 52/52/45
f  55/55/31 56/56/47 57/57/30
f  52/52/45 51/51/44 58/58/48
f  58/58/48 51/51/44 50/50/43
f  56/56/47 52/52/45 59/59/49
f  59/59/49 52/52/45 58/58/48
f  57/57/30 56/56/47 60/60/50
f  57/57/30 60/60/50 61/61/51
f  61/61/51 60/60/50 62/62/52
f  60/60/50 56/56/47 63/63/53
f  63/63/53 56/56/47 59/59/49
f  60/60/50 63/63/53 62/62/52
f  62/62/52 63/63/53 64/64/54
f  64/64/54 63/63/53 59/59/49
f  62/62/52 64/64/54 65/65/55
f  66/66/56 59/59/49 58/58/48
f  59/59/49 66/66/56 64/64/54
f  66/66/56 58/58/48 50/50/43
f  64/64/54 66/66/56 67/67/57
f  64/64/54 67/67/57 68/68/58
f  64/64/54 68/68/58 69/69/59
f  68/68/58 67/67/57 70/70/60
f  70/70/60 67/67/57 66/66/56
f  68/68/58 70/70/60 71/71/61
f  70/70/60 66/66/56 72/72/62
f  72/72/62 66/66/56 50/50/43
f  70/70/60 72/72/62 71/71/61
f  72/72/62 50/50/43 73/73/63
f  73/73/63 50/50/43 47/47/15
f  73/73/63 47/47/15 74/74/16
f  73/73/63 74/74/16 75/75/64
f  73/73/63 75/75/64 76/76/65
f  73/73/63 76/76/65 72/72/62
f  76/76/65 75/75/64 77/77/66
f  78/78/67 71/71/61 72/72/62
f  78/78/67 72/72/62 76/76/65
f  71/71/61 78/78/67 79/79/68
f  76/76/65 77/77/66 80/80/69
f  76/76/65 80/80/69 78/78/67
f  80/80/69 77/77/66 81/81/70
f  80/80/69 81/81/70 78/78/67
f  78/78/67 81/81/70 79/79/68
f  79/79/68 81/81/70 82/82/71
f  83/83/16 84/84/17 85/85/72
f  85/85/72 84/84/17 86/86/25
f  83/83/16 85/85/72 87/87/73
f  83/83/16 87/87/73 88/88/64
f  85/85/72 86/86/25 89/89/74
f  85/85/72 89/89/74 87/87/73
f  89/89/74 86/86/25 90/90/75
f  89/89/74 90/90/75 91/91/76
f  89/89/74 91/91/76 87/87/73
f  88/88/64 87/87/73 92/92/66
f  87/87/73 91/91/76 93/93/77
f  87/87/73 93/93/77 92/92/66
f  92/92/66 93/93/77 94/94/78
f  92/92/66 94/94/78 95/95/70
f  96/96/79 97/97/80 98/98/81
f  96/96/79 98/98/81 99/99/82
f  98/98/81 97/97/80 100/100/83
f  97/97/80 96/96/79 101/101/84
f  97/97/80 101/101/84 100/100/83
f  101/101/84 96/96/79 102/102/85
f  102/102/85 96/96/79 99/99/82
f  101/101/84 102/102/85 103/103/86
f  103/103/86 102/102/85 104/104/87
f  104/104/87 102/102/85 99/99/82
f  103/103/86 104/104/87 105/105/88
f  105/105/88 104/104/87 106/106/89
f  105/105/88 106/106/89 107/107/90
f  106/106/89 104/104/87 108/108/91
f  108/108/91 104/104/87 99/99/82
f  106/106/89 108/108/91 109/109/92
f  109/109/92 108/108/91 110/110/93
f  110/110/93 108/108/91 99/99/82
f  110/110/93 99/99/82 111/111/94
f  111/111/94 99/99/82 98/98/81
f  111/111/94 98/98/81 100/100/83
f  110/110/93 111/111/94 112/112/95
f  112/112/95 111/111/94 113/113/96
f  113/113/96 111/111/94 100/100/83
f  113/113/96 100/100/83 114/114/97
f  114/114/97 100/100/83 101/101/84
f  114/114/97 101/101/84 115/115/98
f  114/114/97 115/115/98 116/116/99
f  114/114/97 116/116/99 117/117/100
f  114/114/97 117/117/100 118/118/101
f  117/117/100 116/116/99 119/119/102
f  117/117/100 119/119/102 118/118/101
f  119/119/102 116/116/99 120/120/103
f  116/116/99 115/115/98 121/121/104
f  116/116/99 121/121/104 120/120/103
f  121/121/104 115/115/98 122/122/105
f  122/122/105 115/115/98 123/123/106
f  121/121/104 122/122/105 124/124/107
f  124/124/107 122/122/105 123/123/106
f  120/120/103 121/121/104 125/125/108
f  125/125/108 121/121/104 124/124/107
f  126/126/109 119/119/102 120/120/103
f  126/126/109 120/120/103 125/125/108
f  127/127/110 118/118/101 119/119/102
f  127/127/110 119/119/102 126/126/109
f  118/118/101 127/127/110 128/128/111
f  118/118/101 128/128/111 129/129/112
f  129/129/112 128/128/111 130/130/113
f  128/128/111 127/127/110 131/131/114
f  131/131/114 127/127/110 126/126/109
f  131/131/114 126/126/109 132/132/115
f  131/131/114 132/132/115 133/133/116
f  132/132/115 126/126/109 134/134/117
f  132/132/115 134/134/117 133/133/116
f  134/134/117 126/126/109 125/125/108
f  134/134/117 125/125/108 135/135/118
f  135/135/118 125/125/108 124/124/107
f  133/133/116 134/134/117 136/136/119
f  136/136/119 134/134/117 135/135/118
f  133/133/116 136/136/119 137/137/120
f  133/133/116 137/137/120 138/138/121
f  136/136/119 135/135/118 139/139/122
f  136/136/119 139/139/122 137/137/120
f  137/137/120 139/139/122 140/140/123
f  137/137/120 140/140/123 141/141/124
f  137/137/120 141/141/124 142/142/125
f  137/137/120 142/142/125 138/138/121
f  138/138/121 142/142/125 143/143/126
f  143/143/126 142/142/125 144/144/127
f  145/145/128 139/139/122 135/135/118
f  145/145/128 135/135/118 124/124/107
f  139/139/122 145/145/128 146/146/129
f  145/145/128 124/124/107 147/147/130
f  147/147/130 124/124/107 123/123/106
f  147/147/130 123/123/106 148/148/131
f  148/148/131 123/123/106 149/149/132
f  145/145/128 147/147/130 150/150/133
f  150/150/133 147/147/130 148/148/131
f  150/150/133 148/148/131 149/149/132
f  145/145/128 150/150/133 151/151/134
f  151/151/134 150/150/133 152/152/135
f  150/150/133 149/149/132 153/153/136
f  150/150/133 153/153/136 152/152/135
f  153/153/136 149/149/132 154/154/137
f  152/152/135 153/153/136 155/155/138
f  156/156/139 157/157/140 158/158/141
f  157/157/140 156/156/139 159/159/142
f  156/156/139 158/158/141 160/160/143
f  157/157/140 159/159/142 161/161/144
f  157/157/140 161/161/144 158/158/141
f  158/158/141 161/161/144 162/162/145
f  161/161/144 159/159/142 163/163/146
f  162/162/145 161/161/144 164/164/147
f  164/164/147 161/161/144 163/163/146
f  162/162/145 164/164/147 165/165/148
f  164/164/147 163/163/146 166/166/149
f  166/166/149 163/163/146 159/159/142
f  164/164/147 166/166/149 167/167/150
f  167/167/150 166/166/149 168/168/151
f  169/169/152 158/158/141 162/162/145
f  168/168/151 166/166/149 170/170/153
f  158/158/141 169/169/152 171/171/154
f  158/158/141 171/171/154 160/160/143
f  172/172/155 173/173/156 169/169/152
f  169/169/152 173/173/156 174/174/157
f  169/169/152 174/174/157 171/171/154
f  174/174/157 173/173/156 175/175/158
f  171/171/154 174/174/157 176/176/159
f  176/176/159 174/174/157 175/175/158
f  160/160/143 171/171/154 177/177/160
f  177/177/160 171/171/154 176/176/159
f  160/160/143 177/177/160 156/156/139
f  178/178/161 175/175/158 179/179/162
f  175/175/158 178/178/161 180/180/163
f  175/175/158 180/180/163 176/176/159
f  170/170/153 180/180/163 168/168/151
f  156/156/139 177/177/160 181/181/164
f  180/180/163 170/170/153 182/182/165
f  156/156/139 181/181/164 159/159/142
f  183/183/166 177/177/160 176/176/159
f  177/177/160 183/183/166 181/181/164
f  184/184/167 176/176/159 180/180/163
f  184/184/167 180/180/163 182/182/165
f  176/176/159 184/184/167 183/183/166
f  184/184/167 182/182/165 185/185/168
f  184/184/167 185/185/168 183/183/166
f  183/183/166 185/185/168 181/181/164
f  185/185/168 182/182/165 170/170/153
f  186/186/169 159/159/142 181/181/164
f  186/186/169 181/181/164 185/185/168
f  186/186/169 185/185/168 170/170/153
f  159/159/142 186/186/169 166/166/149
f  166/166/149 186/186/169 170/170/153
f  187/187/170 188/188/148 189/189/171
f  189/189/171 188/188/148 190/190/147
f  188/188/148 187/187/170 191/191/172
f  189/189/171 190/190/147 192/192/150
f  188/188/148 191/191/172 193/193/145
f  187/187/170 189/189/171 194/194/173
f  187/187/170 194/194/173 191/191/172
f  189/189/171 192/192/150 195/195/174
f  195/195/174 192/192/150 196/196/175
f  189/189/171 195/195/174 197/197/176
f  189/189/171 197/197/176 194/194/173
f  193/193/145 191/191/172 198/198/177
f  193/193/145 198/198/177 199/199/152
f  199/199/152 198/198/177 200/200/178
f  198/198/177 191/191/172 201/201/179
f  198/198/177 201/201/179 200/200/178
f  202/202/180 191/191/172 194/194/173
f  191/191/172 202/202/180 201/201/179
f  203/203/181 194/194/173 197/197/176
f  203/203/181 197/197/176 204/204/182
f  204/204/182 197/197/176 195/195/174
f  194/194/173 203/203/181 205/205/183
f  194/194/173 205/205/183 202/202/180
f  205/205/183 203/203/181 206/206/184
f  206/206/184 203/203/181 204/204/182
f  202/202/180 205/205/183 207/207/185
f  207/207/185 205/205/183 206/206/184
f  208/208/186 201/201/179 202/202/180
f  201/201/179 208/208/186 200/200/178
f  202/202/180 207/207/185 209/209/187
f  202/202/180 209/209/187 208/208/186
f  207/207/185 206/206/184 210/210/188
f  207/207/185 210/210/188 209/209/187
f  211/211/189 206/206/184 204/204/182
f  209/209/187 210/210/188 212/212/190
f  209/209/187 212/212/190 208/208/186
f  210/210/188 206/206/184 213/213/191
f  213/213/191 206/206/184 211/211/189
f  212/212/190 210/210/188 214/214/192
f  214/214/192 210/210/188 213/213/191
f  212/212/190 214/214/192 215/215/193
f  212/212/190 215/215/193 216/216/194
f  212/212/190 216/216/194 208/208/186
f  208/208/186 216/216/194 200/200/178
f  213/213/191 211/211/189 217/217/195
f  217/217/195 211/211/189 204/204/182
f  213/213/191 217/217/195 218/218/196
f  200/200/178 216/216/194 219/219/197
f  219/219/197 216/216/194 220/220/198
f  219/219/197 220/220/198 221/221/199
f  200/200/178 219/219/197 222/222/155
f  200/200/178 222/222/155 199/199/152
f  219/219/197 221/221/199 223/223/200
f  223/223/200 221/221/199 224/224/201
f  222/222/155 219/219/197 225/225/202
f  225/225/202 219/219/197 223/223/200
f  223/223/200 224/224/201 226/226/203
f  223/223/200 226/226/203 225/225/202
f  226/226/203 224/224/201 227/227/204
f  222/222/155 225/225/202 228/228/205
f  222/222/155 228/228/205 229/229/156
f  229/229/156 228/228/205 230/230/158
f  228/228/205 225/225/202 231/231/206
f  231/231/206 225/225/202 226/226/203
f  228/228/205 231/231/206 230/230/158
f  231/231/206 226/226/203 232/232/207
f  230/230/158 231/231/206 233/233/162
f  234/234/25 235/235/27 236/236/208
f  234/234/25 236/236/208 237/237/75
f  236/236/208 235/235/27 238/238/209
f  238/238/209 235/235/27 239/239/29
f  237/237/75 236/236/208 240/240/210
f  237/237/75 240/240/210 241/241/76
f  236/236/208 238/238/209 242/242/211
f  236/236/208 242/242/211 240/240/210
f  238/238/209 239/239/29 243/243/212
f  241/241/76 240/240/210 244/244/213
f  243/243/212 239/239/29 245/245/214
f  245/245/214 239/239/29 246/246/30
f  241/241/76 244/244/213 247/247/77
f  245/245/214 246/246/30 248/248/51
f  243/243/212 245/245/214 249/249/215
f  249/249/215 245/245/214 250/250/216
f  243/243/212 249/249/215 251/251/217
f  243/243/212 251/251/217 238/238/209
f  238/238/209 251/251/217 242/242/211
f  250/250/216 245/245/214 252/252/218
f  252/252/218 245/245/214 248/248/51
f  250/250/216 252/252/218 253/253/219
f  253/253/219 252/252/218 248/248/51
f  253/253/219 248/248/51 254/254/52
f  253/253/219 254/254/52 255/255/55
f  242/242/211 251/251/217 256/256/220
f  242/242/211 256/256/220 240/240/210
f  240/240/210 256/256/220 257/257/221
f  240/240/210 257/257/221 244/244/213
f  257/257/221 256/256/220 258/258/222
f  257/257/221 258/258/222 244/244/213
f  256/256/220 251/251/217 259/259/223
f  256/256/220 259/259/223 258/258/222
f  259/259/223 251/251/217 260/260/224
f  259/259/223 260/260/224 261/261/225
f  259/259/223 261/261/225 262/262/226
f  259/259/223 262/262/226 258/258/222
f  262/262/226 261/261/225 263/263/227
f  262/262/226 263/263/227 264/264/228
f  262/262/226 264/264/228 265/265/229
f  262/262/226 265/265/229 258/258/222
f  265/265/229 264/264/228 266/266/230
f  267/267/231 244/244/213 258/258/222
f  267/267/231 258/258/222 265/265/229
f  244/244/213 267/267/231 247/247/77
f  265/265/229 266/266/230 268/268/232
f  265/265/229 268/268/232 267/267/231
f  267/267/231 268/268/232 247/247/77
f  268/268/232 266/266/230 269/269/233
f  247/247/77 268/268/232 270/270/78
f  268/268/232 269/269/233 271/271/71
f  268/268/232 271/271/71 270/270/78
f  270/270/78 271/271/71 272/272/70
f  273/273/97 274/274/234 275/275/96
f  274/274/234 273/273/97 276/276/101
f  275/275/96 274/274/234 277/277/95
f  274/274/234 276/276/101 278/278/112
f  277/277/95 274/274/234 279/279/235
f  279/279/235 274/274/234 278/278/112
f  277/277/95 279/279/235 280/280/93
f  279/279/235 278/278/112 281/281/236
f  279/279/235 281/281/236 280/280/93
f  280/280/93 281/281/236 282/282/92
f  282/282/92 281/281/236 283/283/89
f  281/281/236 278/278/112 284/284/113
f  283/283/89 281/281/236 285/285/237
f  283/283/89 285/285/237 286/286/90
f  285/285/237 281/281/236 287/287/238
f  285/285/237 287/287/238 286/286/90
f  281/281/236 284/284/113 288/288/239
f  281/281/236 288/288/239 289/289/240
f  281/281/236 289/289/240 287/287/238
f  289/289/240 288/288/239 290/290/241
f  289/289/240 290/290/241 287/287/238
f  290/290/241 288/288/239 284/284/113
f  286/286/90 287/287/238 291/291/136
f  286/286/90 291/291/136 292/292/137
f  286/286/90 292/292/137 293/293/88
f  291/291/136 287/287/238 294/294/138
f  293/293/88 292/292/137 295/295/242
f  293/293/88 295/295/242 296/296/86
f  295/295/242 292/292/137 297/297/106
f  295/295/242 297/297/106 296/296/86
f  297/297/106 292/292/137 298/298/132
f  296/296/86 297/297/106 299/299/84
f  299/299/84 297/297/106 300/300/98
f  301/301/243 294/294/138 287/287/238
f  301/301/243 287/287/238 290/290/241
f  302/302/135 294/294/138 303/303/244
f  303/303/244 294/294/138 304/304/245
f  294/294/138 301/301/243 305/305/246
f  305/305/246 301/301/243 290/290/241
f  294/294/138 305/305/246 304/304/245
f  305/305/246 290/290/241 306/306/247
f  304/304/245 305/305/246 307/307/248
f  307/307/248 305/305/246 306/306/247
f  308/308/249 309/309/250 304/304/245
f  308/308/249 304/304/245 310/310/251
f  310/310/251 304/304/245 307/307/248
f  308/308/249 310/310/251 311/311/252
f  310/310/251 307/307/248 312/312/253
f  310/310/251 312/312/253 313/313/254
f  313/313/254 312/312/253 314/314/255
f  314/314/255 312/312/253 315/315/256
f  315/315/256 312/312/253 307/307/248
f  314/314/255 315/315/256 316/316/257
f  316/316/257 315/315/256 317/317/258
f  317/317/258 315/315/256 318/318/259
f  315/315/256 307/307/248 319/319/260
f  315/315/256 319/319/260 318/318/259
f  319/319/260 307/307/248 306/306/247
f  318/318/259 319/319/260 320/320/261
f  320/320/261 319/319/260 306/306/247
f  321/321/262 322/322/263 318/318/259
f  321/321/262 318/318/259 320/320/261
f  320/320/261 306/306/247 323/323/264
f  321/321/262 320/320/261 324/324/265
f  321/321/262 324/324/265 325/325/266
f  325/325/266 324/324/265 326/326/267
f  324/324/265 320/320/261 327/327/268
f  327/327/268 320/320/261 323/323/264
f  323/323/264 306/306/247 328/328/269
f  323/323/264 328/328/269 327/327/268
f  328/328/269 306/306/247 290/290/241
f  328/328/269 290/290/241 284/284/113
f  327/327/268 328/328/269 329/329/270
f  329/329/270 328/328/269 284/284/113
f  324/324/265 327/327/268 330/330/271
f  330/330/271 327/327/268 329/329/270
f  324/324/265 330/330/271 331/331/272
f  324/324/265 331/331/272 332/332/273
f  330/330/271 329/329/270 333/333/274
f  330/330/271 333/333/274 331/331/272
f  332/332/273 331/331/272 334/334/275
f  333/333/274 329/329/270 335/335/276
f  335/335/276 329/329/270 284/284/113
f  335/335/276 284/284/113 336/336/111
f  335/335/276 336/336/111 337/337/114
f  334/334/275 331/331/272 338/338/277
f  331/331/272 333/333/274 339/339/278
f  331/331/272 339/339/278 338/338/277
f  333/333/274 335/335/276 340/340/279
f  340/340/279 335/335/276 337/337/114
f  333/333/274 340/340/279 339/339/278
f  340/340/279 337/337/114 341/341/280
f  340/340/279 341/341/280 339/339/278
f  341/341/280 337/337/114 342/342/281
f  341/341/280 342/342/281 339/339/278
f  342/342/281 337/337/114 343/343/116
f  342/342/281 343/343/116 344/344/121
f  339/339/278 342/342/281 345/345/282
f  345/345/282 342/342/281 344/344/121
f  339/339/278 345/345/282 338/338/277
f  338/338/277 345/345/282 334/334/275
f  345/345/282 344/344/121 346/346/126
f  345/345/282 346/346/126 334/334/275
f  347/347/61 348/348/59 349/349/58
f  348/348/59 347/347/61 350/350/68
f  351/351/59 352/352/55 353/353/54
f  352/352/55 351/351/59 354/354/283
f  355/355/284 356/356/192 357/357/191
f  356/356/192 355/355/284 358/358/193
f  355/355/284 357/357/191 359/359/285
f  359/359/285 357/357/191 360/360/286
f  360/360/286 357/357/191 361/361/196
f  360/360/286 361/361/196 359/359/285
f  355/355/284 359/359/285 362/362/287
f  355/355/284 362/362/287 363/363/288
f  355/355/284 363/363/288 364/364/289
f  355/355/284 364/364/289 358/358/193
f  364/364/289 363/363/288 365/365/290
f  364/364/289 365/365/290 366/366/291
f  364/364/289 366/366/291 358/358/193
f  358/358/193 366/366/291 367/367/194
f  368/368/151 369/369/163 370/370/161
f  371/371/162 372/372/292 370/370/161
f  370/370/161 372/372/292 368/368/151
f  368/368/151 372/372/292 373/373/293
f  373/373/293 372/372/292 374/374/294
f  368/368/151 373/373/293 375/375/295
f  375/375/295 373/373/293 376/376/207
f  368/368/151 375/375/295 377/377/296
f  368/368/151 377/377/296 378/378/150
f  378/378/150 377/377/296 379/379/297
f  379/379/297 377/377/296 375/375/295
f  378/378/150 379/379/297 380/380/175
f  379/379/297 375/375/295 381/381/298
f  381/381/298 375/375/295 382/382/204
f  380/380/175 379/379/297 383/383/299
f  380/380/175 383/383/299 384/384/300
f  379/379/297 381/381/298 385/385/301
f  379/379/297 385/385/301 383/383/299
f  385/385/301 381/381/298 386/386/302
f  383/383/299 385/385/301 387/387/303
f  388/388/68 389/389/283 390/390/59
f  389/389/283 388/388/68 391/391/304
f  391/391/304 388/388/68 392/392/71
f  391/391/304 392/392/71 393/393/233
f  389/389/283 391/391/304 394/394/305
f  391/391/304 393/393/233 395/395/306
f  395/395/306 393/393/233 396/396/307
f  396/396/307 393/393/233 397/397/230
f  396/396/307 397/397/230 398/398/308
f  398/398/308 397/397/230 399/399/228
f  395/395/306 396/396/307 400/400/309
f  391/391/304 395/395/306 401/401/310
f  401/401/310 395/395/306 400/400/309
f  391/391/304 401/401/310 394/394/305
f  401/401/310 400/400/309 402/402/311
f  401/401/310 402/402/311 403/403/312
f  401/401/310 403/403/312 394/394/305
f  403/403/312 402/402/311 404/404/313
f  403/403/312 404/404/313 394/394/305
f  405/405/314 406/406/315 402/402/311
f  402/402/311 406/406/315 404/404/313
f  404/404/313 406/406/315 407/407/316
f  404/404/313 407/407/316 408/408/317
f  408/408/317 407/407/316 409/409/318
f  394/394/305 404/404/313 410/410/319
f  404/404/313 408/408/317 411/411/320
f  404/404/313 411/411/320 410/410/319
f  410/410/319 411/411/320 412/412/321
f  412/412/321 411/411/320 413/413/322
f  413/413/322 411/411/320 408/408/317
f  413/413/322 408/408/317 409/409/318
f  413/413/322 409/409/318 414/414/323
f  414/414/323 409/409/318 415/415/324
f  414/414/323 415/415/324 416/416/325
f  415/415/324 409/409/318 417/417/326
f  417/417/326 409/409/318 418/418/327
f  419/419/328 394/394/305 410/410/319
f  394/394/305 419/419/328 389/389/283
f  389/389/283 419/419/328 420/420/55
f  420/420/55 419/419/328 421/421/219
f  419/419/328 410/410/319 422/422/329
f  419/419/328 422/422/329 421/421/219
f  421/421/219 422/422/329 423/423/216
f  423/423/216 422/422/329 424/424/330
f  423/423/216 424/424/330 425/425/215
f  424/424/330 422/422/329 426/426/331
f  425/425/215 424/424/330 427/427/332
f  427/427/332 424/424/330 426/426/331
f  428/428/333 217/217/195 204/204/182
f  428/428/333 204/204/182 195/195/174
f  428/428/333 195/195/174 196/196/175
f  217/217/195 428/428/333 429/429/334
f  429/429/334 428/428/333 196/196/175
f  217/217/195 429/429/334 218/218/196
f  429/429/334 196/196/175 430/430/300
f  218/218/196 429/429/334 431/431/335
f  431/431/335 429/429/334 430/430/300
f  432/432/336 433/433/337 434/434/338
f  434/434/338 433/433/337 435/435/339
f  433/433/337 432/432/336 436/436/340
f  435/435/339 433/433/337 437/437/341
f  437/437/341 433/433/337 436/436/340
f  435/435/339 437/437/341 438/438/342
f  439/439/343 440/440/344 438/438/342
f  438/438/342 437/437/341 441/441/345
f  438/438/342 441/441/345 439/439/343
f  437/437/341 436/436/340 442/442/346
f  443/443/347 444/444/107 439/439/343
f  443/443/347 439/439/343 441/441/345
f  442/442/346 436/436/340 445/445/348
f  445/445/348 436/436/340 446/446/349
f  437/437/341 442/442/346 447/447/350
f  437/437/341 447/447/350 441/441/345
f  443/443/347 441/441/345 448/448/351
f  447/447/350 442/442/346 449/449/352
f  441/441/345 447/447/350 450/450/353
f  450/450/353 447/447/350 449/449/352
f  449/449/352 442/442/346 451/451/354
f  451/451/354 442/442/346 445/445/348
f  443/443/347 448/448/351 452/452/355
f  443/443/347 452/452/355 453/453/356
f  454/454/357 448/448/351 441/441/345
f  448/448/351 454/454/357 452/452/355
f  454/454/357 441/441/345 450/450/353
f  453/453/356 452/452/355 455/455/358
f  453/453/356 455/455/358 456/456/359
f  455/455/358 452/452/355 457/457/360
f  457/457/360 452/452/355 454/454/357
f  455/455/358 457/457/360 458/458/361
f  457/457/360 454/454/357 459/459/362
f  459/459/362 454/454/357 450/450/353
f  457/457/360 459/459/362 460/460/363
f  460/460/363 459/459/362 461/461/364
f  461/461/364 459/459/362 462/462/365
f  462/462/365 459/459/362 450/450/353
f  462/462/365 450/450/353 463/463/366
f  463/463/366 450/450/353 449/449/352
f  462/462/365 463/463/366 464/464/367
f  462/462/365 464/464/367 465/465/368
f  463/463/366 449/449/352 466/466/369
f  466/466/369 449/449/352 451/451/354
f  463/463/366 466/466/369 467/467/370
f  463/463/366 467/467/370 464/464/367
f  466/466/369 451/451/354 468/468/371
f  466/466/369 468/468/371 467/467/370
f  465/465/368 464/464/367 469/469/372
f  465/465/368 469/469/372 470/470/373
f  464/464/367 467/467/370 471/471/374
f  470/470/373 469/469/372 472/472/375
f  470/470/373 472/472/375 473/473/376
f  469/469/372 464/464/367 474/474/377
f  474/474/377 464/464/367 471/471/374
f  472/472/375 469/469/372 475/475/378
f  475/475/378 469/469/372 474/474/377
f  473/473/376 472/472/375 476/476/379
f  476/476/379 472/472/375 475/475/378
f  473/473/376 476/476/379 477/477/380
f  475/475/378 474/474/377 478/478/381
f  475/475/378 478/478/381 476/476/379
f  478/478/381 474/474/377 479/479/382
f  479/479/382 474/474/377 471/471/374
f  477/477/380 476/476/379 480/480/383
f  477/477/380 480/480/383 481/481/384
f  476/476/379 478/478/381 482/482/385
f  476/476/379 482/482/385 480/480/383
f  481/481/384 480/480/383 483/483/386
f  483/483/386 480/480/383 482/482/385
f  481/481/384 483/483/386 484/484/387
f  485/485/388 486/486/389 484/484/387
f  485/485/388 484/484/387 487/487/390
f  487/487/390 484/484/387 483/483/386
f  487/487/390 483/483/386 488/488/391
f  488/488/391 483/483/386 482/482/385
f  487/487/390 488/488/391 489/489/392
f  488/488/391 482/482/385 490/490/393
f  488/488/391 490/490/393 489/489/392
f  489/489/392 490/490/393 491/491/394
f  489/489/392 491/491/394 492/492/395
f  490/490/393 482/482/385 493/493/396
f  493/493/396 482/482/385 494/494/397
f  494/494/397 482/482/385 478/478/381
f  493/493/396 494/494/397 495/495/398
f  494/494/397 478/478/381 479/479/382
f  495/495/398 494/494/397 496/496/399
f  496/496/399 494/494/397 479/479/382
f  495/495/398 496/496/399 497/497/400
f  496/496/399 479/479/382 471/471/374
f  497/497/400 496/496/399 498/498/401
f  497/497/400 498/498/401 499/499/402
f  497/497/400 499/499/402 500/500/403
f  498/498/401 496/496/399 501/501/404
f  500/500/403 499/499/402 502/502/405
f  500/500/403 502/502/405 503/503/406
f  499/499/402 498/498/401 504/504/407
f  499/499/402 504/504/407 502/502/405
f  504/504/407 498/498/401 501/501/404
f  503/503/406 502/502/405 505/505/408
f  505/505/408 502/502/405 504/504/407
f  504/504/407 501/501/404 506/506/409
f  504/504/407 506/506/409 505/505/408
f  507/507/410 501/501/404 496/496/399
f  507/507/410 496/496/399 471/471/374
f  506/506/409 501/501/404 508/508/411
f  508/508/411 501/501/404 507/507/410
f  507/507/410 471/471/374 509/509/412
f  509/509/412 471/471/374 467/467/370
f  507/507/410 509/509/412 510/510/413
f  510/510/413 509/509/412 467/467/370
f  507/507/410 510/510/413 508/508/411
f  510/510/413 467/467/370 468/468/371
f  510/510/413 468/468/371 508/508/411
f  508/508/411 468/468/371 506/506/409
f  506/506/409 468/468/371 511/511/414
f  511/511/414 468/468/371 451/451/354
f  506/506/409 511/511/414 505/505/408
f  511/511/414 451/451/354 445/445/348
f  505/505/408 511/511/414 512/512/415
f  512/512/415 511/511/414 445/445/348
f  512/512/415 445/445/348 513/513/416
f  512/512/415 513/513/416 505/505/408
f  513/513/416 445/445/348 446/446/349
f  505/505/408 513/513/416 514/514/417
f  505/505/408 514/514/417 503/503/406
f  503/503/406 514/514/417 515/515/418
f  513/513/416 446/446/349 516/516/419
f  513/513/416 516/516/419 514/514/417
f  516/516/419 446/446/349 517/517/420
f  515/515/418 514/514/417 518/518/421
f  518/518/421 514/514/417 516/516/419
f  518/518/421 516/516/419 517/517/420
f  515/515/418 518/518/421 519/519/422
f  519/519/422 518/518/421 517/517/420
f  520/520/422 521/521/423 522/522/424
f  520/520/422 522/522/424 523/523/418
f  523/523/418 522/522/424 524/524/406
f  524/524/406 522/522/424 525/525/403
f  525/525/403 522/522/424 526/526/425
f  526/526/425 522/522/424 521/521/423
f  525/525/403 526/526/425 527/527/400
f  521/521/423 520/520/422 528/528/426
f  527/527/400 526/526/425 529/529/427
f  527/527/400 529/529/427 530/530/398
f  530/530/398 529/529/427 531/531/396
f  529/529/427 526/526/425 532/532/428
f  532/532/428 526/526/425 521/521/423
f  531/531/396 529/529/427 533/533/429
f  533/533/429 529/529/427 532/532/428
f  531/531/396 533/533/429 534/534/393
f  534/534/393 533/533/429 535/535/430
f  535/535/430 533/533/429 532/532/428
f  534/534/393 535/535/430 536/536/394
f  536/536/394 535/535/430 537/537/431
f  537/537/431 535/535/430 532/532/428
f  536/536/394 537/537/431 538/538/395
f  537/537/431 532/532/428 539/539/432
f  540/540/433 532/532/428 521/521/423
f  532/532/428 540/540/433 539/539/432
f  540/540/433 521/521/423 528/528/426
f  537/537/431 539/539/432 541/541/434
f  541/541/434 539/539/432 540/540/433
f  537/537/431 541/541/434 542/542/336
f  540/540/433 528/528/426 543/543/435
f  540/540/433 543/543/435 541/541/434
f  541/541/434 543/543/435 542/542/336
f  543/543/435 528/528/426 520/520/422
f  543/543/435 520/520/422 544/544/420
f  543/543/435 544/544/420 545/545/349
f  542/542/336 543/543/435 546/546/436
f  546/546/436 543/543/435 545/545/349
f  542/542/336 546/546/436 547/547/340
f  547/547/340 546/546/436 545/545/349
f  548/548/338 549/549/339 550/550/437
f  550/550/437 549/549/339 551/551/342
f  552/552/431 553/553/336 548/548/338
f  552/552/431 548/548/338 554/554/395
f  554/554/395 548/548/338 550/550/437
f  550/550/437 551/551/342 555/555/344
f  554/554/395 550/550/437 556/556/438
f  556/556/438 550/550/437 555/555/344
f  557/557/343 558/558/107 555/555/344
f  555/555/344 558/558/107 559/559/439
f  555/555/344 559/559/439 556/556/438
f  559/559/439 558/558/107 560/560/440
f  560/560/440 558/558/107 561/561/347
f  556/556/438 559/559/439 562/562/441
f  562/562/441 559/559/439 560/560/440
f  563/563/442 554/554/395 556/556/438
f  554/554/395 563/563/442 564/564/392
f  564/564/392 563/563/442 565/565/390
f  565/565/390 563/563/442 566/566/443
f  566/566/443 563/563/442 556/556/438
f  566/566/443 556/556/438 562/562/441
f  566/566/443 562/562/441 567/567/444
f  566/566/443 567/567/444 568/568/445
f  567/567/444 562/562/441 569/569/446
f  567/567/444 569/569/446 568/568/445
f  569/569/446 562/562/441 560/560/440
f  568/568/445 569/569/446 570/570/447
f  568/568/445 570/570/447 571/571/359
f  571/571/359 570/570/447 572/572/356
f  570/570/447 569/569/446 573/573/448
f  570/570/447 573/573/448 572/572/356
f  573/573/448 569/569/446 560/560/440
f  572/572/356 573/573/448 561/561/347
f  561/561/347 573/573/448 560/560/440
f  574/574/287 575/575/285 576/576/449
f  576/576/449 575/575/285 577/577/196
f  576/576/449 577/577/196 578/578/331
f  576/576/449 578/578/331 579/579/329
f  576/576/449 579/579/329 580/580/321
f  576/576/449 580/580/321 574/574/287
f  580/580/321 579/579/329 581/581/319
f  574/574/287 580/580/321 582/582/450
f  574/574/287 582/582/450 583/583/288
f  583/583/288 582/582/450 584/584/451
f  583/583/288 584/584/451 585/585/290
f  582/582/450 580/580/321 586/586/452
f  586/586/452 580/580/321 587/587/322
f  586/586/452 587/587/322 588/588/323
f  584/584/451 582/582/450 589/589/453
f  589/589/453 582/582/450 586/586/452
f  584/584/451 589/589/453 590/590/454
f  590/590/454 589/589/453 591/591/455
f  589/589/453 586/586/452 592/592/456
f  592/592/456 586/586/452 588/588/323
f  589/589/453 592/592/456 591/591/455
f  592/592/456 588/588/323 593/593/457
f  592/592/456 593/593/457 591/591/455
f  594/594/162 595/595/294 596/596/292
f  595/595/294 594/594/162 597/597/206
f  595/595/294 597/597/206 598/598/207
f  595/595/294 598/598/207 599/599/293
f  600/600/291 601/601/198 602/602/194
f  601/601/198 600/600/291 603/603/458
f  601/601/198 603/603/458 604/604/199
f  603/603/458 600/600/291 605/605/459
f  605/605/459 600/600/291 606/606/290
f  604/604/199 603/603/458 607/607/460
f  605/605/459 606/606/290 608/608/451
f  607/607/460 603/603/458 609/609/461
f  609/609/461 603/603/458 605/605/459
f  604/604/199 607/607/460 610/610/462
f  610/610/462 607/607/460 609/609/461
f  604/604/199 610/610/462 611/611/201
f  611/611/201 610/610/462 612/612/463
f  612/612/463 610/610/462 613/613/464
f  613/613/464 610/610/462 609/609/461
f  613/613/464 609/609/461 614/614/465
f  613/613/464 614/614/465 615/615/466
f  614/614/465 609/609/461 616/616/467
f  616/616/467 609/609/461 605/605/459
f  614/614/465 616/616/467 617/617/468
f  614/614/465 617/617/468 618/618/469
f  618/618/469 617/617/468 619/619/470
f  617/617/468 616/616/467 620/620/471
f  620/620/471 616/616/467 621/621/472
f  621/621/472 616/616/467 622/622/473
f  622/622/473 616/616/467 623/623/474
f  623/623/474 616/616/467 605/605/459
f  622/622/473 623/623/474 624/624/475
f  623/623/474 605/605/459 625/625/476
f  623/623/474 625/625/476 624/624/475
f  625/625/476 605/605/459 608/608/451
f  624/624/475 625/625/476 626/626/477
f  625/625/476 608/608/451 627/627/454
f  625/625/476 627/627/454 626/626/477
f  628/628/196 629/629/335 630/630/478
f  628/628/196 630/630/478 631/631/331
f  630/630/478 629/629/335 632/632/479
f  632/632/479 629/629/335 633/633/300
f  632/632/479 633/633/300 634/634/299
f  632/632/479 634/634/299 630/630/478
f  630/630/478 634/634/299 635/635/303
f  631/631/331 630/630/478 636/636/332
f  630/630/478 635/635/303 637/637/480
f  630/630/478 637/637/480 636/636/332
f  637/637/480 635/635/303 638/638/481
f  638/638/481 635/635/303 639/639/482
f  638/638/481 639/639/482 640/640/483
f  640/640/483 639/639/482 641/641/484
f  638/638/481 640/640/483 642/642/485
f  638/638/481 642/642/485 637/637/480
f  637/637/480 642/642/485 643/643/486
f  637/637/480 643/643/486 636/636/332
f  643/643/486 642/642/485 644/644/326
f  643/643/486 644/644/326 645/645/327
f  643/643/486 645/645/327 636/636/332
f  636/636/332 645/645/327 646/646/215
f  647/647/316 645/645/327 648/648/318
f  645/645/327 647/647/316 649/649/487
f  645/645/327 649/649/487 646/646/215
f  649/649/487 647/647/316 650/650/315
f  649/649/487 650/650/315 651/651/488
f  651/651/488 650/650/315 652/652/489
f  646/646/215 649/649/487 653/653/224
f  653/653/224 649/649/487 651/651/488
f  646/646/215 653/653/224 654/654/217
f  653/653/224 651/651/488 655/655/490
f  653/653/224 655/655/490 656/656/491
f  653/653/224 656/656/491 657/657/225
f  658/658/492 659/659/493 660/660/494
f  659/659/493 658/658/492 661/661/495
f  661/661/495 658/658/492 662/662/496
f  661/661/495 662/662/496 663/663/497
f  664/664/498 665/665/499 659/659/493
f  664/664/498 659/659/493 666/666/500
f  666/666/500 659/659/493 661/661/495
f  664/664/498 666/666/500 667/667/501
f  666/666/500 661/661/495 668/668/502
f  664/664/498 667/667/501 669/669/503
f  666/666/500 668/668/502 670/670/504
f  666/666/500 670/670/504 667/667/501
f  668/668/502 661/661/495 671/671/505
f  668/668/502 671/671/505 670/670/504
f  672/672/90 661/661/495 663/663/497
f  661/661/495 672/672/90 671/671/505
f  672/672/90 663/663/497 673/673/506
f  672/672/90 673/673/506 674/674/507
f  674/674/507 673/673/506 675/675/508
f  672/672/90 674/674/507 676/676/509
f  676/676/509 674/674/507 675/675/508
f  676/676/509 675/675/508 677/677/510
f  677/677/510 675/675/508 678/678/511
f  677/677/510 678/678/511 679/679/512
f  679/679/512 678/678/511 680/680/513
f  676/676/509 677/677/510 681/681/514
f  676/676/509 681/681/514 682/682/515
f  676/676/509 682/682/515 672/672/90
f  682/682/515 681/681/514 683/683/516
f  672/672/90 682/682/515 684/684/517
f  672/672/90 684/684/517 671/671/505
f  684/684/517 682/682/515 685/685/518
f  685/685/518 682/682/515 686/686/519
f  671/671/505 684/684/517 687/687/520
f  687/687/520 684/684/517 685/685/518
f  685/685/518 686/686/519 688/688/521
f  671/671/505 687/687/520 689/689/522
f  671/671/505 689/689/522 670/670/504
f  687/687/520 685/685/518 690/690/523
f  687/687/520 690/690/523 689/689/522
f  685/685/518 688/688/521 691/691/524
f  685/685/518 691/691/524 690/690/523
f  690/690/523 691/691/524 688/688/521
f  670/670/504 689/689/522 692/692/525
f  692/692/525 689/689/522 690/690/523
f  670/670/504 692/692/525 667/667/501
f  667/667/501 692/692/525 693/693/526
f  693/693/526 692/692/525 690/690/523
f  667/667/501 693/693/526 669/669/503
f  690/690/523 688/688/521 694/694/527
f  690/690/523 694/694/527 693/693/526
f  694/694/527 688/688/521 695/695/528
f  694/694/527 695/695/528 696/696/529
f  693/693/526 694/694/527 697/697/530
f  693/693/526 697/697/530 669/669/503
f  694/694/527 696/696/529 698/698/531
f  694/694/527 698/698/531 697/697/530
f  698/698/531 696/696/529 699/699/532
f  698/698/531 699/699/532 700/700/533
f  701/701/534 702/702/535 700/700/533
f  700/700/533 702/702/535 703/703/536
f  700/700/533 703/703/536 698/698/531
f  698/698/531 703/703/536 704/704/537
f  698/698/531 704/704/537 705/705/538
f  697/697/530 705/705/538 669/669/503
f  669/669/503 705/705/538 706/706/539
f  707/707/540 697/697/530 698/698/531
f  697/697/530 707/707/540 705/705/538
f  705/705/538 707/707/540 698/698/531
f  708/708/541 709/709/542 710/710/543
f  709/709/542 708/708/541 711/711/544
f  708/708/541 710/710/543 712/712/545
f  712/712/545 710/710/543 713/713/546
f  710/710/543 709/709/542 714/714/547
f  710/710/543 714/714/547 713/713/546
f  714/714/547 709/709/542 715/715/548
f  712/712/545 713/713/546 716/716/496
f  714/714/547 715/715/548 717/717/549
f  714/714/547 717/717/549 713/713/546
f  717/717/549 715/715/548 718/718/550
f  717/717/549 718/718/550 719/719/551
f  713/713/546 717/717/549 720/720/552
f  720/720/552 717/717/549 719/719/551
f  713/713/546 720/720/552 716/716/496
f  716/716/496 720/720/552 721/721/497
f  720/720/552 719/719/551 722/722/553
f  721/721/497 720/720/552 723/723/506
f  723/723/506 720/720/552 724/724/554
f  723/723/506 724/724/554 725/725/508
f  720/720/552 722/722/553 726/726/555
f  720/720/552 726/726/555 724/724/554
f  726/726/555 722/722/553 727/727/556
f  727/727/556 722/722/553 728/728/557
f  726/726/555 727/727/556 729/729/558
f  724/724/554 726/726/555 730/730/559
f  730/730/559 726/726/555 729/729/558
f  724/724/554 730/730/559 725/725/508
f  730/730/559 729/729/558 731/731/511
f  730/730/559 731/731/511 725/725/508
f  732/732/494 733/733/493 734/734/499
f  732/732/494 734/734/499 735/735/560
f  735/735/560 734/734/499 736/736/561
f  736/736/561 734/734/499 737/737/498
f  736/736/561 737/737/498 738/738/503
f  736/736/561 738/738/503 739/739/562
f  739/739/562 738/738/503 740/740/539
f  735/735/560 736/736/561 741/741/563
f  741/741/563 736/736/561 739/739/562
f  739/739/562 740/740/539 742/742/564
f  741/741/563 739/739/562 743/743/565
f  743/743/565 739/739/562 742/742/564
f  742/742/564 740/740/539 744/744/537
f  744/744/537 740/740/539 745/745/538
f  742/742/564 744/744/537 746/746/566
f  743/743/565 742/742/564 747/747/567
f  747/747/567 742/742/564 746/746/566
f  746/746/566 744/744/537 748/748/568
f  748/748/568 744/744/537 749/749/536
f  748/748/568 749/749/536 750/750/569
f  748/748/568 750/750/569 751/751/558
f  746/746/566 748/748/568 752/752/570
f  752/752/570 748/748/568 751/751/558
f  746/746/566 752/752/570 747/747/567
f  752/752/570 751/751/558 753/753/556
f  752/752/570 753/753/556 747/747/567
f  747/747/567 753/753/556 754/754/571
f  747/747/567 754/754/571 743/743/565
f  754/754/571 753/753/556 755/755/557
f  743/743/565 754/754/571 756/756/572
f  743/743/565 756/756/572 741/741/563
f  754/754/571 755/755/557 757/757/573
f  757/757/573 755/755/557 758/758/553
f  757/757/573 758/758/553 759/759/551
f  757/757/573 759/759/551 760/760/574
f  757/757/573 760/760/574 754/754/571
f  760/760/574 759/759/551 761/761/550
f  754/754/571 760/760/574 762/762/575
f  762/762/575 760/760/574 761/761/550
f  754/754/571 762/762/575 756/756/572
f  763/763/576 741/741/563 756/756/572
f  763/763/576 756/756/572 762/762/575
f  741/741/563 763/763/576 735/735/560
f  762/762/575 761/761/550 764/764/577
f  764/764/577 761/761/550 765/765/548
f  763/763/576 762/762/575 766/766/578
f  764/764/577 765/765/548 767/767/579
f  764/764/577 767/767/579 762/762/575
f  762/762/575 767/767/579 766/766/578
f  767/767/579 765/765/548 768/768/542
f  767/767/579 768/768/542 769/769/544
f  766/766/578 767/767/579 770/770/580
f  766/766/578 770/770/580 763/763/576
f  770/770/580 767/767/579 769/769/544
f  763/763/576 770/770/580 735/735/560
f  735/735/560 770/770/580 732/732/494
f  732/732/494 770/770/580 769/769/544
f  732/732/494 769/769/544 771/771/541
f  732/732/494 771/771/541 772/772/545
f  732/732/494 772/772/545 773/773/492
f  773/773/492 772/772/545 774/774/496
f  775/775/295 776/776/207 777/777/204
f  777/777/204 776/776/207 778/778/203
f  779/779/581 780/780/582 781/781/445
f  781/781/445 780/780/582 782/782/443
f  779/779/581 781/781/445 783/783/359
f  780/780/582 779/779/581 784/784/583
f  780/780/582 784/784/583 782/782/443
f  785/785/390 782/782/443 786/786/388
f  786/786/388 782/782/443 787/787/389
f  787/787/389 782/782/443 788/788/584
f  788/788/584 782/782/443 784/784/583
f  788/788/584 784/784/583 789/789/585
f  784/784/583 779/779/581 790/790/586
f  784/784/583 790/790/586 791/791/587
f  790/790/586 779/779/581 792/792/588
f  792/792/588 779/779/581 783/783/359
f  791/791/587 790/790/586 793/793/589
f  793/793/589 790/790/586 792/792/588
f  791/791/587 793/793/589 794/794/590
f  794/794/590 793/793/589 795/795/591
f  795/795/591 793/793/589 792/792/588
f  795/795/591 792/792/588 796/796/592
f  796/796/592 792/792/588 783/783/359
f  796/796/592 783/783/359 797/797/361
f  798/798/309 799/799/307 800/800/308
f  798/798/309 800/800/308 801/801/593
f  798/798/309 801/801/593 802/802/311
f  802/802/311 801/801/593 803/803/314
f  804/804/489 805/805/315 803/803/314
f  804/804/489 803/803/314 801/801/593
f  801/801/593 800/800/308 806/806/594
f  806/806/594 800/800/308 807/807/595
f  804/804/489 801/801/593 808/808/596
f  806/806/594 807/807/595 809/809/597
f  804/804/489 808/808/596 810/810/598
f  810/810/598 808/808/596 811/811/599
f  810/810/598 811/811/599 812/812/600
f  808/808/596 801/801/593 813/813/601
f  813/813/601 801/801/593 806/806/594
f  811/811/599 808/808/596 814/814/602
f  814/814/602 808/808/596 813/813/601
f  811/811/599 814/814/602 815/815/603
f  813/813/601 806/806/594 816/816/604
f  816/816/604 806/806/594 809/809/597
f  813/813/601 816/816/604 817/817/605
f  813/813/601 817/817/605 814/814/602
f  817/817/605 816/816/604 809/809/597
f  815/815/603 814/814/602 818/818/606
f  818/818/606 814/814/602 817/817/605
f  815/815/603 818/818/606 819/819/607
f  819/819/607 818/818/606 817/817/605
f  819/819/607 817/817/605 820/820/608
f  820/820/608 817/817/605 809/809/597
f  820/820/608 809/809/597 821/821/609
f  822/822/134 823/823/129 824/824/128
f  823/823/129 822/822/134 825/825/610
f  823/823/129 825/825/610 826/826/122
f  826/826/122 825/825/610 827/827/123
f  827/827/123 825/825/610 828/828/124
f  828/828/124 825/825/610 829/829/611
f  825/825/610 822/822/134 830/830/244
f  825/825/610 830/830/244 829/829/611
f  830/830/244 822/822/134 831/831/135
f  829/829/611 830/830/244 832/832/612
f  829/829/611 832/832/612 833/833/613
f  832/832/612 830/830/244 834/834/250
f  834/834/250 830/830/244 835/835/245
f  833/833/613 832/832/612 836/836/614
f  836/836/614 832/832/612 834/834/250
f  833/833/613 836/836/614 837/837/252
f  836/836/614 834/834/250 838/838/249
f  836/836/614 838/838/249 837/837/252
f  839/839/263 840/840/262 841/841/266
f  839/839/263 841/841/266 842/842/615
f  842/842/615 841/841/266 843/843/267
f  842/842/615 843/843/267 844/844/616
f  844/844/616 843/843/267 845/845/265
f  844/844/616 845/845/265 846/846/273
f  844/844/616 846/846/273 847/847/617
f  847/847/617 846/846/273 848/848/275
f  847/847/617 848/848/275 849/849/126
f  844/844/616 847/847/617 850/850/618
f  847/847/617 849/849/126 851/851/619
f  847/847/617 851/851/619 850/850/618
f  851/851/619 849/849/126 852/852/620
f  852/852/620 849/849/126 853/853/127
f  851/851/619 852/852/620 854/854/621
f  851/851/619 854/854/621 850/850/618
f  854/854/621 852/852/620 855/855/622
f  844/844/616 850/850/618 856/856/472
f  856/856/472 850/850/618 857/857/623
f  844/844/616 856/856/472 858/858/624
f  858/858/624 856/856/472 859/859/473
f  858/858/624 859/859/473 860/860/475
f  844/844/616 858/858/624 842/842/615
f  842/842/615 858/858/624 860/860/475
f  842/842/615 860/860/475 861/861/477
f  842/842/615 861/861/477 862/862/625
f  842/842/615 862/862/625 839/839/263
f  862/862/625 861/861/477 863/863/454
f  839/839/263 862/862/625 864/864/258
f  864/864/258 862/862/625 863/863/454
f  839/839/263 864/864/258 865/865/259
f  864/864/258 863/863/454 866/866/626
f  866/866/626 863/863/454 867/867/455
f  864/864/258 866/866/626 868/868/627
f  868/868/627 866/866/626 867/867/455
f  868/868/627 867/867/455 869/869/457
f  864/864/258 868/868/627 870/870/257
f  868/868/627 869/869/457 871/871/590
f  870/870/257 868/868/627 872/872/628
f  872/872/628 868/868/627 871/871/590
f  870/870/257 872/872/628 873/873/255
f  872/872/628 871/871/590 874/874/591
f  873/873/255 872/872/628 875/875/629
f  875/875/629 872/872/628 874/874/591
f  876/876/630 877/877/298 878/878/204
f  877/877/298 876/876/630 879/879/302
f  879/879/302 876/876/630 878/878/204
f  879/879/302 878/878/204 880/880/201
f  879/879/302 880/880/201 881/881/463
f  879/879/302 881/881/463 882/882/631
f  879/879/302 882/882/631 883/883/301
f  883/883/301 882/882/631 884/884/632
f  884/884/632 882/882/631 881/881/463
f  883/883/301 884/884/632 885/885/633
f  884/884/632 881/881/463 886/886/634
f  886/886/634 881/881/463 887/887/464
f  888/888/303 889/889/301 890/890/633
f  891/891/308 892/892/228 893/893/635
f  893/893/635 892/892/228 894/894/227
f  891/891/308 893/893/635 895/895/595
f  895/895/595 893/893/635 896/896/636
f  895/895/595 896/896/636 897/897/597
f  893/893/635 894/894/227 898/898/637
f  898/898/637 894/894/227 899/899/225
f  898/898/637 899/899/225 900/900/491
f  893/893/635 898/898/637 901/901/638
f  893/893/635 901/901/638 896/896/636
f  898/898/637 900/900/491 902/902/489
f  898/898/637 902/902/489 901/901/638
f  902/902/489 900/900/491 903/903/490
f  902/902/489 903/903/490 904/904/488
f  901/901/638 902/902/489 905/905/598
f  906/906/639 897/897/597 896/896/636
f  906/906/639 896/896/636 901/901/638
f  897/897/597 906/906/639 907/907/609
f  907/907/609 906/906/639 908/908/640
f  901/901/638 905/905/598 909/909/641
f  901/901/638 909/909/641 906/906/639
f  909/909/641 905/905/598 910/910/600
f  908/908/640 906/906/639 911/911/642
f  911/911/642 906/906/639 909/909/641
f  908/908/640 911/911/642 912/912/643
f  909/909/641 910/910/600 913/913/644
f  909/909/641 913/913/644 911/911/642
f  911/911/642 913/913/644 912/912/643
f  913/913/644 910/910/600 914/914/645
f  913/913/644 914/914/645 915/915/646
f  913/913/644 915/915/646 912/912/643
f  912/912/643 915/915/646 916/916/647
f  917/917/648 918/918/649 919/919/521
f  918/918/649 917/917/648 920/920/650
f  921/921/521 922/922/519 923/923/651
f  921/921/521 923/923/651 924/924/648
f  924/924/648 923/923/651 925/925/652
f  923/923/651 922/922/519 926/926/516
f  923/923/651 926/926/516 925/925/652
f  926/926/516 922/922/519 927/927/515
f  925/925/652 926/926/516 928/928/653
f  925/925/652 928/928/653 929/929/654
f  929/929/654 928/928/653 930/930/655
f  929/929/654 930/930/655 931/931/656
f  931/931/656 930/930/655 932/932/657
f  930/930/655 928/928/653 933/933/658
f  933/933/658 928/928/653 934/934/659
f  932/932/657 930/930/655 935/935/660
f  935/935/660 930/930/655 933/933/658
f  932/932/657 935/935/660 936/936/647
f  933/933/658 934/934/659 937/937/661
f  933/933/658 937/937/661 935/935/660
f  937/937/661 934/934/659 938/938/662
f  937/937/661 938/938/662 939/939/663
f  936/936/647 935/935/660 940/940/643
f  937/937/661 939/939/663 941/941/664
f  937/937/661 941/941/664 935/935/660
f  941/941/664 939/939/663 942/942/665
f  941/941/664 942/942/665 943/943/666
f  941/941/664 943/943/666 935/935/660
f  940/940/643 935/935/660 944/944/667
f  944/944/667 935/935/660 943/943/666
f  940/940/643 944/944/667 945/945/668
f  945/945/668 944/944/667 943/943/666
f  945/945/668 943/943/666 946/946/669
f  940/940/643 945/945/668 947/947/640
f  947/947/640 945/945/668 948/948/670
f  948/948/670 945/945/668 949/949/671
f  950/950/124 951/951/611 952/952/613
f  950/950/124 952/952/613 953/953/672
f  950/950/124 953/953/672 954/954/125
f  954/954/125 953/953/672 955/955/673
f  955/955/673 953/953/672 952/952/613
f  954/954/125 955/955/673 956/956/127
f  955/955/673 952/952/613 957/957/674
f  955/955/673 957/957/674 956/956/127
f  957/957/674 952/952/613 958/958/252
f  957/957/674 958/958/252 959/959/675
f  956/956/127 957/957/674 960/960/676
f  960/960/676 957/957/674 959/959/675
f  960/960/676 959/959/675 961/961/255
f  961/961/255 959/959/675 962/962/254
f  960/960/676 961/961/255 963/963/629
f  956/956/127 960/960/676 964/964/677
f  956/956/127 964/964/677 965/965/678
f  956/956/127 965/965/678 966/966/620
f  965/965/678 964/964/677 967/967/679
f  966/966/620 965/965/678 968/968/680
f  968/968/680 965/965/678 967/967/679
f  966/966/620 968/968/680 969/969/681
f  968/968/680 967/967/679 970/970/682
f  968/968/680 970/970/682 969/969/681
f  971/971/528 972/972/521 973/973/649
f  971/971/528 973/973/649 974/974/683
f  971/971/528 974/974/683 975/975/529
f  975/975/529 974/974/683 976/976/532
f  974/974/683 973/973/649 977/977/684
f  977/977/684 973/973/649 978/978/685
f  976/976/532 974/974/683 979/979/686
f  979/979/686 974/974/683 977/977/684
f  977/977/684 978/978/685 980/980/687
f  977/977/684 980/980/687 979/979/686
f  980/980/687 978/978/685 981/981/688
f  976/976/532 979/979/686 982/982/689
f  982/982/689 979/979/686 980/980/687
f  976/976/532 982/982/689 983/983/533
f  980/980/687 981/981/688 984/984/654
f  983/983/533 982/982/689 985/985/690
f  980/980/687 984/984/654 986/986/691
f  986/986/691 984/984/654 987/987/656
f  986/986/691 987/987/656 988/988/657
f  986/986/691 988/988/657 989/989/647
f  986/986/691 989/989/647 990/990/646
f  986/986/691 990/990/646 991/991/692
f  992/992/693 982/982/689 980/980/687
f  980/980/687 986/986/691 993/993/694
f  980/980/687 993/993/694 992/992/693
f  986/986/691 991/991/692 994/994/695
f  986/986/691 994/994/695 993/993/694
f  994/994/695 991/991/692 995/995/696
f  994/994/695 995/995/696 996/996/665
f  996/996/665 995/995/696 997/997/666
f  994/994/695 996/996/665 998/998/663
f  994/994/695 998/998/663 993/993/694
f  993/993/694 998/998/663 999/999/662
f  1000/1000/697 992/992/693 993/993/694
f  992/992/693 1000/1000/697 982/982/689
f  1000/1000/697 993/993/694 999/999/662
f  982/982/689 1000/1000/697 985/985/690
f  1000/1000/697 999/999/662 1001/1001/698
f  1001/1001/698 999/999/662 1002/1002/659
f  985/985/690 1000/1000/697 1003/1003/699
f  985/985/690 1003/1003/699 983/983/533
f  983/983/533 1003/1003/699 1004/1004/534
f  1003/1003/699 1000/1000/697 1005/1005/700
f  1005/1005/700 1000/1000/697 1001/1001/698
f  1004/1004/534 1003/1003/699 1006/1006/701
f  1006/1006/701 1003/1003/699 1005/1005/700
f  1004/1004/534 1006/1006/701 1007/1007/702
f  1005/1005/700 1001/1001/698 1008/1008/703
f  1006/1006/701 1005/1005/700 1009/1009/512
f  1009/1009/512 1005/1005/700 1008/1008/703
f  1006/1006/701 1009/1009/512 1010/1010/513
f  1008/1008/703 1001/1001/698 1011/1011/704
f  1008/1008/703 1011/1011/704 1009/1009/512
f  1011/1011/704 1001/1001/698 1002/1002/659
f  1009/1009/512 1011/1011/704 1012/1012/510
f  1011/1011/704 1002/1002/659 1013/1013/653
f  1012/1012/510 1011/1011/704 1014/1014/514
f  1011/1011/704 1013/1013/653 1015/1015/705
f  1011/1011/704 1015/1015/705 1014/1014/514
f  1015/1015/705 1013/1013/653 1016/1016/516
f  1015/1015/705 1016/1016/516 1014/1014/514
f  1017/1017/251 1018/1018/254 1019/1019/252
f  1019/1019/252 1018/1018/254 1020/1020/675
f  1021/1021/706 1022/1022/707 1023/1023/708
f  1022/1022/707 1021/1021/706 1024/1024/709
f  1021/1021/706 1023/1023/708 1025/1025/710
f  1021/1021/706 1025/1025/710 1026/1026/711
f  1021/1021/706 1026/1026/711 1027/1027/712
f  1021/1021/706 1027/1027/712 1028/1028/713
f  1027/1027/712 1026/1026/711 1029/1029/714
f  1029/1029/714 1026/1026/711 1030/1030/715
f  1029/1029/714 1030/1030/715 1031/1031/716
f  1028/1028/713 1027/1027/712 1032/1032/717
f  1032/1032/717 1027/1027/712 1029/1029/714
f  1028/1028/713 1032/1032/717 1033/1033/718
f  1033/1033/718 1032/1032/717 1034/1034/719
f  1032/1032/717 1029/1029/714 1035/1035/720
f  1032/1032/717 1035/1035/720 1034/1034/719
f  1035/1035/720 1029/1029/714 1031/1031/716
f  1034/1034/719 1035/1035/720 1036/1036/721
f  1035/1035/720 1031/1031/716 1037/1037/722
f  1036/1036/721 1035/1035/720 1038/1038/723
f  1035/1035/720 1037/1037/722 1039/1039/724
f  1038/1038/723 1035/1035/720 1040/1040/725
f  1040/1040/725 1035/1035/720 1039/1039/724
f  1039/1039/724 1037/1037/722 1041/1041/726
f  1039/1039/724 1041/1041/726 1040/1040/725
f  1041/1041/726 1037/1037/722 1042/1042/727
f  1041/1041/726 1042/1042/727 1043/1043/728
f  1036/1036/721 1038/1038/723 1044/1044/729
f  1044/1044/729 1038/1038/723 1040/1040/725
f  1036/1036/721 1044/1044/729 1045/1045/730
f  1044/1044/729 1040/1040/725 1046/1046/731
f  1040/1040/725 1041/1041/726 1047/1047/732
f  1040/1040/725 1047/1047/732 1046/1046/731
f  1041/1041/726 1043/1043/728 1048/1048/733
f  1041/1041/726 1048/1048/733 1047/1047/732
f  1048/1048/733 1043/1043/728 1049/1049/734
f  1044/1044/729 1046/1046/731 1050/1050/735
f  1050/1050/735 1046/1046/731 1047/1047/732
f  1044/1044/729 1050/1050/735 1051/1051/736
f  1048/1048/733 1049/1049/734 1052/1052/737
f  1050/1050/735 1047/1047/732 1053/1053/738
f  1050/1050/735 1053/1053/738 1054/1054/739
f  1055/1055/740 1047/1047/732 1048/1048/733
f  1055/1055/740 1048/1048/733 1052/1052/737
f  1047/1047/732 1055/1055/740 1053/1053/738
f  1054/1054/739 1053/1053/738 1056/1056/741
f  1055/1055/740 1052/1052/737 1057/1057/742
f  1055/1055/740 1057/1057/742 1053/1053/738
f  1057/1057/742 1052/1052/737 1049/1049/734
f  1056/1056/741 1053/1053/738 1058/1058/743
f  1058/1058/743 1053/1053/738 1057/1057/742
f  1056/1056/741 1058/1058/743 1059/1059/744
f  1056/1056/741 1059/1059/744 1060/1060/745
f  1060/1060/745 1059/1059/744 1061/1061/746
f  1059/1059/744 1058/1058/743 1062/1062/747
f  1059/1059/744 1062/1062/747 1061/1061/746
f  1062/1062/747 1058/1058/743 1057/1057/742
f  1062/1062/747 1057/1057/742 1049/1049/734
f  1061/1061/746 1062/1062/747 1063/1063/748
f  1063/1063/748 1062/1062/747 1049/1049/734
f  1064/1064/629 1065/1065/708 1066/1066/707
f  1065/1065/708 1064/1064/629 1067/1067/749
f  1067/1067/749 1064/1064/629 1068/1068/592
f  1068/1068/592 1064/1064/629 1069/1069/591
f  1064/1064/629 1066/1066/707 1070/1070/709
f  1064/1064/629 1070/1070/709 1071/1071/676
f  1072/1072/713 1070/1070/709 1073/1073/706
f  1071/1071/676 1070/1070/709 1074/1074/750
f  1074/1074/750 1070/1070/709 1072/1072/713
f  1074/1074/750 1072/1072/713 1075/1075/751
f  1075/1075/751 1072/1072/713 1076/1076/718
f  1075/1075/751 1076/1076/718 1077/1077/719
f  1074/1074/750 1075/1075/751 1078/1078/752
f  1071/1071/676 1074/1074/750 1079/1079/753
f  1071/1071/676 1079/1079/753 1080/1080/677
f  1080/1080/677 1079/1079/753 1081/1081/679
f  1074/1074/750 1078/1078/752 1082/1082/754
f  1074/1074/750 1082/1082/754 1079/1079/753
f  1082/1082/754 1078/1078/752 1083/1083/755
f  1081/1081/679 1079/1079/753 1084/1084/756
f  1084/1084/756 1079/1079/753 1082/1082/754
f  1082/1082/754 1083/1083/755 1085/1085/757
f  1082/1082/754 1085/1085/757 1084/1084/756
f  1085/1085/757 1083/1083/755 1086/1086/758
f  1085/1085/757 1086/1086/758 1087/1087/759
f  1085/1085/757 1087/1087/759 1088/1088/760
f  1085/1085/757 1088/1088/760 1084/1084/756
f  1089/1089/761 1087/1087/759 1090/1090/762
f  1087/1087/759 1089/1089/761 1091/1091/763
f  1087/1087/759 1091/1091/763 1088/1088/760
f  1091/1091/763 1089/1089/761 1092/1092/764
f  1091/1091/763 1092/1092/764 1093/1093/765
f  1088/1088/760 1091/1091/763 1094/1094/766
f  1094/1094/766 1091/1091/763 1093/1093/765
f  1094/1094/766 1093/1093/765 1095/1095/767
f  1095/1095/767 1093/1093/765 1096/1096/768
f  1088/1088/760 1094/1094/766 1097/1097/769
f  1088/1088/760 1097/1097/769 1084/1084/756
f  1084/1084/756 1097/1097/769 1098/1098/770
f  1084/1084/756 1098/1098/770 1099/1099/771
f  1084/1084/756 1099/1099/771 1081/1081/679
f  1099/1099/771 1098/1098/770 1100/1100/772
f  1081/1081/679 1099/1099/771 1101/1101/773
f  1099/1099/771 1100/1100/772 1102/1102/774
f  1099/1099/771 1102/1102/774 1101/1101/773
f  1103/1103/650 1104/1104/648 1105/1105/652
f  1103/1103/650 1105/1105/652 1106/1106/688
f  1106/1106/688 1105/1105/652 1107/1107/654
f  1103/1103/650 1106/1106/688 1108/1108/685
f  1103/1103/650 1108/1108/685 1109/1109/649
f  1110/1110/358 1111/1111/361 1112/1112/359
f  1113/1113/584 1114/1114/585 1115/1115/775
f  1113/1113/584 1115/1115/775 1116/1116/389
f  1115/1115/775 1114/1114/585 1117/1117/776
f  1115/1115/775 1117/1117/776 1118/1118/777
f  1118/1118/777 1117/1117/776 1119/1119/778
f  1117/1117/776 1114/1114/585 1120/1120/779
f  1119/1119/778 1117/1117/776 1121/1121/780
f  1121/1121/780 1117/1117/776 1120/1120/779
f  1119/1119/778 1121/1121/780 1122/1122/781
f  1122/1122/781 1121/1121/780 1123/1123/782
f  1122/1122/781 1123/1123/782 1124/1124/783
f  1121/1121/780 1120/1120/779 1125/1125/784
f  1121/1121/780 1125/1125/784 1123/1123/782
f  1125/1125/784 1120/1120/779 1126/1126/785
f  1125/1125/784 1126/1126/785 1123/1123/782
f  1124/1124/783 1123/1123/782 1127/1127/607
f  1124/1124/783 1127/1127/607 1128/1128/608
f  1127/1127/607 1123/1123/782 1129/1129/603
f  1129/1129/603 1123/1123/782 1130/1130/599
f  1130/1130/599 1123/1123/782 1126/1126/785
f  1130/1130/599 1126/1126/785 1131/1131/324
f  1130/1130/599 1131/1131/324 1132/1132/786
f  1130/1130/599 1132/1132/786 1133/1133/600
f  1132/1132/786 1131/1131/324 1134/1134/326
f  1131/1131/324 1126/1126/785 1135/1135/325
f  1132/1132/786 1134/1134/326 1136/1136/787
f  1132/1132/786 1136/1136/787 1133/1133/600
f  1136/1136/787 1134/1134/326 1137/1137/485
f  1133/1133/600 1136/1136/787 1138/1138/645
f  1136/1136/787 1137/1137/485 1139/1139/483
f  1138/1138/645 1136/1136/787 1140/1140/788
f  1136/1136/787 1139/1139/483 1141/1141/484
f  1136/1136/787 1141/1141/484 1140/1140/788
f  1142/1142/789 1135/1135/325 1126/1126/785
f  1142/1142/789 1126/1126/785 1120/1120/779
f  1143/1143/457 1144/1144/323 1135/1135/325
f  1143/1143/457 1135/1135/325 1145/1145/587
f  1145/1145/587 1135/1135/325 1142/1142/789
f  1143/1143/457 1145/1145/587 1146/1146/590
f  1142/1142/789 1120/1120/779 1147/1147/790
f  1142/1142/789 1147/1147/790 1145/1145/587
f  1147/1147/790 1120/1120/779 1114/1114/585
f  1145/1145/587 1147/1147/790 1148/1148/583
f  1148/1148/583 1147/1147/790 1114/1114/585
f  1149/1149/791 1150/1150/303 1151/1151/633
f  1150/1150/303 1149/1149/791 1152/1152/482
f  1152/1152/482 1149/1149/791 1153/1153/434
f  1152/1152/482 1153/1153/434 1154/1154/484
f  1153/1153/434 1149/1149/791 1155/1155/792
f  1155/1155/792 1149/1149/791 1156/1156/793
f  1155/1155/792 1156/1156/793 1157/1157/794
f  1155/1155/792 1157/1157/794 1153/1153/434
f  1154/1154/484 1153/1153/434 1158/1158/795
f  1158/1158/795 1153/1153/434 1157/1157/794
f  1154/1154/484 1158/1158/795 1159/1159/788
f  1158/1158/795 1157/1157/794 1160/1160/796
f  1160/1160/796 1157/1157/794 1161/1161/797
f  1159/1159/788 1158/1158/795 1162/1162/798
f  1162/1162/798 1158/1158/795 1163/1163/799
f  1163/1163/799 1158/1158/795 1160/1160/796
f  1159/1159/788 1162/1162/798 1164/1164/800
f  1159/1159/788 1164/1164/800 1165/1165/645
f  1162/1162/798 1163/1163/799 1166/1166/801
f  1162/1162/798 1166/1166/801 1164/1164/800
f  1163/1163/799 1160/1160/796 1167/1167/802
f  1163/1163/799 1167/1167/802 1166/1166/801
f  1168/1168/692 1169/1169/646 1165/1165/645
f  1168/1168/692 1165/1165/645 1164/1164/800
f  1168/1168/692 1164/1164/800 1170/1170/696
f  1170/1170/696 1164/1164/800 1171/1171/803
f  1164/1164/800 1166/1166/801 1172/1172/804
f  1164/1164/800 1172/1172/804 1173/1173/805
f  1172/1172/804 1166/1166/801 1174/1174/806
f  1174/1174/806 1166/1166/801 1167/1167/802
f  1174/1174/806 1167/1167/802 1175/1175/807
f  1175/1175/807 1167/1167/802 1160/1160/796
f  1174/1174/806 1175/1175/807 1176/1176/808
f  1174/1174/806 1176/1176/808 1177/1177/809
f  1177/1177/809 1176/1176/808 1178/1178/810
f  1175/1175/807 1160/1160/796 1179/1179/811
f  1175/1175/807 1179/1179/811 1176/1176/808
f  1179/1179/811 1160/1160/796 1180/1180/812
f  1178/1178/810 1176/1176/808 1181/1181/813
f  1181/1181/813 1176/1176/808 1179/1179/811
f  1178/1178/810 1181/1181/813 1182/1182/814
f  1181/1181/813 1179/1179/811 1183/1183/815
f  1184/1184/387 1185/1185/389 1186/1186/505
f  1184/1184/387 1186/1186/505 1187/1187/384
f  1187/1187/384 1186/1186/505 1188/1188/816
f  1187/1187/384 1188/1188/816 1189/1189/817
f  1187/1187/384 1189/1189/817 1190/1190/818
f  1187/1187/384 1190/1190/818 1191/1191/380
f  1190/1190/818 1189/1189/817 1192/1192/819
f  1192/1192/819 1189/1189/817 1193/1193/820
f  1191/1191/380 1190/1190/818 1194/1194/821
f  1194/1194/821 1190/1190/818 1192/1192/819
f  1192/1192/819 1193/1193/820 1195/1195/822
f  1191/1191/380 1194/1194/821 1196/1196/823
f  1191/1191/380 1196/1196/823 1197/1197/376
f  1197/1197/376 1196/1196/823 1198/1198/373
f  1198/1198/373 1196/1196/823 1199/1199/368
f  1192/1192/819 1195/1195/822 1200/1200/824
f  1194/1194/821 1192/1192/819 1201/1201/825
f  1201/1201/825 1192/1192/819 1200/1200/824
f  1200/1200/824 1195/1195/822 1202/1202/826
f  1194/1194/821 1201/1201/825 1203/1203/827
f  1203/1203/827 1201/1201/825 1200/1200/824
f  1194/1194/821 1203/1203/827 1196/1196/823
f  1200/1200/824 1202/1202/826 1204/1204/828
f  1204/1204/828 1202/1202/826 1205/1205/829
f  1203/1203/827 1200/1200/824 1206/1206/830
f  1206/1206/830 1200/1200/824 1204/1204/828
f  1196/1196/823 1203/1203/827 1207/1207/831
f  1196/1196/823 1207/1207/831 1199/1199/368
f  1207/1207/831 1203/1203/827 1206/1206/830
f  1199/1199/368 1207/1207/831 1208/1208/832
f  1208/1208/832 1207/1207/831 1206/1206/830
f  1199/1199/368 1208/1208/832 1209/1209/365
f  1209/1209/365 1208/1208/832 1210/1210/364
f  1210/1210/364 1208/1208/832 1211/1211/715
f  1211/1211/715 1208/1208/832 1206/1206/830
f  1211/1211/715 1206/1206/830 1212/1212/833
f  1212/1212/833 1206/1206/830 1204/1204/828
f  1211/1211/715 1212/1212/833 1213/1213/716
f  1212/1212/833 1204/1204/828 1214/1214/834
f  1212/1212/833 1214/1214/834 1215/1215/835
f  1214/1214/834 1204/1204/828 1216/1216/836
f  1216/1216/836 1204/1204/828 1205/1205/829
f  1214/1214/834 1216/1216/836 1217/1217/837
f  1217/1217/837 1216/1216/836 1218/1218/838
f  1218/1218/838 1216/1216/836 1219/1219/839
f  1220/1220/840 1221/1221/841 1222/1222/842
f  1220/1220/840 1222/1222/842 1223/1223/797
f  1220/1220/840 1223/1223/797 1224/1224/794
f  1220/1220/840 1224/1224/794 1225/1225/793
f  1220/1220/840 1225/1225/793 1226/1226/633
f  1226/1226/633 1225/1225/793 1227/1227/791
f  1220/1220/840 1226/1226/633 1228/1228/843
f  1228/1228/843 1226/1226/633 1229/1229/632
f  1220/1220/840 1228/1228/843 1230/1230/844
f  1230/1230/844 1228/1228/843 1229/1229/632
f  1220/1220/840 1230/1230/844 1221/1221/841
f  1230/1230/844 1229/1229/632 1231/1231/634
f  1230/1230/844 1231/1231/634 1232/1232/845
f  1230/1230/844 1232/1232/845 1233/1233/846
f  1230/1230/844 1233/1233/846 1221/1221/841
f  1233/1233/846 1232/1232/845 1234/1234/847
f  1233/1233/846 1234/1234/847 1235/1235/848
f  1233/1233/846 1235/1235/848 1221/1221/841
f  1235/1235/848 1234/1234/847 1236/1236/849
f  1221/1221/841 1235/1235/848 1237/1237/850
f  1237/1237/850 1235/1235/848 1238/1238/851
f  1221/1221/841 1237/1237/850 1239/1239/852
f  1221/1221/841 1239/1239/852 1222/1222/842
f  1222/1222/842 1239/1239/852 1240/1240/853
f  1240/1240/853 1239/1239/852 1241/1241/854
f  1240/1240/853 1241/1241/854 1242/1242/855
f  1222/1222/842 1240/1240/853 1243/1243/856
f  1243/1243/856 1240/1240/853 1242/1242/855
f  1222/1222/842 1243/1243/856 1223/1223/797
f  1243/1243/856 1242/1242/855 1244/1244/812
f  1223/1223/797 1243/1243/856 1245/1245/796
f  1245/1245/796 1243/1243/856 1244/1244/812
f  1246/1246/708 1247/1247/749 1248/1248/710
f  1248/1248/710 1247/1247/749 1249/1249/857
f  1249/1249/857 1247/1247/749 1250/1250/592
f  1249/1249/857 1250/1250/592 1251/1251/361
f  1249/1249/857 1251/1251/361 1252/1252/858
f  1252/1252/858 1251/1251/361 1253/1253/360
f  1249/1249/857 1252/1252/858 1254/1254/859
f  1254/1254/859 1252/1252/858 1253/1253/360
f  1249/1249/857 1254/1254/859 1248/1248/710
f  1248/1248/710 1254/1254/859 1253/1253/360
f  1248/1248/710 1253/1253/360 1255/1255/363
f  1248/1248/710 1255/1255/363 1256/1256/711
f  1256/1256/711 1255/1255/363 1257/1257/364
f  1256/1256/711 1257/1257/364 1258/1258/715
f  1259/1259/775 1260/1260/505 1261/1261/389
f  1260/1260/505 1259/1259/775 1262/1262/860
f  1262/1262/860 1259/1259/775 1263/1263/777
f  1260/1260/505 1262/1262/860 1264/1264/816
f  1262/1262/860 1263/1263/777 1265/1265/861
f  1262/1262/860 1265/1265/861 1264/1264/816
f  1265/1265/861 1263/1263/777 1266/1266/778
f  1264/1264/816 1265/1265/861 1267/1267/862
f  1267/1267/862 1265/1265/861 1266/1266/778
f  1264/1264/816 1267/1267/862 1268/1268/863
f  1267/1267/862 1266/1266/778 1269/1269/864
f  1267/1267/862 1269/1269/864 1268/1268/863
f  1269/1269/864 1266/1266/778 1270/1270/781
f  1269/1269/864 1270/1270/781 1271/1271/865
f  1269/1269/864 1271/1271/865 1272/1272/866
f  1269/1269/864 1272/1272/866 1273/1273/867
f  1268/1268/863 1269/1269/864 1274/1274/868
f  1274/1274/868 1269/1269/864 1273/1273/867
f  1268/1268/863 1274/1274/868 1275/1275/869
f  1273/1273/867 1272/1272/866 1276/1276/870
f  1273/1273/867 1276/1276/870 1274/1274/868
f  1274/1274/868 1276/1276/870 1277/1277/871
f  1274/1274/868 1277/1277/871 1278/1278/872
f  1276/1276/870 1272/1272/866 1279/1279/873
f  1278/1278/872 1277/1277/871 1280/1280/874
f  1280/1280/874 1277/1277/871 1276/1276/870
f  1278/1278/872 1280/1280/874 1281/1281/875
f  1280/1280/874 1276/1276/870 1279/1279/873
f  1279/1279/873 1272/1272/866 1282/1282/876
f  1279/1279/873 1282/1282/876 1283/1283/877
f  1283/1283/877 1282/1282/876 1284/1284/878
f  1279/1279/873 1283/1283/877 1285/1285/879
f  1285/1285/879 1283/1283/877 1284/1284/878
f  1279/1279/873 1285/1285/879 1286/1286/880
f  1286/1286/880 1285/1285/879 1284/1284/878
f  1279/1279/873 1286/1286/880 1280/1280/874
f  1286/1286/880 1284/1284/878 1287/1287/881
f  1286/1286/880 1287/1287/881 1280/1280/874
f  1287/1287/881 1284/1284/878 1288/1288/882
f  1287/1287/881 1288/1288/882 1289/1289/883
f  1280/1280/874 1287/1287/881 1290/1290/884
f  1290/1290/884 1287/1287/881 1289/1289/883
f  1280/1280/874 1290/1290/884 1291/1291/885
f  1290/1290/884 1289/1289/883 1292/1292/886
f  1293/1293/887 1294/1294/852 1295/1295/888
f  1295/1295/888 1294/1294/852 1296/1296/850
f  1294/1294/852 1293/1293/887 1297/1297/854
f  1295/1295/888 1296/1296/850 1298/1298/889
f  1298/1298/889 1296/1296/850 1299/1299/851
f  1293/1293/887 1295/1295/888 1300/1300/890
f  1297/1297/854 1293/1293/887 1301/1301/891
f  1301/1301/891 1293/1293/887 1300/1300/890
f  1300/1300/890 1295/1295/888 1302/1302/892
f  1302/1302/892 1295/1295/888 1298/1298/889
f  1301/1301/891 1300/1300/890 1303/1303/893
f  1303/1303/893 1300/1300/890 1302/1302/892
f  1297/1297/854 1301/1301/891 1304/1304/894
f  1302/1302/892 1298/1298/889 1305/1305/895
f  1302/1302/892 1305/1305/895 1303/1303/893
f  1301/1301/891 1303/1303/893 1306/1306/896
f  1301/1301/891 1306/1306/896 1304/1304/894
f  1304/1304/894 1306/1306/896 1307/1307/897
f  1304/1304/894 1307/1307/897 1308/1308/898
f  1306/1306/896 1303/1303/893 1309/1309/899
f  1306/1306/896 1309/1309/899 1310/1310/900
f  1309/1309/899 1303/1303/893 1311/1311/901
f  1309/1309/899 1311/1311/901 1310/1310/900
f  1311/1311/901 1303/1303/893 1305/1305/895
f  1310/1310/900 1311/1311/901 1312/1312/902
f  1310/1310/900 1312/1312/902 1313/1313/903
f  1314/1314/904 1297/1297/854 1304/1304/894
f  1314/1314/904 1304/1304/894 1308/1308/898
f  1297/1297/854 1314/1314/904 1315/1315/855
f  1315/1315/855 1314/1314/904 1316/1316/812
f  1314/1314/904 1308/1308/898 1317/1317/905
f  1314/1314/904 1317/1317/905 1318/1318/811
f  1317/1317/905 1308/1308/898 1319/1319/906
f  1317/1317/905 1319/1319/906 1320/1320/907
f  1320/1320/907 1319/1319/906 1321/1321/908
f  1318/1318/811 1317/1317/905 1322/1322/815
f  1322/1322/815 1317/1317/905 1320/1320/907
f  1322/1322/815 1320/1320/907 1321/1321/908
f  1322/1322/815 1321/1321/908 1323/1323/909
f  1323/1323/909 1321/1321/908 1324/1324/910
f  1322/1322/815 1323/1323/909 1325/1325/814
f  1325/1325/814 1323/1323/909 1324/1324/910
f  1322/1322/815 1325/1325/814 1326/1326/813
f  1325/1325/814 1324/1324/910 1327/1327/810
f  1328/1328/623 1329/1329/911 1330/1330/472
f  1330/1330/472 1329/1329/911 1331/1331/471
f  1332/1332/618 1333/1333/621 1328/1328/623
f  1328/1328/623 1333/1333/621 1334/1334/622
f  1335/1335/620 1336/1336/681 1334/1334/622
f  1334/1334/622 1336/1336/681 1337/1337/912
f  1334/1334/622 1337/1337/912 1338/1338/913
f  1334/1334/622 1338/1338/913 1328/1328/623
f  1338/1338/913 1337/1337/912 1339/1339/914
f  1338/1338/913 1339/1339/914 1340/1340/915
f  1328/1328/623 1338/1338/913 1341/1341/916
f  1328/1328/623 1341/1341/916 1329/1329/911
f  1338/1338/913 1340/1340/915 1342/1342/917
f  1338/1338/913 1342/1342/917 1341/1341/916
f  1342/1342/917 1340/1340/915 1343/1343/918
f  1343/1343/918 1340/1340/915 1344/1344/919
f  1342/1342/917 1343/1343/918 1345/1345/920
f  1342/1342/917 1345/1345/920 1341/1341/916
f  1346/1346/921 1343/1343/918 1347/1347/922
f  1343/1343/918 1346/1346/921 1348/1348/923
f  1343/1343/918 1348/1348/923 1345/1345/920
f  1345/1345/920 1348/1348/923 1349/1349/924
f  1345/1345/920 1349/1349/924 1341/1341/916
f  1349/1349/924 1348/1348/923 1350/1350/925
f  1341/1341/916 1349/1349/924 1351/1351/926
f  1351/1351/926 1349/1349/924 1350/1350/925
f  1352/1352/927 1329/1329/911 1341/1341/916
f  1352/1352/927 1341/1341/916 1351/1351/926
f  1329/1329/911 1352/1352/927 1331/1331/471
f  1351/1351/926 1350/1350/925 1353/1353/928
f  1353/1353/928 1350/1350/925 1354/1354/929
f  1352/1352/927 1351/1351/926 1355/1355/930
f  1352/1352/927 1355/1355/930 1331/1331/471
f  1355/1355/930 1351/1351/926 1353/1353/928
f  1331/1331/471 1355/1355/930 1356/1356/468
f  1353/1353/928 1354/1354/929 1357/1357/931
f  1353/1353/928 1357/1357/931 1355/1355/930
f  1357/1357/931 1354/1354/929 1358/1358/932
f  1356/1356/468 1355/1355/930 1359/1359/470
f  1355/1355/930 1357/1357/931 1360/1360/933
f  1359/1359/470 1355/1355/930 1361/1361/934
f  1361/1361/934 1355/1355/930 1360/1360/933
f  1362/1362/466 1363/1363/634 1364/1364/464
f  1363/1363/634 1362/1362/466 1365/1365/935
f  1363/1363/634 1365/1365/935 1366/1366/845
f  1367/1367/469 1362/1362/466 1368/1368/465
f  1362/1362/466 1367/1367/469 1365/1365/935
f  1365/1365/935 1367/1367/469 1369/1369/936
f  1369/1369/936 1367/1367/469 1370/1370/470
f  1369/1369/936 1370/1370/470 1371/1371/934
f  1369/1369/936 1371/1371/934 1372/1372/937
f  1369/1369/936 1372/1372/937 1365/1365/935
f  1372/1372/937 1371/1371/934 1373/1373/938
f  1373/1373/938 1371/1371/934 1374/1374/933
f  1373/1373/938 1374/1374/933 1375/1375/939
f  1375/1375/939 1374/1374/933 1376/1376/931
f  1372/1372/937 1373/1373/938 1377/1377/940
f  1372/1372/937 1377/1377/940 1365/1365/935
f  1365/1365/935 1377/1377/940 1378/1378/941
f  1365/1365/935 1378/1378/941 1379/1379/942
f  1365/1365/935 1379/1379/942 1366/1366/845
f  1366/1366/845 1379/1379/942 1380/1380/943
f  1366/1366/845 1380/1380/943 1381/1381/847
f  1380/1380/943 1379/1379/942 1382/1382/944
f  1380/1380/943 1382/1382/944 1381/1381/847
f  1382/1382/944 1379/1379/942 1383/1383/945
f  1381/1381/847 1382/1382/944 1384/1384/946
f  1382/1382/944 1383/1383/945 1385/1385/947
f  1382/1382/944 1385/1385/947 1384/1384/946
f  1384/1384/946 1385/1385/947 1386/1386/948
f  1386/1386/948 1385/1385/947 1387/1387/949
f  1388/1388/608 1389/1389/609 1390/1390/950
f  1390/1390/950 1389/1389/609 1391/1391/670
f  1391/1391/670 1389/1389/609 1392/1392/640
f  1388/1388/608 1390/1390/950 1393/1393/951
f  1388/1388/608 1393/1393/951 1394/1394/783
f  1390/1390/950 1391/1391/670 1395/1395/952
f  1390/1390/950 1395/1395/952 1393/1393/951
f  1396/1396/953 1397/1397/929 1391/1391/670
f  1391/1391/670 1397/1397/929 1398/1398/925
f  1391/1391/670 1398/1398/925 1395/1395/952
f  1395/1395/952 1398/1398/925 1399/1399/923
f  1393/1393/951 1395/1395/952 1400/1400/954
f  1393/1393/951 1400/1400/954 1401/1401/955
f  1393/1393/951 1401/1401/955 1402/1402/956
f  1393/1393/951 1402/1402/956 1403/1403/957
f  1393/1393/951 1403/1403/957 1394/1394/783
f  1394/1394/783 1403/1403/957 1404/1404/781
f  1404/1404/781 1403/1403/957 1405/1405/865
f  1406/1406/958 1407/1407/681 1408/1408/682
f  1409/1409/912 1410/1410/681 1411/1411/958
f  1409/1409/912 1411/1411/958 1412/1412/914
f  1412/1412/914 1411/1411/958 1413/1413/919
f  1412/1412/914 1413/1413/919 1414/1414/915
f  1413/1413/919 1411/1411/958 1415/1415/959
f  1413/1413/919 1415/1415/959 1416/1416/960
f  1416/1416/960 1415/1415/959 1417/1417/961
f  1413/1413/919 1416/1416/960 1418/1418/922
f  1413/1413/919 1418/1418/922 1419/1419/918
f  1416/1416/960 1417/1417/961 1420/1420/962
f  1416/1416/960 1420/1420/962 1418/1418/922
f  1418/1418/922 1420/1420/962 1421/1421/921
f  1420/1420/962 1417/1417/961 1422/1422/963
f  1421/1421/921 1420/1420/962 1423/1423/964
f  1423/1423/964 1420/1420/962 1424/1424/965
f  1424/1424/965 1420/1420/962 1422/1422/963
f  1423/1423/964 1424/1424/965 1425/1425/966
f  1424/1424/965 1422/1422/963 1426/1426/967
f  1426/1426/967 1422/1422/963 1427/1427/968
f  1426/1426/967 1427/1427/968 1428/1428/969
f  1424/1424/965 1426/1426/967 1429/1429/970
f  1424/1424/965 1429/1429/970 1425/1425/966
f  1429/1429/970 1426/1426/967 1430/1430/971
f  1425/1425/966 1429/1429/970 1431/1431/972
f  1429/1429/970 1430/1430/971 1432/1432/973
f  1429/1429/970 1432/1432/973 1431/1431/972
f  1433/1433/848 1434/1434/974 1299/1299/851
f  1299/1299/851 1434/1434/974 1298/1298/889
f  1434/1434/974 1433/1433/848 1435/1435/849
f  1298/1298/889 1434/1434/974 1436/1436/975
f  1298/1298/889 1436/1436/975 1437/1437/976
f  1437/1437/976 1436/1436/975 1434/1434/974
f  1298/1298/889 1437/1437/976 1305/1305/895
f  1305/1305/895 1437/1437/976 1438/1438/977
f  1438/1438/977 1437/1437/976 1439/1439/978
f  1439/1439/978 1437/1437/976 1440/1440/979
f  1439/1439/978 1440/1440/979 1441/1441/980
f  1437/1437/976 1434/1434/974 1442/1442/981
f  1437/1437/976 1442/1442/981 1440/1440/979
f  1442/1442/981 1434/1434/974 1443/1443/982
f  1443/1443/982 1434/1434/974 1435/1435/849
f  1442/1442/981 1443/1443/982 1444/1444/983
f  1442/1442/981 1444/1444/983 1440/1440/979
f  1443/1443/982 1435/1435/849 1445/1445/984
f  1445/1445/984 1435/1435/849 1446/1446/847
f  1443/1443/982 1445/1445/984 1444/1444/983
f  1440/1440/979 1444/1444/983 1447/1447/985
f  1448/1448/948 1445/1445/984 1449/1449/946
f  1444/1444/983 1445/1445/984 1450/1450/986
f  1450/1450/986 1445/1445/984 1448/1448/948
f  1444/1444/983 1450/1450/986 1451/1451/987
f  1444/1444/983 1451/1451/987 1447/1447/985
f  1450/1450/986 1448/1448/948 1452/1452/988
f  1450/1450/986 1452/1452/988 1451/1451/987
f  1452/1452/988 1448/1448/948 1453/1453/949
f  1452/1452/988 1453/1453/949 1454/1454/989
f  1452/1452/988 1454/1454/989 1451/1451/987
f  1447/1447/985 1451/1451/987 1455/1455/990
f  1455/1455/990 1451/1451/987 1454/1454/989
f  1447/1447/985 1455/1455/990 1440/1440/979
f  1455/1455/990 1454/1454/989 1456/1456/991
f  1456/1456/991 1454/1454/989 1457/1457/992
f  1456/1456/991 1457/1457/992 1458/1458/993
f  1456/1456/991 1458/1458/993 1459/1459/994
f  1455/1455/990 1456/1456/991 1460/1460/995
f  1455/1455/990 1460/1460/995 1440/1440/979
f  1460/1460/995 1456/1456/991 1459/1459/994
f  1440/1440/979 1460/1460/995 1441/1441/980
f  1460/1460/995 1459/1459/994 1461/1461/996
f  1460/1460/995 1461/1461/996 1441/1441/980
f  1462/1462/997 1463/1463/682 1464/1464/679
f  1463/1463/682 1462/1462/997 1465/1465/958
f  1462/1462/997 1464/1464/679 1466/1466/998
f  1466/1466/998 1464/1464/679 1467/1467/773
f  1462/1462/997 1466/1466/998 1468/1468/999
f  1462/1462/997 1468/1468/999 1469/1469/1000
f  1469/1469/1000 1468/1468/999 1470/1470/1001
f  1466/1466/998 1467/1467/773 1471/1471/1002
f  1466/1466/998 1471/1471/1002 1468/1468/999
f  1470/1470/1001 1468/1468/999 1472/1472/1003
f  1470/1470/1001 1472/1472/1003 1473/1473/1004
f  1473/1473/1004 1472/1472/1003 1474/1474/1005
f  1471/1471/1002 1467/1467/773 1475/1475/1006
f  1475/1475/1006 1467/1467/773 1476/1476/774
f  1475/1475/1006 1476/1476/774 1477/1477/769
f  1477/1477/769 1476/1476/774 1478/1478/772
f  1477/1477/769 1478/1478/772 1479/1479/770
f  1475/1475/1006 1477/1477/769 1480/1480/1007
f  1480/1480/1007 1477/1477/769 1481/1481/766
f  1475/1475/1006 1480/1480/1007 1482/1482/1008
f  1475/1475/1006 1482/1482/1008 1471/1471/1002
f  1480/1480/1007 1481/1481/766 1483/1483/1009
f  1483/1483/1009 1481/1481/766 1484/1484/767
f  1483/1483/1009 1484/1484/767 1485/1485/768
f  1483/1483/1009 1485/1485/768 1486/1486/1010
f  1483/1483/1009 1486/1486/1010 1487/1487/1011
f  1480/1480/1007 1483/1483/1009 1488/1488/1012
f  1488/1488/1012 1483/1483/1009 1487/1487/1011
f  1480/1480/1007 1488/1488/1012 1482/1482/1008
f  1488/1488/1012 1487/1487/1011 1489/1489/1013
f  1489/1489/1013 1487/1487/1011 1490/1490/1014
f  1482/1482/1008 1488/1488/1012 1491/1491/1015
f  1491/1491/1015 1488/1488/1012 1489/1489/1013
f  1492/1492/1016 1493/1493/1017 1489/1489/1013
f  1489/1489/1013 1493/1493/1017 1494/1494/1018
f  1489/1489/1013 1494/1494/1018 1495/1495/1019
f  1489/1489/1013 1495/1495/1019 1491/1491/1015
f  1491/1491/1015 1495/1495/1019 1496/1496/1020
f  1491/1491/1015 1496/1496/1020 1497/1497/1021
f  1491/1491/1015 1497/1497/1021 1482/1482/1008
f  1497/1497/1021 1496/1496/1020 1498/1498/1022
f  1482/1482/1008 1497/1497/1021 1499/1499/1023
f  1499/1499/1023 1497/1497/1021 1498/1498/1022
f  1482/1482/1008 1499/1499/1023 1471/1471/1002
f  1499/1499/1023 1498/1498/1022 1500/1500/1024
f  1499/1499/1023 1500/1500/1024 1471/1471/1002
f  1500/1500/1024 1498/1498/1022 1501/1501/1025
f  1471/1471/1002 1500/1500/1024 1502/1502/1026
f  1502/1502/1026 1500/1500/1024 1501/1501/1025
f  1471/1471/1002 1502/1502/1026 1503/1503/1027
f  1471/1471/1002 1503/1503/1027 1468/1468/999
f  1502/1502/1026 1501/1501/1025 1504/1504/1028
f  1504/1504/1028 1501/1501/1025 1505/1505/1029
f  1504/1504/1028 1505/1505/1029 1506/1506/1030
f  1502/1502/1026 1504/1504/1028 1507/1507/1031
f  1502/1502/1026 1507/1507/1031 1503/1503/1027
f  1504/1504/1028 1506/1506/1030 1508/1508/1032
f  1504/1504/1028 1508/1508/1032 1507/1507/1031
f  1509/1509/1033 1468/1468/999 1503/1503/1027
f  1509/1509/1033 1503/1503/1027 1507/1507/1031
f  1468/1468/999 1509/1509/1033 1472/1472/1003
f  1508/1508/1032 1506/1506/1030 1510/1510/1034
f  1508/1508/1032 1510/1510/1034 1507/1507/1031
f  1510/1510/1034 1506/1506/1030 1511/1511/1035
f  1510/1510/1034 1511/1511/1035 1512/1512/1036
f  1507/1507/1031 1510/1510/1034 1513/1513/1037
f  1507/1507/1031 1513/1513/1037 1509/1509/1033
f  1513/1513/1037 1510/1510/1034 1512/1512/1036
f  1509/1509/1033 1513/1513/1037 1472/1472/1003
f  1513/1513/1037 1512/1512/1036 1514/1514/1038
f  1514/1514/1038 1512/1512/1036 1515/1515/1039
f  1472/1472/1003 1513/1513/1037 1516/1516/1040
f  1516/1516/1040 1513/1513/1037 1514/1514/1038
f  1516/1516/1040 1514/1514/1038 1517/1517/1041
f  1517/1517/1041 1514/1514/1038 1518/1518/1042
f  1516/1516/1040 1517/1517/1041 1519/1519/1043
f  1519/1519/1043 1517/1517/1041 1520/1520/1044
f  1472/1472/1003 1516/1516/1040 1521/1521/1045
f  1521/1521/1045 1516/1516/1040 1519/1519/1043
f  1521/1521/1045 1519/1519/1043 1522/1522/1046
f  1472/1472/1003 1521/1521/1045 1474/1474/1005
f  1474/1474/1005 1521/1521/1045 1523/1523/1047
f  1523/1523/1047 1521/1521/1045 1524/1524/1048
f  1525/1525/535 1526/1526/569 1527/1527/536
f  1526/1526/569 1525/1525/535 1528/1528/1049
f  1528/1528/1049 1525/1525/535 1529/1529/534
f  1526/1526/569 1528/1528/1049 1530/1530/558
f  1528/1528/1049 1529/1529/534 1531/1531/702
f  1530/1530/558 1528/1528/1049 1532/1532/1050
f  1530/1530/558 1532/1532/1050 1533/1533/511
f  1528/1528/1049 1531/1531/702 1534/1534/513
f  1533/1533/511 1532/1532/1050 1534/1534/513
f  1534/1534/513 1532/1532/1050 1528/1528/1049
f  1534/1534/513 1531/1531/702 1535/1535/701
f  1536/1536/959 1537/1537/958 1538/1538/1051
f  1538/1538/1051 1537/1537/958 1539/1539/997
f  1536/1536/959 1538/1538/1051 1540/1540/961
f  1538/1538/1051 1539/1539/997 1541/1541/1000
f  1538/1538/1051 1541/1541/1000 1540/1540/961
f  1540/1540/961 1541/1541/1000 1542/1542/963
f  1542/1542/963 1541/1541/1000 1543/1543/1001
f  1542/1542/963 1543/1543/1001 1544/1544/1004
f  1542/1542/963 1544/1544/1004 1545/1545/1052
f  1542/1542/963 1545/1545/1052 1546/1546/968
f  1545/1545/1052 1544/1544/1004 1547/1547/1047
f  1547/1547/1047 1544/1544/1004 1548/1548/1005
f  1545/1545/1052 1547/1547/1047 1549/1549/1053
f  1545/1545/1052 1549/1549/1053 1546/1546/968
f  1546/1546/968 1549/1549/1053 1550/1550/969
f  1551/1551/932 1552/1552/939 1553/1553/931
f  1552/1552/939 1551/1551/932 1554/1554/1054
f  1552/1552/939 1554/1554/1054 1555/1555/938
f  1555/1555/938 1554/1554/1054 1556/1556/940
f  1556/1556/940 1554/1554/1054 1557/1557/1055
f  1554/1554/1054 1551/1551/932 1558/1558/1056
f  1554/1554/1054 1558/1558/1056 1557/1557/1055
f  1558/1558/1056 1551/1551/932 1559/1559/953
f  1559/1559/953 1551/1551/932 1560/1560/929
f  1558/1558/1056 1559/1559/953 1561/1561/1057
f  1557/1557/1055 1558/1558/1056 1562/1562/1058
f  1562/1562/1058 1558/1558/1056 1561/1561/1057
f  1557/1557/1055 1562/1562/1058 1563/1563/1059
f  1557/1557/1055 1563/1563/1059 1564/1564/1060
f  1565/1565/1061 1566/1566/1062 1561/1561/1057
f  1561/1561/1057 1566/1566/1062 1567/1567/1063
f  1562/1562/1058 1561/1561/1057 1568/1568/1064
f  1568/1568/1064 1561/1561/1057 1567/1567/1063
f  1563/1563/1059 1562/1562/1058 1569/1569/1065
f  1569/1569/1065 1562/1562/1058 1568/1568/1064
f  1563/1563/1059 1569/1569/1065 1570/1570/1066
f  1570/1570/1066 1569/1569/1065 1571/1571/969
f  1569/1569/1065 1568/1568/1064 1572/1572/971
f  1569/1569/1065 1572/1572/971 1571/1571/969
f  1572/1572/971 1568/1568/1064 1567/1567/1063
f  1571/1571/969 1572/1572/971 1573/1573/967
f  1572/1572/971 1567/1567/1063 1574/1574/973
f  1575/1575/956 1576/1576/865 1577/1577/957
f  1578/1578/876 1579/1579/866 1576/1576/865
f  1578/1578/876 1576/1576/865 1580/1580/1067
f  1580/1580/1067 1576/1576/865 1575/1575/956
f  1580/1580/1067 1575/1575/956 1581/1581/955
f  1580/1580/1067 1581/1581/955 1582/1582/1068
f  1582/1582/1068 1581/1581/955 1583/1583/954
f  1582/1582/1068 1583/1583/954 1584/1584/1069
f  1580/1580/1067 1582/1582/1068 1585/1585/1070
f  1585/1585/1070 1582/1582/1068 1584/1584/1069
f  1580/1580/1067 1585/1585/1070 1586/1586/1071
f  1586/1586/1071 1585/1585/1070 1587/1587/1072
f  1587/1587/1072 1585/1585/1070 1588/1588/1073
f  1588/1588/1073 1585/1585/1070 1584/1584/1069
f  1588/1588/1073 1584/1584/1069 1589/1589/1074
f  1590/1590/1075 1591/1591/817 1592/1592/816
f  1590/1590/1075 1592/1592/816 1593/1593/863
f  1590/1590/1075 1593/1593/863 1594/1594/869
f  1591/1591/817 1590/1590/1075 1595/1595/1076
f  1595/1595/1076 1590/1590/1075 1594/1594/869
f  1591/1591/817 1595/1595/1076 1596/1596/820
f  1595/1595/1076 1594/1594/869 1597/1597/1077
f  1595/1595/1076 1597/1597/1077 1596/1596/820
f  1597/1597/1077 1594/1594/869 1598/1598/868
f  1597/1597/1077 1598/1598/868 1599/1599/872
f  1596/1596/820 1597/1597/1077 1600/1600/1078
f  1600/1600/1078 1597/1597/1077 1599/1599/872
f  1596/1596/820 1600/1600/1078 1601/1601/822
f  1600/1600/1078 1599/1599/872 1602/1602/1079
f  1603/1603/952 1604/1604/923 1605/1605/954
f  1605/1605/954 1604/1604/923 1606/1606/1080
f  1606/1606/1080 1604/1604/923 1607/1607/921
f  1606/1606/1080 1607/1607/921 1608/1608/964
f  1605/1605/954 1606/1606/1080 1609/1609/972
f  1609/1609/972 1606/1606/1080 1608/1608/964
f  1609/1609/972 1608/1608/964 1610/1610/966
f  1605/1605/954 1609/1609/972 1611/1611/1069
f  1611/1611/1069 1609/1609/972 1612/1612/1062
f  1612/1612/1062 1609/1609/972 1613/1613/973
f  1612/1612/1062 1613/1613/973 1614/1614/1063
f  1615/1615/719 1616/1616/752 1617/1617/751
f  1616/1616/752 1615/1615/719 1618/1618/1081
f  1616/1616/752 1618/1618/1081 1619/1619/1082
f  1616/1616/752 1619/1619/1082 1620/1620/755
f  1618/1618/1081 1615/1615/719 1621/1621/730
f  1621/1621/730 1615/1615/719 1622/1622/721
f  1619/1619/1082 1618/1618/1081 1623/1623/1083
f  1623/1623/1083 1618/1618/1081 1621/1621/730
f  1620/1620/755 1619/1619/1082 1624/1624/1084
f  1624/1624/1084 1619/1619/1082 1623/1623/1083
f  1620/1620/755 1624/1624/1084 1625/1625/758
f  1626/1626/736 1621/1621/730 1627/1627/729
f  1625/1625/758 1624/1624/1084 1628/1628/1085
f  1625/1625/758 1628/1628/1085 1629/1629/759
f  1629/1629/759 1628/1628/1085 1630/1630/762
f  1631/1631/1086 1623/1623/1083 1621/1621/730
f  1631/1631/1086 1621/1621/730 1626/1626/736
f  1632/1632/1087 1624/1624/1084 1623/1623/1083
f  1628/1628/1085 1624/1624/1084 1633/1633/1088
f  1633/1633/1088 1624/1624/1084 1632/1632/1087
f  1630/1630/762 1628/1628/1085 1634/1634/1089
f  1634/1634/1089 1628/1628/1085 1633/1633/1088
f  1630/1630/762 1634/1634/1089 1635/1635/1090
f  1630/1630/762 1635/1635/1090 1636/1636/761
f  1636/1636/761 1635/1635/1090 1637/1637/838
f  1637/1637/838 1635/1635/1090 1638/1638/837
f  1638/1638/837 1635/1635/1090 1639/1639/1091
f  1635/1635/1090 1634/1634/1089 1640/1640/1092
f  1640/1640/1092 1634/1634/1089 1633/1633/1088
f  1635/1635/1090 1640/1640/1092 1639/1639/1091
f  1638/1638/837 1639/1639/1091 1641/1641/834
f  1641/1641/834 1639/1639/1091 1642/1642/1093
f  1641/1641/834 1642/1642/1093 1643/1643/835
f  1640/1640/1092 1633/1633/1088 1644/1644/1094
f  1639/1639/1091 1640/1640/1092 1645/1645/1095
f  1645/1645/1095 1640/1640/1092 1644/1644/1094
f  1642/1642/1093 1639/1639/1091 1646/1646/1096
f  1646/1646/1096 1639/1639/1091 1645/1645/1095
f  1643/1643/835 1642/1642/1093 1647/1647/1097
f  1647/1647/1097 1642/1642/1093 1646/1646/1096
f  1646/1646/1096 1645/1645/1095 1648/1648/1098
f  1646/1646/1096 1648/1648/1098 1647/1647/1097
f  1648/1648/1098 1645/1645/1095 1649/1649/1099
f  1649/1649/1099 1645/1645/1095 1644/1644/1094
f  1647/1647/1097 1648/1648/1098 1650/1650/1100
f  1650/1650/1100 1648/1648/1098 1649/1649/1099
f  1643/1643/835 1647/1647/1097 1651/1651/1101
f  1643/1643/835 1651/1651/1101 1652/1652/833
f  1652/1652/833 1651/1651/1101 1653/1653/716
f  1653/1653/716 1651/1651/1101 1654/1654/722
f  1654/1654/722 1651/1651/1101 1655/1655/727
f  1655/1655/727 1651/1651/1101 1647/1647/1097
f  1655/1655/727 1647/1647/1097 1650/1650/1100
f  1655/1655/727 1650/1650/1100 1656/1656/728
f  1656/1656/728 1650/1650/1100 1657/1657/734
f  1657/1657/734 1650/1650/1100 1658/1658/748
f  1658/1658/748 1650/1650/1100 1659/1659/1102
f  1658/1658/748 1659/1659/1102 1660/1660/745
f  1660/1660/745 1659/1659/1102 1661/1661/1103
f  1659/1659/1102 1650/1650/1100 1662/1662/1104
f  1662/1662/1104 1650/1650/1100 1649/1649/1099
f  1661/1661/1103 1659/1659/1102 1663/1663/1105
f  1663/1663/1105 1659/1659/1102 1662/1662/1104
f  1661/1661/1103 1663/1663/1105 1664/1664/1106
f  1662/1662/1104 1649/1649/1099 1665/1665/1107
f  1662/1662/1104 1665/1665/1107 1663/1663/1105
f  1665/1665/1107 1649/1649/1099 1666/1666/1108
f  1666/1666/1108 1649/1649/1099 1644/1644/1094
f  1663/1663/1105 1665/1665/1107 1667/1667/1109
f  1663/1663/1105 1667/1667/1109 1664/1664/1106
f  1665/1665/1107 1666/1666/1108 1668/1668/1110
f  1668/1668/1110 1666/1666/1108 1644/1644/1094
f  1667/1667/1109 1665/1665/1107 1669/1669/1111
f  1669/1669/1111 1665/1665/1107 1668/1668/1110
f  1664/1664/1106 1667/1667/1109 1670/1670/1112
f  1670/1670/1112 1667/1667/1109 1669/1669/1111
f  1664/1664/1106 1670/1670/1112 1671/1671/739
f  1668/1668/1110 1644/1644/1094 1672/1672/1113
f  1668/1668/1110 1672/1672/1113 1669/1669/1111
f  1672/1672/1113 1644/1644/1094 1633/1633/1088
f  1672/1672/1113 1633/1633/1088 1632/1632/1087
f  1669/1669/1111 1672/1672/1113 1673/1673/1114
f  1673/1673/1114 1672/1672/1113 1632/1632/1087
f  1669/1669/1111 1673/1673/1114 1670/1670/1112
f  1673/1673/1114 1632/1632/1087 1623/1623/1083
f  1673/1673/1114 1623/1623/1083 1631/1631/1086
f  1673/1673/1114 1631/1631/1086 1670/1670/1112
f  1670/1670/1112 1631/1631/1086 1674/1674/1115
f  1670/1670/1112 1674/1674/1115 1671/1671/739
f  1674/1674/1115 1631/1631/1086 1626/1626/736
f  1671/1671/739 1674/1674/1115 1675/1675/735
f  1675/1675/735 1674/1674/1115 1626/1626/736
f  1676/1676/1079 1677/1677/1116 1678/1678/1078
f  1677/1677/1116 1676/1676/1079 1679/1679/1117
f  1677/1677/1116 1679/1679/1117 1680/1680/1118
f  1678/1678/1078 1677/1677/1116 1681/1681/1119
f  1681/1681/1119 1677/1677/1116 1680/1680/1118
f  1678/1678/1078 1681/1681/1119 1682/1682/822
f  1682/1682/822 1681/1681/1119 1683/1683/826
f  1683/1683/826 1681/1681/1119 1684/1684/829
f  1681/1681/1119 1680/1680/1118 1685/1685/1120
f  1685/1685/1120 1680/1680/1118 1686/1686/875
f  1686/1686/875 1680/1680/1118 1687/1687/872
f  1681/1681/1119 1685/1685/1120 1688/1688/1121
f  1681/1681/1119 1688/1688/1121 1684/1684/829
f  1688/1688/1121 1685/1685/1120 1686/1686/875
f  1684/1684/829 1688/1688/1121 1689/1689/1122
f  1684/1684/829 1689/1689/1122 1690/1690/836
f  1689/1689/1122 1688/1688/1121 1691/1691/1123
f  1691/1691/1123 1688/1688/1121 1686/1686/875
f  1689/1689/1122 1691/1691/1123 1692/1692/1124
f  1692/1692/1124 1691/1691/1123 1693/1693/1125
f  1693/1693/1125 1691/1691/1123 1686/1686/875
f  1692/1692/1124 1693/1693/1125 1694/1694/1126
f  1693/1693/1125 1686/1686/875 1695/1695/885
f  1693/1693/1125 1695/1695/885 1694/1694/1126
f  1695/1695/885 1686/1686/875 1696/1696/874
f  1694/1694/1126 1695/1695/885 1697/1697/886
f  1697/1697/886 1695/1695/885 1698/1698/884
f  1694/1694/1126 1697/1697/886 1699/1699/1127
f  1694/1694/1126 1699/1699/1127 1700/1700/1128
f  1701/1701/1117 1702/1702/1079 1703/1703/872
f  1701/1701/1117 1703/1703/872 1704/1704/1118
f  1705/1705/1061 1706/1706/953 1707/1707/671
f  1706/1706/953 1705/1705/1061 1708/1708/1057
f  1707/1707/671 1706/1706/953 1709/1709/670
f  1705/1705/1061 1707/1707/671 1710/1710/1129
f  1705/1705/1061 1710/1710/1129 1711/1711/1062
f  1712/1712/1074 1713/1713/1069 1711/1711/1062
f  1712/1712/1074 1711/1711/1062 1710/1710/1129
f  1712/1712/1074 1710/1710/1129 1714/1714/1130
f  1714/1714/1130 1710/1710/1129 1715/1715/1131
f  1715/1715/1131 1710/1710/1129 1716/1716/1132
f  1716/1716/1132 1710/1710/1129 1707/1707/671
f  1715/1715/1131 1716/1716/1132 1717/1717/1133
f  1715/1715/1131 1717/1717/1133 1714/1714/1130
f  1716/1716/1132 1707/1707/671 1718/1718/1134
f  1712/1712/1074 1714/1714/1130 1719/1719/1135
f  1717/1717/1133 1716/1716/1132 1720/1720/1136
f  1720/1720/1136 1716/1716/1132 1718/1718/1134
f  1714/1714/1130 1717/1717/1133 1721/1721/1137
f  1714/1714/1130 1721/1721/1137 1722/1722/1138
f  1714/1714/1130 1722/1722/1138 1719/1719/1135
f  1721/1721/1137 1717/1717/1133 1723/1723/1139
f  1723/1723/1139 1717/1717/1133 1720/1720/1136
f  1722/1722/1138 1721/1721/1137 1724/1724/1140
f  1724/1724/1140 1721/1721/1137 1723/1723/1139
f  1719/1719/1135 1722/1722/1138 1725/1725/1141
f  1725/1725/1141 1722/1722/1138 1724/1724/1140
f  1726/1726/1142 1712/1712/1074 1719/1719/1135
f  1712/1712/1074 1726/1726/1142 1727/1727/1073
f  1719/1719/1135 1725/1725/1141 1728/1728/1143
f  1719/1719/1135 1728/1728/1143 1726/1726/1142
f  1728/1728/1143 1725/1725/1141 1729/1729/1144
f  1729/1729/1144 1725/1725/1141 1724/1724/1140
f  1726/1726/1142 1728/1728/1143 1730/1730/1145
f  1726/1726/1142 1730/1730/1145 1727/1727/1073
f  1730/1730/1145 1728/1728/1143 1731/1731/1146
f  1727/1727/1073 1730/1730/1145 1732/1732/1147
f  1732/1732/1147 1730/1730/1145 1731/1731/1146
f  1727/1727/1073 1732/1732/1147 1733/1733/1072
f  1732/1732/1147 1731/1731/1146 1734/1734/1148
f  1732/1732/1147 1734/1734/1148 1735/1735/1149
f  1736/1736/1150 1729/1729/1144 1737/1737/1151
f  1737/1737/1151 1729/1729/1144 1724/1724/1140
f  1737/1737/1151 1724/1724/1140 1738/1738/1152
f  1738/1738/1152 1724/1724/1140 1739/1739/1153
f  1737/1737/1151 1738/1738/1152 1740/1740/1154
f  1737/1737/1151 1740/1740/1154 1741/1741/1155
f  1741/1741/1155 1740/1740/1154 1742/1742/1156
f  1742/1742/1156 1740/1740/1154 1743/1743/1157
f  1743/1743/1157 1740/1740/1154 1738/1738/1152
f  1743/1743/1157 1738/1738/1152 1744/1744/1158
f  1744/1744/1158 1738/1738/1152 1745/1745/1159
f  1745/1745/1159 1738/1738/1152 1739/1739/1153
f  1746/1746/1160 1739/1739/1153 1724/1724/1140
f  1739/1739/1153 1746/1746/1160 1745/1745/1159
f  1746/1746/1160 1724/1724/1140 1747/1747/1161
f  1747/1747/1161 1724/1724/1140 1723/1723/1139
f  1745/1745/1159 1746/1746/1160 1748/1748/1162
f  1745/1745/1159 1748/1748/1162 1749/1749/1163
f  1746/1746/1160 1747/1747/1161 1750/1750/1164
f  1746/1746/1160 1750/1750/1164 1748/1748/1162
f  1747/1747/1161 1723/1723/1139 1751/1751/1165
f  1747/1747/1161 1751/1751/1165 1750/1750/1164
f  1751/1751/1165 1723/1723/1139 1720/1720/1136
f  1749/1749/1163 1748/1748/1162 1752/1752/1166
f  1752/1752/1166 1748/1748/1162 1750/1750/1164
f  1749/1749/1163 1752/1752/1166 1753/1753/1167
f  1753/1753/1167 1752/1752/1166 1754/1754/1168
f  1754/1754/1168 1752/1752/1166 1750/1750/1164
f  1751/1751/1165 1720/1720/1136 1755/1755/1169
f  1751/1751/1165 1755/1755/1169 1750/1750/1164
f  1755/1755/1169 1720/1720/1136 1718/1718/1134
f  1754/1754/1168 1750/1750/1164 1756/1756/1170
f  1756/1756/1170 1750/1750/1164 1755/1755/1169
f  1755/1755/1169 1718/1718/1134 1757/1757/1171
f  1757/1757/1171 1718/1718/1134 1758/1758/1172
f  1757/1757/1171 1758/1758/1172 1755/1755/1169
f  1758/1758/1172 1718/1718/1134 1707/1707/671
f  1755/1755/1169 1758/1758/1172 1759/1759/669
f  1759/1759/669 1758/1758/1172 1707/1707/671
f  1755/1755/1169 1759/1759/669 1756/1756/1170
f  1759/1759/669 1707/1707/671 1760/1760/668
f  1761/1761/1173 1754/1754/1168 1756/1756/1170
f  1754/1754/1168 1761/1761/1173 1762/1762/1174
f  1762/1762/1174 1761/1761/1173 1756/1756/1170
f  1754/1754/1168 1762/1762/1174 1763/1763/1175
f  1756/1756/1170 1759/1759/669 1764/1764/1176
f  1756/1756/1170 1764/1764/1176 1762/1762/1174
f  1764/1764/1176 1759/1759/669 1765/1765/803
f  1765/1765/803 1759/1759/669 1766/1766/666
f  1765/1765/803 1766/1766/666 1767/1767/696
f  1763/1763/1175 1762/1762/1174 1768/1768/1177
f  1763/1763/1175 1768/1768/1177 1769/1769/1178
f  1762/1762/1174 1764/1764/1176 1770/1770/1179
f  1762/1762/1174 1770/1770/1179 1768/1768/1177
f  1770/1770/1179 1764/1764/1176 1765/1765/803
f  1769/1769/1178 1768/1768/1177 1771/1771/1180
f  1771/1771/1180 1768/1768/1177 1770/1770/1179
f  1771/1771/1180 1770/1770/1179 1765/1765/803
f  1769/1769/1178 1771/1771/1180 1772/1772/1181
f  1771/1771/1180 1765/1765/803 1773/1773/805
f  1771/1771/1180 1773/1773/805 1774/1774/1182
f  1773/1773/805 1765/1765/803 1775/1775/800
f  1776/1776/1183 1777/1777/901 1778/1778/895
f  1776/1776/1183 1778/1778/895 1779/1779/977
f  1777/1777/901 1776/1776/1183 1780/1780/902
f  1776/1776/1183 1779/1779/977 1781/1781/978
f  1780/1780/902 1776/1776/1183 1782/1782/1184
f  1782/1782/1184 1776/1776/1183 1781/1781/978
f  1780/1780/902 1782/1782/1184 1783/1783/1185
f  1780/1780/902 1783/1783/1185 1784/1784/903
f  1782/1782/1184 1781/1781/978 1785/1785/1186
f  1783/1783/1185 1782/1782/1184 1786/1786/1187
f  1786/1786/1187 1782/1782/1184 1785/1785/1186
f  1785/1785/1186 1781/1781/978 1787/1787/1188
f  1787/1787/1188 1781/1781/978 1788/1788/980
f  1787/1787/1188 1788/1788/980 1789/1789/996
f  1785/1785/1186 1787/1787/1188 1790/1790/1189
f  1785/1785/1186 1790/1790/1189 1786/1786/1187
f  1787/1787/1188 1789/1789/996 1791/1791/1190
f  1787/1787/1188 1791/1791/1190 1790/1790/1189
f  1791/1791/1190 1789/1789/996 1792/1792/994
f  1790/1790/1189 1791/1791/1190 1793/1793/1191
f  1793/1793/1191 1791/1791/1190 1792/1792/994
f  1786/1786/1187 1790/1790/1189 1794/1794/1192
f  1794/1794/1192 1790/1790/1189 1793/1793/1191
f  1795/1795/668 1783/1783/1185 1786/1786/1187
f  1795/1795/668 1786/1786/1187 1794/1794/1192
f  1783/1783/1185 1795/1795/668 1784/1784/903
f  1795/1795/668 1794/1794/1192 1796/1796/1193
f  1796/1796/1193 1794/1794/1192 1793/1793/1191
f  1784/1784/903 1795/1795/668 1797/1797/1194
f  1797/1797/1194 1795/1795/668 1796/1796/1193
f  1784/1784/903 1797/1797/1194 1798/1798/900
f  1798/1798/900 1797/1797/1194 1799/1799/1195
f  1798/1798/900 1799/1799/1195 1800/1800/896
f  1800/1800/896 1799/1799/1195 1801/1801/897
f  1801/1801/897 1799/1799/1195 1802/1802/898
f  1799/1799/1195 1797/1797/1194 1803/1803/1196
f  1799/1799/1195 1803/1803/1196 1802/1802/898
f  1803/1803/1196 1797/1797/1194 1796/1796/1193
f  1803/1803/1196 1796/1796/1193 1804/1804/1197
f  1803/1803/1196 1804/1804/1197 1802/1802/898
f  1804/1804/1197 1796/1796/1193 1793/1793/1191
f  1802/1802/898 1804/1804/1197 1805/1805/1198
f  1802/1802/898 1805/1805/1198 1806/1806/906
f  1805/1805/1198 1804/1804/1197 1807/1807/1199
f  1805/1805/1198 1807/1807/1199 1806/1806/906
f  1807/1807/1199 1804/1804/1197 1793/1793/1191
f  1806/1806/906 1807/1807/1199 1808/1808/1200
f  1807/1807/1199 1793/1793/1191 1809/1809/1201
f  1807/1807/1199 1809/1809/1201 1808/1808/1200
f  1809/1809/1201 1793/1793/1191 1792/1792/994
f  1806/1806/906 1808/1808/1200 1810/1810/908
f  1809/1809/1201 1792/1792/994 1811/1811/1202
f  1809/1809/1201 1811/1811/1202 1808/1808/1200
f  1811/1811/1202 1792/1792/994 1812/1812/993
f  1808/1808/1200 1811/1811/1202 1813/1813/1203
f  1813/1813/1203 1811/1811/1202 1812/1812/993
f  1808/1808/1200 1813/1813/1203 1810/1810/908
f  1813/1813/1203 1812/1812/993 1814/1814/992
f  1813/1813/1203 1814/1814/992 1810/1810/908
f  1810/1810/908 1814/1814/992 1815/1815/1204
f  1816/1816/1067 1817/1817/1071 1818/1818/876
f  1818/1818/876 1817/1817/1071 1819/1819/1205
f  1818/1818/876 1819/1819/1205 1820/1820/878
f  1820/1820/878 1819/1819/1205 1821/1821/1206
f  1820/1820/878 1821/1821/1206 1822/1822/882
f  1822/1822/882 1821/1821/1206 1823/1823/1207
f  1824/1824/1208 1823/1823/1207 1825/1825/1209
f  1825/1825/1209 1823/1823/1207 1821/1821/1206
f  1825/1825/1209 1821/1821/1206 1826/1826/1210
f  1821/1821/1206 1819/1819/1205 1827/1827/1211
f  1826/1826/1210 1821/1821/1206 1828/1828/1212
f  1828/1828/1212 1821/1821/1206 1827/1827/1211
f  1827/1827/1211 1819/1819/1205 1829/1829/1213
f  1827/1827/1211 1829/1829/1213 1828/1828/1212
f  1829/1829/1213 1819/1819/1205 1817/1817/1071
f  1826/1826/1210 1828/1828/1212 1830/1830/1214
f  1830/1830/1214 1828/1828/1212 1829/1829/1213
f  1826/1826/1210 1830/1830/1214 1831/1831/1215
f  1826/1826/1210 1831/1831/1215 1832/1832/1216
f  1832/1832/1216 1831/1831/1215 1833/1833/1217
f  1831/1831/1215 1830/1830/1214 1834/1834/1218
f  1834/1834/1218 1830/1830/1214 1829/1829/1213
f  1831/1831/1215 1834/1834/1218 1835/1835/1219
f  1835/1835/1219 1834/1834/1218 1836/1836/1220
f  1834/1834/1218 1829/1829/1213 1837/1837/1221
f  1834/1834/1218 1837/1837/1221 1836/1836/1220
f  1838/1838/1222 1829/1829/1213 1817/1817/1071
f  1829/1829/1213 1838/1838/1222 1837/1837/1221
f  1838/1838/1222 1817/1817/1071 1839/1839/1072
f  1836/1836/1220 1837/1837/1221 1840/1840/1149
f  1840/1840/1149 1837/1837/1221 1838/1838/1222
f  1840/1840/1149 1838/1838/1222 1839/1839/1072
f  1836/1836/1220 1840/1840/1149 1841/1841/1148
f  1840/1840/1149 1839/1839/1072 1842/1842/1147
f  1843/1843/805 1844/1844/804 1845/1845/1182
f  1845/1845/1182 1844/1844/804 1846/1846/806
f  1845/1845/1182 1846/1846/806 1847/1847/1181
f  1845/1845/1182 1847/1847/1181 1848/1848/1180
f  1847/1847/1181 1846/1846/806 1849/1849/698
f  1847/1847/1181 1849/1849/698 1850/1850/1178
f  1849/1849/698 1846/1846/806 1851/1851/809
f  1850/1850/1178 1849/1849/698 1852/1852/1223
f  1853/1853/1224 1851/1851/809 1854/1854/1225
f  1851/1851/809 1853/1853/1224 1849/1849/698
f  1849/1849/698 1853/1853/1224 1855/1855/1226
f  1855/1855/1226 1853/1853/1224 1856/1856/1227
f  1855/1855/1226 1856/1856/1227 1857/1857/1228
f  1852/1852/1223 1849/1849/698 1858/1858/1229
f  1852/1852/1223 1858/1858/1229 1859/1859/1230
f  1859/1859/1230 1858/1858/1229 1860/1860/1231
f  1860/1860/1231 1858/1858/1229 1861/1861/1232
f  1861/1861/1232 1858/1858/1229 1862/1862/1233
f  1855/1855/1226 1857/1857/1228 1863/1863/1234
f  1863/1863/1234 1857/1857/1228 1864/1864/1235
f  1865/1865/1236 1849/1849/698 1855/1855/1226
f  1849/1849/698 1865/1865/1236 1858/1858/1229
f  1865/1865/1236 1855/1855/1226 1863/1863/1234
f  1858/1858/1229 1865/1865/1236 1866/1866/1237
f  1866/1866/1237 1865/1865/1236 1863/1863/1234
f  1858/1858/1229 1866/1866/1237 1862/1862/1233
f  1866/1866/1237 1863/1863/1234 1867/1867/1238
f  1866/1866/1237 1867/1867/1238 1868/1868/1239
f  1866/1866/1237 1868/1868/1239 1862/1862/1233
f  1862/1862/1233 1868/1868/1239 1869/1869/1240
f  1869/1869/1240 1868/1868/1239 1870/1870/1241
f  1862/1862/1233 1869/1869/1240 1871/1871/1127
f  1862/1862/1233 1871/1871/1127 1872/1872/886
f  1871/1871/1127 1869/1869/1240 1873/1873/1128
f  1873/1873/1128 1869/1869/1240 1874/1874/1242
f  1875/1875/1055 1876/1876/1060 1877/1877/940
f  1877/1877/940 1876/1876/1060 1878/1878/1243
f  1877/1877/940 1878/1878/1243 1879/1879/941
f  1880/1880/1244 1881/1881/942 1879/1879/941
f  1880/1880/1244 1879/1879/941 1882/1882/1245
f  1882/1882/1245 1879/1879/941 1878/1878/1243
f  1878/1878/1243 1876/1876/1060 1883/1883/1246
f  1883/1883/1246 1876/1876/1060 1884/1884/1059
f  1883/1883/1246 1884/1884/1059 1885/1885/1066
f  1878/1878/1243 1883/1883/1246 1886/1886/1247
f  1878/1878/1243 1886/1886/1247 1882/1882/1245
f  1883/1883/1246 1885/1885/1066 1887/1887/1248
f  1883/1883/1246 1887/1887/1248 1886/1886/1247
f  1887/1887/1248 1885/1885/1066 1888/1888/969
f  1886/1886/1247 1887/1887/1248 1889/1889/1249
f  1887/1887/1248 1888/1888/969 1890/1890/1250
f  1886/1886/1247 1889/1889/1249 1891/1891/1251
f  1886/1886/1247 1891/1891/1251 1882/1882/1245
f  1882/1882/1245 1891/1891/1251 1892/1892/1252
f  1890/1890/1250 1888/1888/969 1893/1893/1053
f  1890/1890/1250 1893/1893/1053 1894/1894/1253
f  1890/1890/1250 1894/1894/1253 1895/1895/1254
f  1894/1894/1253 1893/1893/1053 1896/1896/1047
f  1897/1897/984 1898/1898/847 1899/1899/946
f  1900/1900/811 1901/1901/812 1902/1902/904
f  1903/1903/1255 1904/1904/1256 1905/1905/1025
f  1905/1905/1025 1904/1904/1256 1906/1906/1029
f  1903/1903/1255 1905/1905/1025 1907/1907/1022
f  1908/1908/1035 1909/1909/1030 1906/1906/1029
f  1908/1908/1035 1906/1906/1029 1910/1910/1257
f  1906/1906/1029 1904/1904/1256 1911/1911/1258
f  1906/1906/1029 1911/1911/1258 1910/1910/1257
f  1911/1911/1258 1904/1904/1256 1903/1903/1255
f  1903/1903/1255 1907/1907/1022 1912/1912/1259
f  1912/1912/1259 1907/1907/1022 1913/1913/1020
f  1911/1911/1258 1903/1903/1255 1914/1914/1260
f  1912/1912/1259 1913/1913/1020 1915/1915/1261
f  1915/1915/1261 1913/1913/1020 1916/1916/1019
f  1903/1903/1255 1912/1912/1259 1917/1917/1262
f  1903/1903/1255 1917/1917/1262 1914/1914/1260
f  1915/1915/1261 1916/1916/1019 1918/1918/1018
f  1911/1911/1258 1914/1914/1260 1919/1919/1263
f  1911/1911/1258 1919/1919/1263 1910/1910/1257
f  1919/1919/1263 1914/1914/1260 1920/1920/1264
f  1920/1920/1264 1914/1914/1260 1917/1917/1262
f  1910/1910/1257 1919/1919/1263 1921/1921/1265
f  1921/1921/1265 1919/1919/1263 1920/1920/1264
f  1910/1910/1257 1921/1921/1265 1922/1922/1266
f  1922/1922/1266 1921/1921/1265 1923/1923/1267
f  1923/1923/1267 1921/1921/1265 1920/1920/1264
f  1920/1920/1264 1917/1917/1262 1924/1924/1268
f  1920/1920/1264 1924/1924/1268 1923/1923/1267
f  1925/1925/1269 1917/1917/1262 1912/1912/1259
f  1925/1925/1269 1912/1912/1259 1915/1915/1261
f  1917/1917/1262 1925/1925/1269 1926/1926/1270
f  1917/1917/1262 1926/1926/1270 1924/1924/1268
f  1926/1926/1270 1925/1925/1269 1927/1927/231
f  1923/1923/1267 1924/1924/1268 1928/1928/1271
f  1923/1923/1267 1928/1928/1271 1929/1929/1272
f  1924/1924/1268 1926/1926/1270 1930/1930/1273
f  1930/1930/1273 1926/1926/1270 1927/1927/231
f  1928/1928/1271 1924/1924/1268 1931/1931/1274
f  1931/1931/1274 1924/1924/1268 1930/1930/1273
f  1929/1929/1272 1928/1928/1271 1932/1932/1275
f  1932/1932/1275 1928/1928/1271 1931/1931/1274
f  1929/1929/1272 1932/1932/1275 1933/1933/1276
f  1931/1931/1274 1930/1930/1273 1934/1934/1277
f  1932/1932/1275 1931/1931/1274 1935/1935/1278
f  1935/1935/1278 1931/1931/1274 1934/1934/1277
f  1932/1932/1275 1935/1935/1278 1936/1936/1279
f  1932/1932/1275 1936/1936/1279 1933/1933/1276
f  1934/1934/1277 1930/1930/1273 1937/1937/1280
f  1937/1937/1280 1930/1930/1273 1927/1927/231
f  1937/1937/1280 1927/1927/231 1938/1938/1281
f  1937/1937/1280 1938/1938/1281 1934/1934/1277
f  1938/1938/1281 1927/1927/231 1939/1939/1282
f  1934/1934/1277 1938/1938/1281 1940/1940/1283
f  1940/1940/1283 1938/1938/1281 1939/1939/1282
f  1940/1940/1283 1939/1939/1282 1941/1941/1284
f  1934/1934/1277 1940/1940/1283 1942/1942/1285
f  1939/1939/1282 1927/1927/231 1943/1943/1286
f  1943/1943/1286 1927/1927/231 1925/1925/1269
f  1943/1943/1286 1925/1925/1269 1915/1915/1261
f  1939/1939/1282 1943/1943/1286 1944/1944/1287
f  1944/1944/1287 1943/1943/1286 1915/1915/1261
f  1939/1939/1282 1944/1944/1287 1945/1945/1288
f  1944/1944/1287 1915/1915/1261 1918/1918/1018
f  1944/1944/1287 1918/1918/1018 1945/1945/1288
f  1946/1946/1289 1934/1934/1277 1942/1942/1285
f  1946/1946/1289 1942/1942/1285 1947/1947/1290
f  1934/1934/1277 1946/1946/1289 1948/1948/1291
f  1934/1934/1277 1948/1948/1291 1935/1935/1278
f  1935/1935/1278 1948/1948/1291 1936/1936/1279
f  1936/1936/1279 1948/1948/1291 1949/1949/1292
f  1949/1949/1292 1948/1948/1291 1950/1950/1293
f  1949/1949/1292 1950/1950/1293 1936/1936/1279
f  1950/1950/1293 1948/1948/1291 1946/1946/1289
f  1936/1936/1279 1950/1950/1293 1951/1951/1294
f  1936/1936/1279 1951/1951/1294 1933/1933/1276
f  1933/1933/1276 1951/1951/1294 1952/1952/1295
f  1952/1952/1295 1951/1951/1294 1953/1953/1296
f  1953/1953/1296 1951/1951/1294 1954/1954/1297
f  1955/1955/1298 1954/1954/1297 1947/1947/1290
f  1951/1951/1294 1950/1950/1293 1956/1956/1299
f  1951/1951/1294 1956/1956/1299 1954/1954/1297
f  1954/1954/1297 1956/1956/1299 1947/1947/1290
f  1956/1956/1299 1950/1950/1293 1946/1946/1289
f  1956/1956/1299 1946/1946/1289 1947/1947/1290
f  1957/1957/1167 1958/1958/1300 1959/1959/1301
f  1957/1957/1167 1959/1959/1301 1960/1960/1302
f  1959/1959/1301 1958/1958/1300 1961/1961/1303
f  1961/1961/1303 1958/1958/1300 1962/1962/1304
f  1960/1960/1302 1959/1959/1301 1963/1963/1305
f  1963/1963/1305 1959/1959/1301 1961/1961/1303
f  1960/1960/1302 1963/1963/1305 1964/1964/1306
f  1964/1964/1306 1963/1963/1305 1965/1965/1307
f  1965/1965/1307 1963/1963/1305 1966/1966/1308
f  1966/1966/1308 1963/1963/1305 1961/1961/1303
f  1966/1966/1308 1961/1961/1303 1967/1967/1309
f  1961/1961/1303 1962/1962/1304 1968/1968/1310
f  1967/1967/1309 1961/1961/1303 1969/1969/1311
f  1969/1969/1311 1961/1961/1303 1968/1968/1310
f  1969/1969/1311 1968/1968/1310 1970/1970/1312
f  1971/1971/1167 1972/1972/1302 1973/1973/1163
f  1973/1973/1163 1972/1972/1302 1974/1974/1306
f  1973/1973/1163 1974/1974/1306 1975/1975/1313
f  1975/1975/1313 1974/1974/1306 1976/1976/1314
f  1976/1976/1314 1974/1974/1306 1977/1977/1307
f  1976/1976/1314 1977/1977/1307 1978/1978/1315
f  1976/1976/1314 1978/1978/1315 1979/1979/1316
f  1976/1976/1314 1979/1979/1316 1980/1980/1317
f  1976/1976/1314 1980/1980/1317 1981/1981/1318
f  1975/1975/1313 1976/1976/1314 1982/1982/1319
f  1982/1982/1319 1976/1976/1314 1981/1981/1318
f  1975/1975/1313 1982/1982/1319 1973/1973/1163
f  1982/1982/1319 1981/1981/1318 1983/1983/1320
f  1983/1983/1320 1981/1981/1318 1984/1984/1321
f  1982/1982/1319 1983/1983/1320 1985/1985/1322
f  1985/1985/1322 1983/1983/1320 1986/1986/1323
f  1985/1985/1322 1986/1986/1323 1987/1987/1324
f  1982/1982/1319 1985/1985/1322 1988/1988/1325
f  1982/1982/1319 1988/1988/1325 1973/1973/1163
f  1985/1985/1322 1987/1987/1324 1989/1989/1326
f  1985/1985/1322 1989/1989/1326 1988/1988/1325
f  1989/1989/1326 1987/1987/1324 1990/1990/1327
f  1988/1988/1325 1989/1989/1326 1991/1991/1328
f  1973/1973/1163 1988/1988/1325 1992/1992/1329
f  1992/1992/1329 1988/1988/1325 1991/1991/1328
f  1973/1973/1163 1992/1992/1329 1993/1993/1159
f  1993/1993/1159 1992/1992/1329 1994/1994/1158
f  1992/1992/1329 1991/1991/1328 1995/1995/1330
f  1995/1995/1330 1991/1991/1328 1989/1989/1326
f  1992/1992/1329 1995/1995/1330 1994/1994/1158
f  1995/1995/1330 1989/1989/1326 1990/1990/1327
f  1994/1994/1158 1995/1995/1330 1996/1996/1331
f  1996/1996/1331 1995/1995/1330 1990/1990/1327
f  1994/1994/1158 1996/1996/1331 1997/1997/1332
f  1997/1997/1332 1996/1996/1331 1998/1998/1333
f  1996/1996/1331 1990/1990/1327 1999/1999/1334
f  1996/1996/1331 1999/1999/1334 1998/1998/1333
f  1999/1999/1334 1990/1990/1327 2000/2000/1335
f  2000/2000/1335 1990/1990/1327 2001/2001/1336
f  1999/1999/1334 2000/2000/1335 2002/2002/1337
f  1999/1999/1334 2002/2002/1337 1998/1998/1333
f  1998/1998/1333 2002/2002/1337 2003/2003/1338
f  2003/2003/1338 2002/2002/1337 2004/2004/1339
f  2003/2003/1338 2004/2004/1339 2005/2005/1340
f  2006/2006/1341 2007/2007/1167 2008/2008/1168
f  2006/2006/1341 2008/2008/1168 2009/2009/1175
f  2006/2006/1341 2009/2009/1175 2010/2010/1342
f  2006/2006/1341 2010/2010/1342 2011/2011/1343
f  2011/2011/1343 2010/2010/1342 2012/2012/1344
f  2010/2010/1342 2009/2009/1175 2013/2013/1345
f  2012/2012/1344 2010/2010/1342 2014/2014/1346
f  2010/2010/1342 2013/2013/1345 2015/2015/1347
f  2015/2015/1347 2013/2013/1345 2016/2016/1230
f  2016/2016/1230 2013/2013/1345 2017/2017/1223
f  2015/2015/1347 2016/2016/1230 2018/2018/1348
f  2015/2015/1347 2018/2018/1348 2010/2010/1342
f  2018/2018/1348 2016/2016/1230 2019/2019/1231
f  2018/2018/1348 2019/2019/1231 2014/2014/1346
f  2010/2010/1342 2018/2018/1348 2020/2020/1349
f  2010/2010/1342 2020/2020/1349 2014/2014/1346
f  2014/2014/1346 2020/2020/1349 2018/2018/1348
f  2014/2014/1346 2019/2019/1231 2021/2021/1232
f  2014/2014/1346 2021/2021/1232 2022/2022/886
f  2022/2022/886 2021/2021/1232 2023/2023/1233
f  2014/2014/1346 2022/2022/886 2024/2024/883
f  2014/2014/1346 2024/2024/883 2025/2025/1350
f  2014/2014/1346 2025/2025/1350 2026/2026/1155
f  2027/2027/1167 2028/2028/1341 2029/2029/1300
f  2029/2029/1300 2028/2028/1341 2030/2030/1351
f  2029/2029/1300 2030/2030/1351 2031/2031/1352
f  2029/2029/1300 2031/2031/1352 2032/2032/1304
f  2030/2030/1351 2028/2028/1341 2033/2033/1353
f  2033/2033/1353 2028/2028/1341 2034/2034/1343
f  2033/2033/1353 2034/2034/1343 2035/2035/1344
f  2032/2032/1304 2031/2031/1352 2036/2036/1354
f  2031/2031/1352 2030/2030/1351 2037/2037/1355
f  2031/2031/1352 2037/2037/1355 2036/2036/1354
f  2037/2037/1355 2030/2030/1351 2038/2038/1356
f  2038/2038/1356 2030/2030/1351 2033/2033/1353
f  2036/2036/1354 2037/2037/1355 2039/2039/1357
f  2039/2039/1357 2037/2037/1355 2038/2038/1356
f  2032/2032/1304 2036/2036/1354 2040/2040/1358
f  2040/2040/1358 2036/2036/1354 2039/2039/1357
f  2032/2032/1304 2040/2040/1358 2041/2041/1310
f  2040/2040/1358 2039/2039/1357 2042/2042/1359
f  2040/2040/1358 2042/2042/1359 2043/2043/1360
f  2040/2040/1358 2043/2043/1360 2041/2041/1310
f  2041/2041/1310 2043/2043/1360 2044/2044/1312
f  2044/2044/1312 2043/2043/1360 2045/2045/1361
f  2046/2046/1362 2039/2039/1357 2038/2038/1356
f  2046/2046/1362 2038/2038/1356 2033/2033/1353
f  2039/2039/1357 2046/2046/1362 2047/2047/1363
f  2047/2047/1363 2046/2046/1362 2048/2048/1364
f  2048/2048/1364 2046/2046/1362 2049/2049/1365
f  2049/2049/1365 2046/2046/1362 2033/2033/1353
f  2048/2048/1364 2049/2049/1365 2050/2050/1366
f  2050/2050/1366 2049/2049/1365 2051/2051/1367
f  2049/2049/1365 2033/2033/1353 2052/2052/1368
f  2052/2052/1368 2033/2033/1353 2035/2035/1344
f  2052/2052/1368 2035/2035/1344 2053/2053/841
f  2049/2049/1365 2052/2052/1368 2054/2054/1369
f  2054/2054/1369 2052/2052/1368 2053/2053/841
f  2049/2049/1365 2054/2054/1369 2051/2051/1367
f  2054/2054/1369 2053/2053/841 2055/2055/1370
f  2054/2054/1369 2055/2055/1370 2051/2051/1367
f  2051/2051/1367 2055/2055/1370 2050/2050/1366
f  2050/2050/1366 2055/2055/1370 2056/2056/1371
f  2056/2056/1371 2055/2055/1370 2057/2057/1372
f  2056/2056/1371 2057/2057/1372 2058/2058/353
f  2059/2059/1373 2060/2060/1374 2061/2061/1375
f  2059/2059/1373 2061/2061/1375 2062/2062/1210
f  2062/2062/1210 2061/2061/1375 2063/2063/1209
f  2061/2061/1375 2060/2060/1374 2064/2064/1376
f  2061/2061/1375 2064/2064/1376 2063/2063/1209
f  2064/2064/1376 2060/2060/1374 2065/2065/1377
f  2064/2064/1376 2065/2065/1377 2066/2066/1378
f  2066/2066/1378 2065/2065/1377 2067/2067/1379
f  2064/2064/1376 2066/2066/1378 2068/2068/1380
f  2063/2063/1209 2064/2064/1376 2069/2069/1381
f  2069/2069/1381 2064/2064/1376 2068/2068/1380
f  2063/2063/1209 2069/2069/1381 2070/2070/1382
f  2063/2063/1209 2070/2070/1382 2071/2071/1372
f  2069/2069/1381 2068/2068/1380 2072/2072/1383
f  2069/2069/1381 2072/2072/1383 2070/2070/1382
f  2072/2072/1383 2068/2068/1380 2073/2073/1384
f  2070/2070/1382 2072/2072/1383 2074/2074/1385
f  2074/2074/1385 2072/2072/1383 2073/2073/1384
f  2074/2074/1385 2073/2073/1384 2075/2075/1386
f  2076/2076/1387 2077/2077/1350 2078/2078/882
f  2078/2078/882 2077/2077/1350 2079/2079/883
f  2077/2077/1350 2076/2076/1387 2080/2080/1388
f  2077/2077/1350 2080/2080/1388 2081/2081/1155
f  2081/2081/1155 2080/2080/1388 2082/2082/1151
f  2082/2082/1151 2080/2080/1388 2083/2083/1150
f  2083/2083/1150 2080/2080/1388 2076/2076/1387
f  2083/2083/1150 2076/2076/1387 2078/2078/882
f  2083/2083/1150 2078/2078/882 2084/2084/1389
f  2083/2083/1150 2084/2084/1389 2085/2085/1146
f  2083/2083/1150 2085/2085/1146 2086/2086/1144
f  2086/2086/1144 2085/2085/1146 2087/2087/1143
f  2085/2085/1146 2084/2084/1389 2088/2088/1390
f  2085/2085/1146 2088/2088/1390 2089/2089/1148
f  2089/2089/1148 2088/2088/1390 2090/2090/1220
f  2090/2090/1220 2088/2088/1390 2091/2091/1219
f  2088/2088/1390 2084/2084/1389 2092/2092/1391
f  2088/2088/1390 2092/2092/1391 2091/2091/1219
f  2092/2092/1391 2084/2084/1389 2078/2078/882
f  2092/2092/1391 2078/2078/882 2093/2093/1207
f  2091/2091/1219 2092/2092/1391 2094/2094/1215
f  2094/2094/1215 2092/2092/1391 2095/2095/1217
f  2096/2096/1244 2097/2097/945 2098/2098/942
f  2097/2097/945 2096/2096/1244 2099/2099/1252
f  2099/2099/1252 2096/2096/1244 2100/2100/1245
f  2097/2097/945 2099/2099/1252 2101/2101/1392
f  2097/2097/945 2101/2101/1392 2102/2102/947
f  2102/2102/947 2101/2101/1392 2103/2103/949
f  2104/2104/1251 2105/2105/1393 2099/2099/1252
f  2099/2099/1252 2105/2105/1393 2106/2106/1394
f  2099/2099/1252 2106/2106/1394 2101/2101/1392
f  2106/2106/1394 2105/2105/1393 2107/2107/1395
f  2106/2106/1394 2107/2107/1395 2108/2108/1396
f  2106/2106/1394 2108/2108/1396 2101/2101/1392
f  2103/2103/949 2101/2101/1392 2109/2109/1397
f  2101/2101/1392 2108/2108/1396 2110/2110/1398
f  2101/2101/1392 2110/2110/1398 2109/2109/1397
f  2110/2110/1398 2108/2108/1396 2111/2111/1399
f  2103/2103/949 2109/2109/1397 2112/2112/1400
f  2112/2112/1400 2109/2109/1397 2110/2110/1398
f  2103/2103/949 2112/2112/1400 2113/2113/989
f  2110/2110/1398 2111/2111/1399 2114/2114/1401
f  2112/2112/1400 2110/2110/1398 2115/2115/1402
f  2110/2110/1398 2114/2114/1401 2116/2116/1403
f  2110/2110/1398 2116/2116/1403 2115/2115/1402
f  2116/2116/1403 2114/2114/1401 2117/2117/1225
f  2117/2117/1225 2114/2114/1401 2118/2118/1227
f  2117/2117/1225 2118/2118/1227 2119/2119/1224
f  2116/2116/1403 2117/2117/1225 2120/2120/1404
f  2116/2116/1403 2120/2120/1404 2115/2115/1402
f  2120/2120/1404 2117/2117/1225 2121/2121/809
f  2120/2120/1404 2121/2121/809 2122/2122/810
f  2120/2120/1404 2122/2122/810 2123/2123/910
f  2120/2120/1404 2123/2123/910 2115/2115/1402
f  2115/2115/1402 2123/2123/910 2124/2124/908
f  2125/2125/1345 2126/2126/1175 2127/2127/1178
f  2125/2125/1345 2127/2127/1178 2128/2128/1223
f  2129/2129/768 2130/2130/1405 2131/2131/1406
f  2129/2129/768 2131/2131/1406 2132/2132/1010
f  2130/2130/1405 2129/2129/768 2133/2133/765
f  2134/2134/1407 2133/2133/765 2135/2135/764
f  2133/2133/765 2134/2134/1407 2136/2136/1408
f  2133/2133/765 2136/2136/1408 2130/2130/1405
f  2131/2131/1406 2130/2130/1405 2137/2137/1409
f  2132/2132/1010 2131/2131/1406 2138/2138/1410
f  2132/2132/1010 2138/2138/1410 2139/2139/1011
f  2131/2131/1406 2137/2137/1409 2140/2140/1411
f  2131/2131/1406 2140/2140/1411 2138/2138/1410
f  2137/2137/1409 2130/2130/1405 2141/2141/1412
f  2137/2137/1409 2141/2141/1412 2140/2140/1411
f  2141/2141/1412 2130/2130/1405 2136/2136/1408
f  2139/2139/1011 2138/2138/1410 2142/2142/1413
f  2139/2139/1011 2142/2142/1413 2143/2143/1414
f  2138/2138/1410 2140/2140/1411 2144/2144/1415
f  2138/2138/1410 2144/2144/1415 2142/2142/1413
f  2140/2140/1411 2141/2141/1412 2145/2145/1416
f  2140/2140/1411 2145/2145/1416 2144/2144/1415
f  2142/2142/1413 2144/2144/1415 2146/2146/1417
f  2146/2146/1417 2144/2144/1415 2145/2145/1416
f  2142/2142/1413 2146/2146/1417 2147/2147/1418
f  2145/2145/1416 2141/2141/1412 2148/2148/1419
f  2145/2145/1416 2148/2148/1419 2146/2146/1417
f  2148/2148/1419 2141/2141/1412 2136/2136/1408
f  2147/2147/1418 2146/2146/1417 2149/2149/1420
f  2148/2148/1419 2136/2136/1408 2150/2150/1421
f  2150/2150/1421 2136/2136/1408 2151/2151/1422
f  2150/2150/1421 2151/2151/1422 2148/2148/1419
f  2148/2148/1419 2151/2151/1422 2146/2146/1417
f  2151/2151/1422 2136/2136/1408 2152/2152/1124
f  2151/2151/1422 2152/2152/1124 2153/2153/1126
f  2146/2146/1417 2151/2151/1422 2154/2154/1423
f  2154/2154/1423 2151/2151/1422 2153/2153/1126
f  2146/2146/1417 2154/2154/1423 2149/2149/1420
f  2154/2154/1423 2153/2153/1126 2155/2155/1128
f  2149/2149/1420 2154/2154/1423 2156/2156/1424
f  2154/2154/1423 2155/2155/1128 2157/2157/1425
f  2157/2157/1425 2155/2155/1128 2158/2158/1426
f  2156/2156/1424 2154/2154/1423 2159/2159/1427
f  2159/2159/1427 2154/2154/1423 2157/2157/1425
f  2156/2156/1424 2159/2159/1427 2160/2160/1428
f  2159/2159/1427 2157/2157/1425 2161/2161/1429
f  2159/2159/1427 2161/2161/1429 2160/2160/1428
f  2162/2162/1430 2163/2163/1373 2164/2164/1210
f  2163/2163/1373 2162/2162/1430 2165/2165/1374
f  2165/2165/1374 2162/2162/1430 2166/2166/1377
f  2162/2162/1430 2164/2164/1210 2167/2167/1338
f  2166/2166/1377 2162/2162/1430 2168/2168/1431
f  2167/2167/1338 2164/2164/1210 2169/2169/1216
f  2166/2166/1377 2168/2168/1431 2170/2170/1432
f  2166/2166/1377 2170/2170/1432 2171/2171/1433
f  2171/2171/1433 2170/2170/1432 2172/2172/1379
f  2170/2170/1432 2168/2168/1431 2173/2173/1434
f  2173/2173/1434 2168/2168/1431 2162/2162/1430
f  2173/2173/1434 2162/2162/1430 2167/2167/1338
f  2170/2170/1432 2173/2173/1434 2174/2174/1435
f  2173/2173/1434 2167/2167/1338 2175/2175/1436
f  2175/2175/1436 2167/2167/1338 2176/2176/1437
f  2176/2176/1437 2167/2167/1338 2169/2169/1216
f  2175/2175/1436 2176/2176/1437 2177/2177/1438
f  2177/2177/1438 2176/2176/1437 2169/2169/1216
f  2177/2177/1438 2169/2169/1216 2178/2178/1439
f  2175/2175/1436 2177/2177/1438 2179/2179/1440
f  2179/2179/1440 2177/2177/1438 2180/2180/1441
f  2181/2181/1155 2182/2182/1442 2183/2183/1346
f  2183/2183/1346 2182/2182/1442 2184/2184/1344
f  2182/2182/1442 2181/2181/1155 2185/2185/1156
f  2182/2182/1442 2185/2185/1156 2186/2186/1443
f  2186/2186/1443 2185/2185/1156 2187/2187/1208
f  2184/2184/1344 2182/2182/1442 2188/2188/1444
f  2188/2188/1444 2182/2182/1442 2186/2186/1443
f  2188/2188/1444 2186/2186/1443 2187/2187/1208
f  2184/2184/1344 2188/2188/1444 2189/2189/841
f  2188/2188/1444 2187/2187/1208 2190/2190/1209
f  2189/2189/841 2188/2188/1444 2191/2191/1370
f  2188/2188/1444 2190/2190/1209 2192/2192/1372
f  2188/2188/1444 2192/2192/1372 2191/2191/1370
f  2193/2193/1445 2194/2194/1309 2195/2195/1311
f  2193/2193/1445 2195/2195/1311 2196/2196/1312
f  2193/2193/1445 2196/2196/1312 2197/2197/1361
f  2194/2194/1309 2193/2193/1445 2198/2198/1446
f  2193/2193/1445 2197/2197/1361 2199/2199/1447
f  2193/2193/1445 2199/2199/1447 2198/2198/1446
f  2199/2199/1447 2197/2197/1361 2200/2200/1448
f  2200/2200/1448 2197/2197/1361 2201/2201/1449
f  2200/2200/1448 2201/2201/1449 2202/2202/1450
f  2200/2200/1448 2202/2202/1450 2199/2199/1447
f  2202/2202/1450 2201/2201/1449 2203/2203/1451
f  2199/2199/1447 2202/2202/1450 2204/2204/1183
f  2204/2204/1183 2202/2202/1450 2203/2203/1451
f  2205/2205/1452 2198/2198/1446 2199/2199/1447
f  2205/2205/1452 2199/2199/1447 2204/2204/1183
f  2204/2204/1183 2203/2203/1451 2206/2206/1453
f  2206/2206/1453 2203/2203/1451 2207/2207/1454
f  2206/2206/1453 2207/2207/1454 2208/2208/1455
f  2209/2209/1456 2194/2194/1309 2198/2198/1446
f  2194/2194/1309 2209/2209/1456 2210/2210/1308
f  2210/2210/1308 2209/2209/1456 2211/2211/1307
f  2211/2211/1307 2209/2209/1456 2212/2212/1315
f  2209/2209/1456 2198/2198/1446 2213/2213/1457
f  2209/2209/1456 2213/2213/1457 2212/2212/1315
f  2213/2213/1457 2198/2198/1446 2205/2205/1452
f  2212/2212/1315 2213/2213/1457 2214/2214/1458
f  2213/2213/1457 2205/2205/1452 2215/2215/1459
f  2215/2215/1459 2205/2205/1452 2204/2204/1183
f  2213/2213/1457 2215/2215/1459 2214/2214/1458
f  2215/2215/1459 2204/2204/1183 2216/2216/1460
f  2216/2216/1460 2204/2204/1183 2206/2206/1453
f  2215/2215/1459 2216/2216/1460 2214/2214/1458
f  2212/2212/1315 2214/2214/1458 2217/2217/1461
f  2217/2217/1461 2214/2214/1458 2218/2218/1462
f  2217/2217/1461 2218/2218/1462 2219/2219/1463
f  2214/2214/1458 2216/2216/1460 2220/2220/1464
f  2214/2214/1458 2220/2220/1464 2218/2218/1462
f  2219/2219/1463 2218/2218/1462 2221/2221/1465
f  2220/2220/1464 2216/2216/1460 2222/2222/1466
f  2222/2222/1466 2216/2216/1460 2206/2206/1453
f  2218/2218/1462 2220/2220/1464 2223/2223/1467
f  2218/2218/1462 2223/2223/1467 2221/2221/1465
f  2223/2223/1467 2220/2220/1464 2222/2222/1466
f  2223/2223/1467 2222/2222/1466 2224/2224/1468
f  2222/2222/1466 2206/2206/1453 2225/2225/1469
f  2222/2222/1466 2225/2225/1469 2224/2224/1468
f  2225/2225/1469 2206/2206/1453 2208/2208/1455
f  2223/2223/1467 2224/2224/1468 2226/2226/1470
f  2226/2226/1470 2224/2224/1468 2225/2225/1469
f  2223/2223/1467 2226/2226/1470 2221/2221/1465
f  2226/2226/1470 2225/2225/1469 2208/2208/1455
f  2226/2226/1470 2208/2208/1455 2227/2227/1471
f  2226/2226/1470 2227/2227/1471 2228/2228/1472
f  2226/2226/1470 2228/2228/1472 2221/2221/1465
f  2221/2221/1465 2228/2228/1472 2229/2229/1473
f  2230/2230/836 2231/2231/1122 2232/2232/1474
f  2232/2232/1474 2231/2231/1122 2233/2233/1124
f  2230/2230/836 2232/2232/1474 2234/2234/839
f  2232/2232/1474 2233/2233/1124 2235/2235/1407
f  2235/2235/1407 2233/2233/1124 2236/2236/1408
f  2232/2232/1474 2235/2235/1407 2237/2237/764
f  2232/2232/1474 2237/2237/764 2234/2234/839
f  2234/2234/839 2237/2237/764 2238/2238/761
f  2234/2234/839 2238/2238/761 2239/2239/838
f  2240/2240/1433 2241/2241/1379 2242/2242/1377
f  2243/2243/1248 2244/2244/1475 2245/2245/1249
f  2244/2244/1475 2243/2243/1248 2246/2246/1250
f  2244/2244/1475 2246/2246/1250 2247/2247/1254
f  2244/2244/1475 2247/2247/1254 2248/2248/1476
f  2244/2244/1475 2248/2248/1476 2249/2249/1477
f  2244/2244/1475 2249/2249/1477 2245/2245/1249
f  2249/2249/1477 2248/2248/1476 2250/2250/1478
f  2249/2249/1477 2250/2250/1478 2251/2251/1479
f  2245/2245/1249 2249/2249/1477 2252/2252/1480
f  2252/2252/1480 2249/2249/1477 2251/2251/1479
f  2245/2245/1249 2252/2252/1480 2253/2253/1251
f  2252/2252/1480 2251/2251/1479 2254/2254/1481
f  2253/2253/1251 2252/2252/1480 2255/2255/1482
f  2253/2253/1251 2255/2255/1482 2256/2256/1393
f  2252/2252/1480 2254/2254/1481 2257/2257/1483
f  2252/2252/1480 2257/2257/1483 2255/2255/1482
f  2257/2257/1483 2254/2254/1481 2258/2258/1484
f  2256/2256/1393 2255/2255/1482 2259/2259/1395
f  2259/2259/1395 2255/2255/1482 2257/2257/1483
f  2259/2259/1395 2257/2257/1483 2258/2258/1484
f  2259/2259/1395 2258/2258/1484 2260/2260/1485
f  2259/2259/1395 2260/2260/1485 2261/2261/1399
f  2259/2259/1395 2261/2261/1399 2262/2262/1396
f  2260/2260/1485 2258/2258/1484 2263/2263/1486
f  2263/2263/1486 2258/2258/1484 2264/2264/1487
f  2261/2261/1399 2260/2260/1485 2265/2265/1488
f  2265/2265/1488 2260/2260/1485 2263/2263/1486
f  2261/2261/1399 2265/2265/1488 2266/2266/1227
f  2261/2261/1399 2266/2266/1227 2267/2267/1401
f  2265/2265/1488 2263/2263/1486 2268/2268/1489
f  2265/2265/1488 2268/2268/1489 2266/2266/1227
f  2263/2263/1486 2264/2264/1487 2269/2269/1490
f  2263/2263/1486 2269/2269/1490 2268/2268/1489
f  2269/2269/1490 2264/2264/1487 2270/2270/1491
f  2269/2269/1490 2270/2270/1491 2271/2271/1238
f  2269/2269/1490 2271/2271/1238 2268/2268/1489
f  2266/2266/1227 2268/2268/1489 2272/2272/1235
f  2272/2272/1235 2268/2268/1489 2271/2271/1238
f  2266/2266/1227 2272/2272/1235 2273/2273/1228
f  2272/2272/1235 2271/2271/1238 2274/2274/1234
f  2275/2275/1047 2276/2276/1254 2277/2277/1253
f  2278/2278/1424 2279/2279/1476 2276/2276/1254
f  2278/2278/1424 2276/2276/1254 2280/2280/1420
f  2280/2280/1420 2276/2276/1254 2281/2281/1418
f  2276/2276/1254 2275/2275/1047 2282/2282/1492
f  2282/2282/1492 2275/2275/1047 2283/2283/1048
f  2282/2282/1492 2283/2283/1048 2284/2284/1014
f  2276/2276/1254 2282/2282/1492 2285/2285/1414
f  2276/2276/1254 2285/2285/1414 2281/2281/1418
f  2285/2285/1414 2282/2282/1492 2284/2284/1014
f  2281/2281/1418 2285/2285/1414 2286/2286/1413
f  2285/2285/1414 2284/2284/1014 2287/2287/1011
f  2288/2288/1045 2289/2289/1046 2290/2290/1048
f  2290/2290/1048 2289/2289/1046 2291/2291/1014
f  2292/2292/1044 2289/2289/1046 2293/2293/1043
f  2294/2294/1013 2291/2291/1014 2295/2295/1016
f  2289/2289/1046 2292/2292/1044 2296/2296/1493
f  2296/2296/1493 2292/2292/1044 2297/2297/1041
f  2291/2291/1014 2289/2289/1046 2298/2298/1494
f  2298/2298/1494 2289/2289/1046 2296/2296/1493
f  2295/2295/1016 2291/2291/1014 2299/2299/1495
f  2299/2299/1495 2291/2291/1014 2298/2298/1494
f  2295/2295/1016 2299/2299/1495 2300/2300/1496
f  2300/2300/1496 2299/2299/1495 2298/2298/1494
f  2300/2300/1496 2298/2298/1494 2296/2296/1493
f  2295/2295/1016 2300/2300/1496 2301/2301/1017
f  2301/2301/1017 2300/2300/1496 2296/2296/1493
f  2301/2301/1017 2296/2296/1493 2302/2302/1018
f  2302/2302/1018 2296/2296/1493 2303/2303/1288
f  2303/2303/1288 2296/2296/1493 2304/2304/1497
f  2305/2305/1498 2296/2296/1493 2297/2297/1041
f  2296/2296/1493 2305/2305/1498 2304/2304/1497
f  2305/2305/1498 2297/2297/1041 2306/2306/1042
f  2303/2303/1288 2304/2304/1497 2307/2307/1499
f  2307/2307/1499 2304/2304/1497 2305/2305/1498
f  2307/2307/1499 2305/2305/1498 2306/2306/1042
f  2303/2303/1288 2307/2307/1499 2308/2308/1282
f  2308/2308/1282 2307/2307/1499 2309/2309/1500
f  2307/2307/1499 2306/2306/1042 2310/2310/1501
f  2310/2310/1501 2306/2306/1042 2311/2311/1502
f  2312/2312/1207 2313/2313/1208 2314/2314/1391
f  2314/2314/1391 2313/2313/1208 2315/2315/1217
f  2315/2315/1217 2313/2313/1208 2316/2316/1503
f  2317/2317/1333 2318/2318/1338 2316/2316/1503
f  2317/2317/1333 2316/2316/1503 2319/2319/1332
f  2319/2319/1332 2316/2316/1503 2313/2313/1208
f  2319/2319/1332 2313/2313/1208 2320/2320/1157
f  2319/2319/1332 2320/2320/1157 2321/2321/1158
f  2320/2320/1157 2313/2313/1208 2322/2322/1156
f  2323/2323/1504 2324/2324/1035 2325/2325/1257
f  2323/2323/1504 2325/2325/1257 2326/2326/1266
f  2324/2324/1035 2323/2323/1504 2327/2327/1505
f  2324/2324/1035 2327/2327/1505 2328/2328/1036
f  2328/2328/1036 2327/2327/1505 2329/2329/1039
f  2330/2330/1042 2331/2331/1038 2329/2329/1039
f  2330/2330/1042 2329/2329/1039 2332/2332/1502
f  2329/2329/1039 2327/2327/1505 2333/2333/1506
f  2329/2329/1039 2333/2333/1506 2332/2332/1502
f  2327/2327/1505 2323/2323/1504 2334/2334/1507
f  2327/2327/1505 2334/2334/1507 2333/2333/1506
f  2332/2332/1502 2333/2333/1506 2335/2335/1508
f  2335/2335/1508 2333/2333/1506 2334/2334/1507
f  2332/2332/1502 2335/2335/1508 2336/2336/1509
f  2337/2337/1298 2336/2336/1509 2338/2338/1297
f  2338/2338/1297 2336/2336/1509 2339/2339/1296
f  2339/2339/1296 2336/2336/1509 2335/2335/1508
f  2339/2339/1296 2335/2335/1508 2340/2340/1510
f  2340/2340/1510 2335/2335/1508 2334/2334/1507
f  2339/2339/1296 2340/2340/1510 2341/2341/1295
f  2342/2342/1511 2334/2334/1507 2323/2323/1504
f  2334/2334/1507 2342/2342/1511 2340/2340/1510
f  2342/2342/1511 2323/2323/1504 2326/2326/1266
f  2341/2341/1295 2340/2340/1510 2343/2343/1512
f  2343/2343/1512 2340/2340/1510 2342/2342/1511
f  2341/2341/1295 2343/2343/1512 2344/2344/1276
f  2344/2344/1276 2343/2343/1512 2345/2345/1272
f  2345/2345/1272 2343/2343/1512 2342/2342/1511
f  2345/2345/1272 2342/2342/1511 2326/2326/1266
f  2345/2345/1272 2326/2326/1266 2346/2346/1267
f  2347/2347/1379 2348/2348/1513 2349/2349/1514
f  2347/2347/1379 2349/2349/1514 2350/2350/1515
f  2349/2349/1514 2348/2348/1513 2351/2351/1516
f  2350/2350/1515 2349/2349/1514 2352/2352/1517
f  2352/2352/1517 2349/2349/1514 2351/2351/1516
f  2351/2351/1516 2348/2348/1513 2353/2353/1518
f  2351/2351/1516 2353/2353/1518 2352/2352/1517
f  2353/2353/1518 2348/2348/1513 2354/2354/1519
f  2354/2354/1519 2348/2348/1513 2355/2355/1520
f  2352/2352/1517 2353/2353/1518 2356/2356/1521
f  2350/2350/1515 2352/2352/1517 2357/2357/1522
f  2350/2350/1515 2357/2357/1522 2358/2358/1384
f  2354/2354/1519 2355/2355/1520 2359/2359/1523
f  2359/2359/1523 2355/2355/1520 2360/2360/1524
f  2359/2359/1523 2360/2360/1524 2361/2361/1525
f  2359/2359/1523 2361/2361/1525 2362/2362/1526
f  2354/2354/1519 2359/2359/1523 2363/2363/1527
f  2354/2354/1519 2363/2363/1527 2353/2353/1518
f  2363/2363/1527 2359/2359/1523 2362/2362/1526
f  2353/2353/1518 2363/2363/1527 2356/2356/1521
f  2363/2363/1527 2362/2362/1526 2364/2364/1528
f  2363/2363/1527 2364/2364/1528 2356/2356/1521
f  2364/2364/1528 2362/2362/1526 2365/2365/1529
f  2364/2364/1528 2365/2365/1529 2366/2366/1530
f  2364/2364/1528 2366/2366/1530 2356/2356/1521
f  2366/2366/1530 2365/2365/1529 2367/2367/1531
f  2356/2356/1521 2366/2366/1530 2368/2368/1532
f  2368/2368/1532 2366/2366/1530 2367/2367/1531
f  2356/2356/1521 2368/2368/1532 2369/2369/1533
f  2356/2356/1521 2369/2369/1533 2352/2352/1517
f  2352/2352/1517 2369/2369/1533 2357/2357/1522
f  2369/2369/1533 2368/2368/1532 2370/2370/1534
f  2357/2357/1522 2369/2369/1533 2371/2371/1535
f  2371/2371/1535 2369/2369/1533 2370/2370/1534
f  2368/2368/1532 2367/2367/1531 2372/2372/1536
f  2368/2368/1532 2372/2372/1536 2370/2370/1534
f  2372/2372/1536 2367/2367/1531 2373/2373/1537
f  2373/2373/1537 2367/2367/1531 2374/2374/1538
f  2373/2373/1537 2374/2374/1538 2375/2375/1539
f  2372/2372/1536 2373/2373/1537 2376/2376/1540
f  2376/2376/1540 2373/2373/1537 2375/2375/1539
f  2372/2372/1536 2376/2376/1540 2370/2370/1534
f  2375/2375/1539 2374/2374/1538 2377/2377/1541
f  2375/2375/1539 2377/2377/1541 2376/2376/1540
f  2376/2376/1540 2377/2377/1541 2378/2378/1542
f  2376/2376/1540 2378/2378/1542 2370/2370/1534
f  2370/2370/1534 2378/2378/1542 2379/2379/1543
f  2379/2379/1543 2378/2378/1542 2377/2377/1541
f  2370/2370/1534 2379/2379/1543 2371/2371/1535
f  2379/2379/1543 2377/2377/1541 2380/2380/1544
f  2380/2380/1544 2377/2377/1541 2381/2381/1545
f  2371/2371/1535 2379/2379/1543 2382/2382/1546
f  2371/2371/1535 2382/2382/1546 2357/2357/1522
f  2357/2357/1522 2382/2382/1546 2358/2358/1384
f  2358/2358/1384 2382/2382/1546 2383/2383/1547
f  2383/2383/1547 2382/2382/1546 2384/2384/1548
f  2384/2384/1548 2382/2382/1546 2379/2379/1543
f  2384/2384/1548 2379/2379/1543 2380/2380/1544
f  2384/2384/1548 2380/2380/1544 2385/2385/1549
f  2384/2384/1548 2385/2385/1549 2386/2386/1550
f  2387/2387/746 2388/2388/748 2389/2389/745
f  2390/2390/1216 2391/2391/1217 2392/2392/1439
f  2392/2392/1439 2391/2391/1217 2393/2393/1503
f  2392/2392/1439 2393/2393/1503 2394/2394/1551
f  2394/2394/1551 2393/2393/1503 2395/2395/1338
f  2392/2392/1439 2394/2394/1551 2396/2396/1552
f  2392/2392/1439 2396/2396/1552 2397/2397/1438
f  2397/2397/1438 2396/2396/1552 2398/2398/1441
f  2396/2396/1552 2394/2394/1551 2399/2399/1553
f  2396/2396/1552 2399/2399/1553 2398/2398/1441
f  2399/2399/1553 2394/2394/1551 2395/2395/1338
f  2398/2398/1441 2399/2399/1553 2400/2400/1554
f  2399/2399/1553 2395/2395/1338 2401/2401/1340
f  2402/2402/1379 2403/2403/1432 2404/2404/1555
f  2402/2402/1379 2404/2404/1555 2405/2405/1513
f  2404/2404/1555 2403/2403/1432 2406/2406/1435
f  2405/2405/1513 2404/2404/1555 2407/2407/1520
f  2404/2404/1555 2406/2406/1435 2408/2408/1556
f  2404/2404/1555 2408/2408/1556 2407/2407/1520
f  2408/2408/1556 2406/2406/1435 2409/2409/1557
f  2408/2408/1556 2409/2409/1557 2407/2407/1520
f  2409/2409/1557 2406/2406/1435 2410/2410/1434
f  2409/2409/1557 2410/2410/1434 2411/2411/1436
f  2409/2409/1557 2411/2411/1436 2412/2412/1440
f  2407/2407/1520 2409/2409/1557 2413/2413/1558
f  2409/2409/1557 2412/2412/1440 2414/2414/1559
f  2409/2409/1557 2414/2414/1559 2413/2413/1558
f  2407/2407/1520 2413/2413/1558 2415/2415/1560
f  2415/2415/1560 2413/2413/1558 2414/2414/1559
f  2407/2407/1520 2415/2415/1560 2416/2416/1524
f  2417/2417/1441 2418/2418/1561 2412/2412/1440
f  2412/2412/1440 2418/2418/1561 2414/2414/1559
f  2415/2415/1560 2414/2414/1559 2419/2419/795
f  2415/2415/1560 2419/2419/795 2416/2416/1524
f  2414/2414/1559 2418/2418/1561 2420/2420/1562
f  2420/2420/1562 2418/2418/1561 2421/2421/1549
f  2419/2419/795 2414/2414/1559 2422/2422/1563
f  2422/2422/1563 2414/2414/1559 2420/2420/1562
f  2419/2419/795 2422/2422/1563 2416/2416/1524
f  2422/2422/1563 2420/2420/1562 2423/2423/1564
f  2422/2422/1563 2423/2423/1564 2424/2424/1565
f  2422/2422/1563 2424/2424/1565 2425/2425/1566
f  2425/2425/1566 2424/2424/1565 2426/2426/1545
f  2425/2425/1566 2426/2426/1545 2427/2427/1541
f  2422/2422/1563 2425/2425/1566 2428/2428/1567
f  2422/2422/1563 2428/2428/1567 2416/2416/1524
f  2425/2425/1566 2427/2427/1541 2429/2429/1568
f  2425/2425/1566 2429/2429/1568 2428/2428/1567
f  2429/2429/1568 2427/2427/1541 2430/2430/1538
f  2416/2416/1524 2428/2428/1567 2431/2431/1569
f  2428/2428/1567 2429/2429/1568 2432/2432/1570
f  2432/2432/1570 2429/2429/1568 2430/2430/1538
f  2428/2428/1567 2432/2432/1570 2431/2431/1569
f  2416/2416/1524 2431/2431/1569 2433/2433/1525
f  2433/2433/1525 2431/2431/1569 2434/2434/1571
f  2431/2431/1569 2432/2432/1570 2435/2435/1572
f  2435/2435/1572 2432/2432/1570 2430/2430/1538
f  2431/2431/1569 2435/2435/1572 2434/2434/1571
f  2433/2433/1525 2434/2434/1571 2436/2436/1526
f  2435/2435/1572 2430/2430/1538 2437/2437/1573
f  2436/2436/1526 2434/2434/1571 2438/2438/1574
f  2436/2436/1526 2438/2438/1574 2439/2439/1529
f  2434/2434/1571 2435/2435/1572 2440/2440/1575
f  2440/2440/1575 2435/2435/1572 2437/2437/1573
f  2438/2438/1574 2434/2434/1571 2441/2441/1576
f  2441/2441/1576 2434/2434/1571 2440/2440/1575
f  2439/2439/1529 2438/2438/1574 2442/2442/1577
f  2442/2442/1577 2438/2438/1574 2441/2441/1576
f  2439/2439/1529 2442/2442/1577 2443/2443/1531
f  2441/2441/1576 2440/2440/1575 2444/2444/1578
f  2441/2441/1576 2444/2444/1578 2442/2442/1577
f  2444/2444/1578 2440/2440/1575 2437/2437/1573
f  2442/2442/1577 2444/2444/1578 2443/2443/1531
f  2444/2444/1578 2437/2437/1573 2430/2430/1538
f  2444/2444/1578 2430/2430/1538 2443/2443/1531
f  2445/2445/741 2446/2446/1106 2447/2447/739
f  2446/2446/1106 2445/2445/741 2448/2448/1103
f  2448/2448/1103 2445/2445/741 2449/2449/745
f  2450/2450/1515 2451/2451/1378 2452/2452/1379
f  2451/2451/1378 2450/2450/1515 2453/2453/1380
f  2453/2453/1380 2450/2450/1515 2454/2454/1384
f  2455/2455/1128 2456/2456/1242 2457/2457/1426
f  2458/2458/1429 2459/2459/1425 2457/2457/1426
f  2458/2458/1429 2457/2457/1426 2460/2460/1579
f  2460/2460/1579 2457/2457/1426 2456/2456/1242
f  2458/2458/1429 2460/2460/1579 2461/2461/1580
f  2458/2458/1429 2461/2461/1580 2462/2462/1581
f  2458/2458/1429 2462/2462/1581 2463/2463/1428
f  2461/2461/1580 2460/2460/1579 2464/2464/1582
f  2461/2461/1580 2464/2464/1582 2462/2462/1581
f  2460/2460/1579 2456/2456/1242 2465/2465/1583
f  2464/2464/1582 2460/2460/1579 2466/2466/1584
f  2466/2466/1584 2460/2460/1579 2465/2465/1583
f  2466/2466/1584 2465/2465/1583 2464/2464/1582
f  2464/2464/1582 2465/2465/1583 2467/2467/1585
f  2464/2464/1582 2467/2467/1585 2468/2468/1586
f  2462/2462/1581 2464/2464/1582 2469/2469/1587
f  2462/2462/1581 2469/2469/1587 2463/2463/1428
f  2469/2469/1587 2464/2464/1582 2470/2470/1588
f  2463/2463/1428 2469/2469/1587 2471/2471/1589
f  2463/2463/1428 2471/2471/1589 2472/2472/1424
f  2469/2469/1587 2470/2470/1588 2473/2473/1590
f  2469/2469/1587 2473/2473/1590 2471/2471/1589
f  2473/2473/1590 2470/2470/1588 2474/2474/1591
f  2472/2472/1424 2471/2471/1589 2475/2475/1592
f  2475/2475/1592 2471/2471/1589 2473/2473/1590
f  2472/2472/1424 2475/2475/1592 2476/2476/1476
f  2473/2473/1590 2474/2474/1591 2477/2477/1593
f  2473/2473/1590 2477/2477/1593 2475/2475/1592
f  2475/2475/1592 2477/2477/1593 2476/2476/1476
f  2477/2477/1593 2474/2474/1591 2478/2478/1478
f  2477/2477/1593 2478/2478/1478 2476/2476/1476
f  2479/2479/1594 2480/2480/1595 2465/2465/1583
f  2480/2480/1595 2479/2479/1594 2481/2481/1596
f  2479/2479/1594 2465/2465/1583 2482/2482/1597
f  2482/2482/1597 2465/2465/1583 2456/2456/1242
f  2481/2481/1596 2479/2479/1594 2483/2483/1598
f  2483/2483/1598 2479/2479/1594 2482/2482/1597
f  2481/2481/1596 2483/2483/1598 2484/2484/1599
f  2484/2484/1599 2483/2483/1598 2485/2485/1491
f  2485/2485/1491 2483/2483/1598 2486/2486/1238
f  2483/2483/1598 2482/2482/1597 2487/2487/1241
f  2483/2483/1598 2487/2487/1241 2486/2486/1238
f  2487/2487/1241 2482/2482/1597 2456/2456/1242
f  2486/2486/1238 2487/2487/1241 2488/2488/1239
f  2487/2487/1241 2456/2456/1242 2489/2489/1240
f  2490/2490/1600 2491/2491/1359 2492/2492/1357
f  2491/2491/1359 2490/2490/1600 2493/2493/1601
f  2490/2490/1600 2492/2492/1357 2494/2494/1602
f  2491/2491/1359 2493/2493/1601 2495/2495/1360
f  2495/2495/1360 2493/2493/1601 2496/2496/1603
f  2495/2495/1360 2496/2496/1603 2497/2497/1361
f  2494/2494/1602 2492/2492/1357 2498/2498/1363
f  2494/2494/1602 2498/2498/1363 2499/2499/1604
f  2499/2499/1604 2498/2498/1363 2500/2500/1605
f  2500/2500/1605 2498/2498/1363 2501/2501/1364
f  2500/2500/1605 2501/2501/1364 2502/2502/1606
f  2500/2500/1605 2502/2502/1606 2503/2503/1607
f  2502/2502/1606 2501/2501/1364 2504/2504/1366
f  2503/2503/1607 2502/2502/1606 2505/2505/203
f  2505/2505/203 2502/2502/1606 2504/2504/1366
f  2503/2503/1607 2505/2505/203 2506/2506/1608
f  2505/2505/203 2504/2504/1366 2507/2507/1371
f  2506/2506/1608 2505/2505/203 2508/2508/1609
f  2508/2508/1609 2505/2505/203 2507/2507/1371
f  2509/2509/1382 2510/2510/1385 2511/2511/1372
f  2511/2511/1372 2510/2510/1385 2512/2512/353
f  2513/2513/1402 2514/2514/989 2515/2515/1400
f  2514/2514/989 2513/2513/1402 2516/2516/1204
f  2514/2514/989 2516/2516/1204 2517/2517/992
f  2516/2516/1204 2513/2513/1402 2518/2518/908
f  2519/2519/1481 2520/2520/1610 2521/2521/1484
f  2520/2520/1610 2519/2519/1481 2522/2522/1611
f  2522/2522/1611 2519/2519/1481 2523/2523/1479
f  2521/2521/1484 2520/2520/1610 2524/2524/1612
f  2522/2522/1611 2523/2523/1479 2525/2525/1613
f  2525/2525/1613 2523/2523/1479 2526/2526/1478
f  2525/2525/1613 2526/2526/1478 2527/2527/1591
f  2522/2522/1611 2525/2525/1613 2528/2528/1614
f  2525/2525/1613 2527/2527/1591 2529/2529/1615
f  2525/2525/1613 2529/2529/1615 2528/2528/1614
f  2529/2529/1615 2527/2527/1591 2530/2530/1616
f  2530/2530/1616 2527/2527/1591 2531/2531/1588
f  2530/2530/1616 2531/2531/1588 2532/2532/1582
f  2533/2533/1617 2520/2520/1610 2522/2522/1611
f  2533/2533/1617 2522/2522/1611 2534/2534/1618
f  2534/2534/1618 2522/2522/1611 2528/2528/1614
f  2520/2520/1610 2533/2533/1617 2535/2535/1619
f  2536/2536/1620 2528/2528/1614 2529/2529/1615
f  2536/2536/1620 2529/2529/1615 2530/2530/1616
f  2533/2533/1617 2534/2534/1618 2537/2537/1621
f  2533/2533/1617 2537/2537/1621 2535/2535/1619
f  2534/2534/1618 2528/2528/1614 2538/2538/1622
f  2534/2534/1618 2538/2538/1622 2537/2537/1621
f  2528/2528/1614 2536/2536/1620 2539/2539/1623
f  2528/2528/1614 2539/2539/1623 2538/2538/1622
f  2539/2539/1623 2536/2536/1620 2540/2540/1624
f  2540/2540/1624 2536/2536/1620 2530/2530/1616
f  2538/2538/1622 2539/2539/1623 2541/2541/1625
f  2540/2540/1624 2530/2530/1616 2542/2542/1626
f  2539/2539/1623 2540/2540/1624 2543/2543/1627
f  2539/2539/1623 2543/2543/1627 2541/2541/1625
f  2540/2540/1624 2542/2542/1626 2544/2544/1628
f  2540/2540/1624 2544/2544/1628 2543/2543/1627
f  2542/2542/1626 2530/2530/1616 2545/2545/1629
f  2542/2542/1626 2545/2545/1629 2544/2544/1628
f  2545/2545/1629 2530/2530/1616 2546/2546/1630
f  2546/2546/1630 2530/2530/1616 2532/2532/1582
f  2546/2546/1630 2532/2532/1582 2547/2547/1586
f  2546/2546/1630 2547/2547/1586 2548/2548/1631
f  2545/2545/1629 2546/2546/1630 2549/2549/1632
f  2549/2549/1632 2546/2546/1630 2548/2548/1631
f  2548/2548/1631 2547/2547/1586 2550/2550/1633
f  2548/2548/1631 2550/2550/1633 2549/2549/1632
f  2550/2550/1633 2547/2547/1586 2551/2551/1585
f  2552/2552/1634 2544/2544/1628 2545/2545/1629
f  2552/2552/1634 2545/2545/1629 2549/2549/1632
f  2544/2544/1628 2552/2552/1634 2553/2553/1635
f  2552/2552/1634 2549/2549/1632 2554/2554/1636
f  2552/2552/1634 2554/2554/1636 2553/2553/1635
f  2554/2554/1636 2549/2549/1632 2555/2555/1637
f  2555/2555/1637 2549/2549/1632 2550/2550/1633
f  2556/2556/1638 2550/2550/1633 2551/2551/1585
f  2556/2556/1638 2551/2551/1585 2557/2557/1583
f  2556/2556/1638 2557/2557/1583 2558/2558/1595
f  2550/2550/1633 2556/2556/1638 2559/2559/1639
f  2555/2555/1637 2550/2550/1633 2560/2560/1640
f  2560/2560/1640 2550/2550/1633 2559/2559/1639
f  2555/2555/1637 2560/2560/1640 2561/2561/1641
f  2560/2560/1640 2559/2559/1639 2562/2562/1642
f  2562/2562/1642 2559/2559/1639 2556/2556/1638
f  2560/2560/1640 2562/2562/1642 2561/2561/1641
f  2556/2556/1638 2558/2558/1595 2563/2563/1643
f  2556/2556/1638 2563/2563/1643 2562/2562/1642
f  2563/2563/1643 2558/2558/1595 2564/2564/1644
f  2564/2564/1644 2558/2558/1595 2565/2565/1596
f  2562/2562/1642 2563/2563/1643 2566/2566/1645
f  2566/2566/1645 2563/2563/1643 2564/2564/1644
f  2564/2564/1644 2565/2565/1596 2567/2567/1646
f  2564/2564/1644 2567/2567/1646 2566/2566/1645
f  2567/2567/1646 2565/2565/1596 2568/2568/1599
f  2562/2562/1642 2566/2566/1645 2569/2569/1647
f  2562/2562/1642 2569/2569/1647 2570/2570/1648
f  2570/2570/1648 2569/2569/1647 2571/2571/1649
f  2570/2570/1648 2571/2571/1649 2572/2572/1650
f  2562/2562/1642 2570/2570/1648 2561/2561/1641
f  2561/2561/1641 2570/2570/1648 2573/2573/1651
f  2561/2561/1641 2573/2573/1651 2574/2574/1652
f  2574/2574/1652 2573/2573/1651 2575/2575/1653
f  2561/2561/1641 2574/2574/1652 2576/2576/1654
f  2561/2561/1641 2576/2576/1654 2555/2555/1637
f  2555/2555/1637 2576/2576/1654 2554/2554/1636
f  2576/2576/1654 2574/2574/1652 2577/2577/1655
f  2577/2577/1655 2574/2574/1652 2575/2575/1653
f  2554/2554/1636 2576/2576/1654 2578/2578/1656
f  2578/2578/1656 2576/2576/1654 2577/2577/1655
f  2554/2554/1636 2578/2578/1656 2553/2553/1635
f  2553/2553/1635 2578/2578/1656 2579/2579/1657
f  2579/2579/1657 2578/2578/1656 2577/2577/1655
f  2553/2553/1635 2579/2579/1657 2544/2544/1628
f  2544/2544/1628 2579/2579/1657 2543/2543/1627
f  2579/2579/1657 2577/2577/1655 2580/2580/1658
f  2580/2580/1658 2577/2577/1655 2575/2575/1653
f  2579/2579/1657 2580/2580/1658 2543/2543/1627
f  2580/2580/1658 2575/2575/1653 2581/2581/1659
f  2543/2543/1627 2580/2580/1658 2541/2541/1625
f  2541/2541/1625 2580/2580/1658 2581/2581/1659
f  2541/2541/1625 2581/2581/1659 2582/2582/1660
f  2582/2582/1660 2581/2581/1659 2583/2583/1661
f  2541/2541/1625 2582/2582/1660 2584/2584/1662
f  2541/2541/1625 2584/2584/1662 2538/2538/1622
f  2538/2538/1622 2584/2584/1662 2537/2537/1621
f  2582/2582/1660 2583/2583/1661 2585/2585/1663
f  2582/2582/1660 2585/2585/1663 2584/2584/1662
f  2585/2585/1663 2583/2583/1661 2586/2586/1664
f  2537/2537/1621 2584/2584/1662 2587/2587/1665
f  2587/2587/1665 2584/2584/1662 2585/2585/1663
f  2585/2585/1663 2586/2586/1664 2588/2588/1666
f  2585/2585/1663 2588/2588/1666 2587/2587/1665
f  2588/2588/1666 2586/2586/1664 2589/2589/1667
f  2537/2537/1621 2587/2587/1665 2535/2535/1619
f  2588/2588/1666 2589/2589/1667 2590/2590/1668
f  2588/2588/1666 2590/2590/1668 2587/2587/1665
f  2591/2591/1669 2589/2589/1667 2592/2592/1670
f  2590/2590/1668 2589/2589/1667 2593/2593/1671
f  2593/2593/1671 2589/2589/1667 2591/2591/1669
f  2587/2587/1665 2590/2590/1668 2594/2594/1672
f  2594/2594/1672 2590/2590/1668 2593/2593/1671
f  2593/2593/1671 2591/2591/1669 2595/2595/1673
f  2595/2595/1673 2591/2591/1669 2596/2596/1674
f  2595/2595/1673 2596/2596/1674 2597/2597/1649
f  2595/2595/1673 2597/2597/1649 2598/2598/1647
f  2595/2595/1673 2598/2598/1647 2599/2599/1675
f  2595/2595/1673 2599/2599/1675 2593/2593/1671
f  2599/2599/1675 2598/2598/1647 2600/2600/1645
f  2599/2599/1675 2600/2600/1645 2601/2601/1646
f  2593/2593/1671 2599/2599/1675 2602/2602/1676
f  2593/2593/1671 2602/2602/1676 2594/2594/1672
f  2599/2599/1675 2601/2601/1646 2603/2603/1677
f  2599/2599/1675 2603/2603/1677 2602/2602/1676
f  2603/2603/1677 2601/2601/1646 2604/2604/1678
f  2604/2604/1678 2601/2601/1646 2605/2605/1599
f  2606/2606/1491 2607/2607/1487 2605/2605/1599
f  2605/2605/1599 2607/2607/1487 2604/2604/1678
f  2604/2604/1678 2607/2607/1487 2521/2521/1484
f  2604/2604/1678 2521/2521/1484 2524/2524/1612
f  2603/2603/1677 2604/2604/1678 2608/2608/1679
f  2608/2608/1679 2604/2604/1678 2524/2524/1612
f  2603/2603/1677 2608/2608/1679 2609/2609/1680
f  2603/2603/1677 2609/2609/1680 2602/2602/1676
f  2608/2608/1679 2524/2524/1612 2610/2610/1681
f  2608/2608/1679 2610/2610/1681 2609/2609/1680
f  2610/2610/1681 2524/2524/1612 2611/2611/1682
f  2611/2611/1682 2524/2524/1612 2520/2520/1610
f  2611/2611/1682 2520/2520/1610 2535/2535/1619
f  2610/2610/1681 2611/2611/1682 2612/2612/1683
f  2610/2610/1681 2612/2612/1683 2609/2609/1680
f  2612/2612/1683 2611/2611/1682 2535/2535/1619
f  2613/2613/1684 2602/2602/1676 2609/2609/1680
f  2613/2613/1684 2609/2609/1680 2612/2612/1683
f  2612/2612/1683 2535/2535/1619 2614/2614/1685
f  2612/2612/1683 2614/2614/1685 2613/2613/1684
f  2614/2614/1685 2535/2535/1619 2587/2587/1665
f  2602/2602/1676 2613/2613/1684 2615/2615/1686
f  2615/2615/1686 2613/2613/1684 2614/2614/1685
f  2615/2615/1686 2614/2614/1685 2587/2587/1665
f  2602/2602/1676 2615/2615/1686 2594/2594/1672
f  2594/2594/1672 2615/2615/1686 2587/2587/1665
f  2616/2616/1547 2617/2617/1386 2618/2618/1384
f  2617/2617/1386 2616/2616/1547 2619/2619/1548
f  2617/2617/1386 2619/2619/1548 2620/2620/1550
f  2621/2621/1385 2622/2622/1386 2623/2623/353
f  2624/2624/1609 2625/2625/1371 2623/2623/353
f  2623/2623/353 2622/2622/1386 2626/2626/1687
f  2623/2623/353 2626/2626/1687 2624/2624/1609
f  2627/2627/1688 2628/2628/1689 2624/2624/1609
f  2627/2627/1688 2624/2624/1609 2626/2626/1687
f  2627/2627/1688 2626/2626/1687 2629/2629/1690
f  2627/2627/1688 2629/2629/1690 2630/2630/1691
f  2630/2630/1691 2629/2629/1690 2631/2631/1340
f  2630/2630/1691 2631/2631/1340 2632/2632/1339
f  2631/2631/1340 2629/2629/1690 2633/2633/1554
f  2633/2633/1554 2629/2629/1690 2626/2626/1687
f  2634/2634/1692 2626/2626/1687 2622/2622/1386
f  2626/2626/1687 2634/2634/1692 2633/2633/1554
f  2634/2634/1692 2622/2622/1386 2635/2635/1550
f  2633/2633/1554 2634/2634/1692 2636/2636/1693
f  2636/2636/1693 2634/2634/1692 2635/2635/1550
f  2633/2633/1554 2636/2636/1693 2637/2637/1441
f  2636/2636/1693 2635/2635/1550 2638/2638/1549
f  2637/2637/1441 2636/2636/1693 2639/2639/1561
f  2639/2639/1561 2636/2636/1693 2638/2638/1549
f  2640/2640/1694 2641/2641/1449 2642/2642/1361
f  2641/2641/1449 2640/2640/1694 2643/2643/1451
f  2640/2640/1694 2642/2642/1361 2644/2644/1603
f  2643/2643/1451 2640/2640/1694 2645/2645/1695
f  2643/2643/1451 2645/2645/1695 2646/2646/1454
f  2640/2640/1694 2644/2644/1603 2647/2647/1696
f  2645/2645/1695 2640/2640/1694 2648/2648/1697
f  2648/2648/1697 2640/2640/1694 2647/2647/1696
f  2646/2646/1454 2645/2645/1695 2649/2649/1698
f  2646/2646/1454 2649/2649/1698 2650/2650/1455
f  2649/2649/1698 2645/2645/1695 2651/2651/1699
f  2651/2651/1699 2645/2645/1695 2648/2648/1697
f  2650/2650/1455 2649/2649/1698 2652/2652/1700
f  2649/2649/1698 2651/2651/1699 2653/2653/1701
f  2649/2649/1698 2653/2653/1701 2652/2652/1700
f  2650/2650/1455 2652/2652/1700 2654/2654/1471
f  2653/2653/1701 2651/2651/1699 2655/2655/1702
f  2653/2653/1701 2655/2655/1702 2652/2652/1700
f  2651/2651/1699 2648/2648/1697 2656/2656/1703
f  2654/2654/1471 2652/2652/1700 2657/2657/1704
f  2657/2657/1704 2652/2652/1700 2655/2655/1702
f  2655/2655/1702 2651/2651/1699 2658/2658/1705
f  2658/2658/1705 2651/2651/1699 2656/2656/1703
f  2656/2656/1703 2648/2648/1697 2659/2659/1706
f  2656/2656/1703 2659/2659/1706 2658/2658/1705
f  2659/2659/1706 2648/2648/1697 2660/2660/1707
f  2660/2660/1707 2648/2648/1697 2647/2647/1696
f  2659/2659/1706 2660/2660/1707 2661/2661/1708
f  2661/2661/1708 2660/2660/1707 2647/2647/1696
f  2658/2658/1705 2659/2659/1706 2662/2662/1709
f  2662/2662/1709 2659/2659/1706 2661/2661/1708
f  2663/2663/1710 2655/2655/1702 2658/2658/1705
f  2655/2655/1702 2663/2663/1710 2657/2657/1704
f  2663/2663/1710 2658/2658/1705 2664/2664/1711
f  2664/2664/1711 2658/2658/1705 2662/2662/1709
f  2663/2663/1710 2664/2664/1711 2665/2665/1712
f  2665/2665/1712 2664/2664/1711 2662/2662/1709
f  2657/2657/1704 2663/2663/1710 2666/2666/1713
f  2666/2666/1713 2663/2663/1710 2665/2665/1712
f  2657/2657/1704 2666/2666/1713 2667/2667/1714
f  2657/2657/1704 2667/2667/1714 2668/2668/1715
f  2657/2657/1704 2668/2668/1715 2654/2654/1471
f  2654/2654/1471 2668/2668/1715 2669/2669/1716
f  2654/2654/1471 2669/2669/1716 2670/2670/1472
f  2670/2670/1472 2669/2669/1716 2671/2671/1473
f  2671/2671/1473 2669/2669/1716 2668/2668/1715
f  2671/2671/1473 2668/2668/1715 2667/2667/1714
f  2672/2672/1717 2667/2667/1714 2666/2666/1713
f  2667/2667/1714 2672/2672/1717 2671/2671/1473
f  2672/2672/1717 2666/2666/1713 2665/2665/1712
f  2671/2671/1473 2672/2672/1717 2673/2673/1465
f  2673/2673/1465 2672/2672/1717 2674/2674/1463
f  2674/2674/1463 2672/2672/1717 2665/2665/1712
f  2674/2674/1463 2665/2665/1712 2675/2675/1718
f  2674/2674/1463 2675/2675/1718 2676/2676/1461
f  2675/2675/1718 2665/2665/1712 2677/2677/1719
f  2677/2677/1719 2665/2665/1712 2662/2662/1709
f  2676/2676/1461 2675/2675/1718 2678/2678/1316
f  2676/2676/1461 2678/2678/1316 2679/2679/1315
f  2678/2678/1316 2675/2675/1718 2680/2680/1317
f  2680/2680/1317 2675/2675/1718 2677/2677/1719
f  2680/2680/1317 2677/2677/1719 2662/2662/1709
f  2680/2680/1317 2662/2662/1709 2681/2681/1720
f  2681/2681/1720 2662/2662/1709 2661/2661/1708
f  2680/2680/1317 2681/2681/1720 2682/2682/1321
f  2680/2680/1317 2682/2682/1321 2683/2683/1318
f  2682/2682/1321 2681/2681/1720 2684/2684/1721
f  2682/2682/1321 2684/2684/1721 2685/2685/1320
f  2685/2685/1320 2684/2684/1721 2686/2686/1323
f  2684/2684/1721 2681/2681/1720 2687/2687/1722
f  2687/2687/1722 2681/2681/1720 2661/2661/1708
f  2687/2687/1722 2661/2661/1708 2688/2688/1723
f  2688/2688/1723 2661/2661/1708 2647/2647/1696
f  2687/2687/1722 2688/2688/1723 2689/2689/1724
f  2689/2689/1724 2688/2688/1723 2647/2647/1696
f  2687/2687/1722 2689/2689/1724 2690/2690/1725
f  2689/2689/1724 2647/2647/1696 2691/2691/1726
f  2689/2689/1724 2691/2691/1726 2690/2690/1725
f  2691/2691/1726 2647/2647/1696 2644/2644/1603
f  2691/2691/1726 2644/2644/1603 2692/2692/1601
f  2691/2691/1726 2692/2692/1601 2693/2693/1600
f  2691/2691/1726 2693/2693/1600 2690/2690/1725
f  2690/2690/1725 2693/2693/1600 2694/2694/1602
f  2695/2695/1554 2696/2696/1553 2697/2697/1340
f  2698/2698/1501 2699/2699/1502 2700/2700/1727
f  2700/2700/1727 2699/2699/1502 2701/2701/1509
f  2702/2702/1499 2698/2698/1501 2703/2703/1500
f  2703/2703/1500 2698/2698/1501 2704/2704/1728
f  2704/2704/1728 2698/2698/1501 2700/2700/1727
f  2703/2703/1500 2704/2704/1728 2705/2705/1282
f  2705/2705/1282 2704/2704/1728 2706/2706/1284
f  2706/2706/1284 2704/2704/1728 2700/2700/1727
f  2706/2706/1284 2700/2700/1727 2701/2701/1509
f  2706/2706/1284 2701/2701/1509 2707/2707/1729
f  2706/2706/1284 2707/2707/1729 2708/2708/1283
f  2707/2707/1729 2701/2701/1509 2709/2709/1298
f  2710/2710/1604 2711/2711/1730 2712/2712/1602
f  2713/2713/1722 2714/2714/1725 2712/2712/1602
f  2713/2713/1722 2712/2712/1602 2711/2711/1730
f  2713/2713/1722 2711/2711/1730 2715/2715/1721
f  2715/2715/1721 2711/2711/1730 2716/2716/1731
f  2715/2715/1721 2716/2716/1731 2717/2717/1732
f  2711/2711/1730 2710/2710/1604 2718/2718/1605
f  2711/2711/1730 2718/2718/1605 2716/2716/1731
f  2716/2716/1731 2718/2718/1605 2719/2719/1733
f  2719/2719/1733 2718/2718/1605 2720/2720/1734
f  2720/2720/1734 2718/2718/1605 2721/2721/1607
f  2720/2720/1734 2721/2721/1607 2722/2722/1735
f  2722/2722/1735 2721/2721/1607 2723/2723/1608
f  2724/2724/1327 2725/2725/1324 2726/2726/1336
f  2727/2727/1736 2725/2725/1324 2728/2728/1737
f  2725/2725/1324 2727/2727/1736 2726/2726/1336
f  2726/2726/1336 2727/2727/1736 2729/2729/1738
f  2729/2729/1738 2727/2727/1736 2730/2730/1739
f  2726/2726/1336 2729/2729/1738 2731/2731/1740
f  2726/2726/1336 2731/2731/1740 2732/2732/71
f  2726/2726/1336 2732/2732/71 2733/2733/1335
f  2733/2733/1335 2732/2732/71 2734/2734/1741
f  2734/2734/1741 2732/2732/71 2731/2731/1740
f  2734/2734/1741 2731/2731/1740 2735/2735/1742
f  2734/2734/1741 2735/2735/1742 2736/2736/1743
f  2731/2731/1740 2729/2729/1738 2737/2737/1744
f  2737/2737/1744 2729/2729/1738 2738/2738/1745
f  2735/2735/1742 2731/2731/1740 2739/2739/1746
f  2739/2739/1746 2731/2731/1740 2737/2737/1744
f  2735/2735/1742 2739/2739/1746 2736/2736/1743
f  2734/2734/1741 2736/2736/1743 2740/2740/1747
f  2739/2739/1746 2737/2737/1744 2741/2741/1748
f  2739/2739/1746 2741/2741/1748 2736/2736/1743
f  2741/2741/1748 2737/2737/1744 2742/2742/1749
f  2742/2742/1749 2737/2737/1744 2743/2743/1750
f  2741/2741/1748 2742/2742/1749 2744/2744/1751
f  2736/2736/1743 2741/2741/1748 2745/2745/1752
f  2745/2745/1752 2741/2741/1748 2744/2744/1751
f  2746/2746/1753 2740/2740/1747 2736/2736/1743
f  2746/2746/1753 2736/2736/1743 2745/2745/1752
f  2740/2740/1747 2746/2746/1753 2747/2747/1754
f  2740/2740/1747 2747/2747/1754 2748/2748/1339
f  2748/2748/1339 2747/2747/1754 2749/2749/1691
f  2749/2749/1691 2747/2747/1754 2750/2750/1688
f  2750/2750/1688 2747/2747/1754 2751/2751/1689
f  2747/2747/1754 2746/2746/1753 2752/2752/1755
f  2747/2747/1754 2752/2752/1755 2751/2751/1689
f  2752/2752/1755 2746/2746/1753 2745/2745/1752
f  2751/2751/1689 2752/2752/1755 2753/2753/1608
f  2752/2752/1755 2745/2745/1752 2754/2754/1756
f  2753/2753/1608 2752/2752/1755 2755/2755/1757
f  2755/2755/1757 2752/2752/1755 2754/2754/1756
f  2753/2753/1608 2755/2755/1757 2756/2756/1758
f  2753/2753/1608 2756/2756/1758 2757/2757/1735
f  2757/2757/1735 2756/2756/1758 2758/2758/1734
f  2756/2756/1758 2755/2755/1757 2759/2759/1759
f  2759/2759/1759 2755/2755/1757 2754/2754/1756
f  2758/2758/1734 2756/2756/1758 2760/2760/1760
f  2758/2758/1734 2760/2760/1760 2761/2761/1733
f  2756/2756/1758 2759/2759/1759 2762/2762/1761
f  2762/2762/1761 2759/2759/1759 2754/2754/1756
f  2760/2760/1760 2756/2756/1758 2763/2763/1762
f  2763/2763/1762 2756/2756/1758 2762/2762/1761
f  2761/2761/1733 2760/2760/1760 2764/2764/1763
f  2764/2764/1763 2760/2760/1760 2763/2763/1762
f  2761/2761/1733 2764/2764/1763 2765/2765/1731
f  2765/2765/1731 2764/2764/1763 2766/2766/1732
f  2764/2764/1763 2763/2763/1762 2767/2767/1764
f  2767/2767/1764 2763/2763/1762 2768/2768/1765
f  2768/2768/1765 2763/2763/1762 2762/2762/1761
f  2768/2768/1765 2762/2762/1761 2769/2769/1766
f  2768/2768/1765 2769/2769/1766 2770/2770/1767
f  2769/2769/1766 2762/2762/1761 2771/2771/1768
f  2771/2771/1768 2762/2762/1761 2772/2772/1769
f  2772/2772/1769 2762/2762/1761 2754/2754/1756
f  2771/2771/1768 2772/2772/1769 2773/2773/1770
f  2771/2771/1768 2773/2773/1770 2774/2774/1771
f  2772/2772/1769 2754/2754/1756 2775/2775/1772
f  2772/2772/1769 2775/2775/1772 2773/2773/1770
f  2775/2775/1772 2754/2754/1756 2745/2745/1752
f  2775/2775/1772 2745/2745/1752 2744/2744/1751
f  2775/2775/1772 2744/2744/1751 2742/2742/1749
f  2775/2775/1772 2742/2742/1749 2773/2773/1770
f  2773/2773/1770 2742/2742/1749 2776/2776/1773
f  2777/2777/1335 2778/2778/1741 2779/2779/1337
f  2779/2779/1337 2778/2778/1741 2780/2780/1339
f  2780/2780/1339 2778/2778/1741 2781/2781/1747
f  2782/2782/1737 2783/2783/1323 2784/2784/1721
f  2782/2782/1737 2784/2784/1721 2785/2785/1732
f  2782/2782/1737 2785/2785/1732 2786/2786/1736
f  2786/2786/1736 2785/2785/1732 2787/2787/1774
f  2787/2787/1774 2785/2785/1732 2788/2788/1763
f  2786/2786/1736 2787/2787/1774 2789/2789/1775
f  2789/2789/1775 2787/2787/1774 2788/2788/1763
f  2786/2786/1736 2789/2789/1775 2790/2790/1739
f  2789/2789/1775 2788/2788/1763 2791/2791/1764
f  2790/2790/1739 2789/2789/1775 2792/2792/1776
f  2792/2792/1776 2789/2789/1775 2791/2791/1764
f  2790/2790/1739 2792/2792/1776 2793/2793/1745
f  2790/2790/1739 2793/2793/1745 2794/2794/1738
f  2792/2792/1776 2791/2791/1764 2795/2795/1777
f  2792/2792/1776 2795/2795/1777 2793/2793/1745
f  2795/2795/1777 2791/2791/1764 2796/2796/1767
f  2796/2796/1767 2791/2791/1764 2797/2797/1765
f  2793/2793/1745 2795/2795/1777 2798/2798/1778
f  2793/2793/1745 2798/2798/1778 2799/2799/1744
f  2795/2795/1777 2796/2796/1767 2800/2800/1779
f  2795/2795/1777 2800/2800/1779 2798/2798/1778
f  2799/2799/1744 2798/2798/1778 2801/2801/1750
f  2800/2800/1779 2796/2796/1767 2802/2802/1780
f  2802/2802/1780 2796/2796/1767 2803/2803/1766
f  2798/2798/1778 2800/2800/1779 2804/2804/1781
f  2804/2804/1781 2800/2800/1779 2802/2802/1780
f  2801/2801/1750 2798/2798/1778 2805/2805/1782
f  2805/2805/1782 2798/2798/1778 2804/2804/1781
f  2801/2801/1750 2805/2805/1782 2806/2806/1749
f  2806/2806/1749 2805/2805/1782 2807/2807/1773
f  2807/2807/1773 2805/2805/1782 2808/2808/1783
f  2808/2808/1783 2805/2805/1782 2804/2804/1781
f  2807/2807/1773 2808/2808/1783 2809/2809/1770
f  2809/2809/1770 2808/2808/1783 2810/2810/1771
f  2811/2811/1768 2810/2810/1771 2803/2803/1766
f  2808/2808/1783 2804/2804/1781 2812/2812/1784
f  2808/2808/1783 2812/2812/1784 2810/2810/1771
f  2810/2810/1771 2812/2812/1784 2803/2803/1766
f  2812/2812/1784 2804/2804/1781 2802/2802/1780
f  2812/2812/1784 2802/2802/1780 2803/2803/1766
f  2813/2813/1609 2814/2814/1689 2815/2815/1608
f  2816/2816/1324 2817/2817/1323 2818/2818/1737
f  2819/2819/1283 2820/2820/1298 2821/2821/1285
f  2821/2821/1285 2820/2820/1298 2822/2822/1290
f  2820/2820/1298 2819/2819/1283 2823/2823/1729
f  2824/2824/1562 2825/2825/1549 2826/2826/1564
f  2827/2827/1544 2828/2828/1545 2829/2829/1549
f  2829/2829/1549 2828/2828/1545 2830/2830/1564
f  2830/2830/1564 2828/2828/1545 2831/2831/1565
f  2832/2832/1785 2833/2833/1649 2834/2834/1674
f  2833/2833/1649 2832/2832/1785 2835/2835/1786
f  2833/2833/1649 2835/2835/1786 2836/2836/1650
f  2837/2837/1648 2836/2836/1650 2838/2838/1651
f  2838/2838/1651 2836/2836/1650 2839/2839/1653
f  2839/2839/1653 2836/2836/1650 2840/2840/1787
f  2840/2840/1787 2836/2836/1650 2835/2835/1786
f  2839/2839/1653 2840/2840/1787 2841/2841/1659
f  2841/2841/1659 2840/2840/1787 2842/2842/1661
f  2840/2840/1787 2835/2835/1786 2843/2843/1788
f  2843/2843/1788 2835/2835/1786 2832/2832/1785
f  2842/2842/1661 2840/2840/1787 2844/2844/1789
f  2844/2844/1789 2840/2840/1787 2843/2843/1788
f  2842/2842/1661 2844/2844/1789 2845/2845/1664
f  2843/2843/1788 2832/2832/1785 2846/2846/1790
f  2843/2843/1788 2846/2846/1790 2847/2847/1791
f  2843/2843/1788 2847/2847/1791 2844/2844/1789
f  2846/2846/1790 2832/2832/1785 2848/2848/1792
f  2846/2846/1790 2848/2848/1792 2847/2847/1791
f  2848/2848/1792 2832/2832/1785 2849/2849/1793
f  2848/2848/1792 2849/2849/1793 2847/2847/1791
f  2849/2849/1793 2832/2832/1785 2834/2834/1674
f  2844/2844/1789 2847/2847/1791 2850/2850/1794
f  2850/2850/1794 2847/2847/1791 2851/2851/1795
f  2850/2850/1794 2851/2851/1795 2844/2844/1789
f  2851/2851/1795 2847/2847/1791 2849/2849/1793
f  2844/2844/1789 2851/2851/1795 2852/2852/1796
f  2844/2844/1789 2852/2852/1796 2845/2845/1664
f  2851/2851/1795 2849/2849/1793 2853/2853/1670
f  2853/2853/1670 2849/2849/1793 2834/2834/1674
f  2851/2851/1795 2853/2853/1670 2852/2852/1796
f  2852/2852/1796 2853/2853/1670 2845/2845/1664
f  2853/2853/1670 2834/2834/1674 2854/2854/1669
f  2845/2845/1664 2853/2853/1670 2855/2855/1667

