# File produced by Tripo

mtllib white+plate.mtl

# 2484 vertex positions
v -0.00031471 0.02721024 0.48956299
v 0.00011069 0.05096817 0.48980713
v -0.00967026 0.05188751 0.48797607
v -0.00019740 0.05224228 0.48937988
v 0.02085876 0.02721596 0.48574829
v 0.03199387 0.05174255 0.48355103
v -0.00061238 0.05348206 0.48474121
v 0.05144501 0.02723122 0.48004150
v -0.00026447 0.00835133 0.46713257
v -0.02953911 0.02710915 0.48388672
v 0.04187012 0.01829910 0.47091675
v 0.05736542 0.05215454 0.47882080
v 0.02797127 0.05352402 0.47915649
v 0.08273315 0.05220413 0.47351074
v 0.06372833 0.05434799 0.46908569
v 0.07293701 0.02718544 0.47583008
v 0.10704803 0.02717209 0.46932983
v 0.10932922 0.01811600 0.45767212
v 0.08222198 0.05579758 0.45883179
v 0.12263489 0.05366516 0.46105957
v 0.02909470 0.05542755 0.46987915
v 0.08161163 0.05783081 0.45083618
v 0.03712463 0.05776596 0.45932007
v -0.00042805 0.05791092 0.46633911
v 0.00019081 0.05594635 0.47323608
v -0.04998016 0.05368423 0.47448730
v -0.04138565 0.05610275 0.46484375
v -0.13032532 0.05581665 0.44943237
v -0.03024101 0.05782700 0.46054077
v -0.00046340 0.02204704 0.42562866
v -0.05977631 0.05780411 0.45501709
v -0.08560181 0.05764771 0.45034790
v -0.03137589 0.03097725 0.42990112
v -0.05235291 0.05163193 0.44927979
v -0.05313110 0.02672768 0.42077637
v -0.09406281 0.03240204 0.41967773
v -0.11541748 0.05360794 0.46267700
v -0.08520508 0.05214310 0.47326660
v -0.06104660 0.05215454 0.47796631
v -0.08288574 0.02705193 0.47372437
v -0.03552628 0.05209732 0.48294067
v -0.04419327 0.03854752 0.48144531
v -0.05833054 0.02717018 0.47839355
v -0.08321381 0.01994324 0.46478271
v -0.05683517 0.00745630 0.45486450
v -0.08714294 0.00474739 0.44595337
v -0.04777145 -0.01116180 0.43341064
v -0.09581757 -0.00766134 0.42852783
v -0.07498169 -0.01804161 0.41952515
v -0.02949142 -0.00542879 0.44418335
v -0.03184509 -0.02054024 0.42456055
v -0.04736328 -0.03305435 0.40661621
v -0.00051367 -0.00655413 0.44851685
v -0.00013906 -0.02040672 0.43072510
v 0.02817726 -0.00132072 0.44964600
v -0.01589012 -0.02902603 0.41751099
v -0.05511475 -0.04469299 0.39083862
v -0.07466888 -0.04471970 0.38729858
v -0.05880737 -0.05755997 0.37475586
v -0.04050446 -0.05757523 0.37808228
v -0.03441238 -0.05758667 0.37689209
v -0.08152008 -0.05753708 0.36166382
v -0.02400589 -0.05678940 0.38198853
v 0.00003939 -0.04623795 0.39929199
v 0.01907921 -0.05753708 0.32427979
v -0.01116276 -0.05759811 0.38357544
v 0.01265430 -0.05755615 0.38323975
v 0.00008221 -0.05759811 0.38558960
v 0.02878380 -0.04422379 0.39614868
v -0.00002021 -0.03262329 0.41625977
v 0.02469254 -0.05756378 0.38049316
v 0.02391243 -0.01954842 0.42721558
v 0.03158951 -0.02954674 0.41387939
v 0.03079414 -0.05671692 0.38085938
v 0.05351257 -0.04398346 0.39181519
v 0.05598068 -0.01342201 0.42877197
v 0.07922363 -0.02761269 0.40725708
v 0.09319305 -0.02051926 0.41302490
v 0.10532379 -0.00306368 0.43240356
v 0.09215546 0.00389171 0.44369507
v 0.08312988 -0.04414368 0.38656616
v 0.05383682 0.00735903 0.45523071
v 0.06384277 -0.05696487 0.37451172
v 0.09613800 -0.04599380 0.38195801
v 0.08789062 -0.05760574 0.36901855
v 0.04388809 -0.05696106 0.37820435
v 0.05678558 -0.05756378 0.37466431
v 0.07794952 -0.05754089 0.36334229
v 0.03712082 -0.05758286 0.37835693
v -0.08288574 0.02705193 0.47372437
v -0.08520508 0.05214310 0.47326660
v -0.11167145 0.05220032 0.46835327
v -0.11541748 0.05360794 0.46267700
v -0.10749054 0.02694702 0.46899414
v -0.08321381 0.01994324 0.46478271
v -0.14591980 0.05212784 0.46200562
v -0.12745667 0.01123047 0.44573975
v -0.12733459 0.02703285 0.46536255
v -0.08714294 0.00474739 0.44595337
v -0.11034393 -0.00163960 0.43344116
v -0.09581757 -0.00766134 0.42852783
v -0.14987183 0.01102543 0.44137573
v -0.14532471 0.02713394 0.46182251
v -0.11901855 -0.01968575 0.40908813
v -0.07498169 -0.01804161 0.41952515
v -0.14112854 -0.00229239 0.42675781
v -0.16871643 0.02701378 0.45727539
v -0.17572021 0.00463057 0.42904663
v -0.18515015 0.02702904 0.45413208
v -0.18542480 0.03700256 0.45407104
v -0.19897461 0.02706909 0.44509888
v -0.15528870 0.05167389 0.46020508
v -0.16484070 0.05258560 0.45736694
v -0.18542480 0.05214691 0.45410156
v -0.13032532 0.05581665 0.44943237
v -0.04998016 0.05368423 0.47448730
v -0.18060303 0.05530548 0.44274902
v -0.19606018 0.05225754 0.44717407
v -0.21275330 0.05214691 0.43603516
v -0.21556091 0.05380630 0.42617798
v -0.23141479 0.04058456 0.42349243
v -0.23771667 0.05610275 0.39981079
v -0.23014832 0.05240631 0.42361450
v -0.24353027 0.05175018 0.41516113
v -0.25833130 0.05419922 0.39599609
v -0.27441406 0.05184937 0.39440918
v -0.26797485 0.03766632 0.39913940
v -0.26629639 0.02713394 0.40026855
v -0.20701599 0.05792236 0.41317749
v -0.24192810 0.05792618 0.38967896
v -0.17651367 0.05789948 0.43353271
v -0.20639038 0.04835510 0.40063477
v -0.25280762 0.05428314 0.37750244
v -0.24043274 0.02699471 0.41748047
v -0.25799561 0.00821686 0.37924194
v -0.22099304 0.02718544 0.43054199
v -0.19921875 0.01629829 0.42965698
v -0.22239685 0.00725794 0.40158081
v -0.22407532 0.00069779 0.39126587
v -0.20159912 -0.00004198 0.40499878
v -0.23283386 -0.00859547 0.37161255
v -0.17083740 -0.00644159 0.41610718
v -0.19360352 -0.01984978 0.38125610
v -0.24620056 -0.01904488 0.34762573
v -0.22923279 -0.02853584 0.34539795
v -0.16517639 -0.01899719 0.40167236
v -0.19831848 -0.03772736 0.35278320
v -0.21850586 -0.04597473 0.32748413
v -0.15921021 -0.03339005 0.38558960
v -0.13195801 -0.03085518 0.39343262
v -0.09862518 -0.03373337 0.39636230
v -0.04736328 -0.03305435 0.40661621
v -0.07466888 -0.04471970 0.38729858
v -0.17230225 -0.04518509 0.35977173
v -0.18644714 -0.04722595 0.34722900
v -0.20094299 -0.05722427 0.32327271
v -0.18049622 -0.05718613 0.33700562
v -0.20249939 -0.05753708 0.31106567
v -0.15379333 -0.04581451 0.37139893
v -0.15827942 -0.05757904 0.35104370
v -0.12744141 -0.04357910 0.37902832
v -0.14857483 -0.05758286 0.35769653
v -0.10783386 -0.05174637 0.37246704
v -0.14421082 -0.05754089 0.35104370
v -0.12455750 -0.05760956 0.36209106
v -0.07273102 -0.05749130 0.37222290
v -0.05880737 -0.05755997 0.37475586
v -0.10455322 -0.05756378 0.36599731
v -0.08700562 -0.05697632 0.37020874
v -0.08208466 -0.05761719 0.36975098
v -0.08152008 -0.05753708 0.36166382
v -0.13523865 -0.05753326 0.27432251
v -0.01712990 -0.05753326 0.28961182
v -0.15910339 -0.05753708 0.24055481
v -0.06154633 -0.05753326 0.24160767
v -0.10340881 -0.05753326 0.16389465
v -0.00448370 -0.05753326 0.19284058
v -0.00089383 -0.05753326 0.12829590
v -0.10131073 -0.05753326 0.10815430
v 0.10704803 0.02717209 0.46932983
v 0.11878204 0.05207443 0.46688843
v 0.08273315 0.05220413 0.47351074
v 0.12263489 0.05366516 0.46105957
v 0.13961792 0.02719498 0.46316528
v 0.10932922 0.01811600 0.45767212
v 0.14311218 0.05210495 0.46255493
v 0.16683960 0.05215073 0.45782471
v 0.12417603 0.00811100 0.44253540
v 0.09215546 0.00389171 0.44369507
v 0.10532379 -0.00306368 0.43240356
v 0.12966919 -0.00634718 0.42379761
v 0.09319305 -0.02051926 0.41302490
v 0.15797424 0.01898575 0.44952393
v 0.17675781 0.00687218 0.43164062
v 0.12358856 -0.01911163 0.40896606
v 0.07922363 -0.02761269 0.40725708
v 0.08312988 -0.04414368 0.38656616
v 0.09613800 -0.04599380 0.38195801
v 0.17163086 0.02718353 0.45672607
v 0.18531799 0.02694511 0.45404053
v 0.18536377 0.05223846 0.45416260
v 0.19628906 0.02701378 0.44686890
v 0.18353271 0.05366516 0.44992065
v 0.19912720 0.05173874 0.44482422
v 0.21206665 0.02708054 0.43634033
v 0.22520447 0.02181625 0.42007446
v 0.21643066 0.05194473 0.43313599
v 0.22831726 0.02721786 0.42556763
v 0.23352051 0.05193329 0.42184448
v 0.24478149 0.02720451 0.41461182
v 0.24026489 0.05461121 0.40628052
v 0.25006104 0.05152130 0.41116333
v 0.26434326 0.02719116 0.40161133
v 0.25344849 0.05196762 0.40850830
v 0.28356934 0.03553391 0.38879395
v 0.27343750 0.05217361 0.39501953
v 0.29116821 0.05438995 0.37365723
v 0.26843262 0.01941681 0.38754272
v 0.23741150 0.00649261 0.39001465
v 0.27124023 0.00824833 0.37017822
v 0.19584656 0.00551653 0.41693115
v 0.23028564 -0.00667238 0.37570190
v 0.27569580 -0.00002918 0.35525513
v 0.17106628 -0.00603199 0.41662598
v 0.19197083 -0.00917625 0.39791870
v 0.16415405 -0.02141762 0.39901733
v 0.20932007 -0.02096176 0.36941528
v 0.26202393 -0.00964451 0.35015869
v 0.23147583 -0.02829552 0.34393311
v 0.18693542 -0.03101540 0.36999512
v 0.19343567 -0.04505157 0.34576416
v 0.22793579 -0.03824997 0.33236694
v 0.16935730 -0.04245377 0.36550903
v 0.21937561 -0.04932785 0.32217407
v 0.15365601 -0.04528809 0.37194824
v 0.13308716 -0.04596329 0.37496948
v 0.14843750 -0.05755615 0.35757446
v 0.16329956 -0.05756378 0.34774780
v 0.17567444 -0.05754471 0.33966064
v 0.12902832 -0.05755234 0.36114502
v 0.14511108 -0.05753708 0.35177612
v 0.12013245 -0.05752563 0.36300659
v 0.10664368 -0.05756760 0.36541748
v 0.08789062 -0.05760574 0.36901855
v 0.07794952 -0.05754089 0.36334229
v 0.11029053 -0.05753326 0.30587769
v 0.19114685 -0.05757904 0.32940674
v 0.20475769 -0.05747604 0.32028198
v 0.21739197 -0.05755997 0.31176758
v 0.19429016 -0.05754089 0.31869507
v 0.10301208 -0.05753326 0.24972534
v 0.02327347 -0.05753708 0.25027466
v 0.20887756 -0.05753708 0.24989319
v 0.07484436 -0.05753326 0.20457458
v 0.14753723 -0.05753326 0.20413208
v 0.13339233 0.05585861 0.44912720
v 0.08222198 0.05579758 0.45883179
v 0.12512207 0.05784988 0.44293213
v 0.08161163 0.05783081 0.45083618
v 0.16778564 0.05540848 0.44506836
v 0.11825562 0.05319977 0.43872070
v 0.15370178 0.05780029 0.43759155
v 0.17210388 0.04700089 0.42193604
v 0.17663574 0.05790329 0.43350220
v 0.19436646 0.05624390 0.42950439
v 0.18994141 0.05790329 0.42440796
v 0.23048401 0.05653000 0.40301514
v 0.27255249 0.05630875 0.37557983
v 0.26507568 0.05757904 0.37548828
v 0.20469666 0.05785370 0.41436768
v 0.19268799 0.04305267 0.40286255
v 0.22329712 0.05763626 0.40249634
v 0.24151611 0.05760956 0.39114380
v 0.25207520 0.05768585 0.38247681
v 0.23851013 0.05759048 0.39129639
v 0.23948669 0.05113602 0.38220215
v 0.27072144 0.05761719 0.36987305
v 0.22843933 0.03949738 0.37414551
v 0.20805359 0.01897621 0.36083984
v 0.24621582 0.01756668 0.33355713
v 0.21098328 0.00655413 0.34280396
v 0.16085815 0.02063560 0.39462280
v 0.15539551 0.00660419 0.37985229
v 0.17517090 -0.00539923 0.35073853
v 0.20924377 -0.00633907 0.32653809
v 0.11596680 0.00718784 0.38796997
v 0.12779236 0.03857040 0.42025757
v 0.09231567 0.03082275 0.41827393
v 0.09886932 0.02509499 0.41085815
v 0.11402893 0.01908684 0.40158081
v 0.05515671 0.02289391 0.41610718
v 0.14959717 -0.00705624 0.36550903
v 0.09833527 -0.00558043 0.37667847
v 0.05160904 -0.00517654 0.38546753
v 0.13919067 -0.03285980 0.33868408
v 0.11475372 -0.01687622 0.36105347
v 0.03964615 -0.02485275 0.36514282
v 0.10959625 -0.03279114 0.34442139
v 0.08924103 -0.03278351 0.34793091
v 0.08798981 -0.03281021 0.34048462
v 0.12417603 -0.03282547 0.34152222
v 0.14088440 -0.03281021 0.32937622
v 0.06707764 -0.03281021 0.28411865
v 0.14927673 -0.03283310 0.33178711
v 0.20301819 -0.03281021 0.28152466
v 0.09436035 -0.03280640 0.22718811
v 0.17869568 -0.03280258 0.30056763
v 0.19757080 -0.03285217 0.29949951
v 0.14991760 -0.03090858 0.33395386
v 0.15991211 -0.03284073 0.32467651
v 0.17237854 -0.03047371 0.31964111
v 0.19490051 -0.02894402 0.30645752
v 0.16696167 -0.03288651 0.32012939
v 0.17814636 -0.03281784 0.31250000
v 0.18890381 -0.03286743 0.30538940
v -0.00042805 0.05791092 0.46633911
v 0.03712463 0.05776596 0.45932007
v 0.02715683 0.04589844 0.44747925
v -0.00046340 0.02204704 0.42562866
v 0.06317139 0.04958725 0.44488525
v 0.08161163 0.05783081 0.45083618
v 0.11825562 0.05319977 0.43872070
v 0.09231567 0.03082275 0.41827393
v 0.05515671 0.02289391 0.41610718
v 0.09886932 0.02509499 0.41085815
v -0.00023159 0.00696754 0.40878296
v 0.11596680 0.00718784 0.38796997
v -0.05313110 0.02672768 0.42077637
v 0.05160904 -0.00517654 0.38546753
v -0.03597641 0.00618410 0.40145874
v -0.10713959 0.02167130 0.40560913
v -0.00031725 -0.00527477 0.39477539
v -0.08874512 0.00312352 0.38818359
v -0.04945755 -0.02049065 0.36849976
v -0.00036359 -0.02109909 0.37661743
v 0.03964615 -0.02485275 0.36514282
v 0.09833527 -0.00558043 0.37667847
v -0.02409172 -0.03285980 0.35949707
v -0.06198120 -0.03283691 0.35281372
v -0.04624939 -0.03281021 0.34561157
v 0.00089318 -0.03280258 0.35079956
v 0.00012368 -0.03293228 0.36352539
v 0.02532005 -0.03282166 0.35913086
v 0.05773163 -0.03281403 0.35336304
v 0.08798981 -0.03281021 0.34048462
v 0.08924103 -0.03278351 0.34793091
v 0.11475372 -0.01687622 0.36105347
v -0.08560181 0.05764771 0.45034790
v -0.04138565 0.05610275 0.46484375
v -0.11637878 0.05773544 0.44436646
v -0.05235291 0.05163193 0.44927979
v -0.14697266 0.05788422 0.43896484
v -0.13598633 0.05043793 0.43237305
v -0.09406281 0.03240204 0.41967773
v -0.10713959 0.02167130 0.40560913
v -0.05313110 0.02672768 0.42077637
v -0.17010498 0.04217911 0.41680908
v -0.16485596 0.02986526 0.40386963
v -0.08874512 0.00312352 0.38818359
v -0.03597641 0.00618410 0.40145874
v -0.20140076 0.02427864 0.37200928
v -0.23370361 0.02699852 0.35400391
v -0.20997620 0.00714684 0.34405518
v -0.12902832 0.01237679 0.39117432
v -0.15617371 0.00821018 0.38131714
v -0.15092468 -0.00472546 0.36807251
v -0.20729065 -0.00605154 0.32824707
v -0.09118652 -0.00621033 0.37719727
v -0.04945755 -0.02049065 0.36849976
v -0.11134338 -0.02108192 0.35668945
v -0.06198120 -0.03283691 0.35281372
v -0.14474487 -0.02126884 0.35095215
v -0.08747864 -0.03283691 0.34823608
v -0.04624939 -0.03281021 0.34561157
v -0.08377075 -0.03280640 0.29562378
v -0.11645508 -0.03290939 0.34304810
v -0.14291382 -0.03281403 0.32861328
v -0.13877869 -0.03294373 0.33911133
v -0.15129089 -0.03286362 0.33096313
v -0.17881775 -0.02895164 0.31759644
v -0.19625854 -0.03286743 0.30072021
v -0.18074036 -0.03283691 0.31140137
v -0.16775513 -0.03288269 0.32009888
v -0.18656921 -0.03280640 0.29556274
v -0.18872070 -0.03280640 0.24412537
v -0.00728703 -0.03281021 0.25283813
v -0.08972168 -0.03281021 0.19435120
v -0.25799561 0.00821686 0.37924194
v -0.26629639 0.02713394 0.40026855
v -0.28833008 0.02709579 0.38540649
v -0.26797485 0.03766632 0.39913940
v -0.29769897 0.05189896 0.37890625
v -0.27441406 0.05184937 0.39440918
v -0.25833130 0.05419922 0.39599609
v -0.31622314 0.05196381 0.36648560
v -0.29702759 0.05582809 0.36196899
v -0.23771667 0.05610275 0.39981079
v -0.31091309 0.02714920 0.37030029
v -0.30197144 0.00783634 0.34896851
v -0.33264160 0.02712059 0.35577393
v -0.33590698 0.05204010 0.35372925
v -0.34097290 0.05327606 0.34591675
v -0.34402466 0.05186844 0.34817505
v -0.32675171 0.00736284 0.33178711
v -0.33154297 0.05615997 0.33743286
v -0.29675293 0.00043193 0.34182739
v -0.34362793 0.02708626 0.34838867
v -0.35418701 0.05195618 0.33261108
v -0.35995483 0.04059982 0.32443237
v -0.35440063 0.02716827 0.33261108
v -0.36544800 0.02701569 0.31607056
v -0.35003662 0.00744581 0.29754639
v -0.32015991 -0.00053281 0.32476807
v -0.37899780 0.01809883 0.27719116
v -0.37557983 0.00737667 0.25982666
v -0.35363770 -0.00015087 0.27615356
v -0.36648560 -0.00112271 0.25543213
v -0.33947754 -0.00886059 0.27807617
v -0.37664795 0.02707481 0.29959106
v -0.39120483 0.02699471 0.27807617
v -0.39102173 0.00875759 0.23991394
v -0.39184570 0.04158020 0.27694702
v -0.34213257 -0.01400375 0.26348877
v -0.35083008 -0.02197838 0.23448181
v -0.32110596 -0.00927067 0.30438232
v -0.33746338 -0.02164650 0.25411987
v -0.33203125 -0.03549576 0.23283386
v -0.32443237 -0.02174377 0.27291870
v -0.30926514 -0.04093170 0.25509644
v -0.32315063 -0.04574966 0.22421265
v -0.30319214 -0.03137589 0.28417969
v -0.31158447 -0.01016426 0.31640625
v -0.30343628 -0.01969147 0.30761719
v -0.26876831 -0.01110172 0.34390259
v -0.22407532 0.00069779 0.39126587
v -0.23283386 -0.00859547 0.37161255
v -0.24620056 -0.01904488 0.34762573
v -0.28628540 -0.04015732 0.29055786
v -0.27676392 -0.02044678 0.32482910
v -0.29058838 -0.02588844 0.30767822
v -0.26245117 -0.03256607 0.31768799
v -0.22923279 -0.02853584 0.34539795
v -0.21850586 -0.04597473 0.32748413
v -0.29852295 -0.04648972 0.25894165
v -0.25216675 -0.04600906 0.30520630
v -0.30972290 -0.05732346 0.22023010
v -0.31777954 -0.05704880 0.20945740
v -0.30087280 -0.05733109 0.23324585
v -0.31228638 -0.05754089 0.20257568
v -0.29156494 -0.05755615 0.24645996
v -0.27285767 -0.05753708 0.26135254
v -0.28512573 -0.05754089 0.25607300
v -0.24868774 -0.05753326 0.18945312
v -0.27896118 -0.05760574 0.26477051
v -0.27209473 -0.05678177 0.27618408
v -0.27069092 -0.05761719 0.27539062
v -0.26525879 -0.05755234 0.27978516
v -0.25656128 -0.05758286 0.28573608
v -0.24595642 -0.05702972 0.29367065
v -0.24359131 -0.05756760 0.29382324
v -0.23242188 -0.05728531 0.30197144
v -0.21812439 -0.05725098 0.31176758
v -0.20094299 -0.05722427 0.32327271
v -0.20249939 -0.05753708 0.31106567
v -0.15910339 -0.05753708 0.24055481
v -0.17684937 -0.05753326 0.16554260
v -0.23342896 -0.05753708 0.13049316
v -0.10340881 -0.05753326 0.16389465
v -0.10131073 -0.05753326 0.10815430
v -0.19401550 -0.05753326 0.07533264
v 0.28598022 0.02721596 0.38708496
v 0.28356934 0.03553391 0.38879395
v 0.26434326 0.02719116 0.40161133
v 0.26843262 0.01941681 0.38754272
v 0.30374146 0.02720261 0.37521362
v 0.31951904 0.02728653 0.36471558
v 0.31927490 0.01851273 0.35241699
v 0.30706787 0.00531435 0.34197998
v 0.27124023 0.00824833 0.37017822
v 0.23741150 0.00649261 0.39001465
v 0.27569580 -0.00002918 0.35525513
v 0.23028564 -0.00667238 0.37570190
v 0.26202393 -0.00964451 0.35015869
v 0.28799438 -0.01032066 0.33209229
v 0.26901245 -0.01927757 0.33157349
v 0.23147583 -0.02829552 0.34393311
v 0.30307007 -0.01961136 0.30813599
v 0.26608276 -0.03443909 0.31231689
v 0.22793579 -0.03824997 0.33236694
v 0.24526978 -0.04885483 0.30572510
v 0.21937561 -0.04932785 0.32217407
v 0.27996826 -0.04762268 0.28475952
v 0.23565674 -0.05754089 0.29940796
v 0.21739197 -0.05755997 0.31176758
v 0.19429016 -0.05754089 0.31869507
v 0.20887756 -0.05753708 0.24989319
v 0.25610352 -0.05753708 0.28567505
v 0.27713013 -0.05754089 0.25222778
v 0.27099609 -0.05756760 0.27593994
v 0.28106689 -0.05754852 0.26119995
v 0.29379272 -0.03112793 0.29855347
v 0.29791260 -0.04561615 0.26220703
v 0.29025269 -0.05758667 0.24740601
v 0.32064819 -0.01818848 0.28552246
v 0.32626343 -0.00903511 0.29711914
v 0.31738281 -0.00335836 0.32250977
v 0.33737183 -0.01934814 0.25857544
v 0.35095215 -0.00786114 0.26303101
v 0.34835815 -0.02396393 0.23283386
v 0.36831665 -0.00759506 0.23817444
v 0.36547852 -0.00048700 0.25759888
v 0.32009888 -0.04046631 0.24023438
v 0.34747314 -0.03452301 0.21235657
v 0.32693481 -0.04908752 0.21179199
v 0.31015015 -0.05160522 0.23110962
v 0.34576416 0.00749397 0.30337524
v 0.37423706 0.00831127 0.26348877
v 0.32788086 0.00866318 0.33279419
v 0.37988281 0.01869583 0.27645874
v 0.41708374 0.02730179 0.23976135
v 0.39651489 0.02730751 0.27020264
v 0.37933350 0.02720833 0.29547119
v 0.36691284 0.02721786 0.31381226
v 0.39877319 0.03882599 0.26684570
v 0.35516357 0.02723312 0.33145142
v 0.33178711 0.02710915 0.35635376
v 0.36087036 0.03442764 0.32299805
v 0.34356689 0.02710724 0.34848022
v 0.35546875 0.05213928 0.33084106
v 0.34335327 0.05215836 0.34854126
v 0.33139038 0.05217361 0.35656738
v 0.33682251 0.05460358 0.34222412
v 0.31610107 0.05207062 0.36654663
v 0.29638672 0.05209351 0.37979126
v 0.27343750 0.05217361 0.39501953
v 0.29116821 0.05438995 0.37365723
v 0.27255249 0.05630875 0.37557983
v 0.24026489 0.05461121 0.40628052
v 0.31127930 0.05606842 0.35122681
v 0.28558350 0.05789566 0.36038208
v 0.26507568 0.05757904 0.37548828
v 0.27072144 0.05761719 0.36987305
v 0.25207520 0.05768585 0.38247681
v 0.29968262 0.05784988 0.35083008
v 0.29257202 0.04677200 0.34066772
v 0.23948669 0.05113602 0.38220215
v 0.22843933 0.03949738 0.37414551
v 0.32736206 0.05784607 0.33236694
v 0.24621582 0.01756668 0.33355713
v 0.27377319 0.01865387 0.31677246
v 0.27630615 0.00790787 0.30096436
v 0.21098328 0.00655413 0.34280396
v 0.20924377 -0.00633907 0.32653809
v 0.30978394 0.03570175 0.31494141
v 0.27471924 -0.00918293 0.27932739
v 0.28982544 0.01053047 0.29528809
v 0.22950745 -0.02662086 0.28671265
v 0.19490051 -0.02894402 0.30645752
v 0.19757080 -0.03285217 0.29949951
v 0.20576477 -0.03284836 0.29415894
v 0.20301819 -0.03281021 0.28152466
v 0.21372986 -0.03290176 0.28887939
v 0.22740173 -0.03284073 0.28002930
v 0.23936462 -0.03282166 0.27200317
v 0.24810791 -0.03290939 0.26586914
v 0.24961853 -0.03281021 0.25262451
v 0.26596069 -0.01976967 0.27124023
v 0.25573730 -0.03279114 0.26062012
v 0.29431152 -0.00709486 0.25457764
v 0.27728271 -0.02526283 0.24404907
v 0.26300049 -0.03283310 0.25021362
v 0.27178955 -0.03284073 0.23762512
v 0.27713013 -0.03283310 0.22964478
v 0.31713867 -0.00668192 0.22193909
v 0.30337524 -0.02261353 0.21090698
v 0.31454468 0.00546169 0.24934387
v 0.34869385 -0.00601625 0.17555237
v 0.33944702 0.01826096 0.23641968
v 0.34594727 0.00547218 0.20219421
v 0.34713745 0.03458786 0.25698853
v 0.37356567 0.03883743 0.22656250
v 0.37982178 0.05784988 0.25469971
v 0.32559204 0.04204559 0.30358887
v 0.35714722 0.05788422 0.28802490
v 0.33929443 0.05792236 0.31484985
v 0.36706543 0.05622864 0.28390503
v 0.34786987 0.05617142 0.31228638
v 0.39239502 0.05593109 0.24949646
v 0.35955811 0.05293655 0.32034302
v 0.37695312 0.05243301 0.29797363
v 0.36572266 0.05213165 0.31561279
v 0.37475586 0.05145264 0.30227661
v 0.38635254 0.05196381 0.28457642
v 0.39749146 0.05202484 0.26809692
v 0.40762329 0.05208969 0.25280762
v -0.24192810 0.05792618 0.38967896
v -0.27752686 0.05794144 0.36581421
v -0.25280762 0.05428314 0.37750244
v -0.30847168 0.05792618 0.34512329
v -0.27990723 0.04347610 0.34469604
v -0.23370361 0.02699852 0.35400391
v -0.32736206 0.05786133 0.33261108
v -0.32278442 0.05245972 0.32818604
v -0.30694580 0.03282547 0.31289673
v -0.34744263 0.05791092 0.30276489
v -0.31518555 0.02565193 0.28683472
v -0.25878906 0.00745296 0.31228638
v -0.20997620 0.00714684 0.34405518
v -0.28759766 0.00773191 0.29293823
v -0.25231934 -0.00547552 0.29980469
v -0.20729065 -0.00605154 0.32824707
v -0.27355957 -0.01054001 0.27868652
v -0.23947144 -0.01508236 0.29541016
v -0.19625854 -0.03286743 0.30072021
v -0.23370361 -0.02807045 0.28207397
v -0.21691895 -0.03287125 0.28692627
v -0.18656921 -0.03280640 0.29556274
v -0.23593140 -0.03290939 0.27456665
v -0.22985840 -0.03281021 0.26809692
v -0.18872070 -0.03280640 0.24412537
v -0.25573730 -0.03290558 0.26153564
v -0.26473999 -0.03281403 0.24855042
v -0.28421021 -0.01790810 0.24819946
v -0.30184937 -0.00360465 0.25024414
v -0.29757690 -0.02341270 0.21705627
v -0.27444458 -0.03281021 0.23408508
v -0.31613159 -0.01228237 0.21157837
v -0.34967041 0.00754070 0.20167542
v -0.31539917 0.00750637 0.25195312
v -0.35662842 0.04636002 0.26644897
v -0.36593628 0.02981758 0.22047424
v -0.36514282 0.05788040 0.27688599
v -0.38458252 0.05717468 0.24627686
v -0.38623047 0.05564499 0.26046753
v -0.36511230 0.05562592 0.29150391
v -0.38562012 0.05203629 0.28570557
v -0.39910889 0.05215073 0.26565552
v -0.37109375 0.05195236 0.30718994
v 0.00089318 -0.03280258 0.35079956
v -0.08377075 -0.03280640 0.29562378
v -0.04624939 -0.03281021 0.34561157
v -0.00728703 -0.03281021 0.25283813
v 0.06707764 -0.03281021 0.28411865
v 0.08798981 -0.03281021 0.34048462
v 0.09436035 -0.03280640 0.22718811
v 0.00331140 -0.03281021 0.20526123
v -0.08972168 -0.03281021 0.19435120
v 0.00128162 -0.03281021 0.14407349
v 0.09076691 -0.03281021 0.18080139
v 0.01907921 -0.05753708 0.32427979
v -0.08152008 -0.05753708 0.36166382
v -0.01712990 -0.05753326 0.28961182
v 0.11029053 -0.05753326 0.30587769
v 0.07794952 -0.05754089 0.36334229
v 0.02327347 -0.05753708 0.25027466
v -0.06154633 -0.05753326 0.24160767
v -0.00448370 -0.05753326 0.19284058
v 0.07484436 -0.05753326 0.20457458
v 0.06243515 -0.05753708 0.15951538
v -0.00089383 -0.05753326 0.12829590
v -0.40591431 0.02705383 0.25625610
v -0.39120483 0.02699471 0.27807617
v -0.39184570 0.04158020 0.27694702
v -0.39102173 0.00875759 0.23991394
v -0.42190552 0.02716446 0.23258972
v -0.42175293 0.02042580 0.21890259
v -0.41458130 0.05213547 0.24295044
v -0.39910889 0.05215073 0.26565552
v -0.43792725 0.02721405 0.20915222
v -0.40121460 0.05581284 0.23634338
v -0.38623047 0.05564499 0.26046753
v -0.42715454 0.05195236 0.22445679
v -0.38458252 0.05717468 0.24627686
v -0.43975830 0.05202866 0.20649719
v -0.40496826 0.05781174 0.21813965
v -0.41720581 0.05553055 0.21424866
v -0.44689941 0.05340958 0.18756104
v -0.41809082 0.05789566 0.19847107
v -0.40545654 0.05641174 0.21385193
v -0.36593628 0.02981758 0.22047424
v -0.35662842 0.04636002 0.26644897
v -0.43585205 0.05620193 0.18276978
v -0.42269897 0.05753326 0.19056702
v -0.38613892 0.03318787 0.19686890
v -0.34967041 0.00754070 0.20167542
v -0.31539917 0.00750637 0.25195312
v -0.40188599 0.03055000 0.16883850
v -0.38534546 0.01420498 0.16201782
v -0.43026733 0.05789948 0.18009949
v -0.41552734 0.04378510 0.17413330
v -0.40515137 0.02908325 0.14468384
v -0.42562866 0.04872513 0.15187073
v -0.43643188 0.05786514 0.14994812
v -0.39697266 0.01899910 0.13128662
v -0.41177368 0.02943039 0.11409760
v -0.38540649 0.00653219 0.11923981
v -0.43963623 0.05780411 0.13299561
v -0.44830322 0.05647659 0.11613464
v -0.44909668 0.05474472 0.14837646
v -0.44586182 0.05786133 0.10303497
v -0.45101929 0.05785370 0.07843018
v -0.44006348 0.05208206 0.09954071
v -0.42913818 0.04031754 0.08669281
v -0.41845703 0.02856827 0.07550049
v -0.39233398 0.00722647 0.08840942
v -0.37982178 -0.00605583 0.07685089
v -0.37225342 -0.00813103 0.10294342
v -0.37094116 -0.01726532 0.05757904
v -0.36013794 -0.01690865 0.11463165
v -0.36035156 -0.02650261 0.06073380
v -0.36904907 -0.00704718 0.12623596
v -0.37771606 0.00664806 0.15887451
v -0.36499023 -0.00623560 0.15287781
v -0.35284424 -0.00599909 0.17071533
v -0.31613159 -0.01228237 0.21157837
v -0.34875488 -0.02176094 0.14703369
v -0.32580566 -0.02203369 0.17852783
v -0.29757690 -0.02341270 0.21705627
v -0.30410767 -0.03284836 0.18986511
v -0.31954956 -0.03288269 0.16726685
v -0.30068970 -0.03280258 0.17720032
v -0.29238892 -0.03284454 0.20709229
v -0.33200073 -0.03281403 0.14967346
v -0.22183228 -0.03281021 0.17143250
v -0.19648743 -0.03281021 0.12887573
v -0.32464600 -0.03280640 0.09391785
v -0.33743286 -0.03283691 0.14190674
v -0.34265137 -0.03282928 0.11524200
v -0.34896851 -0.03280258 0.08283234
v -0.35299683 -0.03280640 0.06235123
v -0.34829712 -0.02869034 0.10920715
v 0.40762329 0.05208969 0.25280762
v 0.39239502 0.05593109 0.24949646
v 0.39749146 0.05202484 0.26809692
v 0.41784668 0.05604172 0.21089172
v 0.39657593 0.05788422 0.22978210
v 0.37982178 0.05784988 0.25469971
v 0.38888550 0.04100418 0.20750427
v 0.37356567 0.03883743 0.22656250
v 0.41171265 0.05786514 0.20742798
v 0.37356567 0.02267647 0.19551086
v 0.41632080 0.04473495 0.17428589
v 0.42987061 0.05789948 0.18067932
v 0.34594727 0.00547218 0.20219421
v 0.33944702 0.01826096 0.23641968
v 0.40185547 0.03014946 0.16827393
v 0.37893677 0.00767517 0.15893555
v 0.41522217 0.04141998 0.16131592
v 0.40908813 0.03081322 0.13601685
v 0.38513184 0.00789738 0.12702942
v 0.36050415 -0.00989819 0.15121460
v 0.31454468 0.00546169 0.24934387
v 0.34869385 -0.00601625 0.17555237
v 0.41793823 0.03564835 0.11749268
v 0.43490601 0.05784988 0.15582275
v 0.44009399 0.05511093 0.18554688
v 0.44223022 0.05780411 0.11842346
v 0.44384766 0.05670166 0.13328552
v 0.44580078 0.05782700 0.10102081
v 0.42297363 0.03431702 0.08611298
v 0.43496704 0.03990936 0.05617905
v 0.39450073 0.01015091 0.09198761
v 0.39895630 0.01115799 0.07675171
v 0.38555908 -0.00492430 0.05231857
v 0.37976074 -0.00635195 0.07557678
v 0.45214844 0.05664444 0.09292603
v 0.45135498 0.05766678 0.07500458
v 0.46044922 0.05340195 0.12114716
v 0.36233521 -0.01674843 0.10443878
v 0.37490845 -0.01764297 0.03621292
v 0.35247803 -0.02928734 0.08130646
v 0.46826172 0.05224991 0.10583496
v 0.44927979 0.05411148 0.15863037
v 0.46444702 0.05202866 0.12442780
v 0.47048950 0.03785324 0.09497833
v 0.47308350 0.05208206 0.08212280
v 0.46569824 0.03507996 0.11858368
v 0.46118164 0.05197525 0.13887024
v 0.45672607 0.05201721 0.16036987
v 0.45755005 0.03702545 0.15838623
v 0.45327759 0.05211258 0.17820740
v 0.46847534 0.02726746 0.10501099
v 0.47293091 0.02710915 0.08312988
v 0.45806885 0.01702881 0.09547424
v 0.46228027 0.02719688 0.13514709
v 0.45053101 0.01920700 0.14472961
v 0.45495605 0.02721405 0.17094421
v 0.45129395 0.02724648 0.18885803
v 0.43753052 0.00863647 0.14706421
v 0.44354248 0.00830650 0.11585999
v 0.44592285 0.00516748 0.08331299
v 0.42620850 -0.00744057 0.10604095
v 0.43359375 -0.00722027 0.07122803
v 0.42904663 0.00053698 0.14028931
v 0.42880249 0.00660372 0.17948914
v 0.39788818 -0.02889061 0.11710358
v 0.40270996 -0.03171539 0.07540894
v 0.39031982 -0.04482651 0.05776215
v 0.37152100 -0.05697632 0.07894897
v 0.37051392 -0.05757904 0.07730103
v 0.37484741 -0.05698395 0.06217194
v 0.39685059 -0.02717590 0.13220215
v 0.37609863 -0.04634094 0.12084198
v 0.41625977 -0.00921154 0.14346313
v 0.39517212 -0.02322006 0.16595459
v 0.41064453 -0.00939465 0.17198181
v 0.36856079 -0.05752182 0.08987427
v 0.35284424 -0.05753708 0.08083344
v 0.37344360 -0.05755615 0.06170654
v 0.36425781 -0.05751801 0.11154175
v 0.33694458 -0.05753708 0.15289307
v 0.35662842 -0.05752563 0.14985657
v 0.37063599 -0.04531097 0.15599060
v 0.34759521 -0.05755234 0.16320801
v 0.35961914 -0.04101562 0.18089294
v 0.34753418 -0.05215454 0.17500305
v 0.33648682 -0.05755615 0.17980957
v 0.32681274 -0.05697632 0.19544983
v 0.38256836 -0.01904678 0.19346619
v 0.34747314 -0.03452301 0.21235657
v 0.32693481 -0.04908752 0.21179199
v 0.34835815 -0.02396393 0.23283386
v 0.31860352 -0.05697250 0.20787048
v 0.31866455 -0.05757523 0.20550537
v 0.32827759 -0.05753708 0.19122314
v 0.30932617 -0.05753708 0.20716858
v 0.25811768 -0.05753326 0.14865112
v 0.28106689 -0.05753326 0.07742310
v 0.22085571 -0.05753708 0.10222626
v 0.21087646 -0.05753708 0.19081116
v 0.17366028 -0.05753708 0.05814362
v 0.22523499 -0.05753326 0.00071043
v 0.14672852 -0.05753708 0.12823486
v 0.10961151 -0.05753326 0.03341675
v 0.16532898 -0.05753326 0.00036442
v -0.37557983 0.00737667 0.25982666
v -0.37899780 0.01809883 0.27719116
v -0.39505005 0.00074303 0.21736145
v -0.36648560 -0.00112271 0.25543213
v -0.41976929 0.00773191 0.19509888
v -0.38284302 -0.00717258 0.21824646
v -0.44311523 0.01947975 0.18559265
v -0.36557007 -0.02650833 0.20288086
v -0.35083008 -0.02197838 0.23448181
v -0.39968872 -0.01093006 0.18525696
v -0.41735840 -0.00349736 0.17488098
v -0.38531494 -0.01838684 0.19015503
v -0.40170288 -0.01731110 0.16857910
v -0.38116455 -0.03025627 0.17184448
v -0.35247803 -0.03703308 0.20031738
v -0.33203125 -0.03549576 0.23283386
v -0.35760498 -0.04286575 0.18054199
v -0.33905029 -0.04675674 0.19923401
v -0.32315063 -0.04574966 0.22421265
v -0.32388306 -0.05702209 0.20039368
v -0.31777954 -0.05704880 0.20945740
v -0.31829834 -0.05760193 0.20643616
v -0.30972290 -0.05732346 0.22023010
v -0.31228638 -0.05754089 0.20257568
v -0.32553101 -0.05759048 0.19569397
v -0.32858276 -0.05706406 0.19322205
v -0.33886719 -0.05706787 0.17817688
v -0.33172607 -0.05757523 0.18638611
v -0.33737183 -0.05758286 0.17817688
v -0.33575439 -0.05754089 0.16844177
v -0.34484863 -0.05754471 0.16806030
v -0.24868774 -0.05753326 0.18945312
v -0.23342896 -0.05753708 0.13049316
v -0.28405762 -0.05753326 0.08615875
v -0.35595703 -0.05754471 0.12460327
v -0.35250854 -0.05757523 0.15563965
v -0.35461426 -0.05704880 0.15499878
v -0.36492920 -0.05051422 0.15383911
v -0.35675049 -0.05751801 0.15046692
v -0.35913086 -0.05760956 0.13502502
v -0.35934448 -0.05702209 0.14236450
v -0.37536621 -0.04132843 0.15783691
v -0.38345337 -0.03391647 0.16122437
v -0.37353516 -0.04759979 0.12599182
v -0.36120605 -0.05693436 0.13240051
v -0.36248779 -0.05755234 0.11949158
v -0.40502930 -0.01801491 0.14910889
v -0.39245605 -0.03074074 0.13569641
v -0.41854858 -0.00933743 0.13484192
v -0.36477661 -0.05705261 0.11456299
v -0.39926147 -0.02958870 0.10546112
v -0.42929077 0.00715160 0.17994690
v -0.43585205 0.00614643 0.14268494
v -0.42361450 -0.00879955 0.11080170
v -0.42956543 -0.00869656 0.08283997
v -0.44311523 0.00247169 0.08273315
v -0.44467163 0.00817585 0.11059570
v -0.45339966 0.02122307 0.14512634
v -0.46249390 0.01853943 0.08481598
v -0.46389771 0.02712631 0.12843323
v -0.46743774 0.02724838 0.11141205
v -0.45587158 0.02715111 0.16825867
v -0.45974731 0.02728653 0.14888000
v -0.45156860 0.02710533 0.18908691
v -0.45538330 0.05176544 0.17022705
v -0.46044922 0.05207062 0.14361572
v -0.46606445 0.05199051 0.11647797
v -0.47152710 0.05166626 0.09134674
v -0.46826172 0.05253983 0.10167694
v -0.45556641 0.05237198 0.16673279
v -0.45156860 0.05213547 0.18902588
v -0.44961548 0.05207062 0.19206238
v 0.41806030 0.03765488 0.23822021
v 0.39877319 0.03882599 0.26684570
v 0.39651489 0.02730751 0.27020264
v 0.41708374 0.02730179 0.23976135
v 0.42224121 0.05208588 0.23109436
v 0.43157959 0.02741241 0.21835327
v 0.44241333 0.05219269 0.20179749
v 0.43203735 0.05157471 0.21719360
v 0.44375610 0.02734375 0.20008850
v 0.40332031 0.00864506 0.22146606
v 0.37423706 0.00831127 0.26348877
v 0.45104980 0.05204010 0.18925476
v 0.39712524 -0.00619030 0.19891357
v 0.36547852 -0.00048700 0.25759888
v 0.36831665 -0.00759506 0.23817444
v 0.30078125 -0.05754471 0.23245239
v 0.30731201 -0.05754471 0.22305298
v 0.30932617 -0.05753708 0.20716858
v 0.31271362 -0.05753708 0.21499634
v 0.31860352 -0.05697250 0.20787048
v 0.31866455 -0.05757523 0.20550537
v 0.21087646 -0.05753708 0.19081116
v 0.25811768 -0.05753326 0.14865112
v 0.14753723 -0.05753326 0.20413208
v 0.14672852 -0.05753708 0.12823486
v 0.22085571 -0.05753708 0.10222626
v 0.07484436 -0.05753326 0.20457458
v 0.19689941 -0.03281021 0.21386719
v 0.09436035 -0.03280640 0.22718811
v 0.28463745 -0.03280640 0.19332886
v 0.20460510 -0.03281403 0.14222717
v 0.09076691 -0.03281021 0.18080139
v 0.09614563 -0.03281021 0.13992310
v 0.11431122 -0.03281403 0.09441376
v 0.00940323 -0.03281021 0.07911682
v 0.08058929 -0.03281021 0.03760529
v 0.00056106 -0.03281021 -0.00249147
v 0.28439331 -0.03285599 0.21939087
v 0.29391479 -0.03282547 0.20515442
v 0.30139160 -0.03280640 0.19386292
v -0.28210449 -0.03283310 0.22229004
v -0.29238892 -0.03284454 0.20709229
v -0.30410767 -0.03284836 0.18986511
v -0.30068970 -0.03280258 0.17720032
v -0.22183228 -0.03281021 0.17143250
v -0.08972168 -0.03281021 0.19435120
v -0.19648743 -0.03281021 0.12887573
v -0.07026672 -0.03280640 0.13125610
v -0.09376526 -0.03281021 0.09793854
v 0.09436035 -0.03280640 0.22718811
v 0.09076691 -0.03281021 0.18080139
v 0.00331140 -0.03281021 0.20526123
v 0.19689941 -0.03281021 0.21386719
v 0.31713867 -0.00668192 0.22193909
v 0.30337524 -0.02261353 0.21090698
v 0.33370972 -0.02001953 0.17068481
v 0.31762695 -0.02492523 0.18461609
v 0.30139160 -0.03280640 0.19386292
v 0.30856323 -0.03283310 0.18295288
v 0.30303955 -0.03280640 0.17364502
v 0.28463745 -0.03280640 0.19332886
v 0.20460510 -0.03281403 0.14222717
v 0.31515503 -0.03281784 0.17338562
v 0.30987549 -0.03281021 0.13398743
v 0.32049561 -0.03280640 0.16534424
v 0.32723999 -0.03282547 0.15556335
v 0.33175659 -0.03284836 0.14889526
v 0.34259033 -0.02716827 0.14392090
v 0.33688354 -0.03276825 0.14147949
v 0.33828735 -0.03282928 0.13406372
v 0.33981323 -0.03284454 0.12644958
v 0.33920288 -0.03282547 0.10609436
v 0.34249878 -0.03282547 0.11232758
v 0.34594727 -0.02979088 0.11186218
v 0.34585571 -0.03276062 0.09513855
v 0.34930420 -0.03280258 0.07675171
v 0.35272217 -0.03275299 0.05943298
v 0.33428955 -0.03281403 0.07968140
v 0.34844971 -0.03280640 0.04870224
v 0.21788025 -0.03281403 0.08359528
v 0.24853516 -0.03281021 0.02530670
v 0.11431122 -0.03281403 0.09441376
v 0.17314148 -0.03281403 0.02562141
v 0.08058929 -0.03281021 0.03760529
v 0.07484436 -0.05753326 0.20457458
v 0.06243515 -0.05753708 0.15951538
v 0.14672852 -0.05753708 0.12823486
v 0.09614563 -0.03281021 0.13992310
v 0.00128162 -0.03281021 0.14407349
v 0.09076691 -0.03281021 0.18080139
v 0.00128162 -0.03281021 0.14407349
v -0.07026672 -0.03280640 0.13125610
v -0.08972168 -0.03281021 0.19435120
v -0.00718832 -0.03281021 0.10010529
v -0.09376526 -0.03281021 0.09793854
v 0.14672852 -0.05753708 0.12823486
v 0.06243515 -0.05753708 0.15951538
v 0.06850433 -0.05753326 0.08727264
v 0.10961151 -0.05753326 0.03341675
v -0.00089383 -0.05753326 0.12829590
v 0.06850433 -0.05753326 0.08727264
v 0.06243515 -0.05753708 0.15951538
v -0.37664795 -0.04711914 0.11278534
v -0.38574219 -0.04129028 0.10301971
v -0.39382935 -0.04015732 0.06983948
v -0.38357544 -0.04603577 0.08486938
v -0.36938477 -0.05709457 0.09161377
v -0.37240601 -0.05683899 0.07685852
v -0.37026978 -0.05750656 0.07951355
v -0.36834717 -0.05760574 0.08940125
v -0.36096191 -0.05753708 0.08090973
v -0.36477661 -0.05756378 0.10689545
v -0.36926270 -0.05753708 0.04908371
v 0.00940323 -0.03281021 0.07911682
v 0.00128162 -0.03281021 0.14407349
v 0.09614563 -0.03281021 0.13992310
v -0.00718832 -0.03281021 0.10010529
v -0.01170254 -0.03281021 0.02203560
v 0.00056106 -0.03281021 -0.00249147
v -0.17684937 -0.05753326 0.16554260
v -0.23342896 -0.05753708 0.13049316
v -0.19401550 -0.05753326 0.07533264
v -0.28405762 -0.05753326 0.08615875
v -0.26443481 -0.05753326 0.02120209
v 0.06850433 -0.05753326 0.08727264
v -0.00089383 -0.05753326 0.12829590
v -0.00344896 -0.05753326 0.04859924
v -0.46249390 0.01853943 0.08481598
v -0.46743774 0.02724838 0.11141205
v -0.47244263 0.02709007 0.08695984
v -0.47152710 0.05166626 0.09134674
v -0.47665405 0.02710342 0.06596375
v -0.47497559 0.05149078 0.07452393
v -0.47433472 0.05229568 0.07460785
v -0.46826172 0.05253983 0.10167694
v -0.47872925 0.05214691 0.05556488
v -0.46026611 0.05620575 0.06276703
v -0.44830322 0.05647659 0.11613464
v -0.45101929 0.05785370 0.07843018
v -0.47326660 0.05421448 0.04006195
v -0.45544434 0.05786896 0.05628204
v -0.44964600 0.05369568 0.06104279
v -0.44586182 0.05786133 0.10303497
v -0.46066284 0.05783844 0.03010178
v -0.44006348 0.05208206 0.09954071
v -0.47259521 0.05625153 0.00074685
v -0.43917847 0.03371429 0.00144863
v -0.43817139 0.04233932 0.05550003
v -0.42913818 0.04031754 0.08669281
v -0.41845703 0.02856827 0.07550049
v -0.42535400 0.02906227 0.04413605
v -0.46646118 0.05787277 0.00063735
v -0.42297363 0.01897621 0.00150728
v -0.40124512 0.00673962 0.04348755
v -0.43734741 0.03258896 -0.00486708
v -0.46136475 0.05780792 -0.02550888
v -0.46466064 0.05605698 -0.04165649
v -0.40887451 0.00616217 0.00070262
v -0.45666504 0.05784607 -0.04880524
v -0.44055176 0.04105377 -0.03490448
v -0.45156860 0.05782700 -0.07419586
v -0.44375610 0.05025864 -0.07083893
v -0.45730591 0.05551529 -0.08960724
v -0.42343140 0.03103828 -0.06439972
v -0.42660522 0.02665520 -0.02508163
v -0.41387939 0.01659203 -0.03359985
v -0.39758301 0.00667524 -0.05988693
v -0.47543335 0.05191422 -0.07009125
v -0.40338135 0.00694847 -0.03383636
v -0.39553833 -0.00554752 0.00010290
v -0.38909912 -0.00547791 -0.03435898
v -0.37738037 -0.01547909 -0.03506851
v -0.38031006 -0.00588274 -0.07462311
v -0.37292480 -0.01534176 -0.05935669
v -0.38259888 -0.01683617 0.00011603
v -0.36242676 -0.02880287 -0.03581238
v -0.35696411 -0.02765274 -0.06983185
v -0.36941528 -0.02890778 0.00070685
v -0.38858032 -0.00491095 0.03911209
v -0.37094116 -0.01726532 0.05757904
v -0.37982178 -0.00605583 0.07685089
v -0.36035156 -0.02650261 0.06073380
v -0.39578247 0.00589561 0.06509399
v -0.39233398 0.00722647 0.08840942
v -0.35299683 -0.03280640 0.06235123
v -0.34896851 -0.03280258 0.08283234
v -0.35888672 -0.03280258 0.03337479
v -0.32464600 -0.03280640 0.09391785
v -0.28158569 -0.03281021 0.02238655
v -0.36340332 -0.03282547 0.00967693
v -0.36486816 -0.03282928 -0.00118804
v -0.35510254 -0.03280258 -0.00843239
v -0.36193848 -0.03274918 -0.01528072
v -0.35876465 -0.03273773 -0.03077888
v -0.20477295 -0.03281021 -0.00693607
v -0.15124512 -0.03280640 0.01789665
v -0.19439697 -0.03281021 0.06439209
v -0.07813263 -0.03281403 -0.02542305
v -0.01170254 -0.03281021 0.02203560
v -0.32229614 -0.03280640 -0.03734207
v -0.25137329 -0.03281021 -0.07388306
v -0.35540771 -0.03278732 -0.04656219
v -0.35250854 -0.03282166 -0.06158447
v -0.34902954 -0.03274155 -0.07955170
v -0.09376526 -0.03281021 0.09793854
v -0.19439697 -0.03281021 0.06439209
v -0.19648743 -0.03281021 0.12887573
v -0.32464600 -0.03280640 0.09391785
v -0.28158569 -0.03281021 0.02238655
v -0.09505463 -0.03281021 0.05473328
v -0.15124512 -0.03280640 0.01789665
v -0.01170254 -0.03281021 0.02203560
v -0.10131073 -0.05753326 0.10815430
v -0.09353638 -0.05753326 0.06211090
v -0.00089383 -0.05753326 0.12829590
v 0.43496704 0.03990936 0.05617905
v 0.44580078 0.05782700 0.10102081
v 0.45135498 0.05766678 0.07500458
v 0.45666504 0.05784225 0.04831314
v 0.46395874 0.05647278 0.03756714
v 0.45214844 0.05664444 0.09292603
v 0.45962524 0.05777740 0.03351974
v 0.44711304 0.04084778 -0.00003859
v 0.46636963 0.05783081 0.00033358
v 0.47076416 0.05434418 0.05198669
v 0.46826172 0.05224991 0.10583496
v 0.47308350 0.05208206 0.08212280
v 0.47790527 0.05218506 0.05829239
v 0.47048950 0.03785324 0.09497833
v 0.48529053 0.05213165 0.02262878
v 0.47711182 0.02732658 0.06324005
v 0.47293091 0.02710915 0.08312988
v 0.47128296 0.01816940 0.03846741
v 0.45806885 0.01702881 0.09547424
v 0.48168945 0.02712631 0.04066849
v 0.48449707 0.05363083 0.00019485
v 0.48580933 0.02732468 0.02115440
v 0.48052979 0.01941681 0.00038755
v 0.45660400 0.00699663 0.04419327
v 0.44592285 0.00516748 0.08331299
v 0.46701050 0.00818443 0.00020742
v 0.43945312 -0.00392866 0.06275940
v 0.43359375 -0.00722027 0.07122803
v 0.45388794 0.00068909 0.01963615
v 0.42620850 -0.01748276 0.04491425
v 0.40270996 -0.03171539 0.07540894
v 0.44094849 -0.00922775 0.02163124
v 0.44558716 -0.00897408 0.00014330
v 0.43441772 -0.01814461 0.00072825
v 0.40777588 -0.03450012 0.03350067
v 0.39031982 -0.04482651 0.05776215
v 0.44418335 -0.00517797 -0.02926064
v 0.45913696 0.00852013 -0.03932953
v 0.42916870 -0.01729202 -0.02953339
v 0.41714478 -0.03225327 0.00006805
v 0.47024536 0.01835251 -0.04230118
v 0.45550537 0.00984859 -0.06540680
v 0.41793823 -0.02071762 -0.06581116
v 0.40103149 -0.04577255 0.00018689
v 0.43322754 -0.00896454 -0.06099701
v 0.41244507 -0.01897812 -0.10391235
v 0.44482422 0.00537825 -0.08969879
v 0.42459106 -0.00834942 -0.10849762
v 0.45861816 0.02194214 -0.12264252
v 0.46258545 0.01990128 -0.09083557
v 0.47378540 0.02711487 -0.07748413
v 0.46536255 0.02712059 -0.11861420
v 0.47900391 0.02718163 -0.05277634
v 0.48370361 0.02727890 -0.03025246
v 0.47668457 0.03872681 -0.06442261
v 0.46887207 0.02758789 -0.10250092
v 0.46774292 0.03391266 -0.10804749
v 0.47192383 0.05202484 -0.08782959
v 0.47750854 0.05209351 -0.06000137
v 0.48995972 0.02733994 -0.00012854
v 0.48211670 0.05209351 -0.03792953
v 0.46865845 0.05316925 -0.08562469
v 0.46627808 0.05210114 -0.11469269
v 0.49002075 0.05211258 0.00029135
v 0.48638916 0.05206680 -0.01752853
v 0.45874023 0.05781555 -0.03719711
v 0.45803833 0.05603027 -0.07572937
v 0.44299316 0.05781174 -0.11511993
v 0.45208740 0.05785370 -0.07096863
v 0.44528198 0.05338287 -0.07849884
v 0.44168091 0.04107666 -0.02850151
v 0.40231323 0.01383686 -0.07628632
v 0.41824341 0.03496170 -0.11251068
v 0.41967773 0.01996040 -0.02139854
v 0.39355469 0.00124788 -0.04627991
v 0.37460327 -0.00596285 -0.10230255
v 0.36233521 -0.02288818 -0.07030487
v 0.40917969 0.00645399 0.00024509
v 0.37597656 -0.01571083 -0.04063797
v 0.35083008 -0.03280258 -0.06917572
v 0.35397339 -0.03273010 -0.05325699
v 0.33843994 -0.03281021 -0.07173157
v 0.35647583 -0.03273010 -0.04115295
v 0.35372925 -0.03280258 -0.01914597
v 0.35934448 -0.03273010 -0.02674866
v 0.28146362 -0.03281403 -0.00563574
v 0.23045349 -0.03281403 -0.06008530
v 0.36239624 -0.03277588 -0.01181412
v 0.36462402 -0.03276825 -0.00033394
v 0.37152100 -0.02679443 0.00019677
v 0.36227417 -0.03279877 0.01228046
v 0.20179749 -0.03281403 -0.02447891
v 0.11302948 -0.03281021 -0.01888657
v 0.36022949 -0.03280258 0.02228928
v 0.24853516 -0.03281021 0.02530670
v 0.17314148 -0.03281403 0.02562141
v 0.08058929 -0.03281021 0.03760529
v 0.00056106 -0.03281021 -0.00249147
v 0.39077759 -0.00972748 -0.00002358
v 0.37490845 -0.01764297 0.03621292
v 0.38555908 -0.00492430 0.05231857
v 0.37976074 -0.00635195 0.07557678
v 0.39895630 0.01115799 0.07675171
v 0.41677856 0.01905060 0.03229141
v 0.42297363 0.03431702 0.08611298
v 0.36087036 -0.02903175 0.04019165
v 0.35247803 -0.02928734 0.08130646
v 0.35809326 -0.03275681 0.03289795
v 0.35516357 -0.03277969 0.04653168
v 0.35272217 -0.03275299 0.05943298
v 0.34844971 -0.03280640 0.04870224
v 0.34930420 -0.03280258 0.07675171
v 0.33428955 -0.03281403 0.07968140
v -0.44467163 0.00817585 0.11059570
v -0.45574951 0.00841045 0.05817032
v -0.44311523 0.00247169 0.08273315
v -0.47198486 0.01673889 0.02762222
v -0.44796753 0.00072086 0.05107498
v -0.42956543 -0.00869656 0.08283997
v -0.45452881 -0.00053340 0.01164913
v -0.43807983 -0.00789356 0.04579163
v -0.46673584 0.00768375 0.00026608
v -0.43103027 -0.01925278 0.01181507
v -0.42105103 -0.02086830 0.05078506
v -0.39926147 -0.02958870 0.10546112
v -0.39382935 -0.04015732 0.06983948
v -0.41339111 -0.02916908 0.04008865
v -0.45819092 0.00068825 -0.00014615
v -0.41693115 -0.03033638 0.01329803
v -0.39315796 -0.04613495 0.03805923
v -0.44143677 -0.01260185 -0.00015038
v -0.42083740 -0.02912903 -0.00001209
v -0.40252686 -0.04467773 -0.00012887
v -0.40820312 -0.03518295 -0.02695847
v -0.38543701 -0.05693817 0.01113319
v -0.38598633 -0.04837418 0.05953217
v -0.38357544 -0.04603577 0.08486938
v -0.37240601 -0.05683899 0.07685852
v -0.37435913 -0.05699158 0.06646729
v -0.37026978 -0.05750656 0.07951355
v -0.37341309 -0.05756760 0.06401825
v -0.36096191 -0.05753708 0.08090973
v -0.37738037 -0.05681992 0.05147552
v -0.37588501 -0.05758286 0.05120087
v -0.36926270 -0.05753708 0.04908371
v -0.37994385 -0.05699539 0.03836823
v -0.38018799 -0.05756378 0.03039169
v -0.38208008 -0.05689621 0.02740479
v -0.38418579 -0.05754089 0.01056671
v -0.38671875 -0.05751038 0.00055480
v -0.39608765 -0.04788589 -0.01332474
v -0.38476562 -0.05743790 -0.01084614
v -0.38668823 -0.05162430 -0.03682709
v -0.38143921 -0.05749893 -0.02617455
v -0.39151001 -0.04460907 -0.05276108
v -0.40707397 -0.02936554 -0.06824493
v -0.38595581 -0.04553604 -0.07449341
v -0.42221069 -0.01941681 -0.05357742
v -0.37939453 -0.05306625 -0.06378174
v -0.37902832 -0.05748749 -0.03982544
v -0.37493896 -0.05731964 -0.06044388
v -0.37130737 -0.05695724 -0.08075714
v -0.36950684 -0.05753326 -0.04604340
v -0.37121582 -0.05751419 -0.07642365
v -0.31503296 -0.05753326 -0.00228024
v -0.32696533 -0.05753326 -0.07810974
v -0.26275635 -0.05752945 -0.02455139
v -0.26443481 -0.05753326 0.02120209
v -0.28405762 -0.05753326 0.08615875
v -0.18843079 -0.05753326 0.00143886
v -0.19401550 -0.05753326 0.07533264
v -0.19677734 -0.05753326 -0.03827667
v -0.10948181 -0.05753708 -0.00267291
v -0.00344896 -0.05753326 0.04859924
v -0.00089383 -0.05753326 0.12829590
v -0.09353638 -0.05753326 0.06211090
v -0.00718832 -0.03281021 0.10010529
v -0.09505463 -0.03281021 0.05473328
v -0.09376526 -0.03281021 0.09793854
v -0.01170254 -0.03281021 0.02203560
v 0.37484741 -0.05698395 0.06217194
v 0.37152100 -0.05697632 0.07894897
v 0.38973999 -0.04979324 0.03157806
v 0.37051392 -0.05757904 0.07730103
v 0.37344360 -0.05755615 0.06170654
v 0.37631226 -0.05753708 0.05020142
v 0.35284424 -0.05753708 0.08083344
v 0.37045288 -0.05754089 0.01657486
v 0.28106689 -0.05753326 0.07742310
v 0.37918091 -0.05753708 0.03701401
v 0.38171387 -0.05742264 0.02374077
v 0.38711548 -0.05692291 0.00017485
v 0.38452148 -0.05753708 0.00976753
v 0.38589478 -0.05750275 -0.00252509
v 0.39633179 -0.04484177 -0.02843666
v 0.35662842 -0.05753708 -0.01559830
v 0.29296875 -0.05753326 -0.00099552
v 0.22523499 -0.05753326 0.00071043
v 0.38253784 -0.05751801 -0.01901436
v 0.38064575 -0.05747986 -0.02846336
v 0.37835693 -0.05729675 -0.04082870
v 0.35253906 -0.05753708 -0.05007172
v 0.27026367 -0.05753326 -0.04323959
v 0.17927551 -0.05753326 -0.07177734
v 0.34286499 -0.05753708 -0.10502625
v 0.16532898 -0.05753326 0.00036442
v 0.17366028 -0.05753708 0.05814362
v 0.13023376 -0.05753326 -0.01599884
v 0.04783249 -0.05752945 -0.00122559
v 0.10961151 -0.05753326 0.03341675
v 0.37606812 -0.05751801 -0.05008698
v 0.37390137 -0.05750275 -0.05918121
v 0.37524414 -0.05698395 -0.06021118
v 0.37200928 -0.05751801 -0.07307434
v 0.36959839 -0.05753326 -0.08082581
v 0.38754272 -0.04631805 -0.06207275
v 0.38052368 -0.04670715 -0.09481812
v -0.10131073 -0.05753326 0.10815430
v -0.19401550 -0.05753326 0.07533264
v -0.09353638 -0.05753326 0.06211090
v -0.18843079 -0.05753326 0.00143886
v -0.10948181 -0.05753708 -0.00267291
v -0.00344896 -0.05753326 0.04859924
v 0.00052887 -0.05753326 -0.00173509
v -0.47982788 0.02699661 0.04981995
v -0.48321533 0.05220032 0.03367233
v -0.48535156 0.02707481 0.02267075
v -0.48101807 0.05442429 -0.00032544
v -0.48788452 0.05215073 0.01148987
v -0.48986816 0.02720833 0.00031430
v -0.48986816 0.03589249 0.00053763
v -0.48980713 0.05215454 0.00049621
v -0.48129272 0.05194855 -0.04150772
v -0.48812866 0.05162430 -0.00868511
v -0.48580933 0.05197906 -0.01907349
v -0.48800659 0.02720070 -0.00929070
v -0.48468018 0.02710342 -0.02579117
v -0.47781372 0.01915169 -0.01246548
v -0.47964478 0.04198074 -0.05147552
v -0.47259521 0.03635788 -0.08523560
v -0.46936035 0.05216217 -0.09844971
v -0.47506714 0.02736282 -0.07238770
v -0.47973633 0.02700806 -0.05026245
v -0.46084595 0.01876450 -0.09308624
v -0.46200562 0.00891399 -0.03070450
v -0.44961548 0.00283551 -0.05532455
v -0.44155884 -0.00722599 -0.03233719
v -0.43191528 -0.00764561 -0.07727051
v 0.06850433 -0.05753326 0.08727264
v -0.00344896 -0.05753326 0.04859924
v 0.04783249 -0.05752945 -0.00122559
v 0.10961151 -0.05753326 0.03341675
v 0.06850433 -0.05753326 0.08727264
v 0.04783249 -0.05752945 -0.00122559
v -0.00344896 -0.05753326 0.04859924
v 0.00052887 -0.05753326 -0.00173509
v 0.04783249 -0.05752945 -0.00122559
v 0.00052887 -0.05753326 -0.00173509
v -0.10948181 -0.05753708 -0.00267291
v -0.06167984 -0.05752945 -0.03096008
v -0.10646057 -0.05753326 -0.07203674
v -0.19677734 -0.05753326 -0.03827667
v -0.17973328 -0.05753326 -0.08300018
v -0.13554382 -0.05753326 -0.12241364
v -0.26068115 -0.05753326 -0.10765839
v -0.19949341 -0.05753326 -0.13919067
v -0.25372314 -0.05753326 -0.17065430
v -0.26275635 -0.05752945 -0.02455139
v -0.32696533 -0.05753326 -0.07810974
v 0.00056106 -0.03281021 -0.00249147
v -0.07813263 -0.03281403 -0.02542305
v -0.01170254 -0.03281021 0.02203560
v 0.11302948 -0.03281021 -0.01888657
v 0.00370336 -0.03281021 -0.05051041
v 0.00056106 -0.03281021 -0.00249147
v 0.10772705 -0.03281021 -0.07051849
v 0.23045349 -0.03281403 -0.06008530
v 0.21267700 -0.03281403 -0.10970306
v 0.33843994 -0.03281021 -0.07173157
v 0.33294678 -0.03281021 -0.12773132
v 0.30630493 -0.03281403 -0.16349792
v 0.15213013 -0.03281021 -0.16558838
v 0.34390259 -0.03275681 -0.10485077
v 0.34777832 -0.03267288 -0.08515930
v 0.35083008 -0.03280258 -0.06917572
v 0.36233521 -0.02288818 -0.07030487
v 0.35754395 -0.02122498 -0.10385895
v 0.37460327 -0.00596285 -0.10230255
v 0.33953857 -0.03279114 -0.12699890
v 0.35119629 -0.01884460 -0.14768982
v 0.33666992 -0.03265762 -0.14160156
v 0.33285522 -0.03269577 -0.14759827
v 0.32699585 -0.03269577 -0.15634155
v 0.32659912 -0.02628899 -0.16912842
v 0.31811523 -0.03265762 -0.16967773
v 0.30770874 -0.03271484 -0.18501282
v 0.27841187 -0.03280640 -0.21165466
v 0.30136108 -0.03268433 -0.19444275
v 0.30978394 -0.02209282 -0.20259094
v 0.29440308 -0.03271484 -0.20466614
v 0.31933594 -0.00631905 -0.21858215
v 0.34463501 -0.00956440 -0.17553711
v 0.33728027 -0.00559330 -0.19374084
v 0.35354614 0.01309586 -0.20605469
v 0.33129883 0.00645351 -0.22604370
v 0.37817383 0.00663757 -0.15832520
v 0.34613037 0.02158356 -0.23323059
v 0.36346436 -0.00730371 -0.15263367
v 0.39157104 0.01132774 -0.11347961
v 0.40231323 0.01383686 -0.07628632
v 0.41824341 0.03496170 -0.11251068
v 0.38858032 0.04272842 -0.21168518
v 0.39160156 0.02001762 -0.16421509
v 0.37200928 0.01771927 -0.18856812
v 0.35574341 0.03900909 -0.25265503
v 0.41455078 0.04275513 -0.17340088
v 0.43316650 0.05069733 -0.12370300
v 0.44528198 0.05338287 -0.07849884
v 0.44299316 0.05781174 -0.11511993
v 0.39074707 0.05786514 -0.23808289
v 0.37557983 0.05788803 -0.26022339
v 0.41433716 0.05784225 -0.20347595
v 0.39642334 0.05606079 -0.24148560
v 0.42990112 0.05776215 -0.18026733
v 0.43539429 0.05781174 -0.15357971
v 0.42523193 0.05499649 -0.20635986
v 0.44262695 0.05430603 -0.18627930
v 0.39724731 0.05181503 -0.26837158
v 0.38613892 0.05184174 -0.28469849
v 0.41009521 0.05185699 -0.24938965
v 0.40414429 0.02710724 -0.25851440
v 0.45928955 0.05218887 -0.14936829
v 0.45101929 0.05216980 -0.18888855
v 0.46350098 0.05239868 -0.12516785
v 0.46865845 0.05316925 -0.08562469
v 0.46627808 0.05210114 -0.11469269
v 0.46267700 0.05140686 -0.13294983
v 0.45614624 0.02727318 -0.16458130
v 0.46774292 0.03391266 -0.10804749
v 0.47192383 0.05202484 -0.08782959
v 0.46536255 0.02712059 -0.11861420
v 0.46887207 0.02758789 -0.10250092
v 0.47378540 0.02711487 -0.07748413
v 0.46084595 0.02730560 -0.14205933
v 0.45861816 0.02194214 -0.12264252
v 0.46258545 0.01990128 -0.09083557
v 0.44619751 0.02264404 -0.18688965
v 0.45104980 0.02715111 -0.18891907
v 0.44390869 0.05193329 -0.19955444
v 0.42800903 0.03719711 -0.22322083
v 0.43258667 0.05202103 -0.21577454
v 0.42260742 0.05244446 -0.22994995
v 0.42041016 0.05141449 -0.23478699
v 0.43484497 0.02702332 -0.21298218
v 0.41839600 0.02725029 -0.23747253
v 0.40777588 0.01953888 -0.23747253
v 0.38357544 0.02234650 -0.27926636
v 0.42813110 0.02097130 -0.21041870
v 0.37738037 0.00751257 -0.25708008
v 0.42959595 0.00754309 -0.17997742
v 0.39120483 0.00745010 -0.23643494
v 0.36270142 -0.01004124 -0.24130249
v 0.40887451 0.00680923 -0.20941162
v 0.43365479 0.00620270 -0.15051270
v 0.38372803 -0.00022680 -0.23104858
v 0.37228394 -0.01439571 -0.21786499
v 0.34161377 -0.02873611 -0.23295593
v 0.39001465 -0.00887680 -0.20443726
v 0.44201660 0.00753117 -0.11824036
v 0.44482422 0.00537825 -0.08969879
v 0.42459106 -0.00834942 -0.10849762
v 0.40353394 -0.00901604 -0.18437195
v 0.38049316 -0.01921082 -0.19618225
v 0.35977173 -0.03138351 -0.20051575
v 0.39886475 -0.01994324 -0.16740417
v 0.41732788 -0.00367951 -0.17472839
v 0.36978149 -0.03168488 -0.18536377
v 0.33944702 -0.04527664 -0.20117188
v 0.32537842 -0.03741455 -0.23872375
v 0.32058716 -0.05215836 -0.21467590
v 0.38595581 -0.03122711 -0.16226196
v 0.33007812 -0.05747223 -0.18942261
v 0.37902832 -0.03755569 -0.15925598
v 0.35836792 -0.04833603 -0.16697693
v 0.39367676 -0.03161621 -0.12104797
v 0.33575439 -0.05739594 -0.18147278
v 0.32363892 -0.05749512 -0.19891357
v 0.31631470 -0.05706406 -0.21061707
v 0.32684326 -0.05753326 -0.17492676
v 0.31692505 -0.05754852 -0.20790100
v 0.30880737 -0.05752563 -0.21998596
v 0.30426025 -0.05753708 -0.19053650
v 0.34033203 -0.05748367 -0.17440796
v 0.34613037 -0.05748367 -0.16574097
v 0.34530640 -0.05753708 -0.13595581
v 0.35159302 -0.05750656 -0.15744019
v 0.35614014 -0.05751419 -0.15092468
v 0.36557007 -0.04940796 -0.15394592
v 0.36007690 -0.05749512 -0.13227844
v 0.37100220 -0.04883575 -0.12960815
v 0.38052368 -0.04670715 -0.09481812
v 0.36380005 -0.05746078 -0.11469269
v 0.27618408 -0.05753326 -0.13432312
v 0.21636963 -0.05753326 -0.15095520
v 0.34286499 -0.05753708 -0.10502625
v 0.25491333 -0.05753326 -0.08846283
v 0.17927551 -0.05753326 -0.07177734
v 0.15467834 -0.05753326 -0.16238403
v 0.27026367 -0.05753326 -0.04323959
v 0.12110138 -0.05753326 -0.09448242
v 0.13023376 -0.05753326 -0.01599884
v 0.07626343 -0.05753326 -0.06044388
v 0.04783249 -0.05752945 -0.00122559
v 0.36959839 -0.05753326 -0.08082581
v 0.35253906 -0.05753708 -0.05007172
v 0.36788940 -0.05751801 -0.09036255
v 0.36990356 -0.05706024 -0.08683014
v 0.37200928 -0.05751801 -0.07307434
v 0.36608887 -0.05749130 -0.10255432
v 0.41793823 -0.02071762 -0.06581116
v 0.41244507 -0.01897812 -0.10391235
v 0.43322754 -0.00896454 -0.06099701
v 0.40905762 -0.01431561 -0.15110779
v 0.41720581 -0.00910187 -0.13977051
v 0.04783249 -0.05752945 -0.00122559
v 0.00052887 -0.05753326 -0.00173509
v 0.00366592 -0.05753326 -0.06051254
v 0.00366592 -0.05753326 -0.06051254
v 0.00052887 -0.05753326 -0.00173509
v -0.06167984 -0.05752945 -0.03096008
v -0.13819885 -0.03281021 -0.06125259
v -0.20477295 -0.03281021 -0.00693607
v -0.07813263 -0.03281403 -0.02542305
v 0.00370336 -0.03281021 -0.05051041
v -0.25137329 -0.03281021 -0.07388306
v -0.14926147 -0.03281021 -0.10212708
v -0.31759644 -0.03280640 -0.14378357
v -0.16625977 -0.03280640 -0.14202881
v -0.24128723 -0.03281021 -0.18519592
v 0.00370336 -0.03281021 -0.05051041
v -0.07813263 -0.03281403 -0.02542305
v 0.00056106 -0.03281021 -0.00249147
v 0.04783249 -0.05752945 -0.00122559
v 0.00366592 -0.05753326 -0.06051254
v 0.07626343 -0.05753326 -0.06044388
v 0.05663681 -0.05753326 -0.11751556
v 0.00721979 -0.05753326 -0.15896606
v 0.12110138 -0.05753326 -0.09448242
v 0.09022522 -0.05753326 -0.15875244
v 0.00921917 -0.05753326 -0.20646667
v 0.15467834 -0.05753326 -0.16238403
v 0.05670547 -0.05753326 -0.25137329
v 0.10708618 -0.05753708 -0.25027466
v 0.17315674 -0.05753326 -0.24995422
v 0.05858994 -0.05753326 -0.31280518
v 0.16679382 -0.05753708 -0.31222534
v 0.22155762 -0.05753326 -0.29983521
v 0.13113403 -0.05753326 -0.35241699
v 0.06803131 -0.05753326 -0.36422729
v 0.20117188 -0.05751419 -0.32247925
v 0.22222900 -0.05750656 -0.30847168
v 0.21000671 -0.05160141 -0.32513428
v 0.18334961 -0.05749130 -0.33456421
v 0.16224670 -0.05750275 -0.34860229
v 0.19824219 -0.03667831 -0.35415649
v 0.23905945 -0.03823471 -0.32446289
v 0.23439026 -0.02540588 -0.34613037
v 0.23338318 -0.01136780 -0.36688232
v 0.14810181 -0.05743027 -0.35803223
v 0.15451050 -0.04360580 -0.37341309
v 0.18176270 -0.03022957 -0.37426758
v 0.19111633 -0.01821327 -0.38543701
v 0.12368011 -0.05745316 -0.36236572
v 0.13789368 -0.04183578 -0.37887573
v 0.16021729 -0.03064156 -0.38821411
v 0.16862488 -0.01199341 -0.40966797
v 0.09935760 -0.05751419 -0.36666870
v 0.10988617 -0.05612183 -0.36666870
v 0.14468384 -0.01840210 -0.40621948
v 0.09786224 -0.03126526 -0.39929199
v 0.07787323 -0.04132080 -0.39080811
v 0.04769516 -0.02393532 -0.41754150
v 0.08648682 -0.05682755 -0.37042236
v 0.06392670 -0.05681610 -0.37466431
v 0.08177185 -0.05746460 -0.37011719
v 0.05906677 -0.05748367 -0.37423706
v 0.10665131 -0.02030945 -0.41104126
v 0.07445526 -0.00907040 -0.43090820
v 0.11450195 -0.00886345 -0.42330933
v 0.09133148 0.01000977 -0.45123291
v 0.14056396 0.00553083 -0.43597412
v 0.17645264 0.00653696 -0.43063354
v 0.13458252 0.02707672 -0.46359253
v 0.11560822 0.02704239 -0.46728516
v 0.08974457 0.02704430 -0.47222900
v 0.16207886 0.02712822 -0.45846558
v 0.13148499 0.05184937 -0.46401978
v 0.10944366 0.05147552 -0.46853638
v 0.09261322 0.05188370 -0.47171021
v 0.10563660 0.05229187 -0.46856689
v 0.07744598 0.05367661 -0.46792603
v 0.12950134 0.05451202 -0.45553589
v 0.07272339 0.05584335 -0.45944214
v 0.15794373 0.05193329 -0.45901489
v 0.18333435 0.02212143 -0.44842529
v 0.18559265 0.02717018 -0.45401001
v 0.19004822 0.05208969 -0.45050049
v 0.20938110 0.02728271 -0.43811035
v 0.21817017 0.02244186 -0.42550659
v 0.21038818 0.05162048 -0.43728638
v 0.21238708 0.05233383 -0.43515015
v 0.23281860 0.03557587 -0.42239380
v 0.22807312 0.02714157 -0.42541504
v 0.21087646 0.00743532 -0.40890503
v 0.24797058 0.02704430 -0.41207886
v 0.26296997 0.02031898 -0.39257812
v 0.26196289 0.02719307 -0.40286255
v 0.25274658 0.05120087 -0.40905762
v 0.23271179 0.00765705 -0.39483643
v 0.25900269 0.00730038 -0.37655640
v 0.20214844 -0.00053489 -0.40341187
v 0.22917175 0.05133057 -0.42480469
v 0.23725891 0.05225372 -0.41857910
v 0.26013184 0.05220795 -0.40344238
v 0.24412537 0.05399704 -0.40579224
v 0.22309875 0.05613708 -0.40917969
v 0.25018311 0.05780411 -0.38351440
v 0.22352600 0.05783463 -0.40151978
v 0.24179077 0.04530716 -0.37261963
v 0.18394470 0.05380249 -0.44763184
v 0.17872620 0.05644989 -0.43759155
v 0.20242310 0.05786896 -0.41571045
v 0.16722107 0.03610992 -0.41043091
v 0.17657471 0.05790710 -0.43310547
v 0.14614868 0.05783463 -0.43869019
v 0.10410309 0.05780792 -0.44647217
v 0.12187195 0.04871750 -0.43295288
v 0.08335876 0.04236603 -0.43292236
v 0.06013489 0.05770874 -0.45462036
v 0.14059448 0.04034805 -0.41989136
v 0.08428955 0.01659012 -0.40380859
v 0.18139648 0.01415348 -0.37280273
v 0.23669434 0.01907158 -0.34210205
v 0.15620422 0.00899124 -0.38253784
v 0.22000122 0.00286484 -0.33169556
v 0.10790253 0.00651026 -0.38845825
v 0.07985687 0.00297546 -0.38946533
v 0.15069580 -0.00598812 -0.36663818
v 0.09267426 -0.01502609 -0.36727905
v 0.06772614 -0.02663422 -0.35861206
v 0.18754578 -0.00711250 -0.34075928
v 0.09764099 -0.02571487 -0.35418701
v 0.14532471 -0.01734161 -0.35519409
v 0.17993164 -0.02672958 -0.31997681
v 0.06120682 -0.03255844 -0.35287476
v 0.14079285 -0.02827072 -0.34350586
v 0.21183777 -0.02681160 -0.29821777
v 0.08240509 -0.03263092 -0.34912109
v 0.04946518 -0.03280258 -0.34671021
v 0.10079193 -0.03264999 -0.34591675
v 0.12760925 -0.03280258 -0.33242798
v 0.11841583 -0.03261566 -0.34268188
v 0.13911438 -0.03268814 -0.33892822
v 0.14900208 -0.03266525 -0.33242798
v 0.16009521 -0.03267670 -0.32498169
v 0.09201813 -0.03281403 -0.26348877
v 0.17587280 -0.03261948 -0.31472778
v 0.18037415 -0.03280258 -0.30130005
v 0.18745422 -0.03258514 -0.30676270
v 0.19963074 -0.03263855 -0.29849243
v 0.21090698 -0.03262329 -0.29098511
v 0.21484375 -0.03280640 -0.27609253
v 0.06681061 -0.03281021 -0.18971252
v -0.00623274 -0.03281403 -0.24258423
v 0.19697571 -0.03281021 -0.20256042
v 0.15213013 -0.03281021 -0.16558838
v 0.07896423 -0.03281021 -0.12838745
v -0.00353622 -0.03280640 -0.15000916
v -0.00026417 -0.03281403 -0.09702301
v 0.00370336 -0.03281021 -0.05051041
v 0.10772705 -0.03281021 -0.07051849
v 0.00370336 -0.03281021 -0.05051041
v -0.00026417 -0.03281403 -0.09702301
v -0.13819885 -0.03281021 -0.06125259
v -0.05432892 -0.03281021 -0.11754608
v -0.39758301 0.00667524 -0.05988693
v -0.38031006 -0.00588274 -0.07462311
v -0.39181519 0.00654650 -0.08719635
v -0.40588379 0.02245522 -0.10472107
v -0.42343140 0.03103828 -0.06439972
v -0.37509155 -0.00550985 -0.10329437
v -0.42819214 0.04336548 -0.10860443
v -0.44375610 0.05025864 -0.07083893
v -0.38351440 0.00789261 -0.13531494
v -0.40478516 0.02748108 -0.13806152
v -0.36865234 -0.00689650 -0.12936401
v -0.35852051 -0.01961136 -0.10604095
v -0.37292480 -0.01534176 -0.05935669
v -0.35696411 -0.02765274 -0.06983185
v -0.34902954 -0.03274155 -0.07955170
v -0.35250854 -0.03282166 -0.06158447
v -0.34655762 -0.03277969 -0.09149170
v -0.32229614 -0.03280640 -0.03734207
v -0.33224487 -0.03280258 -0.11038971
v -0.25137329 -0.03281021 -0.07388306
v -0.34323120 -0.03279114 -0.10858154
v -0.31759644 -0.03280640 -0.14378357
v -0.34051514 -0.03284073 -0.12367249
v -0.34426880 -0.02593231 -0.14425659
v -0.33731079 -0.03275681 -0.14082336
v -0.33309937 -0.03274536 -0.14739990
v -0.32574463 -0.03275299 -0.15806580
v -0.35491943 -0.01592255 -0.14868164
v -0.32824707 -0.03006744 -0.15925598
v -0.31906128 -0.03274155 -0.16799927
v -0.30612183 -0.03279495 -0.17247009
v -0.24128723 -0.03281021 -0.18519592
v -0.31002808 -0.03272629 -0.18113708
v -0.30142212 -0.03273773 -0.19396973
v -0.31307983 -0.02764511 -0.18611145
v -0.29583740 -0.03281021 -0.20202637
v -0.32986450 -0.01945305 -0.17778015
v -0.30902100 -0.01798439 -0.21112061
v -0.31997681 -0.00495958 -0.22050476
v -0.34997559 -0.00677013 -0.17382812
v -0.36441040 -0.00690365 -0.15206909
v -0.35720825 0.00623608 -0.18864441
v -0.33187866 0.00756550 -0.22799683
v -0.35632324 0.02748299 -0.22994995
v -0.37741089 0.00627613 -0.15824890
v -0.37768555 0.02720070 -0.19812012
v -0.36602783 0.04389954 -0.24722290
v -0.38641357 0.04306030 -0.21511841
v -0.39886475 0.02697754 -0.16592407
v -0.38171387 0.00934792 -0.15451050
v -0.39056396 0.05780029 -0.23822021
v -0.41241455 0.03751755 -0.15495300
v -0.39990234 0.05787659 -0.22453308
v -0.41787720 0.04590225 -0.17485046
v -0.42681885 0.04973984 -0.15226746
v -0.40808105 0.05779266 -0.21247864
v -0.40029907 0.05621338 -0.23463440
v -0.37945557 0.05591202 -0.26654053
v -0.43029785 0.05518723 -0.19889832
v -0.41806030 0.05780029 -0.19801331
v -0.43017578 0.05785751 -0.18023682
v -0.44308472 0.05463409 -0.18309021
v -0.43624878 0.05782318 -0.15010071
v -0.43814087 0.05648422 -0.16372681
v -0.44140625 0.05777740 -0.12377930
v -0.44537354 0.05646133 -0.13047791
v -0.44619751 0.05784988 -0.09996796
v -0.45156860 0.05782700 -0.07419586
v -0.45730591 0.05551529 -0.08960724
v -0.46936035 0.05216217 -0.09844971
v -0.47543335 0.05191422 -0.07009125
v -0.45718384 0.05192566 -0.16021729
v -0.46292114 0.05198669 -0.13110352
v -0.46276855 0.03984070 -0.13342285
v -0.46420288 0.02701569 -0.12634277
v -0.46017456 0.02710724 -0.14660645
v -0.46893311 0.02750778 -0.10282135
v -0.47259521 0.03635788 -0.08523560
v -0.47506714 0.02736282 -0.07238770
v -0.46084595 0.01876450 -0.09308624
v -0.45132446 0.01814270 -0.13679504
v -0.45547485 0.02723885 -0.16891479
v -0.44726562 0.00963593 -0.10658264
v -0.44961548 0.00283551 -0.05532455
v -0.43673706 0.00703621 -0.14299011
v -0.43582153 0.00119364 -0.11179352
v -0.43191528 -0.00764561 -0.07727051
v -0.41864014 -0.01250553 -0.11282349
v -0.42221069 -0.01941681 -0.05357742
v -0.40707397 -0.02936554 -0.06824493
v -0.41256714 -0.01414204 -0.13526917
v -0.38934326 -0.03834915 -0.10156250
v -0.38595581 -0.04553604 -0.07449341
v -0.38888550 -0.03346634 -0.13558960
v -0.38000488 -0.04507446 -0.10739136
v -0.37939453 -0.05306625 -0.06378174
v -0.37237549 -0.05181122 -0.10668945
v -0.37130737 -0.05695724 -0.08075714
v -0.37094116 -0.04934311 -0.12864685
v -0.39764404 -0.02082825 -0.16673279
v -0.36834717 -0.05749893 -0.09209442
v -0.36587524 -0.05752945 -0.10409546
v -0.37121582 -0.05751419 -0.07642365
v -0.37493896 -0.05731964 -0.06044388
v -0.35531616 -0.05753708 -0.10800934
v -0.36389160 -0.05746841 -0.11529541
v -0.32696533 -0.05753326 -0.07810974
v -0.36950684 -0.05753326 -0.04604340
v -0.36108398 -0.05749893 -0.12886047
v -0.32244873 -0.05753708 -0.17536926
v -0.26068115 -0.05753326 -0.10765839
v -0.25372314 -0.05753326 -0.17065430
v -0.35891724 -0.05747223 -0.14070129
v -0.34960938 -0.05749893 -0.16114807
v -0.36306763 -0.05223083 -0.15263367
v -0.35702515 -0.05749130 -0.15025330
v -0.37783813 -0.03884888 -0.15852356
v -0.35366821 -0.05065536 -0.16975403
v -0.33880615 -0.05746841 -0.17736816
v -0.32949829 -0.05749512 -0.19102478
v -0.31735229 -0.05747986 -0.20890808
v -0.33819580 -0.05185699 -0.19033813
v -0.34698486 -0.04507446 -0.19114685
v -0.31936646 -0.04629517 -0.22911072
v -0.37896729 -0.03244781 -0.16998291
v -0.38424683 -0.01988411 -0.18910217
v -0.34390259 -0.03035164 -0.22651672
v -0.33169556 -0.03869629 -0.22727966
v -0.36627197 -0.01489162 -0.22624207
v -0.39993286 -0.00809288 -0.19104004
v -0.41653442 -0.00433922 -0.17456055
v -0.39605713 -0.00194883 -0.20994568
v -0.39306641 0.00563097 -0.22991943
v -0.35769653 -0.01240826 -0.24424744
v -0.38192749 0.00641680 -0.24861145
v -0.39505005 0.01930237 -0.25631714
v -0.42971802 0.00733519 -0.17997742
v -0.41421509 0.00814152 -0.20484924
v -0.44174194 0.01810837 -0.18476868
v -0.41293335 0.02181053 -0.23512268
v -0.41073608 0.02704430 -0.24917603
v -0.39978027 0.02704620 -0.26516724
v -0.40243530 0.03796005 -0.26132202
v -0.42239380 0.02711868 -0.23196411
v -0.42340088 0.03586197 -0.23048401
v -0.43679810 0.02709198 -0.21083069
v -0.45260620 0.02744865 -0.18400574
v -0.45162964 0.03448486 -0.18885803
v -0.45376587 0.05152130 -0.17852783
v -0.45166016 0.05202103 -0.18879700
v -0.44454956 0.05122375 -0.19934082
v -0.44271851 0.05231476 -0.20112610
v -0.43096924 0.05192566 -0.21873474
v -0.42022705 0.05162811 -0.23490906
v -0.40963745 0.05141449 -0.25051880
v -0.41580200 0.05228424 -0.24060059
v -0.40808105 0.05313110 -0.24700928
v -0.38491821 0.05420685 -0.27206421
v -0.40600586 0.05220795 -0.25527954
v -0.39797974 0.05144882 -0.26779175
v -0.05432892 -0.03281021 -0.11754608
v -0.14926147 -0.03281021 -0.10212708
v -0.13819885 -0.03281021 -0.06125259
v -0.16625977 -0.03280640 -0.14202881
v -0.09238434 -0.03281021 -0.15998840
v -0.10588074 -0.03281021 -0.19462585
v -0.24128723 -0.03281021 -0.18519592
v -0.25082397 -0.03280258 -0.25088501
v -0.27917480 -0.03279877 -0.21456909
v -0.30612183 -0.03279495 -0.17247009
v -0.30142212 -0.03273773 -0.19396973
v -0.29583740 -0.03281021 -0.20202637
v -0.28982544 -0.03271103 -0.21092224
v -0.31307983 -0.02764511 -0.18611145
v -0.28436279 -0.03274918 -0.21923828
v -0.29409790 -0.01814270 -0.23294067
v -0.30902100 -0.01798439 -0.21112061
v -0.27618408 -0.03274918 -0.23149109
v -0.31997681 -0.00495958 -0.22050476
v -0.26501465 -0.03272629 -0.24806213
v -0.30691528 0.00846672 -0.26654053
v -0.33187866 0.00756550 -0.22799683
v -0.28894043 -0.01084232 -0.25531006
v -0.25524902 -0.03263474 -0.26171875
v -0.26052856 -0.02685547 -0.26553345
v -0.27069092 -0.01469898 -0.27478027
v -0.24676514 -0.01568985 -0.28988647
v -0.24513245 -0.03273392 -0.26831055
v -0.21502686 -0.03281403 -0.27239990
v -0.12983704 -0.03280640 -0.25445557
v -0.28381348 0.00217128 -0.28808594
v -0.29098511 0.01187992 -0.29614258
v -0.26406860 0.01157951 -0.31417847
v -0.31137085 0.03834915 -0.31677246
v -0.27273560 0.03023911 -0.33206177
v -0.22813416 0.02095032 -0.35009766
v -0.22015381 0.00722980 -0.33758545
v -0.20939636 -0.00703716 -0.32595825
v -0.19812012 -0.02621078 -0.30798340
v -0.22430420 -0.02763557 -0.28881836
v -0.21218872 -0.03270340 -0.29000854
v -0.23255920 -0.03267288 -0.27667236
v -0.22201538 -0.03268814 -0.28375244
v -0.20187378 -0.03264999 -0.29705811
v -0.19401550 -0.03272247 -0.30221558
v -0.22456360 0.04576874 -0.38467407
v -0.26593018 0.04176712 -0.35186768
v -0.29443359 0.05347824 -0.34863281
v -0.27151489 0.05782700 -0.36953735
v -0.24867249 0.05782700 -0.38458252
v -0.27963257 0.05630112 -0.37002563
v -0.28915405 0.05779266 -0.35781860
v -0.30938721 0.05762482 -0.34414673
v -0.33270264 0.05575180 -0.33828735
v -0.32699585 0.05785751 -0.33209229
v -0.33557129 0.05783844 -0.31948853
v -0.34054565 0.04338837 -0.28411865
v -0.27566528 0.05382919 -0.38592529
v -0.35086060 0.05780792 -0.29730225
v -0.35067749 0.05611420 -0.30874634
v -0.36303711 0.05783463 -0.27905273
v -0.33233643 0.02741241 -0.26507568
v -0.35632324 0.02748299 -0.22994995
v -0.36602783 0.04389954 -0.24722290
v -0.37554932 0.05786133 -0.26049805
v -0.39056396 0.05780029 -0.23822021
v -0.37945557 0.05591202 -0.26654053
v -0.35885620 0.05459213 -0.30853271
v -0.38491821 0.05420685 -0.27206421
v -0.40029907 0.05621338 -0.23463440
v -0.34347534 0.05187225 -0.34808350
v -0.36981201 0.05367661 -0.29763794
v -0.38299561 0.05193710 -0.28958130
v -0.39340210 0.05196381 -0.27392578
v -0.40808105 0.05313110 -0.24700928
v -0.40600586 0.05220795 -0.25527954
v -0.39797974 0.05144882 -0.26779175
v -0.40243530 0.03796005 -0.26132202
v -0.40963745 0.05141449 -0.25051880
v -0.38281250 0.04081345 -0.29043579
v -0.37078857 0.05202103 -0.30740356
v -0.35998535 0.05189133 -0.32345581
v -0.36569214 0.03966141 -0.31567383
v -0.35183716 0.05201340 -0.33599854
v -0.35617065 0.02716064 -0.32995605
v -0.36791992 0.02714729 -0.31234741
v -0.39251709 0.02807617 -0.27612305
v -0.39978027 0.02704620 -0.26516724
v -0.38073730 0.02741051 -0.29299927
v -0.39193726 0.02668381 -0.27609253
v -0.39505005 0.01930237 -0.25631714
v -0.37359619 0.02678680 -0.30340576
v -0.37423706 0.02140236 -0.29119873
v -0.34182739 0.00789738 -0.31036377
v -0.37109375 0.00756979 -0.26687622
v -0.38192749 0.00641680 -0.24861145
v -0.35293579 -0.00927353 -0.25759888
v -0.35769653 -0.01240826 -0.24424744
v -0.32739258 -0.01095295 -0.29119873
v -0.32177734 -0.03173065 -0.25585938
v -0.34390259 -0.03035164 -0.22651672
v -0.36627197 -0.01489162 -0.22624207
v -0.33169556 -0.03869629 -0.22727966
v -0.32171631 -0.02257919 -0.27511597
v -0.30895996 -0.03982162 -0.25784302
v -0.30264282 -0.03622437 -0.27444458
v -0.31936646 -0.04629517 -0.22911072
v -0.34698486 -0.04507446 -0.19114685
v -0.28262329 -0.04423523 -0.28698730
v -0.29400635 -0.03120422 -0.29803467
v -0.30349731 -0.01991272 -0.30758667
v -0.31478882 -0.00661802 -0.31942749
v -0.27508545 -0.01986885 -0.32669067
v -0.32717896 0.00761747 -0.33166504
v -0.27655029 -0.00596046 -0.34594727
v -0.24453735 -0.01730919 -0.35113525
v -0.27783203 0.00688219 -0.36337280
v -0.22143555 -0.00742483 -0.38064575
v -0.25314331 -0.03045464 -0.32641602
v -0.22532654 -0.02919579 -0.34704590
v -0.23982239 -0.04438400 -0.31518555
v -0.26504517 -0.04501724 -0.29760742
v -0.23410034 -0.05192184 -0.30865479
v -0.20297241 -0.05233383 -0.32913208
v -0.24807739 -0.05745316 -0.29141235
v -0.23236084 -0.05747604 -0.30172729
v -0.21801758 -0.05752182 -0.31137085
v -0.25912476 -0.05749130 -0.28387451
v -0.23451233 -0.05752945 -0.29028320
v -0.19908142 -0.05753708 -0.30703735
v -0.22674561 -0.05753326 -0.25027466
v -0.27182007 -0.05692673 -0.27633667
v -0.27224731 -0.05749893 -0.27380371
v -0.27755737 -0.05749512 -0.26666260
v -0.27770996 -0.05753326 -0.24581909
v -0.29803467 -0.04647446 -0.25949097
v -0.29550171 -0.05210114 -0.25183105
v -0.28616333 -0.05746078 -0.25427246
v -0.29431152 -0.05749512 -0.24240112
v -0.30364990 -0.05748749 -0.22874451
v -0.31735229 -0.05747986 -0.20890808
v -0.32244873 -0.05753708 -0.17536926
v -0.25372314 -0.05753326 -0.17065430
v -0.19964600 -0.05753708 -0.20475769
v -0.14140320 -0.05753326 -0.24162292
v -0.19949341 -0.05753326 -0.13919067
v -0.13182068 -0.05752945 -0.19760132
v -0.13554382 -0.05753326 -0.12241364
v -0.17973328 -0.05753326 -0.08300018
v -0.06889343 -0.05753326 -0.13603210
v -0.10646057 -0.05753326 -0.07203674
v -0.06167984 -0.05752945 -0.03096008
v -0.06167984 -0.05752945 -0.03096008
v -0.06889343 -0.05753326 -0.13603210
v 0.00366592 -0.05753326 -0.06051254
v 0.21267700 -0.03281403 -0.10970306
v 0.07896423 -0.03281021 -0.12838745
v 0.10772705 -0.03281021 -0.07051849
v 0.15213013 -0.03281021 -0.16558838
v 0.00366592 -0.05753326 -0.06051254
v -0.06889343 -0.05753326 -0.13603210
v 0.00721979 -0.05753326 -0.15896606
v -0.05049896 -0.05753326 -0.18038940
v 0.00921917 -0.05753326 -0.20646667
v -0.05479431 -0.05753326 -0.23933411
v 0.00221682 -0.05753326 -0.25363159
v -0.11992645 -0.05753326 -0.25885010
v 0.05670547 -0.05753326 -0.25137329
v -0.00625181 -0.05753326 -0.32473755
v -0.09690857 -0.05753326 -0.29928589
v 0.05858994 -0.05753326 -0.31280518
v -0.07926178 -0.05753708 -0.36148071
v 0.00629997 -0.05753708 -0.37322998
v 0.06803131 -0.05753326 -0.36422729
v 0.04424286 -0.05749130 -0.37710571
v 0.05906677 -0.05748367 -0.37423706
v 0.06392670 -0.05681610 -0.37466431
v 0.04632950 -0.05472565 -0.38040161
v 0.07787323 -0.04132080 -0.39080811
v 0.02879333 -0.05743408 -0.38027954
v 0.03068161 -0.04681396 -0.39279175
v 0.04769516 -0.02393532 -0.41754150
v -0.00018550 -0.03121948 -0.41772461
v -0.00005716 -0.04996872 -0.39505005
v -0.02858543 -0.05749130 -0.38027954
v -0.00022247 -0.05745697 -0.38580322
v -0.04984665 -0.05748367 -0.37606812
v -0.05561066 -0.05290985 -0.38076782
v -0.06602478 -0.05745697 -0.37338257
v -0.09327698 -0.05236435 -0.37454224
v -0.08892822 -0.05747604 -0.36904907
v -0.00353622 -0.03280640 -0.15000916
v -0.05432892 -0.03281021 -0.11754608
v -0.00026417 -0.03281403 -0.09702301
v -0.00353622 -0.03280640 -0.15000916
v -0.09238434 -0.03281021 -0.15998840
v -0.05432892 -0.03281021 -0.11754608
v -0.10588074 -0.03281021 -0.19462585
v 0.06681061 -0.03281021 -0.18971252
v 0.00075775 -0.03280640 -0.19726562
v -0.00353622 -0.03280640 -0.15000916
v -0.10588074 -0.03281021 -0.19462585
v -0.00623274 -0.03281403 -0.24258423
v 0.19697571 -0.03281021 -0.20256042
v 0.15213013 -0.03281021 -0.16558838
v 0.30630493 -0.03281403 -0.16349792
v 0.27841187 -0.03280640 -0.21165466
v 0.24586487 -0.03280640 -0.25619507
v 0.21484375 -0.03280640 -0.27609253
v 0.19963074 -0.03263855 -0.29849243
v 0.21090698 -0.03262329 -0.29098511
v 0.22001648 -0.03265381 -0.28509521
v 0.21183777 -0.02681160 -0.29821777
v 0.23132324 -0.03266907 -0.27743530
v 0.24822998 -0.02216148 -0.27999878
v 0.24418640 -0.03270340 -0.26870728
v 0.25503540 -0.03269958 -0.26141357
v 0.24610901 0.00583172 -0.31826782
v 0.22000122 0.00286484 -0.33169556
v 0.26208496 -0.02432823 -0.26773071
v 0.23669434 0.01907158 -0.34210205
v 0.26239014 -0.03269958 -0.25079346
v 0.27658081 -0.00655031 -0.28164673
v 0.29095459 0.03405762 -0.32461548
v 0.27374268 -0.03269958 -0.23445129
v 0.24179077 0.04530716 -0.37261963
v 0.28521729 -0.03271103 -0.21801758
v 0.28515625 -0.02600479 -0.23089600
v 0.29440308 -0.03271484 -0.20466614
v 0.30136108 -0.03268433 -0.19444275
v 0.28756714 -0.01681328 -0.24482727
v 0.31933594 -0.00631905 -0.21858215
v 0.30123901 -0.00451422 -0.24967957
v 0.33129883 0.00645351 -0.22604370
v 0.28686523 0.00674343 -0.29244995
v 0.31393433 0.00700331 -0.25344849
v 0.34613037 0.02158356 -0.23323059
v 0.35574341 0.03900909 -0.25265503
v 0.32244873 0.02997780 -0.28506470
v 0.29861450 0.02222061 -0.30435181
v 0.34265137 0.04693222 -0.28750610
v 0.31872559 0.04730606 -0.32373047
v 0.29116821 0.05786514 -0.35641479
v 0.36682129 0.05789566 -0.27319336
v 0.37557983 0.05788803 -0.26022339
v 0.37124634 0.05632019 -0.27691650
v 0.39642334 0.05606079 -0.24148560
v 0.35311890 0.05784988 -0.29394531
v 0.37863159 0.05444336 -0.28048706
v 0.38613892 0.05184174 -0.28469849
v 0.34121704 0.05791473 -0.31143188
v 0.34689331 0.05652237 -0.31155396
v 0.32748413 0.05783081 -0.33197021
v 0.31222534 0.05783844 -0.34240723
v 0.33117676 0.05630493 -0.33621216
v 0.31039429 0.05585861 -0.35186768
v 0.34033203 0.05345154 -0.34460449
v 0.35794067 0.05222702 -0.32678223
v 0.36459351 0.05247498 -0.31539917
v 0.37396240 0.05233383 -0.30194092
v 0.36853027 0.05143738 -0.31121826
v 0.37664795 0.05146408 -0.29919434
v 0.37915039 0.02722931 -0.29547119
v 0.40414429 0.02710724 -0.25851440
v 0.39724731 0.05181503 -0.26837158
v 0.38922119 0.02720261 -0.28063965
v 0.38357544 0.02234650 -0.27926636
v 0.36883545 0.02733231 -0.31063843
v 0.36697388 0.02246475 -0.30364990
v 0.37738037 0.00751257 -0.25708008
v 0.35775757 0.02720070 -0.32702637
v 0.36187744 0.00705957 -0.27868652
v 0.34426880 0.00783253 -0.30642700
v 0.34963989 -0.00918007 -0.26214600
v 0.36270142 -0.01004124 -0.24130249
v 0.34161377 -0.02873611 -0.23295593
v 0.32333374 -0.01126194 -0.29656982
v 0.33560181 -0.02027321 -0.25955200
v 0.32537842 -0.03741455 -0.23872375
v 0.32644653 0.00693130 -0.33105469
v 0.30612183 -0.04337311 -0.25418091
v 0.32058716 -0.05215836 -0.21467590
v 0.31185913 -0.02071571 -0.29284668
v 0.30310059 -0.01981735 -0.30758667
v 0.33514404 0.01702499 -0.33950806
v 0.30795288 -0.03443909 -0.27020264
v 0.29431152 -0.03071976 -0.29837036
v 0.28161621 -0.04532242 -0.28610229
v 0.27252197 -0.03350449 -0.30889893
v 0.30197144 0.00724649 -0.34793091
v 0.28701782 -0.00929356 -0.33410645
v 0.27142334 0.00720119 -0.36825562
v 0.25674438 -0.01752853 -0.34219360
v 0.23439026 -0.02540588 -0.34613037
v 0.23338318 -0.01136780 -0.36688232
v 0.23905945 -0.03823471 -0.32446289
v 0.25900269 0.00730038 -0.37655640
v 0.26296997 0.02031898 -0.39257812
v 0.29766846 0.02697754 -0.37878418
v 0.28182983 0.02705765 -0.38949585
v 0.26196289 0.02719307 -0.40286255
v 0.28848267 0.03491592 -0.38522339
v 0.25274658 0.05120087 -0.40905762
v 0.31790161 0.02715111 -0.36529541
v 0.34353638 0.02720642 -0.34811401
v 0.27676392 0.05177689 -0.39257812
v 0.26013184 0.05220795 -0.40344238
v 0.24412537 0.05399704 -0.40579224
v 0.29711914 0.05147552 -0.37942505
v 0.34362793 0.05197906 -0.34820557
v 0.32946777 0.05211258 -0.35763550
v 0.31588745 0.05212784 -0.36669922
v 0.29882812 0.05245590 -0.37725830
v 0.27746582 0.05545807 -0.37677002
v 0.25018311 0.05780411 -0.38351440
v 0.26757812 0.05790710 -0.37210083
v 0.21636963 -0.05753326 -0.15095520
v 0.15467834 -0.05753326 -0.16238403
v 0.21064758 -0.05753326 -0.20069885
v 0.17315674 -0.05753326 -0.24995422
v 0.30426025 -0.05753708 -0.19053650
v 0.29244995 -0.05754089 -0.22082520
v 0.26068115 -0.05753708 -0.25195312
v 0.30880737 -0.05752563 -0.21998596
v 0.22155762 -0.05753326 -0.29983521
v 0.30291748 -0.05748749 -0.22872925
v 0.30560303 -0.05683136 -0.22640991
v 0.31631470 -0.05706406 -0.21061707
v 0.29754639 -0.05748749 -0.23719788
v 0.29190063 -0.05750656 -0.24542236
v 0.28585815 -0.05749130 -0.25408936
v 0.27917480 -0.05751038 -0.26403809
v 0.27127075 -0.05747223 -0.27548218
v 0.25845337 -0.05749512 -0.28408813
v 0.24943542 -0.05748749 -0.29031372
v 0.25408936 -0.04911041 -0.29895020
v 0.21000671 -0.05160141 -0.32513428
v 0.23574829 -0.05747223 -0.29953003
v 0.22222900 -0.05750656 -0.30847168
v -0.06889343 -0.05753326 -0.13603210
v -0.13182068 -0.05752945 -0.19760132
v -0.05049896 -0.05753326 -0.18038940
v -0.05479431 -0.05753326 -0.23933411
v -0.14140320 -0.05753326 -0.24162292
v -0.11992645 -0.05753326 -0.25885010
v -0.22674561 -0.05753326 -0.25027466
v -0.19908142 -0.05753708 -0.30703735
v -0.20166016 -0.05746841 -0.32244873
v -0.21801758 -0.05752182 -0.31137085
v -0.19308472 -0.05751419 -0.32736206
v -0.16519165 -0.05753326 -0.33587646
v -0.09690857 -0.05753326 -0.29928589
v -0.14103699 -0.05752182 -0.35247803
v 0.00221682 -0.05753326 -0.25363159
v -0.12983704 -0.03280640 -0.25445557
v -0.25082397 -0.03280258 -0.25088501
v -0.10588074 -0.03281021 -0.19462585
v -0.00623274 -0.03281403 -0.24258423
v -0.07564545 -0.03281021 -0.29565430
v -0.17192078 -0.03280258 -0.30471802
v -0.21502686 -0.03281403 -0.27239990
v -0.19401550 -0.03272247 -0.30221558
v -0.13652039 -0.03280258 -0.32989502
v -0.18377686 -0.03267288 -0.30917358
v -0.04149246 -0.03279877 -0.34530640
v -0.19812012 -0.02621078 -0.30798340
v -0.20187378 -0.03264999 -0.29705811
v -0.21218872 -0.03270340 -0.29000854
v -0.17449951 -0.03264618 -0.31542969
v -0.16163635 -0.03270721 -0.32400513
v -0.16777039 -0.02928543 -0.32431030
v -0.14933777 -0.03269958 -0.33242798
v -0.15061951 -0.00678062 -0.36593628
v -0.20939636 -0.00703716 -0.32595825
v -0.13955688 -0.03269196 -0.33905029
v -0.11627197 -0.03270721 -0.34307861
v -0.09162903 -0.03263474 -0.34771729
v -0.11639404 -0.02723503 -0.34939575
v -0.06981659 -0.02667236 -0.35784912
v -0.10015106 -0.01788330 -0.36273193
v -0.08217621 -0.00414419 -0.38101196
v -0.11576080 0.00521088 -0.38552856
v -0.09274292 0.01246548 -0.39785767
v -0.18910217 0.00999928 -0.36160278
v -0.22015381 0.00722980 -0.33758545
v -0.15557861 0.00598431 -0.37939453
v -0.12312317 0.01827621 -0.39849854
v -0.08456421 0.04433823 -0.43490601
v -0.19723511 0.04366684 -0.40032959
v -0.22813416 0.02095032 -0.35009766
v -0.16246033 0.02442551 -0.39834595
v -0.17231750 0.04763794 -0.42221069
v -0.15660095 0.05781937 -0.43664551
v -0.12530518 0.05777359 -0.44247437
v -0.10582733 0.05772018 -0.44607544
v -0.10390472 0.05676270 -0.45071411
v -0.12718201 0.05545044 -0.45153809
v -0.08003998 0.05430222 -0.46502686
v -0.09321594 0.05324936 -0.46728516
v -0.17663574 0.05775070 -0.43292236
v -0.15200806 0.05418396 -0.45266724
v -0.09885406 0.05194092 -0.47033691
v -0.12012482 0.05225754 -0.46578979
v -0.14125061 0.05191040 -0.46218872
v -0.16441345 0.05179214 -0.45794678
v -0.18563843 0.05205154 -0.45404053
v -0.18411255 0.05337906 -0.44964600
v -0.19944763 0.05203629 -0.44479370
v -0.20631409 0.05414963 -0.43057251
v -0.21099854 0.05196762 -0.43676758
v -0.22727966 0.05195236 -0.42587280
v -0.19500732 0.05782700 -0.42065430
v -0.24513245 0.05419540 -0.40466309
v -0.24420166 0.05192947 -0.41458130
v -0.27566528 0.05382919 -0.38592529
v -0.26754761 0.05212021 -0.39913940
v -0.27963257 0.05630112 -0.37002563
v -0.22949219 0.05615997 -0.40478516
v -0.24867249 0.05782700 -0.38458252
v -0.22506714 0.05776596 -0.40045166
v -0.22456360 0.04576874 -0.38467407
v -0.26593018 0.04176712 -0.35186768
v -0.27273560 0.03023911 -0.33206177
v 0.00315356 -0.03281403 -0.29135132
v -0.00623274 -0.03281403 -0.24258423
v 0.09201813 -0.03281403 -0.26348877
v -0.07564545 -0.03281021 -0.29565430
v 0.04946518 -0.03280258 -0.34671021
v -0.04149246 -0.03279877 -0.34530640
v -0.00145471 -0.03279495 -0.35494995
v -0.07656097 -0.03267670 -0.35018921
v -0.09162903 -0.03263474 -0.34771729
v -0.06981659 -0.02667236 -0.35784912
v -0.05543900 -0.03268433 -0.35391235
v -0.03080177 -0.03265381 -0.35861206
v -0.03010368 -0.02834511 -0.36352539
v -0.04005814 -0.01696205 -0.37405396
v -0.01502323 -0.03263474 -0.36132812
v -0.00082570 -0.01924515 -0.37884521
v -0.05303955 -0.00631714 -0.38394165
v -0.08217621 -0.00414419 -0.38101196
v -0.00117815 -0.03261948 -0.36386108
v -0.09274292 0.01246548 -0.39785767
v 0.01019669 -0.03260803 -0.36206055
v 0.02606201 -0.03268051 -0.35913086
v 0.04010010 -0.02866364 -0.36138916
v 0.04332352 -0.03259659 -0.35607910
v 0.06120682 -0.03255844 -0.35287476
v 0.06772614 -0.02663422 -0.35861206
v 0.03503036 -0.01674652 -0.37530518
v 0.07985687 0.00297546 -0.38946533
v -0.00015804 -0.00756216 -0.39242554
v 0.03140259 0.00715446 -0.40307617
v 0.08428955 0.01659012 -0.40380859
v -0.00037578 0.00687933 -0.40875244
v 0.04521179 0.01924515 -0.41381836
v 0.08335876 0.04236603 -0.43292236
v -0.04582977 0.00691700 -0.40045166
v 0.02611160 0.03030396 -0.43002319
v 0.06013489 0.05770874 -0.45462036
v -0.00056213 0.01747131 -0.42047119
v -0.02894020 0.01774025 -0.41528320
v -0.05132294 0.01909256 -0.41287231
v -0.08456421 0.04433823 -0.43490601
v -0.03121758 0.04114914 -0.44140625
v -0.00042304 0.04155731 -0.44750977
v -0.05446625 0.03385925 -0.42858887
v -0.04341125 0.05777359 -0.45791626
v -0.00052100 0.05780411 -0.46621704
v 0.10410309 0.05780792 -0.44647217
v 0.07272339 0.05584335 -0.45944214
v 0.02920532 0.05566025 -0.46887207
v 0.07744598 0.05367661 -0.46792603
v -0.00035957 0.05632019 -0.47210693
v -0.07890320 0.05775833 -0.45108032
v -0.10582733 0.05772018 -0.44607544
v -0.10390472 0.05676270 -0.45071411
v -0.05637360 0.05597305 -0.46203613
v -0.08003998 0.05430222 -0.46502686
v -0.03120041 0.05215073 -0.48303223
v 0.00686979 0.05227280 -0.48779297
v -0.05494690 0.05197906 -0.47863770
v 0.03146744 0.05181503 -0.48327637
v -0.07849884 0.05205917 -0.47399902
v -0.09321594 0.05324936 -0.46728516
v -0.09885406 0.05194092 -0.47033691
v -0.05410004 0.02715492 -0.47912598
v -0.07089233 0.02708626 -0.47579956
v -0.10118103 0.02710724 -0.47006226
v -0.10194397 0.02101707 -0.46249390
v -0.03120995 0.02713966 -0.48355103
v -0.06588745 0.01928520 -0.46722412
v -0.02934837 0.02117348 -0.47698975
v 0.00006393 0.02712440 -0.48953247
v 0.01935387 0.02712250 -0.48580933
v 0.00015093 0.01015472 -0.46929932
v -0.07905579 0.00851917 -0.45184326
v -0.10186005 0.00575399 -0.44396973
v -0.05212021 0.00815582 -0.45642090
v -0.01663780 0.00930405 -0.46511841
v -0.07682800 -0.00194204 -0.43923950
v -0.09241486 -0.00800800 -0.42846680
v -0.02902031 -0.00417614 -0.44583130
v -0.05601883 -0.01981926 -0.42068481
v -0.09130096 -0.02119827 -0.41247559
v -0.06639099 -0.02869606 -0.40820312
v -0.11667633 -0.04055786 -0.38433838
v -0.05561066 -0.05290985 -0.38076782
v -0.02858543 -0.05749130 -0.38027954
v -0.02291298 -0.02825928 -0.41699219
v -0.00018550 -0.03121948 -0.41772461
v 0.00007427 -0.01865578 -0.43322754
v 0.04769516 -0.02393532 -0.41754150
v -0.00000363 -0.00763464 -0.44705200
v 0.03049088 -0.00752926 -0.44140625
v 0.02491951 0.00792122 -0.46163940
v 0.05535126 0.00613832 -0.45333862
v 0.04141235 0.02695656 -0.48147583
v 0.07445526 -0.00907040 -0.43090820
v 0.09786224 -0.03126526 -0.39929199
v 0.09133148 0.01000977 -0.45123291
v 0.08974457 0.02704430 -0.47222900
v 0.05120850 0.05194473 -0.47933960
v 0.06102371 0.02713203 -0.47781372
v 0.06902313 0.05139923 -0.47628784
v 0.09261322 0.05188370 -0.47171021
v 0.07487488 0.05229187 -0.47436523
v -0.21801758 -0.05752182 -0.31137085
v -0.23410034 -0.05192184 -0.30865479
v -0.20297241 -0.05233383 -0.32913208
v -0.20166016 -0.05746841 -0.32244873
v -0.19042969 -0.05690384 -0.33087158
v -0.19308472 -0.05751419 -0.32736206
v -0.17869568 -0.05750275 -0.33712769
v -0.16519165 -0.05753326 -0.33587646
v -0.17703247 -0.05685043 -0.33987427
v -0.16224670 -0.05748749 -0.34860229
v -0.17295837 -0.05041885 -0.35153198
v -0.14103699 -0.05752182 -0.35247803
v -0.20721436 -0.04578018 -0.33517456
v -0.23982239 -0.04438400 -0.31518555
v -0.19163513 -0.03770447 -0.35711670
v -0.22532654 -0.02919579 -0.34704590
v -0.24453735 -0.01730919 -0.35113525
v -0.14865112 -0.05747223 -0.35784912
v -0.15101624 -0.05199814 -0.36413574
v -0.13114929 -0.05743027 -0.36102295
v -0.11566162 -0.05747604 -0.36398315
v -0.07926178 -0.05753708 -0.36148071
v -0.09690857 -0.05753326 -0.29928589
v -0.08892822 -0.05747604 -0.36904907
v -0.09327698 -0.05236435 -0.37454224
v -0.14160156 -0.03929520 -0.38119507
v -0.11667633 -0.04055786 -0.38433838
v -0.05561066 -0.05290985 -0.38076782
v -0.15725708 -0.03764725 -0.38040161
v -0.12522888 -0.02100372 -0.40670776
v -0.09130096 -0.02119827 -0.41247559
v -0.06639099 -0.02869606 -0.40820312
v -0.13723755 -0.00724411 -0.42132568
v -0.09241486 -0.00800800 -0.42846680
v -0.10186005 0.00575399 -0.44396973
v -0.16479492 -0.01924133 -0.40155029
v -0.17149353 -0.00537634 -0.41729736
v -0.19015503 -0.02154160 -0.38131714
v -0.21624756 -0.02059364 -0.36511230
v -0.22143555 -0.00742483 -0.38064575
v -0.27655029 -0.00596046 -0.34594727
v -0.14216614 0.00710440 -0.43807983
v -0.14527893 0.02707481 -0.46166992
v -0.10194397 0.02101707 -0.46249390
v -0.17666626 0.00726223 -0.43167114
v -0.22047424 0.00532055 -0.39993286
v -0.25103760 0.00806046 -0.38342285
v -0.27783203 0.00688219 -0.36337280
v -0.18118286 0.01800156 -0.44396973
v -0.22872925 0.01938629 -0.41412354
v -0.25289917 0.02701378 -0.40902710
v -0.20544434 0.02696228 -0.44073486
v -0.26248169 0.02647400 -0.40194702
v -0.28305054 0.02702522 -0.38858032
v -0.26974487 0.02732658 -0.39779663
v -0.23634338 0.02718925 -0.42013550
v -0.25366211 0.05152130 -0.40856934
v -0.27767944 0.04403687 -0.39248657
v -0.26754761 0.05212021 -0.39913940
v -0.24420166 0.05192947 -0.41458130
v -0.22727966 0.05195236 -0.42587280
v -0.21099854 0.05196762 -0.43676758
v -0.19944763 0.05203629 -0.44479370
v -0.18563843 0.05205154 -0.45404053
v -0.18519592 0.02712059 -0.45416260
v -0.16871643 0.02716446 -0.45733643
v -0.16441345 0.05179214 -0.45794678
v -0.15429688 0.04023361 -0.45999146
v -0.14125061 0.05191040 -0.46218872
v -0.12424469 0.02729797 -0.46566772
v -0.10118103 0.02710724 -0.47006226
v -0.11447906 0.05145645 -0.46743774
v -0.12012482 0.05225754 -0.46578979
v -0.09885406 0.05194092 -0.47033691
v -0.34072876 0.02339172 -0.34509277
v -0.30432129 0.02137375 -0.36657715
v -0.25103760 0.00806046 -0.38342285
v -0.28305054 0.02702522 -0.38858032
v -0.29455566 0.02697372 -0.38110352
v -0.34390259 0.02711678 -0.34814453
v -0.32183838 0.02715874 -0.36291504
v -0.32614136 0.03972244 -0.36007690
v -0.32055664 0.05205154 -0.36331177
v -0.30569458 0.02710533 -0.37374878
v -0.30377197 0.05203629 -0.37451172
v -0.27767944 0.04403687 -0.39248657
v -0.26974487 0.02732658 -0.39779663
v -0.29238892 0.05217361 -0.38241577
v -0.28170776 0.05215454 -0.38943481
v -0.26754761 0.05212021 -0.39913940

# 2484 UV coordinates
vt 0.60180664 0.08154297 0.00000000
vt 0.59130859 0.08349609 0.00000000
vt 0.58984375 0.07885742 0.00000000
vt 0.59082031 0.08374023 0.00000000
vt 0.60302734 0.09082031 0.00000000
vt 0.59204102 0.09643555 0.00000000
vt 0.58837891 0.08349609 0.00000000
vt 0.60400391 0.10473633 0.00000000
vt 0.61499023 0.08007812 0.00000000
vt 0.59838867 0.06835938 0.00000000
vt 0.61035156 0.10083008 0.00000000
vt 0.59252930 0.10864258 0.00000000
vt 0.58911133 0.09594727 0.00000000
vt 0.59375000 0.12084961 0.00000000
vt 0.58886719 0.11230469 0.00000000
vt 0.60620117 0.11474609 0.00000000
vt 0.60986328 0.13012695 0.00000000
vt 0.61865234 0.13012695 0.00000000
vt 0.58740234 0.12255859 0.00000000
vt 0.58520508 0.13598633 0.00000000
vt 0.58398438 0.09667969 0.00000000
vt 0.58398438 0.12329102 0.00000000
vt 0.58007812 0.10083008 0.00000000
vt 0.57788086 0.08496094 0.00000000
vt 0.58178711 0.08300781 0.00000000
vt 0.58349609 0.05810547 0.00000000
vt 0.57641602 0.06420898 0.00000000
vt 0.55688477 0.04589844 0.00000000
vt 0.57397461 0.07006836 0.00000000
vt 0.55590820 0.07958984 0.00000000
vt 0.56958008 0.06079102 0.00000000
vt 0.56298828 0.05468750 0.00000000
vt 0.55908203 0.07055664 0.00000000
vt 0.56689453 0.06298828 0.00000000
vt 0.55371094 0.06567383 0.00000000
vt 0.54736328 0.05468750 0.00000000
vt 0.58691406 0.03613281 0.00000000
vt 0.58886719 0.04541016 0.00000000
vt 0.58691406 0.05541992 0.00000000
vt 0.60009766 0.04516602 0.00000000
vt 0.58740234 0.06494141 0.00000000
vt 0.59179688 0.06250000 0.00000000
vt 0.59912109 0.05590820 0.00000000
vt 0.60668945 0.04467773 0.00000000
vt 0.61547852 0.05590820 0.00000000
vt 0.61767578 0.04199219 0.00000000
vt 0.63037109 0.05834961 0.00000000
vt 0.62695312 0.03662109 0.00000000
vt 0.63549805 0.04638672 0.00000000
vt 0.62622070 0.06689453 0.00000000
vt 0.63769531 0.06469727 0.00000000
vt 0.64746094 0.05737305 0.00000000
vt 0.62622070 0.07983398 0.00000000
vt 0.63671875 0.07885742 0.00000000
vt 0.62573242 0.09350586 0.00000000
vt 0.64404297 0.07031250 0.00000000
vt 0.65820312 0.05346680 0.00000000
vt 0.65966797 0.04614258 0.00000000
vt 0.66918945 0.05053711 0.00000000
vt 0.66748047 0.05908203 0.00000000
vt 0.66796875 0.06201172 0.00000000
vt 0.67626953 0.04614258 0.00000000
vt 0.66503906 0.06567383 0.00000000
vt 0.65576172 0.07690430 0.00000000
vt 0.69458008 0.08300781 0.00000000
vt 0.66479492 0.07153320 0.00000000
vt 0.66601562 0.08178711 0.00000000
vt 0.66381836 0.07641602 0.00000000
vt 0.65942383 0.09008789 0.00000000
vt 0.64575195 0.07788086 0.00000000
vt 0.66894531 0.08740234 0.00000000
vt 0.63989258 0.08984375 0.00000000
vt 0.64941406 0.09252930 0.00000000
vt 0.66967773 0.09057617 0.00000000
vt 0.66308594 0.10107422 0.00000000
vt 0.63916016 0.10449219 0.00000000
vt 0.65161133 0.11303711 0.00000000
vt 0.64868164 0.11987305 0.00000000
vt 0.63549805 0.12719727 0.00000000
vt 0.62841797 0.12182617 0.00000000
vt 0.66503906 0.11401367 0.00000000
vt 0.62084961 0.10522461 0.00000000
vt 0.67309570 0.10498047 0.00000000
vt 0.66967773 0.11718750 0.00000000
vt 0.67602539 0.11254883 0.00000000
vt 0.67236328 0.09667969 0.00000000
vt 0.67382812 0.10229492 0.00000000
vt 0.67993164 0.11059570 0.00000000
vt 0.67260742 0.09350586 0.00000000
vt 0.71679688 0.80371094 0.00000000
vt 0.72875977 0.80419922 0.00000000
vt 0.73217773 0.81591797 0.00000000
vt 0.73559570 0.81689453 0.00000000
vt 0.71777344 0.81494141 0.00000000
vt 0.71044922 0.80493164 0.00000000
vt 0.73364258 0.83129883 0.00000000
vt 0.70483398 0.82714844 0.00000000
vt 0.71850586 0.82421875 0.00000000
vt 0.69677734 0.81005859 0.00000000
vt 0.69262695 0.82250977 0.00000000
vt 0.68603516 0.81762695 0.00000000
vt 0.70629883 0.83837891 0.00000000
vt 0.71948242 0.83349609 0.00000000
vt 0.67724609 0.83227539 0.00000000
vt 0.67407227 0.81176758 0.00000000
vt 0.69409180 0.83862305 0.00000000
vt 0.72070312 0.84497070 0.00000000
vt 0.70190430 0.85473633 0.00000000
vt 0.72070312 0.85229492 0.00000000
vt 0.72778320 0.85302734 0.00000000
vt 0.72094727 0.86059570 0.00000000
vt 0.73291016 0.83642578 0.00000000
vt 0.73681641 0.83862305 0.00000000
vt 0.73730469 0.85034180 0.00000000
vt 0.74414062 0.82348633 0.00000000
vt 0.74462891 0.79492188 0.00000000
vt 0.74536133 0.85205078 0.00000000
vt 0.73754883 0.85791016 0.00000000
vt 0.73754883 0.86889648 0.00000000
vt 0.74243164 0.87377930 0.00000000
vt 0.72827148 0.88037109 0.00000000
vt 0.74951172 0.89135742 0.00000000
vt 0.73681641 0.87939453 0.00000000
vt 0.73535156 0.88720703 0.00000000
vt 0.74121094 0.89990234 0.00000000
vt 0.73754883 0.90673828 0.00000000
vt 0.72802734 0.90332031 0.00000000
vt 0.72094727 0.90258789 0.00000000
vt 0.75268555 0.87207031 0.00000000
vt 0.75439453 0.89575195 0.00000000
vt 0.75146484 0.85180664 0.00000000
vt 0.76196289 0.87426758 0.00000000
vt 0.76123047 0.90209961 0.00000000
vt 0.71923828 0.88623047 0.00000000
vt 0.70581055 0.90454102 0.00000000
vt 0.71997070 0.87377930 0.00000000
vt 0.71020508 0.86450195 0.00000000
vt 0.70043945 0.88330078 0.00000000
vt 0.69580078 0.88867188 0.00000000
vt 0.69506836 0.87329102 0.00000000
vt 0.68408203 0.89477539 0.00000000
vt 0.69189453 0.85522461 0.00000000
vt 0.67651367 0.87451172 0.00000000
vt 0.67016602 0.90283203 0.00000000
vt 0.66137695 0.89501953 0.00000000
vt 0.68139648 0.85571289 0.00000000
vt 0.65771484 0.87915039 0.00000000
vt 0.64746094 0.89404297 0.00000000
vt 0.67016602 0.85620117 0.00000000
vt 0.66918945 0.84106445 0.00000000
vt 0.66259766 0.82641602 0.00000000
vt 0.65893555 0.80419922 0.00000000
vt 0.65112305 0.81884766 0.00000000
vt 0.65454102 0.86572266 0.00000000
vt 0.64990234 0.87475586 0.00000000
vt 0.63720703 0.88574219 0.00000000
vt 0.64038086 0.87402344 0.00000000
vt 0.63037109 0.88916016 0.00000000
vt 0.65771484 0.85424805 0.00000000
vt 0.64306641 0.86132812 0.00000000
vt 0.65625000 0.84130859 0.00000000
vt 0.64599609 0.85595703 0.00000000
vt 0.64453125 0.83569336 0.00000000
vt 0.63891602 0.85595703 0.00000000
vt 0.64135742 0.84545898 0.00000000
vt 0.63867188 0.82324219 0.00000000
vt 0.63989258 0.81542969 0.00000000
vt 0.63891602 0.83642578 0.00000000
vt 0.63842773 0.82910156 0.00000000
vt 0.63696289 0.82763672 0.00000000
vt 0.63232422 0.82836914 0.00000000
vt 0.59936523 0.86743164 0.00000000
vt 0.58251953 0.81469727 0.00000000
vt 0.58935547 0.88476562 0.00000000
vt 0.56616211 0.85131836 0.00000000
vt 0.54077148 0.87792969 0.00000000
vt 0.52685547 0.85083008 0.00000000
vt 0.49169922 0.85571289 0.00000000
vt 0.51220703 0.88256836 0.00000000
vt 0.00708008 0.33032227 0.00000000
vt 0.01708984 0.34472656 0.00000000
vt 0.00000000 0.34155273 0.00000000
vt 0.01831055 0.34887695 0.00000000
vt 0.02661133 0.32861328 0.00000000
vt 0.00927734 0.32104492 0.00000000
vt 0.03051758 0.34399414 0.00000000
vt 0.04492188 0.34277344 0.00000000
vt 0.02001953 0.30981445 0.00000000
vt 0.00170898 0.30883789 0.00000000
vt 0.00952148 0.30053711 0.00000000
vt 0.02587891 0.29589844 0.00000000
vt 0.00585938 0.28466797 0.00000000
vt 0.03881836 0.31933594 0.00000000
vt 0.05297852 0.30664062 0.00000000
vt 0.02368164 0.28369141 0.00000000
vt 0.00048828 0.27661133 0.00000000
vt 0.00463867 0.26025391 0.00000000
vt 0.01147461 0.25830078 0.00000000
vt 0.04516602 0.32739258 0.00000000
vt 0.05346680 0.32592773 0.00000000
vt 0.05712891 0.34057617 0.00000000
vt 0.06103516 0.32446289 0.00000000
vt 0.05883789 0.34350586 0.00000000
vt 0.06665039 0.33837891 0.00000000
vt 0.07421875 0.32226562 0.00000000
vt 0.08642578 0.31469727 0.00000000
vt 0.07934570 0.33642578 0.00000000
vt 0.08544922 0.32006836 0.00000000
vt 0.09228516 0.33325195 0.00000000
vt 0.09716797 0.32031250 0.00000000
vt 0.09985352 0.34082031 0.00000000
vt 0.10131836 0.33593750 0.00000000
vt 0.10791016 0.32128906 0.00000000
vt 0.10351562 0.33715820 0.00000000
vt 0.11767578 0.32519531 0.00000000
vt 0.11352539 0.33569336 0.00000000
vt 0.12524414 0.33715820 0.00000000
vt 0.11230469 0.31250000 0.00000000
vt 0.09667969 0.29833984 0.00000000
vt 0.11694336 0.30566406 0.00000000
vt 0.06860352 0.30200195 0.00000000
vt 0.09497070 0.28540039 0.00000000
vt 0.11254883 0.28344727 0.00000000
vt 0.05224609 0.29492188 0.00000000
vt 0.06811523 0.28784180 0.00000000
vt 0.05029297 0.28051758 0.00000000
vt 0.08129883 0.27319336 0.00000000
vt 0.10717773 0.26831055 0.00000000
vt 0.09277344 0.25854492 0.00000000
vt 0.06860352 0.26660156 0.00000000
vt 0.07348633 0.24926758 0.00000000
vt 0.09301758 0.24902344 0.00000000
vt 0.05664062 0.25903320 0.00000000
vt 0.08935547 0.23901367 0.00000000
vt 0.04638672 0.25878906 0.00000000
vt 0.03369141 0.25903320 0.00000000
vt 0.04492188 0.24755859 0.00000000
vt 0.05468750 0.24389648 0.00000000
vt 0.06298828 0.24072266 0.00000000
vt 0.03320312 0.24707031 0.00000000
vt 0.04321289 0.24340820 0.00000000
vt 0.02807617 0.24707031 0.00000000
vt 0.02001953 0.24682617 0.00000000
vt 0.00878906 0.24731445 0.00000000
vt 0.00634766 0.24169922 0.00000000
vt 0.03247070 0.21533203 0.00000000
vt 0.07275391 0.23608398 0.00000000
vt 0.08056641 0.23364258 0.00000000
vt 0.08862305 0.23266602 0.00000000
vt 0.07519531 0.22973633 0.00000000
vt 0.04150391 0.18432617 0.00000000
vt 0.00976562 0.16674805 0.00000000
vt 0.09106445 0.19140625 0.00000000
vt 0.02929688 0.15356445 0.00000000
vt 0.05761719 0.15795898 0.00000000
vt 0.02685547 0.35449219 0.00000000
vt 0.00415039 0.36157227 0.00000000
vt 0.02490234 0.36206055 0.00000000
vt 0.00561523 0.36645508 0.00000000
vt 0.04760742 0.35034180 0.00000000
vt 0.02221680 0.36743164 0.00000000
vt 0.04101562 0.35766602 0.00000000
vt 0.05688477 0.36474609 0.00000000
vt 0.05688477 0.35449219 0.00000000
vt 0.07080078 0.35131836 0.00000000
vt 0.06811523 0.35571289 0.00000000
vt 0.09448242 0.35058594 0.00000000
vt 0.12182617 0.35302734 0.00000000
vt 0.11694336 0.35717773 0.00000000
vt 0.07885742 0.35571289 0.00000000
vt 0.07519531 0.36889648 0.00000000
vt 0.09155273 0.35522461 0.00000000
vt 0.10253906 0.35498047 0.00000000
vt 0.10961914 0.35742188 0.00000000
vt 0.10131836 0.35620117 0.00000000
vt 0.10522461 0.36206055 0.00000000
vt 0.11914062 0.36206055 0.00000000
vt 0.10253906 0.37084961 0.00000000
vt 0.09375000 0.39013672 0.00000000
vt 0.11718750 0.39331055 0.00000000
vt 0.10083008 0.40185547 0.00000000
vt 0.05957031 0.38745117 0.00000000
vt 0.06176758 0.40014648 0.00000000
vt 0.07958984 0.41210938 0.00000000
vt 0.10424805 0.41333008 0.00000000
vt 0.03784180 0.40698242 0.00000000
vt 0.03369141 0.37890625 0.00000000
vt 0.01660156 0.38989258 0.00000000
vt 0.02221680 0.39428711 0.00000000
vt 0.03295898 0.39721680 0.00000000
vt 0.01123047 0.41040039 0.00000000
vt 0.06079102 0.41284180 0.00000000
vt 0.03881836 0.42114258 0.00000000
vt 0.02783203 0.43750000 0.00000000
vt 0.06567383 0.43408203 0.00000000
vt 0.04785156 0.42773438 0.00000000
vt 0.02709961 0.44995117 0.00000000
vt 0.05371094 0.44042969 0.00000000
vt 0.04638672 0.44555664 0.00000000
vt 0.04711914 0.44946289 0.00000000
vt 0.05908203 0.43725586 0.00000000
vt 0.06933594 0.44042969 0.00000000
vt 0.05761719 0.48071289 0.00000000
vt 0.07275391 0.43676758 0.00000000
vt 0.11230469 0.44653320 0.00000000
vt 0.08178711 0.50415039 0.00000000
vt 0.09448242 0.44409180 0.00000000
vt 0.10791016 0.43725586 0.00000000
vt 0.07250977 0.43505859 0.00000000
vt 0.08105469 0.43725586 0.00000000
vt 0.08911133 0.43554688 0.00000000
vt 0.10595703 0.43286133 0.00000000
vt 0.08715820 0.43798828 0.00000000
vt 0.09375000 0.43750000 0.00000000
vt 0.10156250 0.43725586 0.00000000
vt 0.37670898 0.04345703 0.00000000
vt 0.38842773 0.03955078 0.00000000
vt 0.38256836 0.05126953 0.00000000
vt 0.36181641 0.06250000 0.00000000
vt 0.39575195 0.04638672 0.00000000
vt 0.40673828 0.04028320 0.00000000
vt 0.42236328 0.03906250 0.00000000
vt 0.40551758 0.05297852 0.00000000
vt 0.38964844 0.06518555 0.00000000
vt 0.40771484 0.05371094 0.00000000
vt 0.35937500 0.07324219 0.00000000
vt 0.40722656 0.09204102 0.00000000
vt 0.33593750 0.05200195 0.00000000
vt 0.37377930 0.09814453 0.00000000
vt 0.33789062 0.06420898 0.00000000
vt 0.31347656 0.04101562 0.00000000
vt 0.35180664 0.07910156 0.00000000
vt 0.31054688 0.06127930 0.00000000
vt 0.32348633 0.08227539 0.00000000
vt 0.34692383 0.09106445 0.00000000
vt 0.36010742 0.11230469 0.00000000
vt 0.38134766 0.11401367 0.00000000
vt 0.33105469 0.09423828 0.00000000
vt 0.31445312 0.08740234 0.00000000
vt 0.31860352 0.09497070 0.00000000
vt 0.33740234 0.10351562 0.00000000
vt 0.34204102 0.09838867 0.00000000
vt 0.34887695 0.10961914 0.00000000
vt 0.35229492 0.12353516 0.00000000
vt 0.35449219 0.13989258 0.00000000
vt 0.35571289 0.13793945 0.00000000
vt 0.35839844 0.15112305 0.00000000
vt 0.75952148 0.80737305 0.00000000
vt 0.76757812 0.79125977 0.00000000
vt 0.75244141 0.82006836 0.00000000
vt 0.77514648 0.79956055 0.00000000
vt 0.74975586 0.83471680 0.00000000
vt 0.75659180 0.83129883 0.00000000
vt 0.78149414 0.81909180 0.00000000
vt 0.78491211 0.82666016 0.00000000
vt 0.79418945 0.80859375 0.00000000
vt 0.76318359 0.85180664 0.00000000
vt 0.77270508 0.85327148 0.00000000
vt 0.80126953 0.82421875 0.00000000
vt 0.81152344 0.80712891 0.00000000
vt 0.78198242 0.87939453 0.00000000
vt 0.78320312 0.89990234 0.00000000
vt 0.79736328 0.89038086 0.00000000
vt 0.78979492 0.84008789 0.00000000
vt 0.78979492 0.85546875 0.00000000
vt 0.79980469 0.85620117 0.00000000
vt 0.80859375 0.89331055 0.00000000
vt 0.80810547 0.82934570 0.00000000
vt 0.82592773 0.81835938 0.00000000
vt 0.81738281 0.84375000 0.00000000
vt 0.83447266 0.82739258 0.00000000
vt 0.81372070 0.85961914 0.00000000
vt 0.83007812 0.83837891 0.00000000
vt 0.84277344 0.82568359 0.00000000
vt 0.85888672 0.85205078 0.00000000
vt 0.82495117 0.85107422 0.00000000
vt 0.82958984 0.86425781 0.00000000
vt 0.82397461 0.85986328 0.00000000
vt 0.82568359 0.86694336 0.00000000
vt 0.82519531 0.88281250 0.00000000
vt 0.83007812 0.89697266 0.00000000
vt 0.82861328 0.88598633 0.00000000
vt 0.82763672 0.87719727 0.00000000
vt 0.83520508 0.89428711 0.00000000
vt 0.86035156 0.90576172 0.00000000
vt 0.90356445 0.85302734 0.00000000
vt 0.90869141 0.89624023 0.00000000
vt 0.72656250 0.23193359 0.00000000
vt 0.70996094 0.23730469 0.00000000
vt 0.70800781 0.22167969 0.00000000
vt 0.70361328 0.23632812 0.00000000
vt 0.69238281 0.21679688 0.00000000
vt 0.69482422 0.23388672 0.00000000
vt 0.68823242 0.24047852 0.00000000
vt 0.69335938 0.20361328 0.00000000
vt 0.68237305 0.21142578 0.00000000
vt 0.67773438 0.24877930 0.00000000
vt 0.70800781 0.20678711 0.00000000
vt 0.72583008 0.20263672 0.00000000
vt 0.70703125 0.19262695 0.00000000
vt 0.69238281 0.19067383 0.00000000
vt 0.68969727 0.18603516 0.00000000
vt 0.69213867 0.18530273 0.00000000
vt 0.72387695 0.18505859 0.00000000
vt 0.68188477 0.18603516 0.00000000
vt 0.73266602 0.20214844 0.00000000
vt 0.70605469 0.18530273 0.00000000
vt 0.69140625 0.17529297 0.00000000
vt 0.69799805 0.16943359 0.00000000
vt 0.70605469 0.17480469 0.00000000
vt 0.70703125 0.16357422 0.00000000
vt 0.72583008 0.16162109 0.00000000
vt 0.73120117 0.18432617 0.00000000
vt 0.71679688 0.14184570 0.00000000
vt 0.72851562 0.13720703 0.00000000
vt 0.73413086 0.15185547 0.00000000
vt 0.73657227 0.13891602 0.00000000
vt 0.74218750 0.15869141 0.00000000
vt 0.70751953 0.15258789 0.00000000
vt 0.70825195 0.13842773 0.00000000
vt 0.71582031 0.12646484 0.00000000
vt 0.69921875 0.13793945 0.00000000
vt 0.74780273 0.15161133 0.00000000
vt 0.75610352 0.13647461 0.00000000
vt 0.74121094 0.17651367 0.00000000
vt 0.75561523 0.14965820 0.00000000
vt 0.76879883 0.14257812 0.00000000
vt 0.75561523 0.16259766 0.00000000
vt 0.77343750 0.16137695 0.00000000
vt 0.77832031 0.14282227 0.00000000
vt 0.76220703 0.17578125 0.00000000
vt 0.74096680 0.18579102 0.00000000
vt 0.75048828 0.18579102 0.00000000
vt 0.74560547 0.21411133 0.00000000
vt 0.73999023 0.24633789 0.00000000
vt 0.74877930 0.23803711 0.00000000
vt 0.75561523 0.22314453 0.00000000
vt 0.76855469 0.18505859 0.00000000
vt 0.75341797 0.20288086 0.00000000
vt 0.75659180 0.19067383 0.00000000
vt 0.76513672 0.20556641 0.00000000
vt 0.76611328 0.22802734 0.00000000
vt 0.78198242 0.22607422 0.00000000
vt 0.77807617 0.16699219 0.00000000
vt 0.77758789 0.20410156 0.00000000
vt 0.79052734 0.14746094 0.00000000
vt 0.78808594 0.13940430 0.00000000
vt 0.78881836 0.15502930 0.00000000
vt 0.79882812 0.14208984 0.00000000
vt 0.78833008 0.16430664 0.00000000
vt 0.79028320 0.17846680 0.00000000
vt 0.78710938 0.17114258 0.00000000
vt 0.83007812 0.16137695 0.00000000
vt 0.78613281 0.17724609 0.00000000
vt 0.78271484 0.18505859 0.00000000
vt 0.78417969 0.18505859 0.00000000
vt 0.78466797 0.18896484 0.00000000
vt 0.78564453 0.19531250 0.00000000
vt 0.78735352 0.20214844 0.00000000
vt 0.78857422 0.20312500 0.00000000
vt 0.78979492 0.21020508 0.00000000
vt 0.79150391 0.21923828 0.00000000
vt 0.79370117 0.22973633 0.00000000
vt 0.79858398 0.22485352 0.00000000
vt 0.84619141 0.21264648 0.00000000
vt 0.87060547 0.18041992 0.00000000
vt 0.86230469 0.15454102 0.00000000
vt 0.90039062 0.20410156 0.00000000
vt 0.92456055 0.19506836 0.00000000
vt 0.92602539 0.15673828 0.00000000
vt 0.83813477 0.42016602 0.00000000
vt 0.83593750 0.42529297 0.00000000
vt 0.82666016 0.41577148 0.00000000
vt 0.83203125 0.41137695 0.00000000
vt 0.84838867 0.42187500 0.00000000
vt 0.85815430 0.42285156 0.00000000
vt 0.86230469 0.41552734 0.00000000
vt 0.86376953 0.40380859 0.00000000
vt 0.83959961 0.40234375 0.00000000
vt 0.82397461 0.39257812 0.00000000
vt 0.84765625 0.39599609 0.00000000
vt 0.83129883 0.37963867 0.00000000
vt 0.84545898 0.38696289 0.00000000
vt 0.86132812 0.38989258 0.00000000
vt 0.85571289 0.38085938 0.00000000
vt 0.84130859 0.36889648 0.00000000
vt 0.87622070 0.38427734 0.00000000
vt 0.86206055 0.36889648 0.00000000
vt 0.84497070 0.36083984 0.00000000
vt 0.85986328 0.35620117 0.00000000
vt 0.84667969 0.35156250 0.00000000
vt 0.87915039 0.36254883 0.00000000
vt 0.85986328 0.34765625 0.00000000
vt 0.84741211 0.34399414 0.00000000
vt 0.84252930 0.33471680 0.00000000
vt 0.87280273 0.32080078 0.00000000
vt 0.87158203 0.35278320 0.00000000
vt 0.89233398 0.34399414 0.00000000
vt 0.88061523 0.35351562 0.00000000
vt 0.89013672 0.35131836 0.00000000
vt 0.87670898 0.37475586 0.00000000
vt 0.89624023 0.35913086 0.00000000
vt 0.89941406 0.34838867 0.00000000
vt 0.89331055 0.37939453 0.00000000
vt 0.89233398 0.38793945 0.00000000
vt 0.88134766 0.39526367 0.00000000
vt 0.90942383 0.37695312 0.00000000
vt 0.91259766 0.38720703 0.00000000
vt 0.92626953 0.37597656 0.00000000
vt 0.92871094 0.38916016 0.00000000
vt 0.92138672 0.39404297 0.00000000
vt 0.91479492 0.36352539 0.00000000
vt 0.93261719 0.36474609 0.00000000
vt 0.92724609 0.35351562 0.00000000
vt 0.91430664 0.35400391 0.00000000
vt 0.89624023 0.40478516 0.00000000
vt 0.92285156 0.40600586 0.00000000
vt 0.87524414 0.40820312 0.00000000
vt 0.91748047 0.41552734 0.00000000
vt 0.93676758 0.41381836 0.00000000
vt 0.92602539 0.42358398 0.00000000
vt 0.90795898 0.42309570 0.00000000
vt 0.89599609 0.42285156 0.00000000
vt 0.92382812 0.43017578 0.00000000
vt 0.88476562 0.42382812 0.00000000
vt 0.86621094 0.42333984 0.00000000
vt 0.89013672 0.42749023 0.00000000
vt 0.87402344 0.42431641 0.00000000
vt 0.88354492 0.43847656 0.00000000
vt 0.87231445 0.43847656 0.00000000
vt 0.86474609 0.43847656 0.00000000
vt 0.87084961 0.44506836 0.00000000
vt 0.85498047 0.43798828 0.00000000
vt 0.84252930 0.43652344 0.00000000
vt 0.83056641 0.43139648 0.00000000
vt 0.84057617 0.44262695 0.00000000
vt 0.83789062 0.44921875 0.00000000
vt 0.81640625 0.44360352 0.00000000
vt 0.85644531 0.44897461 0.00000000
vt 0.84594727 0.45385742 0.00000000
vt 0.83349609 0.44946289 0.00000000
vt 0.83666992 0.45214844 0.00000000
vt 0.82666016 0.44799805 0.00000000
vt 0.85327148 0.45385742 0.00000000
vt 0.85327148 0.46459961 0.00000000
vt 0.82275391 0.46508789 0.00000000
vt 0.82153320 0.47534180 0.00000000
vt 0.87011719 0.45312500 0.00000000
vt 0.84301758 0.48925781 0.00000000
vt 0.85717773 0.48559570 0.00000000
vt 0.86572266 0.49414062 0.00000000
vt 0.83276367 0.50488281 0.00000000
vt 0.83862305 0.51513672 0.00000000
vt 0.87207031 0.47167969 0.00000000
vt 0.87426758 0.50732422 0.00000000
vt 0.87500000 0.49096680 0.00000000
vt 0.86035156 0.52734375 0.00000000
vt 0.84106445 0.53344727 0.00000000
vt 0.84838867 0.53710938 0.00000000
vt 0.85449219 0.53515625 0.00000000
vt 0.85620117 0.54077148 0.00000000
vt 0.85766602 0.53417969 0.00000000
vt 0.86352539 0.53295898 0.00000000
vt 0.86889648 0.53100586 0.00000000
vt 0.87304688 0.52856445 0.00000000
vt 0.87866211 0.53393555 0.00000000
vt 0.87548828 0.51635742 0.00000000
vt 0.87744141 0.52661133 0.00000000
vt 0.89257812 0.50732422 0.00000000
vt 0.88964844 0.52270508 0.00000000
vt 0.88256836 0.52807617 0.00000000
vt 0.88916016 0.52954102 0.00000000
vt 0.89379883 0.53100586 0.00000000
vt 0.91040039 0.51464844 0.00000000
vt 0.91137695 0.52709961 0.00000000
vt 0.90747070 0.49975586 0.00000000
vt 0.91772461 0.52368164 0.00000000
vt 0.91479492 0.48779297 0.00000000
vt 0.92456055 0.49316406 0.00000000
vt 0.91088867 0.47338867 0.00000000
vt 0.93383789 0.46923828 0.00000000
vt 0.92602539 0.45239258 0.00000000
vt 0.88281250 0.46728516 0.00000000
vt 0.89794922 0.45556641 0.00000000
vt 0.88061523 0.45483398 0.00000000
vt 0.90625000 0.44970703 0.00000000
vt 0.88647461 0.45043945 0.00000000
vt 0.92968750 0.44970703 0.00000000
vt 0.89013672 0.43969727 0.00000000
vt 0.90649414 0.43945312 0.00000000
vt 0.89453125 0.43823242 0.00000000
vt 0.90405273 0.43823242 0.00000000
vt 0.91601562 0.44042969 0.00000000
vt 0.92675781 0.43774414 0.00000000
vt 0.93188477 0.43359375 0.00000000
vt 0.67333984 0.24340820 0.00000000
vt 0.67504883 0.22094727 0.00000000
vt 0.66772461 0.23413086 0.00000000
vt 0.67773438 0.19946289 0.00000000
vt 0.66284180 0.20996094 0.00000000
vt 0.64379883 0.22973633 0.00000000
vt 0.67822266 0.18579102 0.00000000
vt 0.67333984 0.18603516 0.00000000
vt 0.65600586 0.18676758 0.00000000
vt 0.67724609 0.16430664 0.00000000
vt 0.64819336 0.17089844 0.00000000
vt 0.63012695 0.20385742 0.00000000
vt 0.62524414 0.23535156 0.00000000
vt 0.63354492 0.18359375 0.00000000
vt 0.61889648 0.20190430 0.00000000
vt 0.61303711 0.23193359 0.00000000
vt 0.61718750 0.18237305 0.00000000
vt 0.60986328 0.20361328 0.00000000
vt 0.59033203 0.22192383 0.00000000
vt 0.59912109 0.19848633 0.00000000
vt 0.59326172 0.20751953 0.00000000
vt 0.58398438 0.22241211 0.00000000
vt 0.59570312 0.19360352 0.00000000
vt 0.59082031 0.19433594 0.00000000
vt 0.56762695 0.20239258 0.00000000
vt 0.59863281 0.18017578 0.00000000
vt 0.59741211 0.17041016 0.00000000
vt 0.60937500 0.16479492 0.00000000
vt 0.62084961 0.15966797 0.00000000
vt 0.59912109 0.14941406 0.00000000
vt 0.59423828 0.16162109 0.00000000
vt 0.60400391 0.14477539 0.00000000
vt 0.61352539 0.13549805 0.00000000
vt 0.63232422 0.15429688 0.00000000
vt 0.66552734 0.14501953 0.00000000
vt 0.64770508 0.13110352 0.00000000
vt 0.67700195 0.14721680 0.00000000
vt 0.67797852 0.12963867 0.00000000
vt 0.68383789 0.13330078 0.00000000
vt 0.68212891 0.15307617 0.00000000
vt 0.69189453 0.14404297 0.00000000
vt 0.69238281 0.13183594 0.00000000
vt 0.69116211 0.15771484 0.00000000
vt 0.92114258 0.20336914 0.00000000
vt 0.89575195 0.24047852 0.00000000
vt 0.90234375 0.21362305 0.00000000
vt 0.93530273 0.24462891 0.00000000
vt 0.96069336 0.21875000 0.00000000
vt 0.95922852 0.19238281 0.00000000
vt 0.98217773 0.23706055 0.00000000
vt 0.94824219 0.26196289 0.00000000
vt 0.91137695 0.28271484 0.00000000
vt 0.95849609 0.28710938 0.00000000
vt 0.98901367 0.25659180 0.00000000
vt 0.96093750 0.66357422 0.00000000
vt 0.92773438 0.69848633 0.00000000
vt 0.93920898 0.65722656 0.00000000
vt 0.99414062 0.63818359 0.00000000
vt 0.99267578 0.66748047 0.00000000
vt 0.94750977 0.63354492 0.00000000
vt 0.91137695 0.64721680 0.00000000
vt 0.92431641 0.61645508 0.00000000
vt 0.95898438 0.60522461 0.00000000
vt 0.94482422 0.59008789 0.00000000
vt 0.91259766 0.59033203 0.00000000
vt 0.28564453 0.31909180 0.00000000
vt 0.30639648 0.32568359 0.00000000
vt 0.30175781 0.33642578 0.00000000
vt 0.28857422 0.29614258 0.00000000
vt 0.26293945 0.31201172 0.00000000
vt 0.25659180 0.30151367 0.00000000
vt 0.26660156 0.33447266 0.00000000
vt 0.28833008 0.34130859 0.00000000
vt 0.24047852 0.30517578 0.00000000
vt 0.26440430 0.34667969 0.00000000
vt 0.28710938 0.35278320 0.00000000
vt 0.24902344 0.32885742 0.00000000
vt 0.27612305 0.35742188 0.00000000
vt 0.23168945 0.32348633 0.00000000
vt 0.24877930 0.34790039 0.00000000
vt 0.24316406 0.33911133 0.00000000
vt 0.21508789 0.32177734 0.00000000
vt 0.23022461 0.34228516 0.00000000
vt 0.24511719 0.34887695 0.00000000
vt 0.25732422 0.38598633 0.00000000
vt 0.29785156 0.37768555 0.00000000
vt 0.21362305 0.33178711 0.00000000
vt 0.22265625 0.34057617 0.00000000
vt 0.23413086 0.37475586 0.00000000
vt 0.24414062 0.40966797 0.00000000
vt 0.29223633 0.42456055 0.00000000
vt 0.20776367 0.36962891 0.00000000
vt 0.20483398 0.38940430 0.00000000
vt 0.21264648 0.33691406 0.00000000
vt 0.20996094 0.35400391 0.00000000
vt 0.19018555 0.37304688 0.00000000
vt 0.19140625 0.34936523 0.00000000
vt 0.18725586 0.33862305 0.00000000
vt 0.18017578 0.38427734 0.00000000
vt 0.16455078 0.37426758 0.00000000
vt 0.16967773 0.39819336 0.00000000
vt 0.17309570 0.33984375 0.00000000
vt 0.15747070 0.33642578 0.00000000
vt 0.18310547 0.32885742 0.00000000
vt 0.14770508 0.34155273 0.00000000
vt 0.12670898 0.34277344 0.00000000
vt 0.14624023 0.34863281 0.00000000
vt 0.13867188 0.36352539 0.00000000
vt 0.13232422 0.37792969 0.00000000
vt 0.14453125 0.39941406 0.00000000
vt 0.13598633 0.41284180 0.00000000
vt 0.15844727 0.41552734 0.00000000
vt 0.12158203 0.42626953 0.00000000
vt 0.16992188 0.42626953 0.00000000
vt 0.12573242 0.43725586 0.00000000
vt 0.17797852 0.41430664 0.00000000
vt 0.20336914 0.39819336 0.00000000
vt 0.20043945 0.41333008 0.00000000
vt 0.21752930 0.41845703 0.00000000
vt 0.25805664 0.43920898 0.00000000
vt 0.19799805 0.43212891 0.00000000
vt 0.22851562 0.44238281 0.00000000
vt 0.26586914 0.45556641 0.00000000
vt 0.24169922 0.45971680 0.00000000
vt 0.22021484 0.45312500 0.00000000
vt 0.23266602 0.46533203 0.00000000
vt 0.25830078 0.46484375 0.00000000
vt 0.20312500 0.44775391 0.00000000
vt 0.24707031 0.52783203 0.00000000
vt 0.21923828 0.55737305 0.00000000
vt 0.15893555 0.46289062 0.00000000
vt 0.19555664 0.44531250 0.00000000
vt 0.17285156 0.44506836 0.00000000
vt 0.14550781 0.44482422 0.00000000
vt 0.12817383 0.44482422 0.00000000
vt 0.16723633 0.44018555 0.00000000
vt 0.38818359 0.92968750 0.00000000
vt 0.39501953 0.93286133 0.00000000
vt 0.38745117 0.93823242 0.00000000
vt 0.39672852 0.91137695 0.00000000
vt 0.39941406 0.92431641 0.00000000
vt 0.39843750 0.93847656 0.00000000
vt 0.41186523 0.91870117 0.00000000
vt 0.41259766 0.93017578 0.00000000
vt 0.40014648 0.91186523 0.00000000
vt 0.42480469 0.91870117 0.00000000
vt 0.41064453 0.89843750 0.00000000
vt 0.40136719 0.89672852 0.00000000
vt 0.43627930 0.92944336 0.00000000
vt 0.42626953 0.94360352 0.00000000
vt 0.42065430 0.90063477 0.00000000
vt 0.43627930 0.90405273 0.00000000
vt 0.41503906 0.89379883 0.00000000
vt 0.42578125 0.88598633 0.00000000
vt 0.44165039 0.88989258 0.00000000
vt 0.44873047 0.90673828 0.00000000
vt 0.43432617 0.95581055 0.00000000
vt 0.44531250 0.91894531 0.00000000
vt 0.42651367 0.87646484 0.00000000
vt 0.40649414 0.88623047 0.00000000
vt 0.39575195 0.89575195 0.00000000
vt 0.41455078 0.87011719 0.00000000
vt 0.40966797 0.87524414 0.00000000
vt 0.41821289 0.86279297 0.00000000
vt 0.43408203 0.86352539 0.00000000
vt 0.43554688 0.84838867 0.00000000
vt 0.44653320 0.87353516 0.00000000
vt 0.44848633 0.86621094 0.00000000
vt 0.46289062 0.86108398 0.00000000
vt 0.45947266 0.87182617 0.00000000
vt 0.41821289 0.85791016 0.00000000
vt 0.42358398 0.85156250 0.00000000
vt 0.40673828 0.86596680 0.00000000
vt 0.46118164 0.88818359 0.00000000
vt 0.47338867 0.85815430 0.00000000
vt 0.47314453 0.88232422 0.00000000
vt 0.40795898 0.85791016 0.00000000
vt 0.39990234 0.88305664 0.00000000
vt 0.40405273 0.86596680 0.00000000
vt 0.40454102 0.85058594 0.00000000
vt 0.41333008 0.84790039 0.00000000
vt 0.39819336 0.86010742 0.00000000
vt 0.40112305 0.87231445 0.00000000
vt 0.39648438 0.88159180 0.00000000
vt 0.39038086 0.87744141 0.00000000
vt 0.39282227 0.88916016 0.00000000
vt 0.39770508 0.85278320 0.00000000
vt 0.40258789 0.84326172 0.00000000
vt 0.38964844 0.84643555 0.00000000
vt 0.39086914 0.86547852 0.00000000
vt 0.37231445 0.87402344 0.00000000
vt 0.38354492 0.88110352 0.00000000
vt 0.37963867 0.88867188 0.00000000
vt 0.35888672 0.87939453 0.00000000
vt 0.35327148 0.86572266 0.00000000
vt 0.34570312 0.85229492 0.00000000
vt 0.34130859 0.86694336 0.00000000
vt 0.33544922 0.85131836 0.00000000
vt 0.35229492 0.87939453 0.00000000
vt 0.36303711 0.89453125 0.00000000
vt 0.32861328 0.87915039 0.00000000
vt 0.31982422 0.86181641 0.00000000
vt 0.30834961 0.85839844 0.00000000
vt 0.30615234 0.86645508 0.00000000
vt 0.30541992 0.86596680 0.00000000
vt 0.30371094 0.85888672 0.00000000
vt 0.33251953 0.88476562 0.00000000
vt 0.31933594 0.88305664 0.00000000
vt 0.34643555 0.88427734 0.00000000
vt 0.34082031 0.89697266 0.00000000
vt 0.35107422 0.89599609 0.00000000
vt 0.30761719 0.87207031 0.00000000
vt 0.29907227 0.87133789 0.00000000
vt 0.30297852 0.85888672 0.00000000
vt 0.31030273 0.88208008 0.00000000
vt 0.30712891 0.90502930 0.00000000
vt 0.31494141 0.89965820 0.00000000
vt 0.32446289 0.89892578 0.00000000
vt 0.31469727 0.90722656 0.00000000
vt 0.32690430 0.91137695 0.00000000
vt 0.31835938 0.91186523 0.00000000
vt 0.31420898 0.91650391 0.00000000
vt 0.31420898 0.92504883 0.00000000
vt 0.34326172 0.91113281 0.00000000
vt 0.33081055 0.92700195 0.00000000
vt 0.31958008 0.93164062 0.00000000
vt 0.33813477 0.93505859 0.00000000
vt 0.31396484 0.93212891 0.00000000
vt 0.31323242 0.93115234 0.00000000
vt 0.31372070 0.92309570 0.00000000
vt 0.30981445 0.93408203 0.00000000
vt 0.27221680 0.91918945 0.00000000
vt 0.26733398 0.88452148 0.00000000
vt 0.24658203 0.90722656 0.00000000
vt 0.26074219 0.94653320 0.00000000
vt 0.21704102 0.89843750 0.00000000
vt 0.22729492 0.86376953 0.00000000
vt 0.21997070 0.93334961 0.00000000
vt 0.18408203 0.90087891 0.00000000
vt 0.20117188 0.87573242 0.00000000
vt 0.30908203 0.30053711 0.00000000
vt 0.31469727 0.31640625 0.00000000
vt 0.27514648 0.28149414 0.00000000
vt 0.31347656 0.29101562 0.00000000
vt 0.24707031 0.28173828 0.00000000
vt 0.28442383 0.27368164 0.00000000
vt 0.22583008 0.29052734 0.00000000
vt 0.28955078 0.25000000 0.00000000
vt 0.31494141 0.26391602 0.00000000
vt 0.25683594 0.26025391 0.00000000
vt 0.23925781 0.26440430 0.00000000
vt 0.26928711 0.25415039 0.00000000
vt 0.24755859 0.24877930 0.00000000
vt 0.26367188 0.23681641 0.00000000
vt 0.29785156 0.23876953 0.00000000
vt 0.32763672 0.24975586 0.00000000
vt 0.28466797 0.22705078 0.00000000
vt 0.30688477 0.22875977 0.00000000
vt 0.32983398 0.23706055 0.00000000
vt 0.31835938 0.21899414 0.00000000
vt 0.32690430 0.22167969 0.00000000
vt 0.32519531 0.21972656 0.00000000
vt 0.33764648 0.22436523 0.00000000
vt 0.32690430 0.21435547 0.00000000
vt 0.31494141 0.21655273 0.00000000
vt 0.31152344 0.21679688 0.00000000
vt 0.29711914 0.21215820 0.00000000
vt 0.30590820 0.21386719 0.00000000
vt 0.29809570 0.21142578 0.00000000
vt 0.29418945 0.20434570 0.00000000
vt 0.28808594 0.20874023 0.00000000
vt 0.36035156 0.17138672 0.00000000
vt 0.33837891 0.12719727 0.00000000
vt 0.28247070 0.12646484 0.00000000
vt 0.25708008 0.18774414 0.00000000
vt 0.27661133 0.20458984 0.00000000
vt 0.27490234 0.20532227 0.00000000
vt 0.26708984 0.21166992 0.00000000
vt 0.27124023 0.20336914 0.00000000
vt 0.26098633 0.19580078 0.00000000
vt 0.26513672 0.20019531 0.00000000
vt 0.26147461 0.22192383 0.00000000
vt 0.25732422 0.23022461 0.00000000
vt 0.24536133 0.20092773 0.00000000
vt 0.25805664 0.19531250 0.00000000
vt 0.25000000 0.18847656 0.00000000
vt 0.23437500 0.23901367 0.00000000
vt 0.23657227 0.22094727 0.00000000
vt 0.21679688 0.24023438 0.00000000
vt 0.24584961 0.18701172 0.00000000
vt 0.21508789 0.20751953 0.00000000
vt 0.23291016 0.27661133 0.00000000
vt 0.20800781 0.25805664 0.00000000
vt 0.19970703 0.22900391 0.00000000
vt 0.18017578 0.21582031 0.00000000
vt 0.17016602 0.22607422 0.00000000
vt 0.18408203 0.24462891 0.00000000
vt 0.19628906 0.27294922 0.00000000
vt 0.15673828 0.24194336 0.00000000
vt 0.17919922 0.27026367 0.00000000
vt 0.16748047 0.26245117 0.00000000
vt 0.20678711 0.28930664 0.00000000
vt 0.19335938 0.28027344 0.00000000
vt 0.22143555 0.29907227 0.00000000
vt 0.19653320 0.30664062 0.00000000
vt 0.17797852 0.29418945 0.00000000
vt 0.15380859 0.32226562 0.00000000
vt 0.13256836 0.32324219 0.00000000
vt 0.14160156 0.32373047 0.00000000
vt 0.19628906 0.31958008 0.00000000
vt 0.21508789 0.31835938 0.00000000
vt 0.21777344 0.31933594 0.00000000
vt 0.38183594 0.92089844 0.00000000
vt 0.38110352 0.93701172 0.00000000
vt 0.37548828 0.93847656 0.00000000
vt 0.37670898 0.92138672 0.00000000
vt 0.38891602 0.91748047 0.00000000
vt 0.37768555 0.90942383 0.00000000
vt 0.38989258 0.90087891 0.00000000
vt 0.38916016 0.90966797 0.00000000
vt 0.37817383 0.89941406 0.00000000
vt 0.36352539 0.91748047 0.00000000
vt 0.36230469 0.94140625 0.00000000
vt 0.39038086 0.89379883 0.00000000
vt 0.35278320 0.90991211 0.00000000
vt 0.35571289 0.94091797 0.00000000
vt 0.35083008 0.93261719 0.00000000
vt 0.91015625 0.34838867 0.00000000
vt 0.91723633 0.34790039 0.00000000
vt 0.92285156 0.34301758 0.00000000
vt 0.92187500 0.34741211 0.00000000
vt 0.92626953 0.34716797 0.00000000
vt 0.92700195 0.34594727 0.00000000
vt 0.89404297 0.29785156 0.00000000
vt 0.93481445 0.30273438 0.00000000
vt 0.87426758 0.28051758 0.00000000
vt 0.89599609 0.24633789 0.00000000
vt 0.91699219 0.25903320 0.00000000
vt 0.86474609 0.24340820 0.00000000
vt 0.87500000 0.57299805 0.00000000
vt 0.83056641 0.59130859 0.00000000
vt 0.91088867 0.54248047 0.00000000
vt 0.90722656 0.59252930 0.00000000
vt 0.87377930 0.62084961 0.00000000
vt 0.88842773 0.63696289 0.00000000
vt 0.90087891 0.64331055 0.00000000
vt 0.88745117 0.69067383 0.00000000
vt 0.92407227 0.67651367 0.00000000
vt 0.91528320 0.72167969 0.00000000
vt 0.90014648 0.53271484 0.00000000
vt 0.90795898 0.53442383 0.00000000
vt 0.91333008 0.53686523 0.00000000
vt 0.59326172 0.15429688 0.00000000
vt 0.59277344 0.14868164 0.00000000
vt 0.58959961 0.14062500 0.00000000
vt 0.58129883 0.14160156 0.00000000
vt 0.55029297 0.15893555 0.00000000
vt 0.50634766 0.21044922 0.00000000
vt 0.52319336 0.15405273 0.00000000
vt 0.46850586 0.19946289 0.00000000
vt 0.46508789 0.17163086 0.00000000
vt 0.39282227 0.03369141 0.00000000
vt 0.40136719 0.00952148 0.00000000
vt 0.44604492 0.03442383 0.00000000
vt 0.33837891 0.01245117 0.00000000
vt 0.44384766 0.94506836 0.00000000
vt 0.45507812 0.94506836 0.00000000
vt 0.45507812 0.92163086 0.00000000
vt 0.45776367 0.93139648 0.00000000
vt 0.46289062 0.93945312 0.00000000
vt 0.46337891 0.93359375 0.00000000
vt 0.46801758 0.93164062 0.00000000
vt 0.46923828 0.94409180 0.00000000
vt 0.51464844 0.94848633 0.00000000
vt 0.46362305 0.92797852 0.00000000
vt 0.47729492 0.91503906 0.00000000
vt 0.46386719 0.92358398 0.00000000
vt 0.46435547 0.91796875 0.00000000
vt 0.46459961 0.91430664 0.00000000
vt 0.46093750 0.90942383 0.00000000
vt 0.46484375 0.91015625 0.00000000
vt 0.46606445 0.90673828 0.00000000
vt 0.46752930 0.90356445 0.00000000
vt 0.47290039 0.89550781 0.00000000
vt 0.46997070 0.89721680 0.00000000
vt 0.46801758 0.89599609 0.00000000
vt 0.47290039 0.88964844 0.00000000
vt 0.47607422 0.88134766 0.00000000
vt 0.47924805 0.87377930 0.00000000
vt 0.48144531 0.88623047 0.00000000
vt 0.48364258 0.87060547 0.00000000
vt 0.52734375 0.91821289 0.00000000
vt 0.53076172 0.88769531 0.00000000
vt 0.56298828 0.95458984 0.00000000
vt 0.56054688 0.90747070 0.00000000
vt 0.59301758 0.94433594 0.00000000
vt 0.81665039 0.04467773 0.00000000
vt 0.82202148 0.01928711 0.00000000
vt 0.87280273 0.02539062 0.00000000
vt 0.85278320 0.03930664 0.00000000
vt 0.90673828 0.03930664 0.00000000
vt 0.85668945 0.06176758 0.00000000
vt 0.92041016 0.53076172 0.00000000
vt 0.93945312 0.56127930 0.00000000
vt 0.91308594 0.58129883 0.00000000
vt 0.94262695 0.52685547 0.00000000
vt 0.95922852 0.56640625 0.00000000
vt 0.07910156 0.00000000 0.00000000
vt 0.10449219 0.03637695 0.00000000
vt 0.06835938 0.04199219 0.00000000
vt 0.03710938 0.02856445 0.00000000
vt 0.94287109 0.79687500 0.00000000
vt 0.90600586 0.77075195 0.00000000
vt 0.94482422 0.75781250 0.00000000
vt 0.23583984 0.19482422 0.00000000
vt 0.22387695 0.19555664 0.00000000
vt 0.19995117 0.18090820 0.00000000
vt 0.21557617 0.18261719 0.00000000
vt 0.22998047 0.17602539 0.00000000
vt 0.21972656 0.16918945 0.00000000
vt 0.22265625 0.16943359 0.00000000
vt 0.22949219 0.17407227 0.00000000
vt 0.22924805 0.16503906 0.00000000
vt 0.24169922 0.18237305 0.00000000
vt 0.20874023 0.14843750 0.00000000
vt 0.30053711 0.03222656 0.00000000
vt 0.27758789 0.05078125 0.00000000
vt 0.25610352 0.01440430 0.00000000
vt 0.29663086 0.04345703 0.00000000
vt 0.32763672 0.02661133 0.00000000
vt 0.33398438 0.01611328 0.00000000
vt 0.78833008 0.06176758 0.00000000
vt 0.74218750 0.06860352 0.00000000
vt 0.73803711 0.02246094 0.00000000
vt 0.69482422 0.06811523 0.00000000
vt 0.67578125 0.02563477 0.00000000
vt 0.95629883 0.03906250 0.00000000
vt 0.93481445 0.06787109 0.00000000
vt 0.91918945 0.03613281 0.00000000
vt 0.21801758 0.67773438 0.00000000
vt 0.23168945 0.67822266 0.00000000
vt 0.22070312 0.68310547 0.00000000
vt 0.22778320 0.69262695 0.00000000
vt 0.21166992 0.68750000 0.00000000
vt 0.22045898 0.69604492 0.00000000
vt 0.22070312 0.69628906 0.00000000
vt 0.23266602 0.69116211 0.00000000
vt 0.21215820 0.70019531 0.00000000
vt 0.22045898 0.70507812 0.00000000
vt 0.24414062 0.69458008 0.00000000
vt 0.22900391 0.70434570 0.00000000
vt 0.20800781 0.70654297 0.00000000
vt 0.21923828 0.70874023 0.00000000
vt 0.22314453 0.71020508 0.00000000
vt 0.23974609 0.69921875 0.00000000
vt 0.20776367 0.71435547 0.00000000
vt 0.24072266 0.70336914 0.00000000
vt 0.19311523 0.71801758 0.00000000
vt 0.20507812 0.73413086 0.00000000
vt 0.22534180 0.71801758 0.00000000
vt 0.23999023 0.71264648 0.00000000
vt 0.23974609 0.72167969 0.00000000
vt 0.22583008 0.72802734 0.00000000
vt 0.19506836 0.72045898 0.00000000
vt 0.21386719 0.73925781 0.00000000
vt 0.23535156 0.73095703 0.00000000
vt 0.20458984 0.73608398 0.00000000
vt 0.18627930 0.72949219 0.00000000
vt 0.17919922 0.73266602 0.00000000
vt 0.22070312 0.74511719 0.00000000
vt 0.17871094 0.73779297 0.00000000
vt 0.19091797 0.74194336 0.00000000
vt 0.17041016 0.74658203 0.00000000
vt 0.17480469 0.74951172 0.00000000
vt 0.16284180 0.74877930 0.00000000
vt 0.18579102 0.75781250 0.00000000
vt 0.20068359 0.74633789 0.00000000
vt 0.20385742 0.75415039 0.00000000
vt 0.19824219 0.76904297 0.00000000
vt 0.16503906 0.73632812 0.00000000
vt 0.20849609 0.75878906 0.00000000
vt 0.22729492 0.75048828 0.00000000
vt 0.21508789 0.76513672 0.00000000
vt 0.21655273 0.77124023 0.00000000
vt 0.19995117 0.78100586 0.00000000
vt 0.20922852 0.78002930 0.00000000
vt 0.23364258 0.75537109 0.00000000
vt 0.22338867 0.77783203 0.00000000
vt 0.21240234 0.79028320 0.00000000
vt 0.24047852 0.76025391 0.00000000
vt 0.24072266 0.73754883 0.00000000
vt 0.25415039 0.73681641 0.00000000
vt 0.25756836 0.72998047 0.00000000
vt 0.26025391 0.73974609 0.00000000
vt 0.24584961 0.72851562 0.00000000
vt 0.25219727 0.71948242 0.00000000
vt 0.26440430 0.74194336 0.00000000
vt 0.27172852 0.73510742 0.00000000
vt 0.25415039 0.75122070 0.00000000
vt 0.28417969 0.73754883 0.00000000
vt 0.28125000 0.77636719 0.00000000
vt 0.24584961 0.75903320 0.00000000
vt 0.23754883 0.76879883 0.00000000
vt 0.23657227 0.77416992 0.00000000
vt 0.23217773 0.77294922 0.00000000
vt 0.22705078 0.77832031 0.00000000
vt 0.30175781 0.80371094 0.00000000
vt 0.32958984 0.80761719 0.00000000
vt 0.32373047 0.77856445 0.00000000
vt 0.34765625 0.84301758 0.00000000
vt 0.38647461 0.84130859 0.00000000
vt 0.23535156 0.79345703 0.00000000
vt 0.25952148 0.82226562 0.00000000
vt 0.22192383 0.78417969 0.00000000
vt 0.21752930 0.78979492 0.00000000
vt 0.21191406 0.79638672 0.00000000
vt 0.77246094 0.12719727 0.00000000
vt 0.84399414 0.10644531 0.00000000
vt 0.84399414 0.15063477 0.00000000
vt 0.93457031 0.12963867 0.00000000
vt 0.90600586 0.07983398 0.00000000
vt 0.77441406 0.09765625 0.00000000
vt 0.81469727 0.07373047 0.00000000
vt 0.71655273 0.07348633 0.00000000
vt 0.79296875 0.75146484 0.00000000
vt 0.78979492 0.72631836 0.00000000
vt 0.85009766 0.74633789 0.00000000
vt 0.35986328 0.55737305 0.00000000
vt 0.38232422 0.56298828 0.00000000
vt 0.37060547 0.56689453 0.00000000
vt 0.35864258 0.57055664 0.00000000
vt 0.35400391 0.57470703 0.00000000
vt 0.37890625 0.56616211 0.00000000
vt 0.35180664 0.57275391 0.00000000
vt 0.33471680 0.56616211 0.00000000
vt 0.33691406 0.57788086 0.00000000
vt 0.36108398 0.57690430 0.00000000
vt 0.38598633 0.57299805 0.00000000
vt 0.37524414 0.57641602 0.00000000
vt 0.36450195 0.58007812 0.00000000
vt 0.38330078 0.58056641 0.00000000
vt 0.34838867 0.58544922 0.00000000
vt 0.37036133 0.58984375 0.00000000
vt 0.37939453 0.58715820 0.00000000
vt 0.36230469 0.59936523 0.00000000
vt 0.38842773 0.59155273 0.00000000
vt 0.36035156 0.59350586 0.00000000
vt 0.33789062 0.58618164 0.00000000
vt 0.35156250 0.59619141 0.00000000
vt 0.33984375 0.60498047 0.00000000
vt 0.36889648 0.60546875 0.00000000
vt 0.38720703 0.60107422 0.00000000
vt 0.34350586 0.61230469 0.00000000
vt 0.38085938 0.60961914 0.00000000
vt 0.38598633 0.61059570 0.00000000
vt 0.35473633 0.61425781 0.00000000
vt 0.37768555 0.62109375 0.00000000
vt 0.39624023 0.62548828 0.00000000
vt 0.35913086 0.62036133 0.00000000
vt 0.34912109 0.62329102 0.00000000
vt 0.35253906 0.62915039 0.00000000
vt 0.37817383 0.63354492 0.00000000
vt 0.39282227 0.63647461 0.00000000
vt 0.32592773 0.62158203 0.00000000
vt 0.31982422 0.61328125 0.00000000
vt 0.32373047 0.63134766 0.00000000
vt 0.33740234 0.64038086 0.00000000
vt 0.31860352 0.60644531 0.00000000
vt 0.30737305 0.61376953 0.00000000
vt 0.30664062 0.63574219 0.00000000
vt 0.34130859 0.64892578 0.00000000
vt 0.30908203 0.62695312 0.00000000
vt 0.28857422 0.63671875 0.00000000
vt 0.29589844 0.61840820 0.00000000
vt 0.28662109 0.62939453 0.00000000
vt 0.28002930 0.60327148 0.00000000
vt 0.29492188 0.60522461 0.00000000
vt 0.30200195 0.60009766 0.00000000
vt 0.28247070 0.60034180 0.00000000
vt 0.31372070 0.59985352 0.00000000
vt 0.32495117 0.59985352 0.00000000
vt 0.30810547 0.59472656 0.00000000
vt 0.29003906 0.59985352 0.00000000
vt 0.28735352 0.59692383 0.00000000
vt 0.29687500 0.58862305 0.00000000
vt 0.31030273 0.58862305 0.00000000
vt 0.33740234 0.59985352 0.00000000
vt 0.32080078 0.58862305 0.00000000
vt 0.29760742 0.58691406 0.00000000
vt 0.28417969 0.58862305 0.00000000
vt 0.33837891 0.58886719 0.00000000
vt 0.32983398 0.58813477 0.00000000
vt 0.31884766 0.57788086 0.00000000
vt 0.30126953 0.58129883 0.00000000
vt 0.28173828 0.57861328 0.00000000
vt 0.30297852 0.57836914 0.00000000
vt 0.29882812 0.57519531 0.00000000
vt 0.32104492 0.56665039 0.00000000
vt 0.29516602 0.54907227 0.00000000
vt 0.28051758 0.56347656 0.00000000
vt 0.32202148 0.55249023 0.00000000
vt 0.30786133 0.54003906 0.00000000
vt 0.28051758 0.53613281 0.00000000
vt 0.29370117 0.52441406 0.00000000
vt 0.33081055 0.54321289 0.00000000
vt 0.30859375 0.52880859 0.00000000
vt 0.29296875 0.51757812 0.00000000
vt 0.30053711 0.51733398 0.00000000
vt 0.29052734 0.51220703 0.00000000
vt 0.30639648 0.51708984 0.00000000
vt 0.31616211 0.51367188 0.00000000
vt 0.31323242 0.51708984 0.00000000
vt 0.31884766 0.47949219 0.00000000
vt 0.28979492 0.46044922 0.00000000
vt 0.32031250 0.51684570 0.00000000
vt 0.32568359 0.51660156 0.00000000
vt 0.32666016 0.52075195 0.00000000
vt 0.33154297 0.51489258 0.00000000
vt 0.30566406 0.44458008 0.00000000
vt 0.30297852 0.40405273 0.00000000
vt 0.33593750 0.51342773 0.00000000
vt 0.33129883 0.46289062 0.00000000
vt 0.32739258 0.42895508 0.00000000
vt 0.32739258 0.38647461 0.00000000
vt 0.30444336 0.35253906 0.00000000
vt 0.32861328 0.53222656 0.00000000
vt 0.34423828 0.52172852 0.00000000
vt 0.35302734 0.52783203 0.00000000
vt 0.36328125 0.52368164 0.00000000
vt 0.36596680 0.53540039 0.00000000
vt 0.34667969 0.54711914 0.00000000
vt 0.37280273 0.54956055 0.00000000
vt 0.34448242 0.51342773 0.00000000
vt 0.36303711 0.50732422 0.00000000
vt 0.34082031 0.51196289 0.00000000
vt 0.34692383 0.50976562 0.00000000
vt 0.35278320 0.50805664 0.00000000
vt 0.34765625 0.50683594 0.00000000
vt 0.36059570 0.50561523 0.00000000
vt 0.36108398 0.49877930 0.00000000
vt 0.22705078 0.66503906 0.00000000
vt 0.20410156 0.67602539 0.00000000
vt 0.21362305 0.66674805 0.00000000
vt 0.19238281 0.68798828 0.00000000
vt 0.19946289 0.67211914 0.00000000
vt 0.21118164 0.65893555 0.00000000
vt 0.18164062 0.67944336 0.00000000
vt 0.19506836 0.66699219 0.00000000
vt 0.17846680 0.68725586 0.00000000
vt 0.17773438 0.66601562 0.00000000
vt 0.19458008 0.65673828 0.00000000
vt 0.21679688 0.63940430 0.00000000
vt 0.19873047 0.63940430 0.00000000
vt 0.18798828 0.65332031 0.00000000
vt 0.17675781 0.68261719 0.00000000
vt 0.17602539 0.65771484 0.00000000
vt 0.18359375 0.64184570 0.00000000
vt 0.17382812 0.67309570 0.00000000
vt 0.17041016 0.66113281 0.00000000
vt 0.16699219 0.65039062 0.00000000
vt 0.15600586 0.65869141 0.00000000
vt 0.16943359 0.63964844 0.00000000
vt 0.19238281 0.63574219 0.00000000
vt 0.20410156 0.63208008 0.00000000
vt 0.19824219 0.62646484 0.00000000
vt 0.19360352 0.62841797 0.00000000
vt 0.19921875 0.62500000 0.00000000
vt 0.19238281 0.62817383 0.00000000
vt 0.19873047 0.62060547 0.00000000
vt 0.18725586 0.63159180 0.00000000
vt 0.18676758 0.63085938 0.00000000
vt 0.18505859 0.62792969 0.00000000
vt 0.18139648 0.63403320 0.00000000
vt 0.17773438 0.63500977 0.00000000
vt 0.17651367 0.63623047 0.00000000
vt 0.16894531 0.63916016 0.00000000
vt 0.16455078 0.64135742 0.00000000
vt 0.15991211 0.64916992 0.00000000
vt 0.15917969 0.64160156 0.00000000
vt 0.14794922 0.64794922 0.00000000
vt 0.15161133 0.64184570 0.00000000
vt 0.14160156 0.65356445 0.00000000
vt 0.13745117 0.66552734 0.00000000
vt 0.13085938 0.65429688 0.00000000
vt 0.14672852 0.67138672 0.00000000
vt 0.13452148 0.64868164 0.00000000
vt 0.14526367 0.64355469 0.00000000
vt 0.13525391 0.64550781 0.00000000
vt 0.12548828 0.64721680 0.00000000
vt 0.14111328 0.63867188 0.00000000
vt 0.12866211 0.64624023 0.00000000
vt 0.15502930 0.60937500 0.00000000
vt 0.12109375 0.62329102 0.00000000
vt 0.13867188 0.58813477 0.00000000
vt 0.15991211 0.58398438 0.00000000
vt 0.19238281 0.58544922 0.00000000
vt 0.14208984 0.55175781 0.00000000
vt 0.17700195 0.54589844 0.00000000
vt 0.12475586 0.56005859 0.00000000
vt 0.13110352 0.51660156 0.00000000
vt 0.93481445 0.10693359 0.00000000
vt 0.91113281 0.07519531 0.00000000
vt 0.96850586 0.07666016 0.00000000
vt 0.88476562 0.77270508 0.00000000
vt 0.92114258 0.73193359 0.00000000
vt 0.92944336 0.75415039 0.00000000
vt 0.87109375 0.73217773 0.00000000
vt 0.39892578 0.64355469 0.00000000
vt 0.40649414 0.64086914 0.00000000
vt 0.38256836 0.64355469 0.00000000
vt 0.40600586 0.64160156 0.00000000
vt 0.39892578 0.64404297 0.00000000
vt 0.39379883 0.64575195 0.00000000
vt 0.41162109 0.64770508 0.00000000
vt 0.38159180 0.65576172 0.00000000
vt 0.42724609 0.67651367 0.00000000
vt 0.38769531 0.64770508 0.00000000
vt 0.38183594 0.64965820 0.00000000
vt 0.34521484 0.65625000 0.00000000
vt 0.34985352 0.65673828 0.00000000
vt 0.33593750 0.65820312 0.00000000
vt 0.32373047 0.65087891 0.00000000
vt 0.32910156 0.67114258 0.00000000
vt 0.33251953 0.70068359 0.00000000
vt 0.34570312 0.72851562 0.00000000
vt 0.32812500 0.65942383 0.00000000
vt 0.32348633 0.65991211 0.00000000
vt 0.31762695 0.66064453 0.00000000
vt 0.31274414 0.67211914 0.00000000
vt 0.31225586 0.70947266 0.00000000
vt 0.31079102 0.75292969 0.00000000
vt 0.28686523 0.67407227 0.00000000
vt 0.34472656 0.75756836 0.00000000
vt 0.37182617 0.75439453 0.00000000
vt 0.33789062 0.77368164 0.00000000
vt 0.34692383 0.81079102 0.00000000
vt 0.36157227 0.78198242 0.00000000
vt 0.31323242 0.66137695 0.00000000
vt 0.30883789 0.66186523 0.00000000
vt 0.30834961 0.66137695 0.00000000
vt 0.30224609 0.66235352 0.00000000
vt 0.29858398 0.66333008 0.00000000
vt 0.30786133 0.65380859 0.00000000
vt 0.29223633 0.65600586 0.00000000
vt 0.60717773 0.92309570 0.00000000
vt 0.67211914 0.94628906 0.00000000
vt 0.60131836 0.95458984 0.00000000
vt 0.66772461 0.99658203 0.00000000
vt 0.61230469 0.99902344 0.00000000
vt 0.53808594 0.96337891 0.00000000
vt 0.53491211 0.99780273 0.00000000
vt 0.20434570 0.69067383 0.00000000
vt 0.20263672 0.70458984 0.00000000
vt 0.19262695 0.69628906 0.00000000
vt 0.19018555 0.71508789 0.00000000
vt 0.19262695 0.70898438 0.00000000
vt 0.18261719 0.70092773 0.00000000
vt 0.18457031 0.70434570 0.00000000
vt 0.18798828 0.71118164 0.00000000
vt 0.17431641 0.72631836 0.00000000
vt 0.18359375 0.71289062 0.00000000
vt 0.18139648 0.71826172 0.00000000
vt 0.17846680 0.70288086 0.00000000
vt 0.16992188 0.70239258 0.00000000
vt 0.17480469 0.69604492 0.00000000
vt 0.15893555 0.71118164 0.00000000
vt 0.14208984 0.71069336 0.00000000
vt 0.13500977 0.71752930 0.00000000
vt 0.14770508 0.70556641 0.00000000
vt 0.15820312 0.70410156 0.00000000
vt 0.13574219 0.70117188 0.00000000
vt 0.16381836 0.69018555 0.00000000
vt 0.15063477 0.68774414 0.00000000
vt 0.15942383 0.67871094 0.00000000
vt 0.13769531 0.68164062 0.00000000
vt 0.97021484 0.17480469 0.00000000
vt 0.93115234 0.18725586 0.00000000
vt 0.93090820 0.15209961 0.00000000
vt 0.06079102 0.54443359 0.00000000
vt 0.06079102 0.51269531 0.00000000
vt 0.09423828 0.53979492 0.00000000
vt 0.90649414 0.01684570 0.00000000
vt 0.88793945 0.03198242 0.00000000
vt 0.87231445 0.01611328 0.00000000
vt 0.57568359 0.10449219 0.00000000
vt 0.51538086 0.14990234 0.00000000
vt 0.52929688 0.11499023 0.00000000
vt 0.48754883 0.11181641 0.00000000
vt 0.45288086 0.16723633 0.00000000
vt 0.44311523 0.13647461 0.00000000
vt 0.45019531 0.09741211 0.00000000
vt 0.38842773 0.15722656 0.00000000
vt 0.40820312 0.11499023 0.00000000
vt 0.36547852 0.12084961 0.00000000
vt 0.42285156 0.20190430 0.00000000
vt 0.36523438 0.20019531 0.00000000
vt 0.85034180 0.05981445 0.00000000
vt 0.79272461 0.05981445 0.00000000
vt 0.84692383 0.04125977 0.00000000
vt 0.82495117 0.78637695 0.00000000
vt 0.87011719 0.75610352 0.00000000
vt 0.87890625 0.77709961 0.00000000
vt 0.81958008 0.76269531 0.00000000
vt 0.76489258 0.78540039 0.00000000
vt 0.76538086 0.76049805 0.00000000
vt 0.71362305 0.79614258 0.00000000
vt 0.70776367 0.77026367 0.00000000
vt 0.71435547 0.75048828 0.00000000
vt 0.78466797 0.72680664 0.00000000
vt 0.70605469 0.78222656 0.00000000
vt 0.70727539 0.79150391 0.00000000
vt 0.70825195 0.79907227 0.00000000
vt 0.70117188 0.80053711 0.00000000
vt 0.69799805 0.78491211 0.00000000
vt 0.68750000 0.78833008 0.00000000
vt 0.70483398 0.77148438 0.00000000
vt 0.69384766 0.76440430 0.00000000
vt 0.70385742 0.76464844 0.00000000
vt 0.70458984 0.76147461 0.00000000
vt 0.70605469 0.75659180 0.00000000
vt 0.70312500 0.75048828 0.00000000
vt 0.70800781 0.74951172 0.00000000
vt 0.71044922 0.74096680 0.00000000
vt 0.71997070 0.72485352 0.00000000
vt 0.71191406 0.73583984 0.00000000
vt 0.70507812 0.73291016 0.00000000
vt 0.71362305 0.73022461 0.00000000
vt 0.69531250 0.72656250 0.00000000
vt 0.69091797 0.75000000 0.00000000
vt 0.69091797 0.74023438 0.00000000
vt 0.67797852 0.73657227 0.00000000
vt 0.68627930 0.72460938 0.00000000
vt 0.67553711 0.76220703 0.00000000
vt 0.67553711 0.72290039 0.00000000
vt 0.68530273 0.76416016 0.00000000
vt 0.67480469 0.78613281 0.00000000
vt 0.67504883 0.80444336 0.00000000
vt 0.65820312 0.79101562 0.00000000
vt 0.65576172 0.73730469 0.00000000
vt 0.66601562 0.76171875 0.00000000
vt 0.67065430 0.74755859 0.00000000
vt 0.66528320 0.71459961 0.00000000
vt 0.64990234 0.76123047 0.00000000
vt 0.64721680 0.78662109 0.00000000
vt 0.64404297 0.80834961 0.00000000
vt 0.64184570 0.79125977 0.00000000
vt 0.64746094 0.72534180 0.00000000
vt 0.65161133 0.71313477 0.00000000
vt 0.64282227 0.74438477 0.00000000
vt 0.64428711 0.72485352 0.00000000
vt 0.63891602 0.76074219 0.00000000
vt 0.64038086 0.77343750 0.00000000
vt 0.63720703 0.74511719 0.00000000
vt 0.63208008 0.76000977 0.00000000
vt 0.63891602 0.71313477 0.00000000
vt 0.64111328 0.70410156 0.00000000
vt 0.63647461 0.72338867 0.00000000
vt 0.62597656 0.71582031 0.00000000
vt 0.62939453 0.77880859 0.00000000
vt 0.62866211 0.75708008 0.00000000
vt 0.63110352 0.79028320 0.00000000
vt 0.63549805 0.80834961 0.00000000
vt 0.63159180 0.79516602 0.00000000
vt 0.63012695 0.78662109 0.00000000
vt 0.61718750 0.76928711 0.00000000
vt 0.62329102 0.79956055 0.00000000
vt 0.63305664 0.80810547 0.00000000
vt 0.61572266 0.79125977 0.00000000
vt 0.61718750 0.79882812 0.00000000
vt 0.61889648 0.81054688 0.00000000
vt 0.61694336 0.78002930 0.00000000
vt 0.61303711 0.78881836 0.00000000
vt 0.60913086 0.80322266 0.00000000
vt 0.61352539 0.75512695 0.00000000
vt 0.61694336 0.75463867 0.00000000
vt 0.62988281 0.75122070 0.00000000
vt 0.62597656 0.73681641 0.00000000
vt 0.63208008 0.74218750 0.00000000
vt 0.63427734 0.73413086 0.00000000
vt 0.63403320 0.73168945 0.00000000
vt 0.61987305 0.74145508 0.00000000
vt 0.62329102 0.72753906 0.00000000
vt 0.61840820 0.72338867 0.00000000
vt 0.62573242 0.70190430 0.00000000
vt 0.61572266 0.73925781 0.00000000
vt 0.61328125 0.70629883 0.00000000
vt 0.60253906 0.75683594 0.00000000
vt 0.61059570 0.71777344 0.00000000
vt 0.59985352 0.70556641 0.00000000
vt 0.60668945 0.73242188 0.00000000
vt 0.60131836 0.77075195 0.00000000
vt 0.60498047 0.71655273 0.00000000
vt 0.59399414 0.71606445 0.00000000
vt 0.58691406 0.70019531 0.00000000
vt 0.59594727 0.72680664 0.00000000
vt 0.60083008 0.78637695 0.00000000
vt 0.59594727 0.79907227 0.00000000
vt 0.58862305 0.78833008 0.00000000
vt 0.59497070 0.74072266 0.00000000
vt 0.58813477 0.72705078 0.00000000
vt 0.58081055 0.71679688 0.00000000
vt 0.58178711 0.75952148 0.00000000
vt 0.59399414 0.75805664 0.00000000
vt 0.57861328 0.72705078 0.00000000
vt 0.57202148 0.70898438 0.00000000
vt 0.58203125 0.69238281 0.00000000
vt 0.56958008 0.69775391 0.00000000
vt 0.57324219 0.76025391 0.00000000
vt 0.56274414 0.70898438 0.00000000
vt 0.56860352 0.76074219 0.00000000
vt 0.56640625 0.73168945 0.00000000
vt 0.57202148 0.77954102 0.00000000
vt 0.56225586 0.71459961 0.00000000
vt 0.56396484 0.70361328 0.00000000
vt 0.56591797 0.69750977 0.00000000
vt 0.55712891 0.71337891 0.00000000
vt 0.56494141 0.69848633 0.00000000
vt 0.56665039 0.69189453 0.00000000
vt 0.55444336 0.70043945 0.00000000
vt 0.56103516 0.71826172 0.00000000
vt 0.55932617 0.72290039 0.00000000
vt 0.54663086 0.76782227 0.00000000
vt 0.55932617 0.73291016 0.00000000
vt 0.55883789 0.73657227 0.00000000
vt 0.55957031 0.76171875 0.00000000
vt 0.55297852 0.77099609 0.00000000
vt 0.55932617 0.77343750 0.00000000
vt 0.56054688 0.79028320 0.00000000
vt 0.55297852 0.77954102 0.00000000
vt 0.51391602 0.76098633 0.00000000
vt 0.48754883 0.74707031 0.00000000
vt 0.54199219 0.78173828 0.00000000
vt 0.49877930 0.77978516 0.00000000
vt 0.46142578 0.77929688 0.00000000
vt 0.45996094 0.73510742 0.00000000
vt 0.50097656 0.80200195 0.00000000
vt 0.43652344 0.76269531 0.00000000
vt 0.43212891 0.79956055 0.00000000
vt 0.41186523 0.77343750 0.00000000
vt 0.39184570 0.79736328 0.00000000
vt 0.55200195 0.79565430 0.00000000
vt 0.54077148 0.80786133 0.00000000
vt 0.55224609 0.79101562 0.00000000
vt 0.55297852 0.79272461 0.00000000
vt 0.55249023 0.79931641 0.00000000
vt 0.55273438 0.78515625 0.00000000
vt 0.57958984 0.80737305 0.00000000
vt 0.58129883 0.78930664 0.00000000
vt 0.58959961 0.81079102 0.00000000
vt 0.58593750 0.76806641 0.00000000
vt 0.58935547 0.77319336 0.00000000
vt 0.89990234 0.99975586 0.00000000
vt 0.89990234 0.97753906 0.00000000
vt 0.92822266 0.97875977 0.00000000
vt 0.93603516 0.75366211 0.00000000
vt 0.92797852 0.72900391 0.00000000
vt 0.95898438 0.73120117 0.00000000
vt 0.18701172 0.13037109 0.00000000
vt 0.13012695 0.11425781 0.00000000
vt 0.21557617 0.09228516 0.00000000
vt 0.27416992 0.08593750 0.00000000
vt 0.11865234 0.16821289 0.00000000
vt 0.19116211 0.15844727 0.00000000
vt 0.09570312 0.22875977 0.00000000
vt 0.19116211 0.18774414 0.00000000
vt 0.15527344 0.23413086 0.00000000
vt 0.92309570 0.06396484 0.00000000
vt 0.88037109 0.06396484 0.00000000
vt 0.91455078 0.04199219 0.00000000
vt 0.47436523 0.71240234 0.00000000
vt 0.44750977 0.69482422 0.00000000
vt 0.47338867 0.68164062 0.00000000
vt 0.45166016 0.65917969 0.00000000
vt 0.42236328 0.65356445 0.00000000
vt 0.48120117 0.65820312 0.00000000
vt 0.45507812 0.63403320 0.00000000
vt 0.41674805 0.63159180 0.00000000
vt 0.48291016 0.62182617 0.00000000
vt 0.42163086 0.60180664 0.00000000
vt 0.44506836 0.59228516 0.00000000
vt 0.47485352 0.57983398 0.00000000
vt 0.41284180 0.57373047 0.00000000
vt 0.45727539 0.55493164 0.00000000
vt 0.48242188 0.55151367 0.00000000
vt 0.43383789 0.54272461 0.00000000
vt 0.40429688 0.54882812 0.00000000
vt 0.47119141 0.54345703 0.00000000
vt 0.48144531 0.54736328 0.00000000
vt 0.47729492 0.53881836 0.00000000
vt 0.45971680 0.54223633 0.00000000
vt 0.44799805 0.53881836 0.00000000
vt 0.46606445 0.52636719 0.00000000
vt 0.48706055 0.53051758 0.00000000
vt 0.48364258 0.51928711 0.00000000
vt 0.47973633 0.50854492 0.00000000
vt 0.44067383 0.53662109 0.00000000
vt 0.44189453 0.52636719 0.00000000
vt 0.45483398 0.51879883 0.00000000
vt 0.45776367 0.51000977 0.00000000
vt 0.42895508 0.53930664 0.00000000
vt 0.43041992 0.52661133 0.00000000
vt 0.44067383 0.51757812 0.00000000
vt 0.44042969 0.50366211 0.00000000
vt 0.41772461 0.54174805 0.00000000
vt 0.42236328 0.53881836 0.00000000
vt 0.42797852 0.50878906 0.00000000
vt 0.41015625 0.52099609 0.00000000
vt 0.40600586 0.53247070 0.00000000
vt 0.39135742 0.53515625 0.00000000
vt 0.41137695 0.54272461 0.00000000
vt 0.40136719 0.54370117 0.00000000
vt 0.40942383 0.54370117 0.00000000
vt 0.40039062 0.54443359 0.00000000
vt 0.41113281 0.51171875 0.00000000
vt 0.39477539 0.50390625 0.00000000
vt 0.41235352 0.50415039 0.00000000
vt 0.39941406 0.48901367 0.00000000
vt 0.42309570 0.49316406 0.00000000
vt 0.44189453 0.48950195 0.00000000
vt 0.41699219 0.47998047 0.00000000
vt 0.40771484 0.47924805 0.00000000
vt 0.39575195 0.47827148 0.00000000
vt 0.43017578 0.47729492 0.00000000
vt 0.41455078 0.46826172 0.00000000
vt 0.40478516 0.46728516 0.00000000
vt 0.39648438 0.46533203 0.00000000
vt 0.40332031 0.46630859 0.00000000
vt 0.39135742 0.46191406 0.00000000
vt 0.41601562 0.46362305 0.00000000
vt 0.39086914 0.45410156 0.00000000
vt 0.42797852 0.46606445 0.00000000
vt 0.44213867 0.47802734 0.00000000
vt 0.44140625 0.47412109 0.00000000
vt 0.44335938 0.46240234 0.00000000
vt 0.45507812 0.47534180 0.00000000
vt 0.46142578 0.47949219 0.00000000
vt 0.45556641 0.46362305 0.00000000
vt 0.45727539 0.46289062 0.00000000
vt 0.46875000 0.47192383 0.00000000
vt 0.46582031 0.47607422 0.00000000
vt 0.46166992 0.49121094 0.00000000
vt 0.47680664 0.47753906 0.00000000
vt 0.48632812 0.48461914 0.00000000
vt 0.48486328 0.47851562 0.00000000
vt 0.47949219 0.46459961 0.00000000
vt 0.47387695 0.49267578 0.00000000
vt 0.48901367 0.49462891 0.00000000
vt 0.45898438 0.49682617 0.00000000
vt 0.46704102 0.46362305 0.00000000
vt 0.47192383 0.46289062 0.00000000
vt 0.48437500 0.46435547 0.00000000
vt 0.47851562 0.45751953 0.00000000
vt 0.46801758 0.45483398 0.00000000
vt 0.48437500 0.44750977 0.00000000
vt 0.46948242 0.45019531 0.00000000
vt 0.48217773 0.43847656 0.00000000
vt 0.44213867 0.45922852 0.00000000
vt 0.44116211 0.45288086 0.00000000
vt 0.45654297 0.45043945 0.00000000
vt 0.44189453 0.43481445 0.00000000
vt 0.44091797 0.45019531 0.00000000
vt 0.42529297 0.45288086 0.00000000
vt 0.40478516 0.45483398 0.00000000
vt 0.41528320 0.44433594 0.00000000
vt 0.39916992 0.43676758 0.00000000
vt 0.38769531 0.44042969 0.00000000
vt 0.42675781 0.43774414 0.00000000
vt 0.40502930 0.41821289 0.00000000
vt 0.45434570 0.41748047 0.00000000
vt 0.48779297 0.41894531 0.00000000
vt 0.44091797 0.41625977 0.00000000
vt 0.48168945 0.40698242 0.00000000
vt 0.41796875 0.41235352 0.00000000
vt 0.40527344 0.40844727 0.00000000
vt 0.44091797 0.40551758 0.00000000
vt 0.41503906 0.39672852 0.00000000
vt 0.40527344 0.38745117 0.00000000
vt 0.46313477 0.40136719 0.00000000
vt 0.41992188 0.38964844 0.00000000
vt 0.44091797 0.39648438 0.00000000
vt 0.46459961 0.38696289 0.00000000
vt 0.40405273 0.38256836 0.00000000
vt 0.44238281 0.38842773 0.00000000
vt 0.48583984 0.38525391 0.00000000
vt 0.41430664 0.38305664 0.00000000
vt 0.40161133 0.37695312 0.00000000
vt 0.42285156 0.38378906 0.00000000
vt 0.43676758 0.37988281 0.00000000
vt 0.43115234 0.38476562 0.00000000
vt 0.44067383 0.38525391 0.00000000
vt 0.44555664 0.38427734 0.00000000
vt 0.45336914 0.38330078 0.00000000
vt 0.43310547 0.34497070 0.00000000
vt 0.46337891 0.38256836 0.00000000
vt 0.46752930 0.37768555 0.00000000
vt 0.47143555 0.38183594 0.00000000
vt 0.47973633 0.38085938 0.00000000
vt 0.48657227 0.38183594 0.00000000
vt 0.48486328 0.36938477 0.00000000
vt 0.44995117 0.31250000 0.00000000
vt 0.42602539 0.30322266 0.00000000
vt 0.49755859 0.33447266 0.00000000
vt 0.48046875 0.30786133 0.00000000
vt 0.45263672 0.27368164 0.00000000
vt 0.43115234 0.27612305 0.00000000
vt 0.43261719 0.25292969 0.00000000
vt 0.43530273 0.23657227 0.00000000
vt 0.46191406 0.25244141 0.00000000
vt 0.81542969 0.01904297 0.00000000
vt 0.81127930 0.04125977 0.00000000
vt 0.74438477 0.01806641 0.00000000
vt 0.78344727 0.04882812 0.00000000
vt 0.60888672 0.38403320 0.00000000
vt 0.62573242 0.36596680 0.00000000
vt 0.63598633 0.38305664 0.00000000
vt 0.65063477 0.40502930 0.00000000
vt 0.60913086 0.41796875 0.00000000
vt 0.65405273 0.36572266 0.00000000
vt 0.65087891 0.43432617 0.00000000
vt 0.61206055 0.44506836 0.00000000
vt 0.68359375 0.38378906 0.00000000
vt 0.68286133 0.41137695 0.00000000
vt 0.68017578 0.36328125 0.00000000
vt 0.65942383 0.34570312 0.00000000
vt 0.61230469 0.35302734 0.00000000
vt 0.62475586 0.33520508 0.00000000
vt 0.63549805 0.32763672 0.00000000
vt 0.61767578 0.32788086 0.00000000
vt 0.64721680 0.32739258 0.00000000
vt 0.59936523 0.29589844 0.00000000
vt 0.66772461 0.31689453 0.00000000
vt 0.64624023 0.23559570 0.00000000
vt 0.66430664 0.32690430 0.00000000
vt 0.70214844 0.30859375 0.00000000
vt 0.67919922 0.32666016 0.00000000
vt 0.69824219 0.33618164 0.00000000
vt 0.69604492 0.32666016 0.00000000
vt 0.70336914 0.32421875 0.00000000
vt 0.71533203 0.32031250 0.00000000
vt 0.70092773 0.35034180 0.00000000
vt 0.71606445 0.32397461 0.00000000
vt 0.72631836 0.31665039 0.00000000
vt 0.73388672 0.30615234 0.00000000
vt 0.76416016 0.25097656 0.00000000
vt 0.74096680 0.31176758 0.00000000
vt 0.75512695 0.30712891 0.00000000
vt 0.74536133 0.31762695 0.00000000
vt 0.76416016 0.30419922 0.00000000
vt 0.73437500 0.33374023 0.00000000
vt 0.77099609 0.32373047 0.00000000
vt 0.77856445 0.34057617 0.00000000
vt 0.72680664 0.35546875 0.00000000
vt 0.70263672 0.36303711 0.00000000
vt 0.74023438 0.37036133 0.00000000
vt 0.78393555 0.35766602 0.00000000
vt 0.78173828 0.38793945 0.00000000
vt 0.70654297 0.38110352 0.00000000
vt 0.74633789 0.39916992 0.00000000
vt 0.79736328 0.40698242 0.00000000
vt 0.76171875 0.41699219 0.00000000
vt 0.71044922 0.40991211 0.00000000
vt 0.70214844 0.38574219 0.00000000
vt 0.78393555 0.43188477 0.00000000
vt 0.69775391 0.42480469 0.00000000
vt 0.76879883 0.43701172 0.00000000
vt 0.71606445 0.43627930 0.00000000
vt 0.69287109 0.44238281 0.00000000
vt 0.75537109 0.44116211 0.00000000
vt 0.77807617 0.44018555 0.00000000
vt 0.81347656 0.42919922 0.00000000
vt 0.73681641 0.45800781 0.00000000
vt 0.73901367 0.44653320 0.00000000
vt 0.71923828 0.45288086 0.00000000
vt 0.71997070 0.46582031 0.00000000
vt 0.68945312 0.45361328 0.00000000
vt 0.70214844 0.45800781 0.00000000
vt 0.66333008 0.45434570 0.00000000
vt 0.66894531 0.45922852 0.00000000
vt 0.63964844 0.45483398 0.00000000
vt 0.61401367 0.45581055 0.00000000
vt 0.62792969 0.46386719 0.00000000
vt 0.63452148 0.47705078 0.00000000
vt 0.60620117 0.47827148 0.00000000
vt 0.69555664 0.47558594 0.00000000
vt 0.66674805 0.47631836 0.00000000
vt 0.66918945 0.48779297 0.00000000
vt 0.66259766 0.50000000 0.00000000
vt 0.68261719 0.49951172 0.00000000
vt 0.63940430 0.50024414 0.00000000
vt 0.62158203 0.49243164 0.00000000
vt 0.60913086 0.50122070 0.00000000
vt 0.63183594 0.51293945 0.00000000
vt 0.67529297 0.51293945 0.00000000
vt 0.70483398 0.49877930 0.00000000
vt 0.64770508 0.52587891 0.00000000
vt 0.59863281 0.53662109 0.00000000
vt 0.68457031 0.52880859 0.00000000
vt 0.65502930 0.53808594 0.00000000
vt 0.62329102 0.55200195 0.00000000
vt 0.65991211 0.55859375 0.00000000
vt 0.60278320 0.56982422 0.00000000
vt 0.62011719 0.58422852 0.00000000
vt 0.68237305 0.56005859 0.00000000
vt 0.65551758 0.59667969 0.00000000
vt 0.63061523 0.60791016 0.00000000
vt 0.68798828 0.58862305 0.00000000
vt 0.66308594 0.60644531 0.00000000
vt 0.62182617 0.61889648 0.00000000
vt 0.66406250 0.61621094 0.00000000
vt 0.63964844 0.62426758 0.00000000
vt 0.68530273 0.61206055 0.00000000
vt 0.71557617 0.56958008 0.00000000
vt 0.65112305 0.62475586 0.00000000
vt 0.66308594 0.62475586 0.00000000
vt 0.63574219 0.62548828 0.00000000
vt 0.61962891 0.62524414 0.00000000
vt 0.66918945 0.63354492 0.00000000
vt 0.67407227 0.62426758 0.00000000
vt 0.64843750 0.66699219 0.00000000
vt 0.60742188 0.63403320 0.00000000
vt 0.68774414 0.62402344 0.00000000
vt 0.74267578 0.64697266 0.00000000
vt 0.69287109 0.72045898 0.00000000
vt 0.75390625 0.71215820 0.00000000
vt 0.69946289 0.62353516 0.00000000
vt 0.72119141 0.62670898 0.00000000
vt 0.70971680 0.61547852 0.00000000
vt 0.70898438 0.62329102 0.00000000
vt 0.71215820 0.59594727 0.00000000
vt 0.72851562 0.61840820 0.00000000
vt 0.73950195 0.63159180 0.00000000
vt 0.75439453 0.63500977 0.00000000
vt 0.77392578 0.64257812 0.00000000
vt 0.75268555 0.62524414 0.00000000
vt 0.75244141 0.61474609 0.00000000
vt 0.79418945 0.63305664 0.00000000
vt 0.72290039 0.58935547 0.00000000
vt 0.74072266 0.57275391 0.00000000
vt 0.79199219 0.59057617 0.00000000
vt 0.79052734 0.60791016 0.00000000
vt 0.79321289 0.56567383 0.00000000
vt 0.74072266 0.55200195 0.00000000
vt 0.71899414 0.54467773 0.00000000
vt 0.76562500 0.54418945 0.00000000
vt 0.78393555 0.53466797 0.00000000
vt 0.82153320 0.55126953 0.00000000
vt 0.80395508 0.52734375 0.00000000
vt 0.81665039 0.47338867 0.00000000
vt 0.72119141 0.52734375 0.00000000
vt 0.75268555 0.52832031 0.00000000
vt 0.72265625 0.51147461 0.00000000
vt 0.77929688 0.51025391 0.00000000
vt 0.79882812 0.46875000 0.00000000
vt 0.81616211 0.46118164 0.00000000
vt 0.80761719 0.45361328 0.00000000
vt 0.77148438 0.48706055 0.00000000
vt 0.77514648 0.46948242 0.00000000
vt 0.75000000 0.49902344 0.00000000
vt 0.71972656 0.49829102 0.00000000
vt 0.72436523 0.49169922 0.00000000
vt 0.71362305 0.47583008 0.00000000
vt 0.72387695 0.47509766 0.00000000
vt 0.73583984 0.47143555 0.00000000
vt 0.73706055 0.46997070 0.00000000
vt 0.75585938 0.46166992 0.00000000
vt 0.77416992 0.45751953 0.00000000
vt 0.79199219 0.45288086 0.00000000
vt 0.78076172 0.45507812 0.00000000
vt 0.78784180 0.45068359 0.00000000
vt 0.81738281 0.43603516 0.00000000
vt 0.79736328 0.45068359 0.00000000
vt 0.81152344 0.44750977 0.00000000
vt 0.52001953 0.23559570 0.00000000
vt 0.49584961 0.27294922 0.00000000
vt 0.48974609 0.25195312 0.00000000
vt 0.50219727 0.29467773 0.00000000
vt 0.52148438 0.26782227 0.00000000
vt 0.53100586 0.28686523 0.00000000
vt 0.52026367 0.34448242 0.00000000
vt 0.54052734 0.36547852 0.00000000
vt 0.51684570 0.36450195 0.00000000
vt 0.50146484 0.34960938 0.00000000
vt 0.50659180 0.36230469 0.00000000
vt 0.50903320 0.36523438 0.00000000
vt 0.51196289 0.36694336 0.00000000
vt 0.49926758 0.37011719 0.00000000
vt 0.51684570 0.36816406 0.00000000
vt 0.51782227 0.38012695 0.00000000
vt 0.50439453 0.37817383 0.00000000
vt 0.52392578 0.36914062 0.00000000
vt 0.50439453 0.39160156 0.00000000
vt 0.53515625 0.37011719 0.00000000
vt 0.52929688 0.40234375 0.00000000
vt 0.50341797 0.40234375 0.00000000
vt 0.53100586 0.38647461 0.00000000
vt 0.54663086 0.37011719 0.00000000
vt 0.54589844 0.37402344 0.00000000
vt 0.54638672 0.38305664 0.00000000
vt 0.56127930 0.38037109 0.00000000
vt 0.55419922 0.36865234 0.00000000
vt 0.56713867 0.36035156 0.00000000
vt 0.58691406 0.32861328 0.00000000
vt 0.54858398 0.39624023 0.00000000
vt 0.54858398 0.40527344 0.00000000
vt 0.56469727 0.40258789 0.00000000
vt 0.54980469 0.42724609 0.00000000
vt 0.57128906 0.41723633 0.00000000
vt 0.58789062 0.39941406 0.00000000
vt 0.58618164 0.38964844 0.00000000
vt 0.58642578 0.37963867 0.00000000
vt 0.58349609 0.36621094 0.00000000
vt 0.56909180 0.36938477 0.00000000
vt 0.57446289 0.36474609 0.00000000
vt 0.56201172 0.36743164 0.00000000
vt 0.56860352 0.36596680 0.00000000
vt 0.57714844 0.35961914 0.00000000
vt 0.57885742 0.35791016 0.00000000
vt 0.60424805 0.41796875 0.00000000
vt 0.58154297 0.42700195 0.00000000
vt 0.56884766 0.43774414 0.00000000
vt 0.58496094 0.44091797 0.00000000
vt 0.59692383 0.43579102 0.00000000
vt 0.58325195 0.44506836 0.00000000
vt 0.57421875 0.44189453 0.00000000
vt 0.56152344 0.44213867 0.00000000
vt 0.55224609 0.44897461 0.00000000
vt 0.55053711 0.44409180 0.00000000
vt 0.54150391 0.44384766 0.00000000
vt 0.52368164 0.43066406 0.00000000
vt 0.58911133 0.45532227 0.00000000
vt 0.52587891 0.44311523 0.00000000
vt 0.53027344 0.44750977 0.00000000
vt 0.51391602 0.44433594 0.00000000
vt 0.51855469 0.41772461 0.00000000
vt 0.49438477 0.41918945 0.00000000
vt 0.49902344 0.43237305 0.00000000
vt 0.50292969 0.44262695 0.00000000
vt 0.49243164 0.43969727 0.00000000
vt 0.50366211 0.45068359 0.00000000
vt 0.52905273 0.45214844 0.00000000
vt 0.50244141 0.45288086 0.00000000
vt 0.49462891 0.44555664 0.00000000
vt 0.55126953 0.45800781 0.00000000
vt 0.52026367 0.45483398 0.00000000
vt 0.51147461 0.45776367 0.00000000
vt 0.50122070 0.45800781 0.00000000
vt 0.49291992 0.45629883 0.00000000
vt 0.49487305 0.45800781 0.00000000
vt 0.49804688 0.45874023 0.00000000
vt 0.49291992 0.47070312 0.00000000
vt 0.49047852 0.46166992 0.00000000
vt 0.51074219 0.46362305 0.00000000
vt 0.52392578 0.45874023 0.00000000
vt 0.53442383 0.45849609 0.00000000
vt 0.52905273 0.46582031 0.00000000
vt 0.54248047 0.45898438 0.00000000
vt 0.53784180 0.47192383 0.00000000
vt 0.52636719 0.47290039 0.00000000
vt 0.50268555 0.47143555 0.00000000
vt 0.49560547 0.47290039 0.00000000
vt 0.51391602 0.47338867 0.00000000
vt 0.50268555 0.47265625 0.00000000
vt 0.49365234 0.47998047 0.00000000
vt 0.52026367 0.47436523 0.00000000
vt 0.51464844 0.47851562 0.00000000
vt 0.53393555 0.48925781 0.00000000
vt 0.50488281 0.49023438 0.00000000
vt 0.49365234 0.49121094 0.00000000
vt 0.50561523 0.50463867 0.00000000
vt 0.49755859 0.50781250 0.00000000
vt 0.52978516 0.50585938 0.00000000
vt 0.51611328 0.52294922 0.00000000
vt 0.49877930 0.51953125 0.00000000
vt 0.49194336 0.51416016 0.00000000
vt 0.50146484 0.53222656 0.00000000
vt 0.52514648 0.51586914 0.00000000
vt 0.52075195 0.53051758 0.00000000
vt 0.53125000 0.52709961 0.00000000
vt 0.50537109 0.53710938 0.00000000
vt 0.49072266 0.53906250 0.00000000
vt 0.54443359 0.53344727 0.00000000
vt 0.54516602 0.52148438 0.00000000
vt 0.54565430 0.51171875 0.00000000
vt 0.54760742 0.50024414 0.00000000
vt 0.56347656 0.51586914 0.00000000
vt 0.54882812 0.48754883 0.00000000
vt 0.57299805 0.50512695 0.00000000
vt 0.58129883 0.52050781 0.00000000
vt 0.58032227 0.49414062 0.00000000
vt 0.60327148 0.50512695 0.00000000
vt 0.56909180 0.52856445 0.00000000
vt 0.58496094 0.53173828 0.00000000
vt 0.57055664 0.54077148 0.00000000
vt 0.55493164 0.53686523 0.00000000
vt 0.56909180 0.54711914 0.00000000
vt 0.58154297 0.55346680 0.00000000
vt 0.55639648 0.54833984 0.00000000
vt 0.56518555 0.55126953 0.00000000
vt 0.57250977 0.55395508 0.00000000
vt 0.54980469 0.54516602 0.00000000
vt 0.55883789 0.55493164 0.00000000
vt 0.57568359 0.56250000 0.00000000
vt 0.54638672 0.57348633 0.00000000
vt 0.54443359 0.54248047 0.00000000
vt 0.54174805 0.54443359 0.00000000
vt 0.53759766 0.54467773 0.00000000
vt 0.52880859 0.55322266 0.00000000
vt 0.52514648 0.53662109 0.00000000
vt 0.52294922 0.54223633 0.00000000
vt 0.52832031 0.54687500 0.00000000
vt 0.51977539 0.54711914 0.00000000
vt 0.51074219 0.54760742 0.00000000
vt 0.49731445 0.54931641 0.00000000
vt 0.49291992 0.56420898 0.00000000
vt 0.50976562 0.59057617 0.00000000
vt 0.53564453 0.60009766 0.00000000
vt 0.56005859 0.61718750 0.00000000
vt 0.51708984 0.62133789 0.00000000
vt 0.54394531 0.62963867 0.00000000
vt 0.51635742 0.66674805 0.00000000
vt 0.50024414 0.65454102 0.00000000
vt 0.53930664 0.68188477 0.00000000
vt 0.50805664 0.68823242 0.00000000
vt 0.51123047 0.72143555 0.00000000
vt 0.11645508 0.54443359 0.00000000
vt 0.07397461 0.51440430 0.00000000
vt 0.12622070 0.51074219 0.00000000
vt 0.17578125 0.05371094 0.00000000
vt 0.25170898 0.00463867 0.00000000
vt 0.25097656 0.04711914 0.00000000
vt 0.19653320 0.00341797 0.00000000
vt 0.18237305 0.94775391 0.00000000
vt 0.16137695 0.96630859 0.00000000
vt 0.14379883 0.94799805 0.00000000
vt 0.14233398 0.96411133 0.00000000
vt 0.11499023 0.94946289 0.00000000
vt 0.11865234 0.96972656 0.00000000
vt 0.09521484 0.96557617 0.00000000
vt 0.13208008 0.98266602 0.00000000
vt 0.09497070 0.92968750 0.00000000
vt 0.05493164 0.95410156 0.00000000
vt 0.04614258 1.00000000 0.00000000
vt 0.06274414 0.92114258 0.00000000
vt 0.01953125 0.97851562 0.00000000
vt 0.03149414 0.93896484 0.00000000
vt 0.03735352 0.90649414 0.00000000
vt 0.03076172 0.91748047 0.00000000
vt 0.03149414 0.91040039 0.00000000
vt 0.03076172 0.90771484 0.00000000
vt 0.02807617 0.91601562 0.00000000
vt 0.02050781 0.89916992 0.00000000
vt 0.02905273 0.92529297 0.00000000
vt 0.01806641 0.92016602 0.00000000
vt 0.00341797 0.90942383 0.00000000
vt 0.00683594 0.93261719 0.00000000
vt 0.01928711 0.93701172 0.00000000
vt 0.01660156 0.95239258 0.00000000
vt 0.02441406 0.93920898 0.00000000
vt 0.01708984 0.96313477 0.00000000
vt 0.01293945 0.96630859 0.00000000
vt 0.01562500 0.97143555 0.00000000
vt 0.00952148 0.98266602 0.00000000
vt 0.01391602 0.98144531 0.00000000
vt 0.93066406 0.70312500 0.00000000
vt 0.94677734 0.72460938 0.00000000
vt 0.92065430 0.72436523 0.00000000
vt 0.08886719 0.00146484 0.00000000
vt 0.13159180 0.01342773 0.00000000
vt 0.10595703 0.02539062 0.00000000
vt 0.14428711 0.00048828 0.00000000
vt 0.18896484 0.00512695 0.00000000
vt 0.16333008 0.02026367 0.00000000
vt 0.15258789 0.00219727 0.00000000
vt 0.11914062 0.03906250 0.00000000
vt 0.16918945 0.03979492 0.00000000
vt 0.12304688 0.90820312 0.00000000
vt 0.13964844 0.94287109 0.00000000
vt 0.04516602 0.90063477 0.00000000
vt 0.07617188 0.87988281 0.00000000
vt 0.10888672 0.86279297 0.00000000
vt 0.13354492 0.85961914 0.00000000
vt 0.14941406 0.85058594 0.00000000
vt 0.14013672 0.85205078 0.00000000
vt 0.13305664 0.85278320 0.00000000
vt 0.14160156 0.84594727 0.00000000
vt 0.12377930 0.85424805 0.00000000
vt 0.11401367 0.84521484 0.00000000
vt 0.11352539 0.85571289 0.00000000
vt 0.10473633 0.85693359 0.00000000
vt 0.12524414 0.81616211 0.00000000
vt 0.14526367 0.81616211 0.00000000
vt 0.10131836 0.84936523 0.00000000
vt 0.13745117 0.80126953 0.00000000
vt 0.09716797 0.86132812 0.00000000
vt 0.09643555 0.83251953 0.00000000
vt 0.09863281 0.79248047 0.00000000
vt 0.08544922 0.86767578 0.00000000
vt 0.14208984 0.77514648 0.00000000
vt 0.07373047 0.87426758 0.00000000
vt 0.07666016 0.86499023 0.00000000
vt 0.06445312 0.87939453 0.00000000
vt 0.05712891 0.88354492 0.00000000
vt 0.07812500 0.85400391 0.00000000
vt 0.04980469 0.85839844 0.00000000
vt 0.07128906 0.84277344 0.00000000
vt 0.04492188 0.84619141 0.00000000
vt 0.09301758 0.81982422 0.00000000
vt 0.06420898 0.83349609 0.00000000
vt 0.03662109 0.83398438 0.00000000
vt 0.03540039 0.81323242 0.00000000
vt 0.06738281 0.80615234 0.00000000
vt 0.08862305 0.80541992 0.00000000
vt 0.05468750 0.79394531 0.00000000
vt 0.08105469 0.78173828 0.00000000
vt 0.10693359 0.76757812 0.00000000
vt 0.03442383 0.79223633 0.00000000
vt 0.02465820 0.79638672 0.00000000
vt 0.03344727 0.78833008 0.00000000
vt 0.00610352 0.79931641 0.00000000
vt 0.04956055 0.78442383 0.00000000
vt 0.03002930 0.78320312 0.00000000
vt 0.02709961 0.77807617 0.00000000
vt 0.06250000 0.77856445 0.00000000
vt 0.05932617 0.77636719 0.00000000
vt 0.07763672 0.77172852 0.00000000
vt 0.09008789 0.77001953 0.00000000
vt 0.07666016 0.76831055 0.00000000
vt 0.09375000 0.76464844 0.00000000
vt 0.07348633 0.76049805 0.00000000
vt 0.05712891 0.76464844 0.00000000
vt 0.05029297 0.76806641 0.00000000
vt 0.04003906 0.77246094 0.00000000
vt 0.04638672 0.76879883 0.00000000
vt 0.03759766 0.77294922 0.00000000
vt 0.02783203 0.75976562 0.00000000
vt 0.00048828 0.77221680 0.00000000
vt 0.01489258 0.78344727 0.00000000
vt 0.01684570 0.76464844 0.00000000
vt 0.01611328 0.75976562 0.00000000
vt 0.04077148 0.74902344 0.00000000
vt 0.03588867 0.74584961 0.00000000
vt 0.00756836 0.72216797 0.00000000
vt 0.05297852 0.74365234 0.00000000
vt 0.02539062 0.72485352 0.00000000
vt 0.04736328 0.72290039 0.00000000
vt 0.01977539 0.70825195 0.00000000
vt 0.00317383 0.70654297 0.00000000
vt 0.00463867 0.68872070 0.00000000
vt 0.04858398 0.70312500 0.00000000
vt 0.02270508 0.69555664 0.00000000
vt 0.01318359 0.67919922 0.00000000
vt 0.06787109 0.72070312 0.00000000
vt 0.02905273 0.67163086 0.00000000
vt 0.00097656 0.66479492 0.00000000
vt 0.05004883 0.69311523 0.00000000
vt 0.06176758 0.69335938 0.00000000
vt 0.07006836 0.73071289 0.00000000
vt 0.03808594 0.68017578 0.00000000
vt 0.05908203 0.68261719 0.00000000
vt 0.07128906 0.66503906 0.00000000
vt 0.08569336 0.67626953 0.00000000
vt 0.09008789 0.71777344 0.00000000
vt 0.09057617 0.70068359 0.00000000
vt 0.11450195 0.71435547 0.00000000
vt 0.10913086 0.68920898 0.00000000
vt 0.12207031 0.67944336 0.00000000
vt 0.13256836 0.69262695 0.00000000
vt 0.10937500 0.66796875 0.00000000
vt 0.12451172 0.71289062 0.00000000
vt 0.13037109 0.72558594 0.00000000
vt 0.10693359 0.73559570 0.00000000
vt 0.11962891 0.73388672 0.00000000
vt 0.13574219 0.73168945 0.00000000
vt 0.11523438 0.73974609 0.00000000
vt 0.14550781 0.74633789 0.00000000
vt 0.09057617 0.73803711 0.00000000
vt 0.07006836 0.74121094 0.00000000
vt 0.12622070 0.74975586 0.00000000
vt 0.13940430 0.74804688 0.00000000
vt 0.14990234 0.75122070 0.00000000
vt 0.10986328 0.75146484 0.00000000
vt 0.07250977 0.75732422 0.00000000
vt 0.08374023 0.75561523 0.00000000
vt 0.09472656 0.75415039 0.00000000
vt 0.10815430 0.75268555 0.00000000
vt 0.12109375 0.75927734 0.00000000
vt 0.13964844 0.76318359 0.00000000
vt 0.12573242 0.76489258 0.00000000
vt 0.01928711 0.57714844 0.00000000
vt 0.06250000 0.54882812 0.00000000
vt 0.04907227 0.59301758 0.00000000
vt 0.10058594 0.59448242 0.00000000
vt 0.00708008 0.63940430 0.00000000
vt 0.02832031 0.64453125 0.00000000
vt 0.05786133 0.63916016 0.00000000
vt 0.00805664 0.65844727 0.00000000
vt 0.10522461 0.63989258 0.00000000
vt 0.01513672 0.65795898 0.00000000
vt 0.01293945 0.65893555 0.00000000
vt 0.00000000 0.65966797 0.00000000
vt 0.02197266 0.65771484 0.00000000
vt 0.04418945 0.65161133 0.00000000
vt 0.05078125 0.65429688 0.00000000
vt 0.05883789 0.65356445 0.00000000
vt 0.07104492 0.65283203 0.00000000
vt 0.08129883 0.65136719 0.00000000
vt 0.08862305 0.65063477 0.00000000
vt 0.09033203 0.65893555 0.00000000
vt 0.12451172 0.65283203 0.00000000
vt 0.09985352 0.64941406 0.00000000
vt 0.11059570 0.64819336 0.00000000
vt 0.18872070 0.06225586 0.00000000
vt 0.14111328 0.09692383 0.00000000
vt 0.16748047 0.05834961 0.00000000
vt 0.12329102 0.08129883 0.00000000
vt 0.10839844 0.11401367 0.00000000
vt 0.09790039 0.09887695 0.00000000
vt 0.11352539 0.16479492 0.00000000
vt 0.09252930 0.17163086 0.00000000
vt 0.08740234 0.17602539 0.00000000
vt 0.09155273 0.18066406 0.00000000
vt 0.08300781 0.17382812 0.00000000
vt 0.07592773 0.15551758 0.00000000
vt 0.06835938 0.10424805 0.00000000
vt 0.05957031 0.15258789 0.00000000
vt 0.01660156 0.06030273 0.00000000
vt 0.92675781 0.83398438 0.00000000
vt 0.90209961 0.77709961 0.00000000
vt 0.94604492 0.80932617 0.00000000
vt 0.99804688 0.81958008 0.00000000
vt 0.97094727 0.84375000 0.00000000
vt 0.93750000 0.86596680 0.00000000
vt 0.91552734 0.86010742 0.00000000
vt 0.92333984 0.87182617 0.00000000
vt 0.95971680 0.87353516 0.00000000
vt 0.92993164 0.87255859 0.00000000
vt 1.00000000 0.86914062 0.00000000
vt 0.92065430 0.87890625 0.00000000
vt 0.92016602 0.87207031 0.00000000
vt 0.91601562 0.87109375 0.00000000
vt 0.93603516 0.87255859 0.00000000
vt 0.94555664 0.87377930 0.00000000
vt 0.94140625 0.87622070 0.00000000
vt 0.95312500 0.87646484 0.00000000
vt 0.95605469 0.89770508 0.00000000
vt 0.91845703 0.89208984 0.00000000
vt 0.95922852 0.87841797 0.00000000
vt 0.97045898 0.87817383 0.00000000
vt 0.98022461 0.87866211 0.00000000
vt 0.97167969 0.88427734 0.00000000
vt 0.99340820 0.88720703 0.00000000
vt 0.97973633 0.89208984 0.00000000
vt 0.98950195 0.90332031 0.00000000
vt 0.97436523 0.90917969 0.00000000
vt 0.98681641 0.91577148 0.00000000
vt 0.93408203 0.90795898 0.00000000
vt 0.91406250 0.90209961 0.00000000
vt 0.95458984 0.90844727 0.00000000
vt 0.97241211 0.91943359 0.00000000
vt 0.99560547 0.93872070 0.00000000
vt 0.93237305 0.93359375 0.00000000
vt 0.90991211 0.91235352 0.00000000
vt 0.95214844 0.92285156 0.00000000
vt 0.94921875 0.93969727 0.00000000
vt 0.95898438 0.94848633 0.00000000
vt 0.97583008 0.95190430 0.00000000
vt 0.98559570 0.95190430 0.00000000
vt 0.98657227 0.95532227 0.00000000
vt 0.97558594 0.95751953 0.00000000
vt 0.99877930 0.96606445 0.00000000
vt 0.99194336 0.96948242 0.00000000
vt 0.94970703 0.94775391 0.00000000
vt 0.96435547 0.95996094 0.00000000
vt 0.98950195 0.97192383 0.00000000
vt 0.97924805 0.96923828 0.00000000
vt 0.96875000 0.96679688 0.00000000
vt 0.95996094 0.96264648 0.00000000
vt 0.94848633 0.95874023 0.00000000
vt 0.94848633 0.95654297 0.00000000
vt 0.94042969 0.95849609 0.00000000
vt 0.93408203 0.95361328 0.00000000
vt 0.93359375 0.95703125 0.00000000
vt 0.92333984 0.95849609 0.00000000
vt 0.93750000 0.94580078 0.00000000
vt 0.91210938 0.95336914 0.00000000
vt 0.91406250 0.95703125 0.00000000
vt 0.89477539 0.95996094 0.00000000
vt 0.90185547 0.96166992 0.00000000
vt 0.89208984 0.95336914 0.00000000
vt 0.91772461 0.94726562 0.00000000
vt 0.90820312 0.94531250 0.00000000
vt 0.91943359 0.94360352 0.00000000
vt 0.91674805 0.93066406 0.00000000
vt 0.89331055 0.94824219 0.00000000
vt 0.89208984 0.92187500 0.00000000
vt 0.71557617 0.94042969 0.00000000
vt 0.69433594 0.94531250 0.00000000
vt 0.69946289 0.90869141 0.00000000
vt 0.71142578 0.96679688 0.00000000
vt 0.73681641 0.92163086 0.00000000
vt 0.73706055 0.96240234 0.00000000
vt 0.74047852 0.94482422 0.00000000
vt 0.73925781 0.97460938 0.00000000
vt 0.73779297 0.98022461 0.00000000
vt 0.74462891 0.97607422 0.00000000
vt 0.74218750 0.96801758 0.00000000
vt 0.74340820 0.95727539 0.00000000
vt 0.74658203 0.95727539 0.00000000
vt 0.75341797 0.96191406 0.00000000
vt 0.74438477 0.95019531 0.00000000
vt 0.75585938 0.94409180 0.00000000
vt 0.75976562 0.96777344 0.00000000
vt 0.75903320 0.98095703 0.00000000
vt 0.74536133 0.94433594 0.00000000
vt 0.77026367 0.98657227 0.00000000
vt 0.74462891 0.93920898 0.00000000
vt 0.74340820 0.93334961 0.00000000
vt 0.74560547 0.92700195 0.00000000
vt 0.74218750 0.92504883 0.00000000
vt 0.74218750 0.91577148 0.00000000
vt 0.74633789 0.91284180 0.00000000
vt 0.75439453 0.92871094 0.00000000
vt 0.76733398 0.90917969 0.00000000
vt 0.76464844 0.94384766 0.00000000
vt 0.77319336 0.93066406 0.00000000
vt 0.77709961 0.90771484 0.00000000
vt 0.77465820 0.94531250 0.00000000
vt 0.78100586 0.92529297 0.00000000
vt 0.79614258 0.90893555 0.00000000
vt 0.77050781 0.96557617 0.00000000
vt 0.79101562 0.93310547 0.00000000
vt 0.80932617 0.91918945 0.00000000
vt 0.78222656 0.94531250 0.00000000
vt 0.77954102 0.95849609 0.00000000
vt 0.77954102 0.96875000 0.00000000
vt 0.79370117 0.98486328 0.00000000
vt 0.79565430 0.96044922 0.00000000
vt 0.79882812 0.94628906 0.00000000
vt 0.78930664 0.97070312 0.00000000
vt 0.80737305 0.96655273 0.00000000
vt 0.81030273 0.94702148 0.00000000
vt 0.81665039 0.90405273 0.00000000
vt 0.81420898 0.91455078 0.00000000
vt 0.81567383 0.93334961 0.00000000
vt 0.82080078 0.91284180 0.00000000
vt 0.81323242 0.94750977 0.00000000
vt 0.80468750 0.98217773 0.00000000
vt 0.80297852 0.99291992 0.00000000
vt 0.80566406 0.99243164 0.00000000
vt 0.80981445 0.97290039 0.00000000
vt 0.81445312 0.98413086 0.00000000
vt 0.81982422 0.96142578 0.00000000
vt 0.82153320 0.94531250 0.00000000
vt 0.81958008 0.97241211 0.00000000
vt 0.82397461 0.93383789 0.00000000
vt 0.81909180 0.98242188 0.00000000
vt 0.81787109 0.98925781 0.00000000
vt 0.82031250 0.99121094 0.00000000
vt 0.83203125 0.97290039 0.00000000
vt 0.83203125 0.98095703 0.00000000
vt 0.83203125 0.99365234 0.00000000
vt 0.83666992 0.99462891 0.00000000
vt 0.83227539 0.96240234 0.00000000
vt 0.83740234 0.97924805 0.00000000
vt 0.83666992 0.96215820 0.00000000
vt 0.83251953 0.94873047 0.00000000
vt 0.83374023 0.94018555 0.00000000
vt 0.84399414 0.94995117 0.00000000
vt 0.84570312 0.98632812 0.00000000
vt 0.84790039 0.99609375 0.00000000
vt 0.84545898 0.97485352 0.00000000
vt 0.84545898 0.95800781 0.00000000
vt 0.85351562 0.98632812 0.00000000
vt 0.85742188 0.99414062 0.00000000
vt 0.85546875 0.96508789 0.00000000
vt 0.86718750 0.97827148 0.00000000
vt 0.86743164 0.99536133 0.00000000
vt 0.87402344 0.98291016 0.00000000
vt 0.89550781 0.99511719 0.00000000
vt 0.89062500 0.97753906 0.00000000
vt 0.89404297 0.96875000 0.00000000
vt 0.87280273 0.96313477 0.00000000
vt 0.87255859 0.95117188 0.00000000
vt 0.86523438 0.95166016 0.00000000
vt 0.87109375 0.92773438 0.00000000
vt 0.85717773 0.95117188 0.00000000
vt 0.85913086 0.93627930 0.00000000
vt 0.84838867 0.93847656 0.00000000
vt 0.85107422 0.92431641 0.00000000
vt 0.83593750 0.93066406 0.00000000
vt 0.86230469 0.91528320 0.00000000
vt 0.88037109 0.90820312 0.00000000
vt 0.85034180 0.90844727 0.00000000
vt 0.83740234 0.90942383 0.00000000
vt 0.82421875 0.92456055 0.00000000
vt 0.83593750 0.92163086 0.00000000
vt 0.82446289 0.91699219 0.00000000
vt 0.82128906 0.90576172 0.00000000
vt 0.82324219 0.91430664 0.00000000
vt 0.44628906 0.01831055 0.00000000
vt 0.44287109 0.01318359 0.00000000
vt 0.45654297 0.02246094 0.00000000
vt 0.45141602 0.02294922 0.00000000
vt 0.45288086 0.02807617 0.00000000
vt 0.45092773 0.02661133 0.00000000
vt 0.45410156 0.03369141 0.00000000
vt 0.45141602 0.03857422 0.00000000
vt 0.45532227 0.03466797 0.00000000
vt 0.45605469 0.04199219 0.00000000
vt 0.46142578 0.03735352 0.00000000
vt 0.45043945 0.05175781 0.00000000
vt 0.46191406 0.02221680 0.00000000
vt 0.45849609 0.00683594 0.00000000
vt 0.47045898 0.03125000 0.00000000
vt 0.47265625 0.01538086 0.00000000
vt 0.48510742 0.01025391 0.00000000
vt 0.45605469 0.04956055 0.00000000
vt 0.46093750 0.05102539 0.00000000
vt 0.45336914 0.05761719 0.00000000
vt 0.45166016 0.06445312 0.00000000
vt 0.44213867 0.07885742 0.00000000
vt 0.42773438 0.06127930 0.00000000
vt 0.44897461 0.07739258 0.00000000
vt 0.45336914 0.07690430 0.00000000
vt 0.46997070 0.06030273 0.00000000
vt 0.46655273 0.07299805 0.00000000
vt 0.44287109 0.08666992 0.00000000
vt 0.47314453 0.05200195 0.00000000
vt 0.48071289 0.07543945 0.00000000
vt 0.48071289 0.09204102 0.00000000
vt 0.47412109 0.09985352 0.00000000
vt 0.49218750 0.07177734 0.00000000
vt 0.49243164 0.09448242 0.00000000
vt 0.50341797 0.09228516 0.00000000
vt 0.48803711 0.05395508 0.00000000
vt 0.49951172 0.05517578 0.00000000
vt 0.48535156 0.03735352 0.00000000
vt 0.48510742 0.02343750 0.00000000
vt 0.49707031 0.02368164 0.00000000
vt 0.48706055 0.00024414 0.00000000
vt 0.50903320 0.07348633 0.00000000
vt 0.52563477 0.07666016 0.00000000
vt 0.51831055 0.09936523 0.00000000
vt 0.51074219 0.05517578 0.00000000
vt 0.50830078 0.02978516 0.00000000
vt 0.51171875 0.01464844 0.00000000
vt 0.51464844 0.00415039 0.00000000
vt 0.51977539 0.05566406 0.00000000
vt 0.52075195 0.02978516 0.00000000
vt 0.52807617 0.01904297 0.00000000
vt 0.52856445 0.04516602 0.00000000
vt 0.52832031 0.01391602 0.00000000
vt 0.53295898 0.00317383 0.00000000
vt 0.53027344 0.01025391 0.00000000
vt 0.52783203 0.02807617 0.00000000
vt 0.54125977 0.01879883 0.00000000
vt 0.53955078 0.00781250 0.00000000
vt 0.54272461 0.01196289 0.00000000
vt 0.54077148 0.02343750 0.00000000
vt 0.54150391 0.03198242 0.00000000
vt 0.54223633 0.04101562 0.00000000
vt 0.54223633 0.04956055 0.00000000
vt 0.53979492 0.05664062 0.00000000
vt 0.52734375 0.05664062 0.00000000
vt 0.52685547 0.06469727 0.00000000
vt 0.53881836 0.06884766 0.00000000
vt 0.53344727 0.07373047 0.00000000
vt 0.54223633 0.08081055 0.00000000
vt 0.52490234 0.08764648 0.00000000
vt 0.52172852 0.09960938 0.00000000
vt 0.53808594 0.09375000 0.00000000
vt 0.53979492 0.09082031 0.00000000
vt 0.53515625 0.10180664 0.00000000
vt 0.54980469 0.47412109 0.00000000
vt 0.57299805 0.47973633 0.00000000
vt 0.59863281 0.48706055 0.00000000
vt 0.58862305 0.47143555 0.00000000
vt 0.58129883 0.47265625 0.00000000
vt 0.55004883 0.47094727 0.00000000
vt 0.56445312 0.47290039 0.00000000
vt 0.56176758 0.46533203 0.00000000
vt 0.56518555 0.45849609 0.00000000
vt 0.57470703 0.47338867 0.00000000
vt 0.57592773 0.45898438 0.00000000
vt 0.59130859 0.46118164 0.00000000
vt 0.59619141 0.46728516 0.00000000
vt 0.58227539 0.45898438 0.00000000
vt 0.58837891 0.45825195 0.00000000
vt 0.59594727 0.45629883 0.00000000

# 1126 vertex normals
vn -0.04724409 -0.42519686 0.90551180
vn 0.13385826 0.00787402 0.99212599
vn -0.18110237 0.20472440 0.96062994
vn 0.04724409 0.89763778 0.44094488
vn 0.16535433 -0.40944880 0.89763778
vn 0.18110237 0.18897638 0.96850395
vn 0.00000000 0.96850395 0.23622048
vn 0.18897638 -0.18110237 0.96850395
vn -0.00787402 -0.77165353 0.63779527
vn -0.14960630 -0.59842521 0.78740156
vn 0.11811024 -0.76377952 0.62992126
vn 0.17322835 0.39370078 0.90551180
vn 0.04724409 0.96850395 0.25196850
vn 0.17322835 0.36220473 0.91338581
vn 0.04724409 0.97637796 0.22834645
vn 0.16535433 -0.46456692 0.86614174
vn 0.18110237 -0.21259843 0.96062994
vn 0.11811024 -0.77165353 0.62992126
vn 0.03937008 0.96850395 0.23622048
vn 0.04724409 0.96850395 0.24409449
vn 0.03937008 0.96850395 0.22834645
vn -0.05511811 0.96062994 -0.27559054
vn -0.07874016 0.89763778 -0.42519686
vn -0.01574803 0.86614174 -0.49606299
vn -0.01574803 0.97637796 0.22834645
vn -0.03937008 0.97637796 0.22834645
vn -0.04724409 0.96850395 0.23622048
vn 0.11023622 0.79527557 -0.59842521
vn 0.00000000 0.74803150 -0.66141731
vn 0.05511811 0.95275593 -0.30708662
vn 0.00787402 1.00000000 -0.06299213
vn 0.12598425 0.74803150 -0.65354329
vn 0.12598425 0.74015749 -0.66141731
vn 0.11811024 0.74015749 -0.66141731
vn -0.17322835 0.37795275 0.90551180
vn -0.18897638 0.15748031 0.96850395
vn -0.18897638 -0.13385826 0.97637796
vn -0.17322835 0.35433072 0.92125982
vn -0.18897638 -0.00787402 0.98425198
vn -0.16535433 -0.44094488 0.88188976
vn -0.11811024 -0.76377952 0.62992126
vn -0.11811024 -0.77165353 0.62992126
vn -0.11811024 -0.77952754 0.62204725
vn -0.11811024 -0.77952754 0.61417323
vn 0.00000000 -0.78740156 0.62204725
vn -0.00787402 -0.77952754 0.62204725
vn 0.11811024 -0.77952754 0.61417323
vn -0.08661418 -0.87401575 0.47244096
vn -0.10236220 -0.80314958 0.59055120
vn 0.00000000 -1.00000000 0.00000000
vn -0.05511811 -0.77165353 0.62992126
vn -0.08661418 -0.88976377 0.44094488
vn 0.01574803 -0.99212599 0.09448819
vn 0.07086614 -0.78740156 0.61417323
vn 0.07086614 -0.77165353 0.62992126
vn 0.00000000 -1.00000000 0.01574803
vn 0.11811024 -0.77165353 0.62204725
vn 0.11811024 -0.76377952 0.63779527
vn 0.12598425 -0.76377952 0.62992126
vn 0.11023622 -0.77165353 0.62992126
vn 0.08661418 -0.88976377 0.44094488
vn 0.01574803 -0.99212599 0.08661418
vn 0.00000000 -1.00000000 0.00787402
vn -0.18110237 0.10236220 0.97637796
vn -0.15748031 -0.50393701 0.85039371
vn -0.18110237 0.17322835 0.96850395
vn -0.17322835 -0.38582677 0.90551180
vn -0.11811024 -0.77165353 0.62204725
vn -0.18110237 -0.31496063 0.92913383
vn -0.14960630 -0.59055120 0.78740156
vn -0.25196850 -0.77165353 0.58267719
vn -0.25196850 -0.70866144 0.66141731
vn -0.40157479 -0.00787402 0.91338581
vn -0.47244096 -0.52755904 0.70866144
vn -0.19685039 0.01574803 0.98425198
vn -0.04724409 0.96850395 0.24409449
vn -0.26771653 0.48818898 0.83464569
vn -0.10236220 0.96850395 0.22047244
vn -0.38582677 0.71653545 0.58267719
vn -0.55118108 0.18110237 0.81889760
vn -0.14173228 0.96850395 0.20472440
vn -0.55905509 0.00000000 0.83464569
vn -0.14173228 0.96850395 0.21259843
vn -0.14960630 0.96850395 0.20472440
vn -0.51181102 0.41732284 0.75590551
vn -0.14960630 0.96850395 0.22047244
vn -0.50393701 0.43307087 0.74803150
vn -0.55905509 0.01574803 0.82677168
vn -0.48818898 -0.48818898 0.72440946
vn 0.11023622 0.97637796 -0.17322835
vn 0.23622048 0.90551180 -0.35433072
vn 0.18110237 0.89763778 -0.39370078
vn 0.37007874 0.74015749 -0.55905509
vn -0.40944880 -0.66929132 0.62204725
vn -0.36220473 -0.76377952 0.53543305
vn -0.51968503 -0.33070865 0.78740156
vn -0.36220473 -0.76377952 0.54330707
vn -0.35433072 -0.77165353 0.52755904
vn -0.22834645 -0.77952754 0.58267719
vn -0.35433072 -0.76377952 0.53543305
vn -0.21259843 -0.77165353 0.59842521
vn -0.29921260 -0.76377952 0.56692910
vn -0.11811024 -0.76377952 0.63779527
vn -0.36220473 -0.76377952 0.52755904
vn -0.29133859 -0.85039371 0.43307087
vn -0.20472440 -0.92913383 0.30708662
vn -0.19685039 -0.77165353 0.59842521
vn -0.26771653 -0.88188976 0.39370078
vn -0.17322835 -0.82677168 0.54330707
vn -0.07086614 -0.92913383 0.37007874
vn -0.10236220 -0.82677168 0.55118108
vn -0.03937008 -0.97637796 0.19685039
vn -0.11811024 -0.78740156 0.60629922
vn -0.00787402 -1.00000000 0.06299213
vn 0.18110237 0.13385826 0.97637796
vn 0.17322835 -0.38582677 0.90551180
vn 0.18110237 0.19685039 0.96062994
vn 0.17322835 0.40944880 0.89763778
vn 0.22047244 -0.77165353 0.59842521
vn 0.18897638 -0.22047244 0.95275593
vn 0.27559054 -0.55905509 0.78740156
vn 0.37007874 0.09448819 0.92125982
vn 0.48031497 -0.49606299 0.71653545
vn 0.12598425 0.96850395 0.22047244
vn 0.55905509 0.11811024 0.82677168
vn 0.55118108 -0.13385826 0.82677168
vn 0.36220473 -0.76377952 0.53543305
vn 0.51181102 0.40157479 0.76377952
vn 0.52755904 0.25984251 0.81102359
vn 0.54330707 -0.14960630 0.82677168
vn 0.14173228 0.96850395 0.21259843
vn 0.55905509 0.00787402 0.83464569
vn 0.51968503 -0.34645671 0.77952754
vn 0.52755904 0.33858266 0.77952754
vn 0.55905509 0.01574803 0.83464569
vn 0.41732284 0.65354329 0.62992126
vn 0.13385826 0.96850395 0.20472440
vn 0.36220473 -0.76377952 0.54330707
vn 0.36220473 -0.76377952 0.52755904
vn 0.35433072 -0.77165353 0.52755904
vn 0.21259843 -0.77952754 0.59055120
vn 0.24409449 -0.77165353 0.58267719
vn 0.35433072 -0.77165353 0.53543305
vn 0.35433072 -0.76377952 0.53543305
vn 0.22834645 -0.77165353 0.59055120
vn 0.21259843 -0.83464569 0.51181102
vn 0.28346455 -0.85039371 0.43307087
vn 0.09448819 -0.98425198 0.14173228
vn 0.09448819 -0.87401575 0.48031497
vn 0.04724409 -0.96062994 0.26771653
vn 0.10236220 -0.83464569 0.53543305
vn 0.30708662 -0.83464569 0.45669290
vn 0.24409449 -0.89763778 0.36220473
vn -0.00787402 1.00000000 -0.06299213
vn -0.11811024 0.74803150 -0.65354329
vn -0.06299213 0.92913383 -0.35433072
vn -0.20472440 0.74803150 -0.62992126
vn -0.04724409 0.99212599 -0.14173228
vn 0.13385826 0.96850395 0.19685039
vn -0.31496063 0.83464569 -0.46456692
vn -0.20472440 0.92125982 -0.32283464
vn -0.37007874 0.74015749 -0.55905509
vn -0.33858266 0.79527557 -0.50393701
vn 0.10236220 0.98425198 0.15748031
vn -0.30708662 0.83464569 -0.46456692
vn -0.34645671 0.79527557 -0.49606299
vn -0.37795275 0.74015749 -0.55905509
vn -0.36220473 0.76377952 -0.53543305
vn -0.37795275 0.73228347 -0.56692910
vn -0.24409449 0.74803150 -0.62204725
vn -0.30708662 0.74803150 -0.59055120
vn -0.11811024 0.74015749 -0.66141731
vn -0.11811024 0.73228347 -0.66929132
vn -0.12598425 0.73228347 -0.66929132
vn -0.20472440 0.74803150 -0.63779527
vn -0.23622048 0.77165353 -0.58267719
vn -0.09448819 0.84251970 -0.52755904
vn -0.10236220 0.80314958 -0.59055120
vn 0.00000000 1.00000000 0.00000000
vn -0.07086614 0.92913383 -0.35433072
vn -0.11811024 0.97637796 -0.17322835
vn -0.16535433 0.95275593 -0.25196850
vn -0.07874016 0.99212599 -0.12598425
vn -0.10236220 0.98425198 -0.15748031
vn -0.19685039 0.93700784 -0.28346455
vn -0.14960630 0.96062994 -0.22047244
vn -0.12598425 0.74803150 -0.65354329
vn -0.04724409 0.74803150 -0.66929132
vn 0.05511811 0.75590551 -0.65354329
vn 0.11811024 0.74803150 -0.65354329
vn -0.01574803 0.74803150 -0.66141731
vn 0.07874016 0.88976377 -0.44094488
vn 0.10236220 0.82677168 -0.55118108
vn -0.03937008 0.86614174 -0.49606299
vn -0.06299213 0.93700784 -0.34645671
vn -0.03937008 0.96850395 -0.24409449
vn 0.08661418 0.88188976 -0.47244096
vn 0.06299213 0.94488192 -0.31496063
vn 0.20472440 0.74803150 -0.62992126
vn 0.26771653 0.74803150 -0.60629922
vn 0.37795275 0.74015749 -0.55905509
vn 0.37795275 0.73228347 -0.56692910
vn 0.31496063 0.74015749 -0.59055120
vn 0.25196850 0.74803150 -0.62204725
vn 0.11811024 0.74015749 -0.66929132
vn 0.30708662 0.74015749 -0.59842521
vn 0.01574803 0.99212599 -0.10236220
vn 0.08661418 0.84251970 -0.52755904
vn 0.15748031 0.88188976 -0.44094488
vn 0.31496063 0.82677168 -0.47244096
vn 0.37795275 0.73228347 -0.55905509
vn 0.33858266 0.78740156 -0.51181102
vn 0.14960630 0.96062994 -0.22047244
vn 0.08661418 0.99212599 -0.12598425
vn -0.48031497 0.51968503 0.70866144
vn -0.51968503 0.32283464 0.78740156
vn -0.49606299 -0.45669290 0.74015749
vn -0.49606299 -0.44881889 0.74015749
vn -0.54330707 0.14173228 0.82677168
vn -0.15748031 0.96850395 0.19685039
vn -0.74015749 0.07086614 0.66929132
vn -0.46456692 -0.77165353 0.43307087
vn -0.18897638 0.96850395 0.16535433
vn -0.70078743 -0.37007874 0.60629922
vn -0.43307087 0.85826772 0.28346455
vn -0.82677168 0.00787402 0.55905509
vn -0.67716533 -0.57480317 0.45669290
vn -0.60629922 -0.68503934 0.40944880
vn -0.53543305 -0.76377952 0.36220473
vn -0.48818898 -0.77165353 0.40157479
vn -0.52755904 -0.77165353 0.36220473
vn -0.80314958 -0.25196850 0.54330707
vn -0.82677168 0.01574803 0.55905509
vn -0.52755904 -0.76377952 0.36220473
vn -0.53543305 -0.75590551 0.37007874
vn -0.53543305 -0.76377952 0.37007874
vn -0.38582677 -0.77952754 0.49606299
vn -0.45669290 -0.77165353 0.44094488
vn -0.44881889 -0.77165353 0.45669290
vn -0.37007874 -0.75590551 0.53543305
vn -0.38582677 -0.88188976 0.27559054
vn -0.47244096 -0.81889760 0.32283464
vn -0.23622048 -0.96062994 0.15748031
vn -0.40157479 -0.87401575 0.27559054
vn -0.40157479 -0.86614174 0.28346455
vn -0.44881889 -0.77165353 0.44881889
vn -0.05511811 -1.00000000 0.05511811
vn -0.25984251 -0.88976377 0.37007874
vn -0.22047244 -0.91338581 0.33070865
vn -0.34645671 -0.77952754 0.52755904
vn -0.00787402 -1.00000000 0.01574803
vn -0.29921260 -0.83464569 0.45669290
vn -0.25196850 -0.88976377 0.37795275
vn 0.48031497 -0.50393701 0.71653545
vn 0.42519686 -0.65354329 0.62992126
vn 0.55118108 -0.10236220 0.82677168
vn 0.41732284 -0.77165353 0.48031497
vn 0.36220473 -0.75590551 0.54330707
vn 0.42519686 -0.77165353 0.47244096
vn 0.07086614 -0.99212599 0.11023622
vn 0.08661418 -0.99212599 0.12598425
vn 0.25196850 -0.92913383 0.25984251
vn 0.43307087 -0.85039371 0.29133859
vn 0.48031497 -0.76377952 0.43307087
vn 0.53543305 -0.76377952 0.36220473
vn 0.42519686 -0.85826772 0.29133859
vn 0.52755904 -0.77165353 0.35433072
vn 0.49606299 -0.77165353 0.39370078
vn 0.52755904 -0.77165353 0.36220473
vn 0.52755904 -0.76377952 0.36220473
vn 0.47244096 -0.77165353 0.42519686
vn 0.61417323 -0.67716533 0.41732284
vn 0.77165353 -0.37007874 0.51968503
vn 0.81889760 -0.17322835 0.55118108
vn 0.57480317 -0.71653545 0.38582677
vn 0.82677168 0.01574803 0.55905509
vn 0.73228347 -0.47244096 0.48818898
vn 0.48818898 -0.48031497 0.73228347
vn 0.82677168 0.00000000 0.55905509
vn 0.70866144 -0.34645671 0.61417323
vn 0.80314958 0.22047244 0.55118108
vn 0.64566928 0.18897638 0.74015749
vn 0.51968503 0.32283464 0.78740156
vn 0.16535433 0.96850395 0.16535433
vn 0.46456692 0.54330707 0.70078743
vn 0.54330707 0.21259843 0.81102359
vn 0.12598425 0.96850395 0.19685039
vn -0.14173228 0.96850395 -0.20472440
vn -0.24409449 0.89763778 -0.36220473
vn -0.25984251 0.91338581 -0.31496063
vn -0.48818898 0.74015749 -0.45669290
vn -0.41732284 0.74015749 -0.52755904
vn -0.54330707 0.74015749 -0.40157479
vn -0.37795275 0.74015749 -0.56692910
vn -0.17322835 0.95275593 -0.26771653
vn -0.17322835 0.95275593 -0.25984251
vn -0.07874016 0.99212599 -0.11811024
vn -0.32283464 0.81889760 -0.47244096
vn -0.48031497 0.74803150 -0.45669290
vn -0.43307087 0.82677168 -0.34645671
vn -0.55905509 0.74015749 -0.37795275
vn -0.32283464 0.92125982 -0.22834645
vn -0.32283464 0.92125982 -0.22047244
vn -0.10236220 0.99212599 -0.07086614
vn -0.56692910 0.73228347 -0.37795275
vn -0.55905509 0.73228347 -0.37795275
vn -0.46456692 0.82677168 -0.31496063
vn -0.47244096 0.82677168 -0.31496063
vn 0.19685039 0.96850395 0.13385826
vn 0.20472440 0.96850395 0.13385826
vn 0.21259843 0.96850395 0.14173228
vn 0.22047244 0.96062994 0.14960630
vn 0.81889760 0.16535433 0.55118108
vn 0.83464569 0.01574803 0.55118108
vn 0.78740156 0.32283464 0.52755904
vn 0.62204725 0.66141731 0.41732284
vn 0.60629922 0.68503934 0.40157479
vn 0.18897638 0.94488192 -0.28346455
vn 0.22834645 0.91338581 -0.34645671
vn 0.20472440 0.96062994 -0.18897638
vn 0.47244096 0.74803150 -0.45669290
vn 0.41732284 0.74015749 -0.53543305
vn 0.44094488 0.84251970 -0.29921260
vn 0.55905509 0.74015749 -0.37795275
vn 0.50393701 0.74015749 -0.44881889
vn 0.46456692 0.74015749 -0.48031497
vn 0.37007874 0.73228347 -0.56692910
vn 0.22047244 0.91338581 -0.33858266
vn 0.29921260 0.83464569 -0.46456692
vn 0.34645671 0.85826772 -0.37795275
vn 0.26771653 0.94488192 -0.17322835
vn 0.56692910 0.74015749 -0.37007874
vn 0.56692910 0.73228347 -0.37795275
vn 0.03149606 1.00000000 -0.01574803
vn 0.55118108 0.74015749 -0.37795275
vn 0.55905509 0.73228347 -0.38582677
vn 0.55905509 0.73228347 -0.37795275
vn 0.24409449 0.95275593 -0.17322835
vn 0.44881889 0.83464569 -0.30708662
vn -0.19685039 0.96850395 0.12598425
vn -0.21259843 0.96850395 0.14173228
vn -0.47244096 0.81889760 0.32283464
vn -0.48818898 0.81102359 0.33070865
vn -0.72440946 0.48818898 0.48818898
vn -0.66929132 -0.59055120 0.44881889
vn -0.81889760 -0.12598425 0.55905509
vn -0.77952754 0.33070865 0.52755904
vn -0.79527557 -0.25196850 0.55118108
vn -0.19685039 0.96850395 0.13385826
vn -0.69291341 0.54330707 0.47244096
vn -0.81102359 0.18110237 0.55905509
vn -0.08661418 0.99212599 0.07086614
vn -0.20472440 0.96850395 0.14173228
vn -0.21259843 0.96850395 0.10236220
vn -0.12598425 0.98425198 0.08661418
vn 0.55905509 0.74015749 -0.37007874
vn -0.22834645 0.96850395 0.08661418
vn 0.59842521 0.74015749 -0.30708662
vn 0.61417323 0.74015749 -0.28346455
vn 0.48818898 0.86614174 -0.14173228
vn 0.63779527 0.74015749 -0.18897638
vn 0.66141731 0.73228347 -0.13385826
vn 0.66141731 0.74015749 -0.13385826
vn 0.22047244 0.97637796 -0.04724409
vn 0.66929132 0.73228347 -0.13385826
vn 0.60629922 0.78740156 -0.12598425
vn -0.23622048 0.96850395 0.04724409
vn 0.44094488 0.88976377 -0.08661418
vn 0.04724409 1.00000000 -0.00787402
vn 0.66141731 0.74015749 -0.12598425
vn 0.66929132 0.73228347 -0.12598425
vn 0.61417323 0.74015749 -0.26771653
vn 0.62204725 0.74015749 -0.24409449
vn 0.55118108 0.74015749 -0.38582677
vn 0.44881889 0.84251970 -0.30708662
vn 0.43307087 0.84251970 -0.30708662
vn 0.35433072 0.90551180 -0.24409449
vn 0.01574803 1.00000000 -0.00787402
vn 0.59842521 0.78740156 -0.15748031
vn 0.12598425 0.99212599 -0.02362205
vn 0.28346455 0.96062994 -0.05511811
vn 0.21259843 0.97637796 -0.03937008
vn 0.20472440 0.96850395 0.14173228
vn -0.32283464 0.92125982 -0.21259843
vn -0.55905509 0.73228347 -0.38582677
vn -0.57480317 0.74015749 -0.35433072
vn -0.33858266 0.93700784 -0.11811024
vn -0.62992126 0.74015749 -0.23622048
vn -0.59842521 0.74803150 -0.29921260
vn -0.66929132 0.73228347 -0.13385826
vn -0.66141731 0.74015749 -0.12598425
vn -0.62204725 0.74803150 -0.22834645
vn -0.66141731 0.74015749 -0.13385826
vn -0.50393701 0.85826772 -0.10236220
vn 0.22834645 0.96850395 0.08661418
vn -0.58267719 0.80314958 -0.11811024
vn 0.23622048 0.96850395 0.04724409
vn -0.59842521 0.79527557 -0.12598425
vn -0.66141731 0.73228347 -0.13385826
vn -0.65354329 0.74015749 -0.13385826
vn 0.22834645 0.97637796 0.04724409
vn -0.45669290 0.88976377 -0.09448819
vn -0.65354329 0.74015749 -0.12598425
vn -0.64566928 0.74803150 -0.12598425
vn 0.66929132 0.73228347 0.13385826
vn 0.25196850 0.96850395 0.04724409
vn 0.94488192 0.24409449 0.20472440
vn 0.97637796 0.00000000 0.19685039
vn 0.87401575 0.44881889 0.17322835
vn 0.97637796 0.00787402 0.20472440
vn 0.92125982 0.33858266 0.19685039
vn 0.88976377 0.42519686 0.17322835
vn 0.97637796 0.01574803 0.19685039
vn 0.90551180 0.38582677 0.18110237
vn 0.87401575 -0.45669290 0.18110237
vn 0.76377952 -0.62992126 0.15748031
vn 0.62992126 -0.76377952 0.13385826
vn 0.83464569 -0.52755904 0.17322835
vn 0.63779527 -0.76377952 0.12598425
vn 0.78740156 -0.59842521 0.15748031
vn 0.83464569 -0.48818898 0.24409449
vn 0.62992126 -0.76377952 0.12598425
vn 0.62204725 -0.77165353 0.12598425
vn 0.58267719 -0.77165353 0.27559054
vn 0.04724409 -1.00000000 0.00787402
vn 0.61417323 -0.77952754 0.12598425
vn 0.59842521 -0.77165353 0.22834645
vn 0.58267719 -0.77165353 0.24409449
vn 0.33858266 -0.93700784 0.07086614
vn 0.03149606 -1.00000000 0.00787402
vn 0.20472440 -0.97637796 0.03937008
vn 0.42519686 -0.89763778 0.14173228
vn 0.20472440 -0.96850395 0.13385826
vn 0.22834645 -0.96062994 0.14960630
vn 0.07874016 -0.99212599 0.05511811
vn 0.01574803 -1.00000000 0.00787402
vn -0.53543305 -0.77165353 0.35433072
vn -0.59842521 -0.77165353 0.23622048
vn -0.52755904 -0.77165353 0.35433072
vn -0.58267719 -0.77165353 0.25984251
vn -0.57480317 -0.77165353 0.27559054
vn -0.54330707 -0.75590551 0.37007874
vn -0.06299213 -1.00000000 0.04724409
vn -0.06299213 -1.00000000 0.03937008
vn -0.51968503 -0.77952754 0.35433072
vn -0.03149606 -1.00000000 0.02362205
vn -0.04724409 -1.00000000 0.03149606
vn -0.44881889 -0.83464569 0.30708662
vn -0.00787402 -1.00000000 0.00787402
vn -0.50393701 -0.79527557 0.33858266
vn -0.54330707 -0.77165353 0.33070865
vn -0.44094488 -0.88188976 0.16535433
vn -0.07086614 -1.00000000 0.01574803
vn -0.62204725 -0.77165353 0.11811024
vn -0.59842521 -0.76377952 0.24409449
vn -0.62204725 -0.76377952 0.16535433
vn -0.62992126 -0.76377952 0.11811024
vn -0.60629922 -0.78740156 0.11811024
vn -0.11811024 -0.99212599 0.02362205
vn -0.62992126 -0.76377952 0.13385826
vn -0.62992126 -0.76377952 0.12598425
vn -0.62204725 -0.77165353 0.12598425
vn -0.61417323 -0.77165353 0.18110237
vn -0.62992126 -0.77165353 0.12598425
vn -0.62204725 -0.77165353 0.13385826
vn -0.63779527 -0.76377952 0.12598425
vn -0.92913383 -0.32283464 0.18897638
vn -0.96062994 -0.20472440 0.19685039
vn -0.90551180 -0.38582677 0.18110237
vn -0.96850395 -0.13385826 0.18897638
vn -0.91338581 -0.19685039 0.35433072
vn -0.98425198 0.01574803 0.19685039
vn -0.94488192 0.26771653 0.18897638
vn -0.94488192 0.25984251 0.19685039
vn -0.97637796 0.03937008 0.20472440
vn -0.24409449 0.96850395 0.04724409
vn -0.26771653 0.96062994 0.04724409
vn -0.94488192 0.22047244 0.25196850
vn -0.82677168 0.08661418 0.55905509
vn 0.55905509 0.73228347 0.38582677
vn 0.75590551 -0.40944880 0.51181102
vn 0.59055120 0.70078743 0.40157479
vn 0.71653545 -0.49606299 0.48818898
vn 0.85039371 0.27559054 0.44881889
vn 0.16535433 -0.97637796 0.11023622
vn 0.34645671 -0.90551180 0.24409449
vn -0.40944880 0.86614174 -0.28346455
vn -0.31496063 0.92913383 -0.20472440
vn 0.04724409 1.00000000 -0.03149606
vn -0.33070865 0.92125982 -0.22047244
vn -0.13385826 0.98425198 -0.08661418
vn -0.33070865 0.91338581 -0.22834645
vn -0.24409449 0.95275593 -0.17322835
vn -0.62992126 0.74803150 -0.22047244
vn -0.14960630 0.98425198 -0.06299213
vn -0.07086614 1.00000000 -0.01574803
vn -0.46456692 0.88188976 -0.08661418
vn -0.50393701 0.85826772 -0.09448819
vn -0.65354329 0.74803150 -0.12598425
vn -0.25984251 0.96850395 -0.04724409
vn -0.13385826 0.99212599 -0.02362205
vn -0.32283464 0.94488192 -0.06299213
vn -0.64566928 -0.75590551 0.12598425
vn -0.63779527 -0.75590551 0.12598425
vn -0.10236220 -0.99212599 0.01574803
vn -0.04724409 -1.00000000 0.00787402
vn -0.03937008 -1.00000000 0.00787402
vn -0.95275593 -0.23622048 0.19685039
vn -0.88976377 -0.41732284 0.18110237
vn -0.97637796 0.01574803 0.19685039
vn -0.25984251 0.96062994 0.05511811
vn -0.95275593 0.23622048 0.18897638
vn -0.22834645 0.97637796 0.04724409
vn 0.49606299 0.86614174 -0.10236220
vn -0.23622048 0.96850395 0.01574803
vn 0.66141731 0.74015749 -0.11811024
vn 0.57480317 0.81889760 0.00000000
vn 0.66929132 0.73228347 -0.11811024
vn 0.66141731 0.74015749 0.12598425
vn 0.48031497 0.87401575 0.09448819
vn -0.24409449 0.96850395 -0.04724409
vn 0.66929132 0.74803150 0.03149606
vn 0.56692910 0.81889760 0.11811024
vn 0.66141731 0.74015749 0.13385826
vn 0.34645671 0.93700784 0.07086614
vn 0.66141731 0.73228347 0.13385826
vn -0.68503934 0.71653545 -0.14173228
vn 0.65354329 0.75590551 -0.00787402
vn 0.65354329 0.74803150 0.12598425
vn 0.66141731 0.74803150 -0.03149606
vn 0.65354329 0.74015749 0.12598425
vn 0.65354329 0.74803150 0.13385826
vn 0.67716533 0.74015749 -0.02362205
vn 0.65354329 0.74803150 -0.12598425
vn 0.07086614 1.00000000 -0.01574803
vn 0.03937008 1.00000000 -0.00787402
vn 0.27559054 0.96062994 0.01574803
vn 0.43307087 0.89763778 0.08661418
vn 0.07874016 1.00000000 0.01574803
vn 0.19685039 0.97637796 0.03937008
vn 0.12598425 0.99212599 0.02362205
vn -0.60629922 0.78740156 -0.11811024
vn -0.53543305 0.83464569 -0.11023622
vn -0.66929132 0.74015749 -0.04724409
vn -0.29133859 0.96062994 0.03149606
vn 0.22834645 0.96850395 0.04724409
vn 0.95275593 0.22834645 0.19685039
vn 0.93700784 0.27559054 0.19685039
vn 0.96850395 -0.14960630 0.19685039
vn 0.88976377 -0.42519686 0.18110237
vn 0.23622048 0.96850395 -0.01574803
vn 0.96062994 -0.19685039 0.19685039
vn 0.63779527 -0.77165353 0.00000000
vn 0.62992126 -0.77165353 0.12598425
vn 0.62992126 -0.77952754 -0.03937008
vn 0.62992126 -0.77165353 0.03149606
vn 0.62204725 -0.77165353 -0.12598425
vn 0.62992126 -0.77165353 -0.12598425
vn 0.63779527 -0.77165353 -0.06299213
vn 0.62992126 -0.76377952 -0.12598425
vn 0.63779527 -0.77165353 0.03149606
vn 0.63779527 -0.75590551 -0.12598425
vn 0.79527557 -0.58267719 -0.16535433
vn 0.90551180 -0.38582677 -0.18110237
vn 0.86614174 -0.47244096 -0.18110237
vn 0.93700784 -0.29921260 -0.19685039
vn 0.97637796 0.00000000 -0.20472440
vn 0.97637796 -0.02362205 -0.19685039
vn 0.96850395 0.12598425 -0.19685039
vn 0.95275593 0.24409449 -0.19685039
vn 0.96850395 -0.22047244 -0.07086614
vn 0.92913383 0.31496063 -0.18897638
vn 0.23622048 0.96850395 -0.04724409
vn 0.96062994 0.18897638 -0.19685039
vn 0.98425198 0.14173228 0.07874016
vn 0.97637796 0.11811024 -0.20472440
vn -0.17322835 0.98425198 0.03149606
vn -0.21259843 0.97637796 0.03937008
vn -0.66141731 0.73228347 0.13385826
vn -0.66141731 0.74015749 0.13385826
vn -0.66141731 0.74015749 0.12598425
vn -0.66929132 0.74803150 -0.01574803
vn -0.65354329 0.74015749 0.13385826
vn -0.50393701 0.85826772 0.09448819
vn -0.47244096 0.87401575 0.09448819
vn -0.34645671 0.93700784 0.07086614
vn -0.58267719 0.80314958 0.11811024
vn -0.39370078 0.91338581 0.07874016
vn -0.32283464 0.94488192 0.00000000
vn -0.66141731 0.74803150 0.01574803
vn -0.03937008 1.00000000 -0.00787402
vn -0.09448819 0.99212599 -0.01574803
vn -0.66141731 0.74803150 -0.03149606
vn -0.64566928 0.75590551 -0.12598425
vn -0.33070865 0.93700784 -0.07086614
vn -0.47244096 0.87401575 -0.09448819
vn -0.63779527 -0.76377952 0.04724409
vn -0.62204725 -0.77952754 -0.07086614
vn -0.62204725 -0.77952754 -0.08661418
vn -0.63779527 -0.77165353 -0.04724409
vn -0.64566928 -0.76377952 -0.01574803
vn -0.62992126 -0.76377952 -0.12598425
vn -0.59842521 -0.79527557 0.11811024
vn -0.08661418 -0.99212599 0.01574803
vn -0.05511811 -1.00000000 0.00787402
vn -0.61417323 -0.77952754 0.12598425
vn -0.08661418 -1.00000000 0.01574803
vn -0.00787402 -1.00000000 0.00000000
vn -0.59055120 -0.80314958 -0.03149606
vn -0.63779527 -0.76377952 -0.12598425
vn -0.54330707 -0.83464569 -0.11023622
vn -0.62992126 -0.76377952 -0.13385826
vn -0.22047244 -0.97637796 -0.03937008
vn -0.63779527 -0.76377952 -0.13385826
vn -0.62992126 -0.77165353 -0.12598425
vn -0.62204725 -0.77165353 -0.12598425
vn -0.64566928 -0.75590551 -0.12598425
vn -0.36220473 -0.92913383 -0.07086614
vn -0.42519686 -0.89763778 -0.08661418
vn 0.13385826 -0.99212599 0.02362205
vn 0.33070865 -0.94488192 0.06299213
vn 0.61417323 -0.77952754 0.11023622
vn 0.31496063 -0.94488192 0.06299213
vn 0.26771653 -0.96062994 -0.05511811
vn 0.28346455 -0.95275593 -0.05511811
vn 0.28346455 -0.95275593 -0.06299213
vn 0.31496063 -0.94488192 -0.06299213
vn 0.02362205 -1.00000000 0.00787402
vn 0.02362205 -1.00000000 -0.00787402
vn 0.61417323 -0.77952754 -0.11811024
vn 0.44094488 -0.88976377 -0.08661418
vn 0.00787402 -1.00000000 0.00000000
vn -0.95275593 -0.24409449 0.18897638
vn -0.92125982 0.34645671 0.18897638
vn -0.23622048 0.96850395 -0.01574803
vn -0.95275593 0.22834645 0.18897638
vn -0.72440946 -0.68503934 0.05511811
vn -1.00000000 0.00000000 0.05511811
vn -0.82677168 0.55905509 -0.00787402
vn -0.74803150 0.64566928 -0.14960630
vn -0.97637796 0.00787402 -0.19685039
vn -0.94488192 0.26771653 -0.19685039
vn -0.96062994 -0.19685039 -0.19685039
vn -0.96850395 -0.17322835 -0.18897638
vn -0.63779527 -0.75590551 -0.12598425
vn -0.97637796 0.00787402 -0.20472440
vn -0.85039371 0.50393701 -0.17322835
vn -0.92125982 -0.34645671 -0.18897638
vn -0.74803150 -0.64566928 -0.15748031
vn -0.63779527 -0.75590551 -0.13385826
vn -0.32283464 0.94488192 0.06299213
vn -0.49606299 0.86614174 0.09448819
vn -0.62204725 0.74803150 0.22834645
vn -0.48031497 0.85826772 0.15748031
vn -0.47244096 0.82677168 0.31496063
vn -0.14173228 0.98425198 0.09448819
vn -0.55905509 0.74015749 0.37795275
vn -0.25984251 0.95275593 0.17322835
vn -0.28346455 0.94488192 0.18897638
vn -0.37795275 0.88976377 0.25196850
vn -0.55905509 0.73228347 0.37795275
vn -0.51968503 0.77952754 0.35433072
vn -0.55118108 0.74015749 0.37795275
vn -0.55905509 0.73228347 0.38582677
vn -0.55905509 0.74015749 0.38582677
vn -0.59842521 0.74015749 0.29921260
vn -0.56692910 0.73228347 0.37795275
vn -0.63779527 0.74803150 0.18897638
vn -0.65354329 0.74015749 0.18897638
vn -0.60629922 0.74015749 0.28346455
vn -0.48031497 0.81889760 0.32283464
vn -0.34645671 0.90551180 0.23622048
vn -0.37007874 0.89763778 0.25196850
vn 0.21259843 0.96850395 -0.14173228
vn -0.38582677 0.91338581 0.11023622
vn -0.16535433 0.98425198 0.03149606
vn 0.20472440 0.96850395 -0.14173228
vn 0.22834645 0.96850395 -0.06299213
vn 0.72440946 0.48031497 -0.48818898
vn 0.77165353 0.36220473 -0.51968503
vn 0.71653545 0.48818898 -0.48818898
vn 0.80314958 -0.22834645 -0.54330707
vn 0.66929132 0.72440946 -0.14173228
vn 0.90551180 0.32283464 -0.26771653
vn 0.25196850 0.96850395 -0.05511811
vn 0.97637796 0.00787402 -0.19685039
vn 0.96062994 -0.19685039 -0.19685039
vn 0.96062994 -0.19685039 -0.18897638
vn 0.61417323 -0.76377952 -0.19685039
vn 0.88188976 -0.11811024 -0.44881889
vn 0.80314958 0.23622048 -0.54330707
vn 0.82677168 0.00000000 -0.55905509
vn 0.71653545 0.51968503 -0.47244096
vn 0.23622048 0.96062994 -0.15748031
vn 0.82677168 0.04724409 -0.55905509
vn 0.73228347 -0.46456692 -0.49606299
vn 0.78740156 -0.31496063 -0.53543305
vn 0.53543305 -0.75590551 -0.36220473
vn 0.53543305 -0.76377952 -0.36220473
vn 0.54330707 -0.75590551 -0.36220473
vn 0.52755904 -0.76377952 -0.36220473
vn 0.58267719 -0.76377952 -0.27559054
vn 0.52755904 -0.76377952 -0.37007874
vn 0.52755904 -0.77165353 -0.36220473
vn 0.58267719 -0.77952754 -0.24409449
vn 0.59842521 -0.77165353 -0.23622048
vn 0.59842521 -0.77165353 -0.22047244
vn 0.42519686 -0.85826772 -0.29133859
vn 0.60629922 -0.77165353 -0.19685039
vn 0.46456692 -0.82677168 -0.31496063
vn 0.11023622 -0.99212599 -0.07086614
vn 0.50393701 -0.78740156 -0.34645671
vn 0.01574803 -1.00000000 -0.01574803
vn 0.02362205 -1.00000000 -0.01574803
vn 0.32283464 -0.92125982 -0.22047244
vn 0.14173228 -0.98425198 -0.09448819
vn 0.25196850 -0.95275593 -0.17322835
vn 0.35433072 -0.92125982 -0.15748031
vn 0.40944880 -0.90551180 -0.08661418
vn 0.60629922 -0.77952754 -0.12598425
vn 0.30708662 -0.94488192 -0.06299213
vn 0.62992126 -0.76377952 -0.11811024
vn 0.63779527 -0.76377952 -0.12598425
vn 0.07086614 -0.99212599 -0.11023622
vn 0.20472440 -0.92913383 -0.31496063
vn 0.36220473 -0.76377952 -0.53543305
vn 0.28346455 -0.86614174 -0.42519686
vn 0.11811024 -0.97637796 -0.17322835
vn 0.35433072 -0.76377952 -0.53543305
vn 0.14173228 -0.86614174 -0.48031497
vn 0.31496063 -0.77165353 -0.55905509
vn 0.08661418 -0.88188976 -0.47244096
vn 0.11811024 -0.77165353 -0.62992126
vn 0.22047244 -0.77165353 -0.59055120
vn 0.29133859 -0.77165353 -0.56692910
vn 0.01574803 -1.00000000 -0.07874016
vn 0.11811024 -0.76377952 -0.62992126
vn 0.11811024 -0.77165353 -0.62204725
vn 0.11023622 -0.77952754 -0.62204725
vn 0.01574803 -0.99212599 -0.10236220
vn 0.01574803 -1.00000000 -0.07086614
vn 0.12598425 -0.77165353 -0.62992126
vn 0.25196850 -0.77165353 -0.58267719
vn 0.14960630 -0.60629922 -0.78740156
vn 0.18110237 -0.35433072 -0.92125982
vn 0.16535433 -0.44881889 -0.88188976
vn 0.16535433 -0.43307087 -0.88976377
vn 0.18897638 0.18897638 -0.96062994
vn 0.18897638 0.01574803 -0.98425198
vn 0.18110237 0.20472440 -0.96062994
vn 0.05511811 0.95275593 -0.29133859
vn 0.03937008 0.96850395 -0.23622048
vn 0.04724409 0.96850395 -0.25196850
vn 0.20472440 0.28346455 -0.93700784
vn 0.22834645 -0.77165353 -0.59055120
vn 0.38582677 -0.07086614 -0.92125982
vn 0.33070865 0.44094488 -0.83464569
vn 0.53543305 -0.25196850 -0.80314958
vn 0.55118108 0.02362205 -0.83464569
vn 0.15748031 0.96062994 -0.23622048
vn 0.55905509 0.00000000 -0.83464569
vn 0.51181102 -0.39370078 -0.76377952
vn 0.44881889 -0.58267719 -0.67716533
vn 0.55118108 -0.14960630 -0.81889760
vn 0.55905509 0.02362205 -0.82677168
vn 0.55118108 0.06299213 -0.82677168
vn 0.17322835 0.95275593 -0.25196850
vn 0.19685039 0.93700784 -0.28346455
vn 0.14173228 0.96850395 -0.20472440
vn 0.13385826 0.96850395 -0.20472440
vn -0.07874016 0.99212599 0.11811024
vn -0.26771653 0.88188976 0.39370078
vn -0.37795275 0.73228347 0.55905509
vn 0.10236220 0.96850395 -0.22834645
vn 0.08661418 0.96850395 -0.22834645
vn -0.31496063 0.81889760 0.47244096
vn -0.32283464 0.74015749 0.59055120
vn -0.18897638 0.80314958 0.55905509
vn -0.06299213 0.93700784 0.33858266
vn -0.06299213 0.93700784 0.33070865
vn -0.12598425 0.74015749 0.65354329
vn -0.12598425 0.74015749 0.66141731
vn -0.10236220 0.83464569 0.54330707
vn -0.11811024 0.74015749 0.66141731
vn -0.37795275 0.73228347 0.56692910
vn -0.18897638 0.74015749 0.64566928
vn -0.37795275 0.74015749 0.55905509
vn -0.22834645 0.74803150 0.62204725
vn -0.11811024 0.74803150 0.65354329
vn -0.20472440 0.74803150 0.62992126
vn -0.08661418 0.88188976 0.47244096
vn -0.33070865 0.74803150 0.57480317
vn -0.03937008 0.97637796 0.22047244
vn -0.07086614 0.91338581 0.39370078
vn -0.10236220 0.81889760 0.55905509
vn -0.09448819 0.95275593 0.28346455
vn -0.14960630 0.96062994 0.22047244
vn -0.15748031 0.96062994 0.24409449
vn -0.20472440 0.92913383 0.30708662
vn -0.28346455 0.86614174 0.41732284
vn -0.11811024 0.97637796 0.17322835
vn -0.18110237 0.94488192 0.28346455
vn 0.24409449 0.96850395 0.04724409
vn 0.45669290 0.88188976 0.08661418
vn 0.37795275 0.92125982 0.07086614
vn 0.61417323 0.74803150 0.24409449
vn 0.24409449 0.96850395 0.07874016
vn 0.29133859 0.93700784 0.20472440
vn 0.12598425 0.98425198 0.08661418
vn 0.60629922 0.75590551 0.25196850
vn 0.55905509 0.74015749 0.38582677
vn 0.29921260 0.93700784 0.20472440
vn 0.14960630 0.98425198 0.10236220
vn 0.55905509 0.73228347 0.37795275
vn 0.33070865 0.91338581 0.22834645
vn 0.55118108 0.74803150 0.37795275
vn 0.55905509 0.74015749 0.37795275
vn 0.55118108 0.74015749 0.37795275
vn 0.62204725 0.74015749 0.25984251
vn 0.56692910 0.73228347 0.38582677
vn 0.59055120 0.73228347 0.33070865
vn 0.56692910 0.73228347 0.37795275
vn 0.60629922 0.74015749 0.29921260
vn 0.66929132 0.73228347 0.12598425
vn 0.40944880 0.86614174 0.27559054
vn 0.41732284 0.86614174 0.28346455
vn 0.59055120 0.74803150 0.30708662
vn 0.37007874 0.88976377 0.25196850
vn -0.18897638 0.96850395 -0.13385826
vn -0.20472440 0.96850395 -0.13385826
vn 0.36220473 0.92125982 0.11811024
vn -0.22834645 0.96850395 -0.08661418
vn 0.48818898 0.86614174 0.09448819
vn 0.57480317 0.81102359 0.11811024
vn 0.18110237 0.98425198 0.03937008
vn -0.74015749 0.65354329 -0.14960630
vn -0.66929132 0.72440946 -0.13385826
vn -0.98425198 0.00787402 -0.19685039
vn -0.95275593 -0.24409449 -0.18897638
vn -0.88188976 -0.43307087 -0.18110237
vn -0.88976377 -0.41732284 -0.18110237
vn -0.92913383 -0.32283464 -0.18897638
vn -0.63779527 -0.76377952 -0.11811024
vn -0.59055120 -0.77165353 -0.22834645
vn -0.30708662 -0.95275593 -0.06299213
vn -0.32283464 -0.94488192 -0.06299213
vn -0.44881889 -0.88976377 -0.08661418
vn -0.38582677 -0.92125982 -0.07874016
vn -0.11023622 -0.99212599 -0.07086614
vn -0.59842521 -0.77165353 -0.22834645
vn -0.47244096 -0.85826772 -0.21259843
vn -0.60629922 -0.76377952 -0.21259843
vn -0.53543305 -0.75590551 -0.36220473
vn -0.29921260 -0.92913383 -0.20472440
vn -0.21259843 -0.96850395 -0.14173228
vn -0.28346455 -0.93700784 -0.19685039
vn -0.53543305 -0.76377952 -0.36220473
vn -0.52755904 -0.77165353 -0.35433072
vn -0.52755904 -0.76377952 -0.36220473
vn -0.59842521 -0.75590551 -0.25196850
vn -0.76377952 -0.38582677 -0.51968503
vn -0.74803150 -0.43307087 -0.50393701
vn -0.82677168 0.00787402 -0.55905509
vn -0.76377952 -0.39370078 -0.51968503
vn -0.72440946 -0.49606299 -0.47244096
vn -0.86614174 -0.38582677 -0.30708662
vn -0.86614174 -0.02362205 -0.49606299
vn -0.98425198 0.00000000 -0.18897638
vn -0.71653545 0.62992126 -0.29921260
vn -0.82677168 0.01574803 -0.56692910
vn -0.24409449 0.95275593 -0.16535433
vn -0.62204725 0.65354329 -0.42519686
vn -0.82677168 0.02362205 -0.55905509
vn -0.82677168 0.04724409 -0.55905509
vn -0.38582677 0.88188976 -0.25984251
vn -0.20472440 0.96850395 -0.14173228
vn -0.19685039 0.96850395 -0.13385826
vn -0.40157479 0.86614174 -0.28346455
vn -0.81889760 0.03149606 -0.56692910
vn 0.51968503 0.77952754 0.34645671
vn 0.45669290 0.84251970 0.29921260
vn 0.32283464 0.92125982 0.21259843
vn 0.50393701 0.79527557 0.33858266
vn 0.30708662 0.86614174 0.39370078
vn 0.44881889 0.74803150 0.49606299
vn 0.48818898 0.74015749 0.45669290
vn 0.37795275 0.74015749 0.55905509
vn 0.22047244 0.91338581 0.33858266
vn 0.44094488 0.74015749 0.50393701
vn 0.47244096 0.74015749 0.48031497
vn 0.37795275 0.73228347 0.56692910
vn 0.47244096 0.74015749 0.47244096
vn 0.37007874 0.74015749 0.56692910
vn 0.37007874 0.74015749 0.55905509
vn 0.23622048 0.90551180 0.36220473
vn 0.14960630 0.96062994 0.22047244
vn 0.17322835 0.95275593 0.25984251
vn 0.08661418 0.99212599 0.12598425
vn 0.37007874 0.74803150 0.55118108
vn 0.31496063 0.82677168 0.47244096
vn 0.27559054 0.86614174 0.40944880
vn -0.13385826 0.96850395 -0.20472440
vn 0.01574803 1.00000000 0.02362205
vn 0.28346455 0.86614174 0.41732284
vn -0.15748031 0.96850395 -0.18897638
vn 0.34645671 0.86614174 0.36220473
vn 0.43307087 0.85039371 0.29921260
vn 0.27559054 0.94488192 0.18110237
vn 0.47244096 0.81889760 0.31496063
vn -0.52755904 0.60629922 -0.59842521
vn -0.22047244 0.96062994 -0.14960630
vn -0.62204725 0.66141731 -0.41732284
vn -0.72440946 0.48818898 -0.49606299
vn -0.78740156 0.29921260 -0.53543305
vn -0.76377952 0.39370078 -0.51181102
vn -0.82677168 0.01574803 -0.55905509
vn -0.81102359 0.21259843 -0.54330707
vn -0.73228347 -0.48031497 -0.48818898
vn -0.75590551 -0.42519686 -0.50393701
vn -0.82677168 -0.02362205 -0.55905509
vn -0.79527557 -0.27559054 -0.53543305
vn -0.56692910 -0.72440946 -0.38582677
vn -0.54330707 -0.75590551 -0.37007874
vn -0.53543305 -0.75590551 -0.37007874
vn -0.53543305 -0.76377952 -0.37007874
vn -0.47244096 -0.77165353 -0.42519686
vn -0.42519686 -0.77165353 -0.47244096
vn -0.46456692 -0.77165353 -0.43307087
vn -0.43307087 -0.77165353 -0.45669290
vn -0.35433072 -0.76377952 -0.53543305
vn -0.40944880 -0.77165353 -0.48818898
vn -0.35433072 -0.77165353 -0.52755904
vn -0.36220473 -0.76377952 -0.53543305
vn -0.35433072 -0.77165353 -0.53543305
vn -0.36220473 -0.75590551 -0.54330707
vn -0.29133859 -0.85039371 -0.43307087
vn -0.19685039 -0.93700784 -0.29133859
vn -0.15748031 -0.96062994 -0.23622048
vn -0.16535433 -0.95275593 -0.25196850
vn -0.42519686 -0.77952754 -0.45669290
vn -0.02362205 -1.00000000 -0.02362205
vn -0.44881889 -0.84251970 -0.30708662
vn -0.23622048 -0.96062994 -0.16535433
vn -0.38582677 -0.88188976 -0.26771653
vn 0.01574803 -0.99212599 -0.11023622
vn 0.08661418 -0.88188976 -0.46456692
vn 0.02362205 -0.77165353 -0.62992126
vn 0.02362205 -0.77165353 -0.63779527
vn -0.11023622 -0.81102359 -0.57480317
vn 0.00000000 -0.94488192 -0.33070865
vn -0.02362205 -0.99212599 -0.11023622
vn -0.11811024 -0.76377952 -0.62992126
vn -0.07086614 -0.90551180 -0.40944880
vn -0.05511811 -0.94488192 -0.31496063
vn -0.23622048 0.90551180 0.35433072
vn -0.28346455 0.85826772 0.42519686
vn -0.27559054 0.92125982 0.28346455
vn -0.50393701 0.74803150 0.43307087
vn -0.29921260 0.92913383 0.20472440
vn -0.45669290 0.74803150 0.48031497
vn -0.31496063 0.92125982 0.22047244
vn -0.55118108 0.74015749 0.37007874
vn -0.49606299 0.74015749 0.45669290
vn -0.51181102 0.74015749 0.44094488
vn -0.47244096 0.74803150 0.47244096
vn -0.30708662 0.83464569 0.46456692
vn 0.20472440 0.96850395 -0.13385826
vn -0.17322835 0.97637796 0.11811024
vn 0.21259843 0.96850395 -0.13385826
vn -0.47244096 0.81889760 0.31496063
vn -0.25984251 0.93700784 0.25196850
vn -0.18110237 0.94488192 0.26771653
vn 0.16535433 0.96850395 -0.17322835
vn 0.17322835 0.96850395 -0.16535433
vn 0.70078743 0.52755904 -0.47244096
vn 0.30708662 0.92913383 -0.19685039
vn 0.82677168 0.02362205 -0.55905509
vn 0.83464569 0.03149606 -0.55118108
vn 0.81889760 -0.17322835 -0.55118108
vn 0.81102359 -0.18897638 -0.55118108
vn 0.75590551 -0.40157479 -0.51181102
vn 0.45669290 -0.77165353 -0.43307087
vn 0.40944880 -0.77165353 -0.48031497
vn 0.41732284 -0.76377952 -0.48818898
vn 0.47244096 -0.76377952 -0.43307087
vn 0.44881889 -0.77165353 -0.45669290
vn 0.35433072 -0.77165353 -0.52755904
vn 0.39370078 -0.71653545 -0.58267719
vn 0.48818898 -0.48818898 -0.72440946
vn 0.55905509 0.00000000 -0.82677168
vn 0.54330707 -0.22834645 -0.81102359
vn 0.64566928 -0.27559054 -0.71653545
vn 0.42519686 0.64566928 -0.63779527
vn 0.55118108 0.05511811 -0.83464569
vn 0.76377952 0.11023622 -0.62992126
vn 0.51968503 0.33858266 -0.77952754
vn 0.53543305 0.30708662 -0.78740156
vn 0.14173228 0.96850395 -0.21259843
vn -0.22047244 0.91338581 0.33070865
vn 0.03937008 -1.00000000 -0.03149606
vn 0.37795275 -0.88976377 -0.25196850
vn 0.15748031 -0.98425198 -0.11023622
vn 0.40944880 -0.87401575 -0.27559054
vn 0.25984251 -0.94488192 -0.18110237
vn 0.20472440 -0.95275593 -0.21259843
vn 0.22047244 -0.92125982 -0.32283464
vn 0.07874016 -0.99212599 -0.11811024
vn 0.29921260 -0.84251970 -0.44881889
vn -0.14960630 -0.96062994 -0.22047244
vn -0.01574803 -1.00000000 -0.01574803
vn 0.19685039 0.93700784 0.29921260
vn 0.24409449 0.89763778 0.36220473
vn 0.07874016 0.99212599 0.11023622
vn 0.33070865 0.80314958 0.48818898
vn 0.27559054 0.74803150 0.60629922
vn 0.16535433 0.81889760 0.55118108
vn 0.03149606 0.98425198 0.15748031
vn 0.07874016 0.88976377 0.44881889
vn 0.11811024 0.74015749 0.66141731
vn 0.12598425 0.74015749 0.66141731
vn 0.22834645 0.74015749 0.62992126
vn 0.22047244 0.74015749 0.62992126
vn 0.32283464 0.74015749 0.58267719
vn 0.11023622 0.79527557 0.59842521
vn 0.11023622 0.80314958 0.58267719
vn 0.10236220 0.83464569 0.53543305
vn -0.03937008 0.96850395 -0.23622048
vn -0.04724409 0.96850395 -0.24409449
vn -0.00787402 1.00000000 -0.03149606
vn -0.04724409 0.96850395 -0.25196850
vn -0.18110237 0.11023622 -0.97637796
vn -0.06299213 0.94488192 -0.32283464
vn -0.18110237 0.22834645 -0.96062994
vn -0.17322835 0.27559054 -0.94488192
vn -0.37007874 0.18110237 -0.91338581
vn -0.09448819 0.96850395 -0.22047244
vn -0.51968503 0.38582677 -0.76377952
vn -0.55118108 0.14960630 -0.81889760
vn -0.48031497 0.49606299 -0.72440946
vn 0.19685039 0.93700784 0.29133859
vn -0.45669290 0.55118108 -0.70078743
vn -0.43307087 0.63779527 -0.63779527
vn -0.13385826 0.96850395 -0.19685039
vn 0.29921260 0.84251970 0.44881889
vn 0.05511811 0.94488192 0.33070865
vn 0.07874016 0.90551180 0.40944880
vn 0.03149606 0.98425198 0.17322835
vn 0.12598425 0.73228347 0.66929132
vn 0.09448819 0.84251970 0.52755904
vn 0.01574803 0.74803150 0.66141731
vn 0.11811024 0.74803150 0.65354329
vn 0.01574803 0.86614174 0.49606299
vn -0.09448819 0.82677168 0.55905509
vn -0.03149606 0.98425198 0.16535433
vn -0.07874016 0.90551180 0.42519686
vn -0.03937008 0.74803150 0.66141731
vn 0.03149606 0.74803150 0.66929132
vn 0.00000000 0.74803150 0.66141731
vn 0.12598425 0.74015749 0.65354329
vn -0.04724409 0.74803150 0.66141731
vn 0.10236220 0.85039371 0.51968503
vn 0.04724409 0.96850395 -0.24409449
vn -0.02362205 0.96850395 -0.24409449
vn 0.07874016 0.91338581 0.40157479
vn -0.04724409 0.96850395 -0.23622048
vn -0.12598425 0.64566928 -0.75590551
vn -0.00787402 0.43307087 -0.89763778
vn -0.18110237 0.31496063 -0.92913383
vn 0.16535433 0.51181102 -0.84251970
vn -0.18110237 0.25196850 -0.95275593
vn -0.18897638 -0.21259843 -0.96062994
vn -0.18110237 -0.29133859 -0.93700784
vn -0.18110237 -0.18110237 -0.96850395
vn -0.16535433 -0.09448819 -0.98425198
vn -0.12598425 -0.76377952 -0.62992126
vn -0.12598425 -0.76377952 -0.63779527
vn -0.04724409 -0.43307087 -0.89763778
vn 0.16535433 -0.44094488 -0.88188976
vn 0.01574803 -0.77165353 -0.63779527
vn -0.11811024 -0.77165353 -0.62992126
vn -0.12598425 -0.77165353 -0.62204725
vn -0.11811024 -0.77952754 -0.61417323
vn -0.11811024 -0.77165353 -0.62204725
vn 0.01574803 -0.77952754 -0.62204725
vn 0.00787402 -0.77952754 -0.62204725
vn 0.16535433 -0.49606299 -0.85039371
vn 0.18110237 0.18897638 -0.96850395
vn 0.16535433 -0.41732284 -0.88976377
vn 0.18110237 0.01574803 -0.98425198
vn -0.33858266 -0.78740156 -0.51968503
vn -0.04724409 -1.00000000 -0.07086614
vn -0.34645671 -0.77952754 -0.51968503
vn -0.14960630 -0.96062994 -0.22834645
vn -0.21259843 -0.88976377 -0.40157479
vn -0.22047244 -0.77165353 -0.59842521
vn -0.07086614 -0.92125982 -0.37795275
vn -0.06299213 -0.93700784 -0.33070865
vn -0.25984251 -0.77165353 -0.58267719
vn -0.23622048 -0.77165353 -0.59055120
vn -0.25984251 -0.77165353 -0.57480317
vn -0.13385826 -0.70078743 -0.70078743
vn -0.22834645 -0.77165353 -0.59842521
vn -0.29133859 -0.77165353 -0.56692910
vn -0.48031497 -0.49606299 -0.72440946
vn -0.52755904 -0.33858266 -0.77952754
vn -0.37007874 -0.75590551 -0.54330707
vn -0.42519686 -0.63779527 -0.63779527
vn -0.55905509 -0.02362205 -0.82677168
vn -0.54330707 -0.15748031 -0.81889760
vn -0.55118108 0.00787402 -0.83464569
vn -0.55905509 0.00000000 -0.82677168
vn -0.39370078 -0.30708662 -0.86614174
vn -0.18110237 -0.22047244 -0.96062994
vn -0.18110237 0.00787402 -0.98425198
vn -0.18897638 -0.13385826 -0.97637796
vn -0.18897638 0.01574803 -0.98425198
vn -0.41732284 -0.76377952 -0.48818898
vn -0.52755904 -0.29921260 -0.79527557
vn -0.70078743 -0.10236220 -0.70078743
vn -0.49606299 -0.44094488 -0.74803150
vn -0.55905509 0.01574803 -0.83464569
vn -0.49606299 0.44881889 -0.74803150
vn -0.55905509 -0.07874016 -0.82677168
vn -0.40944880 0.69291341 -0.59842521
vn -0.55118108 0.17322835 -0.81102359
vn -0.46456692 0.55905509 -0.69291341

# Mesh 'meshes[0]' with 3694 faces
g meshes[0]
usemtl tripo_material_77eef4f6-f512-4cee-afbc-1c3a96530ca6
f  1/1/1 2/2/2 3/3/3
f  3/3/3 2/2/2 4/4/4
f  2/2/2 1/1/1 5/5/5
f  4/4/4 2/2/2 6/6/6
f  6/6/6 2/2/2 5/5/5
f  4/4/4 6/6/6 7/7/7
f  4/4/4 7/7/7 3/3/3
f  6/6/6 5/5/5 8/8/8
f  5/5/5 1/1/1 9/9/9
f  10/10/10 1/1/1 3/3/3
f  1/1/1 10/10/10 9/9/9
f  5/5/5 9/9/9 11/11/11
f  5/5/5 11/11/11 8/8/8
f  6/6/6 8/8/8 12/12/12
f  6/6/6 12/12/12 13/13/13
f  6/6/6 13/13/13 7/7/7
f  12/12/12 8/8/8 14/14/14
f  13/13/13 12/12/12 15/15/15
f  15/15/15 12/12/12 14/14/14
f  14/14/14 8/8/8 16/16/16
f  16/16/16 8/8/8 11/11/11
f  14/14/14 16/16/16 17/17/17
f  17/17/17 16/16/16 18/18/18
f  18/18/18 16/16/16 11/11/11
f  15/15/15 14/14/14 19/19/19
f  19/19/19 14/14/14 20/20/20
f  21/21/21 13/13/13 15/15/15
f  21/21/21 15/15/15 19/19/19
f  13/13/13 21/21/21 7/7/7
f  21/21/21 19/19/19 22/22/22
f  21/21/21 22/22/22 23/23/23
f  21/21/21 23/23/23 24/24/24
f  7/7/7 21/21/21 25/25/25
f  25/25/25 21/21/21 24/24/24
f  7/7/7 25/25/25 26/26/26
f  7/7/7 26/26/26 3/3/3
f  25/25/25 24/24/24 27/27/27
f  25/25/25 27/27/27 26/26/26
f  26/26/26 27/27/27 28/28/26
f  27/27/27 24/24/24 29/29/28
f  29/29/28 24/24/24 30/30/29
f  27/27/27 29/29/28 31/31/30
f  27/27/27 31/31/30 32/32/31
f  29/29/28 30/30/29 33/33/32
f  32/32/31 31/31/30 34/34/32
f  34/34/32 31/31/30 29/29/28
f  34/34/32 29/29/28 33/33/32
f  33/33/32 30/30/29 35/35/33
f  33/33/32 35/35/33 34/34/32
f  34/34/32 35/35/33 36/36/34
f  37/37/27 38/38/35 26/26/26
f  26/26/26 38/38/35 39/39/36
f  39/39/36 38/38/35 40/40/37
f  26/26/26 39/39/36 41/41/38
f  26/26/26 41/41/38 3/3/3
f  41/41/38 39/39/36 42/42/39
f  41/41/38 42/42/39 3/3/3
f  42/42/39 39/39/36 40/40/37
f  3/3/3 42/42/39 10/10/10
f  42/42/39 40/40/37 43/43/40
f  42/42/39 43/43/40 10/10/10
f  43/43/40 40/40/37 44/44/41
f  43/43/40 44/44/41 10/10/10
f  10/10/10 44/44/41 45/45/41
f  45/45/41 44/44/41 46/46/42
f  10/10/10 45/45/41 9/9/9
f  45/45/41 46/46/42 47/47/43
f  47/47/43 46/46/42 48/48/44
f  47/47/43 48/48/44 49/49/41
f  45/45/41 47/47/43 50/50/44
f  45/45/41 50/50/44 9/9/9
f  47/47/43 49/49/41 51/51/42
f  47/47/43 51/51/42 50/50/44
f  51/51/42 49/49/41 52/52/41
f  9/9/9 50/50/44 53/53/45
f  50/50/44 51/51/42 54/54/46
f  50/50/44 54/54/46 53/53/45
f  9/9/9 53/53/45 55/55/47
f  55/55/47 53/53/45 54/54/46
f  51/51/42 52/52/41 56/56/41
f  51/51/42 56/56/41 54/54/46
f  56/56/41 52/52/41 57/57/42
f  57/57/42 52/52/41 58/58/42
f  57/57/42 58/58/42 59/59/48
f  57/57/42 59/59/48 60/60/49
f  60/60/49 59/59/48 61/61/50
f  61/61/50 59/59/48 62/62/50
f  57/57/42 60/60/49 63/63/44
f  63/63/44 60/60/49 61/61/50
f  56/56/41 57/57/42 64/64/51
f  64/64/51 57/57/42 63/63/44
f  61/61/50 62/62/50 65/65/50
f  63/63/44 61/61/50 66/66/52
f  63/63/44 66/66/52 64/64/51
f  61/61/50 65/65/50 67/67/53
f  61/61/50 67/67/53 66/66/52
f  64/64/51 66/66/52 68/68/54
f  68/68/54 66/66/52 67/67/53
f  64/64/51 68/68/54 69/69/18
f  69/69/18 68/68/54 67/67/53
f  70/70/55 56/56/41 64/64/51
f  70/70/55 64/64/51 69/69/18
f  56/56/41 70/70/55 54/54/46
f  71/71/56 67/67/53 65/65/50
f  54/54/46 70/70/55 72/72/57
f  54/54/46 72/72/57 55/55/47
f  70/70/55 69/69/18 73/73/18
f  70/70/55 73/73/18 72/72/57
f  74/74/11 69/69/18 67/67/53
f  74/74/11 67/67/53 71/71/56
f  73/73/18 69/69/18 75/75/11
f  75/75/11 69/69/18 74/74/11
f  72/72/57 73/73/18 76/76/57
f  72/72/57 76/76/57 55/55/47
f  73/73/18 75/75/11 77/77/11
f  73/73/18 77/77/11 76/76/57
f  76/76/57 77/77/11 78/78/18
f  76/76/57 78/78/18 79/79/57
f  76/76/57 79/79/57 80/80/57
f  76/76/57 80/80/57 55/55/47
f  77/77/11 75/75/11 81/81/58
f  55/55/47 80/80/57 82/82/59
f  55/55/47 82/82/59 9/9/9
f  82/82/59 80/80/57 18/18/18
f  9/9/9 82/82/59 11/11/11
f  11/11/11 82/82/59 18/18/18
f  81/81/58 75/75/11 83/83/60
f  81/81/58 83/83/60 84/84/18
f  84/84/18 83/83/60 85/85/61
f  83/83/60 75/75/11 86/86/18
f  86/86/18 75/75/11 74/74/11
f  85/85/61 83/83/60 87/87/62
f  87/87/62 83/83/60 86/86/18
f  85/85/61 87/87/62 88/88/50
f  86/86/18 74/74/11 89/89/63
f  86/86/18 89/89/63 87/87/62
f  87/87/62 89/89/63 88/88/50
f  89/89/63 74/74/11 71/71/56
f  88/88/50 89/89/63 65/65/50
f  65/65/50 89/89/63 71/71/56
f  90/90/37 91/91/35 92/92/64
f  92/92/64 91/91/35 93/93/27
f  90/90/37 92/92/64 94/94/65
f  90/90/37 94/94/65 95/95/41
f  92/92/64 93/93/27 96/96/66
f  95/95/41 94/94/65 97/97/42
f  94/94/65 92/92/64 98/98/67
f  98/98/67 92/92/64 96/96/66
f  94/94/65 98/98/67 97/97/42
f  95/95/41 97/97/42 99/99/42
f  99/99/42 97/97/42 100/100/68
f  99/99/42 100/100/68 101/101/44
f  97/97/42 98/98/67 102/102/41
f  97/97/42 102/102/41 100/100/68
f  98/98/67 96/96/66 103/103/69
f  98/98/67 103/103/69 102/102/41
f  101/101/44 100/100/68 104/104/42
f  101/101/44 104/104/42 105/105/41
f  100/100/68 102/102/41 106/106/68
f  100/100/68 106/106/68 104/104/42
f  102/102/41 103/103/69 107/107/70
f  106/106/68 102/102/41 108/108/71
f  102/102/41 107/107/70 109/109/72
f  102/102/41 109/109/72 108/108/71
f  109/109/72 107/107/70 110/110/73
f  110/110/73 107/107/70 103/103/69
f  109/109/72 110/110/73 111/111/74
f  112/112/75 103/103/69 96/96/66
f  103/103/69 112/112/75 110/110/73
f  112/112/75 96/96/66 113/113/76
f  113/113/76 96/96/66 93/93/27
f  112/112/75 113/113/76 114/114/77
f  112/112/75 114/114/77 110/110/73
f  113/113/76 93/93/27 115/115/26
f  115/115/26 93/93/27 116/116/26
f  114/114/77 113/113/76 117/117/78
f  117/117/78 113/113/76 115/115/26
f  110/110/73 114/114/77 118/118/79
f  118/118/79 114/114/77 117/117/78
f  110/110/73 118/118/79 119/119/80
f  118/118/79 117/117/78 120/120/81
f  118/118/79 120/120/81 119/119/80
f  110/110/73 119/119/80 121/121/82
f  120/120/81 117/117/78 122/122/83
f  119/119/80 120/120/81 123/123/84
f  119/119/80 123/123/84 124/124/85
f  124/124/85 123/123/84 120/120/81
f  119/119/80 124/124/85 121/121/82
f  120/120/81 122/122/83 125/125/86
f  120/120/81 125/125/86 124/124/85
f  124/124/85 125/125/86 126/126/87
f  124/124/85 126/126/87 127/127/88
f  124/124/85 127/127/88 121/121/82
f  121/121/82 127/127/88 128/128/89
f  129/129/90 122/122/83 117/117/78
f  122/122/83 129/129/90 130/130/91
f  129/129/90 117/117/78 131/131/92
f  130/130/91 129/129/90 132/132/93
f  132/132/93 129/129/90 131/131/92
f  130/130/91 132/132/93 133/133/93
f  121/121/82 128/128/89 134/134/94
f  134/134/94 128/128/89 135/135/95
f  121/121/82 134/134/94 136/136/96
f  121/121/82 136/136/96 110/110/73
f  110/110/73 136/136/96 111/111/74
f  111/111/74 136/136/96 137/137/97
f  137/137/97 136/136/96 134/134/94
f  111/111/74 137/137/97 109/109/72
f  134/134/94 135/135/95 138/138/97
f  134/134/94 138/138/97 137/137/97
f  138/138/97 135/135/95 139/139/98
f  109/109/72 137/137/97 108/108/71
f  108/108/71 137/137/97 138/138/97
f  138/138/97 139/139/98 140/140/98
f  138/138/97 140/140/98 108/108/71
f  140/140/98 139/139/98 141/141/98
f  108/108/71 140/140/98 142/142/99
f  108/108/71 142/142/99 106/106/68
f  140/140/98 141/141/98 143/143/100
f  140/140/98 143/143/100 142/142/99
f  143/143/100 141/141/98 144/144/100
f  106/106/68 142/142/99 104/104/42
f  143/143/100 144/144/100 145/145/100
f  104/104/42 142/142/99 146/146/101
f  146/146/101 142/142/99 143/143/100
f  143/143/100 145/145/100 147/147/95
f  147/147/95 145/145/100 148/148/100
f  146/146/101 143/143/100 149/149/102
f  149/149/102 143/143/100 147/147/95
f  104/104/42 146/146/101 150/150/103
f  150/150/103 146/146/101 149/149/102
f  104/104/42 150/150/103 151/151/41
f  104/104/42 151/151/41 105/105/41
f  105/105/41 151/151/41 152/152/41
f  152/152/41 151/151/41 153/153/42
f  149/149/102 147/147/95 154/154/104
f  155/155/95 147/147/95 148/148/100
f  147/147/95 155/155/95 154/154/104
f  155/155/95 148/148/100 156/156/105
f  155/155/95 156/156/105 157/157/106
f  155/155/95 157/157/106 154/154/104
f  157/157/106 156/156/105 158/158/50
f  149/149/102 154/154/104 159/159/107
f  149/149/102 159/159/107 150/150/103
f  154/154/104 157/157/106 160/160/108
f  150/150/103 159/159/107 161/161/42
f  150/150/103 161/161/42 151/151/41
f  159/159/107 154/154/104 162/162/109
f  159/159/107 162/162/109 161/161/42
f  162/162/109 154/154/104 160/160/108
f  151/151/41 161/161/42 163/163/42
f  163/163/42 161/161/42 162/162/109
f  151/151/41 163/163/42 153/153/42
f  164/164/50 160/160/108 157/157/106
f  160/160/108 164/164/50 162/162/109
f  164/164/50 157/157/106 158/158/50
f  163/163/42 162/162/109 165/165/110
f  165/165/110 162/162/109 164/164/50
f  153/153/42 163/163/42 166/166/111
f  153/153/42 166/166/111 167/167/48
f  163/163/42 165/165/110 168/168/112
f  168/168/112 165/165/110 164/164/50
f  166/166/111 163/163/42 169/169/113
f  169/169/113 163/163/42 168/168/112
f  166/166/111 169/169/113 170/170/114
f  170/170/114 169/169/113 168/168/112
f  167/167/48 166/166/111 171/171/50
f  171/171/50 166/166/111 170/170/114
f  171/171/50 170/170/114 168/168/112
f  171/171/50 168/168/112 164/164/50
f  171/171/50 164/164/50 172/172/50
f  172/172/50 164/164/50 158/158/50
f  171/171/50 172/172/50 173/173/50
f  172/172/50 158/158/50 174/174/50
f  173/173/50 172/172/50 175/175/50
f  175/175/50 172/172/50 174/174/50
f  175/175/50 174/174/50 176/176/50
f  175/175/50 176/176/50 177/177/50
f  177/177/50 176/176/50 178/178/50
f  178/178/50 176/176/50 179/179/50
f  180/180/17 181/181/115 182/182/14
f  182/182/14 181/181/115 183/183/20
f  181/181/115 180/180/17 184/184/116
f  184/184/116 180/180/17 185/185/18
f  183/183/20 181/181/115 186/186/117
f  186/186/117 181/181/115 184/184/116
f  183/183/20 186/186/117 187/187/118
f  187/187/118 186/186/117 184/184/116
f  184/184/116 185/185/18 188/188/18
f  188/188/18 185/185/18 189/189/57
f  188/188/18 189/189/57 190/190/57
f  188/188/18 190/190/57 191/191/57
f  191/191/57 190/190/57 192/192/18
f  184/184/116 188/188/18 193/193/11
f  188/188/18 191/191/57 194/194/119
f  188/188/18 194/194/119 193/193/11
f  191/191/57 192/192/18 195/195/11
f  195/195/11 192/192/18 196/196/11
f  195/195/11 196/196/11 197/197/58
f  195/195/11 197/197/58 198/198/18
f  184/184/116 193/193/11 199/199/120
f  184/184/116 199/199/120 187/187/118
f  199/199/120 193/193/11 200/200/121
f  200/200/121 193/193/11 194/194/119
f  187/187/118 199/199/120 201/201/122
f  201/201/122 199/199/120 200/200/121
f  201/201/122 200/200/121 202/202/123
f  202/202/123 200/200/121 194/194/119
f  187/187/118 201/201/122 203/203/124
f  201/201/122 202/202/123 204/204/125
f  201/201/122 204/204/125 203/203/124
f  204/204/125 202/202/123 205/205/126
f  202/202/123 194/194/119 206/206/127
f  202/202/123 206/206/127 205/205/126
f  204/204/125 205/205/126 207/207/128
f  204/204/125 207/207/128 203/203/124
f  207/207/128 205/205/126 208/208/126
f  208/208/126 205/205/126 206/206/127
f  207/207/128 208/208/126 209/209/129
f  208/208/126 206/206/127 210/210/130
f  208/208/126 210/210/130 209/209/129
f  207/207/128 209/209/129 211/211/131
f  207/207/128 211/211/131 203/203/124
f  209/209/129 210/210/130 212/212/132
f  212/212/132 210/210/130 213/213/133
f  213/213/133 210/210/130 206/206/127
f  209/209/129 212/212/132 214/214/134
f  214/214/134 212/212/132 213/213/133
f  209/209/129 214/214/134 211/211/131
f  214/214/134 213/213/133 215/215/135
f  214/214/134 215/215/135 216/216/136
f  214/214/134 216/216/136 211/211/131
f  211/211/131 216/216/136 217/217/137
f  213/213/133 206/206/127 218/218/127
f  218/218/127 206/206/127 219/219/127
f  218/218/127 219/219/127 220/220/138
f  219/219/127 206/206/127 221/221/139
f  221/221/139 206/206/127 194/194/119
f  219/219/127 221/221/139 222/222/140
f  219/219/127 222/222/140 223/223/140
f  221/221/139 194/194/119 224/224/141
f  224/224/141 194/194/119 191/191/57
f  224/224/141 191/191/57 195/195/11
f  221/221/139 224/224/141 225/225/140
f  221/221/139 225/225/140 222/222/140
f  224/224/141 195/195/11 226/226/142
f  224/224/141 226/226/142 225/225/140
f  222/222/140 225/225/140 227/227/127
f  227/227/127 225/225/140 226/226/142
f  222/222/140 227/227/127 228/228/143
f  228/228/143 227/227/127 229/229/127
f  229/229/127 227/227/127 230/230/127
f  230/230/127 227/227/127 226/226/142
f  229/229/127 230/230/127 231/231/127
f  229/229/127 231/231/127 232/232/127
f  230/230/127 226/226/142 233/233/144
f  230/230/127 233/233/144 231/231/127
f  232/232/127 231/231/127 234/234/144
f  233/233/144 226/226/142 235/235/145
f  236/236/18 226/226/142 195/195/11
f  226/226/142 236/236/18 235/235/145
f  236/236/18 195/195/11 198/198/18
f  233/233/144 235/235/145 237/237/146
f  237/237/146 235/235/145 236/236/18
f  233/233/144 237/237/146 238/238/147
f  239/239/148 231/231/127 233/233/144
f  239/239/148 233/233/144 238/238/147
f  237/237/146 236/236/18 240/240/149
f  238/238/147 237/237/146 241/241/50
f  241/241/50 237/237/146 240/240/149
f  238/238/147 241/241/50 239/239/148
f  240/240/149 236/236/18 242/242/150
f  240/240/149 242/242/150 241/241/50
f  243/243/151 236/236/18 198/198/18
f  236/236/18 243/243/151 242/242/150
f  243/243/151 198/198/18 244/244/61
f  243/243/151 244/244/61 245/245/50
f  243/243/151 245/245/50 242/242/150
f  242/242/150 245/245/50 241/241/50
f  241/241/50 245/245/50 246/246/50
f  241/241/50 246/246/50 239/239/148
f  247/247/152 231/231/127 239/239/148
f  231/231/127 247/247/152 234/234/144
f  234/234/144 247/247/152 248/248/153
f  234/234/144 248/248/153 249/249/153
f  249/249/153 248/248/153 250/250/50
f  250/250/50 248/248/153 247/247/152
f  250/250/50 247/247/152 239/239/148
f  250/250/50 239/239/148 246/246/50
f  250/250/50 246/246/50 251/251/50
f  251/251/50 246/246/50 252/252/50
f  250/250/50 251/251/50 253/253/50
f  251/251/50 252/252/50 254/254/50
f  253/253/50 251/251/50 255/255/50
f  255/255/50 251/251/50 254/254/50
f  256/256/21 257/257/19 183/183/20
f  257/257/19 256/256/21 258/258/154
f  257/257/19 258/258/154 259/259/22
f  256/256/21 183/183/20 260/260/19
f  260/260/19 183/183/20 187/187/118
f  259/259/22 258/258/154 261/261/155
f  260/260/19 187/187/118 203/203/124
f  258/258/154 256/256/21 262/262/156
f  258/258/154 262/262/156 261/261/155
f  262/262/156 256/256/21 260/260/19
f  261/261/155 262/262/156 263/263/157
f  262/262/156 260/260/19 264/264/158
f  264/264/158 260/260/19 203/203/124
f  262/262/156 264/264/158 263/263/157
f  264/264/158 203/203/124 265/265/159
f  264/264/158 265/265/159 266/266/160
f  264/264/158 266/266/160 263/263/157
f  265/265/159 203/203/124 267/267/159
f  267/267/159 203/203/124 211/211/131
f  267/267/159 211/211/131 268/268/159
f  267/267/159 268/268/159 269/269/159
f  266/266/160 265/265/159 270/270/161
f  270/270/161 265/265/159 267/267/159
f  266/266/160 270/270/161 271/271/162
f  266/266/160 271/271/162 263/263/157
f  270/270/161 267/267/159 272/272/163
f  270/270/161 272/272/163 271/271/162
f  267/267/159 269/269/159 273/273/164
f  267/267/159 273/273/164 272/272/163
f  273/273/164 269/269/159 274/274/165
f  272/272/163 273/273/164 275/275/166
f  275/275/166 273/273/164 274/274/165
f  275/275/166 274/274/165 276/276/167
f  275/275/166 276/276/167 272/272/163
f  276/276/167 274/274/165 277/277/168
f  272/272/163 276/276/167 278/278/167
f  272/272/163 278/278/167 271/271/162
f  271/271/162 278/278/167 279/279/167
f  279/279/167 278/278/167 280/280/169
f  279/279/167 280/280/169 281/281/162
f  271/271/162 279/279/167 282/282/170
f  271/271/162 282/282/170 263/263/157
f  279/279/167 281/281/162 283/283/171
f  279/279/167 283/283/171 282/282/170
f  283/283/171 281/281/162 284/284/162
f  284/284/162 281/281/162 285/285/162
f  282/282/170 283/283/171 286/286/172
f  263/263/157 282/282/170 287/287/172
f  263/263/157 287/287/172 261/261/155
f  261/261/155 287/287/172 288/288/172
f  288/288/172 287/287/172 289/289/173
f  287/287/172 282/282/170 290/290/174
f  287/287/172 290/290/174 289/289/173
f  290/290/174 282/282/170 286/286/172
f  290/290/174 286/286/172 289/289/173
f  289/289/173 286/286/172 291/291/172
f  292/292/175 286/286/172 283/283/171
f  292/292/175 283/283/171 284/284/162
f  286/286/172 292/292/175 293/293/155
f  286/286/172 293/293/155 294/294/155
f  292/292/175 284/284/162 295/295/176
f  293/293/155 292/292/175 296/296/172
f  293/293/155 296/296/172 297/297/172
f  296/296/172 292/292/175 295/295/176
f  298/298/177 299/299/178 296/296/172
f  299/299/178 298/298/177 300/300/179
f  298/298/177 296/296/172 301/301/180
f  298/298/177 301/301/180 300/300/179
f  301/301/180 296/296/172 295/295/176
f  300/300/179 301/301/180 302/302/179
f  302/302/179 301/301/180 295/295/176
f  300/300/179 302/302/179 303/303/179
f  302/302/179 295/295/176 304/304/181
f  305/305/179 306/306/179 303/303/179
f  305/305/179 303/303/179 307/307/179
f  307/307/179 303/303/179 302/302/179
f  305/305/179 307/307/179 308/308/182
f  304/304/181 295/295/176 309/309/162
f  309/309/162 295/295/176 284/284/162
f  302/302/179 304/304/181 310/310/183
f  310/310/183 304/304/181 309/309/162
f  302/302/179 310/310/183 307/307/179
f  309/309/162 284/284/162 311/311/167
f  309/309/162 311/311/167 310/310/183
f  311/311/167 284/284/162 285/285/162
f  311/311/167 285/285/162 312/312/162
f  310/310/183 311/311/167 313/313/184
f  310/310/183 313/313/184 307/307/179
f  313/313/184 311/311/167 314/314/185
f  313/313/184 314/314/185 307/307/179
f  314/314/185 311/311/167 312/312/162
f  307/307/179 314/314/185 315/315/186
f  315/315/186 314/314/185 312/312/162
f  307/307/179 315/315/186 308/308/182
f  308/308/182 315/315/186 312/312/162
f  316/316/24 317/317/23 318/318/187
f  316/316/24 318/318/187 319/319/29
f  318/318/187 317/317/23 320/320/187
f  320/320/187 317/317/23 321/321/22
f  320/320/187 321/321/22 322/322/155
f  320/320/187 322/322/155 323/323/172
f  318/318/187 320/320/187 324/324/172
f  324/324/172 320/320/187 323/323/172
f  318/318/187 324/324/172 319/319/29
f  324/324/172 323/323/172 325/325/173
f  319/319/29 324/324/172 326/326/188
f  326/326/188 324/324/172 327/327/172
f  319/319/29 326/326/188 328/328/33
f  326/326/188 327/327/172 329/329/155
f  328/328/33 326/326/188 330/330/34
f  328/328/33 330/330/34 331/331/34
f  330/330/34 326/326/188 332/332/189
f  332/332/189 326/326/188 329/329/155
f  330/330/34 332/332/189 333/333/190
f  333/333/190 332/332/189 334/334/34
f  332/332/189 329/329/155 335/335/191
f  332/332/189 335/335/191 334/334/34
f  335/335/191 329/329/155 336/336/172
f  336/336/172 329/329/155 337/337/155
f  334/334/34 335/335/191 338/338/192
f  334/334/34 338/338/192 339/339/193
f  339/339/193 338/338/192 340/340/179
f  340/340/179 338/338/192 341/341/179
f  338/338/192 335/335/191 342/342/194
f  338/338/192 342/342/194 341/341/179
f  342/342/194 335/335/191 336/336/172
f  341/341/179 342/342/194 343/343/195
f  343/343/195 342/342/194 336/336/172
f  341/341/179 343/343/195 344/344/196
f  344/344/196 343/343/195 336/336/172
f  341/341/179 344/344/196 345/345/179
f  345/345/179 344/344/196 346/346/178
f  346/346/178 344/344/196 336/336/172
f  346/346/178 336/336/172 347/347/172
f  348/348/31 115/115/26 349/349/27
f  115/115/26 348/348/31 350/350/197
f  350/350/197 348/348/31 351/351/32
f  115/115/26 350/350/197 352/352/198
f  350/350/197 351/351/32 353/353/34
f  350/350/197 353/353/34 352/352/198
f  353/353/34 351/351/32 354/354/34
f  115/115/26 352/352/198 131/131/92
f  131/131/92 352/352/198 353/353/34
f  115/115/26 131/131/92 117/117/78
f  353/353/34 354/354/34 355/355/34
f  355/355/34 354/354/34 356/356/33
f  131/131/92 353/353/34 357/357/199
f  357/357/199 353/353/34 355/355/34
f  131/131/92 357/357/199 132/132/93
f  357/357/199 355/355/34 358/358/200
f  357/357/199 358/358/200 132/132/93
f  359/359/190 355/355/34 360/360/34
f  132/132/93 358/358/200 361/361/201
f  132/132/93 361/361/201 133/133/93
f  133/133/93 361/361/201 362/362/202
f  362/362/202 361/361/201 363/363/202
f  355/355/34 359/359/190 364/364/33
f  355/355/34 364/364/33 358/358/200
f  361/361/201 358/358/200 365/365/203
f  365/365/203 358/358/200 364/364/33
f  361/361/201 365/365/203 363/363/202
f  363/363/202 365/365/203 366/366/204
f  366/366/204 365/365/203 364/364/33
f  363/363/202 366/366/204 367/367/201
f  368/368/34 364/364/33 359/359/190
f  364/364/33 368/368/34 366/366/204
f  368/368/34 359/359/190 369/369/34
f  368/368/34 369/369/34 370/370/205
f  368/368/34 370/370/205 366/366/204
f  370/370/205 369/369/34 371/371/193
f  367/367/201 366/366/204 372/372/206
f  372/372/206 366/366/204 370/370/205
f  370/370/205 371/371/193 373/373/207
f  373/373/207 371/371/193 374/374/179
f  373/373/207 374/374/179 375/375/179
f  370/370/205 373/373/207 376/376/208
f  370/370/205 376/376/208 372/372/206
f  373/373/207 375/375/179 377/377/179
f  373/373/207 377/377/179 376/376/208
f  372/372/206 376/376/208 378/378/209
f  378/378/209 376/376/208 377/377/179
f  372/372/206 378/378/209 379/379/210
f  379/379/210 378/378/209 377/377/179
f  380/380/211 367/367/201 372/372/206
f  380/380/211 372/372/206 379/379/210
f  367/367/201 380/380/211 381/381/212
f  381/381/212 380/380/211 382/382/213
f  380/380/211 379/379/210 383/383/214
f  383/383/214 379/379/210 377/377/179
f  380/380/211 383/383/214 382/382/213
f  381/381/212 382/382/213 384/384/179
f  384/384/179 382/382/213 383/383/214
f  384/384/179 383/383/214 377/377/179
f  384/384/179 377/377/179 375/375/179
f  384/384/179 375/375/179 385/385/179
f  385/385/179 375/375/179 386/386/179
f  385/385/179 386/386/179 387/387/179
f  388/388/95 389/389/89 390/390/89
f  390/390/89 389/389/89 391/391/88
f  390/390/89 391/391/88 392/392/215
f  392/392/215 391/391/88 393/393/87
f  392/392/215 393/393/87 394/394/86
f  390/390/89 392/392/215 395/395/216
f  392/392/215 394/394/86 396/396/83
f  392/392/215 396/396/83 395/395/216
f  396/396/83 394/394/86 397/397/83
f  390/390/89 395/395/216 398/398/217
f  390/390/89 398/398/217 399/399/95
f  390/390/89 399/399/95 388/388/95
f  398/398/217 395/395/216 400/400/218
f  398/398/217 400/400/218 399/399/95
f  400/400/218 395/395/216 401/401/219
f  401/401/219 395/395/216 402/402/220
f  402/402/220 395/395/216 396/396/83
f  400/400/218 401/401/219 403/403/221
f  403/403/221 401/401/219 402/402/220
f  399/399/95 400/400/218 404/404/222
f  402/402/220 396/396/83 405/405/223
f  406/406/98 388/388/95 399/399/95
f  406/406/98 399/399/95 404/404/222
f  400/400/218 403/403/221 407/407/224
f  400/400/218 407/407/224 404/404/222
f  403/403/221 402/402/220 408/408/225
f  408/408/225 402/402/220 405/405/223
f  407/407/224 403/403/221 409/409/226
f  409/409/226 403/403/221 408/408/225
f  404/404/222 407/407/224 410/410/227
f  410/410/227 407/407/224 409/409/226
f  404/404/222 410/410/227 411/411/228
f  411/411/228 410/410/227 409/409/226
f  404/404/222 411/411/228 412/412/229
f  413/413/230 406/406/98 404/404/222
f  413/413/230 404/404/222 412/412/229
f  412/412/229 411/411/228 414/414/229
f  412/412/229 414/414/229 415/415/229
f  412/412/229 415/415/229 416/416/231
f  412/412/229 416/416/231 413/413/230
f  416/416/231 415/415/229 417/417/229
f  413/413/230 416/416/231 418/418/231
f  418/418/231 416/416/231 417/417/229
f  414/414/229 411/411/228 419/419/232
f  419/419/232 411/411/228 409/409/226
f  414/414/229 419/419/232 420/420/227
f  414/414/229 420/420/227 421/421/229
f  420/420/227 419/419/232 422/422/233
f  422/422/233 419/419/232 409/409/226
f  418/418/231 417/417/229 423/423/234
f  423/423/234 417/417/229 424/424/234
f  418/418/231 423/423/234 425/425/231
f  418/418/231 425/425/231 413/413/230
f  423/423/234 424/424/234 426/426/234
f  426/426/234 424/424/234 427/427/234
f  425/425/231 423/423/234 428/428/229
f  428/428/229 423/423/234 426/426/234
f  426/426/234 427/427/234 429/429/229
f  426/426/234 429/429/229 428/428/229
f  429/429/229 427/427/234 430/430/235
f  428/428/229 429/429/229 431/431/236
f  432/432/237 413/413/230 425/425/231
f  413/413/230 432/432/237 406/406/98
f  433/433/238 425/425/231 428/428/229
f  433/433/238 428/428/229 431/431/236
f  425/425/231 433/433/238 432/432/237
f  406/406/98 432/432/237 434/434/98
f  434/434/98 432/432/237 433/433/238
f  406/406/98 434/434/98 388/388/95
f  388/388/95 434/434/98 435/435/98
f  435/435/98 434/434/98 436/436/98
f  436/436/98 434/434/98 437/437/100
f  433/433/238 431/431/236 438/438/239
f  438/438/239 431/431/236 429/429/229
f  434/434/98 433/433/238 439/439/95
f  434/434/98 439/439/95 437/437/100
f  439/439/95 433/433/238 440/440/240
f  440/440/240 433/433/238 438/438/239
f  437/437/100 439/439/95 441/441/95
f  441/441/95 439/439/95 440/440/240
f  437/437/100 441/441/95 442/442/100
f  441/441/95 440/440/240 438/438/239
f  442/442/100 441/441/95 443/443/100
f  444/444/229 438/438/239 429/429/229
f  444/444/229 429/429/229 430/430/235
f  441/441/95 438/438/239 445/445/100
f  441/441/95 445/445/100 443/443/100
f  446/446/241 430/430/235 447/447/234
f  430/430/235 446/446/241 448/448/242
f  430/430/235 448/448/242 444/444/229
f  448/448/242 446/446/241 449/449/50
f  448/448/242 449/449/50 450/450/243
f  448/448/242 450/450/243 444/444/229
f  450/450/243 449/449/50 451/451/50
f  444/444/229 450/450/243 452/452/244
f  452/452/244 450/450/243 451/451/50
f  451/451/50 449/449/50 453/453/50
f  444/444/229 452/452/244 454/454/245
f  454/454/245 452/452/244 451/451/50
f  444/444/229 454/454/245 455/455/246
f  444/444/229 455/455/246 438/438/239
f  438/438/239 455/455/246 445/445/100
f  455/455/246 454/454/245 456/456/247
f  456/456/247 454/454/245 451/451/50
f  455/455/246 456/456/247 457/457/248
f  455/455/246 457/457/248 445/445/100
f  457/457/248 456/456/247 451/451/50
f  445/445/100 457/457/248 458/458/249
f  458/458/249 457/457/248 451/451/50
f  445/445/100 458/458/249 459/459/250
f  458/458/249 451/451/50 460/460/251
f  458/458/249 460/460/251 459/459/250
f  445/445/100 459/459/250 461/461/252
f  461/461/252 459/459/250 460/460/251
f  445/445/100 461/461/252 443/443/100
f  443/443/100 461/461/252 462/462/253
f  443/443/100 462/462/253 463/463/105
f  463/463/105 462/462/253 464/464/50
f  464/464/50 462/462/253 461/461/252
f  464/464/50 461/461/252 460/460/251
f  464/464/50 460/460/251 451/451/50
f  464/464/50 451/451/50 465/465/50
f  465/465/50 451/451/50 453/453/50
f  465/465/50 453/453/50 466/466/50
f  466/466/50 453/453/50 467/467/50
f  465/465/50 466/466/50 468/468/50
f  468/468/50 466/466/50 469/469/50
f  469/469/50 466/466/50 470/470/50
f  471/471/254 472/472/135 473/473/133
f  471/471/254 473/473/133 474/474/127
f  472/472/135 471/471/254 475/475/255
f  475/475/255 471/471/254 474/474/127
f  472/472/135 475/475/255 476/476/256
f  475/475/255 474/474/127 477/477/144
f  475/475/255 477/477/144 476/476/256
f  477/477/144 474/474/127 478/478/127
f  478/478/127 474/474/127 479/479/138
f  480/480/127 481/481/140 479/479/138
f  479/479/138 481/481/140 478/478/127
f  482/482/140 483/483/143 481/481/140
f  481/481/140 483/483/143 484/484/140
f  481/481/140 484/484/140 478/478/127
f  484/484/140 483/483/143 485/485/127
f  485/485/127 483/483/143 486/486/127
f  478/478/127 484/484/140 487/487/257
f  487/487/257 484/484/140 485/485/127
f  485/485/127 486/486/127 488/488/258
f  485/485/127 488/488/258 487/487/257
f  488/488/258 486/486/127 489/489/127
f  488/488/258 489/489/127 490/490/143
f  490/490/143 489/489/127 491/491/144
f  488/488/258 490/490/143 492/492/259
f  490/490/143 491/491/144 493/493/260
f  493/493/260 491/491/144 494/494/153
f  493/493/260 494/494/153 495/495/50
f  493/493/260 495/495/50 496/496/50
f  490/490/143 493/493/260 497/497/261
f  497/497/261 493/493/260 496/496/50
f  490/490/143 497/497/261 492/492/259
f  497/497/261 496/496/50 498/498/50
f  497/497/261 498/498/50 499/499/262
f  497/497/261 499/499/262 492/492/259
f  492/492/259 499/499/262 500/500/263
f  500/500/263 499/499/262 498/498/50
f  501/501/264 488/488/258 492/492/259
f  488/488/258 501/501/264 487/487/257
f  492/492/259 500/500/263 502/502/265
f  492/492/259 502/502/265 501/501/264
f  500/500/263 498/498/50 503/503/266
f  500/500/263 503/503/266 502/502/265
f  487/487/257 501/501/264 504/504/265
f  504/504/265 501/501/264 502/502/265
f  487/487/257 504/504/265 505/505/267
f  487/487/257 505/505/267 506/506/268
f  487/487/257 506/506/268 478/478/127
f  505/505/267 504/504/265 507/507/265
f  507/507/265 504/504/265 502/502/265
f  505/505/267 507/507/265 508/508/269
f  505/505/267 508/508/269 506/506/268
f  508/508/269 507/507/265 509/509/265
f  508/508/269 509/509/265 510/510/270
f  508/508/269 510/510/270 511/511/269
f  508/508/269 511/511/269 506/506/268
f  509/509/265 507/507/265 512/512/265
f  512/512/265 507/507/265 502/502/265
f  509/509/265 512/512/265 513/513/265
f  513/513/265 512/512/265 514/514/265
f  512/512/265 502/502/265 515/515/270
f  512/512/265 515/515/270 514/514/265
f  515/515/270 502/502/265 503/503/266
f  516/516/265 506/506/268 511/511/269
f  516/516/265 511/511/269 517/517/265
f  506/506/268 516/516/265 518/518/271
f  506/506/268 518/518/271 478/478/127
f  516/516/265 517/517/265 519/519/265
f  519/519/265 517/517/265 520/520/272
f  519/519/265 520/520/272 521/521/273
f  478/478/127 518/518/271 477/477/144
f  519/519/265 521/521/273 522/522/274
f  516/516/265 519/519/265 523/523/275
f  516/516/265 523/523/275 518/518/271
f  523/523/275 519/519/265 522/522/274
f  522/522/274 521/521/273 524/524/276
f  518/518/271 523/523/275 525/525/277
f  477/477/144 518/518/271 526/526/278
f  523/523/275 522/522/274 527/527/279
f  523/523/275 527/527/279 525/525/277
f  477/477/144 526/526/278 476/476/256
f  526/526/278 518/518/271 528/528/280
f  528/528/280 518/518/271 525/525/277
f  525/525/277 527/527/279 529/529/281
f  525/525/277 529/529/281 528/528/280
f  526/526/278 528/528/280 530/530/282
f  526/526/278 530/530/282 476/476/256
f  530/530/282 528/528/280 529/529/281
f  476/476/256 530/530/282 531/531/283
f  530/530/282 529/529/281 532/532/284
f  530/530/282 532/532/284 531/531/283
f  476/476/256 531/531/283 533/533/285
f  533/533/285 531/531/283 532/532/284
f  476/476/256 533/533/285 534/534/286
f  476/476/256 534/534/286 472/472/135
f  472/472/135 534/534/286 535/535/136
f  535/535/136 534/534/286 536/536/137
f  536/536/137 534/534/286 533/533/285
f  536/536/137 533/533/285 532/532/284
f  537/537/159 538/538/131 536/536/137
f  537/537/159 536/536/137 539/539/287
f  539/539/287 536/536/137 532/532/284
f  537/537/159 539/539/287 540/540/288
f  537/537/159 540/540/288 541/541/159
f  541/541/159 540/540/288 542/542/168
f  541/541/159 542/542/168 543/543/165
f  540/540/288 539/539/287 544/544/289
f  542/542/168 540/540/288 545/545/167
f  545/545/167 540/540/288 544/544/289
f  542/542/168 545/545/167 546/546/167
f  546/546/167 545/545/167 547/547/167
f  544/544/289 539/539/287 548/548/290
f  544/544/289 548/548/290 545/545/167
f  548/548/290 539/539/287 532/532/284
f  547/547/167 545/545/167 549/549/169
f  549/549/169 545/545/167 550/550/169
f  549/549/169 550/550/169 551/551/162
f  551/551/162 550/550/169 545/545/167
f  549/549/169 551/551/162 552/552/162
f  552/552/162 551/551/162 553/553/162
f  551/551/162 545/545/167 554/554/291
f  554/554/291 545/545/167 548/548/290
f  553/553/162 551/551/162 555/555/292
f  551/551/162 554/554/291 556/556/293
f  551/551/162 556/556/293 555/555/292
f  553/553/162 555/555/292 557/557/294
f  553/553/162 557/557/294 558/558/162
f  558/558/162 557/557/294 559/559/182
f  559/559/182 557/557/294 560/560/295
f  559/559/182 560/560/295 561/561/179
f  560/560/295 557/557/294 562/562/296
f  560/560/295 562/562/296 561/561/179
f  562/562/296 557/557/294 563/563/296
f  562/562/296 563/563/296 561/561/179
f  563/563/296 557/557/294 564/564/297
f  563/563/296 564/564/297 561/561/179
f  564/564/297 557/557/294 565/565/298
f  561/561/179 564/564/297 566/566/179
f  566/566/179 564/564/297 565/565/298
f  565/565/298 557/557/294 567/567/299
f  567/567/299 557/557/294 555/555/292
f  565/565/298 567/567/299 568/568/300
f  565/565/298 568/568/300 566/566/179
f  567/567/299 555/555/292 569/569/301
f  568/568/300 567/567/299 570/570/301
f  570/570/301 567/567/299 569/569/301
f  569/569/301 555/555/292 556/556/293
f  568/568/300 570/570/301 571/571/302
f  568/568/300 571/571/302 566/566/179
f  571/571/302 570/570/301 572/572/303
f  571/571/302 572/572/303 566/566/179
f  566/566/179 572/572/303 573/573/304
f  573/573/304 572/572/303 570/570/301
f  570/570/301 569/569/301 574/574/301
f  570/570/301 574/574/301 575/575/301
f  574/574/301 569/569/301 576/576/305
f  576/576/305 569/569/301 556/556/293
f  574/574/301 576/576/305 577/577/301
f  576/576/305 556/556/293 578/578/306
f  576/576/305 578/578/306 579/579/301
f  578/578/306 556/556/293 580/580/301
f  578/578/306 580/580/301 581/581/301
f  580/580/301 556/556/293 554/554/291
f  581/581/301 580/580/301 582/582/307
f  580/580/301 554/554/291 583/583/301
f  582/582/307 580/580/301 584/584/307
f  584/584/307 580/580/301 583/583/301
f  583/583/301 554/554/291 585/585/308
f  583/583/301 585/585/308 584/584/307
f  585/585/308 554/554/291 548/548/290
f  582/582/307 584/584/307 586/586/309
f  584/584/307 585/585/308 587/587/310
f  587/587/310 585/585/308 548/548/290
f  584/584/307 587/587/310 586/586/309
f  587/587/310 548/548/290 532/532/284
f  587/587/310 532/532/284 586/586/309
f  582/582/307 586/586/309 588/588/311
f  586/586/309 532/532/284 589/589/310
f  589/589/310 532/532/284 529/529/281
f  588/588/311 586/586/309 590/590/312
f  590/590/312 586/586/309 589/589/310
f  589/589/310 529/529/281 591/591/313
f  589/589/310 591/591/313 590/590/312
f  591/591/313 529/529/281 527/527/279
f  591/591/313 527/527/279 592/592/314
f  591/591/313 592/592/314 590/590/312
f  592/592/314 527/527/279 522/522/274
f  588/588/311 590/590/312 593/593/315
f  593/593/315 590/590/312 592/592/314
f  593/593/315 592/592/314 522/522/274
f  588/588/311 593/593/315 594/594/316
f  593/593/315 522/522/274 524/524/276
f  593/593/315 524/524/276 594/594/316
f  594/594/316 524/524/276 595/595/317
f  596/596/91 597/597/318 397/397/83
f  397/397/83 597/597/318 396/396/83
f  597/597/318 596/596/91 598/598/93
f  396/396/83 597/597/318 599/599/319
f  597/597/318 598/598/93 600/600/93
f  597/597/318 600/600/93 599/599/319
f  600/600/93 598/598/93 601/601/202
f  396/396/83 599/599/319 405/405/223
f  405/405/223 599/599/319 602/602/320
f  599/599/319 600/600/93 603/603/321
f  599/599/319 603/603/321 602/602/320
f  600/600/93 601/601/202 604/604/322
f  600/600/93 604/604/322 603/603/321
f  405/405/223 602/602/320 605/605/323
f  605/605/323 602/602/320 603/603/321
f  603/603/321 604/604/322 606/606/324
f  603/603/321 606/606/324 605/605/323
f  604/604/322 601/601/202 607/607/202
f  607/607/202 601/601/202 608/608/202
f  606/606/324 604/604/322 609/609/325
f  609/609/325 604/604/322 607/607/202
f  607/607/202 608/608/202 610/610/93
f  610/610/93 608/608/202 611/611/201
f  609/609/325 607/607/202 612/612/326
f  612/612/326 607/607/202 610/610/93
f  610/610/93 611/611/201 613/613/93
f  610/610/93 613/613/93 612/612/326
f  613/613/93 611/611/201 614/614/212
f  612/612/326 613/613/93 615/615/327
f  613/613/93 614/614/212 616/616/328
f  613/613/93 616/616/328 615/615/327
f  616/616/328 614/614/212 617/617/179
f  615/615/327 616/616/328 618/618/329
f  615/615/327 618/618/329 612/612/326
f  616/616/328 617/617/179 619/619/179
f  616/616/328 619/619/179 618/618/329
f  619/619/179 617/617/179 620/620/179
f  618/618/329 619/619/179 621/621/330
f  618/618/329 621/621/330 612/612/326
f  621/621/330 619/619/179 622/622/331
f  621/621/330 622/622/331 612/612/326
f  622/622/331 619/619/179 620/620/179
f  612/612/326 622/622/331 623/623/332
f  612/612/326 623/623/332 624/624/324
f  612/612/326 624/624/324 609/609/325
f  623/623/332 622/622/331 625/625/333
f  623/623/332 625/625/333 624/624/324
f  622/622/331 620/620/179 626/626/334
f  622/622/331 626/626/334 625/625/333
f  624/624/324 625/625/333 627/627/335
f  624/624/324 627/627/335 628/628/324
f  624/624/324 628/628/324 629/629/336
f  624/624/324 629/629/336 609/609/325
f  609/609/325 629/629/336 606/606/324
f  606/606/324 629/629/336 630/630/324
f  630/630/324 629/629/336 631/631/337
f  606/606/324 630/630/324 605/605/323
f  605/605/323 630/630/324 632/632/338
f  632/632/338 630/630/324 633/633/339
f  632/632/338 633/633/339 634/634/340
f  605/605/323 632/632/338 635/635/341
f  635/635/341 632/632/338 634/634/340
f  605/605/323 635/635/341 405/405/223
f  405/405/223 635/635/341 408/408/225
f  635/635/341 634/634/340 636/636/342
f  636/636/342 634/634/340 637/637/343
f  636/636/342 637/637/343 422/422/233
f  635/635/341 636/636/342 638/638/344
f  638/638/344 636/636/342 422/422/233
f  635/635/341 638/638/344 408/408/225
f  638/638/344 422/422/233 409/409/226
f  638/638/344 409/409/226 408/408/225
f  639/639/179 640/640/179 641/641/179
f  640/640/179 639/639/179 642/642/179
f  642/642/179 639/639/179 643/643/179
f  643/643/179 639/639/179 644/644/179
f  642/642/179 643/643/179 645/645/179
f  642/642/179 645/645/179 646/646/179
f  642/642/179 646/646/179 647/647/179
f  647/647/179 646/646/179 648/648/179
f  648/648/179 646/646/179 649/649/179
f  650/650/50 651/651/50 652/652/50
f  653/653/50 654/654/50 650/650/50
f  653/653/50 650/650/50 655/655/50
f  655/655/50 650/650/50 652/652/50
f  655/655/50 652/652/50 656/656/50
f  655/655/50 656/656/50 657/657/50
f  655/655/50 657/657/50 658/658/50
f  658/658/50 657/657/50 659/659/50
f  659/659/50 657/657/50 660/660/50
f  661/661/345 662/662/227 663/663/233
f  662/662/227 661/661/345 664/664/229
f  661/661/345 663/663/233 665/665/346
f  664/664/229 661/661/345 666/666/229
f  666/666/229 661/661/345 665/665/346
f  665/665/346 663/663/233 667/667/347
f  667/667/347 663/663/233 668/668/343
f  666/666/229 665/665/346 669/669/348
f  667/667/347 668/668/343 670/670/349
f  670/670/349 668/668/343 671/671/340
f  665/665/346 667/667/347 672/672/350
f  665/665/346 672/672/350 669/669/348
f  672/672/350 667/667/347 670/670/349
f  670/670/349 671/671/340 673/673/339
f  669/669/348 672/672/350 674/674/351
f  670/670/349 673/673/339 675/675/352
f  672/672/350 670/670/349 676/676/353
f  676/676/353 670/670/349 675/675/352
f  672/672/350 676/676/353 677/677/354
f  672/672/350 677/677/354 674/674/351
f  676/676/353 675/675/352 678/678/355
f  675/675/352 673/673/339 679/679/356
f  675/675/352 679/679/356 678/678/355
f  679/679/356 673/673/339 680/680/337
f  680/680/337 673/673/339 681/681/324
f  676/676/353 678/678/355 682/682/357
f  676/676/353 682/682/357 677/677/354
f  678/678/355 679/679/356 683/683/324
f  679/679/356 680/680/337 684/684/337
f  679/679/356 684/684/337 683/683/324
f  684/684/337 680/680/337 685/685/324
f  685/685/324 680/680/337 686/686/336
f  683/683/324 684/684/337 687/687/358
f  684/684/337 685/685/324 688/688/359
f  684/684/337 688/688/359 687/687/358
f  678/678/355 683/683/324 689/689/360
f  678/678/355 689/689/360 682/682/357
f  683/683/324 687/687/358 690/690/361
f  683/683/324 690/690/361 689/689/360
f  690/690/361 687/687/358 691/691/362
f  691/691/362 687/687/358 688/688/359
f  689/689/360 690/690/361 692/692/363
f  692/692/363 690/690/361 691/691/362
f  682/682/357 689/689/360 693/693/364
f  693/693/364 689/689/360 692/692/363
f  691/691/362 688/688/359 694/694/365
f  692/692/363 691/691/362 695/695/363
f  695/695/363 691/691/362 694/694/365
f  694/694/365 688/688/359 696/696/363
f  694/694/365 696/696/363 695/695/363
f  693/693/364 692/692/363 697/697/366
f  697/697/366 692/692/363 695/695/363
f  698/698/367 682/682/357 693/693/364
f  698/698/367 693/693/364 697/697/366
f  682/682/357 698/698/367 699/699/367
f  698/698/367 697/697/366 700/700/368
f  698/698/367 700/700/368 701/701/369
f  700/700/368 697/697/366 702/702/363
f  702/702/363 697/697/366 695/695/363
f  702/702/363 695/695/363 703/703/363
f  703/703/363 695/695/363 704/704/365
f  704/704/365 695/695/363 705/705/362
f  705/705/362 695/695/363 696/696/363
f  705/705/362 696/696/363 706/706/363
f  706/706/363 696/696/363 707/707/370
f  706/706/363 707/707/370 708/708/362
f  708/708/362 707/707/370 709/709/371
f  708/708/362 709/709/371 710/710/365
f  707/707/370 696/696/363 711/711/370
f  707/707/370 711/711/370 709/709/371
f  711/711/370 696/696/363 712/712/372
f  712/712/372 696/696/363 688/688/359
f  712/712/372 688/688/359 685/685/324
f  711/711/370 712/712/372 713/713/373
f  712/712/372 685/685/324 714/714/374
f  712/712/372 714/714/374 713/713/373
f  714/714/374 685/685/324 715/715/335
f  711/711/370 713/713/373 716/716/372
f  711/711/370 716/716/372 709/709/371
f  716/716/372 713/713/373 714/714/374
f  714/714/374 715/715/335 717/717/336
f  714/714/374 717/717/336 716/716/372
f  717/717/336 715/715/335 718/718/333
f  717/717/336 718/718/333 719/719/375
f  717/717/336 719/719/375 720/720/376
f  717/717/336 720/720/376 716/716/372
f  720/720/376 719/719/375 721/721/179
f  721/721/179 719/719/375 722/722/377
f  720/720/376 721/721/179 723/723/378
f  720/720/376 723/723/378 716/716/372
f  723/723/378 721/721/179 724/724/179
f  723/723/378 724/724/179 725/725/179
f  723/723/378 725/725/179 726/726/179
f  716/716/372 723/723/378 727/727/379
f  723/723/378 726/726/179 728/728/380
f  723/723/378 728/728/380 727/727/379
f  728/728/380 726/726/179 729/729/381
f  729/729/381 726/726/179 730/730/382
f  727/727/379 728/728/380 731/731/371
f  727/727/379 731/731/371 716/716/372
f  731/731/371 728/728/380 729/729/381
f  716/716/372 731/731/371 709/709/371
f  731/731/371 729/729/381 710/710/365
f  731/731/371 710/710/365 709/709/371
f  732/732/317 733/733/311 734/734/316
f  733/733/311 732/732/317 735/735/383
f  733/733/311 735/735/383 736/736/384
f  733/733/311 736/736/384 737/737/307
f  737/737/307 736/736/384 738/738/301
f  737/737/307 738/738/301 739/739/301
f  738/738/301 736/736/384 740/740/307
f  740/740/307 736/736/384 735/735/383
f  739/739/301 738/738/301 741/741/385
f  738/738/301 740/740/307 742/742/386
f  738/738/301 742/742/386 741/741/385
f  742/742/386 740/740/307 743/743/387
f  743/743/387 740/740/307 735/735/383
f  739/739/301 741/741/385 744/744/301
f  739/739/301 744/744/301 745/745/306
f  741/741/385 742/742/386 746/746/388
f  744/744/301 741/741/385 747/747/389
f  747/747/389 741/741/385 746/746/388
f  742/742/386 743/743/387 748/748/390
f  742/742/386 748/748/390 746/746/388
f  746/746/388 748/748/390 749/749/390
f  747/747/389 746/746/388 750/750/391
f  750/750/391 746/746/388 749/749/390
f  744/744/301 747/747/389 751/751/392
f  751/751/392 747/747/389 750/750/391
f  752/752/305 744/744/301 753/753/301
f  753/753/301 744/744/301 751/751/392
f  749/749/390 748/748/390 754/754/393
f  749/749/390 754/754/393 750/750/391
f  755/755/394 748/748/390 743/743/387
f  748/748/390 755/755/394 754/754/393
f  755/755/394 743/743/387 756/756/395
f  756/756/395 743/743/387 735/735/383
f  754/754/393 755/755/394 757/757/396
f  757/757/396 755/755/394 758/758/397
f  758/758/397 755/755/394 756/756/395
f  754/754/393 757/757/396 759/759/398
f  759/759/398 757/757/396 758/758/397
f  754/754/393 759/759/398 760/760/399
f  760/760/399 759/759/398 761/761/393
f  754/754/393 760/760/399 762/762/393
f  754/754/393 762/762/393 750/750/391
f  762/762/393 760/760/399 763/763/400
f  762/762/393 763/763/400 764/764/393
f  762/762/393 764/764/393 765/765/390
f  762/762/393 765/765/390 750/750/391
f  750/750/391 765/765/390 751/751/392
f  766/766/401 759/759/398 758/758/397
f  759/759/398 766/766/401 767/767/402
f  766/766/401 758/758/397 768/768/397
f  751/751/392 765/765/390 769/769/400
f  769/769/400 765/765/390 770/770/403
f  769/769/400 770/770/403 771/771/404
f  766/766/401 768/768/397 772/772/405
f  768/768/397 758/758/397 773/773/406
f  772/772/405 768/768/397 774/774/407
f  773/773/406 758/758/397 756/756/395
f  775/775/408 776/776/409 772/772/405
f  772/772/405 774/774/407 777/777/410
f  772/772/405 777/777/410 775/775/408
f  774/774/407 768/768/397 778/778/411
f  778/778/411 768/768/397 773/773/406
f  774/774/407 778/778/411 777/777/410
f  778/778/411 773/773/406 779/779/412
f  777/777/410 778/778/411 780/780/413
f  780/780/413 778/778/411 779/779/412
f  779/779/412 773/773/406 781/781/414
f  779/779/412 781/781/414 780/780/413
f  781/781/414 773/773/406 756/756/395
f  782/782/415 775/775/408 777/777/410
f  775/775/408 782/782/415 783/783/416
f  783/783/416 782/782/415 784/784/417
f  782/782/415 777/777/410 785/785/418
f  782/782/415 785/785/418 784/784/417
f  785/785/418 777/777/410 780/780/413
f  784/784/417 785/785/418 786/786/419
f  785/785/418 780/780/413 787/787/420
f  785/785/418 787/787/420 786/786/419
f  788/788/421 780/780/413 781/781/414
f  780/780/413 788/788/421 787/787/420
f  786/786/419 787/787/420 789/789/419
f  789/789/419 787/787/420 788/788/421
f  784/784/417 786/786/419 790/790/422
f  790/790/422 786/786/419 789/789/419
f  784/784/417 790/790/422 791/791/422
f  791/791/422 790/790/422 792/792/422
f  791/791/422 792/792/422 793/793/422
f  790/790/422 789/789/419 794/794/423
f  790/790/422 794/794/423 792/792/422
f  789/789/419 788/788/421 795/795/424
f  789/789/419 795/795/424 794/794/423
f  793/793/422 792/792/422 796/796/422
f  793/793/422 796/796/422 797/797/422
f  797/797/422 796/796/422 798/798/422
f  798/798/422 796/796/422 799/799/422
f  800/800/425 801/801/426 799/799/422
f  796/796/422 792/792/422 802/802/422
f  799/799/422 796/796/422 803/803/422
f  803/803/422 796/796/422 802/802/422
f  802/802/422 792/792/422 804/804/422
f  804/804/422 792/792/422 794/794/423
f  802/802/422 804/804/422 805/805/427
f  802/802/422 805/805/427 803/803/422
f  804/804/422 794/794/423 806/806/428
f  804/804/422 806/806/428 805/805/427
f  806/806/428 794/794/423 795/795/424
f  807/807/429 800/800/425 799/799/422
f  807/807/429 799/799/422 803/803/422
f  800/800/425 807/807/429 808/808/50
f  800/800/425 808/808/50 809/809/430
f  807/807/429 803/803/422 810/810/431
f  807/807/429 810/810/431 808/808/50
f  808/808/50 810/810/431 811/811/50
f  810/810/431 803/803/422 812/812/432
f  810/810/431 812/812/432 811/811/50
f  812/812/432 803/803/422 813/813/428
f  813/813/428 803/803/422 805/805/427
f  811/811/50 812/812/432 814/814/433
f  813/813/428 805/805/427 815/815/265
f  812/812/432 813/813/428 816/816/269
f  812/812/432 816/816/269 814/814/433
f  816/816/269 813/813/428 815/815/265
f  814/814/433 816/816/269 817/817/434
f  814/814/433 817/817/434 811/811/50
f  817/817/434 816/816/269 818/818/267
f  818/818/267 816/816/269 815/815/265
f  819/819/265 815/815/265 805/805/427
f  819/819/265 805/805/427 806/806/428
f  815/815/265 819/819/265 820/820/265
f  815/815/265 820/820/265 821/821/265
f  815/815/265 821/821/265 818/818/267
f  820/820/265 819/819/265 822/822/265
f  818/818/267 821/821/265 823/823/267
f  818/818/267 823/823/267 824/824/435
f  818/818/267 824/824/435 825/825/436
f  818/818/267 825/825/436 817/817/434
f  825/825/436 824/824/435 826/826/50
f  817/817/434 825/825/436 811/811/50
f  811/811/50 825/825/436 826/826/50
f  811/811/50 826/826/50 827/827/50
f  811/811/50 827/827/50 828/828/50
f  811/811/50 828/828/50 808/808/50
f  828/828/50 827/827/50 829/829/50
f  829/829/50 827/827/50 830/830/50
f  828/828/50 829/829/50 831/831/50
f  828/828/50 831/831/50 832/832/50
f  831/831/50 829/829/50 833/833/50
f  831/831/50 833/833/50 834/834/50
f  831/831/50 834/834/50 835/835/50
f  836/836/229 837/837/229 664/664/229
f  836/836/229 664/664/229 838/838/229
f  836/836/229 838/838/229 839/839/229
f  838/838/229 664/664/229 840/840/229
f  840/840/229 664/664/229 666/666/229
f  839/839/229 838/838/229 841/841/437
f  840/840/229 666/666/229 842/842/438
f  842/842/438 666/666/229 669/669/348
f  839/839/229 841/841/437 843/843/229
f  839/839/229 843/843/229 844/844/234
f  841/841/437 838/838/229 845/845/439
f  838/838/229 840/840/229 846/846/440
f  838/838/229 846/846/440 845/845/439
f  841/841/437 845/845/439 847/847/229
f  841/841/437 847/847/229 843/843/229
f  847/847/229 845/845/439 848/848/441
f  848/848/441 845/845/439 846/846/440
f  843/843/229 847/847/229 849/849/442
f  849/849/442 847/847/229 848/848/441
f  850/850/234 844/844/234 843/843/229
f  844/844/234 850/850/234 851/851/234
f  843/843/229 849/849/442 852/852/229
f  843/843/229 852/852/229 850/850/234
f  851/851/234 850/850/234 853/853/236
f  853/853/236 850/850/234 852/852/229
f  851/851/234 853/853/236 854/854/235
f  854/854/235 853/853/236 855/855/229
f  854/854/235 855/855/229 856/856/234
f  856/856/234 855/855/229 857/857/443
f  856/856/234 857/857/443 858/858/241
f  858/858/241 857/857/443 859/859/50
f  857/857/443 855/855/229 860/860/444
f  857/857/443 860/860/444 859/859/50
f  855/855/229 853/853/236 861/861/445
f  855/855/229 861/861/445 860/860/444
f  861/861/445 853/853/236 862/862/439
f  862/862/439 853/853/236 852/852/229
f  860/860/444 861/861/445 863/863/446
f  863/863/446 861/861/445 862/862/439
f  860/860/444 863/863/446 859/859/50
f  863/863/446 862/862/439 864/864/447
f  859/859/50 863/863/446 865/865/50
f  865/865/50 863/863/446 864/864/447
f  864/864/447 862/862/439 866/866/448
f  866/866/448 862/862/439 852/852/229
f  864/864/447 866/866/448 865/865/50
f  859/859/50 865/865/50 867/867/50
f  868/868/50 867/867/50 869/869/50
f  867/867/50 865/865/50 870/870/50
f  867/867/50 870/870/50 869/869/50
f  865/865/50 866/866/448 871/871/449
f  865/865/50 871/871/449 870/870/50
f  871/871/449 866/866/448 872/872/450
f  872/872/450 866/866/448 873/873/451
f  873/873/451 866/866/448 852/852/229
f  871/871/449 872/872/450 874/874/452
f  874/874/452 872/872/450 873/873/451
f  871/871/449 874/874/452 875/875/453
f  871/871/449 875/875/453 870/870/50
f  874/874/452 873/873/451 876/876/454
f  874/874/452 876/876/454 875/875/453
f  873/873/451 852/852/229 877/877/455
f  873/873/451 877/877/455 876/876/454
f  877/877/455 852/852/229 849/849/442
f  877/877/455 849/849/442 878/878/456
f  878/878/456 849/849/442 848/848/441
f  876/876/454 877/877/455 879/879/457
f  879/879/457 877/877/455 878/878/456
f  880/880/458 875/875/453 876/876/454
f  880/880/458 876/876/454 879/879/457
f  875/875/453 880/880/458 881/881/459
f  875/875/453 881/881/459 870/870/50
f  878/878/456 848/848/441 882/882/460
f  882/882/460 848/848/441 846/846/440
f  878/878/456 882/882/460 883/883/457
f  878/878/456 883/883/457 879/879/457
f  882/882/460 846/846/440 884/884/461
f  882/882/460 884/884/461 883/883/457
f  885/885/462 881/881/459 880/880/458
f  885/885/462 880/880/458 879/879/457
f  879/879/457 883/883/457 886/886/461
f  886/886/461 883/883/457 884/884/461
f  884/884/461 846/846/440 887/887/463
f  887/887/463 846/846/440 840/840/229
f  887/887/463 840/840/229 842/842/438
f  884/884/461 887/887/463 888/888/461
f  888/888/461 887/887/463 842/842/438
f  886/886/461 884/884/461 889/889/464
f  889/889/464 884/884/461 888/888/461
f  886/886/461 889/889/464 890/890/462
f  890/890/462 889/889/464 891/891/465
f  891/891/465 889/889/464 892/892/464
f  892/892/464 889/889/464 888/888/461
f  892/892/464 888/888/461 893/893/466
f  893/893/466 888/888/461 842/842/438
f  892/892/464 893/893/466 894/894/461
f  894/894/461 893/893/466 895/895/467
f  894/894/461 895/895/467 896/896/468
f  893/893/466 842/842/438 897/897/469
f  895/895/467 893/893/466 898/898/470
f  898/898/470 893/893/466 897/897/469
f  897/897/469 842/842/438 899/899/471
f  899/899/471 842/842/438 669/669/348
f  898/898/470 897/897/469 900/900/472
f  900/900/472 897/897/469 899/899/471
f  895/895/467 898/898/470 901/901/473
f  901/901/473 898/898/470 900/900/472
f  902/902/474 896/896/468 895/895/467
f  902/902/474 895/895/467 901/901/473
f  896/896/468 902/902/474 903/903/475
f  903/903/475 902/902/474 904/904/476
f  904/904/476 902/902/474 699/699/367
f  699/699/367 902/902/474 901/901/473
f  904/904/476 699/699/367 698/698/367
f  905/905/477 901/901/473 900/900/472
f  901/901/473 905/905/477 699/699/367
f  905/905/477 900/900/472 906/906/478
f  906/906/478 900/900/472 899/899/471
f  699/699/367 905/905/477 677/677/354
f  677/677/354 905/905/477 906/906/478
f  699/699/367 677/677/354 682/682/357
f  906/906/478 899/899/471 907/907/479
f  906/906/478 907/907/479 677/677/354
f  907/907/479 899/899/471 669/669/348
f  677/677/354 907/907/479 674/674/351
f  674/674/351 907/907/479 669/669/348
f  908/908/276 909/909/276 910/910/273
f  909/909/276 908/908/276 732/732/317
f  908/908/276 910/910/273 911/911/272
f  732/732/317 908/908/276 912/912/480
f  732/732/317 912/912/480 735/735/383
f  908/908/276 911/911/272 913/913/481
f  735/735/383 912/912/480 914/914/482
f  912/912/480 908/908/276 915/915/276
f  915/915/276 908/908/276 913/913/481
f  912/912/480 915/915/276 914/914/482
f  735/735/383 914/914/482 756/756/395
f  915/915/276 913/913/481 916/916/483
f  915/915/276 916/916/483 914/914/482
f  917/917/265 913/913/481 911/911/272
f  913/913/481 917/917/265 916/916/483
f  917/917/265 911/911/272 918/918/265
f  756/756/395 914/914/482 919/919/484
f  919/919/484 914/914/482 916/916/483
f  756/756/395 919/919/484 781/781/414
f  781/781/414 919/919/484 788/788/421
f  788/788/421 919/919/484 916/916/483
f  788/788/421 916/916/483 795/795/424
f  795/795/424 916/916/483 917/917/265
f  917/917/265 918/918/265 920/920/270
f  917/917/265 920/920/270 795/795/424
f  920/920/270 918/918/265 921/921/269
f  795/795/424 920/920/270 806/806/428
f  920/920/270 921/921/269 922/922/270
f  806/806/428 920/920/270 819/819/265
f  920/920/270 922/922/270 822/822/265
f  920/920/270 822/822/265 819/819/265
f  923/923/485 515/515/270 503/503/266
f  923/923/485 503/503/266 498/498/50
f  515/515/270 923/923/485 924/924/266
f  515/515/270 924/924/266 514/514/265
f  923/923/485 498/498/50 925/925/50
f  923/923/485 925/925/50 924/924/266
f  514/514/265 924/924/266 926/926/486
f  926/926/486 924/924/266 925/925/50
f  514/514/265 926/926/486 927/927/267
f  927/927/267 926/926/486 928/928/435
f  928/928/435 926/926/486 925/925/50
f  925/925/50 498/498/50 929/929/50
f  925/925/50 929/929/50 930/930/50
f  929/929/50 498/498/50 496/496/50
f  929/929/50 496/496/50 931/931/50
f  929/929/50 931/931/50 932/932/50
f  929/929/50 932/932/50 933/933/50
f  932/932/50 931/931/50 934/934/50
f  935/935/179 561/561/179 566/566/179
f  561/561/179 935/935/179 936/936/179
f  935/935/179 566/566/179 937/937/179
f  937/937/179 566/566/179 573/573/304
f  935/935/179 937/937/179 938/938/179
f  935/935/179 938/938/179 939/939/179
f  939/939/179 938/938/179 940/940/179
f  940/940/179 938/938/179 941/941/179
f  940/940/179 941/941/179 942/942/179
f  942/942/179 941/941/179 943/943/179
f  942/942/179 943/943/179 944/944/179
f  937/937/179 573/573/304 945/945/487
f  945/945/487 573/573/304 570/570/301
f  945/945/487 570/570/301 575/575/301
f  937/937/179 945/945/487 946/946/488
f  946/946/488 945/945/487 575/575/301
f  937/937/179 946/946/488 947/947/384
f  947/947/384 946/946/488 575/575/301
f  948/948/489 625/625/333 626/626/334
f  625/625/333 948/948/489 949/949/377
f  625/625/333 949/949/377 950/950/375
f  949/949/377 948/948/489 951/951/179
f  951/951/179 948/948/489 952/952/179
f  952/952/179 948/948/489 626/626/334
f  952/952/179 626/626/334 620/620/179
f  952/952/179 620/620/179 953/953/179
f  952/952/179 953/953/179 954/954/179
f  954/954/179 953/953/179 955/955/179
f  954/954/179 955/955/179 956/956/179
f  957/957/179 958/958/179 959/959/179
f  958/958/179 957/957/179 960/960/179
f  961/961/301 753/753/301 962/962/301
f  962/962/301 753/753/301 963/963/301
f  963/963/301 753/753/301 751/751/392
f  962/962/301 963/963/301 964/964/301
f  962/962/301 964/964/301 965/965/384
f  965/965/384 964/964/301 966/966/490
f  965/965/384 966/966/490 967/967/179
f  965/965/384 967/967/179 968/968/179
f  968/968/179 967/967/179 969/969/179
f  967/967/179 966/966/490 970/970/491
f  970/970/491 966/966/490 964/964/301
f  969/969/179 967/967/179 971/971/179
f  971/971/179 967/967/179 970/970/491
f  970/970/491 964/964/301 972/972/492
f  970/970/491 972/972/492 971/971/179
f  972/972/492 964/964/301 963/963/301
f  972/972/492 963/963/301 973/973/493
f  972/972/492 973/973/493 971/971/179
f  973/973/493 963/963/301 974/974/492
f  973/973/493 974/974/492 971/971/179
f  975/975/494 963/963/301 751/751/392
f  963/963/301 975/975/494 974/974/492
f  975/975/494 751/751/392 769/769/400
f  971/971/179 974/974/492 976/976/495
f  976/976/495 974/974/492 975/975/494
f  971/971/179 976/976/495 977/977/496
f  977/977/496 976/976/495 975/975/494
f  977/977/496 975/975/494 978/978/497
f  971/971/179 977/977/496 979/979/179
f  979/979/179 977/977/496 978/978/497
f  978/978/497 975/975/494 980/980/498
f  978/978/497 980/980/498 979/979/179
f  981/981/499 975/975/494 769/769/400
f  975/975/494 981/981/499 980/980/498
f  981/981/499 769/769/400 771/771/404
f  980/980/498 981/981/499 982/982/500
f  982/982/500 981/981/499 771/771/404
f  980/980/498 982/982/500 979/979/179
f  982/982/500 771/771/404 983/983/501
f  983/983/501 771/771/404 984/984/502
f  979/979/179 982/982/500 985/985/179
f  985/985/179 982/982/500 983/983/501
f  979/979/179 985/985/179 971/971/179
f  985/985/179 983/983/501 986/986/179
f  971/971/179 985/985/179 987/987/179
f  971/971/179 987/987/179 969/969/179
f  987/987/179 985/985/179 988/988/179
f  969/969/179 987/987/179 989/989/179
f  987/987/179 988/988/179 990/990/179
f  989/989/179 987/987/179 991/991/179
f  991/991/179 987/987/179 990/990/179
f  992/992/50 993/993/50 994/994/50
f  995/995/179 996/996/179 997/997/179
f  998/998/179 999/999/179 1000/1000/179
f  999/999/179 998/998/179 1001/1001/179
f  999/999/179 1001/1001/179 1002/1002/179
f  1003/1003/50 1004/1004/50 1005/1005/50
f  1003/1003/50 1005/1005/50 1006/1006/50
f  1007/1007/50 1008/1008/50 1009/1009/50
f  1010/1010/503 879/879/457 1011/1011/461
f  1011/1011/461 879/879/457 886/886/461
f  1011/1011/461 886/886/461 1012/1012/460
f  879/879/457 1010/1010/503 885/885/462
f  1011/1011/461 1012/1012/460 1013/1013/504
f  1011/1011/461 1013/1013/504 1010/1010/503
f  1010/1010/503 1013/1013/504 1014/1014/462
f  1010/1010/503 1014/1014/462 885/885/462
f  1014/1014/462 1013/1013/504 1015/1015/461
f  1014/1014/462 1015/1015/461 1016/1016/505
f  1014/1014/462 1016/1016/505 1017/1017/506
f  1017/1017/506 1016/1016/505 1018/1018/50
f  885/885/462 1014/1014/462 1019/1019/507
f  1019/1019/507 1014/1014/462 1017/1017/506
f  1019/1019/507 1017/1017/506 1018/1018/50
f  885/885/462 1019/1019/507 881/881/459
f  881/881/459 1019/1019/507 870/870/50
f  870/870/50 1019/1019/507 1018/1018/50
f  870/870/50 1018/1018/50 869/869/50
f  869/869/50 1018/1018/50 1020/1020/50
f  1021/1021/179 1022/1022/179 1023/1023/179
f  1022/1022/179 1021/1021/179 1024/1024/179
f  1024/1024/179 1021/1021/179 1025/1025/179
f  1025/1025/179 1021/1021/179 1026/1026/179
f  1027/1027/50 1028/1028/50 1029/1029/50
f  1029/1029/50 1028/1028/50 1030/1030/50
f  1029/1029/50 1030/1030/50 1031/1031/50
f  1032/1032/50 1033/1033/50 1034/1034/50
f  1035/1035/461 1036/1036/468 1037/1037/508
f  1037/1037/508 1036/1036/468 1038/1038/475
f  1035/1035/461 1037/1037/508 1039/1039/509
f  1037/1037/508 1038/1038/475 1040/1040/510
f  1037/1037/508 1040/1040/510 1039/1039/509
f  1040/1040/510 1038/1038/475 1041/1041/511
f  1041/1041/511 1038/1038/475 1042/1042/476
f  1039/1039/509 1040/1040/510 1043/1043/512
f  1043/1043/512 1040/1040/510 1041/1041/511
f  1041/1041/511 1042/1042/476 1044/1044/367
f  1044/1044/367 1042/1042/476 1045/1045/367
f  1044/1044/367 1045/1045/367 1046/1046/369
f  1043/1043/512 1041/1041/511 1047/1047/513
f  1047/1047/513 1041/1041/511 1044/1044/367
f  1044/1044/367 1046/1046/369 1048/1048/364
f  1048/1048/364 1046/1046/369 1049/1049/363
f  1049/1049/363 1046/1046/369 1050/1050/368
f  1044/1044/367 1048/1048/364 1051/1051/514
f  1051/1051/514 1048/1048/364 1049/1049/363
f  1049/1049/363 1050/1050/368 1052/1052/363
f  1044/1044/367 1051/1051/514 1053/1053/515
f  1044/1044/367 1053/1053/515 1047/1047/513
f  1051/1051/514 1049/1049/363 1054/1054/516
f  1049/1049/363 1052/1052/363 1055/1055/363
f  1049/1049/363 1055/1055/363 1054/1054/516
f  1055/1055/363 1052/1052/363 1056/1056/363
f  1055/1055/363 1056/1056/363 1057/1057/365
f  1055/1055/363 1057/1057/365 1058/1058/362
f  1055/1055/363 1058/1058/362 1054/1054/516
f  1051/1051/514 1054/1054/516 1059/1059/517
f  1051/1051/514 1059/1059/517 1053/1053/515
f  1054/1054/516 1058/1058/362 1060/1060/518
f  1058/1058/362 1057/1057/365 1061/1061/363
f  1058/1058/362 1061/1061/363 1060/1060/518
f  1054/1054/516 1060/1060/518 1062/1062/519
f  1054/1054/516 1062/1062/519 1059/1059/517
f  1053/1053/515 1059/1059/517 1063/1063/520
f  1063/1063/520 1059/1059/517 1062/1062/519
f  1053/1053/515 1063/1063/520 1064/1064/521
f  1062/1062/519 1060/1060/518 1065/1065/522
f  1065/1065/522 1060/1060/518 1061/1061/363
f  1063/1063/520 1062/1062/519 1066/1066/523
f  1063/1063/520 1066/1066/523 1064/1064/521
f  1066/1066/523 1062/1062/519 1067/1067/524
f  1064/1064/521 1066/1066/523 1068/1068/525
f  1068/1068/525 1066/1066/523 1067/1067/524
f  1068/1068/525 1067/1067/524 1069/1069/524
f  1064/1064/521 1068/1068/525 1070/1070/521
f  1069/1069/524 1067/1067/524 1071/1071/526
f  1067/1067/524 1062/1062/519 1072/1072/526
f  1067/1067/524 1072/1072/526 1071/1071/526
f  1072/1072/526 1062/1062/519 1065/1065/522
f  1071/1071/526 1072/1072/526 1073/1073/405
f  1073/1073/405 1072/1072/526 1065/1065/522
f  1071/1071/526 1073/1073/405 1074/1074/524
f  1064/1064/521 1070/1070/521 1075/1075/527
f  1074/1074/524 1073/1073/405 1076/1076/519
f  1076/1076/519 1073/1073/405 1065/1065/522
f  1076/1076/519 1065/1065/522 1077/1077/528
f  1077/1077/528 1065/1065/522 1061/1061/363
f  1074/1074/524 1076/1076/519 1078/1078/529
f  1078/1078/529 1076/1076/519 1077/1077/528
f  1074/1074/524 1078/1078/529 1079/1079/519
f  1074/1074/524 1079/1079/519 1080/1080/524
f  1080/1080/524 1079/1079/519 1081/1081/524
f  1079/1079/519 1078/1078/529 1082/1082/530
f  1082/1082/530 1078/1078/529 1077/1077/528
f  1081/1081/524 1079/1079/519 1083/1083/531
f  1081/1081/524 1083/1083/531 1084/1084/532
f  1079/1079/519 1082/1082/530 1085/1085/533
f  1079/1079/519 1085/1085/533 1083/1083/531
f  1082/1082/530 1077/1077/528 1086/1086/534
f  1086/1086/534 1077/1077/528 1061/1061/363
f  1082/1082/530 1086/1086/534 1087/1087/362
f  1082/1082/530 1087/1087/362 1085/1085/533
f  1087/1087/362 1086/1086/534 1088/1088/363
f  1085/1085/533 1087/1087/362 1089/1089/365
f  1086/1086/534 1061/1061/363 1090/1090/363
f  1086/1086/534 1090/1090/363 1088/1088/363
f  1090/1090/363 1061/1061/363 1057/1057/365
f  1088/1088/363 1090/1090/363 1091/1091/362
f  1091/1091/362 1090/1090/363 1057/1057/365
f  1092/1092/382 1089/1089/365 1093/1093/381
f  1089/1089/365 1092/1092/382 1094/1094/535
f  1089/1089/365 1094/1094/535 1085/1085/533
f  1094/1094/535 1092/1092/382 1095/1095/179
f  1094/1094/535 1095/1095/179 1096/1096/179
f  1085/1085/533 1094/1094/535 1097/1097/536
f  1097/1097/536 1094/1094/535 1096/1096/179
f  1085/1085/533 1097/1097/536 1098/1098/537
f  1097/1097/536 1096/1096/179 1099/1099/179
f  1097/1097/536 1099/1099/179 1098/1098/537
f  1085/1085/533 1098/1098/537 1100/1100/538
f  1100/1100/538 1098/1098/537 1099/1099/179
f  1085/1085/533 1100/1100/538 1083/1083/531
f  1100/1100/538 1099/1099/179 1101/1101/539
f  1100/1100/538 1101/1101/539 1083/1083/531
f  1099/1099/179 1096/1096/179 1102/1102/179
f  1102/1102/179 1096/1096/179 1103/1103/179
f  1103/1103/179 1096/1096/179 1104/1104/179
f  1102/1102/179 1103/1103/179 1105/1105/179
f  1105/1105/179 1103/1103/179 1106/1106/179
f  1099/1099/179 1102/1102/179 1107/1107/179
f  1099/1099/179 1107/1107/179 1101/1101/539
f  1107/1107/179 1102/1102/179 1108/1108/179
f  1109/1109/540 1083/1083/531 1101/1101/539
f  1109/1109/540 1101/1101/539 1107/1107/179
f  1083/1083/531 1109/1109/540 1084/1084/532
f  1084/1084/532 1109/1109/540 1110/1110/541
f  1110/1110/541 1109/1109/540 1107/1107/179
f  1110/1110/541 1107/1107/179 1111/1111/541
f  1112/1112/179 1113/1113/179 1114/1114/179
f  1114/1114/179 1113/1113/179 1115/1115/179
f  1115/1115/179 1113/1113/179 1116/1116/179
f  1113/1113/179 1112/1112/179 1117/1117/179
f  1113/1113/179 1117/1117/179 1118/1118/179
f  1118/1118/179 1117/1117/179 1119/1119/179
f  1120/1120/50 1121/1121/50 1122/1122/50
f  1123/1123/393 1124/1124/398 1125/1125/402
f  1123/1123/393 1125/1125/402 1126/1126/542
f  1126/1126/542 1125/1125/402 1127/1127/401
f  1127/1127/401 1125/1125/402 1128/1128/401
f  1126/1126/542 1127/1127/401 1129/1129/543
f  1123/1123/393 1126/1126/542 1130/1130/544
f  1130/1130/544 1126/1126/542 1129/1129/543
f  1129/1129/543 1127/1127/401 1131/1131/545
f  1129/1129/543 1131/1131/545 1130/1130/544
f  1127/1127/401 1128/1128/401 1132/1132/546
f  1127/1127/401 1132/1132/546 1131/1131/545
f  1132/1132/546 1128/1128/401 1133/1133/405
f  1132/1132/546 1133/1133/405 1134/1134/409
f  1132/1132/546 1134/1134/409 1135/1135/547
f  1135/1135/547 1134/1134/409 1136/1136/408
f  1132/1132/546 1135/1135/547 1137/1137/548
f  1135/1135/547 1136/1136/408 1138/1138/549
f  1135/1135/547 1138/1138/549 1137/1137/548
f  1138/1138/549 1136/1136/408 1139/1139/416
f  1138/1138/549 1139/1139/416 1140/1140/422
f  1140/1140/422 1139/1139/416 1141/1141/417
f  1137/1137/548 1138/1138/549 1142/1142/550
f  1142/1142/550 1138/1138/549 1140/1140/422
f  1132/1132/546 1137/1137/548 1143/1143/551
f  1132/1132/546 1143/1143/551 1131/1131/545
f  1137/1137/548 1142/1142/550 1144/1144/552
f  1142/1142/550 1140/1140/422 1145/1145/553
f  1142/1142/550 1145/1145/553 1144/1144/552
f  1140/1140/422 1141/1141/417 1146/1146/417
f  1146/1146/417 1141/1141/417 1147/1147/422
f  1140/1140/422 1146/1146/417 1148/1148/553
f  1140/1140/422 1148/1148/553 1145/1145/553
f  1146/1146/417 1147/1147/422 1149/1149/423
f  1149/1149/423 1147/1147/422 1150/1150/422
f  1146/1146/417 1149/1149/423 1151/1151/423
f  1146/1146/417 1151/1151/423 1148/1148/553
f  1149/1149/423 1150/1150/422 1152/1152/554
f  1152/1152/554 1150/1150/422 1153/1153/422
f  1151/1151/423 1149/1149/423 1154/1154/423
f  1154/1154/423 1149/1149/423 1152/1152/554
f  1148/1148/553 1151/1151/423 1155/1155/555
f  1155/1155/555 1151/1151/423 1154/1154/423
f  1154/1154/423 1152/1152/554 1156/1156/556
f  1154/1154/423 1156/1156/556 1155/1155/555
f  1152/1152/554 1153/1153/422 1157/1157/422
f  1152/1152/554 1157/1157/422 1156/1156/556
f  1157/1157/422 1153/1153/422 1158/1158/422
f  1155/1155/555 1156/1156/556 1159/1159/557
f  1148/1148/553 1155/1155/555 1160/1160/557
f  1160/1160/557 1155/1155/555 1159/1159/557
f  1159/1159/557 1156/1156/556 1161/1161/558
f  1159/1159/557 1161/1161/558 1160/1160/557
f  1156/1156/556 1157/1157/422 1162/1162/559
f  1156/1156/556 1162/1162/559 1161/1161/558
f  1148/1148/553 1160/1160/557 1163/1163/560
f  1148/1148/553 1163/1163/560 1145/1145/553
f  1160/1160/557 1161/1161/558 1164/1164/558
f  1160/1160/557 1164/1164/558 1163/1163/560
f  1161/1161/558 1162/1162/559 1165/1165/560
f  1162/1162/559 1157/1157/422 1166/1166/561
f  1164/1164/558 1161/1161/558 1167/1167/558
f  1167/1167/558 1161/1161/558 1165/1165/560
f  1167/1167/558 1165/1165/560 1168/1168/560
f  1164/1164/558 1167/1167/558 1169/1169/560
f  1169/1169/560 1167/1167/558 1170/1170/560
f  1164/1164/558 1169/1169/560 1171/1171/560
f  1164/1164/558 1171/1171/560 1172/1172/562
f  1164/1164/558 1172/1172/562 1163/1163/560
f  1163/1163/560 1172/1172/562 1173/1173/563
f  1173/1173/563 1172/1172/562 1174/1174/564
f  1163/1163/560 1173/1173/563 1175/1175/565
f  1163/1163/560 1175/1175/565 1176/1176/566
f  1175/1175/565 1173/1173/563 1177/1177/567
f  1175/1175/565 1177/1177/567 1176/1176/566
f  1177/1177/567 1173/1173/563 1178/1178/568
f  1177/1177/567 1178/1178/568 1179/1179/567
f  1177/1177/567 1179/1179/567 1180/1180/569
f  1163/1163/560 1176/1176/566 1145/1145/553
f  1177/1177/567 1180/1180/569 1181/1181/570
f  1145/1145/553 1176/1176/566 1182/1182/571
f  1145/1145/553 1182/1182/571 1144/1144/552
f  1183/1183/572 1176/1176/566 1177/1177/567
f  1183/1183/572 1177/1177/567 1181/1181/570
f  1181/1181/570 1180/1180/569 1184/1184/573
f  1181/1181/570 1184/1184/573 1183/1183/572
f  1184/1184/573 1180/1180/569 1185/1185/574
f  1144/1144/552 1182/1182/571 1186/1186/575
f  1144/1144/552 1186/1186/575 1137/1137/548
f  1187/1187/576 1182/1182/571 1176/1176/566
f  1187/1187/576 1176/1176/566 1183/1183/572
f  1182/1182/571 1187/1187/576 1186/1186/575
f  1137/1137/548 1186/1186/575 1143/1143/551
f  1143/1143/551 1186/1186/575 1187/1187/576
f  1143/1143/551 1187/1187/576 1183/1183/572
f  1143/1143/551 1183/1183/572 1184/1184/573
f  1143/1143/551 1184/1184/573 1188/1188/577
f  1143/1143/551 1188/1188/577 1131/1131/545
f  1188/1188/577 1184/1184/573 1189/1189/573
f  1189/1189/573 1184/1184/573 1190/1190/536
f  1189/1189/573 1190/1190/536 1191/1191/578
f  1189/1189/573 1191/1191/578 1188/1188/577
f  1191/1191/578 1190/1190/536 1192/1192/579
f  1191/1191/578 1192/1192/579 1188/1188/577
f  1131/1131/545 1188/1188/577 1193/1193/580
f  1193/1193/580 1188/1188/577 1192/1192/579
f  1131/1131/545 1193/1193/580 1130/1130/544
f  1193/1193/580 1192/1192/579 1194/1194/580
f  1194/1194/580 1192/1192/579 1195/1195/579
f  1130/1130/544 1193/1193/580 1196/1196/580
f  1196/1196/580 1193/1193/580 1194/1194/580
f  1196/1196/580 1194/1194/580 1197/1197/580
f  1197/1197/580 1194/1194/580 1198/1198/580
f  1197/1197/580 1198/1198/580 1199/1199/581
f  1196/1196/580 1197/1197/580 1200/1200/582
f  1196/1196/580 1200/1200/582 1130/1130/544
f  1197/1197/580 1199/1199/581 1201/1201/583
f  1197/1197/580 1201/1201/583 1200/1200/582
f  1201/1201/583 1199/1199/581 1202/1202/584
f  1201/1201/583 1202/1202/584 1203/1203/585
f  1203/1203/585 1202/1202/584 1204/1204/179
f  1203/1203/585 1204/1204/179 1205/1205/586
f  1203/1203/585 1205/1205/586 1201/1201/583
f  1205/1205/586 1204/1204/179 1206/1206/179
f  1201/1201/583 1205/1205/586 1207/1207/587
f  1207/1207/587 1205/1205/586 1206/1206/179
f  1206/1206/179 1204/1204/179 1208/1208/179
f  1208/1208/179 1204/1204/179 1209/1209/179
f  1207/1207/587 1206/1206/179 1210/1210/588
f  1210/1210/588 1206/1206/179 1211/1211/589
f  1207/1207/587 1210/1210/588 1212/1212/590
f  1207/1207/587 1212/1212/590 1201/1201/583
f  1212/1212/590 1210/1210/588 1211/1211/589
f  1211/1211/589 1206/1206/179 1213/1213/591
f  1213/1213/591 1206/1206/179 1208/1208/179
f  1211/1211/589 1213/1213/591 1212/1212/590
f  1214/1214/179 1208/1208/179 1209/1209/179
f  1214/1214/179 1209/1209/179 1215/1215/179
f  1213/1213/591 1208/1208/179 1216/1216/592
f  1213/1213/591 1216/1216/592 1212/1212/590
f  1208/1208/179 1214/1214/179 1217/1217/179
f  1208/1208/179 1217/1217/179 1216/1216/592
f  1214/1214/179 1215/1215/179 1218/1218/179
f  1214/1214/179 1218/1218/179 1217/1217/179
f  1218/1218/179 1215/1215/179 1219/1219/179
f  1219/1219/179 1215/1215/179 1220/1220/179
f  1221/1221/593 1201/1201/583 1212/1212/590
f  1201/1201/583 1221/1221/593 1200/1200/582
f  1221/1221/593 1212/1212/590 1222/1222/403
f  1222/1222/403 1212/1212/590 1216/1216/592
f  1200/1200/582 1221/1221/593 1223/1223/393
f  1223/1223/393 1221/1221/593 1222/1222/403
f  1223/1223/393 1222/1222/403 1224/1224/390
f  1200/1200/582 1223/1223/393 1225/1225/400
f  1200/1200/582 1225/1225/400 1226/1226/399
f  1200/1200/582 1226/1226/399 1130/1130/544
f  1226/1226/399 1225/1225/400 1227/1227/399
f  1130/1130/544 1226/1226/399 1123/1123/393
f  1123/1123/393 1226/1226/399 1227/1227/399
f  1228/1228/594 1222/1222/403 1216/1216/592
f  1222/1222/403 1228/1228/594 1229/1229/404
f  1228/1228/594 1216/1216/592 1230/1230/595
f  1229/1229/404 1228/1228/594 1231/1231/596
f  1231/1231/596 1228/1228/594 1230/1230/595
f  1229/1229/404 1231/1231/596 1232/1232/502
f  1230/1230/595 1216/1216/592 1233/1233/179
f  1230/1230/595 1233/1233/179 1231/1231/596
f  1231/1231/596 1233/1233/179 1232/1232/502
f  1232/1232/502 1233/1233/179 1234/1234/501
f  1233/1233/179 1216/1216/592 1217/1217/179
f  1233/1233/179 1217/1217/179 1235/1235/179
f  1236/1236/464 1035/1035/461 1237/1237/460
f  1236/1236/464 1237/1237/460 1238/1238/465
f  1237/1237/460 1035/1035/461 1239/1239/466
f  1239/1239/466 1035/1035/461 1039/1039/509
f  1238/1238/465 1237/1237/460 1240/1240/465
f  1238/1238/465 1240/1240/465 1241/1241/462
f  1240/1240/465 1237/1237/460 1242/1242/462
f  1241/1241/462 1240/1240/465 1243/1243/462
f  1243/1243/462 1240/1240/465 1242/1242/462
f  1242/1242/462 1237/1237/460 1244/1244/597
f  1244/1244/597 1237/1237/460 1239/1239/466
f  1243/1243/462 1242/1242/462 1245/1245/462
f  1241/1241/462 1243/1243/462 1246/1246/461
f  1246/1246/461 1243/1243/462 1245/1245/462
f  1241/1241/462 1246/1246/461 1247/1247/461
f  1247/1247/461 1246/1246/461 1248/1248/460
f  1248/1248/460 1246/1246/461 1249/1249/461
f  1249/1249/461 1246/1246/461 1245/1245/462
f  1245/1245/462 1242/1242/462 1250/1250/598
f  1250/1250/598 1242/1242/462 1244/1244/597
f  1249/1249/461 1245/1245/462 1251/1251/457
f  1248/1248/460 1249/1249/461 1252/1252/461
f  1252/1252/461 1249/1249/461 1251/1251/457
f  1251/1251/457 1245/1245/462 1253/1253/599
f  1253/1253/599 1245/1245/462 1250/1250/598
f  1251/1251/457 1253/1253/599 1254/1254/600
f  1251/1251/457 1254/1254/600 1255/1255/601
f  1254/1254/600 1253/1253/599 1256/1256/602
f  1254/1254/600 1256/1256/602 1255/1255/601
f  1251/1251/457 1255/1255/601 1257/1257/461
f  1251/1251/457 1257/1257/461 1252/1252/461
f  1258/1258/461 1248/1248/460 1252/1252/461
f  1248/1248/460 1258/1258/461 1259/1259/504
f  1259/1259/504 1258/1258/461 1260/1260/461
f  1260/1260/461 1258/1258/461 1261/1261/603
f  1260/1260/461 1261/1261/603 1262/1262/505
f  1262/1262/505 1261/1261/603 1263/1263/604
f  1262/1262/505 1263/1263/604 1264/1264/50
f  1261/1261/603 1258/1258/461 1265/1265/458
f  1261/1261/603 1265/1265/458 1263/1263/604
f  1264/1264/50 1263/1263/604 1266/1266/605
f  1266/1266/605 1263/1263/604 1265/1265/458
f  1264/1264/50 1266/1266/605 1267/1267/50
f  1265/1265/458 1258/1258/461 1268/1268/606
f  1265/1265/458 1268/1268/606 1266/1266/605
f  1268/1268/606 1258/1258/461 1252/1252/461
f  1266/1266/605 1268/1268/606 1269/1269/607
f  1266/1266/605 1269/1269/607 1267/1267/50
f  1268/1268/606 1252/1252/461 1270/1270/458
f  1268/1268/606 1270/1270/458 1269/1269/607
f  1270/1270/458 1252/1252/461 1257/1257/461
f  1269/1269/607 1270/1270/458 1271/1271/608
f  1271/1271/608 1270/1270/458 1257/1257/461
f  1269/1269/607 1271/1271/608 1267/1267/50
f  1271/1271/608 1257/1257/461 1272/1272/609
f  1272/1272/609 1257/1257/461 1255/1255/601
f  1272/1272/609 1255/1255/601 1273/1273/610
f  1273/1273/610 1255/1255/601 1256/1256/602
f  1272/1272/609 1273/1273/610 1274/1274/611
f  1272/1272/609 1274/1274/611 1271/1271/608
f  1274/1274/611 1273/1273/610 1275/1275/612
f  1271/1271/608 1274/1274/611 1276/1276/613
f  1276/1276/613 1274/1274/611 1275/1275/612
f  1273/1273/610 1256/1256/602 1277/1277/614
f  1273/1273/610 1277/1277/614 1275/1275/612
f  1277/1277/614 1256/1256/602 1278/1278/615
f  1277/1277/614 1278/1278/615 1279/1279/602
f  1278/1278/615 1256/1256/602 1280/1280/616
f  1277/1277/614 1279/1279/602 1281/1281/617
f  1277/1277/614 1281/1281/617 1275/1275/612
f  1280/1280/616 1256/1256/602 1253/1253/599
f  1282/1282/618 1276/1276/613 1275/1275/612
f  1275/1275/612 1281/1281/617 1283/1283/619
f  1275/1275/612 1283/1283/619 1282/1282/618
f  1283/1283/619 1281/1281/617 1284/1284/616
f  1276/1276/613 1282/1282/618 1285/1285/50
f  1285/1285/50 1282/1282/618 1283/1283/619
f  1285/1285/50 1283/1283/619 1286/1286/608
f  1276/1276/613 1285/1285/50 1271/1271/608
f  1271/1271/608 1285/1285/50 1287/1287/50
f  1287/1287/50 1285/1285/50 1288/1288/50
f  1271/1271/608 1287/1287/50 1267/1267/50
f  1287/1287/50 1288/1288/50 1289/1289/50
f  1267/1267/50 1287/1287/50 1290/1290/50
f  1290/1290/50 1287/1287/50 1289/1289/50
f  1267/1267/50 1290/1290/50 1291/1291/50
f  1290/1290/50 1289/1289/50 1292/1292/50
f  1290/1290/50 1292/1292/50 1293/1293/50
f  1292/1292/50 1289/1289/50 1294/1294/50
f  1292/1292/50 1294/1294/50 1295/1295/50
f  1296/1296/50 1297/1297/50 1298/1298/50
f  1299/1299/179 1300/1300/179 1301/1301/179
f  1300/1300/179 1299/1299/179 1302/1302/179
f  1303/1303/426 1158/1158/422 1304/1304/422
f  1158/1158/422 1303/1303/426 1305/1305/422
f  1158/1158/422 1305/1305/422 1157/1157/422
f  1306/1306/425 1307/1307/430 1303/1303/426
f  1303/1303/426 1307/1307/430 1308/1308/620
f  1303/1303/426 1308/1308/620 1305/1305/422
f  1308/1308/620 1307/1307/430 1309/1309/50
f  1157/1157/422 1305/1305/422 1166/1166/561
f  1308/1308/620 1309/1309/50 1310/1310/50
f  1310/1310/50 1309/1309/50 1311/1311/50
f  1308/1308/620 1310/1310/50 1312/1312/621
f  1308/1308/620 1312/1312/621 1305/1305/422
f  1305/1305/422 1312/1312/621 1313/1313/621
f  1313/1313/621 1312/1312/621 1310/1310/50
f  1166/1166/561 1305/1305/422 1314/1314/622
f  1305/1305/422 1313/1313/621 1315/1315/623
f  1305/1305/422 1315/1315/623 1314/1314/622
f  1315/1315/623 1313/1313/621 1310/1310/50
f  1314/1314/622 1315/1315/623 1316/1316/624
f  1314/1314/622 1316/1316/624 1166/1166/561
f  1316/1316/624 1315/1315/623 1310/1310/50
f  1166/1166/561 1316/1316/624 1317/1317/560
f  1166/1166/561 1317/1317/560 1162/1162/559
f  1162/1162/559 1317/1317/560 1165/1165/560
f  1316/1316/624 1310/1310/50 1318/1318/50
f  1319/1319/50 1310/1310/50 1311/1311/50
f  1310/1310/50 1319/1319/50 1318/1318/50
f  1319/1319/50 1311/1311/50 1320/1320/50
f  1316/1316/624 1318/1318/50 1321/1321/625
f  1316/1316/624 1321/1321/625 1317/1317/560
f  1321/1321/625 1318/1318/50 1322/1322/626
f  1321/1321/625 1322/1322/626 1317/1317/560
f  1322/1322/626 1318/1318/50 1323/1323/627
f  1322/1322/626 1323/1323/627 1317/1317/560
f  1324/1324/50 1318/1318/50 1319/1319/50
f  1318/1318/50 1324/1324/50 1323/1323/627
f  1325/1325/50 1319/1319/50 1320/1320/50
f  1319/1319/50 1325/1325/50 1324/1324/50
f  1325/1325/50 1320/1320/50 1326/1326/50
f  1324/1324/50 1325/1325/50 1327/1327/50
f  1326/1326/50 1320/1320/50 1328/1328/50
f  1328/1328/50 1320/1320/50 1329/1329/50
f  1326/1326/50 1328/1328/50 1330/1330/50
f  1330/1330/50 1328/1328/50 1331/1331/50
f  1331/1331/50 1328/1328/50 1332/1332/50
f  1333/1333/628 1323/1323/627 1324/1324/50
f  1333/1333/628 1324/1324/50 1334/1334/629
f  1323/1323/627 1333/1333/628 1335/1335/630
f  1335/1335/630 1333/1333/628 1334/1334/629
f  1334/1334/629 1324/1324/50 1336/1336/631
f  1334/1334/629 1336/1336/631 1335/1335/630
f  1336/1336/631 1324/1324/50 1337/1337/632
f  1323/1323/627 1335/1335/630 1338/1338/560
f  1338/1338/560 1335/1335/630 1336/1336/631
f  1323/1323/627 1338/1338/560 1317/1317/560
f  1338/1338/560 1336/1336/631 1339/1339/560
f  1317/1317/560 1338/1338/560 1165/1165/560
f  1165/1165/560 1338/1338/560 1339/1339/560
f  1340/1340/50 1341/1341/50 1342/1342/50
f  1342/1342/50 1341/1341/50 1343/1343/50
f  1342/1342/50 1343/1343/50 1344/1344/50
f  1342/1342/50 1344/1344/50 1345/1345/50
f  1345/1345/50 1344/1344/50 1346/1346/50
f  1347/1347/633 1039/1039/509 1043/1043/512
f  1039/1039/509 1347/1347/633 1239/1239/466
f  1347/1347/633 1043/1043/512 1348/1348/634
f  1348/1348/634 1043/1043/512 1047/1047/513
f  1239/1239/466 1347/1347/633 1349/1349/633
f  1349/1349/633 1347/1347/633 1348/1348/634
f  1348/1348/634 1047/1047/513 1350/1350/635
f  1350/1350/635 1047/1047/513 1053/1053/515
f  1350/1350/635 1053/1053/515 1064/1064/521
f  1349/1349/633 1348/1348/634 1351/1351/636
f  1351/1351/636 1348/1348/634 1350/1350/635
f  1239/1239/466 1349/1349/633 1352/1352/637
f  1239/1239/466 1352/1352/637 1244/1244/597
f  1349/1349/633 1351/1351/636 1353/1353/638
f  1349/1349/633 1353/1353/638 1352/1352/637
f  1351/1351/636 1350/1350/635 1354/1354/639
f  1351/1351/636 1354/1354/639 1353/1353/638
f  1355/1355/640 1350/1350/635 1064/1064/521
f  1353/1353/638 1354/1354/639 1356/1356/641
f  1355/1355/640 1064/1064/521 1075/1075/527
f  1354/1354/639 1350/1350/635 1357/1357/642
f  1354/1354/639 1357/1357/642 1356/1356/641
f  1357/1357/642 1350/1350/635 1355/1355/640
f  1353/1353/638 1356/1356/641 1358/1358/643
f  1358/1358/643 1356/1356/641 1357/1357/642
f  1353/1353/638 1358/1358/643 1352/1352/637
f  1357/1357/642 1355/1355/640 1359/1359/644
f  1357/1357/642 1359/1359/644 1358/1358/643
f  1352/1352/637 1358/1358/643 1360/1360/645
f  1360/1360/645 1358/1358/643 1359/1359/644
f  1352/1352/637 1360/1360/645 1244/1244/597
f  1359/1359/644 1355/1355/640 1361/1361/641
f  1361/1361/641 1355/1355/640 1075/1075/527
f  1361/1361/641 1075/1075/527 1362/1362/646
f  1362/1362/646 1075/1075/527 1363/1363/647
f  1361/1361/641 1362/1362/646 1364/1364/648
f  1359/1359/644 1361/1361/641 1365/1365/649
f  1365/1365/649 1361/1361/641 1364/1364/648
f  1359/1359/644 1365/1365/649 1360/1360/645
f  1365/1365/649 1364/1364/648 1366/1366/650
f  1367/1367/610 1244/1244/597 1360/1360/645
f  1367/1367/610 1360/1360/645 1365/1365/649
f  1367/1367/610 1365/1365/649 1366/1366/650
f  1244/1244/597 1367/1367/610 1250/1250/598
f  1367/1367/610 1366/1366/650 1368/1368/616
f  1367/1367/610 1368/1368/616 1250/1250/598
f  1250/1250/598 1368/1368/616 1369/1369/616
f  1250/1250/598 1369/1369/616 1253/1253/599
f  1369/1369/616 1368/1368/616 1370/1370/616
f  1253/1253/599 1369/1369/616 1280/1280/616
f  1280/1280/616 1369/1369/616 1370/1370/616
f  1371/1371/50 1372/1372/50 1373/1373/50
f  1374/1374/50 1375/1375/50 1376/1376/50
f  1377/1377/50 1378/1378/50 1379/1379/50
f  1380/1380/50 1381/1381/50 1382/1382/50
f  1382/1382/50 1381/1381/50 1383/1383/50
f  1383/1383/50 1381/1381/50 1384/1384/50
f  1383/1383/50 1384/1384/50 1385/1385/50
f  1383/1383/50 1385/1385/50 1386/1386/50
f  1385/1385/50 1384/1384/50 1387/1387/50
f  1385/1385/50 1387/1387/50 1388/1388/50
f  1388/1388/50 1387/1387/50 1389/1389/50
f  1387/1387/50 1384/1384/50 1390/1390/50
f  1387/1387/50 1390/1390/50 1391/1391/50
f  1392/1392/179 1393/1393/179 1394/1394/179
f  1395/1395/179 1396/1396/179 1397/1397/179
f  1396/1396/179 1395/1395/179 1398/1398/179
f  1398/1398/179 1395/1395/179 1399/1399/179
f  1398/1398/179 1399/1399/179 1400/1400/179
f  1400/1400/179 1399/1399/179 1401/1401/179
f  1400/1400/179 1401/1401/179 1402/1402/179
f  1403/1403/179 1404/1404/179 1400/1400/179
f  1403/1403/179 1400/1400/179 1402/1402/179
f  1402/1402/179 1401/1401/179 1405/1405/651
f  1405/1405/651 1401/1401/179 1406/1406/652
f  1406/1406/652 1401/1401/179 1407/1407/584
f  1406/1406/652 1407/1407/584 1408/1408/581
f  1406/1406/652 1408/1408/581 1409/1409/583
f  1406/1406/652 1409/1409/583 1405/1405/651
f  1409/1409/583 1408/1408/581 1410/1410/580
f  1405/1405/651 1409/1409/583 1411/1411/587
f  1405/1405/651 1411/1411/587 1402/1402/179
f  1409/1409/583 1410/1410/580 1412/1412/653
f  1409/1409/583 1412/1412/653 1411/1411/587
f  1402/1402/179 1411/1411/587 1413/1413/654
f  1413/1413/654 1411/1411/587 1412/1412/653
f  1402/1402/179 1413/1413/654 1414/1414/655
f  1414/1414/655 1413/1413/654 1412/1412/653
f  1402/1402/179 1414/1414/655 1415/1415/656
f  1402/1402/179 1415/1415/656 1403/1403/179
f  1414/1414/655 1412/1412/653 1416/1416/657
f  1414/1414/655 1416/1416/657 1415/1415/656
f  1403/1403/179 1415/1415/656 1417/1417/658
f  1417/1417/658 1415/1415/656 1416/1416/657
f  1403/1403/179 1417/1417/658 1418/1418/659
f  1418/1418/659 1417/1417/658 1416/1416/657
f  1403/1403/179 1418/1418/659 1419/1419/179
f  1419/1419/179 1418/1418/659 1420/1420/660
f  1420/1420/660 1418/1418/659 1421/1421/661
f  1421/1421/661 1418/1418/659 1416/1416/657
f  1420/1420/660 1421/1421/661 1422/1422/662
f  1422/1422/662 1421/1421/661 1423/1423/657
f  1421/1421/661 1416/1416/657 1424/1424/663
f  1424/1424/663 1416/1416/657 1412/1412/653
f  1423/1423/657 1421/1421/661 1425/1425/664
f  1425/1425/664 1421/1421/661 1424/1424/663
f  1423/1423/657 1425/1425/664 1426/1426/665
f  1423/1423/657 1426/1426/665 1427/1427/657
f  1425/1425/664 1424/1424/663 1428/1428/666
f  1425/1425/664 1428/1428/666 1426/1426/665
f  1427/1427/657 1426/1426/665 1429/1429/667
f  1424/1424/663 1412/1412/653 1430/1430/668
f  1424/1424/663 1430/1430/668 1428/1428/666
f  1430/1430/668 1412/1412/653 1410/1410/580
f  1430/1430/668 1410/1410/580 1431/1431/581
f  1430/1430/668 1431/1431/581 1428/1428/666
f  1431/1431/581 1410/1410/580 1432/1432/580
f  1431/1431/581 1432/1432/580 1433/1433/579
f  1434/1434/664 1429/1429/667 1426/1426/665
f  1428/1428/666 1431/1431/581 1435/1435/669
f  1435/1435/669 1431/1431/581 1433/1433/579
f  1436/1436/664 1426/1426/665 1428/1428/666
f  1436/1436/664 1428/1428/666 1435/1435/669
f  1426/1426/665 1436/1436/664 1434/1434/664
f  1429/1429/667 1434/1434/664 1437/1437/661
f  1436/1436/664 1435/1435/669 1438/1438/670
f  1436/1436/664 1438/1438/670 1434/1434/664
f  1435/1435/669 1433/1433/579 1439/1439/579
f  1435/1435/669 1439/1439/579 1438/1438/670
f  1439/1439/579 1433/1433/579 1440/1440/579
f  1439/1439/579 1440/1440/579 1441/1441/536
f  1437/1437/661 1434/1434/664 1442/1442/671
f  1437/1437/661 1442/1442/671 1443/1443/672
f  1434/1434/664 1438/1438/670 1444/1444/673
f  1434/1434/664 1444/1444/673 1442/1442/671
f  1443/1443/672 1442/1442/671 1445/1445/674
f  1445/1445/674 1442/1442/671 1444/1444/673
f  1446/1446/675 1438/1438/670 1439/1439/579
f  1438/1438/670 1446/1446/675 1444/1444/673
f  1446/1446/675 1439/1439/579 1447/1447/676
f  1447/1447/676 1439/1439/579 1441/1441/536
f  1444/1444/673 1446/1446/675 1448/1448/677
f  1444/1444/673 1448/1448/677 1445/1445/674
f  1446/1446/675 1447/1447/676 1449/1449/678
f  1449/1449/678 1447/1447/676 1441/1441/536
f  1446/1446/675 1449/1449/678 1448/1448/677
f  1450/1450/679 1451/1451/680 1445/1445/674
f  1450/1450/679 1445/1445/674 1452/1452/681
f  1452/1452/681 1445/1445/674 1448/1448/677
f  1450/1450/679 1452/1452/681 1453/1453/682
f  1449/1449/678 1441/1441/536 1454/1454/683
f  1448/1448/677 1449/1449/678 1455/1455/684
f  1455/1455/684 1449/1449/678 1454/1454/683
f  1454/1454/683 1441/1441/536 1456/1456/685
f  1456/1456/685 1441/1441/536 1457/1457/573
f  1456/1456/685 1457/1457/573 1458/1458/574
f  1454/1454/683 1456/1456/685 1459/1459/686
f  1459/1459/686 1456/1456/685 1458/1458/574
f  1455/1455/684 1454/1454/683 1460/1460/687
f  1460/1460/687 1454/1454/683 1459/1459/686
f  1459/1459/686 1458/1458/574 1461/1461/567
f  1461/1461/567 1458/1458/574 1462/1462/569
f  1459/1459/686 1461/1461/567 1463/1463/564
f  1463/1463/564 1461/1461/567 1464/1464/568
f  1463/1463/564 1464/1464/568 1465/1465/563
f  1459/1459/686 1463/1463/564 1466/1466/688
f  1459/1459/686 1466/1466/688 1460/1460/687
f  1466/1466/688 1463/1463/564 1467/1467/560
f  1466/1466/688 1467/1467/560 1460/1460/687
f  1467/1467/560 1463/1463/564 1468/1468/562
f  1460/1460/687 1467/1467/560 1469/1469/689
f  1470/1470/690 1455/1455/684 1460/1460/687
f  1470/1470/690 1460/1460/687 1469/1469/689
f  1455/1455/684 1470/1470/690 1471/1471/691
f  1455/1455/684 1471/1471/691 1448/1448/677
f  1471/1471/691 1470/1470/690 1472/1472/692
f  1448/1448/677 1471/1471/691 1473/1473/693
f  1473/1473/693 1471/1471/691 1472/1472/692
f  1448/1448/677 1473/1473/693 1474/1474/694
f  1474/1474/694 1473/1473/693 1475/1475/695
f  1475/1475/695 1473/1473/693 1472/1472/692
f  1448/1448/677 1474/1474/694 1452/1452/681
f  1452/1452/681 1474/1474/694 1475/1475/695
f  1452/1452/681 1475/1475/695 1472/1472/692
f  1476/1476/696 1472/1472/692 1470/1470/690
f  1476/1476/696 1470/1470/690 1469/1469/689
f  1452/1452/681 1472/1472/692 1477/1477/697
f  1477/1477/697 1472/1472/692 1476/1476/696
f  1452/1452/681 1477/1477/697 1453/1453/682
f  1453/1453/682 1477/1477/697 1478/1478/698
f  1453/1453/682 1478/1478/698 1479/1479/699
f  1477/1477/697 1476/1476/696 1480/1480/700
f  1480/1480/700 1476/1476/696 1469/1469/689
f  1477/1477/697 1480/1480/700 1478/1478/698
f  1479/1479/699 1478/1478/698 1481/1481/701
f  1480/1480/700 1469/1469/689 1482/1482/702
f  1481/1481/701 1478/1478/698 1483/1483/699
f  1481/1481/701 1483/1483/699 1484/1484/699
f  1478/1478/698 1480/1480/700 1485/1485/699
f  1485/1485/699 1480/1480/700 1482/1482/702
f  1478/1478/698 1485/1485/699 1483/1483/699
f  1482/1482/702 1469/1469/689 1486/1486/560
f  1486/1486/560 1469/1469/689 1467/1467/560
f  1484/1484/699 1483/1483/699 1487/1487/703
f  1487/1487/703 1483/1483/699 1485/1485/699
f  1484/1484/699 1487/1487/703 1488/1488/701
f  1484/1484/699 1488/1488/701 1489/1489/699
f  1487/1487/703 1485/1485/699 1490/1490/703
f  1487/1487/703 1490/1490/703 1488/1488/701
f  1486/1486/560 1467/1467/560 1491/1491/560
f  1491/1491/560 1467/1467/560 1492/1492/560
f  1491/1491/560 1492/1492/560 1493/1493/560
f  1491/1491/560 1493/1493/560 1486/1486/560
f  1490/1490/703 1485/1485/699 1494/1494/699
f  1488/1488/701 1490/1490/703 1495/1495/704
f  1495/1495/704 1490/1490/703 1494/1494/699
f  1488/1488/701 1495/1495/704 1496/1496/699
f  1488/1488/701 1496/1496/699 1489/1489/699
f  1495/1495/704 1494/1494/699 1497/1497/705
f  1494/1494/699 1485/1485/699 1498/1498/706
f  1494/1494/699 1498/1498/706 1497/1497/705
f  1498/1498/706 1485/1485/699 1482/1482/702
f  1498/1498/706 1482/1482/702 1486/1486/560
f  1496/1496/699 1495/1495/704 1499/1499/699
f  1499/1499/699 1495/1495/704 1497/1497/705
f  1500/1500/699 1489/1489/699 1496/1496/699
f  1500/1500/699 1496/1496/699 1499/1499/699
f  1489/1489/699 1500/1500/699 1501/1501/699
f  1501/1501/699 1500/1500/699 1502/1502/699
f  1499/1499/699 1497/1497/705 1503/1503/707
f  1502/1502/699 1500/1500/699 1504/1504/708
f  1499/1499/699 1503/1503/707 1505/1505/709
f  1500/1500/699 1499/1499/699 1506/1506/699
f  1506/1506/699 1499/1499/699 1505/1505/709
f  1503/1503/707 1497/1497/705 1507/1507/560
f  1503/1503/707 1507/1507/560 1505/1505/709
f  1504/1504/708 1500/1500/699 1508/1508/710
f  1508/1508/710 1500/1500/699 1506/1506/699
f  1502/1502/699 1504/1504/708 1509/1509/711
f  1502/1502/699 1509/1509/711 1510/1510/712
f  1504/1504/708 1508/1508/710 1511/1511/50
f  1504/1504/708 1511/1511/50 1509/1509/711
f  1510/1510/712 1509/1509/711 1512/1512/713
f  1510/1510/712 1512/1512/713 1513/1513/714
f  1513/1513/714 1512/1512/713 1514/1514/50
f  1514/1514/50 1512/1512/713 1509/1509/711
f  1514/1514/50 1509/1509/711 1511/1511/50
f  1511/1511/50 1508/1508/710 1515/1515/715
f  1515/1515/715 1508/1508/710 1506/1506/699
f  1511/1511/50 1515/1515/715 1516/1516/716
f  1516/1516/716 1515/1515/715 1506/1506/699
f  1514/1514/50 1511/1511/50 1517/1517/50
f  1517/1517/50 1511/1511/50 1516/1516/716
f  1516/1516/716 1506/1506/699 1518/1518/717
f  1516/1516/716 1518/1518/717 1517/1517/50
f  1518/1518/717 1506/1506/699 1519/1519/718
f  1518/1518/717 1519/1519/718 1517/1517/50
f  1519/1519/718 1506/1506/699 1520/1520/709
f  1520/1520/709 1506/1506/699 1505/1505/709
f  1519/1519/718 1520/1520/709 1521/1521/719
f  1519/1519/718 1521/1521/719 1517/1517/50
f  1520/1520/709 1505/1505/709 1522/1522/560
f  1520/1520/709 1522/1522/560 1521/1521/719
f  1522/1522/560 1505/1505/709 1523/1523/560
f  1521/1521/719 1522/1522/560 1524/1524/627
f  1521/1521/719 1524/1524/627 1517/1517/50
f  1524/1524/627 1522/1522/560 1523/1523/560
f  1525/1525/50 1514/1514/50 1517/1517/50
f  1514/1514/50 1525/1525/50 1526/1526/50
f  1517/1517/50 1524/1524/627 1527/1527/50
f  1517/1517/50 1527/1527/50 1525/1525/50
f  1526/1526/50 1525/1525/50 1528/1528/50
f  1528/1528/50 1525/1525/50 1527/1527/50
f  1526/1526/50 1528/1528/50 1529/1529/50
f  1526/1526/50 1529/1529/50 1530/1530/50
f  1529/1529/50 1528/1528/50 1531/1531/50
f  1531/1531/50 1528/1528/50 1527/1527/50
f  1530/1530/50 1529/1529/50 1532/1532/50
f  1532/1532/50 1529/1529/50 1533/1533/50
f  1532/1532/50 1533/1533/50 1534/1534/50
f  1534/1534/50 1533/1533/50 1535/1535/50
f  1536/1536/632 1537/1537/50 1527/1527/50
f  1536/1536/632 1527/1527/50 1538/1538/629
f  1536/1536/632 1538/1538/629 1539/1539/720
f  1536/1536/632 1539/1539/720 1540/1540/631
f  1538/1538/629 1527/1527/50 1541/1541/721
f  1538/1538/629 1541/1541/721 1539/1539/720
f  1541/1541/721 1527/1527/50 1524/1524/627
f  1540/1540/631 1539/1539/720 1523/1523/560
f  1541/1541/721 1524/1524/627 1523/1523/560
f  1541/1541/721 1523/1523/560 1539/1539/720
f  1542/1542/560 1523/1523/560 1543/1543/560
f  1543/1543/560 1523/1523/560 1507/1507/560
f  1507/1507/560 1523/1523/560 1505/1505/709
f  1543/1543/560 1507/1507/560 1493/1493/560
f  1543/1543/560 1493/1493/560 1544/1544/558
f  1493/1493/560 1507/1507/560 1545/1545/722
f  1545/1545/722 1507/1507/560 1497/1497/705
f  1545/1545/722 1497/1497/705 1498/1498/706
f  1545/1545/722 1498/1498/706 1486/1486/560
f  1546/1546/723 1486/1486/560 1493/1493/560
f  1486/1486/560 1546/1546/723 1545/1545/722
f  1545/1545/722 1546/1546/723 1493/1493/560
f  1547/1547/50 1548/1548/50 1549/1549/50
f  1550/1550/50 1551/1551/50 1552/1552/50
f  1553/1553/179 1554/1554/179 1555/1555/179
f  1553/1553/179 1555/1555/179 1556/1556/179
f  1554/1554/179 1553/1553/179 1557/1557/179
f  1557/1557/179 1553/1553/179 1558/1558/179
f  1557/1557/179 1558/1558/179 1559/1559/179
f  1559/1559/179 1558/1558/179 1560/1560/179
f  1559/1559/179 1560/1560/179 1561/1561/179
f  1562/1562/179 1563/1563/179 1564/1564/179
f  1565/1565/50 1566/1566/50 1567/1567/50
f  1567/1567/50 1566/1566/50 1568/1568/50
f  1568/1568/50 1566/1566/50 1569/1569/50
f  1567/1567/50 1568/1568/50 1570/1570/50
f  1568/1568/50 1569/1569/50 1571/1571/50
f  1568/1568/50 1571/1571/50 1570/1570/50
f  1571/1571/50 1569/1569/50 1572/1572/50
f  1570/1570/50 1571/1571/50 1573/1573/50
f  1571/1571/50 1572/1572/50 1574/1574/50
f  1573/1573/50 1571/1571/50 1575/1575/50
f  1575/1575/50 1571/1571/50 1574/1574/50
f  1573/1573/50 1575/1575/50 1576/1576/50
f  1575/1575/50 1574/1574/50 1577/1577/50
f  1576/1576/50 1575/1575/50 1578/1578/50
f  1578/1578/50 1575/1575/50 1577/1577/50
f  1576/1576/50 1578/1578/50 1579/1579/50
f  1578/1578/50 1577/1577/50 1580/1580/50
f  1580/1580/50 1577/1577/50 1581/1581/50
f  1579/1579/50 1578/1578/50 1582/1582/724
f  1579/1579/50 1582/1582/724 1583/1583/725
f  1583/1583/725 1582/1582/724 1584/1584/726
f  1582/1582/724 1578/1578/50 1585/1585/727
f  1582/1582/724 1585/1585/727 1584/1584/726
f  1578/1578/50 1580/1580/50 1586/1586/728
f  1578/1578/50 1586/1586/728 1585/1585/727
f  1584/1584/726 1585/1585/727 1587/1587/729
f  1584/1584/726 1587/1587/729 1588/1588/726
f  1588/1588/726 1587/1587/729 1589/1589/726
f  1589/1589/726 1587/1587/729 1590/1590/729
f  1586/1586/728 1580/1580/50 1591/1591/730
f  1585/1585/727 1586/1586/728 1592/1592/731
f  1592/1592/731 1586/1586/728 1591/1591/730
f  1587/1587/729 1585/1585/727 1593/1593/729
f  1593/1593/729 1585/1585/727 1592/1592/731
f  1590/1590/729 1587/1587/729 1594/1594/729
f  1594/1594/729 1587/1587/729 1593/1593/729
f  1591/1591/730 1580/1580/50 1595/1595/732
f  1592/1592/731 1591/1591/730 1596/1596/733
f  1596/1596/733 1591/1591/730 1595/1595/732
f  1593/1593/729 1592/1592/731 1597/1597/734
f  1597/1597/734 1592/1592/731 1596/1596/733
f  1594/1594/729 1593/1593/729 1598/1598/735
f  1598/1598/735 1593/1593/729 1597/1597/734
f  1595/1595/732 1580/1580/50 1599/1599/736
f  1599/1599/736 1580/1580/50 1581/1581/50
f  1596/1596/733 1595/1595/732 1600/1600/733
f  1600/1600/733 1595/1595/732 1599/1599/736
f  1597/1597/734 1596/1596/733 1601/1601/737
f  1597/1597/734 1601/1601/737 1598/1598/735
f  1596/1596/733 1600/1600/733 1602/1602/733
f  1596/1596/733 1602/1602/733 1601/1601/737
f  1602/1602/733 1600/1600/733 1603/1603/737
f  1602/1602/733 1603/1603/737 1604/1604/733
f  1603/1603/737 1600/1600/733 1605/1605/738
f  1605/1605/738 1600/1600/733 1599/1599/736
f  1603/1603/737 1605/1605/738 1606/1606/739
f  1605/1605/738 1599/1599/736 1607/1607/740
f  1605/1605/738 1607/1607/740 1606/1606/739
f  1607/1607/740 1599/1599/736 1581/1581/50
f  1606/1606/739 1607/1607/740 1608/1608/741
f  1608/1608/741 1607/1607/740 1581/1581/50
f  1609/1609/737 1601/1601/737 1602/1602/733
f  1609/1609/737 1602/1602/733 1610/1610/733
f  1609/1609/737 1610/1610/733 1611/1611/733
f  1609/1609/737 1611/1611/733 1601/1601/737
f  1611/1611/733 1610/1610/733 1612/1612/742
f  1601/1601/737 1611/1611/733 1613/1613/733
f  1613/1613/733 1611/1611/733 1612/1612/742
f  1601/1601/737 1613/1613/733 1614/1614/743
f  1601/1601/737 1614/1614/743 1598/1598/735
f  1613/1613/733 1612/1612/742 1615/1615/744
f  1615/1615/744 1612/1612/742 1616/1616/745
f  1616/1616/745 1612/1612/742 1617/1617/746
f  1613/1613/733 1615/1615/744 1618/1618/747
f  1615/1615/744 1616/1616/745 1619/1619/748
f  1615/1615/744 1619/1619/748 1618/1618/747
f  1616/1616/745 1617/1617/746 1620/1620/749
f  1616/1616/745 1620/1620/749 1619/1619/748
f  1620/1620/749 1617/1617/746 1621/1621/750
f  1620/1620/749 1621/1621/750 1622/1622/751
f  1620/1620/749 1622/1622/751 1619/1619/748
f  1622/1622/751 1621/1621/750 1623/1623/752
f  1622/1622/751 1623/1623/752 1624/1624/753
f  1622/1622/751 1624/1624/753 1619/1619/748
f  1624/1624/753 1623/1623/752 1625/1625/752
f  1626/1626/754 1618/1618/747 1619/1619/748
f  1626/1626/754 1619/1619/748 1624/1624/753
f  1627/1627/755 1613/1613/733 1618/1618/747
f  1618/1618/747 1626/1626/754 1628/1628/756
f  1618/1618/747 1628/1628/756 1627/1627/755
f  1613/1613/733 1627/1627/755 1614/1614/743
f  1628/1628/756 1626/1626/754 1629/1629/757
f  1629/1629/757 1626/1626/754 1624/1624/753
f  1627/1627/755 1628/1628/756 1630/1630/758
f  1614/1614/743 1627/1627/755 1631/1631/726
f  1631/1631/726 1627/1627/755 1630/1630/758
f  1628/1628/756 1629/1629/757 1632/1632/759
f  1628/1628/756 1632/1632/759 1630/1630/758
f  1632/1632/759 1629/1629/757 1633/1633/760
f  1630/1630/758 1632/1632/759 1634/1634/761
f  1631/1631/726 1630/1630/758 1635/1635/762
f  1635/1635/762 1630/1630/758 1634/1634/761
f  1614/1614/743 1631/1631/726 1636/1636/729
f  1631/1631/726 1635/1635/762 1637/1637/763
f  1637/1637/763 1635/1635/762 1634/1634/761
f  1631/1631/726 1637/1637/763 1638/1638/726
f  1637/1637/763 1634/1634/761 1639/1639/764
f  1637/1637/763 1639/1639/764 1638/1638/726
f  1639/1639/764 1634/1634/761 1640/1640/765
f  1631/1631/726 1638/1638/726 1641/1641/729
f  1631/1631/726 1641/1641/729 1636/1636/729
f  1641/1641/729 1638/1638/726 1642/1642/729
f  1641/1641/729 1642/1642/729 1590/1590/729
f  1636/1636/729 1641/1641/729 1643/1643/726
f  1643/1643/726 1641/1641/729 1590/1590/729
f  1636/1636/729 1643/1643/726 1614/1614/743
f  1643/1643/726 1590/1590/729 1594/1594/729
f  1614/1614/743 1643/1643/726 1598/1598/735
f  1598/1598/735 1643/1643/726 1594/1594/729
f  1644/1644/766 1640/1640/765 1634/1634/761
f  1644/1644/766 1634/1634/761 1632/1632/759
f  1644/1644/766 1632/1632/759 1633/1633/760
f  1640/1640/765 1644/1644/766 1645/1645/767
f  1645/1645/767 1644/1644/766 1633/1633/760
f  1640/1640/765 1645/1645/767 1646/1646/768
f  1646/1646/768 1645/1645/767 1647/1647/769
f  1647/1647/769 1645/1645/767 1648/1648/770
f  1648/1648/770 1645/1645/767 1633/1633/760
f  1647/1647/769 1648/1648/770 1649/1649/771
f  1649/1649/771 1648/1648/770 1650/1650/772
f  1649/1649/771 1650/1650/772 1651/1651/773
f  1648/1648/770 1633/1633/760 1652/1652/774
f  1652/1652/774 1633/1633/760 1629/1629/757
f  1652/1652/774 1629/1629/757 1624/1624/753
f  1648/1648/770 1652/1652/774 1653/1653/775
f  1653/1653/775 1652/1652/774 1624/1624/753
f  1650/1650/772 1648/1648/770 1654/1654/776
f  1650/1650/772 1654/1654/776 1651/1651/773
f  1654/1654/776 1648/1648/770 1653/1653/775
f  1651/1651/773 1654/1654/776 1655/1655/777
f  1654/1654/776 1653/1653/775 1656/1656/778
f  1654/1654/776 1656/1656/778 1655/1655/777
f  1653/1653/775 1624/1624/753 1657/1657/779
f  1653/1653/775 1657/1657/779 1656/1656/778
f  1657/1657/779 1624/1624/753 1658/1658/780
f  1658/1658/780 1624/1624/753 1625/1625/752
f  1657/1657/779 1658/1658/780 1659/1659/781
f  1659/1659/781 1658/1658/780 1660/1660/782
f  1660/1660/782 1658/1658/780 1661/1661/783
f  1657/1657/779 1659/1659/781 1662/1662/784
f  1662/1662/784 1659/1659/781 1660/1660/782
f  1657/1657/779 1662/1662/784 1656/1656/778
f  1656/1656/778 1662/1662/784 1655/1655/777
f  1662/1662/784 1660/1660/782 1663/1663/784
f  1664/1664/785 1651/1651/773 1655/1655/777
f  1651/1651/773 1664/1664/785 1665/1665/773
f  1655/1655/777 1662/1662/784 1666/1666/786
f  1655/1655/777 1666/1666/786 1664/1664/785
f  1665/1665/773 1664/1664/785 1667/1667/787
f  1662/1662/784 1663/1663/784 1668/1668/784
f  1662/1662/784 1668/1668/784 1666/1666/786
f  1668/1668/784 1663/1663/784 1669/1669/784
f  1664/1664/785 1666/1666/786 1670/1670/788
f  1670/1670/788 1666/1666/786 1668/1668/784
f  1668/1668/784 1669/1669/784 1671/1671/784
f  1668/1668/784 1671/1671/784 1670/1670/788
f  1671/1671/784 1669/1669/784 1672/1672/784
f  1664/1664/785 1670/1670/788 1673/1673/787
f  1664/1664/785 1673/1673/787 1667/1667/787
f  1671/1671/784 1672/1672/784 1674/1674/789
f  1670/1670/788 1671/1671/784 1675/1675/790
f  1670/1670/788 1675/1675/790 1673/1673/787
f  1675/1675/790 1671/1671/784 1674/1674/789
f  1667/1667/787 1673/1673/787 1676/1676/787
f  1674/1674/789 1672/1672/784 1677/1677/791
f  1673/1673/787 1675/1675/790 1678/1678/792
f  1673/1673/787 1678/1678/792 1676/1676/787
f  1667/1667/787 1676/1676/787 1679/1679/787
f  1674/1674/789 1677/1677/791 1680/1680/793
f  1680/1680/793 1677/1677/791 1681/1681/179
f  1674/1674/789 1680/1680/793 1682/1682/794
f  1680/1680/793 1681/1681/179 1683/1683/179
f  1680/1680/793 1683/1683/179 1682/1682/794
f  1674/1674/789 1682/1682/794 1684/1684/795
f  1674/1674/789 1684/1684/795 1675/1675/790
f  1684/1684/795 1682/1682/794 1683/1683/179
f  1675/1675/790 1684/1684/795 1678/1678/792
f  1678/1678/792 1684/1684/795 1685/1685/796
f  1685/1685/796 1684/1684/795 1683/1683/179
f  1678/1678/792 1685/1685/796 1686/1686/797
f  1686/1686/797 1685/1685/796 1683/1683/179
f  1678/1678/792 1686/1686/797 1687/1687/798
f  1687/1687/798 1686/1686/797 1683/1683/179
f  1678/1678/792 1687/1687/798 1676/1676/787
f  1688/1688/179 1683/1683/179 1681/1681/179
f  1676/1676/787 1687/1687/798 1689/1689/799
f  1687/1687/798 1683/1683/179 1690/1690/179
f  1687/1687/798 1690/1690/179 1689/1689/799
f  1690/1690/179 1683/1683/179 1688/1688/179
f  1676/1676/787 1689/1689/799 1691/1691/800
f  1691/1691/800 1689/1689/799 1690/1690/179
f  1676/1676/787 1691/1691/800 1679/1679/787
f  1679/1679/787 1691/1691/800 1692/1692/801
f  1692/1692/801 1691/1691/800 1690/1690/179
f  1679/1679/787 1692/1692/801 1693/1693/802
f  1692/1692/801 1690/1690/179 1694/1694/179
f  1694/1694/179 1690/1690/179 1688/1688/179
f  1694/1694/179 1688/1688/179 1695/1695/179
f  1695/1695/179 1688/1688/179 1696/1696/179
f  1694/1694/179 1695/1695/179 1697/1697/179
f  1697/1697/179 1695/1695/179 1698/1698/179
f  1698/1698/179 1695/1695/179 1699/1699/179
f  1699/1699/179 1695/1695/179 1700/1700/179
f  1699/1699/179 1700/1700/179 1701/1701/179
f  1699/1699/179 1701/1701/179 1702/1702/179
f  1699/1699/179 1702/1702/179 1703/1703/179
f  1704/1704/179 1705/1705/179 1706/1706/179
f  1706/1706/179 1705/1705/179 1707/1707/179
f  1708/1708/524 1709/1709/524 1710/1710/524
f  1708/1708/524 1710/1710/524 1711/1711/526
f  1708/1708/524 1711/1711/526 1712/1712/526
f  1710/1710/524 1709/1709/524 1713/1713/519
f  1712/1712/526 1711/1711/526 1714/1714/524
f  1712/1712/526 1714/1714/524 1715/1715/524
f  1711/1711/526 1710/1710/524 1716/1716/526
f  1716/1716/526 1710/1710/524 1713/1713/519
f  1711/1711/526 1716/1716/526 1717/1717/526
f  1711/1711/526 1717/1717/526 1714/1714/524
f  1716/1716/526 1713/1713/519 1718/1718/519
f  1719/1719/519 1713/1713/519 1709/1709/524
f  1713/1713/519 1719/1719/519 1718/1718/519
f  1719/1719/519 1709/1709/524 1720/1720/524
f  1719/1719/519 1720/1720/524 1721/1721/532
f  1722/1722/541 1721/1721/532 1723/1723/541
f  1721/1721/532 1722/1722/541 1724/1724/803
f  1721/1721/532 1724/1724/803 1719/1719/519
f  1724/1724/803 1722/1722/541 1725/1725/179
f  1724/1724/803 1725/1725/179 1726/1726/179
f  1726/1726/179 1725/1725/179 1727/1727/179
f  1724/1724/803 1726/1726/179 1728/1728/804
f  1724/1724/803 1728/1728/804 1719/1719/519
f  1726/1726/179 1727/1727/179 1729/1729/179
f  1728/1728/804 1726/1726/179 1730/1730/805
f  1728/1728/804 1730/1730/805 1719/1719/519
f  1730/1730/805 1726/1726/179 1729/1729/179
f  1719/1719/519 1730/1730/805 1731/1731/806
f  1730/1730/805 1729/1729/179 1732/1732/807
f  1730/1730/805 1732/1732/807 1731/1731/806
f  1732/1732/807 1729/1729/179 1733/1733/808
f  1732/1732/807 1733/1733/808 1731/1731/806
f  1733/1733/808 1729/1729/179 1734/1734/809
f  1719/1719/519 1731/1731/806 1735/1735/810
f  1733/1733/808 1734/1734/809 1736/1736/811
f  1733/1733/808 1736/1736/811 1731/1731/806
f  1734/1734/809 1729/1729/179 1737/1737/311
f  1734/1734/809 1737/1737/311 1736/1736/811
f  1737/1737/311 1729/1729/179 1738/1738/179
f  1738/1738/179 1729/1729/179 1739/1739/179
f  1737/1737/311 1738/1738/179 1740/1740/812
f  1740/1740/812 1738/1738/179 1741/1741/813
f  1737/1737/311 1740/1740/812 1742/1742/814
f  1742/1742/814 1740/1740/812 1741/1741/813
f  1737/1737/311 1742/1742/814 1736/1736/811
f  1742/1742/814 1741/1741/813 1743/1743/815
f  1744/1744/816 1731/1731/806 1736/1736/811
f  1744/1744/816 1736/1736/811 1742/1742/814
f  1731/1731/806 1744/1744/816 1735/1735/810
f  1744/1744/816 1742/1742/814 1745/1745/817
f  1744/1744/816 1745/1745/817 1746/1746/818
f  1735/1735/810 1744/1744/816 1747/1747/818
f  1747/1747/818 1744/1744/816 1746/1746/818
f  1735/1735/810 1747/1747/818 1748/1748/819
f  1747/1747/818 1746/1746/818 1749/1749/480
f  1749/1749/480 1746/1746/818 1750/1750/480
f  1749/1749/480 1750/1750/480 1751/1751/820
f  1747/1747/818 1749/1749/480 1752/1752/821
f  1747/1747/818 1752/1752/821 1748/1748/819
f  1749/1749/480 1751/1751/820 1753/1753/822
f  1749/1749/480 1753/1753/822 1752/1752/821
f  1753/1753/822 1751/1751/820 1754/1754/814
f  1735/1735/810 1748/1748/819 1718/1718/519
f  1718/1718/519 1748/1748/819 1752/1752/821
f  1735/1735/810 1718/1718/519 1719/1719/519
f  1753/1753/822 1754/1754/814 1755/1755/817
f  1752/1752/821 1753/1753/822 1756/1756/823
f  1756/1756/823 1753/1753/822 1755/1755/817
f  1718/1718/519 1752/1752/821 1757/1757/824
f  1757/1757/824 1752/1752/821 1756/1756/823
f  1718/1718/519 1757/1757/824 1716/1716/526
f  1716/1716/526 1757/1757/824 1717/1717/526
f  1717/1717/526 1757/1757/824 1756/1756/823
f  1758/1758/825 1755/1755/817 1754/1754/814
f  1717/1717/526 1756/1756/823 1759/1759/526
f  1755/1755/817 1758/1758/825 1760/1760/826
f  1759/1759/526 1756/1756/823 1761/1761/827
f  1761/1761/827 1756/1756/823 1755/1755/817
f  1717/1717/526 1759/1759/526 1762/1762/524
f  1762/1762/524 1759/1759/526 1761/1761/827
f  1717/1717/526 1762/1762/524 1714/1714/524
f  1761/1761/827 1755/1755/817 1763/1763/828
f  1763/1763/828 1755/1755/817 1760/1760/826
f  1764/1764/829 1760/1760/826 1758/1758/825
f  1760/1760/826 1764/1764/829 1763/1763/828
f  1764/1764/829 1758/1758/825 1765/1765/830
f  1763/1763/828 1764/1764/829 1766/1766/830
f  1761/1761/827 1763/1763/828 1767/1767/383
f  1767/1767/383 1763/1763/828 1766/1766/830
f  1761/1761/827 1767/1767/383 1768/1768/831
f  1761/1761/827 1768/1768/831 1762/1762/524
f  1768/1768/831 1767/1767/383 1769/1769/832
f  1769/1769/832 1767/1767/383 1766/1766/830
f  1762/1762/524 1768/1768/831 1770/1770/833
f  1762/1762/524 1770/1770/833 1714/1714/524
f  1770/1770/833 1768/1768/831 1771/1771/521
f  1771/1771/521 1768/1768/831 1769/1769/832
f  1714/1714/524 1770/1770/833 1772/1772/834
f  1714/1714/524 1772/1772/834 1715/1715/524
f  1770/1770/833 1771/1771/521 1773/1773/521
f  1770/1770/833 1773/1773/521 1772/1772/834
f  1715/1715/524 1772/1772/834 1774/1774/835
f  1774/1774/835 1772/1772/834 1773/1773/521
f  1715/1715/524 1774/1774/835 1775/1775/525
f  1775/1775/525 1774/1774/835 1776/1776/521
f  1776/1776/521 1774/1774/835 1773/1773/521
f  1776/1776/521 1773/1773/521 1777/1777/647
f  1776/1776/521 1777/1777/647 1778/1778/527
f  1779/1779/836 1773/1773/521 1771/1771/521
f  1779/1779/836 1771/1771/521 1769/1769/832
f  1777/1777/647 1773/1773/521 1780/1780/837
f  1780/1780/837 1773/1773/521 1779/1779/836
f  1777/1777/647 1780/1780/837 1781/1781/838
f  1781/1781/838 1780/1780/837 1779/1779/836
f  1777/1777/647 1781/1781/838 1782/1782/839
f  1782/1782/839 1781/1781/838 1783/1783/840
f  1777/1777/647 1782/1782/839 1784/1784/841
f  1777/1777/647 1784/1784/841 1785/1785/646
f  1785/1785/646 1784/1784/841 1786/1786/648
f  1786/1786/648 1784/1784/841 1787/1787/650
f  1784/1784/841 1782/1782/839 1788/1788/645
f  1784/1784/841 1788/1788/645 1787/1787/650
f  1788/1788/645 1782/1782/839 1783/1783/840
f  1789/1789/842 1783/1783/840 1781/1781/838
f  1789/1789/842 1781/1781/838 1779/1779/836
f  1783/1783/840 1789/1789/842 1788/1788/645
f  1787/1787/650 1788/1788/645 1790/1790/602
f  1787/1787/650 1790/1790/602 1791/1791/616
f  1790/1790/602 1788/1788/645 1792/1792/602
f  1791/1791/616 1790/1790/602 1793/1793/616
f  1793/1793/616 1790/1790/602 1792/1792/602
f  1791/1791/616 1793/1793/616 1794/1794/616
f  1794/1794/616 1793/1793/616 1795/1795/615
f  1794/1794/616 1795/1795/615 1796/1796/616
f  1796/1796/616 1795/1795/615 1797/1797/615
f  1795/1795/615 1793/1793/616 1798/1798/615
f  1798/1798/615 1793/1793/616 1792/1792/602
f  1797/1797/615 1795/1795/615 1799/1799/615
f  1797/1797/615 1799/1799/615 1800/1800/602
f  1795/1795/615 1798/1798/615 1801/1801/602
f  1795/1795/615 1801/1801/602 1799/1799/615
f  1800/1800/602 1799/1799/615 1802/1802/645
f  1802/1802/645 1799/1799/615 1801/1801/602
f  1800/1800/602 1802/1802/645 1803/1803/617
f  1803/1803/617 1802/1802/645 1804/1804/645
f  1803/1803/617 1804/1804/645 1805/1805/616
f  1802/1802/645 1801/1801/602 1806/1806/843
f  1802/1802/645 1806/1806/843 1804/1804/645
f  1807/1807/844 1801/1801/602 1798/1798/615
f  1805/1805/616 1804/1804/645 1808/1808/845
f  1808/1808/845 1804/1804/645 1809/1809/846
f  1805/1805/616 1808/1808/845 1810/1810/608
f  1805/1805/616 1810/1810/608 1811/1811/619
f  1808/1808/845 1809/1809/846 1812/1812/50
f  1808/1808/845 1812/1812/50 1810/1810/608
f  1809/1809/846 1804/1804/645 1813/1813/847
f  1809/1809/846 1813/1813/847 1812/1812/50
f  1813/1813/847 1804/1804/645 1806/1806/843
f  1810/1810/608 1812/1812/50 1814/1814/50
f  1810/1810/608 1814/1814/50 1815/1815/50
f  1812/1812/50 1813/1813/847 1816/1816/848
f  1816/1816/848 1813/1813/847 1806/1806/843
f  1814/1814/50 1812/1812/50 1817/1817/50
f  1814/1814/50 1817/1817/50 1818/1818/50
f  1818/1818/50 1817/1817/50 1819/1819/50
f  1812/1812/50 1816/1816/848 1820/1820/846
f  1820/1820/846 1816/1816/848 1806/1806/843
f  1817/1817/50 1812/1812/50 1821/1821/849
f  1821/1821/849 1812/1812/50 1820/1820/846
f  1820/1820/846 1806/1806/843 1822/1822/850
f  1821/1821/849 1820/1820/846 1823/1823/851
f  1823/1823/851 1820/1820/846 1822/1822/850
f  1823/1823/851 1822/1822/850 1821/1821/849
f  1822/1822/850 1806/1806/843 1824/1824/852
f  1824/1824/852 1806/1806/843 1801/1801/602
f  1821/1821/849 1822/1822/850 1825/1825/853
f  1825/1825/853 1822/1822/850 1824/1824/852
f  1824/1824/852 1801/1801/602 1807/1807/844
f  1826/1826/854 1817/1817/50 1821/1821/849
f  1826/1826/854 1821/1821/849 1825/1825/853
f  1817/1817/50 1826/1826/854 1827/1827/855
f  1817/1817/50 1827/1827/855 1828/1828/856
f  1827/1827/855 1826/1826/854 1829/1829/857
f  1827/1827/855 1829/1829/857 1828/1828/856
f  1829/1829/857 1826/1826/854 1825/1825/853
f  1828/1828/856 1829/1829/857 1830/1830/857
f  1830/1830/857 1829/1829/857 1825/1825/853
f  1828/1828/856 1830/1830/857 1831/1831/857
f  1832/1832/857 1825/1825/853 1824/1824/852
f  1825/1825/853 1832/1832/857 1830/1830/857
f  1832/1832/857 1824/1824/852 1807/1807/844
f  1830/1830/857 1832/1832/857 1833/1833/857
f  1833/1833/857 1832/1832/857 1807/1807/844
f  1830/1830/857 1833/1833/857 1834/1834/857
f  1830/1830/857 1834/1834/857 1835/1835/857
f  1834/1834/857 1833/1833/857 1836/1836/857
f  1833/1833/857 1807/1807/844 1837/1837/858
f  1833/1833/857 1837/1837/858 1836/1836/857
f  1837/1837/858 1807/1807/844 1838/1838/844
f  1838/1838/844 1807/1807/844 1798/1798/615
f  1836/1836/857 1837/1837/858 1839/1839/859
f  1839/1839/859 1837/1837/858 1838/1838/844
f  1838/1838/844 1798/1798/615 1792/1792/602
f  1836/1836/857 1839/1839/859 1840/1840/857
f  1836/1836/857 1840/1840/857 1841/1841/857
f  1841/1841/857 1840/1840/857 1842/1842/857
f  1842/1842/857 1840/1840/857 1843/1843/857
f  1838/1838/844 1792/1792/602 1844/1844/844
f  1839/1839/859 1838/1838/844 1845/1845/857
f  1839/1839/859 1845/1845/857 1840/1840/857
f  1845/1845/857 1838/1838/844 1844/1844/844
f  1844/1844/844 1792/1792/602 1846/1846/860
f  1844/1844/844 1846/1846/860 1845/1845/857
f  1846/1846/860 1792/1792/602 1788/1788/645
f  1840/1840/857 1845/1845/857 1847/1847/857
f  1840/1840/857 1847/1847/857 1843/1843/857
f  1847/1847/857 1845/1845/857 1846/1846/860
f  1846/1846/860 1788/1788/645 1789/1789/842
f  1843/1843/857 1847/1847/857 1848/1848/861
f  1843/1843/857 1848/1848/861 1849/1849/862
f  1849/1849/862 1848/1848/861 1850/1850/863
f  1848/1848/861 1847/1847/857 1851/1851/864
f  1850/1850/863 1848/1848/861 1852/1852/863
f  1852/1852/863 1848/1848/861 1851/1851/864
f  1851/1851/864 1847/1847/857 1853/1853/865
f  1853/1853/865 1847/1847/857 1846/1846/860
f  1851/1851/864 1853/1853/865 1852/1852/863
f  1853/1853/865 1846/1846/860 1854/1854/866
f  1854/1854/866 1846/1846/860 1789/1789/842
f  1853/1853/865 1854/1854/866 1855/1855/867
f  1853/1853/865 1855/1855/867 1852/1852/863
f  1854/1854/866 1789/1789/842 1856/1856/868
f  1854/1854/866 1856/1856/868 1855/1855/867
f  1856/1856/868 1789/1789/842 1779/1779/836
f  1856/1856/868 1779/1779/836 1857/1857/869
f  1856/1856/868 1857/1857/869 1855/1855/867
f  1857/1857/869 1779/1779/836 1769/1769/832
f  1852/1852/863 1855/1855/867 1858/1858/870
f  1858/1858/870 1855/1855/867 1857/1857/869
f  1857/1857/869 1769/1769/832 1859/1859/871
f  1857/1857/869 1859/1859/871 1858/1858/870
f  1859/1859/871 1769/1769/832 1766/1766/830
f  1858/1858/870 1859/1859/871 1860/1860/872
f  1858/1858/870 1860/1860/872 1852/1852/863
f  1860/1860/872 1859/1859/871 1766/1766/830
f  1852/1852/863 1860/1860/872 1861/1861/873
f  1852/1852/863 1861/1861/873 1850/1850/863
f  1850/1850/863 1861/1861/873 1862/1862/874
f  1861/1861/873 1860/1860/872 1863/1863/875
f  1861/1861/873 1863/1863/875 1862/1862/874
f  1860/1860/872 1766/1766/830 1864/1864/876
f  1860/1860/872 1864/1864/876 1863/1863/875
f  1864/1864/876 1766/1766/830 1764/1764/829
f  1864/1864/876 1764/1764/829 1865/1865/877
f  1863/1863/875 1864/1864/876 1866/1866/878
f  1863/1863/875 1866/1866/878 1862/1862/874
f  1862/1862/874 1866/1866/878 1867/1867/879
f  1868/1868/179 1869/1869/179 1870/1870/179
f  1869/1869/179 1868/1868/179 1871/1871/179
f  1871/1871/179 1868/1868/179 1872/1872/179
f  1871/1871/179 1872/1872/179 1873/1873/179
f  1871/1871/179 1873/1873/179 1874/1874/179
f  1874/1874/179 1873/1873/179 1875/1875/179
f  1874/1874/179 1875/1875/179 1876/1876/179
f  1874/1874/179 1876/1876/179 1877/1877/179
f  1877/1877/179 1876/1876/179 1878/1878/813
f  1878/1878/813 1876/1876/179 1879/1879/815
f  1879/1879/815 1876/1876/179 1880/1880/880
f  1879/1879/815 1880/1880/880 1881/1881/814
f  1880/1880/880 1876/1876/179 1882/1882/881
f  1881/1881/814 1880/1880/880 1883/1883/817
f  1883/1883/817 1880/1880/880 1882/1882/881
f  1881/1881/814 1883/1883/817 1884/1884/817
f  1882/1882/881 1876/1876/179 1885/1885/882
f  1882/1882/881 1885/1885/882 1883/1883/817
f  1885/1885/882 1876/1876/179 1875/1875/179
f  1884/1884/817 1883/1883/817 1886/1886/818
f  1883/1883/817 1885/1885/882 1887/1887/883
f  1887/1887/883 1885/1885/882 1875/1875/179
f  1886/1886/818 1883/1883/817 1888/1888/814
f  1886/1886/818 1888/1888/814 1889/1889/480
f  1883/1883/817 1887/1887/883 1890/1890/817
f  1883/1883/817 1890/1890/817 1888/1888/814
f  1887/1887/883 1875/1875/179 1891/1891/884
f  1887/1887/883 1891/1891/884 1892/1892/885
f  1890/1890/817 1887/1887/883 1893/1893/886
f  1893/1893/886 1887/1887/883 1892/1892/885
f  1892/1892/885 1891/1891/884 1894/1894/887
f  1892/1892/885 1894/1894/887 1893/1893/886
f  1891/1891/884 1875/1875/179 1895/1895/888
f  1891/1891/884 1895/1895/888 1894/1894/887
f  1895/1895/888 1875/1875/179 1896/1896/179
f  1896/1896/179 1875/1875/179 1897/1897/179
f  1890/1890/817 1893/1893/886 1898/1898/889
f  1898/1898/889 1893/1893/886 1894/1894/887
f  1890/1890/817 1898/1898/889 1899/1899/890
f  1890/1890/817 1899/1899/890 1888/1888/814
f  1899/1899/890 1898/1898/889 1900/1900/891
f  1900/1900/891 1898/1898/889 1894/1894/887
f  1888/1888/814 1899/1899/890 1901/1901/892
f  1899/1899/890 1900/1900/891 1902/1902/891
f  1899/1899/890 1902/1902/891 1901/1901/892
f  1902/1902/891 1900/1900/891 1903/1903/891
f  1903/1903/891 1900/1900/891 1904/1904/893
f  1904/1904/893 1900/1900/891 1894/1894/887
f  1904/1904/893 1894/1894/887 1905/1905/887
f  1905/1905/887 1894/1894/887 1906/1906/894
f  1906/1906/894 1894/1894/887 1907/1907/894
f  1907/1907/894 1894/1894/887 1895/1895/888
f  1906/1906/894 1907/1907/894 1908/1908/895
f  1907/1907/894 1895/1895/888 1909/1909/896
f  1908/1908/895 1907/1907/894 1910/1910/896
f  1910/1910/896 1907/1907/894 1909/1909/896
f  1909/1909/896 1895/1895/888 1896/1896/179
f  1909/1909/896 1896/1896/179 1910/1910/896
f  1910/1910/896 1896/1896/179 1908/1908/895
f  1908/1908/895 1896/1896/179 1911/1911/897
f  1911/1911/897 1896/1896/179 1912/1912/898
f  1913/1913/887 1914/1914/894 1902/1902/891
f  1902/1902/891 1914/1914/894 1901/1901/892
f  1901/1901/892 1914/1914/894 1915/1915/899
f  1915/1915/899 1914/1914/894 1916/1916/900
f  1916/1916/900 1914/1914/894 1917/1917/901
f  1916/1916/900 1917/1917/901 1918/1918/902
f  1915/1915/899 1916/1916/900 1919/1919/903
f  1919/1919/903 1916/1916/900 1918/1918/902
f  1915/1915/899 1919/1919/903 1920/1920/904
f  1915/1915/899 1920/1920/904 1901/1901/892
f  1919/1919/903 1918/1918/902 1921/1921/905
f  1919/1919/903 1921/1921/905 1920/1920/904
f  1901/1901/892 1920/1920/904 1922/1922/906
f  1922/1922/906 1920/1920/904 1921/1921/905
f  1901/1901/892 1922/1922/906 1923/1923/907
f  1923/1923/907 1922/1922/906 1921/1921/905
f  1901/1901/892 1923/1923/907 1924/1924/817
f  1901/1901/892 1924/1924/817 1888/1888/814
f  1925/1925/902 1921/1921/905 1918/1918/902
f  1924/1924/817 1923/1923/907 1926/1926/825
f  1926/1926/825 1923/1923/907 1927/1927/830
f  1927/1927/830 1923/1923/907 1921/1921/905
f  1926/1926/825 1927/1927/830 1928/1928/908
f  1926/1926/825 1928/1928/908 1924/1924/817
f  1888/1888/814 1924/1924/817 1929/1929/822
f  1888/1888/814 1929/1929/822 1889/1889/480
f  1889/1889/480 1929/1929/822 1930/1930/820
f  1930/1930/820 1929/1929/822 1931/1931/814
f  1931/1931/814 1929/1929/822 1924/1924/817
f  1931/1931/814 1924/1924/817 1932/1932/909
f  1932/1932/909 1924/1924/817 1928/1928/908
f  1931/1931/814 1932/1932/909 1933/1933/825
f  1933/1933/825 1932/1932/909 1934/1934/830
f  1934/1934/830 1932/1932/909 1928/1928/908
f  1934/1934/830 1928/1928/908 1927/1927/830
f  1934/1934/830 1927/1927/830 1935/1935/876
f  1935/1935/876 1927/1927/830 1921/1921/905
f  1936/1936/877 1937/1937/829 1934/1934/830
f  1936/1936/877 1934/1934/830 1935/1935/876
f  1935/1935/876 1921/1921/905 1938/1938/910
f  1936/1936/877 1935/1935/876 1939/1939/911
f  1936/1936/877 1939/1939/911 1940/1940/912
f  1936/1936/877 1940/1940/912 1941/1941/913
f  1936/1936/877 1941/1941/913 1942/1942/876
f  1942/1942/876 1941/1941/913 1943/1943/878
f  1943/1943/878 1941/1941/913 1944/1944/879
f  1944/1944/879 1941/1941/913 1945/1945/863
f  1944/1944/879 1945/1945/863 1946/1946/874
f  1941/1941/913 1940/1940/912 1947/1947/863
f  1941/1941/913 1947/1947/863 1945/1945/863
f  1948/1948/914 1940/1940/912 1939/1939/911
f  1940/1940/912 1948/1948/914 1947/1947/863
f  1948/1948/914 1939/1939/911 1949/1949/915
f  1949/1949/915 1939/1939/911 1935/1935/876
f  1948/1948/914 1949/1949/915 1950/1950/916
f  1948/1948/914 1950/1950/916 1947/1947/863
f  1949/1949/915 1935/1935/876 1951/1951/917
f  1951/1951/917 1935/1935/876 1938/1938/910
f  1950/1950/916 1949/1949/915 1952/1952/918
f  1952/1952/918 1949/1949/915 1951/1951/917
f  1947/1947/863 1950/1950/916 1953/1953/919
f  1953/1953/919 1950/1950/916 1952/1952/918
f  1954/1954/920 1945/1945/863 1947/1947/863
f  1945/1945/863 1954/1954/920 1955/1955/862
f  1947/1947/863 1953/1953/919 1956/1956/921
f  1947/1947/863 1956/1956/921 1954/1954/920
f  1955/1955/862 1954/1954/920 1957/1957/922
f  1957/1957/922 1954/1954/920 1956/1956/921
f  1955/1955/862 1957/1957/922 1958/1958/857
f  1956/1956/921 1953/1953/919 1959/1959/923
f  1957/1957/922 1956/1956/921 1960/1960/924
f  1960/1960/924 1956/1956/921 1959/1959/923
f  1957/1957/922 1960/1960/924 1958/1958/857
f  1959/1959/923 1953/1953/919 1961/1961/857
f  1959/1959/923 1961/1961/857 1960/1960/924
f  1961/1961/857 1953/1953/919 1952/1952/918
f  1958/1958/857 1960/1960/924 1962/1962/859
f  1962/1962/859 1960/1960/924 1961/1961/857
f  1958/1958/857 1962/1962/859 1963/1963/857
f  1963/1963/857 1962/1962/859 1964/1964/859
f  1963/1963/857 1964/1964/859 1965/1965/857
f  1962/1962/859 1961/1961/857 1966/1966/859
f  1962/1962/859 1966/1966/859 1964/1964/859
f  1965/1965/857 1964/1964/859 1967/1967/925
f  1968/1968/857 1969/1969/857 1965/1965/857
f  1968/1968/857 1965/1965/857 1967/1967/925
f  1968/1968/857 1967/1967/925 1970/1970/857
f  1967/1967/925 1964/1964/859 1971/1971/857
f  1971/1971/857 1964/1964/859 1966/1966/859
f  1970/1970/857 1967/1967/925 1972/1972/859
f  1967/1967/925 1971/1971/857 1973/1973/857
f  1967/1967/925 1973/1973/857 1972/1972/859
f  1970/1970/857 1972/1972/859 1974/1974/857
f  1970/1970/857 1974/1974/857 1975/1975/857
f  1972/1972/859 1973/1973/857 1976/1976/926
f  1973/1973/857 1971/1971/857 1977/1977/927
f  1973/1973/857 1977/1977/927 1976/1976/926
f  1978/1978/928 1971/1971/857 1966/1966/859
f  1971/1971/857 1978/1978/928 1977/1977/927
f  1978/1978/928 1966/1966/859 1979/1979/929
f  1979/1979/929 1966/1966/859 1961/1961/857
f  1977/1977/927 1978/1978/928 1980/1980/930
f  1980/1980/930 1978/1978/928 1979/1979/929
f  1979/1979/929 1961/1961/857 1981/1981/931
f  1981/1981/931 1961/1961/857 1952/1952/918
f  1980/1980/930 1979/1979/929 1982/1982/930
f  1982/1982/930 1979/1979/929 1981/1981/931
f  1980/1980/930 1982/1982/930 1983/1983/930
f  1982/1982/930 1981/1981/931 1984/1984/930
f  1982/1982/930 1984/1984/930 1985/1985/932
f  1980/1980/930 1983/1983/930 1986/1986/933
f  1980/1980/930 1986/1986/933 1977/1977/927
f  1986/1986/933 1983/1983/930 1987/1987/934
f  1986/1986/933 1987/1987/934 1988/1988/933
f  1977/1977/927 1986/1986/933 1989/1989/933
f  1989/1989/933 1986/1986/933 1988/1988/933
f  1977/1977/927 1989/1989/933 1976/1976/926
f  1989/1989/933 1988/1988/933 1990/1990/933
f  1990/1990/933 1988/1988/933 1991/1991/935
f  1989/1989/933 1990/1990/933 1992/1992/936
f  1992/1992/936 1990/1990/933 1993/1993/937
f  1993/1993/937 1990/1990/933 1994/1994/938
f  1989/1989/933 1992/1992/936 1995/1995/939
f  1989/1989/933 1995/1995/939 1976/1976/926
f  1992/1992/936 1993/1993/937 1996/1996/50
f  1996/1996/50 1993/1993/937 1994/1994/938
f  1992/1992/936 1996/1996/50 1995/1995/939
f  1996/1996/50 1994/1994/938 1997/1997/50
f  1996/1996/50 1997/1997/50 1998/1998/50
f  1976/1976/926 1995/1995/939 1999/1999/940
f  1999/1999/940 1995/1995/939 2000/2000/941
f  1976/1976/926 1999/1999/940 2001/2001/942
f  2001/2001/942 1999/1999/940 2000/2000/941
f  2000/2000/941 1995/1995/939 2002/2002/50
f  2002/2002/50 1995/1995/939 1996/1996/50
f  2002/2002/50 1996/1996/50 1998/1998/50
f  2000/2000/941 2002/2002/50 2001/2001/942
f  1976/1976/926 2001/2001/942 2003/2003/857
f  1976/1976/926 2003/2003/857 1972/1972/859
f  1972/1972/859 2003/2003/857 1974/1974/857
f  2003/2003/857 2001/2001/942 2004/2004/924
f  2003/2003/857 2004/2004/924 1974/1974/857
f  2004/2004/924 2001/2001/942 2005/2005/943
f  2005/2005/943 2001/2001/942 2002/2002/50
f  2004/2004/924 2005/2005/943 2006/2006/943
f  2006/2006/943 2005/2005/943 2002/2002/50
f  2004/2004/924 2006/2006/943 2007/2007/944
f  2004/2004/924 2007/2007/944 1974/1974/857
f  2007/2007/944 2006/2006/943 2002/2002/50
f  1974/1974/857 2007/2007/944 2008/2008/856
f  2008/2008/856 2007/2007/944 2002/2002/50
f  2008/2008/856 2002/2002/50 2009/2009/50
f  2009/2009/50 2002/2002/50 2010/2010/50
f  2010/2010/50 2002/2002/50 1998/1998/50
f  2010/2010/50 1998/1998/50 2011/2011/50
f  2011/2011/50 1998/1998/50 2012/2012/50
f  2010/2010/50 2011/2011/50 2013/2013/50
f  2011/2011/50 2012/2012/50 2014/2014/50
f  2011/2011/50 2014/2014/50 2013/2013/50
f  2013/2013/50 2014/2014/50 2015/2015/50
f  2013/2013/50 2015/2015/50 2016/2016/50
f  2015/2015/50 2014/2014/50 2017/2017/50
f  2015/2015/50 2017/2017/50 2018/2018/50
f  2018/2018/50 2017/2017/50 2019/2019/50
f  2020/2020/50 2021/2021/50 2022/2022/50
f  2023/2023/179 2024/2024/179 2025/2025/179
f  2024/2024/179 2023/2023/179 2026/2026/179
f  2027/2027/50 2028/2028/50 2029/2029/50
f  2029/2029/50 2028/2028/50 2030/2030/50
f  2029/2029/50 2030/2030/50 2031/2031/50
f  2031/2031/50 2030/2030/50 2032/2032/50
f  2031/2031/50 2032/2032/50 2033/2033/50
f  2033/2033/50 2032/2032/50 2034/2034/50
f  2031/2031/50 2033/2033/50 2035/2035/50
f  2035/2035/50 2033/2033/50 2036/2036/50
f  2036/2036/50 2033/2033/50 2037/2037/50
f  2035/2035/50 2036/2036/50 2038/2038/50
f  2036/2036/50 2037/2037/50 2039/2039/50
f  2038/2038/50 2036/2036/50 2040/2040/50
f  2040/2040/50 2036/2036/50 2039/2039/50
f  2038/2038/50 2040/2040/50 2041/2041/50
f  2041/2041/50 2040/2040/50 2042/2042/945
f  2041/2041/50 2042/2042/945 2043/2043/741
f  2043/2043/741 2042/2042/945 2044/2044/739
f  2044/2044/739 2042/2042/945 2045/2045/737
f  2044/2044/739 2045/2045/737 2046/2046/737
f  2045/2045/737 2042/2042/945 2047/2047/946
f  2047/2047/946 2042/2042/945 2040/2040/50
f  2046/2046/737 2045/2045/737 2048/2048/737
f  2048/2048/737 2045/2045/737 2047/2047/946
f  2046/2046/737 2048/2048/737 2049/2049/733
f  2049/2049/733 2048/2048/737 2050/2050/947
f  2050/2050/947 2048/2048/737 2051/2051/948
f  2051/2051/948 2048/2048/737 2047/2047/946
f  2050/2050/947 2051/2051/948 2052/2052/949
f  2051/2051/948 2047/2047/946 2053/2053/950
f  2051/2051/948 2053/2053/950 2052/2052/949
f  2053/2053/950 2047/2047/946 2040/2040/50
f  2053/2053/950 2040/2040/50 2052/2052/949
f  2052/2052/949 2040/2040/50 2054/2054/951
f  2052/2052/949 2054/2054/951 2055/2055/952
f  2054/2054/951 2040/2040/50 2039/2039/50
f  2055/2055/952 2054/2054/951 2056/2056/953
f  2056/2056/953 2054/2054/951 2039/2039/50
f  2055/2055/952 2056/2056/953 2057/2057/952
f  2056/2056/953 2039/2039/50 2058/2058/954
f  2056/2056/953 2058/2058/954 2057/2057/952
f  2059/2059/179 2060/2060/179 2061/2061/179
f  2062/2062/179 2063/2063/179 2064/2064/179
f  2063/2063/179 2062/2062/179 2065/2065/179
f  2066/2066/179 2067/2067/179 2068/2068/179
f  2068/2068/179 2067/2067/179 2069/2069/179
f  2067/2067/179 2066/2066/179 2070/2070/179
f  2067/2067/179 2070/2070/179 2069/2069/179
f  2071/2071/179 2072/2072/179 2073/2073/179
f  2071/2071/179 2073/2073/179 2074/2074/179
f  2071/2071/179 2074/2074/179 2075/2075/179
f  2071/2071/179 2075/2075/179 2076/2076/179
f  2077/2077/801 2076/2076/179 2078/2078/802
f  2078/2078/802 2076/2076/179 2079/2079/802
f  2078/2078/802 2079/2079/802 2080/2080/787
f  2079/2079/802 2076/2076/179 2081/2081/955
f  2079/2079/802 2081/2081/955 2080/2080/787
f  2081/2081/955 2076/2076/179 2075/2075/179
f  2080/2080/787 2081/2081/955 2082/2082/787
f  2081/2081/955 2075/2075/179 2083/2083/956
f  2081/2081/955 2083/2083/956 2082/2082/787
f  2083/2083/956 2075/2075/179 2084/2084/957
f  2080/2080/787 2082/2082/787 2085/2085/787
f  2080/2080/787 2085/2085/787 2086/2086/787
f  2082/2082/787 2083/2083/956 2087/2087/958
f  2087/2087/958 2083/2083/956 2084/2084/957
f  2086/2086/787 2085/2085/787 2088/2088/773
f  2084/2084/957 2075/2075/179 2089/2089/959
f  2084/2084/957 2089/2089/959 2087/2087/958
f  2089/2089/959 2075/2075/179 2074/2074/179
f  2082/2082/787 2087/2087/958 2090/2090/960
f  2082/2082/787 2090/2090/960 2085/2085/787
f  2088/2088/773 2085/2085/787 2091/2091/773
f  2089/2089/959 2074/2074/179 2092/2092/961
f  2088/2088/773 2091/2091/773 2093/2093/773
f  2092/2092/961 2074/2074/179 2094/2094/961
f  2089/2089/959 2092/2092/961 2095/2095/665
f  2095/2095/665 2092/2092/961 2094/2094/961
f  2089/2089/959 2095/2095/665 2087/2087/958
f  2094/2094/961 2074/2074/179 2096/2096/662
f  2094/2094/961 2096/2096/662 2095/2095/665
f  2096/2096/662 2074/2074/179 2097/2097/660
f  2087/2087/958 2095/2095/665 2098/2098/657
f  2098/2098/657 2095/2095/665 2096/2096/662
f  2087/2087/958 2098/2098/657 2090/2090/960
f  2098/2098/657 2096/2096/662 2099/2099/657
f  2098/2098/657 2099/2099/657 2100/2100/962
f  2098/2098/657 2100/2100/962 2090/2090/960
f  2100/2100/962 2099/2099/657 2101/2101/657
f  2090/2090/960 2100/2100/962 2102/2102/963
f  2090/2090/960 2102/2102/963 2085/2085/787
f  2100/2100/962 2101/2101/657 2103/2103/667
f  2100/2100/962 2103/2103/667 2102/2102/963
f  2103/2103/667 2101/2101/657 2104/2104/667
f  2103/2103/667 2104/2104/667 2105/2105/661
f  2103/2103/667 2105/2105/661 2102/2102/963
f  2085/2085/787 2102/2102/963 2091/2091/773
f  2102/2102/963 2105/2105/661 2106/2106/664
f  2091/2091/773 2102/2102/963 2107/2107/964
f  2107/2107/964 2102/2102/963 2106/2106/664
f  2106/2106/664 2105/2105/661 2108/2108/657
f  2106/2106/664 2108/2108/657 2107/2107/964
f  2091/2091/773 2107/2107/964 2109/2109/965
f  2109/2109/965 2107/2107/964 2108/2108/657
f  2091/2091/773 2109/2109/965 2110/2110/966
f  2091/2091/773 2110/2110/966 2093/2093/773
f  2108/2108/657 2105/2105/661 2111/2111/343
f  2111/2111/343 2105/2105/661 2112/2112/672
f  2111/2111/343 2112/2112/672 2113/2113/967
f  2113/2113/967 2112/2112/672 2114/2114/674
f  2108/2108/657 2111/2111/343 2115/2115/968
f  2115/2115/968 2111/2111/343 2113/2113/967
f  2113/2113/967 2114/2114/674 2116/2116/969
f  2113/2113/967 2116/2116/969 2115/2115/968
f  2116/2116/969 2114/2114/674 2117/2117/680
f  2108/2108/657 2115/2115/968 2118/2118/970
f  2108/2108/657 2118/2118/970 2109/2109/965
f  2115/2115/968 2116/2116/969 2119/2119/967
f  2115/2115/968 2119/2119/967 2118/2118/970
f  2109/2109/965 2118/2118/970 2120/2120/971
f  2120/2120/971 2118/2118/970 2119/2119/967
f  2109/2109/965 2120/2120/971 2121/2121/972
f  2109/2109/965 2121/2121/972 2110/2110/966
f  2121/2121/972 2120/2120/971 2122/2122/973
f  2122/2122/973 2120/2120/971 2119/2119/967
f  2110/2110/966 2121/2121/972 2123/2123/770
f  2123/2123/770 2121/2121/972 2122/2122/973
f  2122/2122/973 2119/2119/967 2124/2124/974
f  2122/2122/973 2124/2124/974 2123/2123/770
f  2124/2124/974 2119/2119/967 2125/2125/975
f  2126/2126/674 2119/2119/967 2116/2116/969
f  2119/2119/967 2126/2126/674 2125/2125/975
f  2126/2126/674 2116/2116/969 2127/2127/976
f  2127/2127/976 2116/2116/969 2117/2117/680
f  2125/2125/975 2126/2126/674 2128/2128/977
f  2128/2128/977 2126/2126/674 2127/2127/976
f  2127/2127/976 2117/2117/680 2129/2129/978
f  2127/2127/976 2129/2129/978 2128/2128/977
f  2129/2129/978 2117/2117/680 2130/2130/979
f  2129/2129/978 2130/2130/979 2128/2128/977
f  2131/2131/682 2117/2117/680 2132/2132/679
f  2117/2117/680 2131/2131/682 2133/2133/979
f  2117/2117/680 2133/2133/979 2130/2130/979
f  2133/2133/979 2131/2131/682 2134/2134/699
f  2133/2133/979 2134/2134/699 2130/2130/979
f  2128/2128/977 2130/2130/979 2135/2135/980
f  2130/2130/979 2134/2134/699 2136/2136/699
f  2130/2130/979 2136/2136/699 2135/2135/980
f  2136/2136/699 2134/2134/699 2137/2137/701
f  2128/2128/977 2135/2135/980 2138/2138/981
f  2138/2138/981 2135/2135/980 2136/2136/699
f  2128/2128/977 2138/2138/981 2125/2125/975
f  2136/2136/699 2137/2137/701 2139/2139/699
f  2136/2136/699 2139/2139/699 2140/2140/699
f  2136/2136/699 2140/2140/699 2138/2138/981
f  2139/2139/699 2137/2137/701 2141/2141/699
f  2141/2141/699 2137/2137/701 2142/2142/699
f  2141/2141/699 2142/2142/699 2143/2143/699
f  2139/2139/699 2141/2141/699 2144/2144/704
f  2139/2139/699 2144/2144/704 2140/2140/699
f  2141/2141/699 2143/2143/699 2145/2145/699
f  2141/2141/699 2145/2145/699 2144/2144/704
f  2145/2145/699 2143/2143/699 2146/2146/699
f  2140/2140/699 2144/2144/704 2147/2147/982
f  2145/2145/699 2146/2146/699 2148/2148/699
f  2148/2148/699 2146/2146/699 2149/2149/699
f  2144/2144/704 2145/2145/699 2150/2150/699
f  2147/2147/982 2144/2144/704 2151/2151/983
f  2151/2151/983 2144/2144/704 2150/2150/699
f  2140/2140/699 2147/2147/982 2152/2152/984
f  2140/2140/699 2152/2152/984 2138/2138/981
f  2150/2150/699 2145/2145/699 2153/2153/699
f  2153/2153/699 2145/2145/699 2148/2148/699
f  2150/2150/699 2153/2153/699 2154/2154/985
f  2150/2150/699 2154/2154/985 2151/2151/983
f  2154/2154/985 2153/2153/699 2155/2155/986
f  2155/2155/986 2153/2153/699 2148/2148/699
f  2151/2151/983 2154/2154/985 2156/2156/726
f  2156/2156/726 2154/2154/985 2155/2155/986
f  2157/2157/729 2147/2147/982 2151/2151/983
f  2147/2147/982 2157/2157/729 2152/2152/984
f  2157/2157/729 2151/2151/983 2158/2158/987
f  2158/2158/987 2151/2151/983 2156/2156/726
f  2157/2157/729 2158/2158/987 2159/2159/729
f  2157/2157/729 2159/2159/729 2152/2152/984
f  2158/2158/987 2156/2156/726 2160/2160/729
f  2158/2158/987 2160/2160/729 2159/2159/729
f  2160/2160/729 2156/2156/726 2161/2161/726
f  2160/2160/729 2161/2161/726 2162/2162/729
f  2160/2160/729 2162/2162/729 2159/2159/729
f  2161/2161/726 2156/2156/726 2163/2163/726
f  2159/2159/729 2162/2162/729 2164/2164/729
f  2163/2163/726 2156/2156/726 2155/2155/986
f  2159/2159/729 2164/2164/729 2165/2165/726
f  2159/2159/729 2165/2165/726 2166/2166/988
f  2159/2159/729 2166/2166/988 2152/2152/984
f  2166/2166/988 2165/2165/726 2167/2167/989
f  2167/2167/989 2165/2165/726 2168/2168/764
f  2167/2167/989 2168/2168/764 2169/2169/990
f  2167/2167/989 2169/2169/990 2166/2166/988
f  2169/2169/990 2168/2168/764 2170/2170/765
f  2152/2152/984 2166/2166/988 2171/2171/991
f  2171/2171/991 2166/2166/988 2169/2169/990
f  2152/2152/984 2171/2171/991 2172/2172/992
f  2152/2152/984 2172/2172/992 2138/2138/981
f  2169/2169/990 2170/2170/765 2173/2173/993
f  2173/2173/993 2170/2170/765 2174/2174/768
f  2173/2173/993 2174/2174/768 2175/2175/769
f  2169/2169/990 2173/2173/993 2176/2176/994
f  2138/2138/981 2172/2172/992 2177/2177/995
f  2138/2138/981 2177/2177/995 2125/2125/975
f  2125/2125/975 2177/2177/995 2124/2124/974
f  2177/2177/995 2172/2172/992 2178/2178/996
f  2177/2177/995 2178/2178/996 2124/2124/974
f  2178/2178/996 2172/2172/992 2171/2171/991
f  2124/2124/974 2178/2178/996 2123/2123/770
f  2179/2179/997 2171/2171/991 2169/2169/990
f  2171/2171/991 2179/2179/997 2178/2178/996
f  2179/2179/997 2169/2169/990 2176/2176/994
f  2178/2178/996 2179/2179/997 2123/2123/770
f  2179/2179/997 2176/2176/994 2180/2180/213
f  2179/2179/997 2180/2180/213 2123/2123/770
f  2180/2180/213 2176/2176/994 2173/2173/993
f  2123/2123/770 2180/2180/213 2181/2181/998
f  2181/2181/998 2180/2180/213 2173/2173/993
f  2181/2181/998 2173/2173/993 2175/2175/769
f  2123/2123/770 2181/2181/998 2110/2110/966
f  2181/2181/998 2175/2175/769 2182/2182/771
f  2110/2110/966 2181/2181/998 2183/2183/999
f  2183/2183/999 2181/2181/998 2182/2182/771
f  2110/2110/966 2183/2183/999 2093/2093/773
f  2093/2093/773 2183/2183/999 2182/2182/771
f  2184/2184/50 2185/2185/50 2186/2186/50
f  2186/2186/50 2185/2185/50 2187/2187/50
f  2184/2184/50 2186/2186/50 2188/2188/50
f  2188/2188/50 2186/2186/50 2189/2189/50
f  2186/2186/50 2187/2187/50 2190/2190/50
f  2186/2186/50 2190/2190/50 2189/2189/50
f  2188/2188/50 2189/2189/50 2191/2191/714
f  2190/2190/50 2187/2187/50 2192/2192/50
f  2191/2191/714 2189/2189/50 2193/2193/1000
f  2191/2191/714 2193/2193/1000 2194/2194/704
f  2191/2191/714 2194/2194/704 2195/2195/712
f  2195/2195/712 2194/2194/704 2149/2149/699
f  2149/2149/699 2194/2194/704 2148/2148/699
f  2194/2194/704 2193/2193/1000 2196/2196/1001
f  2196/2196/1001 2193/2193/1000 2189/2189/50
f  2194/2194/704 2196/2196/1001 2148/2148/699
f  2196/2196/1001 2189/2189/50 2197/2197/1002
f  2196/2196/1001 2197/2197/1002 2148/2148/699
f  2197/2197/1002 2189/2189/50 2190/2190/50
f  2148/2148/699 2197/2197/1002 2198/2198/1003
f  2198/2198/1003 2197/2197/1002 2190/2190/50
f  2148/2148/699 2198/2198/1003 2155/2155/986
f  2198/2198/1003 2190/2190/50 2199/2199/1004
f  2198/2198/1003 2199/2199/1004 2155/2155/986
f  2199/2199/1004 2190/2190/50 2200/2200/1005
f  2199/2199/1004 2200/2200/1005 2155/2155/986
f  2200/2200/1005 2190/2190/50 2201/2201/1006
f  2200/2200/1005 2201/2201/1006 2155/2155/986
f  2201/2201/1006 2190/2190/50 2202/2202/1007
f  2202/2202/1007 2190/2190/50 2192/2192/50
f  2155/2155/986 2201/2201/1006 2203/2203/726
f  2203/2203/726 2201/2201/1006 2202/2202/1007
f  2155/2155/986 2203/2203/726 2163/2163/726
f  2163/2163/726 2203/2203/726 2204/2204/726
f  2203/2203/726 2202/2202/1007 2205/2205/1008
f  2203/2203/726 2205/2205/1008 2204/2204/726
f  2205/2205/1008 2202/2202/1007 2192/2192/50
f  2204/2204/726 2205/2205/1008 2206/2206/725
f  2206/2206/725 2205/2205/1008 2192/2192/50
f  2207/2207/50 2208/2208/50 2209/2209/50
f  2209/2209/50 2208/2208/50 2210/2210/50
f  2210/2210/50 2208/2208/50 2211/2211/50
f  2210/2210/50 2211/2211/50 2212/2212/50
f  2212/2212/50 2211/2211/50 2213/2213/50
f  2212/2212/50 2213/2213/50 2214/2214/50
f  2215/2215/1009 2214/2214/50 2216/2216/938
f  2214/2214/50 2215/2215/1009 2217/2217/1010
f  2214/2214/50 2217/2217/1010 2218/2218/50
f  2214/2214/50 2218/2218/50 2212/2212/50
f  2212/2212/50 2218/2218/50 2219/2219/50
f  2219/2219/50 2218/2218/50 2220/2220/50
f  2212/2212/50 2219/2219/50 2221/2221/50
f  2222/2222/179 2223/2223/179 2224/2224/179
f  2222/2222/179 2224/2224/179 2225/2225/179
f  2222/2222/179 2225/2225/179 2226/2226/179
f  2222/2222/179 2226/2226/179 2227/2227/179
f  2222/2222/179 2227/2227/179 2228/2228/179
f  2228/2228/179 2227/2227/179 2229/2229/898
f  2227/2227/179 2226/2226/179 2230/2230/179
f  2229/2229/898 2227/2227/179 2231/2231/1011
f  2230/2230/179 2226/2226/179 2232/2232/179
f  2229/2229/898 2231/2231/1011 2233/2233/894
f  2229/2229/898 2233/2233/894 2234/2234/897
f  2234/2234/897 2233/2233/894 2235/2235/895
f  2231/2231/1011 2227/2227/179 2236/2236/1012
f  2231/2231/1011 2236/2236/1012 2233/2233/894
f  2236/2236/1012 2227/2227/179 2237/2237/1013
f  2237/2237/1013 2227/2227/179 2230/2230/179
f  2233/2233/894 2236/2236/1012 2238/2238/887
f  2238/2238/887 2236/2236/1012 2237/2237/1013
f  2237/2237/1013 2230/2230/179 2239/2239/1014
f  2237/2237/1013 2239/2239/1014 2238/2238/887
f  2233/2233/894 2238/2238/887 2240/2240/1015
f  2240/2240/1015 2238/2238/887 2239/2239/1014
f  2233/2233/894 2240/2240/1015 2241/2241/887
f  2239/2239/1014 2230/2230/179 2242/2242/1016
f  2239/2239/1014 2242/2242/1016 2240/2240/1015
f  2242/2242/1016 2230/2230/179 2243/2243/1017
f  2243/2243/1017 2230/2230/179 2232/2232/179
f  2243/2243/1017 2232/2232/179 2244/2244/1018
f  2242/2242/1016 2243/2243/1017 2245/2245/1019
f  2245/2245/1019 2243/2243/1017 2244/2244/1018
f  2242/2242/1016 2245/2245/1019 2240/2240/1015
f  2245/2245/1019 2244/2244/1018 2246/2246/1019
f  2245/2245/1019 2246/2246/1019 2247/2247/1019
f  2245/2245/1019 2247/2247/1019 2240/2240/1015
f  2247/2247/1019 2246/2246/1019 2248/2248/1019
f  2247/2247/1019 2248/2248/1019 2240/2240/1015
f  2240/2240/1015 2248/2248/1019 2249/2249/1019
f  2249/2249/1019 2248/2248/1019 2250/2250/1020
f  2251/2251/891 2241/2241/887 2240/2240/1015
f  2241/2241/887 2251/2251/891 2252/2252/893
f  2240/2240/1015 2249/2249/1019 2253/2253/1021
f  2240/2240/1015 2253/2253/1021 2251/2251/891
f  2249/2249/1019 2250/2250/1020 2254/2254/1019
f  2249/2249/1019 2254/2254/1019 2253/2253/1021
f  2254/2254/1019 2250/2250/1020 2255/2255/1020
f  2252/2252/893 2251/2251/891 2256/2256/887
f  2252/2252/893 2256/2256/887 2257/2257/891
f  2251/2251/891 2253/2253/1021 2258/2258/1022
f  2258/2258/1022 2253/2253/1021 2254/2254/1019
f  2251/2251/891 2258/2258/1022 2259/2259/1023
f  2251/2251/891 2259/2259/1023 2256/2256/887
f  2258/2258/1022 2254/2254/1019 2260/2260/1024
f  2258/2258/1022 2260/2260/1024 2259/2259/1023
f  2261/2261/1025 2254/2254/1019 2255/2255/1020
f  2254/2254/1019 2261/2261/1025 2260/2260/1024
f  2261/2261/1025 2255/2255/1020 2262/2262/1026
f  2261/2261/1025 2262/2262/1026 2263/2263/1027
f  2261/2261/1025 2263/2263/1027 2264/2264/1027
f  2261/2261/1025 2264/2264/1027 2260/2260/1024
f  2264/2264/1027 2263/2263/1027 2265/2265/1027
f  2264/2264/1027 2265/2265/1027 2266/2266/1028
f  2260/2260/1024 2264/2264/1027 2267/2267/1029
f  2260/2260/1024 2267/2267/1029 2259/2259/1023
f  2264/2264/1027 2266/2266/1028 2268/2268/1030
f  2264/2264/1027 2268/2268/1030 2267/2267/1029
f  2269/2269/1031 2270/2270/1032 2266/2266/1028
f  2266/2266/1028 2270/2270/1032 2268/2268/1030
f  2268/2268/1030 2270/2270/1032 2271/2271/1033
f  2268/2268/1030 2271/2271/1033 2272/2272/1034
f  2268/2268/1030 2272/2272/1034 2273/2273/1035
f  2268/2268/1030 2273/2273/1035 2274/2274/1036
f  2268/2268/1030 2274/2274/1036 2267/2267/1029
f  2274/2274/1036 2273/2273/1035 2275/2275/1037
f  2274/2274/1036 2275/2275/1037 2276/2276/288
f  2274/2274/1036 2276/2276/288 2267/2267/1029
f  2276/2276/288 2275/2275/1037 2277/2277/1038
f  2276/2276/288 2277/2277/1038 2278/2278/1039
f  2267/2267/1029 2276/2276/288 2279/2279/1040
f  2267/2267/1029 2279/2279/1040 2259/2259/1023
f  2259/2259/1023 2279/2279/1040 2256/2256/887
f  2276/2276/288 2278/2278/1039 2280/2280/902
f  2280/2280/902 2278/2278/1039 2281/2281/1041
f  2280/2280/902 2281/2281/1041 2282/2282/902
f  2282/2282/902 2281/2281/1041 2283/2283/1042
f  2280/2280/902 2282/2282/902 2284/2284/902
f  2276/2276/288 2280/2280/902 2285/2285/1043
f  2285/2285/1043 2280/2280/902 2284/2284/902
f  2276/2276/288 2285/2285/1043 2279/2279/1040
f  2285/2285/1043 2284/2284/902 2286/2286/901
f  2279/2279/1040 2285/2285/1043 2287/2287/1044
f  2287/2287/1044 2285/2285/1043 2286/2286/901
f  2279/2279/1040 2287/2287/1044 2256/2256/887
f  2287/2287/1044 2286/2286/901 2288/2288/887
f  2287/2287/1044 2288/2288/887 2256/2256/887
f  2288/2288/887 2286/2286/901 2289/2289/894
f  2256/2256/887 2288/2288/887 2257/2257/891
f  2257/2257/891 2288/2288/887 2290/2290/891
f  2291/2291/179 2292/2292/179 2293/2293/179
f  2292/2292/179 2291/2291/179 2294/2294/179
f  2291/2291/179 2293/2293/179 2295/2295/179
f  2294/2294/179 2291/2291/179 2296/2296/179
f  2291/2291/179 2295/2295/179 2297/2297/179
f  2291/2291/179 2297/2297/179 2296/2296/179
f  2298/2298/1045 2299/2299/1018 2296/2296/179
f  2299/2299/1018 2298/2298/1045 2300/2300/1019
f  2298/2298/1045 2296/2296/179 2301/2301/1046
f  2298/2298/1045 2301/2301/1046 2300/2300/1019
f  2301/2301/1046 2296/2296/179 2302/2302/1047
f  2302/2302/1047 2296/2296/179 2297/2297/179
f  2300/2300/1019 2301/2301/1046 2303/2303/1048
f  2303/2303/1048 2301/2301/1046 2302/2302/1047
f  2300/2300/1019 2303/2303/1048 2304/2304/1019
f  2303/2303/1048 2302/2302/1047 2305/2305/1049
f  2305/2305/1049 2302/2302/1047 2297/2297/179
f  2304/2304/1019 2303/2303/1048 2306/2306/1050
f  2306/2306/1050 2303/2303/1048 2305/2305/1049
f  2300/2300/1019 2304/2304/1019 2307/2307/1051
f  2307/2307/1051 2304/2304/1019 2306/2306/1050
f  2300/2300/1019 2307/2307/1051 2308/2308/1019
f  2305/2305/1049 2297/2297/179 2309/2309/1052
f  2305/2305/1049 2309/2309/1052 2306/2306/1050
f  2308/2308/1019 2307/2307/1051 2310/2310/1020
f  2309/2309/1052 2297/2297/179 2311/2311/1053
f  2309/2309/1052 2311/2311/1053 2306/2306/1050
f  2311/2311/1053 2297/2297/179 2312/2312/1054
f  2312/2312/1054 2297/2297/179 2295/2295/179
f  2306/2306/1050 2311/2311/1053 2313/2313/784
f  2313/2313/784 2311/2311/1053 2312/2312/1054
f  2312/2312/1054 2295/2295/179 2314/2314/1055
f  2312/2312/1054 2314/2314/1055 2313/2313/784
f  2314/2314/1055 2295/2295/179 2315/2315/791
f  2314/2314/1055 2315/2315/791 2316/2316/784
f  2314/2314/1055 2316/2316/784 2313/2313/784
f  2313/2313/784 2316/2316/784 2317/2317/784
f  2313/2313/784 2317/2317/784 2306/2306/1050
f  2317/2317/784 2316/2316/784 2318/2318/784
f  2306/2306/1050 2317/2317/784 2319/2319/1056
f  2319/2319/1056 2317/2317/784 2318/2318/784
f  2306/2306/1050 2319/2319/1056 2307/2307/1051
f  2319/2319/1056 2318/2318/784 2320/2320/782
f  2320/2320/782 2318/2318/784 2321/2321/784
f  2307/2307/1051 2319/2319/1056 2322/2322/1057
f  2322/2322/1057 2319/2319/1056 2320/2320/782
f  2320/2320/782 2321/2321/784 2323/2323/782
f  2320/2320/782 2323/2323/782 2322/2322/1057
f  2323/2323/782 2321/2321/784 2324/2324/782
f  2307/2307/1051 2322/2322/1057 2325/2325/1020
f  2307/2307/1051 2325/2325/1020 2310/2310/1020
f  2323/2323/782 2324/2324/782 2326/2326/782
f  2326/2326/782 2324/2324/782 2327/2327/783
f  2322/2322/1057 2323/2323/782 2328/2328/1058
f  2328/2328/1058 2323/2323/782 2326/2326/782
f  2325/2325/1020 2322/2322/1057 2329/2329/1020
f  2329/2329/1020 2322/2322/1057 2328/2328/1058
f  2310/2310/1020 2325/2325/1020 2330/2330/1019
f  2330/2330/1019 2325/2325/1020 2329/2329/1020
f  2310/2310/1020 2330/2330/1019 2331/2331/1020
f  2329/2329/1020 2328/2328/1058 2332/2332/1059
f  2329/2329/1020 2332/2332/1059 2330/2330/1019
f  2328/2328/1058 2326/2326/782 2333/2333/1060
f  2328/2328/1058 2333/2333/1060 2332/2332/1059
f  2333/2333/1060 2326/2326/782 2327/2327/783
f  2330/2330/1019 2332/2332/1059 2334/2334/1020
f  2330/2330/1019 2334/2334/1020 2331/2331/1020
f  2334/2334/1020 2332/2332/1059 2335/2335/1061
f  2334/2334/1020 2335/2335/1061 2331/2331/1020
f  2332/2332/1059 2333/2333/1060 2336/2336/1052
f  2336/2336/1052 2333/2333/1060 2327/2327/783
f  2332/2332/1059 2336/2336/1052 2335/2335/1061
f  2337/2337/780 2338/2338/752 2327/2327/783
f  2327/2327/783 2338/2338/752 2339/2339/1062
f  2327/2327/783 2339/2339/1062 2336/2336/1052
f  2339/2339/1062 2338/2338/752 2340/2340/752
f  2335/2335/1061 2336/2336/1052 2341/2341/1063
f  2341/2341/1063 2336/2336/1052 2339/2339/1062
f  2342/2342/1064 2331/2331/1020 2335/2335/1061
f  2331/2331/1020 2342/2342/1064 2343/2343/1026
f  2343/2343/1026 2342/2342/1064 2344/2344/1027
f  2342/2342/1064 2335/2335/1061 2345/2345/1065
f  2342/2342/1064 2345/2345/1065 2344/2344/1027
f  2345/2345/1065 2335/2335/1061 2341/2341/1063
f  2344/2344/1027 2345/2345/1065 2346/2346/1027
f  2345/2345/1065 2341/2341/1063 2347/2347/1066
f  2345/2345/1065 2347/2347/1066 2346/2346/1027
f  2348/2348/1067 2341/2341/1063 2339/2339/1062
f  2341/2341/1063 2348/2348/1067 2347/2347/1066
f  2346/2346/1027 2347/2347/1066 2349/2349/1068
f  2348/2348/1067 2339/2339/1062 2350/2350/1069
f  2350/2350/1069 2339/2339/1062 2340/2340/752
f  2346/2346/1027 2349/2349/1068 2351/2351/1070
f  2346/2346/1027 2351/2351/1070 2352/2352/1028
f  2352/2352/1028 2351/2351/1070 2353/2353/1031
f  2351/2351/1070 2349/2349/1068 2354/2354/1071
f  2354/2354/1071 2349/2349/1068 2347/2347/1066
f  2353/2353/1031 2351/2351/1070 2355/2355/1072
f  2355/2355/1072 2351/2351/1070 2354/2354/1071
f  2353/2353/1031 2355/2355/1072 2356/2356/1073
f  2356/2356/1073 2355/2355/1072 2357/2357/952
f  2354/2354/1071 2347/2347/1066 2358/2358/1074
f  2358/2358/1074 2347/2347/1066 2348/2348/1067
f  2355/2355/1072 2354/2354/1071 2359/2359/1075
f  2355/2355/1072 2359/2359/1075 2357/2357/952
f  2354/2354/1071 2358/2358/1074 2360/2360/1076
f  2354/2354/1071 2360/2360/1076 2359/2359/1075
f  2358/2358/1074 2348/2348/1067 2361/2361/1077
f  2358/2358/1074 2361/2361/1077 2360/2360/1076
f  2361/2361/1077 2348/2348/1067 2362/2362/1078
f  2362/2362/1078 2348/2348/1067 2350/2350/1069
f  2360/2360/1076 2361/2361/1077 2363/2363/1079
f  2363/2363/1079 2361/2361/1077 2362/2362/1078
f  2364/2364/952 2357/2357/952 2359/2359/1075
f  2357/2357/952 2364/2364/952 2365/2365/1080
f  2366/2366/1075 2359/2359/1075 2360/2360/1076
f  2359/2359/1075 2366/2366/1075 2364/2364/952
f  2360/2360/1076 2363/2363/1079 2367/2367/1081
f  2360/2360/1076 2367/2367/1081 2366/2366/1075
f  2365/2365/1080 2364/2364/952 2368/2368/1082
f  2365/2365/1080 2368/2368/1082 2369/2369/1083
f  2364/2364/952 2366/2366/1075 2370/2370/1083
f  2364/2364/952 2370/2370/1083 2368/2368/1082
f  2370/2370/1083 2366/2366/1075 2367/2367/1081
f  2369/2369/1083 2368/2368/1082 2371/2371/1083
f  2371/2371/1083 2368/2368/1082 2370/2370/1083
f  2369/2369/1083 2371/2371/1083 2372/2372/952
f  2372/2372/952 2371/2371/1083 2373/2373/952
f  2374/2374/952 2373/2373/952 2375/2375/952
f  2375/2375/952 2373/2373/952 2376/2376/949
f  2373/2373/952 2371/2371/1083 2377/2377/1080
f  2373/2373/952 2377/2377/1080 2376/2376/949
f  2377/2377/1080 2371/2371/1083 2370/2370/1083
f  2376/2376/949 2377/2377/1080 2378/2378/947
f  2378/2378/947 2377/2377/1080 2379/2379/1084
f  2379/2379/1084 2377/2377/1080 2370/2370/1083
f  2378/2378/947 2379/2379/1084 2380/2380/733
f  2381/2381/1085 2370/2370/1083 2367/2367/1081
f  2370/2370/1083 2381/2381/1085 2379/2379/1084
f  2381/2381/1085 2367/2367/1081 2363/2363/1079
f  2380/2380/733 2379/2379/1084 2382/2382/738
f  2382/2382/738 2379/2379/1084 2381/2381/1085
f  2381/2381/1085 2363/2363/1079 2383/2383/742
f  2381/2381/1085 2383/2383/742 2382/2382/738
f  2383/2383/742 2363/2363/1079 2362/2362/1078
f  2380/2380/733 2382/2382/738 2384/2384/733
f  2384/2384/733 2382/2382/738 2383/2383/742
f  2383/2383/742 2362/2362/1078 2385/2385/1086
f  2383/2383/742 2385/2385/1086 2384/2384/733
f  2385/2385/1086 2362/2362/1078 2350/2350/1069
f  2380/2380/733 2384/2384/733 2386/2386/733
f  2380/2380/733 2386/2386/733 2387/2387/733
f  2386/2386/733 2384/2384/733 2388/2388/742
f  2388/2388/742 2384/2384/733 2389/2389/746
f  2385/2385/1086 2350/2350/1069 2390/2390/1087
f  2384/2384/733 2385/2385/1086 2391/2391/1088
f  2384/2384/733 2391/2391/1088 2389/2389/746
f  2391/2391/1088 2385/2385/1086 2390/2390/1087
f  2390/2390/1087 2350/2350/1069 2340/2340/752
f  2389/2389/746 2391/2391/1088 2392/2392/1089
f  2392/2392/1089 2391/2391/1088 2390/2390/1087
f  2389/2389/746 2392/2392/1089 2393/2393/750
f  2390/2390/1087 2340/2340/752 2394/2394/198
f  2390/2390/1087 2394/2394/198 2392/2392/1089
f  2394/2394/198 2340/2340/752 2393/2393/750
f  2394/2394/198 2393/2393/750 2392/2392/1089
f  2395/2395/938 2396/2396/933 2397/2397/935
f  2395/2395/938 2397/2397/935 2398/2398/1009
f  2398/2398/1009 2397/2397/935 2399/2399/1090
f  2398/2398/1009 2399/2399/1090 2400/2400/1010
f  2400/2400/1010 2399/2399/1090 2401/2401/1091
f  2400/2400/1010 2401/2401/1091 2402/2402/50
f  2401/2401/1091 2399/2399/1090 2403/2403/1092
f  2402/2402/50 2401/2401/1091 2404/2404/1093
f  2404/2404/1093 2401/2401/1091 2403/2403/1092
f  2403/2403/1092 2399/2399/1090 2405/2405/933
f  2405/2405/933 2399/2399/1090 2397/2397/935
f  2403/2403/1092 2405/2405/933 2404/2404/1093
f  2402/2402/50 2404/2404/1093 2406/2406/50
f  2405/2405/933 2397/2397/935 2407/2407/935
f  2407/2407/935 2397/2397/935 2408/2408/933
f  2407/2407/935 2408/2408/933 2409/2409/930
f  2407/2407/935 2409/2409/930 2405/2405/933
f  2409/2409/930 2408/2408/933 2410/2410/934
f  2409/2409/930 2410/2410/934 2411/2411/930
f  2412/2412/1094 2404/2404/1093 2405/2405/933
f  2404/2404/1093 2412/2412/1094 2406/2406/50
f  2412/2412/1094 2405/2405/933 2413/2413/1095
f  2413/2413/1095 2405/2405/933 2409/2409/930
f  2406/2406/50 2412/2412/1094 2414/2414/1096
f  2414/2414/1096 2412/2412/1094 2413/2413/1095
f  2406/2406/50 2414/2414/1096 2415/2415/1097
f  2415/2415/1097 2414/2414/1096 2413/2413/1095
f  2406/2406/50 2415/2415/1097 2416/2416/50
f  2406/2406/50 2416/2416/50 2417/2417/50
f  2416/2416/50 2415/2415/1097 2418/2418/954
f  2418/2418/954 2415/2415/1097 2419/2419/952
f  2419/2419/952 2415/2415/1097 2413/2413/1095
f  2419/2419/952 2413/2413/1095 2420/2420/952
f  2421/2421/952 2422/2422/952 2419/2419/952
f  2421/2421/952 2419/2419/952 2420/2420/952
f  2420/2420/952 2413/2413/1095 2423/2423/1098
f  2423/2423/1098 2413/2413/1095 2409/2409/930
f  2421/2421/952 2420/2420/952 2424/2424/1080
f  2421/2421/952 2424/2424/1080 2425/2425/952
f  2421/2421/952 2425/2425/952 2426/2426/952
f  2424/2424/1080 2420/2420/952 2427/2427/1080
f  2424/2424/1080 2427/2427/1080 2425/2425/952
f  2427/2427/1080 2420/2420/952 2423/2423/1098
f  2425/2425/952 2427/2427/1080 2428/2428/1083
f  2428/2428/1083 2427/2427/1080 2429/2429/1080
f  2427/2427/1080 2423/2423/1098 2430/2430/1099
f  2429/2429/1080 2427/2427/1080 2431/2431/1100
f  2431/2431/1100 2427/2427/1080 2430/2430/1099
f  2430/2430/1099 2423/2423/1098 2432/2432/930
f  2432/2432/930 2423/2423/1098 2409/2409/930
f  2430/2430/1099 2432/2432/930 2431/2431/1100
f  2432/2432/930 2409/2409/930 2433/2433/930
f  2433/2433/930 2409/2409/930 2411/2411/930
f  2432/2432/930 2433/2433/930 2434/2434/932
f  2434/2434/932 2433/2433/930 2411/2411/930
f  2434/2434/932 2411/2411/930 2435/2435/930
f  2432/2432/930 2434/2434/932 2431/2431/1100
f  2436/2436/952 2429/2429/1080 2431/2431/1100
f  2429/2429/1080 2436/2436/952 2437/2437/1101
f  2429/2429/1080 2437/2437/1101 2438/2438/952
f  2436/2436/952 2431/2431/1100 2439/2439/1102
f  2436/2436/952 2439/2439/1102 2437/2437/1101
f  2431/2431/1100 2434/2434/932 2440/2440/930
f  2431/2431/1100 2440/2440/930 2439/2439/1102
f  2440/2440/930 2434/2434/932 2441/2441/933
f  2441/2441/933 2434/2434/932 2442/2442/930
f  2439/2439/1102 2440/2440/930 2443/2443/1103
f  2439/2439/1102 2443/2443/1103 2437/2437/1101
f  2440/2440/930 2441/2441/933 2444/2444/933
f  2440/2440/930 2444/2444/933 2443/2443/1103
f  2444/2444/933 2441/2441/933 2445/2445/1104
f  2443/2443/1103 2444/2444/933 2446/2446/1105
f  2445/2445/1104 2441/2441/933 2447/2447/1106
f  2447/2447/1106 2441/2441/933 2448/2448/1107
f  2447/2447/1106 2448/2448/1107 2449/2449/1108
f  2447/2447/1106 2449/2449/1108 2445/2445/1104
f  2444/2444/933 2445/2445/1104 2450/2450/1109
f  2444/2444/933 2450/2450/1109 2446/2446/1105
f  2445/2445/1104 2449/2449/1108 2451/2451/1110
f  2445/2445/1104 2451/2451/1110 2450/2450/1109
f  2451/2451/1110 2449/2449/1108 2452/2452/1111
f  2451/2451/1110 2452/2452/1111 2453/2453/1042
f  2451/2451/1110 2453/2453/1042 2454/2454/1041
f  2451/2451/1110 2454/2454/1041 2450/2450/1109
f  2450/2450/1109 2454/2454/1041 2455/2455/1039
f  2450/2450/1109 2455/2455/1039 2456/2456/1038
f  2450/2450/1109 2456/2456/1038 2446/2446/1105
f  2446/2446/1105 2456/2456/1038 2457/2457/1037
f  2446/2446/1105 2457/2457/1037 2458/2458/1035
f  2446/2446/1105 2458/2458/1035 2459/2459/1112
f  2446/2446/1105 2459/2459/1112 2443/2443/1103
f  2459/2459/1112 2458/2458/1035 2460/2460/1113
f  2459/2459/1112 2460/2460/1113 2443/2443/1103
f  2460/2460/1113 2458/2458/1035 2461/2461/1034
f  2443/2443/1103 2460/2460/1113 2437/2437/1101
f  2460/2460/1113 2461/2461/1034 2462/2462/1114
f  2460/2460/1113 2462/2462/1114 2437/2437/1101
f  2462/2462/1114 2461/2461/1034 2463/2463/1033
f  2437/2437/1101 2462/2462/1114 2464/2464/1115
f  2464/2464/1115 2462/2462/1114 2463/2463/1033
f  2437/2437/1101 2464/2464/1115 2438/2438/952
f  2438/2438/952 2464/2464/1115 2465/2465/1073
f  2464/2464/1115 2463/2463/1033 2466/2466/1116
f  2464/2464/1115 2466/2466/1116 2465/2465/1073
f  2466/2466/1116 2463/2463/1033 2467/2467/1032
f  2465/2465/1073 2466/2466/1116 2468/2468/1031
f  2468/2468/1031 2466/2466/1116 2467/2467/1032
f  2469/2469/1117 1981/1981/931 1952/1952/918
f  1981/1981/931 2469/2469/1117 2470/2470/933
f  1981/1981/931 2470/2470/933 1984/1984/930
f  1984/1984/930 2470/2470/933 2471/2471/933
f  2471/2471/933 2470/2470/933 2472/2472/1107
f  2472/2472/1107 2470/2470/933 2473/2473/1118
f  2469/2469/1117 1952/1952/918 2474/2474/1119
f  2474/2474/1119 1952/1952/918 1951/1951/917
f  2474/2474/1119 1951/1951/917 1938/1938/910
f  2469/2469/1117 2474/2474/1119 2475/2475/1120
f  2469/2469/1117 2475/2475/1120 2470/2470/933
f  2474/2474/1119 1938/1938/910 2476/2476/1121
f  2474/2474/1119 2476/2476/1121 2475/2475/1120
f  2476/2476/1121 1938/1938/910 2477/2477/1122
f  2477/2477/1122 1938/1938/910 1921/1921/905
f  2475/2475/1120 2476/2476/1121 2478/2478/1123
f  2475/2475/1120 2478/2478/1123 2470/2470/933
f  2478/2478/1123 2476/2476/1121 2477/2477/1122
f  2470/2470/933 2478/2478/1123 2473/2473/1118
f  2477/2477/1122 1921/1921/905 2479/2479/1124
f  2477/2477/1122 2479/2479/1124 2478/2478/1123
f  2479/2479/1124 1921/1921/905 1925/1925/902
f  2473/2473/1118 2478/2478/1123 2480/2480/1111
f  2473/2473/1118 2480/2480/1111 2472/2472/1107
f  2472/2472/1107 2480/2480/1111 2481/2481/1108
f  2478/2478/1123 2479/2479/1124 2482/2482/1125
f  2482/2482/1125 2479/2479/1124 1925/1925/902
f  2478/2478/1123 2482/2482/1125 2480/2480/1111
f  2482/2482/1125 1925/1925/902 2483/2483/1126
f  2482/2482/1125 2483/2483/1126 2480/2480/1111
f  2483/2483/1126 1925/1925/902 2484/2484/1042
f  2483/2483/1126 2484/2484/1042 2480/2480/1111

