# File produced by Tripo

mtllib golden+bell.mtl

# 1973 vertex positions
v -0.01279068 -0.40625000 0.49871826
v -0.00923824 -0.38098145 0.49761963
v -0.01150990 -0.37738037 0.50000000
v -0.01158524 -0.34124756 0.49691772
v -0.02285004 -0.39141846 0.49682617
v 0.01377106 -0.38836670 0.49340820
v 0.02107239 -0.37570190 0.49124146
v 0.00737810 -0.40637207 0.49447632
v 0.04328156 -0.38629150 0.48870850
v 0.05353165 -0.40515137 0.48632812
v 0.05632019 -0.36859131 0.48498535
v -0.04107666 -0.40649414 0.49224854
v 0.03046989 -0.40649414 0.48931885
v 0.05974197 -0.40646362 0.48425293
v 0.03129959 -0.40646362 0.44131470
v 0.08597565 -0.40637207 0.47985840
v 0.10425568 -0.39370728 0.47662354
v 0.02246857 -0.34094238 0.49084473
v 0.08261871 -0.37841797 0.47970581
v 0.08132172 -0.34127808 0.48019409
v 0.10406494 -0.35729980 0.47598267
v 0.11473846 -0.40634155 0.47436523
v -0.01061916 -0.32266235 0.48281860
v 0.12252808 -0.37377930 0.47399902
v 0.12341309 -0.40643311 0.43087769
v 0.15335083 -0.40518188 0.46862793
v 0.16186523 -0.40643311 0.46627808
v 0.15321350 -0.37020874 0.46875000
v 0.18663025 -0.40634155 0.46356201
v 0.18794250 -0.38125610 0.46411133
v 0.20526123 -0.40634155 0.45013428
v 0.18080139 -0.40649414 0.38824463
v 0.18887329 -0.34124756 0.46072388
v 0.21186829 -0.35391235 0.44424438
v 0.07842255 -0.40643311 0.33786011
v 0.09640503 -0.40643311 0.28735352
v 0.13743591 -0.34130859 0.46997070
v -0.01625443 -0.40655518 0.37231445
v 0.18267822 -0.32318115 0.44860840
v 0.15158081 -0.33029175 0.45944214
v 0.11972046 -0.31103516 0.45071411
v 0.17494202 -0.29370117 0.42703247
v -0.07023621 -0.40646362 0.44778442
v -0.06416321 -0.40643311 0.32345581
v 0.10588074 -0.23692322 0.39617920
v 0.16520691 -0.25579834 0.39996338
v 0.15895081 -0.23670959 0.38662720
v 0.15544128 -0.19963074 0.37918091
v 0.10737610 -0.19973755 0.38818359
v 0.03248215 -0.23696899 0.40933228
v -0.00965214 -0.25927734 0.43496704
v 0.07295990 -0.30102539 0.45126343
v 0.01681709 -0.31155396 0.46960449
v -0.01132298 -0.30126953 0.46679688
v -0.02069473 -0.29791260 0.46197510
v -0.06097794 -0.29992676 0.45437622
v -0.10134125 -0.28253174 0.43154907
v -0.06939697 -0.31887817 0.46710205
v -0.01728058 -0.32858276 0.48583984
v -0.02156067 -0.33880615 0.49270630
v -0.03862000 -0.34097290 0.49081421
v -0.12306213 -0.34109497 0.47213745
v -0.14096069 -0.30297852 0.43896484
v -0.19874573 -0.31445312 0.43579102
v -0.20805359 -0.34124756 0.45410156
v -0.09146881 -0.35842896 0.47900391
v -0.15608215 -0.36651611 0.46505737
v -0.21102905 -0.38223267 0.45632935
v -0.11183167 -0.37677002 0.47463989
v -0.06735992 -0.37442017 0.48684692
v -0.17576599 -0.39544678 0.46188354
v -0.18516541 -0.40643311 0.45971680
v -0.09390259 -0.38778687 0.47952271
v -0.08427429 -0.40631104 0.48153687
v -0.14744568 -0.40652466 0.46780396
v -0.23800659 -0.40652466 0.38717651
v -0.10993195 -0.40640259 0.47570801
v -0.13186646 -0.40652466 0.36090088
v -0.20072937 -0.40643311 0.34860229
v -0.14260864 -0.40646362 0.29284668
v -0.08045197 -0.40649414 0.20271301
v -0.01876068 -0.40652466 0.24162292
v -0.01990318 -0.40658569 0.13764954
v 0.11037445 -0.40646362 0.23556519
v 0.03126144 -0.40652466 0.13923645
v -0.10050201 -0.40646362 0.05881119
v -0.00869846 -0.40652466 0.04659271
v -0.18516541 -0.40643311 0.45971680
v -0.21102905 -0.38223267 0.45632935
v -0.20938110 -0.40612793 0.45532227
v -0.23800659 -0.40652466 0.38717651
v -0.21339417 -0.39758301 0.45254517
v -0.23461914 -0.38641357 0.43579102
v -0.24595642 -0.40643311 0.42633057
v -0.27966309 -0.40646362 0.39990234
v -0.24504089 -0.36099243 0.42620850
v -0.20805359 -0.34124756 0.45410156
v -0.24525452 -0.37594604 0.42648315
v -0.23020935 -0.34158325 0.43637085
v -0.26708984 -0.34158325 0.40744019
v -0.26654053 -0.37615967 0.41076660
v -0.19874573 -0.31445312 0.43579102
v -0.22023010 -0.32266235 0.42611694
v -0.26306152 -0.32519531 0.39532471
v -0.24140930 -0.31304932 0.40045166
v -0.22195435 -0.31408691 0.41677856
v -0.18486023 -0.26757812 0.40325928
v -0.17332458 -0.29959106 0.42956543
v -0.22822571 -0.29107666 0.39001465
v -0.27572632 -0.30297852 0.36563110
v -0.30569458 -0.34118652 0.37850952
v -0.23306274 -0.27755737 0.37414551
v -0.17373657 -0.23657227 0.38165283
v -0.23477173 -0.27911377 0.37426758
v -0.23391724 -0.27825928 0.37414551
v -0.22970581 -0.26379395 0.36389160
v -0.21847534 -0.23745728 0.34671021
v -0.25964355 -0.27871704 0.35464478
v -0.27505493 -0.23794556 0.30413818
v -0.28933716 -0.27740479 0.33233643
v -0.27566528 -0.26293945 0.32803345
v -0.30987549 -0.31518555 0.35183716
v -0.31500244 -0.26898193 0.30905151
v -0.32888794 -0.30099487 0.32696533
v -0.29925537 -0.23658752 0.28762817
v -0.28509521 -0.22282410 0.29397583
v -0.32223511 -0.28094482 0.31350708
v -0.32263184 -0.27386475 0.31066895
v -0.33654785 -0.30206299 0.32385254
v -0.34939575 -0.32858276 0.33694458
v -0.33078003 -0.34106445 0.36053467
v -0.37139893 -0.34149170 0.31912231
v -0.33074951 -0.36825562 0.36346436
v -0.35452271 -0.34115601 0.34432983
v -0.31652832 -0.37792969 0.37313843
v -0.31103516 -0.40618896 0.37710571
v -0.31787109 -0.40640259 0.30297852
v -0.33120728 -0.40628052 0.36346436
v -0.35165405 -0.37377930 0.35031128
v -0.35668945 -0.40646362 0.34622192
v -0.35745239 -0.37515259 0.34664917
v -0.35671997 -0.35330200 0.34344482
v -0.37551880 -0.37539673 0.31701660
v -0.36654663 -0.40621948 0.33111572
v -0.37060547 -0.40643311 0.27929688
v -0.38265991 -0.40631104 0.30538940
v -0.38858032 -0.37265015 0.29577637
v -0.39660645 -0.40649414 0.28359985
v -0.39529419 -0.40655518 0.21209717
v -0.40081787 -0.34091187 0.27511597
v -0.40649414 -0.37637329 0.27084351
v -0.41894531 -0.40631104 0.25079346
v -0.39535522 -0.31268311 0.24525452
v -0.42120361 -0.37515259 0.24824524
v -0.43032837 -0.34124756 0.23294067
v -0.43768311 -0.35772705 0.22398376
v -0.46203613 -0.34130859 0.18867493
v -0.46459961 -0.38446045 0.19004822
v -0.44439697 -0.40643311 0.21635437
v -0.46374512 -0.40646362 0.18994141
v -0.46939087 -0.37338257 0.14772034
v -0.43658447 -0.40652466 0.12103271
v -0.32931519 -0.40652466 0.19720459
v -0.23184204 -0.40649414 0.24992371
v -0.26364136 -0.40649414 0.13026428
v -0.34835815 -0.40646362 0.09131622
v -0.18725586 -0.40652466 0.09224701
v -0.20072937 -0.40643311 0.34860229
v -0.14744568 -0.40652466 0.46780396
v -0.14260864 -0.40646362 0.29284668
v -0.13186646 -0.40652466 0.36090088
v -0.15953064 -0.40652466 0.20457458
v -0.08045197 -0.40649414 0.20271301
v -0.10050201 -0.40646362 0.05881119
v -0.01990318 -0.40658569 0.13764954
v 0.21186829 -0.35391235 0.44424438
v 0.23558044 -0.34075928 0.42712402
v 0.18887329 -0.34124756 0.46072388
v 0.18267822 -0.32318115 0.44860840
v 0.23593140 -0.37918091 0.42687988
v 0.18794250 -0.38125610 0.46411133
v 0.21084595 -0.31802368 0.42407227
v 0.17494202 -0.29370117 0.42703247
v 0.16520691 -0.25579834 0.39996338
v 0.24502563 -0.29263306 0.37609863
v 0.20292664 -0.26422119 0.38085938
v 0.15895081 -0.23670959 0.38662720
v 0.19209290 -0.23683167 0.36276245
v 0.15544128 -0.19963074 0.37918091
v 0.22486877 -0.24848938 0.35015869
v 0.28115845 -0.34115601 0.39553833
v 0.26843262 -0.27316284 0.34259033
v 0.30337524 -0.29278564 0.33572388
v 0.27352905 -0.26376343 0.33065796
v 0.31445312 -0.26538086 0.30392456
v 0.27557373 -0.23654175 0.30355835
v 0.24089050 -0.23657227 0.32821655
v 0.29510498 -0.21836853 0.28549194
v 0.26248169 -0.19966125 0.30285645
v 0.22346497 -0.19958496 0.33078003
v 0.19003296 -0.19970703 0.35485840
v 0.20401001 -0.19964600 0.37466431
v 0.17991638 -0.19966125 0.39361572
v 0.23031616 -0.19950867 0.35455322
v 0.17881775 -0.15133667 0.39474487
v 0.26141357 -0.19949341 0.33358765
v 0.29006958 -0.19958496 0.31460571
v 0.24916077 -0.16839600 0.34167480
v 0.20526123 -0.40634155 0.45013428
v 0.18663025 -0.40634155 0.46356201
v 0.18080139 -0.40649414 0.38824463
v 0.23300171 -0.40628052 0.43011475
v 0.25823975 -0.38775635 0.41265869
v 0.29144287 -0.38107300 0.38851929
v 0.26266479 -0.40625000 0.40914917
v 0.28695679 -0.40634155 0.39221191
v 0.27450562 -0.40649414 0.36410522
v 0.31375122 -0.40634155 0.37393188
v 0.32043457 -0.37396240 0.37008667
v 0.20712280 -0.40643311 0.34194946
v 0.09640503 -0.40643311 0.28735352
v 0.33953857 -0.40640259 0.35763550
v 0.11037445 -0.40646362 0.23556519
v 0.30834961 -0.40646362 0.31710815
v 0.36508179 -0.40625000 0.33190918
v 0.35519409 -0.40573120 0.34713745
v 0.22247314 -0.40652466 0.24957275
v 0.34848022 -0.40649414 0.26705933
v 0.20611572 -0.40649414 0.20613098
v 0.35559082 -0.37808228 0.34536743
v 0.12696838 -0.40649414 0.16674805
v 0.20228577 -0.40652466 0.13485718
v 0.03126144 -0.40652466 0.13923645
v 0.09893036 -0.40643311 0.08427429
v -0.00869846 -0.40652466 0.04659271
v -0.01191330 -0.40646362 -0.01829720
v 0.33282471 -0.36264038 0.36001587
v 0.32171631 -0.34118652 0.36654663
v 0.35238647 -0.34140015 0.34497070
v 0.29824829 -0.35842896 0.38345337
v 0.33395386 -0.30487061 0.32543945
v -0.14096069 -0.30297852 0.43896484
v -0.17332458 -0.29959106 0.42956543
v -0.19874573 -0.31445312 0.43579102
v -0.11531830 -0.26171875 0.41244507
v -0.18486023 -0.26757812 0.40325928
v -0.10134125 -0.28253174 0.43154907
v -0.09827423 -0.24768066 0.40469360
v -0.12232971 -0.23675537 0.39144897
v -0.09659576 -0.24928284 0.40652466
v -0.08010101 -0.23750305 0.40112305
v -0.00778055 -0.23684692 0.41720581
v -0.00965214 -0.25927734 0.43496704
v -0.14002991 -0.21772766 0.38336182
v -0.17373657 -0.23657227 0.38165283
v -0.14016724 -0.19956970 0.37939453
v -0.09162140 -0.19982910 0.39031982
v 0.03248215 -0.23696899 0.40933228
v -0.04551315 -0.21177673 0.40322876
v 0.05603409 -0.21263123 0.39959717
v -0.00806046 -0.19967651 0.40887451
v 0.10737610 -0.19973755 0.38818359
v 0.03903961 -0.19969177 0.39987183
v -0.05136871 -0.19963074 0.42788696
v -0.13157654 -0.19895935 0.40145874
v -0.17005920 -0.19964600 0.38906860
v -0.16146851 -0.16528320 0.39224243
v -0.11109924 -0.15118408 0.40823364
v -0.02457619 -0.19973755 0.43603516
v 0.04674149 -0.19969177 0.42327881
v -0.02525330 -0.14375305 0.43664551
v 0.09515381 -0.19955444 0.41445923
v 0.16719055 -0.19969177 0.40350342
v 0.15544128 -0.19963074 0.37918091
v 0.11170959 -0.17503357 0.41159058
v 0.01610756 -0.17115784 0.42855835
v 0.16821289 -0.14416504 0.40325928
v 0.06886292 -0.14448547 0.42218018
v 0.11573792 -0.16140747 0.41156006
v 0.08135223 -0.11648560 0.39007568
v -0.02726364 -0.11737823 0.40896606
v 0.15316772 -0.11715698 0.37667847
v 0.15583801 -0.08296204 0.36560059
v 0.14399719 -0.04851532 0.36434937
v 0.10639191 -0.09144592 0.38024902
v 0.09442902 -0.10172272 0.38433838
v 0.07482910 -0.04285812 0.37506104
v 0.02564621 -0.05694962 0.38668823
v 0.03815079 -0.10683441 0.39547729
v -0.02954483 -0.05142593 0.39511108
v -0.03688812 -0.13923645 0.42788696
v -0.04427338 -0.11654663 0.40365601
v -0.07160187 -0.14523315 0.42117310
v -0.07612610 -0.12221527 0.39968872
v -0.05482101 -0.06845093 0.39123535
v -0.10402679 -0.05374908 0.37313843
v -0.07691956 -0.11455536 0.39352417
v -0.14416504 -0.11675262 0.37545776
v -0.12046814 -0.05226898 0.36810303
v -0.07187653 -0.10171509 0.39294434
v -0.10729218 -0.11592865 0.38540649
v -0.14865112 -0.13455200 0.38858032
v -0.13298035 -0.14485168 0.40115356
v -0.10967255 -0.14480591 0.40872192
v -0.11109924 -0.15032959 0.40826416
v -0.11112213 -0.14947510 0.40826416
v 0.17991638 -0.19966125 0.39361572
v 0.17881775 -0.15133667 0.39474487
v 0.16719055 -0.19969177 0.40350342
v 0.15544128 -0.19963074 0.37918091
v 0.20401001 -0.19964600 0.37466431
v 0.16821289 -0.14416504 0.40325928
v 0.21330261 -0.14387512 0.37100220
v 0.15316772 -0.11715698 0.37667847
v 0.24916077 -0.16839600 0.34167480
v 0.23031616 -0.19950867 0.35455322
v 0.27966309 -0.14366150 0.32305908
v 0.26245117 -0.12986755 0.31698608
v 0.22752380 -0.11664581 0.32391357
v 0.29159546 -0.11660767 0.27798462
v 0.15583801 -0.08296204 0.36560059
v 0.25991821 -0.07868958 0.29058838
v 0.20277405 -0.07953644 0.33151245
v 0.26165771 -0.06417084 0.28552246
v 0.28173828 -0.05041504 0.26773071
v 0.24444580 -0.01987839 0.28530884
v 0.23429871 -0.01132011 0.29055786
v 0.18319702 -0.03573227 0.33346558
v 0.14399719 -0.04851532 0.36434937
v 0.20785522 -0.04970169 0.31951904
v 0.17272949 -0.01308441 0.33380127
v 0.15327454 0.01511669 0.33999634
v 0.22645569 0.04236603 0.28176880
v 0.15873718 0.06324005 0.32385254
v 0.13418579 0.02575302 0.35098267
v 0.12664795 0.08986664 0.34112549
v 0.14741516 0.09104919 0.32476807
v 0.21372986 0.08988953 0.28115845
v 0.26196289 0.08979034 0.24847412
v 0.26870728 0.03779602 0.25491333
v 0.26757812 -0.00790501 0.26647949
v 0.27615356 -0.01231766 0.26171875
v 0.26757812 -0.00875759 0.26669312
v 0.26763916 -0.00875759 0.26663208
v 0.26788330 -0.00961018 0.26669312
v -0.13298035 -0.14485168 0.40115356
v -0.14865112 -0.13455200 0.38858032
v -0.21134949 -0.14277649 0.37557983
v -0.16146851 -0.16528320 0.39224243
v -0.16656494 -0.17335510 0.39041138
v -0.17005920 -0.19964600 0.38906860
v -0.21238708 -0.19960022 0.37509155
v -0.17027283 -0.19947815 0.37393188
v -0.14016724 -0.19956970 0.37939453
v -0.17373657 -0.23657227 0.38165283
v -0.17420959 -0.20918274 0.37350464
v -0.17405701 -0.20790100 0.37329102
v -0.19300842 -0.22964478 0.36480713
v -0.21847534 -0.23745728 0.34671021
v -0.21963501 -0.19978333 0.33551025
v -0.27505493 -0.23794556 0.30413818
v -0.24906921 -0.19953918 0.31372070
v -0.27825928 -0.20747375 0.29483032
v -0.28509521 -0.22282410 0.29397583
v -0.29336548 -0.19950867 0.28271484
v -0.29925537 -0.23658752 0.28762817
v -0.24481201 -0.19966125 0.34869385
v -0.28497314 -0.19944763 0.31549072
v -0.31799316 -0.19958496 0.24584961
v -0.33016968 -0.23672485 0.23997498
v -0.28222656 -0.14459229 0.31686401
v -0.31658936 -0.16954041 0.28979492
v -0.30813599 -0.19532776 0.29653931
v -0.31564331 -0.19929504 0.29028320
v -0.24609375 -0.12188721 0.32751465
v -0.20654297 -0.11513519 0.35809326
v -0.14416504 -0.11675262 0.37545776
v -0.12046814 -0.05226898 0.36810303
v -0.16130066 -0.04106140 0.35360718
v -0.20301819 -0.06234360 0.34729004
v -0.21508789 -0.10193634 0.34609985
v -0.23132324 -0.10258484 0.33059692
v -0.23374939 -0.05261230 0.31686401
v -0.26498413 -0.11508942 0.30261230
v -0.23913574 -0.03771973 0.30944824
v -0.28866577 -0.04996109 0.27093506
v -0.27853394 -0.13383484 0.31222534
v -0.31149292 -0.14445496 0.29589844
v -0.34674072 -0.14364624 0.26779175
v -0.32861328 -0.11538696 0.25256348
v -0.31237793 -0.10342407 0.26242065
v -0.31823730 -0.09958649 0.25729370
v -0.32110596 -0.06130219 0.24696350
v -0.31835938 -0.10086823 0.25744629
v -0.32260132 -0.10854340 0.25558472
v -0.34725952 -0.11505890 0.20368958
v -0.33718872 -0.05308914 0.19848633
v -0.36541748 -0.14347839 0.22549438
v -0.36239624 -0.11572266 0.16520691
v -0.35845947 -0.04798508 0.14045715
v -0.35327148 -0.11795044 0.19502258
v -0.38217163 -0.13938904 0.17620850
v -0.39379883 -0.14346313 0.15879822
v -0.36102295 -0.16821289 0.23170471
v -0.38519287 -0.17732239 0.17111206
v -0.34606934 -0.19932556 0.26608276
v -0.37548828 -0.19973755 0.19461060
v -0.40039062 -0.19970703 0.13656616
v -0.32601929 -0.19297791 0.28204346
v -0.32601929 -0.19383240 0.28204346
v -0.33001709 -0.19937134 0.27874756
v -0.32601929 -0.19468689 0.28201294
v -0.34164429 -0.19956970 0.20855713
v -0.36752319 -0.23722839 0.18399048
v -0.34823608 -0.20231628 0.20016479
v -0.38046265 -0.19975281 0.15072632
v -0.38510132 -0.21522522 0.14981079
v -0.36599731 -0.22099304 0.17953491
v -0.37866211 -0.22282410 0.16177368
v -0.37890625 -0.22367859 0.16177368
v -0.37890625 -0.22453308 0.16213989
v -0.12232971 -0.23675537 0.39144897
v -0.17373657 -0.23657227 0.38165283
v -0.18486023 -0.26757812 0.40325928
v -0.02954483 -0.05142593 0.39511108
v -0.03275299 0.01060867 0.38113403
v -0.10402679 -0.05374908 0.37313843
v 0.02564621 -0.05694962 0.38668823
v -0.15007019 0.01357746 0.34320068
v -0.12046814 -0.05226898 0.36810303
v -0.16130066 -0.04106140 0.35360718
v 0.07150269 0.01226997 0.36318970
v 0.07482910 -0.04285812 0.37506104
v 0.10639191 -0.09144592 0.38024902
v 0.14399719 -0.04851532 0.36434937
v -0.19691467 0.02612686 0.32696533
v -0.20301819 -0.06234360 0.34729004
v 0.13197327 -0.01642609 0.35968018
v 0.13418579 0.02575302 0.35098267
v 0.15327454 0.01511669 0.33999634
v 0.12000275 0.05006409 0.34838867
v 0.12664795 0.08986664 0.34112549
v 0.03217697 0.06628418 0.35876465
v 0.05188751 0.08395386 0.35260010
v 0.11734772 0.11180878 0.31784058
v 0.14741516 0.09104919 0.32476807
v 0.10589600 0.13775635 0.29187012
v 0.01091194 0.12500000 0.31771851
v -0.03746796 0.08994293 0.36599731
v -0.03427124 0.03670120 0.37576294
v 0.08506012 0.16351318 0.26583862
v 0.09001923 0.17405701 0.25372314
v 0.04740143 0.18116760 0.24937439
v -0.04031372 0.16864014 0.27603149
v 0.03685760 0.20263672 0.22753906
v -0.01472759 0.19848633 0.23854065
v -0.03764725 0.20457458 0.23529053
v 0.07778931 0.20321655 0.22369385
v 0.09190369 0.19171143 0.22918701
v 0.01184559 0.21972656 0.13937378
v 0.01852417 0.23522949 0.06286621
v 0.00022405 0.20938110 0.19596863
v -0.00236368 0.23408508 0.07073975
v -0.00083327 0.24873352 0.06717682
v -0.02976799 0.21350098 0.18478394
v -0.04600906 0.23358154 0.05299377
v -0.07427216 0.22473145 0.09912109
v -0.08551788 0.21382141 0.15409851
v -0.09857941 0.20397949 0.20716858
v -0.09350586 0.17854309 0.23809814
v -0.13238525 0.20297241 0.19372559
v -0.10768890 0.19337463 0.21549988
v -0.05654526 0.15165710 0.28805542
v -0.11215210 0.12979126 0.28988647
v -0.13929749 0.20481873 0.18229675
v -0.17153931 0.19956970 0.15966797
v -0.12171936 0.21398926 0.09256744
v -0.20387268 0.19784546 0.11205292
v -0.15165710 0.20236206 0.18771362
v -0.19209290 0.17883301 0.16516113
v -0.24656677 0.15908813 0.12075043
v -0.17396545 0.15470886 0.23890686
v -0.21490479 0.14193726 0.19490051
v -0.26727295 0.12698364 0.14822388
v -0.30398560 0.10279846 0.13938904
v -0.19467163 0.15925598 0.19674683
v -0.27056885 0.09868622 0.18820190
v -0.31521606 0.07958984 0.15612793
v -0.19900513 0.12861633 0.24368286
v -0.22969055 0.10045624 0.24111938
v -0.19572449 0.12615967 0.25308228
v -0.19044495 0.09796143 0.30343628
v -0.19512939 0.08792114 0.31326294
v -0.24328613 0.08930969 0.23852539
v -0.22109985 0.09015656 0.27008057
v -0.26101685 0.07033539 0.23970032
v -0.21258545 0.08420563 0.29226685
v -0.22210693 0.07831573 0.28652954
v -0.31198120 0.05567169 0.18655396
v -0.33215332 0.04036713 0.14729309
v -0.25939941 0.06126785 0.25488281
v -0.28887939 0.03394699 0.23887634
v -0.32778931 -0.01897621 0.20188904
v -0.25741577 -0.00320697 0.28460693
v -0.21659851 0.05032730 0.30062866
v -0.20915222 0.06372833 0.30416870
v -0.19564819 0.06085205 0.31887817
v -0.23913574 -0.03771973 0.30944824
v -0.23374939 -0.05261230 0.31686401
v -0.28866577 -0.04996109 0.27093506
v -0.31481934 -0.01652336 0.23681641
v -0.32110596 -0.06130219 0.24696350
v -0.11193085 0.08677673 0.33911133
v -0.08332825 0.08982849 0.34890747
v -0.09927368 0.06504059 0.34698486
v -0.04032135 0.05350494 0.37075806
v -0.06843567 0.04069519 0.36300659
v -0.33718872 -0.05308914 0.19848633
v -0.33709717 -0.04628754 0.19418335
v -0.35675049 -0.04030609 0.14047241
v -0.32003784 -0.01302814 0.21891785
v -0.31579590 -0.00363779 0.22404480
v -0.31091309 0.01881218 0.21943665
v 0.35519409 -0.40573120 0.34713745
v 0.36508179 -0.40625000 0.33190918
v 0.35559082 -0.37808228 0.34536743
v 0.37423706 -0.36337280 0.31350708
v 0.35238647 -0.34140015 0.34497070
v 0.38784790 -0.39654541 0.29483032
v 0.38040161 -0.40634155 0.30645752
v 0.30834961 -0.40646362 0.31710815
v 0.34848022 -0.40649414 0.26705933
v 0.40039062 -0.40637207 0.27709961
v 0.39828491 -0.37216187 0.27746582
v 0.41439819 -0.40646362 0.25604248
v 0.42874146 -0.38488770 0.23425293
v 0.40573120 -0.40655518 0.21037292
v 0.33105469 -0.40655518 0.19653320
v 0.22247314 -0.40652466 0.24957275
v 0.20611572 -0.40649414 0.20613098
v 0.27322388 -0.40655518 0.13520813
v 0.20228577 -0.40652466 0.13485718
v 0.19830322 -0.40649414 0.04755020
v 0.09893036 -0.40643311 0.08427429
v 0.33197021 -0.40646362 0.08924103
v 0.42337036 -0.40649414 0.12544250
v 0.46405029 -0.40643311 0.18481445
v 0.45236206 -0.40643311 0.20066833
v 0.46511841 -0.37857056 0.18591309
v 0.42694092 -0.40634155 0.23759460
v 0.43658447 -0.40640259 0.22410583
v 0.43759155 -0.38122559 0.22178650
v 0.45736694 -0.36621094 0.19389343
v 0.46185303 -0.34149170 0.18641663
v 0.43164062 -0.34091187 0.22912598
v 0.43301392 -0.40277100 0.22912598
v 0.43301392 -0.40362549 0.22915649
v 0.43304443 -0.40447998 0.22915649
v 0.43386841 -0.30895996 0.18394470
v 0.43395996 -0.30099487 0.17292786
v 0.40264893 -0.34100342 0.27136230
v 0.41854858 -0.28506470 0.17457581
v 0.40585327 -0.25991821 0.15852356
v 0.39880371 -0.30068970 0.22267151
v 0.40591431 -0.32662964 0.24777222
v 0.37982178 -0.29345703 0.24082947
v 0.37799072 -0.25811768 0.19636536
v 0.38903809 -0.23681641 0.15167236
v 0.35214233 -0.23727417 0.20480347
v 0.34539795 -0.29763794 0.29788208
v 0.38467407 -0.34136963 0.29772949
v 0.35168457 -0.32070923 0.31903076
v 0.33798218 -0.27114868 0.27340698
v 0.33395386 -0.30487061 0.32543945
v 0.36856079 -0.34109497 0.32098389
v 0.37844849 -0.34564209 0.30676270
v 0.37844849 -0.34478760 0.30676270
v 0.37844849 -0.34393311 0.30673218
v 0.31445312 -0.26538086 0.30392456
v 0.30337524 -0.29278564 0.33572388
v 0.32647705 -0.25955200 0.27566528
v 0.29702759 -0.23614502 0.28875732
v 0.32275391 -0.23657227 0.24972534
v 0.27557373 -0.23654175 0.30355835
v 0.29315186 -0.23306274 0.29055786
v 0.29510498 -0.21836853 0.28549194
v 0.32180786 -0.19963074 0.23794556
v 0.34326172 -0.19964600 0.20419312
v 0.29217529 -0.19969177 0.28274536
v 0.26248169 -0.19966125 0.30285645
v 0.29006958 -0.19958496 0.31460571
v 0.33065796 -0.19935608 0.26873779
v 0.31384277 -0.19944763 0.29925537
v 0.31500244 -0.14335632 0.29891968
v 0.24916077 -0.16839600 0.34167480
v 0.31677246 -0.17053223 0.29357910
v 0.35031128 -0.19943237 0.23583984
v 0.34262085 -0.16802979 0.24766541
v 0.32211304 -0.14353943 0.28659058
v 0.29159546 -0.11660767 0.27798462
v 0.27966309 -0.14366150 0.32305908
v 0.35131836 -0.14210510 0.23680115
v 0.31665039 -0.11614227 0.23704529
v 0.35202026 -0.11625671 0.17918396
v 0.35882568 -0.13072205 0.19929504
v 0.38113403 -0.14190674 0.18750000
v 0.38461304 -0.11643219 0.12763977
v 0.38180542 -0.17359924 0.18376160
v 0.40966797 -0.14198303 0.13941956
v 0.37341309 -0.19937134 0.19880676
v 0.39312744 -0.19949341 0.16574097
v 0.36007690 -0.19970703 0.17907715
v 0.38134766 -0.19970703 0.14669800
v 0.35626221 -0.20918274 0.18821716
v 0.36059570 -0.21951294 0.18574524
v 0.31500244 -0.14335632 0.29891968
v 0.27966309 -0.14366150 0.32305908
v 0.24916077 -0.16839600 0.34167480
v -0.34732056 -0.29534912 0.29650879
v -0.33532715 -0.28326416 0.30081177
v -0.33367920 -0.27658081 0.29989624
v -0.36529541 -0.30297852 0.27777100
v -0.33474731 -0.27352905 0.28634644
v -0.37023926 -0.26391602 0.21627808
v -0.31414795 -0.25259399 0.28887939
v -0.33016968 -0.23672485 0.23997498
v 0.21372986 0.08988953 0.28115845
v 0.20783997 0.09778595 0.27429199
v 0.14741516 0.09104919 0.32476807
v 0.26196289 0.08979034 0.24847412
v 0.17291260 0.11406708 0.27606201
v 0.10589600 0.13775635 0.29187012
v 0.21398926 0.14898682 0.20254517
v 0.12678528 0.15235901 0.25634766
v 0.09001923 0.17405701 0.25372314
v 0.09190369 0.19171143 0.22918701
v 0.11660767 0.18824768 0.21549988
v 0.09590912 0.20213318 0.21185303
v 0.07778931 0.20321655 0.22369385
v 0.13705444 0.20239258 0.18212891
v 0.09477234 0.21211243 0.14505005
v 0.06800079 0.21725464 0.13703918
v 0.01852417 0.23522949 0.06286621
v 0.05377197 0.22541809 0.09352112
v 0.07472229 0.22848511 0.07081604
v 0.17071533 0.20297241 0.16018677
v 0.16864014 0.20698547 0.12594604
v 0.11876678 0.22441101 0.03001976
v 0.18994141 0.20368958 0.12496185
v 0.22642517 0.20544434 0.06037521
v 0.17182922 0.21267700 -0.00492907
v 0.22744751 0.20246887 -0.01286125
v 0.23739624 0.15080261 0.15641785
v 0.25421143 0.15547180 0.11684418
v 0.28894043 0.14620972 0.08317566
v 0.27688599 0.15725708 0.00299907
v 0.27267456 0.13960266 0.12252808
v 0.27767944 0.13351440 0.12673950
v 0.30670166 0.12585449 0.09603882
v 0.30548096 0.09010315 0.17257690
v 0.32958984 0.10630798 0.09832001
v 0.28460693 0.15072632 -0.00239968
v 0.31018066 0.12683105 0.02876282
v 0.28463745 0.15074158 -0.00367904
v 0.28439331 0.15312195 -0.06114197
v 0.31881714 0.12265015 -0.05744934
v 0.29843140 0.13897705 -0.00723982
v 0.32727051 0.11234283 -0.00623798
v 0.31808472 0.12265778 -0.06304932
v 0.32723999 0.11147308 0.01337719
v 0.33480835 0.10384369 0.03446579
v 0.35626221 0.08956146 -0.06034851
v 0.34582520 0.09038544 0.10581970
v 0.36041260 0.04669189 0.00129366
v 0.34848022 0.07181549 0.10890961
v 0.29837036 0.05596542 0.19580078
v 0.26870728 0.03779602 0.25491333
v 0.30157471 -0.00963593 0.21714783
v 0.27615356 -0.01231766 0.26171875
v 0.32379150 0.02363014 0.16685486
v 0.28173828 -0.05041504 0.26773071
v 0.28964233 -0.07104492 0.26235962
v 0.29159546 -0.11660767 0.27798462
v 0.33248901 -0.05561829 0.18656921
v 0.31665039 -0.11614227 0.23704529
v 0.35202026 -0.11625671 0.17918396
v 0.34350586 -0.05992126 0.17033386
v 0.36694336 -0.02514839 0.11847687
v 0.38055420 -0.09438324 0.12464905
v 0.38031006 -0.05733490 0.04068375
v 0.35437012 0.03905869 0.11157227
v 0.37194824 -0.01404381 0.02447128
v 0.37423706 -0.00111639 -0.05597305
v 0.35800171 0.07582855 -0.06011200
v 0.33169556 0.08953094 -0.11015320
v 0.36730957 0.00467014 -0.06858063
v 0.37591553 -0.03433228 -0.06766510
v 0.36041260 -0.07019806 -0.12046051
v -0.39535522 -0.31268311 0.24525452
v -0.43032837 -0.34124756 0.23294067
v -0.40081787 -0.34091187 0.27511597
v -0.41043091 -0.31326294 0.22401428
v -0.43176270 -0.33456421 0.22232056
v -0.43438721 -0.33792114 0.22322083
v -0.46203613 -0.34130859 0.18867493
v -0.44195557 -0.31170654 0.17698669
v -0.41760254 -0.27679443 0.16577148
v -0.40725708 -0.26611328 0.16705322
v -0.40359497 -0.30133057 0.21803284
v -0.37023926 -0.26391602 0.21627808
v -0.36752319 -0.23722839 0.18399048
v -0.33016968 -0.23672485 0.23997498
v -0.38150024 -0.23672485 0.16336060
v -0.38964844 -0.23699951 0.15161133
v -0.36599731 -0.22099304 0.17953491
v -0.37890625 -0.22367859 0.16177368
v -0.37890625 -0.22453308 0.16213989
v -0.37884521 -0.22367859 0.16186523
v -0.37890625 -0.22367859 0.16177368
v -0.37866211 -0.22282410 0.16177368
v 0.46185303 -0.34149170 0.18641663
v 0.46511841 -0.37857056 0.18591309
v 0.46603394 -0.34155273 0.15840149
v 0.46792603 -0.37966919 0.15704346
v 0.46899414 -0.40631104 0.15217590
v 0.46405029 -0.40643311 0.18481445
v 0.42337036 -0.40649414 0.12544250
v 0.47424316 -0.37374878 0.12221527
v 0.47381592 -0.40618896 0.12338257
v 0.48190308 -0.40628052 0.07883453
v 0.47833252 -0.36718750 0.09386444
v 0.48617554 -0.34127808 0.05216217
v 0.38137817 -0.40655518 0.04205704
v 0.33197021 -0.40646362 0.08924103
v 0.48580933 -0.38693237 0.06044006
v 0.48391724 -0.36068726 0.06283569
v 0.48883057 -0.38131714 0.03966141
v 0.46417236 -0.31268311 0.05549240
v 0.45013428 -0.31076050 0.11975861
v 0.44155884 -0.29205322 0.08812714
v 0.43939209 -0.26602173 -0.00167453
v 0.48037720 -0.31973267 -0.00192773
v 0.49667358 -0.34152222 -0.00149930
v 0.42968750 -0.26116943 -0.03098297
v 0.41589355 -0.23683167 -0.00168097
v 0.40649414 -0.23677063 -0.05005264
v 0.46545410 -0.32260132 -0.08897400
v 0.44750977 -0.30471802 -0.11028290
v 0.39825439 -0.23709106 -0.09541321
v 0.39788818 -0.19978333 -0.05293655
v 0.48168945 -0.34140015 -0.07803345
v 0.47058105 -0.34164429 -0.13572693
v 0.48400879 -0.35549927 -0.06396484
v 0.40069580 -0.25091553 -0.14440918
v 0.38839722 -0.23703003 -0.15328979
v 0.40957642 -0.26626587 -0.16380310
v 0.42852783 -0.29476929 -0.17338562
v 0.39135742 -0.21903992 -0.11463165
v 0.39208984 -0.19984436 -0.08472443
v 0.38110352 -0.19947815 -0.15036011
v 0.38571167 -0.19978333 -0.11941528
v 0.40264893 -0.19964600 -0.10517120
v 0.38479614 -0.17398071 -0.14181519
v 0.44744873 -0.31585693 -0.15632629
v 0.44549561 -0.31903076 -0.18183899
v 0.46105957 -0.34130859 -0.18856812
v 0.46853638 -0.36309814 -0.14627075
v 0.46368408 -0.38067627 -0.18984985
v 0.45858765 -0.35586548 -0.19386292
v 0.47058105 -0.38885498 -0.13937378
v 0.46255493 -0.40618896 -0.19122314
v 0.44750977 -0.40640259 -0.21139526
v 0.47164917 -0.40631104 -0.13601685
v 0.48236084 -0.38824463 -0.07852173
v 0.48812866 -0.36975098 -0.05321884
v 0.49475098 -0.38009644 -0.02165985
v 0.43881226 -0.40652466 -0.14337158
v 0.40438843 -0.40655518 -0.21701050
v 0.33432007 -0.40652466 -0.15994263
v 0.48089600 -0.40631104 -0.08613586
v 0.42117310 -0.40643311 -0.06919098
v 0.30822754 -0.40646362 -0.06972504
v 0.21713257 -0.40649414 -0.12947083
v 0.48471069 -0.40621948 -0.07017517
v 0.46124268 -0.40646362 0.00280213
v 0.48886108 -0.40536499 -0.04778290
v 0.49417114 -0.40640259 -0.02257156
v 0.39089966 -0.40652466 -0.02036858
v 0.20114136 -0.40646362 -0.05314636
v 0.49874878 -0.40634155 -0.00320864
v 0.49981689 -0.37634277 -0.00269032
v 0.49356079 -0.38742065 0.01763916
v 0.49313354 -0.40631104 0.02477837
v 0.29141235 -0.40649414 0.04091644
v 0.27322388 -0.40655518 0.13520813
v 0.19830322 -0.40649414 0.04755020
v 0.10546112 -0.40640259 -0.00899029
v 0.10746002 -0.40640259 -0.09822845
v 0.09893036 -0.40643311 0.08427429
v -0.01191330 -0.40646362 -0.01829720
v -0.34725952 -0.11505890 0.20368958
v -0.33718872 -0.05308914 0.19848633
v -0.35845947 -0.04798508 0.14045715
v -0.46939087 -0.37338257 0.14772034
v -0.46459961 -0.38446045 0.19004822
v -0.46203613 -0.34130859 0.18867493
v -0.47271729 -0.34149170 0.12841797
v -0.44723511 -0.30892944 0.13269043
v -0.44195557 -0.31170654 0.17698669
v -0.41760254 -0.27679443 0.16577148
v -0.46157837 -0.31668091 0.08586121
v -0.44042969 -0.29098511 0.09630585
v -0.40725708 -0.26611328 0.16705322
v -0.38964844 -0.23699951 0.15161133
v -0.39709473 -0.23706055 0.10588837
v -0.38510132 -0.21522522 0.14981079
v -0.48376465 -0.34112549 0.06961823
v -0.47848511 -0.37030029 0.09525299
v -0.47033691 -0.39846802 0.14794922
v -0.46374512 -0.40646362 0.18994141
v -0.48809814 -0.37622070 0.05772781
v -0.47470093 -0.40582275 0.12359619
v -0.48046875 -0.38619995 0.09065247
v -0.43658447 -0.40652466 0.12103271
v -0.48059082 -0.40628052 0.08825684
v -0.34835815 -0.40646362 0.09131622
v -0.32931519 -0.40652466 0.19720459
v -0.42971802 -0.40655518 0.02205849
v -0.29812622 -0.40646362 0.03128052
v -0.26364136 -0.40649414 0.13026428
v -0.18725586 -0.40652466 0.09224701
v -0.48666382 -0.40643311 0.05577469
v -0.25598145 -0.40646362 -0.05228806
v -0.18974304 -0.40646362 -0.01768875
v -0.21020508 -0.40649414 -0.13024902
v -0.10050201 -0.40646362 0.05881119
v -0.13142395 -0.40643311 -0.08905792
v -0.07504272 -0.40643311 -0.06058502
v -0.00869846 -0.40652466 0.04659271
v -0.35525513 -0.40646362 -0.11889648
v -0.29943848 -0.40646362 -0.18998718
v -0.43737793 -0.40652466 -0.06962585
v -0.46923828 -0.40655518 -0.15950012
v -0.49407959 -0.40646362 0.02206421
v -0.48818970 -0.40518188 0.05233383
v -0.49890137 -0.40600586 -0.00200558
v -0.49212646 -0.38986206 0.03450775
v -0.49630737 -0.38174438 0.01136971
v -0.49237061 -0.34140015 0.02280998
v -0.49981689 -0.37921143 -0.00262856
v -0.49713135 -0.34121704 -0.00160694
v -0.49102783 -0.37966919 -0.03358078
v -0.47079468 -0.31982422 0.05313873
v -0.47189331 -0.31234741 0.01679420
v -0.49572754 -0.35415649 -0.01049995
v -0.49401855 -0.35247803 -0.01732063
v -0.49212646 -0.34060669 -0.02633667
v -0.47280884 -0.30917358 -0.00238395
v -0.45312500 -0.29528809 0.04920578
v -0.43133545 -0.26342773 0.03511810
v -0.44519043 -0.27215576 -0.00255704
v -0.40728760 -0.23730469 0.04942703
v -0.39309692 -0.19982910 0.08472443
v -0.40097046 -0.19985962 0.04330444
v -0.41693115 -0.23674011 -0.00183082
v -0.40960693 -0.19979858 -0.00367880
v -0.44772339 -0.28707886 -0.04674911
v -0.43347168 -0.26535034 -0.03310394
v -0.46560669 -0.31234741 -0.05113983
v -0.42883301 -0.27194214 -0.08182526
v -0.45523071 -0.31265259 -0.10662842
v -0.48272705 -0.34149170 -0.07830811
v -0.48553467 -0.35989380 -0.06090927
v -0.40795898 -0.23716736 -0.04652786
v -0.43121338 -0.28579712 -0.12696838
v -0.43399048 -0.29995728 -0.17387390
v -0.41439819 -0.27041626 -0.16348267
v -0.47201538 -0.34124756 -0.13354492
v -0.46325684 -0.34127808 -0.18737793
v -0.39584351 -0.23658752 -0.11531067
v -0.38980103 -0.23670959 -0.15255737
v -0.39340210 -0.23391724 -0.12649536
v -0.38229370 -0.19975281 -0.14926147
v -0.38854980 -0.19972229 -0.10960388
v -0.39660645 -0.19958496 -0.15251160
v -0.40475464 -0.19970703 -0.14030457
v -0.40234375 -0.19903564 -0.14448547
v -0.41131592 -0.19961548 -0.13194275
v -0.41046143 -0.16720581 -0.13333130
v -0.41375732 -0.19967651 -0.09700012
v -0.39251709 -0.19976807 -0.08904266
v -0.41796875 -0.19960022 -0.04888916
v -0.40274048 -0.19981384 -0.03497314
v -0.42453003 -0.19963074 0.02333450
v 0.46603394 -0.34155273 0.15840149
v 0.43395996 -0.30099487 0.17292786
v 0.46185303 -0.34149170 0.18641663
v 0.45013428 -0.31076050 0.11975861
v 0.43383789 -0.29272461 0.13388062
v 0.44155884 -0.29205322 0.08812714
v 0.41848755 -0.27105713 0.13006592
v 0.40585327 -0.25991821 0.15852356
v 0.40829468 -0.26034546 0.14379883
v 0.38903809 -0.23681641 0.15167236
v 0.40469360 -0.23727417 0.05824280
v 0.43939209 -0.26602173 -0.00167453
v 0.41589355 -0.23683167 -0.00168097
v 0.39465332 -0.22535706 0.10118866
v 0.40527344 -0.21472168 0.03040504
v 0.39303589 -0.19993591 0.07764435
v 0.38778687 -0.20578003 0.11656952
v 0.38134766 -0.19970703 0.14669800
v 0.38677979 -0.19972229 0.11515808
v 0.40921021 -0.19964600 0.14108276
v 0.39312744 -0.19949341 0.16574097
v 0.39950562 -0.19982910 0.04441071
v 0.40853882 -0.19984436 -0.00288224
v 0.40649414 -0.23677063 -0.05005264
v 0.40429688 -0.19981384 0.01910591
v 0.40570068 -0.20150757 0.01337337
v 0.39788818 -0.19978333 -0.05293655
v 0.41735840 -0.19917297 0.03687286
v 0.41430664 -0.19944763 0.07824707
v 0.41293335 -0.16210938 0.09468842
v 0.40658569 -0.17506409 0.14471436
v 0.40966797 -0.14198303 0.13941956
v 0.38180542 -0.17359924 0.18376160
v 0.42144775 -0.19953918 -0.00207210
v 0.41989136 -0.17028809 0.01396179
v 0.42590332 -0.19960022 -0.05426407
v 0.39208984 -0.19984436 -0.08472443
v 0.39825439 -0.23709106 -0.09541321
v 0.42596436 -0.14196777 -0.05315399
v 0.40264893 -0.19964600 -0.10517120
v 0.38571167 -0.19978333 -0.11941528
v 0.38479614 -0.17398071 -0.14181519
v 0.38696289 -0.14286804 -0.13838196
v 0.40640259 -0.14231873 -0.09661102
v 0.37765503 -0.11542511 -0.10407257
v 0.41900635 -0.14204407 0.05334091
v 0.39935303 -0.11560822 -0.05230331
v 0.36041260 -0.07019806 -0.12046051
v 0.37591553 -0.03433228 -0.06766510
v 0.37423706 -0.00111639 -0.05597305
v 0.39614868 -0.11615753 -0.00616789
v 0.39117432 -0.08467865 -0.03268051
v 0.38031006 -0.05733490 0.04068375
v 0.39703369 -0.11190033 -0.02821350
v 0.38964844 -0.09716034 0.02898216
v 0.38055420 -0.09438324 0.12464905
v 0.38916016 -0.11603546 0.07624817
v 0.39636230 -0.11933899 0.03902817
v 0.39892578 -0.12474823 0.07349396
v 0.38461304 -0.11643219 0.12763977
v 0.34350586 -0.05992126 0.17033386
v 0.35202026 -0.11625671 0.17918396
v 0.39807129 -0.12389374 0.07308197
v 0.39797974 -0.12389374 0.07392883
v 0.39825439 -0.12410736 0.07339478
v 0.39807129 -0.12389374 0.07308197
v 0.41156006 -0.14210510 0.12277985
v 0.40069580 -0.13320923 0.13621521
v 0.38113403 -0.14190674 0.18750000
v -0.38046265 -0.19975281 0.15072632
v -0.37548828 -0.19973755 0.19461060
v -0.40039062 -0.19970703 0.13656616
v -0.38510132 -0.21522522 0.14981079
v -0.38333130 -0.20231628 0.14559937
v -0.38690186 -0.19989014 0.12100220
v -0.39709473 -0.23706055 0.10588837
v -0.39309692 -0.19982910 0.08472443
v -0.42858887 -0.19967651 0.07160950
v -0.40097046 -0.19985962 0.04330444
v -0.40682983 -0.17381287 0.12133789
v -0.38519287 -0.17732239 0.17111206
v -0.42453003 -0.19963074 0.02333450
v -0.40960693 -0.19979858 -0.00367880
v -0.39379883 -0.14346313 0.15879822
v -0.42953491 -0.14251709 0.06968689
v -0.42572021 -0.16867065 0.03384399
v -0.42141724 -0.17350769 -0.00896454
v -0.41796875 -0.19960022 -0.04888916
v -0.42614746 -0.14331055 0.02419090
v -0.41375732 -0.19967651 -0.09700012
v -0.41842651 -0.17279053 -0.04583359
v -0.41439819 -0.15975952 -0.09531403
v -0.41131592 -0.19961548 -0.13194275
v -0.42285156 -0.14436340 -0.02677155
v -0.41308594 -0.14260864 -0.11016083
v -0.41232300 -0.14410400 -0.13055420
v -0.41046143 -0.16720581 -0.13333130
v -0.39953613 -0.14379883 -0.14906311
v -0.40447998 -0.17187500 -0.14184570
v -0.40234375 -0.19903564 -0.14448547
v -0.38562012 -0.17298889 -0.16816711
v -0.40521240 -0.13566589 -0.12826538
v -0.38674927 -0.11566162 -0.12158966
v -0.37023926 -0.12808228 -0.16783142
v -0.41131592 -0.13583374 -0.06082153
v -0.39431763 -0.11528778 -0.03410721
v -0.39782715 -0.11518860 0.01326656
v -0.42153931 -0.14009094 0.00655508
v -0.40249634 -0.11539459 0.06660461
v -0.39080811 -0.07528687 0.02190781
v -0.38961792 -0.11532593 0.09660339
v -0.39263916 -0.06411743 0.06663513
v -0.37768555 -0.11539459 0.12747192
v -0.38217163 -0.13938904 0.17620850
v -0.36239624 -0.11572266 0.16520691
v -0.37380981 -0.06748962 0.11280823
v -0.35845947 -0.04798508 0.14045715
v -0.35675049 -0.04030609 0.14047241
v -0.33718872 -0.05308914 0.19848633
v -0.36984253 -0.01509762 0.09304810
v -0.34585571 0.03837967 0.11521912
v -0.38073730 -0.00980186 0.06601715
v -0.35070801 0.05467224 0.09428406
v -0.38150024 -0.02582741 0.03625107
v -0.37362671 -0.00315619 0.00638437
v -0.36648560 0.04306030 0.05468369
v -0.36547852 0.02961349 0.00127912
v -0.36276245 0.03048325 -0.04019928
v -0.38589478 -0.07440948 -0.03693008
v -0.39004517 -0.10853577 -0.06720734
v -0.37893677 -0.05651093 -0.07354736
v -0.37152100 -0.03809357 -0.11428070
v -0.36206055 -0.11564636 -0.15975952
v -0.36871338 -0.01386929 -0.08692932
v -0.35882568 0.02654839 -0.10764313
v -0.35421753 0.06885529 -0.04991913
v -0.32778931 -0.01897621 0.20188904
v -0.34585571 0.03837967 0.11521912
v -0.35675049 -0.04030609 0.14047241
v -0.33215332 0.04036713 0.14729309
v -0.31521606 0.07958984 0.15612793
v -0.32910156 0.07688141 0.12530518
v -0.31314087 0.09106445 0.13787842
v -0.30398560 0.10279846 0.13938904
v -0.35070801 0.05467224 0.09428406
v -0.36984253 -0.01509762 0.09304810
v -0.35162354 0.06631470 0.06199646
v -0.36648560 0.04306030 0.05468369
v -0.38073730 -0.00980186 0.06601715
v -0.33789062 0.08536530 0.06385803
v -0.35504150 0.07876587 0.01092052
v -0.36547852 0.02961349 0.00127912
v -0.28155518 0.13439941 0.11314392
v -0.28890991 0.13066101 0.09617615
v -0.27529907 0.14138794 0.11425018
v -0.28848267 0.12087250 0.13107300
v -0.26727295 0.12698364 0.14822388
v -0.24656677 0.15908813 0.12075043
v -0.35421753 0.06885529 -0.04991913
v -0.36276245 0.03048325 -0.04019928
v -0.24755859 0.16011047 0.11828613
v -0.20387268 0.19784546 0.11205292
v -0.22375488 0.20008850 0.08154297
v -0.35159302 0.08730316 -0.04080200
v -0.24075317 0.18571472 0.04069519
v -0.26028442 0.16772461 0.02616310
v -0.22692871 0.20100403 0.02189064
v -0.19171143 0.20701599 0.03595734
v -0.31115723 0.12464905 -0.01068020
v -0.29409790 0.14308167 -0.04248428
v -0.18246460 0.20988464 0.00345898
v -0.22857666 0.20484924 -0.04794312
v -0.14633179 0.22000122 -0.02726555
v -0.35232544 0.07396698 -0.06684875
v -0.35882568 0.02654839 -0.10764313
v -0.35009766 0.07127380 -0.10408783
v -0.32971191 0.06994629 -0.13626099
v -0.34790039 0.09024811 -0.10089874
v -0.30978394 0.12815857 -0.08242798
v -0.29565430 0.09004211 -0.18568420
v -0.29437256 0.05215836 -0.20101929
v -0.31320190 0.10205841 -0.13072205
v -0.29519653 0.09682465 -0.17076111
v -0.25497437 0.14566040 -0.13175964
v -0.27737427 0.15155029 -0.08298492
v -0.24967957 0.10720062 -0.22901917
v -0.22601318 0.13798523 -0.20318604
v -0.21640015 0.17709351 -0.12603760
v -0.26974487 0.16609192 -0.06423950
v -0.26123047 0.17378235 -0.04973221
v -0.26342773 0.08995056 -0.24301147
v -0.20507812 0.12634277 -0.23045349
v -0.25552368 0.17947388 -0.05747604
v -0.25662231 0.17677307 -0.02686310
v -0.22709656 0.19081116 -0.07958221
v -0.23159790 0.20181274 -0.04878616
v -0.20829773 0.20368958 -0.08361053
v -0.14402771 0.21453857 -0.07231140
v -0.24763489 0.18484497 -0.02158928
v -0.18302917 0.20172119 -0.13171387
v -0.15232849 0.20765686 -0.12927246
v -0.17413330 0.20103455 -0.15066528
v -0.10678101 0.20907593 -0.13694763
v -0.24755859 0.18479919 -0.02030945
v -0.24398804 0.18774414 -0.01463890
v -0.18785095 0.18568420 -0.16059875
v -0.19551086 0.17427063 -0.17304993
v -0.15797424 0.16687012 -0.20574951
v -0.12867737 0.19885254 -0.18147278
v -0.09774017 0.20637512 -0.15676880
v -0.07884979 0.20120239 -0.21594238
v -0.11455536 0.18110657 -0.21571350
v -0.16352844 0.14347839 -0.23397827
v -0.11185455 0.16023254 -0.24867249
v -0.19203186 0.09937286 -0.27133179
v -0.11279297 0.13107300 -0.28762817
v -0.12727356 0.11312866 -0.29867554
v -0.16607666 0.08475494 -0.30377197
v -0.21597290 0.08831787 -0.27136230
v -0.17076111 0.06346893 -0.30603027
v -0.12524414 0.08798981 -0.33078003
v -0.19303894 0.06613922 -0.29122925
v -0.18952942 0.00402403 -0.30981445
v -0.23706055 0.01410675 -0.27642822
v -0.26885986 0.04795837 -0.24830627
v -0.26971436 0.06970215 -0.23905945
v -0.28506470 0.05442429 -0.21685791
v -0.26974487 0.07740021 -0.23652649
v -0.37866211 -0.22282410 0.16177368
v -0.38510132 -0.21522522 0.14981079
v -0.37890625 -0.22367859 0.16177368
v -0.38964844 -0.23699951 0.15161133
v -0.09825134 0.22192383 0.06020355
v -0.20387268 0.19784546 0.11205292
v -0.12171936 0.21398926 0.09256744
v -0.22375488 0.20008850 0.08154297
v -0.04600906 0.23358154 0.05299377
v -0.07427216 0.22473145 0.09912109
v -0.17535400 0.21073914 0.06378174
v -0.19171143 0.20701599 0.03595734
v -0.09062958 0.22575378 0.04663467
v -0.11296082 0.22424316 0.03669739
v -0.05923843 0.23524475 0.02237511
v -0.04498291 0.24880981 0.04927444
v -0.06703186 0.23333740 0.00549316
v -0.06323242 0.24827576 0.00521421
v -0.18246460 0.20988464 0.00345898
v -0.14633179 0.22000122 -0.02726555
v -0.06121826 0.23507690 -0.00816822
v -0.04480362 0.24887085 -0.03913116
v -0.14402771 0.21453857 -0.07231140
v -0.04853439 0.23382568 -0.04084015
v -0.01900482 0.23529053 -0.05277634
v -0.09558105 0.22331238 -0.07902527
v -0.15232849 0.20765686 -0.12927246
v -0.10678101 0.20907593 -0.13694763
v -0.07102203 0.21815491 -0.11285400
v -0.09774017 0.20637512 -0.15676880
v -0.05046844 0.21847534 -0.13784790
v 0.04599380 0.23437500 0.05202866
v 0.05377197 0.22541809 0.09352112
v 0.07472229 0.22848511 0.07081604
v 0.01852417 0.23522949 0.06286621
v 0.11876678 0.22441101 0.03001976
v -0.00083327 0.24873352 0.06717682
v 0.06348419 0.23403931 0.01155949
v 0.17182922 0.21267700 -0.00492907
v 0.04366684 0.24897766 0.04909897
v 0.03481293 0.25674438 0.04023361
v 0.06156158 0.24853516 0.00567579
v 0.05791092 0.23548889 -0.01210117
v 0.22705078 0.20214844 -0.05825043
v 0.22744751 0.20246887 -0.01286125
v 0.11945343 0.21594238 -0.06874847
v 0.04666519 0.25674438 0.01114655
v 0.04917908 0.23303223 -0.03526688
v 0.08718872 0.22190857 -0.08934021
v 0.03121185 0.23454285 -0.04710770
v 0.04346466 0.24877930 -0.03854752
v 0.04900742 0.25640869 0.00508928
v -0.00070488 0.24821472 -0.05749130
v 0.00861931 0.23509216 -0.05654526
v -0.00246572 0.23348999 -0.06071472
v 0.03437042 0.25653076 -0.03008080
v -0.03623962 0.25720215 -0.03003883
v -0.04480362 0.24887085 -0.03913116
v -0.00091827 0.25665283 -0.04412842
v 0.04143143 0.29400635 -0.03682327
v -0.03807449 0.29956055 -0.03677750
v -0.01642990 0.28720093 -0.04546356
v 0.00320435 0.29855347 -0.05271149
v 0.05851364 0.29492188 0.00518036
v 0.03764343 0.30697632 -0.03028107
v -0.00041729 0.33187866 -0.03310013
v -0.02755928 0.33184814 -0.02191353
v 0.05264282 0.29742432 -0.00538015
v 0.04757309 0.31457520 0.00514507
v 0.03881073 0.32659912 -0.00496721
v 0.02692413 0.33203125 -0.02116966
v 0.01149178 0.33633423 -0.01431847
v 0.02629280 0.33163452 0.03192902
v 0.02214432 0.33621216 0.00510931
v -0.01655197 0.33612061 -0.01094246
v 0.00217080 0.33633423 0.02820969
v 0.00162399 0.32495117 0.04698181
v 0.02237129 0.37371826 0.00878429
v 0.04190063 0.29440308 0.04673386
v -0.00013991 0.29489136 0.06427765
v -0.00845242 0.37368774 0.02748299
v 0.00559139 0.37289429 -0.01715088
v 0.03464127 0.37954712 0.04026413
v 0.00574160 0.37673950 0.03981781
v -0.00078225 0.39147949 0.05669785
v 0.03462982 0.39331055 0.04076385
v -0.00059706 0.40658569 0.00462246
v 0.04974365 0.37963867 0.00548363
v 0.03476715 0.37948608 -0.03022957
v 0.04980850 0.39331055 0.00555944
v 0.03488922 0.39334106 -0.03010750
v -0.00061595 0.39324951 -0.04457092
v -0.04944611 0.39404297 -0.00699186
v -0.00044471 0.37948608 -0.04481125
v -0.02267265 0.37368774 -0.00509644
v -0.00363994 0.33834839 -0.01646996
v -0.00364089 0.33749390 -0.01647186
v -0.00365782 0.33663940 -0.01647186
v -0.04252243 0.29458618 0.04688644
v -0.00943279 0.25949097 0.05142593
v -0.00013991 0.29489136 0.06427765
v 0.03481293 0.25674438 0.04023361
v -0.00083327 0.24873352 0.06717682
v 0.00162399 0.32495117 0.04698181
v -0.04498291 0.24880981 0.04927444
v -0.04600906 0.23358154 0.05299377
v -0.03599930 0.25653076 0.04050827
v -0.01858139 0.33322144 0.03404617
v 0.00217080 0.33633423 0.02820969
v -0.05044174 0.25653076 0.00529623
v -0.06323242 0.24827576 0.00521421
v -0.06014633 0.29476929 0.00481415
v -0.03799438 0.33337402 0.00681162
v -0.03623962 0.25720215 -0.03003883
v -0.04480362 0.24887085 -0.03913116
v -0.03807449 0.29956055 -0.03677750
v -0.05107498 0.29318237 -0.01848412
v -0.02755928 0.33184814 -0.02191353
v -0.05032349 0.30426025 -0.00514603
v -0.01655197 0.33612061 -0.01094246
v -0.02330017 0.33615112 0.00569725
v -0.02267265 0.37368774 -0.00509644
v -0.00845242 0.37368774 0.02748299
v 0.00574160 0.37673950 0.03981781
v -0.00078225 0.39147949 0.05669785
v -0.02650261 0.37973022 0.04677582
v -0.04916763 0.37902832 -0.00584793
v -0.00044471 0.37948608 -0.04481125
v -0.04944611 0.39404297 -0.00699186
v -0.03577805 0.39306641 0.04095459
v -0.00059706 0.40658569 0.00462246
v -0.07504272 -0.40643311 -0.06058502
v -0.01191330 -0.40646362 -0.01829720
v -0.00869846 -0.40652466 0.04659271
v -0.49508667 -0.40625000 -0.01879883
v -0.48922729 -0.40634155 -0.04809952
v -0.48733521 -0.38357544 -0.06018066
v -0.47927856 -0.37304688 -0.09446716
v -0.48379517 -0.39682007 -0.07702637
v -0.48223877 -0.40618896 -0.08043671
v -0.48294067 -0.40490723 -0.08057404
v -0.47964478 -0.40621948 -0.09608459
v -0.47583008 -0.40634155 -0.12055206
v -0.47445679 -0.38049316 -0.13128662
v -0.46823120 -0.36584473 -0.16555786
v -0.46511841 -0.37719727 -0.18797302
v -0.46633911 -0.38055420 -0.18626404
v -0.46557617 -0.40634155 -0.18473816
v -0.45285034 -0.40643311 -0.20288086
v 0.24969482 0.18322754 -0.05928802
v 0.22744751 0.20246887 -0.01286125
v 0.27688599 0.15725708 0.00299907
v 0.23434448 0.19682312 -0.04706573
v 0.22705078 0.20214844 -0.05825043
v 0.28439331 0.15312195 -0.06114197
v 0.22332764 0.17173767 -0.12701416
v 0.25305176 0.17372131 -0.07189178
v 0.25637817 0.15484619 -0.10510254
v 0.26074219 0.15193176 -0.10446167
v 0.25732422 0.14131165 -0.13500977
v 0.31881714 0.12265015 -0.05744934
v 0.31808472 0.12265778 -0.06304932
v 0.29916382 0.13543701 -0.07106018
v 0.35626221 0.08956146 -0.06034851
v 0.27789307 0.15167236 -0.07536316
v 0.30844116 0.10964203 -0.10922241
v 0.33169556 0.08953094 -0.11015320
v 0.28802490 0.12937927 -0.10430145
v 0.26416016 0.14389038 -0.11624908
v 0.29290771 0.11747742 -0.12077332
v 0.27517700 0.11653900 -0.16058350
v 0.30844116 0.09052277 -0.15965271
v 0.29058838 0.09954834 -0.17254639
v 0.29235840 0.09712982 -0.17582703
v 0.32281494 0.04663849 -0.14517212
v 0.36730957 0.00467014 -0.06858063
v 0.31866455 0.01861191 -0.17018127
v 0.29815674 0.06561279 -0.19410706
v 0.28430176 0.08579254 -0.21719360
v 0.30130005 0.00664711 -0.21940613
v 0.28292847 0.10296631 -0.18022156
v 0.28860474 0.04147720 -0.22167969
v 0.25387573 0.06627655 -0.24581909
v 0.25424194 0.04522324 -0.25180054
v 0.24273682 0.07534027 -0.25271606
v 0.20570374 0.04195023 -0.29681396
v 0.17745972 0.08078766 -0.28204346
v 0.14411926 0.05424118 -0.32046509
v 0.23434448 0.08255768 -0.25021362
v 0.10993958 0.08359528 -0.31439209
v 0.09981537 0.06972504 -0.33197021
v 0.14442444 0.13221741 -0.24856567
v 0.24472046 0.10066986 -0.22737122
v 0.09493256 0.12189484 -0.28607178
v 0.08110809 0.08493042 -0.33062744
v 0.05436707 0.03397369 -0.35778809
v 0.03900528 0.05265045 -0.35165405
v 0.07479095 0.09400940 -0.32495117
v 0.02095413 0.08085632 -0.33801270
v 0.02595139 0.04384995 -0.35781860
v 0.06459808 0.12178040 -0.30310059
v -0.00283289 0.06379700 -0.34985352
v 0.06238556 0.14543152 -0.28152466
v -0.07582092 0.08058929 -0.33746338
v -0.13240051 0.02281380 -0.34381104
v -0.02323532 0.09109497 -0.32958984
v 0.05428696 0.17459106 -0.25375366
v 0.02605438 0.14640808 -0.27886963
v -0.03860092 0.12264252 -0.29968262
v -0.05752182 0.15844727 -0.26296997
v -0.05225372 0.12684631 -0.29534912
v -0.06307983 0.13568115 -0.28674316
v -0.05310440 0.12684631 -0.29534912
v -0.05395889 0.12684631 -0.29534912
v -0.11089325 0.12693787 -0.29452515
v -0.10518646 0.14201355 -0.27935791
v -0.01216698 0.16522217 -0.25784302
v -0.03263092 0.18476868 -0.23643494
v -0.11279297 0.13107300 -0.28762817
v -0.12727356 0.11312866 -0.29867554
v -0.11185455 0.16023254 -0.24867249
v -0.08978271 0.17791748 -0.24041748
v -0.11455536 0.18110657 -0.21571350
v -0.07884979 0.20120239 -0.21594238
v -0.12524414 0.08798981 -0.33078003
v -0.16607666 0.08475494 -0.30377197
v -0.14691162 0.05007553 -0.32604980
v -0.17076111 0.06346893 -0.30603027
v -0.13925171 0.00233245 -0.34484863
v -0.02746964 0.20137024 -0.21952820
v -0.00790596 0.18058777 -0.24249268
v 0.01768112 0.19506836 -0.23052979
v 0.01000309 0.18486023 -0.23994446
v 0.02535629 0.18827820 -0.23823547
v 0.04876709 0.20477295 -0.22410583
v -0.01683807 0.21118164 -0.16273499
v 0.04357910 0.21012878 -0.19514465
v 0.08760834 0.17031860 -0.23989868
v 0.08168793 0.20109558 -0.21009827
v 0.12344360 0.18986511 -0.19909668
v 0.11244202 0.20220947 -0.19123840
v 0.08334351 0.20866394 -0.16912842
v 0.07676697 0.21456909 -0.13539124
v 0.16949463 0.20033264 -0.16381836
v 0.08718872 0.22190857 -0.08934021
v 0.11945343 0.21594238 -0.06874847
v 0.17301941 0.20513916 -0.08596802
v 0.19451904 0.19868469 -0.11954498
v 0.18228149 0.19506836 -0.15122986
v 0.18733215 0.18182373 -0.17416382
v 0.16865540 0.16270447 -0.20414734
v 0.21331787 0.15594482 -0.18798828
v 0.18484497 0.14669800 -0.21237183
v 0.24732971 0.12406921 -0.20216370
v 0.25604248 0.11917114 -0.19557190
v 0.25564575 0.11883545 -0.19728088
v 0.25564575 0.11917114 -0.19642639
v 0.25573730 0.11908722 -0.19642639
v 0.25564575 0.11917114 -0.19642639
v 0.26074219 0.11658478 -0.19219971
v 0.10546112 -0.40640259 -0.00899029
v -0.01191330 -0.40646362 -0.01829720
v 0.01573181 -0.40646362 -0.09288788
v 0.10746002 -0.40640259 -0.09822845
v 0.02044868 -0.40652466 -0.18153381
v 0.13009644 -0.40643311 -0.18238831
v 0.21713257 -0.40649414 -0.12947083
v 0.11363220 -0.40646362 -0.26489258
v 0.23190308 -0.40646362 -0.20195007
v 0.20445251 -0.40649414 -0.30978394
v 0.27154541 -0.40658569 -0.24772644
v 0.08469391 -0.40640259 -0.39599609
v 0.32562256 -0.40652466 -0.28948975
v 0.22329712 -0.40643311 -0.37756348
v 0.30960083 -0.40646362 -0.37860107
v 0.33288574 -0.40643311 -0.36264038
v 0.35723877 -0.40618896 -0.34579468
v 0.32562256 -0.37554932 -0.36727905
v 0.35647583 -0.37655640 -0.34729004
v 0.35321045 -0.34140015 -0.34530640
v 0.31039429 -0.34130859 -0.37554932
v 0.33319092 -0.32351685 -0.34390259
v 0.29687500 -0.37796021 -0.38812256
v 0.28701782 -0.40631104 -0.39492798
v 0.26660156 -0.40612793 -0.41024780
v 0.25186157 -0.40615845 -0.42166138
v 0.27175903 -0.36868286 -0.40612793
v 0.26831055 -0.32531738 -0.39157104
v 0.29125977 -0.27737427 -0.33111572
v 0.24240112 -0.34161377 -0.42694092
v 0.23841858 -0.29946899 -0.38986206
v 0.23847961 -0.26303101 -0.35580444
v 0.26083374 -0.23709106 -0.31448364
v 0.21879578 -0.23754883 -0.34689331
v 0.25344849 -0.19972229 -0.31042480
v 0.21391296 -0.26367188 -0.37646484
v 0.22062683 -0.31069946 -0.41543579
v 0.19282532 -0.29437256 -0.42227173
v 0.17292786 -0.23669434 -0.38275146
v 0.17973328 -0.27481079 -0.41055298
v 0.12168884 -0.23728943 -0.39291382
v 0.20741272 -0.34100342 -0.45458984
v 0.17082214 -0.34100342 -0.46240234
v 0.17802429 -0.37289429 -0.46170044
v 0.20980835 -0.38073730 -0.45678711
v 0.17387390 -0.19764709 -0.37057495
v 0.13049316 -0.19441223 -0.38095093
v 0.22509766 -0.37689209 -0.44378662
v 0.21740723 -0.19966125 -0.33816528
v 0.21096802 -0.19955444 -0.35974121
v 0.22232056 -0.19920349 -0.34780884
v 0.28182983 -0.19880676 -0.29049683
v 0.24981689 -0.17070007 -0.31954956
v 0.22886658 -0.40621948 -0.43978882
v 0.18109131 -0.40649414 -0.43188477
v 0.20794678 -0.40609741 -0.45617676
v 0.16719055 -0.40615845 -0.46401978
v -0.01900482 0.23529053 -0.05277634
v -0.04480362 0.24887085 -0.03913116
v -0.00070488 0.24821472 -0.05749130
v -0.00246572 0.23348999 -0.06071472
v -0.05046844 0.21847534 -0.13784790
v -0.07102203 0.21815491 -0.11285400
v -0.01683807 0.21118164 -0.16273499
v -0.07884979 0.20120239 -0.21594238
v -0.09774017 0.20637512 -0.15676880
v -0.02746964 0.20137024 -0.21952820
v 0.00373173 0.21726990 -0.14010620
v 0.04357910 0.21012878 -0.19514465
v 0.00861931 0.23509216 -0.05654526
v 0.03114128 0.21821594 -0.14823914
v 0.04804230 0.22537231 -0.08874512
v 0.07676697 0.21456909 -0.13539124
v 0.08718872 0.22190857 -0.08934021
v 0.03133392 0.22323608 -0.11540222
v 0.03121185 0.23454285 -0.04710770
v 0.01769066 0.23445129 -0.05657578
v 0.01573181 -0.40646362 -0.09288788
v -0.01191330 -0.40646362 -0.01829720
v -0.07504272 -0.40643311 -0.06058502
v -0.07836151 -0.40646362 -0.17817688
v 0.02044868 -0.40652466 -0.18153381
v -0.07530975 -0.40643311 -0.30108643
v -0.14276123 -0.40652466 -0.29821777
v 0.00729704 -0.40655518 -0.25881958
v 0.11363220 -0.40646362 -0.26489258
v 0.00314474 -0.40649414 -0.34936523
v 0.08469391 -0.40640259 -0.39599609
v -0.11579132 -0.40643311 -0.39065552
v -0.19819641 -0.40646362 -0.41104126
v -0.01581192 -0.40652466 -0.45593262
v -0.11380005 -0.40649414 -0.45837402
v -0.15432739 -0.40631104 -0.46932983
v -0.18792725 -0.40631104 -0.46380615
v -0.19638062 -0.39749146 -0.45822144
v -0.18948364 -0.38015747 -0.46472168
v 0.22329712 -0.40643311 -0.37756348
v 0.18109131 -0.40649414 -0.43188477
v 0.10028076 -0.40643311 -0.47848511
v 0.13020325 -0.40618896 -0.47241211
v 0.16719055 -0.40615845 -0.46401978
v 0.20794678 -0.40609741 -0.45617676
v 0.12221527 -0.39111328 -0.47445679
v 0.20980835 -0.38073730 -0.45678711
v 0.17802429 -0.37289429 -0.46170044
v 0.14712524 -0.38052368 -0.46755981
v 0.17082214 -0.34100342 -0.46240234
v 0.10498047 -0.36621094 -0.47671509
v 0.06185913 -0.39141846 -0.48794556
v 0.06913757 -0.37380981 -0.48699951
v 0.05543137 -0.40621948 -0.48956299
v 0.02318382 -0.38275146 -0.49630737
v 0.05670166 -0.34048462 -0.48703003
v 0.10720825 -0.34124756 -0.47653198
v 0.01121044 -0.40637207 -0.50000000
v 0.01019192 -0.37396240 -0.49984741
v 0.01075745 -0.34118652 -0.49792480
v -0.00888252 -0.38867188 -0.49502563
v -0.01362133 -0.40579224 -0.49407959
v -0.06175995 -0.40640259 -0.48486328
v -0.04948425 -0.38497925 -0.48837280
v -0.10502625 -0.40625000 -0.47723389
v -0.04608917 -0.36715698 -0.48754883
v -0.08636475 -0.38583374 -0.48025513
v -0.12167358 -0.37762451 -0.47525024
v -0.16229248 -0.37362671 -0.46813965
v -0.12860107 -0.34085083 -0.47216797
v -0.18910217 -0.34124756 -0.46215820
v -0.20916748 -0.35586548 -0.44802856
v -0.06150436 -0.34109497 -0.48468018
v -0.16311646 -0.31927490 -0.44964600
v -0.07868958 -0.30044556 -0.45056152
v -0.17163086 -0.27392578 -0.41406250
v -0.18942261 -0.31677246 -0.43933105
v -0.07739258 -0.26980591 -0.42785645
v -0.01727867 -0.28512573 -0.45053101
v -0.02922440 -0.32092285 -0.47531128
v 0.00874138 -0.26870728 -0.44332886
v -0.13839722 -0.25524902 -0.40536499
v -0.15995789 -0.23706055 -0.38778687
v -0.16894531 -0.23684692 -0.38079834
v -0.15728760 -0.19947815 -0.37982178
v -0.09231567 -0.23710632 -0.39938354
v -0.10304260 -0.19984436 -0.38946533
v -0.07196808 -0.19970703 -0.39675903
v 0.00748587 -0.19577026 -0.40820312
v 0.00715733 -0.23724365 -0.41833496
v 0.01810265 -0.19985962 -0.40710449
v 0.03611374 -0.19935608 -0.41159058
v 0.07357788 -0.19967651 -0.39511108
v 0.08640289 -0.19903564 -0.39538574
v 0.13049316 -0.19441223 -0.38095093
v 0.12168884 -0.23728943 -0.39291382
v 0.05947495 -0.25183105 -0.41818237
v 0.01172638 -0.26458740 -0.43954468
v 0.04242325 -0.27481079 -0.44039917
v 0.02877045 -0.28082275 -0.44802856
v 0.10478973 -0.26544189 -0.41857910
v 0.17973328 -0.27481079 -0.41055298
v 0.04407883 -0.30804443 -0.46520996
v 0.19282532 -0.29437256 -0.42227173
v 0.02534294 -0.33630371 -0.49060059
v 0.10211945 -0.30807495 -0.45233154
v 0.15295410 -0.31747437 -0.44808960
v 0.15069580 -0.33810425 -0.46408081
v 0.13195801 -0.30810547 -0.44546509
v 0.13587952 -0.31820679 -0.45248413
v 0.12908936 -0.31054688 -0.44799805
v 0.13197327 -0.31066895 -0.44744873
v 0.12940979 -0.31066895 -0.44802856
v -0.21020508 -0.40649414 -0.13024902
v -0.13142395 -0.40643311 -0.08905792
v -0.18974304 -0.40646362 -0.01768875
v -0.07836151 -0.40646362 -0.17817688
v -0.07504272 -0.40643311 -0.06058502
v -0.17483521 -0.40652466 -0.19322205
v -0.14276123 -0.40652466 -0.29821777
v -0.23202515 -0.40652466 -0.27209473
v -0.19819641 -0.40646362 -0.41104126
v -0.29943848 -0.40646362 -0.18998718
v -0.25598145 -0.40646362 -0.05228806
v -0.28549194 -0.40640259 -0.35333252
v -0.18792725 -0.40631104 -0.46380615
v -0.21464539 -0.40628052 -0.44479370
v -0.19638062 -0.39749146 -0.45822144
v -0.23591614 -0.40634155 -0.42907715
v -0.26132202 -0.39352417 -0.41238403
v -0.26812744 -0.40628052 -0.40695190
v -0.22822571 -0.38348389 -0.43493652
v -0.18948364 -0.38015747 -0.46472168
v -0.20916748 -0.35586548 -0.44802856
v -0.23327637 -0.34088135 -0.43057251
v -0.18910217 -0.34124756 -0.46215820
v -0.18942261 -0.31677246 -0.43933105
v -0.26867676 -0.37030029 -0.40557861
v -0.27615356 -0.34170532 -0.40066528
v -0.28768921 -0.38485718 -0.39266968
v -0.29168701 -0.36389160 -0.38912964
v -0.30126953 -0.40625000 -0.38351440
v -0.31246948 -0.37292480 -0.37652588
v -0.23217773 -0.30474854 -0.39764404
v -0.17163086 -0.27392578 -0.41406250
v -0.32870483 -0.40628052 -0.36584473
v -0.33703613 -0.37591553 -0.36068726
v -0.22625732 -0.26373291 -0.36532593
v -0.16894531 -0.23684692 -0.38079834
v -0.35430908 -0.40631104 -0.34988403
v -0.24411011 -0.26123047 -0.34991455
v -0.27343750 -0.30358887 -0.36743164
v -0.26446533 -0.23635864 -0.31265259
v -0.36611938 -0.40643311 -0.33181763
v -0.35681152 -0.37899780 -0.34677124
v -0.36965942 -0.38186646 -0.32528687
v -0.35345459 -0.34948730 -0.34707642
v -0.37240601 -0.34112549 -0.31735229
v -0.35354614 -0.34109497 -0.34582520
v -0.32638550 -0.34082031 -0.36416626
v -0.33770752 -0.31079102 -0.32974243
v -0.30895996 -0.28509521 -0.32662964
v -0.31066895 -0.28576660 -0.32604980
v -0.31582642 -0.26739502 -0.30642700
v -0.30981445 -0.28509521 -0.32604980
v -0.30981445 -0.28524780 -0.32620239
v -0.30981445 -0.28509521 -0.32604980
v -0.29055786 -0.27465820 -0.33013916
v 0.36230469 -0.08669281 -0.12541199
v 0.36041260 -0.07019806 -0.12046051
v 0.37765503 -0.11542511 -0.10407257
v 0.34338379 -0.02838898 -0.13838196
v 0.36730957 0.00467014 -0.06858063
v 0.35183716 -0.11495972 -0.16438293
v 0.31866455 0.01861191 -0.17018127
v 0.35357666 -0.08306885 -0.14353943
v 0.32382202 -0.03691101 -0.18959045
v 0.32687378 -0.11425018 -0.22824097
v 0.30718994 -0.02572250 -0.22326660
v 0.30130005 0.00664711 -0.21940613
v 0.38696289 -0.14286804 -0.13838196
v 0.29574585 -0.03775024 -0.23652649
v 0.25839233 -0.03549194 -0.27233887
v 0.28860474 0.04147720 -0.22167969
v 0.25424194 0.04522324 -0.25180054
v 0.34912109 -0.13150024 -0.20239258
v 0.33395386 -0.12783813 -0.23263550
v 0.35070801 -0.14372253 -0.21968079
v 0.35635376 -0.17105103 -0.20365906
v 0.38479614 -0.17398071 -0.14181519
v 0.34182739 -0.14337158 -0.23825073
v 0.33834839 -0.14010620 -0.23924255
v 0.33749390 -0.14010620 -0.23992920
v 0.33663940 -0.13929749 -0.23992920
v 0.32189941 -0.14299011 -0.25546265
v 0.33749390 -0.14010620 -0.23992920
v 0.33834839 -0.14010620 -0.23924255
v 0.34182739 -0.14337158 -0.23825073
v 0.31948853 -0.15118408 -0.25686646
v 0.30743408 -0.19801331 -0.26705933
v 0.26571655 -0.14225769 -0.30532837
v 0.29266357 -0.19210815 -0.28021240
v 0.24981689 -0.17070007 -0.31954956
v 0.22232056 -0.19920349 -0.34780884
v 0.26556396 -0.12742615 -0.29513550
v 0.21107483 -0.14244080 -0.35977173
v 0.21096802 -0.19955444 -0.35974121
v 0.17387390 -0.19764709 -0.37057495
v 0.13049316 -0.19441223 -0.38095093
v 0.12838745 -0.14334106 -0.38204956
v 0.17517090 -0.12559509 -0.36096191
v 0.28460693 -0.11410522 -0.26464844
v 0.24499512 -0.11398315 -0.30194092
v 0.20509338 -0.11407471 -0.34588623
v 0.24024963 -0.07273102 -0.29873657
v 0.22239685 -0.08721924 -0.32095337
v 0.21820068 -0.03074646 -0.31280518
v 0.23429871 -0.00705528 -0.28936768
v 0.24276733 0.02703667 -0.26885986
v 0.20570374 0.04195023 -0.29681396
v 0.20181274 -0.05763626 -0.33703613
v 0.19976807 -0.00217366 -0.32153320
v 0.20190430 -0.02496147 -0.32720947
v 0.20104980 -0.02410889 -0.32775879
v 0.20104980 -0.02453613 -0.32785034
v 0.20104980 -0.02410889 -0.32775879
v 0.20021057 -0.02496147 -0.32861328
v 0.17463684 -0.04872513 -0.34255981
v 0.18138123 0.02960968 -0.31582642
v 0.14411926 0.05424118 -0.32046509
v 0.17631531 0.00318289 -0.32690430
v 0.12437439 -0.00198436 -0.34558105
v 0.09981537 0.06972504 -0.33197021
v 0.13658142 -0.04460526 -0.35226440
v 0.10561371 -0.06232071 -0.36523438
v 0.16955566 -0.11196899 -0.35437012
v 0.12922668 -0.11398315 -0.36569214
v 0.08787537 -0.12747192 -0.38821411
v 0.21713257 -0.40649414 -0.12947083
v 0.20114136 -0.40646362 -0.05314636
v 0.10746002 -0.40640259 -0.09822845
v -0.36206055 -0.11564636 -0.15975952
v -0.37023926 -0.12808228 -0.16783142
v -0.38674927 -0.11566162 -0.12158966
v -0.33206177 -0.11515045 -0.20663452
v -0.33453369 -0.10940552 -0.20068359
v -0.36453247 -0.14424133 -0.20074463
v -0.40521240 -0.13566589 -0.12826538
v -0.31222534 -0.14396667 -0.29000854
v -0.29254150 -0.11483765 -0.27175903
v -0.39953613 -0.14379883 -0.14906311
v -0.38562012 -0.17298889 -0.16816711
v -0.40447998 -0.17187500 -0.14184570
v -0.36126709 -0.16418457 -0.20445251
v -0.33023071 -0.19934082 -0.25677490
v -0.37130737 -0.19938660 -0.19058228
v -0.35055542 -0.19938660 -0.22381592
v -0.38162231 -0.19950867 -0.17459106
v -0.39660645 -0.19958496 -0.15251160
v -0.40234375 -0.19903564 -0.14448547
v -0.32971191 0.06994629 -0.13626099
v -0.32492065 0.00643444 -0.16816711
v -0.35882568 0.02654839 -0.10764313
v -0.29437256 0.05215836 -0.20101929
v -0.37152100 -0.03809357 -0.11428070
v -0.29266357 0.01108837 -0.22015381
v -0.28506470 0.05442429 -0.21685791
v -0.26885986 0.04795837 -0.24830627
v -0.29800415 -0.03221512 -0.22944641
v -0.27078247 0.02543259 -0.25305176
v -0.23706055 0.01410675 -0.27642822
v -0.33038330 -0.04611206 -0.18228149
v -0.34820557 -0.10086823 -0.17596436
v -0.36206055 -0.11564636 -0.15975952
v -0.33795166 -0.10343170 -0.19300842
v -0.33453369 -0.10940552 -0.20068359
v -0.29965210 -0.07695770 -0.24594116
v -0.33206177 -0.11515045 -0.20663452
v -0.28289795 -0.05003357 -0.26272583
v -0.29254150 -0.11483765 -0.27175903
v -0.19303894 0.06613922 -0.29122925
v -0.18952942 0.00402403 -0.30981445
v -0.21856689 -0.02240372 -0.29769897
v -0.18197632 -0.01794052 -0.32141113
v -0.17076111 0.06346893 -0.30603027
v -0.23747253 -0.01810265 -0.28430176
v -0.25442505 -0.06418610 -0.28518677
v -0.21856689 -0.02325630 -0.29791260
v -0.26467896 -0.08818817 -0.28436279
v -0.21835327 -0.02304268 -0.29800415
v -0.23556519 -0.05903625 -0.29611206
v -0.27987671 -0.11557770 -0.28033447
v -0.20487976 -0.08700562 -0.32406616
v -0.21771240 -0.02325630 -0.29849243
v -0.21856689 -0.02325630 -0.29791260
v -0.14691162 0.05007553 -0.32604980
v -0.13925171 0.00233245 -0.34484863
v -0.15632629 -0.05961227 -0.35073853
v -0.17083740 -0.07526398 -0.34487915
v -0.19122314 -0.11528015 -0.34088135
v -0.14869690 -0.11498260 -0.37066650
v -0.15843201 -0.14089966 -0.38919067
v -0.26104736 -0.12672424 -0.30514526
v -0.20172119 -0.12722778 -0.34567261
v -0.20675659 -0.14144897 -0.35507202
v -0.27984619 -0.14320374 -0.30828857
v -0.31222534 -0.14396667 -0.29000854
v -0.28912354 -0.19946289 -0.30291748
v -0.25027466 -0.19924927 -0.32693481
v -0.19120789 -0.17195129 -0.36508179
v -0.21647644 -0.19921875 -0.34814453
v -0.18731689 -0.19941711 -0.36819458
v 0.23190308 -0.40646362 -0.20195007
v 0.33432007 -0.40652466 -0.15994263
v 0.21713257 -0.40649414 -0.12947083
v 0.13009644 -0.40643311 -0.18238831
v 0.27154541 -0.40658569 -0.24772644
v 0.32562256 -0.40652466 -0.28948975
v 0.40438843 -0.40655518 -0.21701050
v 0.46255493 -0.40618896 -0.19122314
v 0.44750977 -0.40640259 -0.21139526
v 0.42050171 -0.40637207 -0.24888611
v 0.46368408 -0.38067627 -0.18984985
v 0.39480591 -0.40640259 -0.28613281
v 0.37683105 -0.40625000 -0.31481934
v 0.35723877 -0.40618896 -0.34579468
v 0.42257690 -0.36639404 -0.24472046
v 0.40264893 -0.37689209 -0.27526855
v 0.43634033 -0.34130859 -0.22340393
v 0.45858765 -0.35586548 -0.19386292
v 0.46105957 -0.34130859 -0.18856812
v 0.38357544 -0.38690186 -0.30407715
v 0.37161255 -0.37634277 -0.32263184
v 0.35647583 -0.37655640 -0.34729004
v 0.35321045 -0.34140015 -0.34530640
v 0.37158203 -0.37548828 -0.32266235
v 0.39483643 -0.34149170 -0.28341675
v 0.44549561 -0.31903076 -0.18183899
v 0.41000366 -0.32769775 -0.24339294
v 0.40917969 -0.30981445 -0.22117615
v 0.38601685 -0.28665161 -0.22337341
v 0.41256714 -0.30468750 -0.21006775
v 0.41171265 -0.30041504 -0.20582581
v 0.41256714 -0.28680420 -0.18618774
v 0.42852783 -0.29476929 -0.17338562
v 0.40957642 -0.26626587 -0.16380310
v 0.38873291 -0.26882935 -0.19647217
v 0.38839722 -0.23703003 -0.15328979
v 0.37759399 -0.31066895 -0.26806641
v 0.35800171 -0.28930664 -0.26980591
v 0.37158203 -0.31835938 -0.28765869
v 0.34518433 -0.27658081 -0.27233887
v 0.33737183 -0.24853516 -0.24409485
v 0.36651611 -0.23985291 -0.18875122
v 0.37228394 -0.23651123 -0.17578125
v 0.35192871 -0.23593140 -0.20613098
v 0.36398315 -0.23048401 -0.18621826
v 0.35131836 -0.19982910 -0.19296265
v 0.38110352 -0.19947815 -0.15036011
v 0.35748291 -0.19946289 -0.20138550
v 0.35635376 -0.17105103 -0.20365906
v 0.38479614 -0.17398071 -0.14181519
v 0.34033203 -0.19935608 -0.23886108
v 0.34182739 -0.14337158 -0.23825073
v 0.30743408 -0.19801331 -0.26705933
v 0.31796265 -0.19972229 -0.24479675
v 0.29266357 -0.19210815 -0.28021240
v 0.29736328 -0.23715210 -0.28961182
v 0.28182983 -0.19880676 -0.29049683
v 0.24981689 -0.17070007 -0.31954956
v 0.25344849 -0.19972229 -0.31042480
v 0.26083374 -0.23709106 -0.31448364
v 0.29125977 -0.27737427 -0.33111572
v 0.32315063 -0.27444458 -0.30987549
v 0.32925415 -0.25439453 -0.26550293
v 0.33319092 -0.32351685 -0.34390259
v 0.34436035 -0.29003906 -0.29220581
v 0.34265137 -0.31808472 -0.33343506
v 0.33322144 -0.27404785 -0.28903198
v 0.34518433 -0.31152344 -0.32095337
v 0.33499146 -0.29699707 -0.31927490
v 0.33834839 -0.28601074 -0.29705811
v 0.33755493 -0.28503418 -0.29705811
v 0.33694458 -0.28424072 -0.29705811
v 0.33731079 -0.28326416 -0.29498291
v 0.33645630 -0.28363037 -0.29705811
v 0.33535767 -0.28216553 -0.29705811
v 0.33834839 -0.28594971 -0.29693604
v 0.33834839 -0.28543091 -0.29620361
v 0.33834839 -0.28497314 -0.29553223
v 0.33834839 -0.28430176 -0.29449463
v 0.33834839 -0.28424072 -0.29443359
v 0.33834839 -0.28353882 -0.29342651
v 0.33831787 -0.28170776 -0.29067993
v 0.33813477 -0.28167725 -0.29110718
v 0.33767700 -0.28167725 -0.29196167
v 0.33749390 -0.28167725 -0.29223633
v 0.33718872 -0.28167725 -0.29278564
v 0.33673096 -0.28167725 -0.29364014
v 0.33663940 -0.28167725 -0.29379272
v 0.33578491 -0.28170776 -0.29550171
v 0.33541870 -0.28167725 -0.29620361
v -0.38162231 -0.19950867 -0.17459106
v -0.38229370 -0.19975281 -0.14926147
v -0.39660645 -0.19958496 -0.15251160
v -0.37356567 -0.19970703 -0.16188049
v -0.36062622 -0.19960022 -0.18087769
v -0.37130737 -0.19938660 -0.19058228
v -0.36480713 -0.21080017 -0.17845154
v -0.36270142 -0.20150757 -0.17819214
v -0.36270142 -0.20236206 -0.17851257
v -0.36236572 -0.20321655 -0.17936707
v -0.35510254 -0.23699951 -0.20329285
v -0.38980103 -0.23670959 -0.15255737
v -0.34063721 -0.19967651 -0.21136475
v -0.35055542 -0.19938660 -0.22381592
v -0.33023071 -0.19934082 -0.25677490
v -0.36126709 -0.16418457 -0.20445251
v -0.31707764 -0.19976807 -0.24732971
v -0.31115723 -0.19953918 -0.28976440
v -0.31222534 -0.14396667 -0.29000854
v -0.28912354 -0.19946289 -0.30291748
v -0.29302979 -0.19961548 -0.28375244
v -0.29864502 -0.23663330 -0.28912354
v -0.26361084 -0.19964600 -0.30368042
v -0.25027466 -0.19924927 -0.32693481
v -0.27984619 -0.14320374 -0.30828857
v -0.26446533 -0.23635864 -0.31265259
v -0.22425842 -0.19952393 -0.33166504
v -0.21647644 -0.19921875 -0.34814453
v -0.20675659 -0.14144897 -0.35507202
v -0.22537231 -0.21771240 -0.33541870
v -0.18731689 -0.19941711 -0.36819458
v -0.19120789 -0.17195129 -0.36508179
v -0.20666504 -0.21266174 -0.34747314
v -0.18414307 -0.19963074 -0.35995483
v -0.15728760 -0.19947815 -0.37982178
v -0.16894531 -0.23684692 -0.38079834
v -0.29254150 -0.24046326 -0.29696655
v -0.31582642 -0.26739502 -0.30642700
v -0.34823608 -0.27822876 -0.27066040
v -0.34478760 -0.25524902 -0.24418640
v -0.34814453 -0.31582642 -0.32003784
v -0.33770752 -0.31079102 -0.32974243
v -0.35354614 -0.34109497 -0.34582520
v -0.37240601 -0.34112549 -0.31735229
v -0.35671997 -0.24244690 -0.20835876
v -0.37542725 -0.31002808 -0.27120972
v -0.36013794 -0.26800537 -0.23822021
v -0.40621948 -0.28677368 -0.19644165
v -0.41439819 -0.27041626 -0.16348267
v -0.43399048 -0.29995728 -0.17387390
v -0.37548828 -0.26718140 -0.21434021
v -0.37463379 -0.27145386 -0.22114563
v -0.42639160 -0.31378174 -0.20236206
v -0.46325684 -0.34127808 -0.18737793
v -0.39562988 -0.29852295 -0.22639465
v -0.41876221 -0.34155273 -0.25030518
v -0.39337158 -0.33285522 -0.27572632
v -0.38803101 -0.37606812 -0.29467773
v -0.36965942 -0.38186646 -0.32528687
v -0.35681152 -0.37899780 -0.34677124
v -0.38919067 -0.40655518 -0.24169922
v -0.35525513 -0.40646362 -0.11889648
v -0.46923828 -0.40655518 -0.15950012
v -0.45285034 -0.40643311 -0.20288086
v -0.38638306 -0.40631104 -0.29898071
v -0.38803101 -0.37606812 -0.29467773
v -0.41381836 -0.40640259 -0.25833130
v -0.41021729 -0.38882446 -0.26385498
v -0.43005371 -0.37792969 -0.23423767
v -0.42156982 -0.40283203 -0.24761963
v -0.41876221 -0.34155273 -0.25030518
v -0.43710327 -0.40640259 -0.22561646
v -0.46511841 -0.37719727 -0.18797302
v -0.44195557 -0.35729980 -0.21690369
v -0.46325684 -0.34127808 -0.18737793
v -0.08978271 0.17791748 -0.24041748
v -0.11455536 0.18110657 -0.21571350
v -0.07884979 0.20120239 -0.21594238
v -0.18197632 -0.01794052 -0.32141113
v -0.17076111 0.06346893 -0.30603027
v -0.14691162 0.05007553 -0.32604980
v 0.09981537 0.06972504 -0.33197021
v 0.12437439 -0.00198436 -0.34558105
v 0.05436707 0.03397369 -0.35778809
v 0.07064819 -0.02892685 -0.36965942
v 0.13658142 -0.04460526 -0.35226440
v 0.04185867 -0.03233337 -0.37985229
v 0.10561371 -0.06232071 -0.36523438
v 0.02595139 0.04384995 -0.35781860
v 0.03900528 0.05265045 -0.35165405
v -0.01740456 0.00806141 -0.36151123
v -0.00283289 0.06379700 -0.34985352
v -0.07420349 -0.01103020 -0.35830688
v -0.13240051 0.02281380 -0.34381104
v 0.05438232 -0.06975555 -0.38336182
v 0.03994370 -0.08244324 -0.39068604
v 0.07981873 -0.11473846 -0.38204956
v 0.12922668 -0.11398315 -0.36569214
v 0.03921127 -0.11449432 -0.39682007
v 0.08787537 -0.12747192 -0.38821411
v -0.01899529 -0.05736542 -0.37640381
v -0.13684082 -0.00612831 -0.34933472
v -0.13925171 0.00233245 -0.34484863
v -0.15632629 -0.05961227 -0.35073853
v -0.14181519 -0.05276871 -0.35885620
v -0.14869690 -0.11498260 -0.37066650
v -0.17083740 -0.07526398 -0.34487915
v -0.09033203 -0.11351776 -0.37786865
v -0.09197998 -0.14010620 -0.39593506
v -0.15843201 -0.14089966 -0.38919067
v -0.02667046 -0.13325500 -0.39944458
v 0.04011536 -0.12892151 -0.40493774
v 0.03675461 -0.14212036 -0.41226196
v -0.10028839 -0.16070557 -0.39456177
v -0.15792847 -0.19937134 -0.38934326
v -0.18731689 -0.19941711 -0.36819458
v -0.15728760 -0.19947815 -0.37982178
v -0.10304260 -0.19984436 -0.38946533
v -0.07196808 -0.19970703 -0.39675903
v 0.02197075 -0.16697693 -0.40942383
v 0.00748587 -0.19577026 -0.40820312
v 0.03611374 -0.19935608 -0.41159058
v 0.06435394 -0.14270020 -0.40280151
v 0.07905579 -0.15629578 -0.39761353
v 0.08640289 -0.19903564 -0.39538574
v 0.12838745 -0.14334106 -0.38204956
v 0.17517090 -0.12559509 -0.36096191
v 0.13049316 -0.19441223 -0.38095093
v 0.33749390 -0.14010620 -0.23992920
v 0.33834839 -0.14010620 -0.23924255
v 0.33749390 -0.13989258 -0.23974609
v 0.33663940 -0.13929749 -0.23992920

# 1966 UV coordinates
vt 0.77539062 0.57568359 0.00000000
vt 0.77319336 0.58618164 0.00000000
vt 0.77148438 0.58715820 0.00000000
vt 0.76757812 0.60180664 0.00000000
vt 0.76904297 0.57983398 0.00000000
vt 0.78369141 0.58666992 0.00000000
vt 0.78491211 0.59252930 0.00000000
vt 0.78344727 0.57861328 0.00000000
vt 0.79516602 0.59155273 0.00000000
vt 0.80200195 0.58544922 0.00000000
vt 0.79809570 0.60034180 0.00000000
vt 0.76416016 0.57128906 0.00000000
vt 0.79296875 0.58154297 0.00000000
vt 0.80468750 0.58593750 0.00000000
vt 0.80004883 0.56054688 0.00000000
vt 0.81518555 0.58959961 0.00000000
vt 0.82080078 0.59716797 0.00000000
vt 0.78125000 0.60644531 0.00000000
vt 0.81005859 0.60034180 0.00000000
vt 0.80517578 0.61425781 0.00000000
vt 0.81567383 0.61157227 0.00000000
vt 0.82666016 0.59375000 0.00000000
vt 0.76586914 0.61157227 0.00000000
vt 0.82519531 0.60766602 0.00000000
vt 0.83911133 0.57983398 0.00000000
vt 0.84204102 0.59960938 0.00000000
vt 0.84545898 0.60083008 0.00000000
vt 0.83715820 0.61328125 0.00000000
vt 0.85498047 0.60498047 0.00000000
vt 0.85107422 0.60986328 0.00000000
vt 0.86499023 0.60791016 0.00000000
vt 0.86743164 0.57006836 0.00000000
vt 0.84912109 0.62646484 0.00000000
vt 0.86181641 0.62353516 0.00000000
vt 0.83056641 0.52416992 0.00000000
vt 0.84399414 0.50610352 0.00000000
vt 0.82788086 0.62133789 0.00000000
vt 0.78833008 0.52758789 0.00000000
vt 0.84448242 0.63623047 0.00000000
vt 0.83251953 0.62866211 0.00000000
vt 0.81762695 0.63452148 0.00000000
vt 0.83813477 0.65087891 0.00000000
vt 0.75439453 0.55126953 0.00000000
vt 0.77636719 0.50146484 0.00000000
vt 0.80395508 0.67089844 0.00000000
vt 0.83007812 0.66894531 0.00000000
vt 0.82543945 0.67797852 0.00000000
vt 0.81958008 0.69287109 0.00000000
vt 0.80004883 0.68627930 0.00000000
vt 0.77416992 0.66137695 0.00000000
vt 0.75952148 0.64404297 0.00000000
vt 0.79736328 0.63354492 0.00000000
vt 0.77587891 0.62060547 0.00000000
vt 0.76342773 0.62231445 0.00000000
vt 0.75903320 0.62377930 0.00000000
vt 0.74194336 0.62158203 0.00000000
vt 0.71704102 0.61743164 0.00000000
vt 0.73876953 0.60449219 0.00000000
vt 0.76220703 0.60693359 0.00000000
vt 0.76269531 0.60156250 0.00000000
vt 0.75634766 0.59814453 0.00000000
vt 0.72192383 0.58666992 0.00000000
vt 0.70581055 0.60229492 0.00000000
vt 0.68554688 0.59252930 0.00000000
vt 0.68676758 0.57836914 0.00000000
vt 0.73657227 0.58496094 0.00000000
vt 0.71093750 0.57324219 0.00000000
vt 0.69018555 0.57128906 0.00000000
vt 0.73046875 0.57519531 0.00000000
vt 0.74877930 0.58129883 0.00000000
vt 0.70483398 0.56518555 0.00000000
vt 0.70532227 0.55834961 0.00000000
vt 0.73999023 0.57006836 0.00000000
vt 0.74658203 0.56445312 0.00000000
vt 0.72119141 0.55541992 0.00000000
vt 0.67285156 0.53906250 0.00000000
vt 0.73632812 0.56054688 0.00000000
vt 0.73339844 0.51196289 0.00000000
vt 0.70532227 0.50292969 0.00000000
vt 0.74804688 0.48046875 0.00000000
vt 0.78247070 0.45141602 0.00000000
vt 0.80322266 0.47387695 0.00000000
vt 0.81396484 0.43164062 0.00000000
vt 0.85571289 0.48706055 0.00000000
vt 0.83520508 0.43920898 0.00000000
vt 0.79272461 0.39038086 0.00000000
vt 0.83105469 0.39721680 0.00000000
vt 0.55493164 0.69311523 0.00000000
vt 0.54736328 0.68554688 0.00000000
vt 0.55810547 0.68481445 0.00000000
vt 0.58618164 0.66845703 0.00000000
vt 0.55517578 0.68310547 0.00000000
vt 0.55615234 0.67236328 0.00000000
vt 0.56811523 0.66894531 0.00000000
vt 0.57202148 0.65234375 0.00000000
vt 0.54736328 0.66430664 0.00000000
vt 0.53198242 0.67773438 0.00000000
vt 0.55395508 0.66528320 0.00000000
vt 0.53613281 0.66723633 0.00000000
vt 0.54248047 0.64941406 0.00000000
vt 0.55688477 0.65478516 0.00000000
vt 0.51953125 0.67285156 0.00000000
vt 0.52587891 0.66430664 0.00000000
vt 0.53417969 0.64501953 0.00000000
vt 0.52490234 0.64843750 0.00000000
vt 0.52197266 0.65942383 0.00000000
vt 0.49609375 0.66162109 0.00000000
vt 0.50732422 0.67651367 0.00000000
vt 0.51220703 0.64697266 0.00000000
vt 0.52734375 0.62817383 0.00000000
vt 0.54663086 0.62890625 0.00000000
vt 0.50585938 0.63964844 0.00000000
vt 0.48022461 0.65478516 0.00000000
vt 0.50805664 0.63916016 0.00000000
vt 0.50732422 0.63916016 0.00000000
vt 0.49877930 0.63623047 0.00000000
vt 0.48071289 0.63159180 0.00000000
vt 0.51171875 0.62646484 0.00000000
vt 0.49511719 0.60766602 0.00000000
vt 0.51513672 0.61010742 0.00000000
vt 0.50634766 0.61352539 0.00000000
vt 0.53588867 0.61572266 0.00000000
vt 0.51831055 0.59301758 0.00000000
vt 0.53247070 0.60083008 0.00000000
vt 0.50341797 0.59057617 0.00000000
vt 0.49340820 0.59399414 0.00000000
vt 0.52392578 0.59448242 0.00000000
vt 0.52099609 0.59130859 0.00000000
vt 0.53466797 0.59790039 0.00000000
vt 0.54833984 0.60107422 0.00000000
vt 0.55053711 0.61547852 0.00000000
vt 0.55517578 0.58984375 0.00000000
vt 0.56079102 0.61987305 0.00000000
vt 0.55517578 0.60327148 0.00000000
vt 0.56323242 0.62866211 0.00000000
vt 0.57470703 0.63525391 0.00000000
vt 0.60327148 0.61767578 0.00000000
vt 0.57666016 0.62377930 0.00000000
vt 0.56591797 0.60815430 0.00000000
vt 0.57861328 0.60961914 0.00000000
vt 0.56738281 0.60473633 0.00000000
vt 0.56030273 0.60229492 0.00000000
vt 0.57055664 0.59008789 0.00000000
vt 0.58129883 0.60229492 0.00000000
vt 0.59936523 0.59155273 0.00000000
vt 0.58740234 0.59106445 0.00000000
vt 0.57543945 0.58129883 0.00000000
vt 0.59277344 0.58178711 0.00000000
vt 0.62231445 0.57128906 0.00000000
vt 0.56738281 0.56860352 0.00000000
vt 0.58398438 0.57080078 0.00000000
vt 0.60156250 0.56738281 0.00000000
vt 0.55200195 0.55883789 0.00000000
vt 0.58862305 0.56054688 0.00000000
vt 0.57836914 0.55004883 0.00000000
vt 0.58691406 0.54809570 0.00000000
vt 0.58886719 0.53125000 0.00000000
vt 0.60522461 0.53662109 0.00000000
vt 0.60864258 0.55249023 0.00000000
vt 0.61328125 0.53979492 0.00000000
vt 0.60937500 0.52026367 0.00000000
vt 0.63989258 0.53540039 0.00000000
vt 0.64404297 0.59326172 0.00000000
vt 0.64038086 0.64355469 0.00000000
vt 0.68188477 0.60766602 0.00000000
vt 0.67919922 0.58251953 0.00000000
vt 0.71044922 0.63281250 0.00000000
vt 0.60742188 0.67871094 0.00000000
vt 0.58837891 0.70068359 0.00000000
vt 0.64062500 0.68798828 0.00000000
vt 0.62133789 0.69897461 0.00000000
vt 0.67089844 0.66406250 0.00000000
vt 0.68481445 0.69580078 0.00000000
vt 0.74218750 0.65576172 0.00000000
vt 0.71875000 0.70947266 0.00000000
vt 0.30737305 0.01757812 0.00000000
vt 0.30419922 0.02954102 0.00000000
vt 0.30078125 0.00732422 0.00000000
vt 0.29199219 0.00952148 0.00000000
vt 0.31909180 0.02734375 0.00000000
vt 0.31616211 0.00366211 0.00000000
vt 0.29199219 0.02441406 0.00000000
vt 0.27807617 0.01416016 0.00000000
vt 0.26025391 0.02026367 0.00000000
vt 0.28295898 0.04785156 0.00000000
vt 0.26708984 0.03564453 0.00000000
vt 0.25122070 0.02270508 0.00000000
vt 0.25366211 0.03833008 0.00000000
vt 0.23657227 0.02563477 0.00000000
vt 0.26147461 0.05078125 0.00000000
vt 0.30786133 0.05102539 0.00000000
vt 0.27612305 0.06420898 0.00000000
vt 0.28759766 0.07519531 0.00000000
vt 0.27221680 0.06909180 0.00000000
vt 0.27612305 0.08789062 0.00000000
vt 0.26000977 0.07788086 0.00000000
vt 0.25732422 0.06152344 0.00000000
vt 0.25439453 0.08935547 0.00000000
vt 0.24462891 0.07641602 0.00000000
vt 0.24169922 0.05786133 0.00000000
vt 0.23901367 0.04199219 0.00000000
vt 0.22973633 0.04370117 0.00000000
vt 0.22705078 0.03173828 0.00000000
vt 0.23217773 0.05615234 0.00000000
vt 0.20849609 0.03491211 0.00000000
vt 0.23413086 0.07080078 0.00000000
vt 0.23583984 0.08422852 0.00000000
vt 0.22119141 0.06665039 0.00000000
vt 0.32714844 0.01074219 0.00000000
vt 0.32592773 0.00195312 0.00000000
vt 0.35351562 0.01293945 0.00000000
vt 0.32934570 0.02392578 0.00000000
vt 0.32421875 0.03710938 0.00000000
vt 0.32421875 0.05346680 0.00000000
vt 0.33178711 0.03808594 0.00000000
vt 0.33349609 0.04956055 0.00000000
vt 0.34570312 0.05004883 0.00000000
vt 0.33569336 0.06225586 0.00000000
vt 0.32348633 0.06713867 0.00000000
vt 0.36523438 0.03002930 0.00000000
vt 0.40356445 0.00000000 0.00000000
vt 0.33764648 0.07397461 0.00000000
vt 0.41967773 0.01367188 0.00000000
vt 0.35717773 0.06933594 0.00000000
vt 0.34204102 0.08764648 0.00000000
vt 0.33862305 0.08129883 0.00000000
vt 0.39575195 0.05029297 0.00000000
vt 0.36840820 0.09204102 0.00000000
vt 0.41406250 0.05175781 0.00000000
vt 0.32788086 0.08349609 0.00000000
vt 0.44140625 0.03027344 0.00000000
vt 0.44018555 0.06250000 0.00000000
vt 0.46655273 0.00048828 0.00000000
vt 0.47558594 0.03417969 0.00000000
vt 0.50659180 0.00195312 0.00000000
vt 0.53051758 0.01123047 0.00000000
vt 0.32006836 0.07397461 0.00000000
vt 0.31079102 0.07055664 0.00000000
vt 0.31323242 0.08496094 0.00000000
vt 0.31591797 0.05810547 0.00000000
vt 0.29541016 0.08618164 0.00000000
vt 0.33129883 0.83666992 0.00000000
vt 0.31567383 0.84106445 0.00000000
vt 0.30493164 0.83154297 0.00000000
vt 0.34667969 0.85961914 0.00000000
vt 0.31347656 0.85937500 0.00000000
vt 0.35083008 0.84667969 0.00000000
vt 0.35522461 0.86791992 0.00000000
vt 0.34326172 0.87939453 0.00000000
vt 0.35644531 0.86621094 0.00000000
vt 0.36596680 0.86987305 0.00000000
vt 0.40454102 0.85888672 0.00000000
vt 0.40209961 0.84643555 0.00000000
vt 0.34228516 0.89526367 0.00000000
vt 0.32592773 0.89599609 0.00000000
vt 0.34448242 0.90625000 0.00000000
vt 0.36889648 0.89306641 0.00000000
vt 0.42529297 0.85083008 0.00000000
vt 0.38891602 0.87866211 0.00000000
vt 0.44067383 0.86157227 0.00000000
vt 0.41137695 0.87939453 0.00000000
vt 0.47045898 0.85839844 0.00000000
vt 0.43579102 0.87133789 0.00000000
vt 0.39599609 0.90136719 0.00000000
vt 0.35498047 0.91284180 0.00000000
vt 0.33569336 0.92065430 0.00000000
vt 0.34570312 0.93896484 0.00000000
vt 0.37207031 0.93725586 0.00000000
vt 0.41040039 0.89697266 0.00000000
vt 0.44482422 0.88354492 0.00000000
vt 0.41870117 0.92602539 0.00000000
vt 0.46826172 0.87524414 0.00000000
vt 0.50463867 0.86499023 0.00000000
vt 0.49658203 0.85229492 0.00000000
vt 0.48193359 0.88745117 0.00000000
vt 0.43603516 0.90502930 0.00000000
vt 0.51586914 0.89746094 0.00000000
vt 0.46582031 0.91406250 0.00000000
vt 0.48657227 0.89526367 0.00000000
vt 0.48022461 0.93847656 0.00000000
vt 0.42749023 0.94531250 0.00000000
vt 0.51684570 0.91674805 0.00000000
vt 0.52954102 0.93139648 0.00000000
vt 0.52807617 0.94482422 0.00000000
vt 0.49877930 0.94238281 0.00000000
vt 0.49047852 0.94165039 0.00000000
vt 0.49145508 0.97802734 0.00000000
vt 0.46264648 0.97973633 0.00000000
vt 0.45874023 0.94921875 0.00000000
vt 0.42871094 0.97851562 0.00000000
vt 0.41430664 0.93237305 0.00000000
vt 0.41552734 0.94970703 0.00000000
vt 0.39501953 0.93457031 0.00000000
vt 0.39721680 0.95092773 0.00000000
vt 0.41308594 0.97558594 0.00000000
vt 0.39355469 0.99633789 0.00000000
vt 0.39721680 0.95581055 0.00000000
vt 0.36474609 0.96997070 0.00000000
vt 0.38525391 1.00000000 0.00000000
vt 0.40112305 0.96118164 0.00000000
vt 0.38085938 0.95971680 0.00000000
vt 0.35937500 0.95849609 0.00000000
vt 0.36352539 0.94628906 0.00000000
vt 0.37451172 0.94042969 0.00000000
vt 0.37231445 0.93798828 0.00000000
vt 0.37231445 0.93872070 0.00000000
vt 0.69799805 0.97119141 0.00000000
vt 0.71215820 0.96093750 0.00000000
vt 0.69946289 0.97338867 0.00000000
vt 0.69116211 0.97680664 0.00000000
vt 0.69384766 0.96948242 0.00000000
vt 0.71484375 0.96679688 0.00000000
vt 0.71899414 0.94604492 0.00000000
vt 0.73266602 0.96704102 0.00000000
vt 0.71289062 0.92626953 0.00000000
vt 0.70092773 0.93164062 0.00000000
vt 0.72509766 0.91552734 0.00000000
vt 0.73217773 0.92065430 0.00000000
vt 0.73852539 0.93334961 0.00000000
vt 0.74072266 0.90234375 0.00000000
vt 0.74707031 0.96508789 0.00000000
vt 0.75537109 0.91772461 0.00000000
vt 0.75292969 0.94458008 0.00000000
vt 0.75903320 0.91430664 0.00000000
vt 0.76586914 0.90600586 0.00000000
vt 0.77734375 0.92016602 0.00000000
vt 0.78027344 0.92749023 0.00000000
vt 0.76806641 0.95410156 0.00000000
vt 0.76098633 0.97094727 0.00000000
vt 0.76440430 0.94189453 0.00000000
vt 0.77636719 0.95776367 0.00000000
vt 0.78491211 0.96728516 0.00000000
vt 0.80029297 0.93139648 0.00000000
vt 0.80395508 0.96264648 0.00000000
vt 0.79199219 0.97265625 0.00000000
vt 0.81518555 0.97583008 0.00000000
vt 0.81420898 0.96972656 0.00000000
vt 0.81909180 0.93627930 0.00000000
vt 0.81958008 0.91723633 0.00000000
vt 0.80224609 0.91064453 0.00000000
vt 0.78466797 0.91040039 0.00000000
vt 0.78247070 0.90698242 0.00000000
vt 0.78442383 0.91040039 0.00000000
vt 0.78393555 0.91040039 0.00000000
vt 0.21166992 0.62036133 0.00000000
vt 0.22387695 0.60546875 0.00000000
vt 0.26611328 0.61645508 0.00000000
vt 0.23193359 0.63818359 0.00000000
vt 0.23559570 0.64428711 0.00000000
vt 0.23852539 0.66479492 0.00000000
vt 0.27001953 0.65771484 0.00000000
vt 0.24414062 0.67407227 0.00000000
vt 0.22509766 0.68579102 0.00000000
vt 0.23681641 0.70947266 0.00000000
vt 0.24365234 0.68432617 0.00000000
vt 0.24414062 0.68237305 0.00000000
vt 0.25463867 0.69824219 0.00000000
vt 0.27539062 0.70312500 0.00000000
vt 0.28710938 0.67749023 0.00000000
vt 0.32934570 0.70654297 0.00000000
vt 0.31396484 0.67895508 0.00000000
vt 0.33789062 0.68823242 0.00000000
vt 0.34179688 0.69946289 0.00000000
vt 0.34985352 0.68139648 0.00000000
vt 0.35473633 0.70532227 0.00000000
vt 0.30004883 0.65844727 0.00000000
vt 0.33789062 0.66308594 0.00000000
vt 0.38183594 0.67871094 0.00000000
vt 0.39404297 0.70605469 0.00000000
vt 0.33154297 0.60668945 0.00000000
vt 0.35864258 0.63549805 0.00000000
vt 0.35522461 0.65649414 0.00000000
vt 0.36181641 0.65869141 0.00000000
vt 0.30297852 0.58984375 0.00000000
vt 0.26757812 0.59155273 0.00000000
vt 0.22558594 0.59082031 0.00000000
vt 0.21093750 0.55126953 0.00000000
vt 0.23925781 0.53710938 0.00000000
vt 0.26586914 0.55517578 0.00000000
vt 0.27539062 0.58032227 0.00000000
vt 0.28930664 0.57690430 0.00000000
vt 0.29785156 0.54711914 0.00000000
vt 0.31909180 0.57666016 0.00000000
vt 0.30688477 0.52978516 0.00000000
vt 0.34838867 0.54638672 0.00000000
vt 0.33398438 0.59497070 0.00000000
vt 0.35644531 0.61279297 0.00000000
vt 0.38769531 0.62084961 0.00000000
vt 0.38671875 0.59008789 0.00000000
vt 0.36889648 0.57690430 0.00000000
vt 0.37353516 0.57153320 0.00000000
vt 0.36279297 0.53295898 0.00000000
vt 0.37402344 0.57299805 0.00000000
vt 0.37988281 0.58203125 0.00000000
vt 0.42065430 0.57763672 0.00000000
vt 0.41650391 0.53735352 0.00000000
vt 0.41699219 0.61206055 0.00000000
vt 0.44384766 0.58105469 0.00000000
vt 0.46606445 0.54882812 0.00000000
vt 0.42675781 0.58300781 0.00000000
vt 0.44995117 0.60498047 0.00000000
vt 0.46411133 0.60986328 0.00000000
vt 0.41577148 0.63281250 0.00000000
vt 0.45507812 0.64306641 0.00000000
vt 0.38891602 0.65698242 0.00000000
vt 0.43774414 0.66723633 0.00000000
vt 0.47509766 0.65820312 0.00000000
vt 0.36914062 0.65161133 0.00000000
vt 0.36914062 0.65234375 0.00000000
vt 0.37377930 0.65625000 0.00000000
vt 0.36938477 0.65307617 0.00000000
vt 0.41772461 0.68408203 0.00000000
vt 0.43896484 0.71044922 0.00000000
vt 0.42407227 0.68505859 0.00000000
vt 0.45947266 0.68530273 0.00000000
vt 0.46191406 0.69677734 0.00000000
vt 0.44165039 0.70288086 0.00000000
vt 0.45434570 0.70385742 0.00000000
vt 0.45458984 0.70483398 0.00000000
vt 0.45556641 0.70678711 0.00000000
vt 0.58789062 0.85571289 0.00000000
vt 0.62475586 0.85644531 0.00000000
vt 0.62915039 0.88378906 0.00000000
vt 0.82666016 0.37500000 0.00000000
vt 0.84765625 0.36279297 0.00000000
vt 0.84155273 0.40161133 0.00000000
vt 0.81372070 0.35815430 0.00000000
vt 0.87524414 0.40014648 0.00000000
vt 0.84570312 0.40722656 0.00000000
vt 0.86157227 0.41650391 0.00000000
vt 0.82910156 0.32666016 0.00000000
vt 0.81030273 0.33618164 0.00000000
vt 0.79052734 0.32739258 0.00000000
vt 0.80322266 0.30444336 0.00000000
vt 0.89208984 0.41235352 0.00000000
vt 0.86718750 0.43457031 0.00000000
vt 0.81445312 0.30493164 0.00000000
vt 0.82812500 0.29736328 0.00000000
vt 0.82055664 0.29248047 0.00000000
vt 0.83813477 0.29882812 0.00000000
vt 0.85083008 0.28784180 0.00000000
vt 0.85473633 0.32739258 0.00000000
vt 0.85888672 0.31640625 0.00000000
vt 0.86376953 0.28417969 0.00000000
vt 0.85229492 0.27685547 0.00000000
vt 0.87915039 0.27905273 0.00000000
vt 0.88500977 0.31738281 0.00000000
vt 0.87353516 0.34594727 0.00000000
vt 0.85693359 0.35766602 0.00000000
vt 0.89624023 0.28149414 0.00000000
vt 0.90209961 0.27783203 0.00000000
vt 0.91064453 0.29101562 0.00000000
vt 0.91479492 0.32666016 0.00000000
vt 0.92382812 0.28979492 0.00000000
vt 0.92773438 0.30932617 0.00000000
vt 0.93334961 0.31616211 0.00000000
vt 0.91870117 0.27441406 0.00000000
vt 0.91113281 0.27099609 0.00000000
vt 0.95971680 0.28906250 0.00000000
vt 0.98535156 0.27905273 0.00000000
vt 0.94238281 0.29907227 0.00000000
vt 0.98583984 0.28784180 0.00000000
vt 0.98999023 0.28393555 0.00000000
vt 0.95117188 0.30859375 0.00000000
vt 1.00000000 0.30175781 0.00000000
vt 0.98999023 0.31909180 0.00000000
vt 0.96972656 0.32739258 0.00000000
vt 0.95043945 0.33422852 0.00000000
vt 0.93701172 0.33837891 0.00000000
vt 0.95849609 0.34814453 0.00000000
vt 0.94775391 0.34033203 0.00000000
vt 0.91064453 0.33593750 0.00000000
vt 0.91625977 0.35888672 0.00000000
vt 0.96435547 0.34887695 0.00000000
vt 0.97607422 0.35913086 0.00000000
vt 0.99804688 0.33740234 0.00000000
vt 0.99438477 0.36865234 0.00000000
vt 0.96386719 0.35424805 0.00000000
vt 0.97460938 0.37231445 0.00000000
vt 0.99365234 0.39086914 0.00000000
vt 0.94580078 0.37500000 0.00000000
vt 0.96484375 0.39062500 0.00000000
vt 0.98608398 0.40625000 0.00000000
vt 0.98486328 0.42602539 0.00000000
vt 0.96264648 0.37939453 0.00000000
vt 0.96435547 0.41772461 0.00000000
vt 0.97583008 0.43554688 0.00000000
vt 0.94506836 0.38940430 0.00000000
vt 0.94335938 0.40502930 0.00000000
vt 0.94042969 0.38891602 0.00000000
vt 0.91870117 0.39086914 0.00000000
vt 0.91357422 0.39404297 0.00000000
vt 0.94335938 0.41162109 0.00000000
vt 0.93090820 0.40454102 0.00000000
vt 0.94042969 0.42114258 0.00000000
vt 0.92211914 0.40161133 0.00000000
vt 0.92236328 0.40722656 0.00000000
vt 0.95947266 0.44067383 0.00000000
vt 0.97363281 0.45068359 0.00000000
vt 0.93334961 0.42187500 0.00000000
vt 0.93652344 0.43750000 0.00000000
vt 0.94506836 0.46777344 0.00000000
vt 0.90942383 0.43725586 0.00000000
vt 0.90966797 0.41333008 0.00000000
vt 0.91015625 0.40673828 0.00000000
vt 0.90161133 0.40258789 0.00000000
vt 0.89086914 0.44018555 0.00000000
vt 0.88452148 0.44335938 0.00000000
vt 0.90625000 0.45751953 0.00000000
vt 0.93017578 0.45849609 0.00000000
vt 0.91674805 0.46997070 0.00000000
vt 0.89233398 0.37133789 0.00000000
vt 0.88574219 0.36108398 0.00000000
vt 0.88183594 0.37255859 0.00000000
vt 0.86376953 0.35546875 0.00000000
vt 0.86694336 0.36889648 0.00000000
vt 0.93774414 0.47802734 0.00000000
vt 0.93920898 0.47583008 0.00000000
vt 0.94824219 0.49023438 0.00000000
vt 0.93847656 0.45996094 0.00000000
vt 0.93798828 0.45581055 0.00000000
vt 0.94262695 0.44873047 0.00000000
vt 0.39208984 0.20654297 0.00000000
vt 0.39282227 0.21582031 0.00000000
vt 0.37792969 0.20825195 0.00000000
vt 0.37133789 0.22778320 0.00000000
vt 0.35864258 0.20874023 0.00000000
vt 0.38916016 0.23876953 0.00000000
vt 0.39379883 0.23120117 0.00000000
vt 0.42163086 0.20556641 0.00000000
vt 0.41943359 0.23730469 0.00000000
vt 0.39501953 0.24951172 0.00000000
vt 0.37719727 0.24975586 0.00000000
vt 0.39575195 0.26269531 0.00000000
vt 0.38549805 0.27685547 0.00000000
vt 0.41381836 0.27856445 0.00000000
vt 0.44897461 0.26074219 0.00000000
vt 0.47705078 0.20483398 0.00000000
vt 0.49755859 0.21752930 0.00000000
vt 0.49218750 0.26782227 0.00000000
vt 0.52172852 0.24560547 0.00000000
vt 0.55078125 0.28027344 0.00000000
vt 0.58032227 0.23413086 0.00000000
vt 0.48242188 0.30517578 0.00000000
vt 0.43334961 0.31909180 0.00000000
vt 0.39794922 0.30761719 0.00000000
vt 0.39770508 0.29736328 0.00000000
vt 0.38403320 0.30834961 0.00000000
vt 0.39648438 0.27416992 0.00000000
vt 0.39697266 0.28271484 0.00000000
vt 0.38403320 0.28491211 0.00000000
vt 0.37719727 0.30297852 0.00000000
vt 0.36474609 0.30810547 0.00000000
vt 0.36279297 0.28125000 0.00000000
vt 0.39501953 0.27978516 0.00000000
vt 0.39526367 0.27954102 0.00000000
vt 0.39575195 0.27954102 0.00000000
vt 0.34326172 0.30224609 0.00000000
vt 0.33837891 0.30737305 0.00000000
vt 0.36132812 0.25463867 0.00000000
vt 0.32788086 0.30273438 0.00000000
vt 0.31152344 0.30688477 0.00000000
vt 0.33618164 0.27587891 0.00000000
vt 0.35253906 0.26611328 0.00000000
vt 0.33081055 0.26293945 0.00000000
vt 0.30883789 0.28271484 0.00000000
vt 0.29638672 0.30590820 0.00000000
vt 0.29443359 0.27246094 0.00000000
vt 0.33154297 0.22851562 0.00000000
vt 0.36035156 0.23828125 0.00000000
vt 0.34594727 0.22021484 0.00000000
vt 0.31494141 0.23779297 0.00000000
vt 0.33544922 0.21313477 0.00000000
vt 0.35937500 0.22363281 0.00000000
vt 0.36230469 0.23242188 0.00000000
vt 0.36181641 0.23242188 0.00000000
vt 0.36132812 0.23242188 0.00000000
vt 0.31054688 0.21801758 0.00000000
vt 0.32373047 0.19970703 0.00000000
vt 0.30737305 0.23388672 0.00000000
vt 0.29150391 0.22070312 0.00000000
vt 0.29296875 0.24487305 0.00000000
vt 0.28759766 0.20776367 0.00000000
vt 0.28930664 0.21899414 0.00000000
vt 0.28198242 0.22192383 0.00000000
vt 0.27343750 0.25048828 0.00000000
vt 0.27441406 0.27124023 0.00000000
vt 0.27221680 0.22290039 0.00000000
vt 0.26977539 0.20434570 0.00000000
vt 0.25781250 0.21435547 0.00000000
vt 0.26025391 0.24047852 0.00000000
vt 0.25805664 0.22265625 0.00000000
vt 0.22924805 0.22680664 0.00000000
vt 0.24365234 0.18798828 0.00000000
vt 0.24365234 0.22778320 0.00000000
vt 0.26196289 0.25976562 0.00000000
vt 0.24536133 0.25341797 0.00000000
vt 0.23022461 0.23388672 0.00000000
vt 0.20849609 0.23291016 0.00000000
vt 0.21923828 0.20703125 0.00000000
vt 0.23217773 0.26123047 0.00000000
vt 0.21240234 0.25732422 0.00000000
vt 0.21337891 0.28784180 0.00000000
vt 0.22436523 0.28027344 0.00000000
vt 0.23364258 0.29101562 0.00000000
vt 0.21557617 0.31933594 0.00000000
vt 0.25024414 0.29199219 0.00000000
vt 0.23535156 0.31982422 0.00000000
vt 0.26318359 0.28247070 0.00000000
vt 0.26562500 0.30249023 0.00000000
vt 0.27514648 0.28686523 0.00000000
vt 0.27661133 0.30712891 0.00000000
vt 0.28002930 0.28149414 0.00000000
vt 0.28564453 0.28369141 0.00000000
vt 0.46997070 0.98706055 0.00000000
vt 0.45361328 0.99145508 0.00000000
vt 0.43750000 0.98583984 0.00000000
vt 0.53344727 0.58398438 0.00000000
vt 0.52636719 0.58593750 0.00000000
vt 0.52294922 0.58471680 0.00000000
vt 0.54028320 0.57421875 0.00000000
vt 0.52368164 0.57983398 0.00000000
vt 0.52563477 0.55297852 0.00000000
vt 0.51367188 0.58349609 0.00000000
vt 0.49975586 0.56640625 0.00000000
vt 0.19873047 0.94433594 0.00000000
vt 0.20239258 0.94165039 0.00000000
vt 0.22070312 0.96069336 0.00000000
vt 0.18334961 0.93066406 0.00000000
vt 0.21752930 0.94262695 0.00000000
vt 0.24291992 0.95312500 0.00000000
vt 0.21264648 0.91333008 0.00000000
vt 0.24169922 0.93945312 0.00000000
vt 0.25781250 0.94091797 0.00000000
vt 0.26245117 0.93139648 0.00000000
vt 0.25341797 0.92456055 0.00000000
vt 0.26245117 0.92285156 0.00000000
vt 0.26855469 0.92773438 0.00000000
vt 0.24926758 0.91064453 0.00000000
vt 0.26733398 0.89916992 0.00000000
vt 0.27709961 0.89721680 0.00000000
vt 0.29858398 0.87573242 0.00000000
vt 0.28442383 0.88134766 0.00000000
vt 0.27636719 0.87158203 0.00000000
vt 0.23876953 0.89965820 0.00000000
vt 0.24072266 0.88647461 0.00000000
vt 0.26098633 0.85034180 0.00000000
vt 0.23266602 0.88549805 0.00000000
vt 0.22216797 0.85791016 0.00000000
vt 0.24194336 0.83300781 0.00000000
vt 0.22143555 0.82983398 0.00000000
vt 0.20581055 0.89550781 0.00000000
vt 0.20288086 0.87963867 0.00000000
vt 0.18969727 0.86547852 0.00000000
vt 0.19506836 0.83349609 0.00000000
vt 0.19384766 0.88159180 0.00000000
vt 0.19116211 0.88354492 0.00000000
vt 0.18017578 0.87231445 0.00000000
vt 0.17114258 0.90014648 0.00000000
vt 0.16894531 0.87109375 0.00000000
vt 0.19116211 0.83203125 0.00000000
vt 0.17944336 0.84399414 0.00000000
vt 0.19091797 0.83154297 0.00000000
vt 0.18676758 0.81103516 0.00000000
vt 0.17163086 0.81225586 0.00000000
vt 0.18334961 0.83007812 0.00000000
vt 0.16967773 0.83007812 0.00000000
vt 0.17089844 0.81127930 0.00000000
vt 0.17187500 0.83691406 0.00000000
vt 0.16625977 0.84643555 0.00000000
vt 0.15112305 0.81567383 0.00000000
vt 0.16015625 0.87329102 0.00000000
vt 0.13476562 0.84228516 0.00000000
vt 0.15307617 0.87744141 0.00000000
vt 0.16235352 0.91308594 0.00000000
vt 0.16601562 0.93872070 0.00000000
vt 0.14233398 0.92797852 0.00000000
vt 0.14892578 0.94580078 0.00000000
vt 0.14501953 0.90502930 0.00000000
vt 0.13623047 0.95043945 0.00000000
vt 0.12744141 0.95043945 0.00000000
vt 0.11376953 0.96118164 0.00000000
vt 0.11962891 0.92187500 0.00000000
vt 0.10449219 0.94677734 0.00000000
vt 0.09936523 0.92968750 0.00000000
vt 0.11425781 0.91625977 0.00000000
vt 0.11938477 0.89086914 0.00000000
vt 0.09667969 0.89965820 0.00000000
vt 0.09838867 0.86621094 0.00000000
vt 0.14135742 0.88134766 0.00000000
vt 0.11328125 0.85546875 0.00000000
vt 0.11157227 0.82324219 0.00000000
vt 0.14331055 0.81811523 0.00000000
vt 0.14208984 0.79907227 0.00000000
vt 0.11450195 0.81738281 0.00000000
vt 0.10351562 0.81396484 0.00000000
vt 0.09179688 0.79541016 0.00000000
vt 0.89086914 0.51074219 0.00000000
vt 0.87890625 0.49755859 0.00000000
vt 0.89404297 0.49487305 0.00000000
vt 0.88183594 0.51367188 0.00000000
vt 0.87597656 0.50244141 0.00000000
vt 0.87500000 0.50048828 0.00000000
vt 0.85400391 0.50390625 0.00000000
vt 0.85620117 0.51977539 0.00000000
vt 0.86254883 0.53637695 0.00000000
vt 0.86791992 0.54052734 0.00000000
vt 0.88330078 0.52001953 0.00000000
vt 0.89916992 0.53613281 0.00000000
vt 0.88769531 0.55175781 0.00000000
vt 0.91333008 0.54956055 0.00000000
vt 0.87670898 0.55444336 0.00000000
vt 0.87109375 0.55590820 0.00000000
vt 0.88623047 0.55834961 0.00000000
vt 0.87646484 0.56030273 0.00000000
vt 0.87646484 0.56005859 0.00000000
vt 0.87646484 0.56054688 0.00000000
vt 0.87622070 0.56079102 0.00000000
vt 0.67578125 0.08325195 0.00000000
vt 0.67578125 0.09716797 0.00000000
vt 0.66528320 0.08374023 0.00000000
vt 0.66503906 0.09765625 0.00000000
vt 0.66333008 0.10766602 0.00000000
vt 0.67553711 0.10742188 0.00000000
vt 0.65649414 0.12597656 0.00000000
vt 0.65185547 0.09594727 0.00000000
vt 0.65258789 0.10791016 0.00000000
vt 0.63574219 0.10839844 0.00000000
vt 0.64111328 0.09375000 0.00000000
vt 0.62500000 0.08471680 0.00000000
vt 0.62939453 0.14746094 0.00000000
vt 0.65039062 0.16186523 0.00000000
vt 0.62841797 0.10131836 0.00000000
vt 0.62939453 0.09179688 0.00000000
vt 0.62060547 0.09960938 0.00000000
vt 0.62744141 0.07128906 0.00000000
vt 0.65185547 0.06982422 0.00000000
vt 0.64062500 0.06127930 0.00000000
vt 0.60766602 0.05029297 0.00000000
vt 0.60546875 0.07519531 0.00000000
vt 0.60473633 0.08520508 0.00000000
vt 0.59692383 0.04565430 0.00000000
vt 0.60888672 0.03637695 0.00000000
vt 0.59082031 0.03271484 0.00000000
vt 0.57299805 0.07006836 0.00000000
vt 0.56591797 0.06005859 0.00000000
vt 0.57397461 0.02954102 0.00000000
vt 0.59204102 0.01879883 0.00000000
vt 0.57641602 0.07934570 0.00000000
vt 0.55493164 0.07519531 0.00000000
vt 0.58105469 0.09008789 0.00000000
vt 0.55541992 0.03271484 0.00000000
vt 0.55273438 0.02563477 0.00000000
vt 0.54760742 0.03857422 0.00000000
vt 0.54272461 0.05078125 0.00000000
vt 0.56811523 0.02148438 0.00000000
vt 0.58007812 0.01635742 0.00000000
vt 0.55590820 0.01171875 0.00000000
vt 0.56738281 0.01391602 0.00000000
vt 0.57446289 0.00976562 0.00000000
vt 0.55834961 0.00195312 0.00000000
vt 0.54833984 0.06176758 0.00000000
vt 0.53881836 0.06152344 0.00000000
vt 0.53540039 0.07128906 0.00000000
vt 0.54858398 0.08154297 0.00000000
vt 0.53222656 0.08544922 0.00000000
vt 0.53198242 0.07592773 0.00000000
vt 0.55371094 0.10473633 0.00000000
vt 0.53906250 0.13598633 0.00000000
vt 0.52441406 0.09692383 0.00000000
vt 0.55859375 0.12866211 0.00000000
vt 0.57592773 0.10473633 0.00000000
vt 0.58520508 0.09545898 0.00000000
vt 0.59716797 0.09936523 0.00000000
vt 0.55834961 0.14111328 0.00000000
vt 0.53442383 0.15966797 0.00000000
vt 0.56103516 0.18115234 0.00000000
vt 0.57617188 0.12158203 0.00000000
vt 0.58666992 0.14208984 0.00000000
vt 0.59619141 0.18359375 0.00000000
vt 0.58251953 0.22167969 0.00000000
vt 0.58154297 0.11987305 0.00000000
vt 0.60986328 0.12231445 0.00000000
vt 0.58935547 0.11645508 0.00000000
vt 0.59790039 0.11254883 0.00000000
vt 0.60668945 0.14965820 0.00000000
vt 0.61157227 0.22070312 0.00000000
vt 0.60449219 0.10913086 0.00000000
vt 0.60449219 0.09814453 0.00000000
vt 0.61230469 0.10205078 0.00000000
vt 0.61523438 0.10888672 0.00000000
vt 0.63598633 0.18017578 0.00000000
vt 0.67163086 0.17968750 0.00000000
vt 0.64550781 0.21337891 0.00000000
vt 0.63598633 0.25122070 0.00000000
vt 0.60351562 0.25830078 0.00000000
vt 0.66967773 0.24340820 0.00000000
vt 0.64550781 0.29370117 0.00000000
vt 0.37548828 0.99853516 0.00000000
vt 0.35180664 0.99267578 0.00000000
vt 0.35522461 0.96899414 0.00000000
vt 0.51904297 0.40625000 0.00000000
vt 0.52343750 0.38916016 0.00000000
vt 0.53369141 0.39038086 0.00000000
vt 0.53320312 0.41235352 0.00000000
vt 0.55078125 0.40771484 0.00000000
vt 0.54858398 0.39111328 0.00000000
vt 0.56079102 0.39038086 0.00000000
vt 0.54931641 0.42480469 0.00000000
vt 0.56201172 0.41967773 0.00000000
vt 0.56591797 0.38940430 0.00000000
vt 0.58422852 0.39453125 0.00000000
vt 0.58569336 0.41235352 0.00000000
vt 0.59082031 0.39355469 0.00000000
vt 0.53784180 0.43383789 0.00000000
vt 0.52319336 0.42529297 0.00000000
vt 0.50903320 0.40942383 0.00000000
vt 0.50317383 0.39550781 0.00000000
vt 0.52465820 0.43969727 0.00000000
vt 0.50634766 0.41845703 0.00000000
vt 0.51586914 0.42871094 0.00000000
vt 0.48876953 0.42065430 0.00000000
vt 0.50781250 0.43286133 0.00000000
vt 0.45336914 0.43676758 0.00000000
vt 0.45385742 0.40063477 0.00000000
vt 0.48803711 0.46118164 0.00000000
vt 0.43896484 0.46850586 0.00000000
vt 0.41821289 0.43310547 0.00000000
vt 0.39184570 0.45654297 0.00000000
vt 0.50927734 0.44750977 0.00000000
vt 0.42651367 0.50854492 0.00000000
vt 0.39843750 0.50488281 0.00000000
vt 0.40283203 0.53076172 0.00000000
vt 0.35961914 0.47485352 0.00000000
vt 0.36645508 0.51416016 0.00000000
vt 0.34545898 0.50756836 0.00000000
vt 0.32495117 0.47753906 0.00000000
vt 0.46752930 0.52026367 0.00000000
vt 0.45385742 0.54833984 0.00000000
vt 0.50048828 0.49731445 0.00000000
vt 0.51831055 0.53100586 0.00000000
vt 0.51245117 0.45776367 0.00000000
vt 0.51074219 0.44799805 0.00000000
vt 0.51660156 0.46557617 0.00000000
vt 0.51977539 0.45092773 0.00000000
vt 0.52539062 0.45825195 0.00000000
vt 0.54150391 0.45141602 0.00000000
vt 0.52758789 0.46386719 0.00000000
vt 0.54199219 0.46142578 0.00000000
vt 0.52905273 0.47656250 0.00000000
vt 0.55029297 0.43774414 0.00000000
vt 0.55639648 0.45117188 0.00000000
vt 0.53808594 0.46582031 0.00000000
vt 0.53930664 0.46850586 0.00000000
vt 0.54492188 0.47119141 0.00000000
vt 0.55810547 0.45874023 0.00000000
vt 0.56372070 0.43847656 0.00000000
vt 0.57958984 0.44262695 0.00000000
vt 0.57641602 0.45800781 0.00000000
vt 0.59082031 0.43505859 0.00000000
vt 0.60278320 0.42065430 0.00000000
vt 0.60864258 0.43457031 0.00000000
vt 0.59497070 0.45483398 0.00000000
vt 0.61425781 0.45898438 0.00000000
vt 0.57250977 0.47558594 0.00000000
vt 0.58251953 0.46923828 0.00000000
vt 0.56005859 0.47900391 0.00000000
vt 0.58154297 0.48950195 0.00000000
vt 0.56225586 0.50170898 0.00000000
vt 0.54638672 0.49194336 0.00000000
vt 0.53808594 0.48632812 0.00000000
vt 0.59765625 0.47387695 0.00000000
vt 0.57641602 0.50830078 0.00000000
vt 0.57031250 0.52807617 0.00000000
vt 0.58447266 0.52343750 0.00000000
vt 0.54736328 0.51416016 0.00000000
vt 0.55004883 0.53588867 0.00000000
vt 0.60083008 0.50146484 0.00000000
vt 0.60449219 0.51391602 0.00000000
vt 0.60375977 0.50512695 0.00000000
vt 0.61596680 0.51440430 0.00000000
vt 0.61621094 0.49560547 0.00000000
vt 0.62231445 0.51245117 0.00000000
vt 0.62500000 0.50610352 0.00000000
vt 0.62451172 0.50830078 0.00000000
vt 0.62670898 0.50170898 0.00000000
vt 0.63647461 0.50805664 0.00000000
vt 0.62475586 0.48754883 0.00000000
vt 0.61572266 0.48681641 0.00000000
vt 0.61987305 0.46801758 0.00000000
vt 0.61206055 0.46826172 0.00000000
vt 0.61767578 0.45263672 0.00000000
vt 0.14111328 0.60034180 0.00000000
vt 0.16381836 0.58618164 0.00000000
vt 0.15502930 0.61230469 0.00000000
vt 0.13720703 0.57177734 0.00000000
vt 0.15234375 0.56909180 0.00000000
vt 0.13012695 0.55175781 0.00000000
vt 0.16259766 0.55981445 0.00000000
vt 0.18286133 0.56591797 0.00000000
vt 0.17456055 0.55981445 0.00000000
vt 0.18872070 0.55004883 0.00000000
vt 0.14746094 0.51660156 0.00000000
vt 0.11669922 0.50415039 0.00000000
vt 0.13085938 0.48779297 0.00000000
vt 0.17138672 0.52685547 0.00000000
vt 0.15014648 0.49414062 0.00000000
vt 0.17138672 0.50732422 0.00000000
vt 0.18701172 0.52441406 0.00000000
vt 0.21264648 0.53173828 0.00000000
vt 0.18872070 0.52124023 0.00000000
vt 0.20629883 0.51342773 0.00000000
vt 0.22875977 0.53442383 0.00000000
vt 0.16235352 0.49291992 0.00000000
vt 0.14257812 0.47192383 0.00000000
vt 0.11401367 0.46679688 0.00000000
vt 0.15136719 0.48315430 0.00000000
vt 0.14843750 0.48071289 0.00000000
vt 0.11767578 0.45385742 0.00000000
vt 0.16259766 0.47851562 0.00000000
vt 0.18017578 0.49194336 0.00000000
vt 0.19433594 0.47338867 0.00000000
vt 0.21899414 0.50415039 0.00000000
vt 0.22680664 0.48364258 0.00000000
vt 0.24511719 0.52661133 0.00000000
vt 0.14672852 0.46362305 0.00000000
vt 0.16210938 0.44824219 0.00000000
vt 0.12866211 0.44091797 0.00000000
vt 0.10742188 0.43554688 0.00000000
vt 0.09228516 0.43823242 0.00000000
vt 0.15527344 0.41479492 0.00000000
vt 0.10546875 0.42065430 0.00000000
vt 0.09570312 0.41992188 0.00000000
vt 0.09936523 0.39477539 0.00000000
vt 0.11669922 0.38110352 0.00000000
vt 0.13574219 0.39819336 0.00000000
vt 0.14721680 0.37646484 0.00000000
vt 0.19091797 0.44628906 0.00000000
vt 0.16796875 0.39404297 0.00000000
vt 0.14892578 0.34936523 0.00000000
vt 0.18774414 0.34985352 0.00000000
vt 0.20361328 0.34741211 0.00000000
vt 0.19531250 0.41674805 0.00000000
vt 0.18969727 0.39086914 0.00000000
vt 0.23828125 0.40527344 0.00000000
vt 0.18432617 0.40478516 0.00000000
vt 0.21899414 0.42163086 0.00000000
vt 0.25634766 0.45947266 0.00000000
vt 0.23193359 0.45190430 0.00000000
vt 0.21459961 0.43872070 0.00000000
vt 0.21728516 0.45434570 0.00000000
vt 0.25878906 0.47509766 0.00000000
vt 0.27832031 0.45239258 0.00000000
vt 0.28417969 0.47583008 0.00000000
vt 0.22045898 0.45410156 0.00000000
vt 0.22045898 0.45532227 0.00000000
vt 0.21899414 0.45434570 0.00000000
vt 0.21850586 0.45458984 0.00000000
vt 0.21484375 0.47119141 0.00000000
vt 0.23193359 0.47729492 0.00000000
vt 0.24877930 0.49389648 0.00000000
vt 0.09130859 0.78417969 0.00000000
vt 0.07128906 0.79516602 0.00000000
vt 0.09423828 0.77197266 0.00000000
vt 0.09716797 0.79052734 0.00000000
vt 0.09472656 0.78393555 0.00000000
vt 0.10449219 0.77514648 0.00000000
vt 0.12207031 0.78735352 0.00000000
vt 0.12060547 0.76513672 0.00000000
vt 0.11962891 0.74560547 0.00000000
vt 0.13891602 0.75317383 0.00000000
vt 0.09057617 0.75634766 0.00000000
vt 0.07226562 0.77783203 0.00000000
vt 0.14379883 0.73779297 0.00000000
vt 0.15966797 0.73974609 0.00000000
vt 0.06494141 0.76025391 0.00000000
vt 0.09912109 0.72412109 0.00000000
vt 0.13012695 0.72753906 0.00000000
vt 0.15014648 0.71728516 0.00000000
vt 0.17504883 0.71704102 0.00000000
vt 0.12792969 0.71386719 0.00000000
vt 0.19580078 0.70336914 0.00000000
vt 0.16601562 0.70678711 0.00000000
vt 0.18359375 0.68676758 0.00000000
vt 0.21093750 0.69311523 0.00000000
vt 0.14965820 0.69970703 0.00000000
vt 0.18579102 0.67553711 0.00000000
vt 0.19555664 0.67065430 0.00000000
vt 0.20263672 0.67871094 0.00000000
vt 0.20263672 0.66162109 0.00000000
vt 0.20825195 0.67700195 0.00000000
vt 0.21850586 0.68701172 0.00000000
vt 0.22167969 0.66699219 0.00000000
vt 0.19165039 0.66625977 0.00000000
vt 0.14501953 0.63842773 0.00000000
vt 0.19653320 0.63916016 0.00000000
vt 0.16162109 0.68481445 0.00000000
vt 0.11596680 0.67309570 0.00000000
vt 0.10009766 0.69189453 0.00000000
vt 0.12890625 0.70434570 0.00000000
vt 0.08251953 0.71337891 0.00000000
vt 0.08129883 0.68188477 0.00000000
vt 0.07055664 0.72534180 0.00000000
vt 0.06176758 0.69580078 0.00000000
vt 0.05859375 0.73779297 0.00000000
vt 0.05541992 0.76562500 0.00000000
vt 0.04418945 0.75292969 0.00000000
vt 0.04467773 0.71582031 0.00000000
vt 0.02612305 0.72045898 0.00000000
vt 0.02294922 0.71777344 0.00000000
vt 0.00585938 0.74536133 0.00000000
vt 0.03125000 0.68994141 0.00000000
vt 0.00000000 0.68090820 0.00000000
vt 0.03979492 0.67724609 0.00000000
vt 0.00146484 0.66723633 0.00000000
vt 0.05664062 0.67041016 0.00000000
vt 0.05712891 0.65063477 0.00000000
vt 0.02221680 0.65405273 0.00000000
vt 0.04541016 0.63745117 0.00000000
vt 0.05883789 0.62060547 0.00000000
vt 0.10034180 0.65795898 0.00000000
vt 0.12426758 0.65771484 0.00000000
vt 0.10546875 0.63720703 0.00000000
vt 0.11157227 0.61474609 0.00000000
vt 0.15820312 0.61889648 0.00000000
vt 0.09277344 0.61718750 0.00000000
vt 0.08325195 0.59497070 0.00000000
vt 0.04711914 0.60351562 0.00000000
vt 0.59277344 0.74853516 0.00000000
vt 0.55859375 0.75390625 0.00000000
vt 0.58154297 0.73681641 0.00000000
vt 0.57006836 0.76074219 0.00000000
vt 0.56933594 0.77685547 0.00000000
vt 0.55810547 0.77099609 0.00000000
vt 0.56250000 0.78369141 0.00000000
vt 0.56298828 0.79296875 0.00000000
vt 0.54833984 0.75341797 0.00000000
vt 0.56933594 0.74267578 0.00000000
vt 0.53637695 0.75659180 0.00000000
vt 0.53491211 0.74584961 0.00000000
vt 0.54956055 0.73925781 0.00000000
vt 0.53686523 0.76611328 0.00000000
vt 0.51733398 0.75781250 0.00000000
vt 0.51660156 0.73901367 0.00000000
vt 0.54687500 0.80151367 0.00000000
vt 0.54125977 0.79492188 0.00000000
vt 0.54614258 0.80615234 0.00000000
vt 0.55639648 0.79980469 0.00000000
vt 0.56079102 0.80688477 0.00000000
vt 0.54833984 0.81689453 0.00000000
vt 0.49584961 0.74902344 0.00000000
vt 0.50463867 0.73925781 0.00000000
vt 0.54663086 0.81689453 0.00000000
vt 0.53637695 0.83398438 0.00000000
vt 0.52514648 0.82861328 0.00000000
vt 0.49731445 0.75683594 0.00000000
vt 0.51367188 0.81713867 0.00000000
vt 0.51171875 0.80615234 0.00000000
vt 0.50317383 0.82421875 0.00000000
vt 0.50732422 0.83789062 0.00000000
vt 0.50439453 0.77978516 0.00000000
vt 0.49072266 0.78759766 0.00000000
vt 0.49462891 0.83935547 0.00000000
vt 0.47924805 0.81884766 0.00000000
vt 0.47900391 0.84594727 0.00000000
vt 0.48876953 0.74877930 0.00000000
vt 0.47631836 0.73413086 0.00000000
vt 0.47558594 0.74731445 0.00000000
vt 0.46142578 0.74414062 0.00000000
vt 0.47583008 0.75317383 0.00000000
vt 0.47802734 0.77539062 0.00000000
vt 0.44067383 0.75683594 0.00000000
vt 0.43432617 0.74267578 0.00000000
vt 0.46142578 0.76318359 0.00000000
vt 0.44531250 0.76074219 0.00000000
vt 0.45263672 0.78833008 0.00000000
vt 0.47265625 0.78930664 0.00000000
vt 0.41894531 0.76928711 0.00000000
vt 0.42407227 0.78686523 0.00000000
vt 0.45019531 0.80688477 0.00000000
vt 0.47827148 0.79638672 0.00000000
vt 0.48193359 0.80224609 0.00000000
vt 0.41552734 0.75927734 0.00000000
vt 0.41088867 0.78710938 0.00000000
vt 0.47851562 0.80444336 0.00000000
vt 0.48876953 0.80761719 0.00000000
vt 0.46752930 0.81250000 0.00000000
vt 0.47900391 0.81689453 0.00000000
vt 0.46435547 0.82055664 0.00000000
vt 0.46118164 0.84252930 0.00000000
vt 0.48925781 0.81274414 0.00000000
vt 0.44482422 0.82128906 0.00000000
vt 0.44116211 0.83178711 0.00000000
vt 0.43774414 0.82128906 0.00000000
vt 0.42895508 0.84252930 0.00000000
vt 0.48974609 0.81250000 0.00000000
vt 0.49121094 0.81445312 0.00000000
vt 0.43530273 0.81347656 0.00000000
vt 0.43139648 0.80786133 0.00000000
vt 0.41357422 0.81274414 0.00000000
vt 0.41943359 0.82934570 0.00000000
vt 0.42089844 0.84375000 0.00000000
vt 0.40258789 0.83984375 0.00000000
vt 0.40478516 0.82714844 0.00000000
vt 0.40356445 0.80297852 0.00000000
vt 0.39086914 0.81909180 0.00000000
vt 0.39404297 0.78125000 0.00000000
vt 0.37646484 0.80786133 0.00000000
vt 0.37304688 0.79833984 0.00000000
vt 0.37866211 0.77929688 0.00000000
vt 0.39794922 0.77075195 0.00000000
vt 0.37622070 0.77148438 0.00000000
vt 0.36230469 0.77709961 0.00000000
vt 0.38549805 0.76708984 0.00000000
vt 0.36401367 0.76196289 0.00000000
vt 0.39404297 0.73779297 0.00000000
vt 0.41333008 0.74536133 0.00000000
vt 0.41723633 0.75244141 0.00000000
vt 0.42675781 0.74560547 0.00000000
vt 0.41845703 0.75463867 0.00000000
vt 0.50195312 0.99365234 0.00000000
vt 0.49462891 0.99707031 0.00000000
vt 0.50195312 0.99316406 0.00000000
vt 0.49511719 0.98535156 0.00000000
vt 0.31250000 0.79638672 0.00000000
vt 0.36914062 0.73706055 0.00000000
vt 0.33618164 0.80224609 0.00000000
vt 0.34130859 0.71459961 0.00000000
vt 0.28759766 0.82177734 0.00000000
vt 0.32568359 0.82714844 0.00000000
vt 0.32324219 0.74365234 0.00000000
vt 0.30566406 0.72436523 0.00000000
vt 0.29760742 0.79418945 0.00000000
vt 0.29492188 0.77807617 0.00000000
vt 0.27099609 0.80712891 0.00000000
vt 0.28125000 0.82763672 0.00000000
vt 0.26000977 0.79833984 0.00000000
vt 0.25683594 0.80883789 0.00000000
vt 0.27978516 0.71752930 0.00000000
vt 0.25073242 0.73583984 0.00000000
vt 0.24780273 0.80053711 0.00000000
vt 0.22680664 0.81396484 0.00000000
vt 0.22021484 0.73266602 0.00000000
vt 0.22167969 0.80371094 0.00000000
vt 0.20971680 0.82080078 0.00000000
vt 0.20483398 0.76879883 0.00000000
vt 0.18090820 0.72216797 0.00000000
vt 0.16406250 0.75537109 0.00000000
vt 0.17260742 0.79052734 0.00000000
vt 0.14941406 0.75756836 0.00000000
vt 0.15161133 0.79418945 0.00000000
vt 0.79345703 0.11669922 0.00000000
vt 0.81542969 0.11621094 0.00000000
vt 0.80981445 0.12622070 0.00000000
vt 0.80444336 0.10546875 0.00000000
vt 0.79858398 0.14819336 0.00000000
vt 0.80126953 0.09545898 0.00000000
vt 0.77465820 0.13012695 0.00000000
vt 0.80249023 0.18066406 0.00000000
vt 0.78222656 0.11059570 0.00000000
vt 0.78100586 0.10107422 0.00000000
vt 0.76562500 0.12377930 0.00000000
vt 0.75903320 0.13305664 0.00000000
vt 0.79321289 0.22607422 0.00000000
vt 0.81542969 0.20971680 0.00000000
vt 0.75024414 0.17944336 0.00000000
vt 0.76489258 0.11157227 0.00000000
vt 0.74414062 0.13891602 0.00000000
vt 0.73437500 0.17480469 0.00000000
vt 0.73144531 0.13916016 0.00000000
vt 0.73950195 0.12939453 0.00000000
vt 0.76123047 0.11401367 0.00000000
vt 0.71240234 0.13232422 0.00000000
vt 0.71630859 0.13989258 0.00000000
vt 0.70971680 0.13989258 0.00000000
vt 0.73754883 0.12084961 0.00000000
vt 0.69335938 0.12036133 0.00000000
vt 0.68774414 0.12695312 0.00000000
vt 0.71386719 0.12329102 0.00000000
vt 0.73046875 0.09936523 0.00000000
vt 0.68505859 0.09936523 0.00000000
vt 0.69995117 0.10571289 0.00000000
vt 0.70874023 0.09912109 0.00000000
vt 0.75146484 0.09057617 0.00000000
vt 0.72924805 0.09008789 0.00000000
vt 0.70751953 0.07690430 0.00000000
vt 0.69287109 0.07202148 0.00000000
vt 0.74462891 0.09082031 0.00000000
vt 0.74584961 0.07885742 0.00000000
vt 0.73632812 0.07348633 0.00000000
vt 0.72436523 0.07397461 0.00000000
vt 0.71923828 0.06591797 0.00000000
vt 0.75390625 0.06103516 0.00000000
vt 0.73559570 0.06127930 0.00000000
vt 0.69995117 0.06127930 0.00000000
vt 0.75048828 0.04833984 0.00000000
vt 0.76586914 0.05126953 0.00000000
vt 0.73046875 0.03906250 0.00000000
vt 0.77001953 0.08007812 0.00000000
vt 0.78442383 0.06347656 0.00000000
vt 0.74487305 0.02758789 0.00000000
vt 0.71435547 0.04711914 0.00000000
vt 0.73364258 0.01660156 0.00000000
vt 0.74389648 0.01782227 0.00000000
vt 0.73681641 0.00000000 0.00000000
vt 0.72778320 0.01220703 0.00000000
vt 0.70556641 0.00366211 0.00000000
vt 0.72338867 0.02587891 0.00000000
vt 0.71166992 0.03247070 0.00000000
vt 0.71997070 0.02124023 0.00000000
vt 0.70825195 0.02587891 0.00000000
vt 0.69628906 0.01977539 0.00000000
vt 0.67407227 0.00000000 0.00000000
vt 0.69531250 0.03100586 0.00000000
vt 0.69799805 0.04980469 0.00000000
vt 0.71093750 0.06176758 0.00000000
vt 0.71069336 0.06201172 0.00000000
vt 0.71093750 0.06274414 0.00000000
vt 0.57690430 0.90600586 0.00000000
vt 0.55249023 0.88403320 0.00000000
vt 0.58374023 0.87011719 0.00000000
vt 0.54541016 0.85253906 0.00000000
vt 0.53759766 0.87646484 0.00000000
vt 0.61059570 0.87939453 0.00000000
vt 0.53222656 0.91162109 0.00000000
vt 0.52124023 0.90844727 0.00000000
vt 0.54467773 0.91113281 0.00000000
vt 0.61157227 0.90161133 0.00000000
vt 0.62524414 0.89331055 0.00000000
vt 0.55004883 0.94360352 0.00000000
vt 0.53881836 0.94824219 0.00000000
vt 0.58129883 0.93969727 0.00000000
vt 0.61499023 0.92993164 0.00000000
vt 0.55688477 0.97045898 0.00000000
vt 0.54882812 0.97875977 0.00000000
vt 0.59399414 0.97265625 0.00000000
vt 0.58544922 0.95703125 0.00000000
vt 0.61962891 0.95654297 0.00000000
vt 0.59326172 0.94506836 0.00000000
vt 0.62817383 0.94384766 0.00000000
vt 0.62451172 0.92700195 0.00000000
vt 0.65039062 0.94140625 0.00000000
vt 0.65673828 0.90454102 0.00000000
vt 0.66333008 0.89379883 0.00000000
vt 0.67724609 0.89013672 0.00000000
vt 0.67041016 0.91088867 0.00000000
vt 0.67700195 0.93652344 0.00000000
vt 0.68017578 0.96069336 0.00000000
vt 0.68896484 0.93115234 0.00000000
vt 0.68310547 0.91113281 0.00000000
vt 0.71923828 0.90966797 0.00000000
vt 0.40258789 0.99975586 0.00000000
vt 0.42773438 0.98803711 0.00000000
vt 0.44873047 0.99926758 0.00000000
vt 0.51757812 0.47241211 0.00000000
vt 0.51879883 0.48413086 0.00000000
vt 0.52832031 0.48754883 0.00000000
vt 0.53344727 0.50097656 0.00000000
vt 0.52319336 0.49536133 0.00000000
vt 0.51904297 0.49731445 0.00000000
vt 0.51977539 0.49731445 0.00000000
vt 0.52026367 0.50317383 0.00000000
vt 0.52001953 0.51416016 0.00000000
vt 0.53149414 0.51782227 0.00000000
vt 0.53955078 0.52905273 0.00000000
vt 0.53564453 0.53759766 0.00000000
vt 0.53466797 0.53613281 0.00000000
vt 0.52636719 0.53955078 0.00000000
vt 0.53027344 0.54809570 0.00000000
vt 0.75463867 0.75903320 0.00000000
vt 0.75854492 0.74267578 0.00000000
vt 0.77807617 0.75000000 0.00000000
vt 0.75097656 0.75073242 0.00000000
vt 0.74560547 0.75000000 0.00000000
vt 0.76708984 0.76928711 0.00000000
vt 0.73364258 0.77270508 0.00000000
vt 0.75488281 0.76513672 0.00000000
vt 0.75146484 0.77612305 0.00000000
vt 0.75244141 0.77661133 0.00000000
vt 0.74658203 0.78588867 0.00000000
vt 0.77978516 0.77368164 0.00000000
vt 0.77709961 0.77661133 0.00000000
vt 0.77050781 0.77685547 0.00000000
vt 0.79101562 0.79052734 0.00000000
vt 0.76269531 0.77197266 0.00000000
vt 0.76782227 0.79516602 0.00000000
vt 0.77490234 0.80419922 0.00000000
vt 0.76196289 0.78588867 0.00000000
vt 0.75244141 0.78247070 0.00000000
vt 0.76025391 0.79370117 0.00000000
vt 0.74584961 0.80102539 0.00000000
vt 0.75708008 0.81127930 0.00000000
vt 0.74877930 0.80957031 0.00000000
vt 0.74853516 0.81152344 0.00000000
vt 0.77124023 0.82202148 0.00000000
vt 0.80273438 0.82397461 0.00000000
vt 0.77001953 0.83300781 0.00000000
vt 0.74975586 0.82495117 0.00000000
vt 0.73657227 0.82397461 0.00000000
vt 0.75000000 0.84667969 0.00000000
vt 0.74462891 0.81030273 0.00000000
vt 0.73901367 0.83862305 0.00000000
vt 0.72314453 0.83325195 0.00000000
vt 0.72363281 0.84082031 0.00000000
vt 0.71801758 0.83105469 0.00000000
vt 0.70043945 0.84594727 0.00000000
vt 0.69238281 0.82934570 0.00000000
vt 0.67578125 0.84277344 0.00000000
vt 0.71582031 0.82739258 0.00000000
vt 0.66528320 0.83007812 0.00000000
vt 0.65966797 0.83740234 0.00000000
vt 0.68725586 0.80371094 0.00000000
vt 0.72265625 0.81787109 0.00000000
vt 0.66479492 0.81127930 0.00000000
vt 0.65307617 0.83105469 0.00000000
vt 0.64013672 0.84790039 0.00000000
vt 0.63598633 0.84130859 0.00000000
vt 0.65185547 0.82617188 0.00000000
vt 0.63183594 0.82666016 0.00000000
vt 0.63085938 0.84326172 0.00000000
vt 0.65209961 0.81127930 0.00000000
vt 0.62377930 0.83447266 0.00000000
vt 0.65478516 0.79980469 0.00000000
vt 0.59936523 0.81884766 0.00000000
vt 0.57421875 0.83325195 0.00000000
vt 0.61791992 0.81689453 0.00000000
vt 0.65625000 0.78442383 0.00000000
vt 0.64233398 0.79516602 0.00000000
vt 0.61645508 0.80151367 0.00000000
vt 0.61523438 0.78149414 0.00000000
vt 0.61181641 0.79931641 0.00000000
vt 0.60888672 0.79394531 0.00000000
vt 0.61157227 0.79907227 0.00000000
vt 0.61108398 0.79882812 0.00000000
vt 0.59130859 0.79174805 0.00000000
vt 0.59838867 0.78295898 0.00000000
vt 0.63256836 0.78222656 0.00000000
vt 0.62792969 0.77172852 0.00000000
vt 0.59204102 0.78662109 0.00000000
vt 0.58422852 0.79174805 0.00000000
vt 0.59716797 0.77172852 0.00000000
vt 0.60766602 0.76782227 0.00000000
vt 0.59716797 0.76391602 0.00000000
vt 0.61523438 0.75976562 0.00000000
vt 0.58203125 0.81103516 0.00000000
vt 0.56835938 0.79663086 0.00000000
vt 0.56933594 0.81982422 0.00000000
vt 0.56274414 0.81469727 0.00000000
vt 0.56738281 0.83593750 0.00000000
vt 0.63256836 0.76342773 0.00000000
vt 0.63720703 0.77392578 0.00000000
vt 0.64721680 0.77026367 0.00000000
vt 0.64428711 0.77392578 0.00000000
vt 0.64916992 0.77416992 0.00000000
vt 0.66015625 0.76977539 0.00000000
vt 0.64135742 0.74829102 0.00000000
vt 0.66210938 0.75976562 0.00000000
vt 0.67065430 0.78564453 0.00000000
vt 0.67260742 0.77001953 0.00000000
vt 0.68823242 0.77392578 0.00000000
vt 0.68505859 0.76782227 0.00000000
vt 0.67993164 0.75659180 0.00000000
vt 0.68310547 0.74511719 0.00000000
vt 0.70800781 0.76733398 0.00000000
vt 0.69580078 0.73168945 0.00000000
vt 0.71118164 0.73022461 0.00000000
vt 0.72363281 0.74609375 0.00000000
vt 0.72387695 0.75976562 0.00000000
vt 0.71459961 0.76708984 0.00000000
vt 0.71264648 0.77661133 0.00000000
vt 0.70239258 0.78710938 0.00000000
vt 0.71899414 0.79052734 0.00000000
vt 0.70605469 0.79541016 0.00000000
vt 0.72827148 0.80615234 0.00000000
vt 0.73242188 0.80688477 0.00000000
vt 0.73217773 0.80737305 0.00000000
vt 0.73217773 0.80712891 0.00000000
vt 0.73486328 0.80737305 0.00000000
vt 0.52270508 0.33374023 0.00000000
vt 0.54418945 0.37792969 0.00000000
vt 0.51147461 0.38354492 0.00000000
vt 0.49023438 0.35180664 0.00000000
vt 0.47851562 0.40063477 0.00000000
vt 0.45507812 0.36132812 0.00000000
vt 0.45581055 0.31884766 0.00000000
vt 0.42871094 0.38452148 0.00000000
vt 0.42651367 0.32885742 0.00000000
vt 0.39331055 0.36132812 0.00000000
vt 0.40161133 0.32421875 0.00000000
vt 0.38745117 0.42260742 0.00000000
vt 0.37500000 0.31372070 0.00000000
vt 0.36499023 0.36889648 0.00000000
vt 0.34619141 0.33813477 0.00000000
vt 0.34716797 0.32641602 0.00000000
vt 0.34814453 0.31420898 0.00000000
vt 0.33398438 0.32910156 0.00000000
vt 0.33569336 0.31372070 0.00000000
vt 0.32080078 0.31323242 0.00000000
vt 0.31909180 0.33496094 0.00000000
vt 0.31127930 0.31909180 0.00000000
vt 0.33374023 0.34375000 0.00000000
vt 0.34521484 0.34960938 0.00000000
vt 0.34399414 0.36010742 0.00000000
vt 0.34301758 0.36791992 0.00000000
vt 0.32910156 0.35620117 0.00000000
vt 0.30957031 0.35253906 0.00000000
vt 0.28637695 0.32812500 0.00000000
vt 0.31689453 0.37036133 0.00000000
vt 0.29541016 0.36108398 0.00000000
vt 0.27685547 0.35131836 0.00000000
vt 0.26464844 0.33276367 0.00000000
vt 0.26342773 0.35498047 0.00000000
vt 0.24853516 0.33325195 0.00000000
vt 0.27685547 0.36474609 0.00000000
vt 0.30078125 0.37377930 0.00000000
vt 0.29174805 0.38403320 0.00000000
vt 0.26196289 0.37890625 0.00000000
vt 0.28100586 0.38500977 0.00000000
vt 0.25488281 0.39965820 0.00000000
vt 0.31396484 0.38867188 0.00000000
vt 0.31298828 0.40429688 0.00000000
vt 0.32641602 0.40209961 0.00000000
vt 0.32910156 0.38891602 0.00000000
vt 0.24536133 0.37475586 0.00000000
vt 0.23925781 0.39233398 0.00000000
vt 0.32885742 0.38061523 0.00000000
vt 0.24731445 0.35229492 0.00000000
vt 0.24121094 0.35913086 0.00000000
vt 0.24291992 0.35278320 0.00000000
vt 0.24877930 0.31884766 0.00000000
vt 0.23413086 0.33447266 0.00000000
vt 0.34130859 0.37988281 0.00000000
vt 0.35424805 0.39550781 0.00000000
vt 0.33984375 0.39086914 0.00000000
vt 0.33764648 0.40820312 0.00000000
vt 0.84057617 0.96777344 0.00000000
vt 0.82788086 0.97900391 0.00000000
vt 0.83642578 0.96191406 0.00000000
vt 0.84472656 0.95751953 0.00000000
vt 0.88989258 0.96606445 0.00000000
vt 0.88134766 0.97851562 0.00000000
vt 0.89648438 0.94213867 0.00000000
vt 0.93310547 0.96313477 0.00000000
vt 0.91088867 0.98120117 0.00000000
vt 0.92480469 0.94482422 0.00000000
vt 0.87744141 0.93652344 0.00000000
vt 0.89062500 0.90185547 0.00000000
vt 0.83642578 0.95043945 0.00000000
vt 0.86865234 0.92163086 0.00000000
vt 0.84155273 0.92382812 0.00000000
vt 0.84936523 0.89794922 0.00000000
vt 0.82812500 0.90307617 0.00000000
vt 0.85522461 0.92846680 0.00000000
vt 0.82446289 0.94824219 0.00000000
vt 0.83398438 0.94750977 0.00000000
vt 0.72167969 0.21484375 0.00000000
vt 0.73535156 0.18676758 0.00000000
vt 0.76733398 0.20898438 0.00000000
vt 0.75610352 0.25292969 0.00000000
vt 0.71044922 0.24780273 0.00000000
vt 0.73779297 0.29858398 0.00000000
vt 0.76635742 0.30322266 0.00000000
vt 0.70776367 0.27758789 0.00000000
vt 0.66259766 0.27343750 0.00000000
vt 0.70019531 0.31225586 0.00000000
vt 0.66113281 0.32641602 0.00000000
vt 0.74633789 0.33740234 0.00000000
vt 0.77856445 0.35498047 0.00000000
vt 0.70092773 0.35522461 0.00000000
vt 0.74072266 0.36474609 0.00000000
vt 0.75585938 0.37402344 0.00000000
vt 0.76977539 0.37548828 0.00000000
vt 0.77368164 0.38037109 0.00000000
vt 0.76977539 0.38696289 0.00000000
vt 0.60498047 0.33349609 0.00000000
vt 0.62158203 0.34570312 0.00000000
vt 0.65258789 0.36132812 0.00000000
vt 0.63964844 0.36035156 0.00000000
vt 0.62646484 0.36059570 0.00000000
vt 0.61401367 0.35253906 0.00000000
vt 0.64306641 0.36694336 0.00000000
vt 0.60986328 0.37011719 0.00000000
vt 0.62036133 0.37402344 0.00000000
vt 0.63305664 0.37133789 0.00000000
vt 0.62353516 0.38916016 0.00000000
vt 0.64819336 0.37939453 0.00000000
vt 0.66650391 0.37231445 0.00000000
vt 0.66284180 0.37939453 0.00000000
vt 0.67041016 0.36694336 0.00000000
vt 0.68115234 0.37866211 0.00000000
vt 0.66650391 0.39428711 0.00000000
vt 0.64697266 0.39062500 0.00000000
vt 0.68847656 0.37109375 0.00000000
vt 0.68701172 0.38232422 0.00000000
vt 0.68579102 0.39453125 0.00000000
vt 0.69628906 0.37719727 0.00000000
vt 0.69873047 0.37060547 0.00000000
vt 0.71826172 0.37109375 0.00000000
vt 0.71289062 0.37988281 0.00000000
vt 0.73608398 0.37182617 0.00000000
vt 0.71093750 0.38745117 0.00000000
vt 0.72851562 0.37988281 0.00000000
vt 0.74291992 0.38525391 0.00000000
vt 0.75854492 0.38842773 0.00000000
vt 0.74291992 0.40112305 0.00000000
vt 0.76708984 0.40356445 0.00000000
vt 0.77709961 0.39941406 0.00000000
vt 0.71508789 0.39916992 0.00000000
vt 0.75683594 0.41357422 0.00000000
vt 0.72192383 0.42065430 0.00000000
vt 0.76879883 0.43652344 0.00000000
vt 0.77368164 0.41699219 0.00000000
vt 0.72070312 0.43652344 0.00000000
vt 0.69677734 0.42504883 0.00000000
vt 0.70190430 0.40771484 0.00000000
vt 0.68457031 0.43115234 0.00000000
vt 0.74438477 0.44604492 0.00000000
vt 0.75268555 0.45556641 0.00000000
vt 0.75659180 0.45800781 0.00000000
vt 0.74804688 0.47094727 0.00000000
vt 0.72338867 0.45410156 0.00000000
vt 0.72656250 0.46948242 0.00000000
vt 0.71435547 0.46875000 0.00000000
vt 0.68017578 0.46386719 0.00000000
vt 0.68237305 0.44677734 0.00000000
vt 0.67553711 0.46240234 0.00000000
vt 0.67114258 0.46655273 0.00000000
vt 0.65185547 0.46166992 0.00000000
vt 0.64672852 0.46362305 0.00000000
vt 0.62915039 0.45849609 0.00000000
vt 0.63598633 0.44189453 0.00000000
vt 0.66088867 0.43676758 0.00000000
vt 0.68237305 0.43334961 0.00000000
vt 0.67065430 0.42797852 0.00000000
vt 0.67602539 0.42480469 0.00000000
vt 0.64184570 0.42700195 0.00000000
vt 0.61230469 0.42285156 0.00000000
vt 0.67016602 0.41088867 0.00000000
vt 0.60913086 0.41113281 0.00000000
vt 0.67944336 0.39697266 0.00000000
vt 0.64624023 0.40820312 0.00000000
vt 0.62622070 0.40307617 0.00000000
vt 0.63183594 0.39257812 0.00000000
vt 0.63378906 0.40795898 0.00000000
vt 0.63281250 0.40332031 0.00000000
vt 0.63500977 0.40649414 0.00000000
vt 0.63378906 0.40649414 0.00000000
vt 0.63452148 0.40673828 0.00000000
vt 0.03637695 0.36596680 0.00000000
vt 0.03442383 0.39819336 0.00000000
vt 0.01440430 0.39868164 0.00000000
vt 0.07958984 0.41064453 0.00000000
vt 0.03173828 0.42163086 0.00000000
vt 0.06567383 0.37182617 0.00000000
vt 0.10791016 0.37060547 0.00000000
vt 0.08422852 0.34057617 0.00000000
vt 0.13623047 0.32934570 0.00000000
vt 0.04565430 0.32495117 0.00000000
vt 0.01440430 0.36108398 0.00000000
vt 0.10400391 0.30737305 0.00000000
vt 0.15478516 0.32299805 0.00000000
vt 0.14428711 0.31787109 0.00000000
vt 0.15332031 0.32006836 0.00000000
vt 0.13647461 0.31176758 0.00000000
vt 0.13085938 0.30078125 0.00000000
vt 0.12500000 0.30395508 0.00000000
vt 0.14526367 0.30590820 0.00000000
vt 0.16040039 0.31494141 0.00000000
vt 0.15844727 0.30004883 0.00000000
vt 0.15136719 0.28930664 0.00000000
vt 0.16918945 0.29638672 0.00000000
vt 0.16992188 0.28466797 0.00000000
vt 0.13134766 0.29150391 0.00000000
vt 0.13378906 0.28198242 0.00000000
vt 0.12084961 0.29296875 0.00000000
vt 0.12255859 0.28564453 0.00000000
vt 0.11157227 0.29663086 0.00000000
vt 0.11328125 0.28320312 0.00000000
vt 0.15502930 0.27221680 0.00000000
vt 0.18164062 0.26977539 0.00000000
vt 0.10180664 0.28930664 0.00000000
vt 0.10351562 0.27709961 0.00000000
vt 0.16284180 0.25610352 0.00000000
vt 0.19042969 0.24462891 0.00000000
vt 0.09228516 0.28198242 0.00000000
vt 0.15429688 0.25390625 0.00000000
vt 0.13891602 0.26586914 0.00000000
vt 0.15820312 0.24023438 0.00000000
vt 0.08447266 0.28002930 0.00000000
vt 0.09350586 0.26928711 0.00000000
vt 0.08569336 0.27050781 0.00000000
vt 0.10449219 0.26684570 0.00000000
vt 0.10375977 0.25610352 0.00000000
vt 0.10717773 0.26489258 0.00000000
vt 0.11596680 0.27075195 0.00000000
vt 0.10620117 0.24926758 0.00000000
vt 0.13085938 0.24951172 0.00000000
vt 0.12915039 0.24902344 0.00000000
vt 0.13842773 0.24267578 0.00000000
vt 0.13012695 0.24902344 0.00000000
vt 0.13061523 0.24877930 0.00000000
vt 0.13989258 0.24951172 0.00000000
vt 0.89355469 0.24487305 0.00000000
vt 0.90283203 0.24853516 0.00000000
vt 0.88012695 0.26220703 0.00000000
vt 0.92797852 0.22827148 0.00000000
vt 0.96020508 0.26635742 0.00000000
vt 0.87060547 0.22631836 0.00000000
vt 0.95288086 0.19873047 0.00000000
vt 0.89233398 0.23388672 0.00000000
vt 0.91821289 0.19506836 0.00000000
vt 0.86718750 0.18432617 0.00000000
vt 0.92211914 0.17016602 0.00000000
vt 0.94140625 0.16577148 0.00000000
vt 0.85400391 0.25170898 0.00000000
vt 0.91479492 0.15893555 0.00000000
vt 0.91577148 0.12353516 0.00000000
vt 0.96215820 0.15405273 0.00000000
vt 0.97070312 0.11694336 0.00000000
vt 0.85766602 0.20800781 0.00000000
vt 0.85693359 0.18676758 0.00000000
vt 0.84912109 0.20141602 0.00000000
vt 0.83862305 0.21411133 0.00000000
vt 0.84033203 0.25537109 0.00000000
vt 0.84667969 0.18896484 0.00000000
vt 0.84765625 0.18652344 0.00000000
vt 0.84765625 0.18579102 0.00000000
vt 0.84790039 0.18505859 0.00000000
vt 0.84497070 0.17211914 0.00000000
vt 0.84741211 0.18530273 0.00000000
vt 0.84692383 0.18579102 0.00000000
vt 0.84472656 0.18652344 0.00000000
vt 0.83959961 0.17065430 0.00000000
vt 0.81420898 0.16308594 0.00000000
vt 0.84008789 0.12670898 0.00000000
vt 0.81445312 0.14843750 0.00000000
vt 0.82275391 0.11401367 0.00000000
vt 0.80615234 0.09008789 0.00000000
vt 0.85180664 0.12939453 0.00000000
vt 0.83813477 0.08105469 0.00000000
vt 0.80541992 0.08032227 0.00000000
vt 0.80078125 0.06152344 0.00000000
vt 0.79565430 0.03979492 0.00000000
vt 0.82666016 0.03881836 0.00000000
vt 0.84716797 0.06176758 0.00000000
vt 0.86499023 0.14843750 0.00000000
vt 0.86157227 0.11596680 0.00000000
vt 0.85644531 0.08081055 0.00000000
vt 0.88818359 0.10986328 0.00000000
vt 0.87548828 0.09497070 0.00000000
vt 0.91357422 0.08886719 0.00000000
vt 0.93139648 0.10083008 0.00000000
vt 0.95507812 0.10620117 0.00000000
vt 0.96044922 0.07641602 0.00000000
vt 0.89208984 0.07714844 0.00000000
vt 0.92749023 0.07446289 0.00000000
vt 0.91308594 0.07714844 0.00000000
vt 0.91308594 0.07641602 0.00000000
vt 0.91333008 0.07641602 0.00000000
vt 0.91381836 0.07641602 0.00000000
vt 0.91284180 0.07568359 0.00000000
vt 0.89672852 0.06079102 0.00000000
vt 0.94677734 0.06420898 0.00000000
vt 0.96484375 0.04760742 0.00000000
vt 0.92993164 0.06127930 0.00000000
vt 0.92797852 0.03271484 0.00000000
vt 0.97460938 0.02197266 0.00000000
vt 0.90234375 0.03906250 0.00000000
vt 0.88671875 0.02075195 0.00000000
vt 0.85717773 0.05957031 0.00000000
vt 0.85180664 0.03759766 0.00000000
vt 0.84057617 0.01562500 0.00000000
vt 0.90185547 0.93774414 0.00000000
vt 0.90185547 0.89477539 0.00000000
vt 0.95751953 0.90844727 0.00000000
vt 0.08496094 0.85839844 0.00000000
vt 0.07299805 0.86083984 0.00000000
vt 0.09985352 0.83715820 0.00000000
vt 0.08129883 0.89306641 0.00000000
vt 0.08691406 0.88940430 0.00000000
vt 0.05444336 0.88256836 0.00000000
vt 0.04687500 0.83251953 0.00000000
vt 0.06933594 0.95458984 0.00000000
vt 0.09716797 0.94702148 0.00000000
vt 0.03955078 0.84472656 0.00000000
vt 0.02685547 0.86279297 0.00000000
vt 0.02197266 0.84545898 0.00000000
vt 0.04150391 0.88964844 0.00000000
vt 0.03735352 0.93725586 0.00000000
vt 0.01293945 0.87963867 0.00000000
vt 0.01220703 0.89453125 0.00000000
vt 0.00927734 0.86743164 0.00000000
vt 0.00488281 0.85766602 0.00000000
vt 0.00219727 0.85400391 0.00000000
vt 0.97363281 0.62792969 0.00000000
vt 0.93286133 0.65185547 0.00000000
vt 0.94702148 0.60473633 0.00000000
vt 0.96337891 0.67944336 0.00000000
vt 0.90405273 0.60375977 0.00000000
vt 0.93701172 0.69335938 0.00000000
vt 0.96630859 0.69335938 0.00000000
vt 0.96118164 0.71899414 0.00000000
vt 0.90722656 0.69726562 0.00000000
vt 0.94873047 0.72436523 0.00000000
vt 0.94482422 0.76879883 0.00000000
vt 0.89697266 0.65869141 0.00000000
vt 0.86254883 0.65063477 0.00000000
vt 0.85156250 0.63964844 0.00000000
vt 0.85961914 0.66674805 0.00000000
vt 0.85473633 0.67285156 0.00000000
vt 0.88110352 0.71435547 0.00000000
vt 0.85107422 0.67822266 0.00000000
vt 0.90844727 0.73144531 0.00000000
vt 0.85327148 0.73242188 0.00000000
vt 0.97460938 0.78295898 0.00000000
vt 0.93920898 0.79467773 0.00000000
vt 0.92504883 0.77612305 0.00000000
vt 0.90917969 0.79663086 0.00000000
vt 0.96972656 0.81713867 0.00000000
vt 0.92797852 0.76538086 0.00000000
vt 0.90576172 0.75659180 0.00000000
vt 0.92382812 0.77441406 0.00000000
vt 0.87573242 0.75659180 0.00000000
vt 0.92431641 0.77539062 0.00000000
vt 0.90112305 0.76904297 0.00000000
vt 0.85229492 0.74340820 0.00000000
vt 0.87353516 0.79345703 0.00000000
vt 0.92211914 0.77563477 0.00000000
vt 0.92407227 0.77563477 0.00000000
vt 0.97119141 0.83178711 0.00000000
vt 0.94335938 0.83569336 0.00000000
vt 0.90112305 0.83251953 0.00000000
vt 0.88671875 0.82348633 0.00000000
vt 0.85375977 0.81103516 0.00000000
vt 0.85815430 0.84448242 0.00000000
vt 0.83496094 0.84790039 0.00000000
vt 0.83935547 0.76025391 0.00000000
vt 0.84204102 0.80761719 0.00000000
vt 0.82885742 0.80932617 0.00000000
vt 0.82031250 0.74902344 0.00000000
vt 0.82299805 0.73266602 0.00000000
vt 0.79321289 0.74633789 0.00000000
vt 0.79150391 0.77929688 0.00000000
vt 0.81787109 0.83325195 0.00000000
vt 0.80126953 0.83544922 0.00000000
vt 0.80224609 0.84130859 0.00000000
vt 0.26220703 0.11010742 0.00000000
vt 0.29589844 0.16821289 0.00000000
vt 0.23461914 0.14672852 0.00000000
vt 0.20849609 0.09936523 0.00000000
vt 0.29516602 0.10546875 0.00000000
vt 0.33129883 0.11230469 0.00000000
vt 0.34497070 0.16503906 0.00000000
vt 0.35302734 0.19433594 0.00000000
vt 0.35864258 0.18701172 0.00000000
vt 0.36083984 0.16040039 0.00000000
vt 0.37744141 0.20190430 0.00000000
vt 0.36157227 0.13403320 0.00000000
vt 0.36108398 0.11621094 0.00000000
vt 0.36376953 0.09838867 0.00000000
vt 0.38354492 0.16552734 0.00000000
vt 0.37744141 0.14379883 0.00000000
vt 0.39672852 0.17895508 0.00000000
vt 0.39135742 0.19897461 0.00000000
vt 0.39965820 0.20141602 0.00000000
vt 0.37207031 0.12426758 0.00000000
vt 0.37817383 0.11303711 0.00000000
vt 0.37939453 0.09594727 0.00000000
vt 0.39916992 0.09667969 0.00000000
vt 0.37841797 0.11328125 0.00000000
vt 0.39843750 0.13647461 0.00000000
vt 0.41528320 0.19824219 0.00000000
vt 0.40747070 0.16113281 0.00000000
vt 0.42065430 0.17163086 0.00000000
vt 0.43554688 0.15991211 0.00000000
vt 0.42431641 0.17700195 0.00000000
vt 0.42773438 0.17773438 0.00000000
vt 0.43774414 0.18457031 0.00000000
vt 0.43334961 0.19604492 0.00000000
vt 0.45068359 0.19409180 0.00000000
vt 0.44946289 0.17163086 0.00000000
vt 0.46582031 0.19262695 0.00000000
vt 0.41918945 0.13647461 0.00000000
vt 0.43359375 0.13012695 0.00000000
vt 0.41430664 0.12475586 0.00000000
vt 0.44238281 0.12548828 0.00000000
vt 0.46386719 0.13330078 0.00000000
vt 0.47045898 0.16699219 0.00000000
vt 0.47167969 0.17529297 0.00000000
vt 0.47436523 0.15454102 0.00000000
vt 0.47753906 0.16723633 0.00000000
vt 0.49609375 0.16430664 0.00000000
vt 0.49243164 0.19262695 0.00000000
vt 0.50146484 0.16259766 0.00000000
vt 0.51708984 0.16308594 0.00000000
vt 0.50488281 0.19970703 0.00000000
vt 0.50439453 0.14013672 0.00000000
vt 0.53271484 0.14038086 0.00000000
vt 0.50024414 0.11547852 0.00000000
vt 0.49682617 0.12768555 0.00000000
vt 0.49511719 0.10156250 0.00000000
vt 0.46972656 0.10180664 0.00000000
vt 0.49145508 0.09521484 0.00000000
vt 0.51416016 0.08007812 0.00000000
vt 0.49414062 0.08154297 0.00000000
vt 0.47485352 0.08007812 0.00000000
vt 0.44726562 0.08007812 0.00000000
vt 0.44213867 0.09985352 0.00000000
vt 0.45507812 0.11840820 0.00000000
vt 0.41259766 0.08837891 0.00000000
vt 0.43554688 0.11376953 0.00000000
vt 0.41577148 0.09692383 0.00000000
vt 0.44262695 0.11059570 0.00000000
vt 0.41992188 0.10351562 0.00000000
vt 0.42919922 0.10351562 0.00000000
vt 0.43554688 0.10986328 0.00000000
vt 0.43603516 0.10961914 0.00000000
vt 0.43676758 0.10937500 0.00000000
vt 0.43750000 0.11035156 0.00000000
vt 0.43701172 0.10937500 0.00000000
vt 0.43798828 0.10888672 0.00000000
vt 0.43554688 0.11010742 0.00000000
vt 0.43603516 0.11035156 0.00000000
vt 0.43627930 0.11059570 0.00000000
vt 0.43676758 0.11083984 0.00000000
vt 0.43750000 0.11108398 0.00000000
vt 0.43896484 0.11181641 0.00000000
vt 0.43920898 0.11108398 0.00000000
vt 0.43945312 0.11059570 0.00000000
vt 0.43945312 0.11035156 0.00000000
vt 0.43920898 0.11010742 0.00000000
vt 0.43896484 0.11010742 0.00000000
vt 0.43872070 0.10961914 0.00000000
vt 0.43847656 0.10937500 0.00000000
vt 0.10107422 0.47460938 0.00000000
vt 0.09667969 0.46704102 0.00000000
vt 0.09960938 0.46289062 0.00000000
vt 0.09643555 0.47363281 0.00000000
vt 0.09545898 0.48095703 0.00000000
vt 0.10058594 0.48095703 0.00000000
vt 0.09204102 0.47851562 0.00000000
vt 0.09521484 0.47949219 0.00000000
vt 0.09497070 0.47949219 0.00000000
vt 0.09448242 0.47973633 0.00000000
vt 0.08056641 0.48779297 0.00000000
vt 0.08032227 0.46582031 0.00000000
vt 0.09545898 0.49414062 0.00000000
vt 0.10156250 0.49487305 0.00000000
vt 0.10229492 0.51049805 0.00000000
vt 0.11254883 0.48876953 0.00000000
vt 0.09497070 0.51123047 0.00000000
vt 0.09960938 0.52539062 0.00000000
vt 0.11621094 0.52319336 0.00000000
vt 0.09936523 0.53515625 0.00000000
vt 0.09301758 0.52905273 0.00000000
vt 0.07861328 0.53002930 0.00000000
vt 0.09643555 0.54296875 0.00000000
vt 0.10351562 0.55249023 0.00000000
vt 0.11108398 0.53710938 0.00000000
vt 0.08203125 0.54565430 0.00000000
vt 0.10180664 0.56079102 0.00000000
vt 0.10717773 0.56542969 0.00000000
vt 0.12329102 0.57055664 0.00000000
vt 0.09399414 0.56103516 0.00000000
vt 0.10742188 0.57739258 0.00000000
vt 0.11303711 0.57885742 0.00000000
vt 0.09838867 0.56884766 0.00000000
vt 0.10449219 0.57690430 0.00000000
vt 0.11059570 0.58813477 0.00000000
vt 0.09716797 0.58715820 0.00000000
vt 0.07739258 0.53417969 0.00000000
vt 0.06298828 0.53271484 0.00000000
vt 0.05883789 0.51293945 0.00000000
vt 0.07031250 0.50439453 0.00000000
vt 0.04003906 0.52539062 0.00000000
vt 0.04077148 0.53076172 0.00000000
vt 0.02734375 0.52856445 0.00000000
vt 0.02734375 0.51977539 0.00000000
vt 0.07690430 0.48901367 0.00000000
vt 0.04345703 0.50634766 0.00000000
vt 0.06420898 0.50000000 0.00000000
vt 0.05517578 0.47656250 0.00000000
vt 0.06250000 0.46362305 0.00000000
vt 0.05004883 0.46386719 0.00000000
vt 0.06469727 0.48828125 0.00000000
vt 0.06274414 0.49121094 0.00000000
vt 0.04272461 0.47387695 0.00000000
vt 0.03027344 0.46020508 0.00000000
vt 0.04956055 0.48828125 0.00000000
vt 0.02856445 0.49023438 0.00000000
vt 0.03222656 0.50317383 0.00000000
vt 0.01269531 0.51000977 0.00000000
vt 0.01000977 0.51831055 0.00000000
vt 0.00732422 0.52294922 0.00000000
vt 0.04956055 0.28417969 0.00000000
vt 0.01489258 0.30371094 0.00000000
vt 0.01464844 0.26025391 0.00000000
vt 0.03100586 0.26171875 0.00000000
vt 0.07080078 0.27709961 0.00000000
vt 0.07348633 0.26440430 0.00000000
vt 0.05297852 0.27392578 0.00000000
vt 0.05712891 0.26831055 0.00000000
vt 0.04589844 0.26196289 0.00000000
vt 0.04882812 0.27026367 0.00000000
vt 0.05468750 0.25097656 0.00000000
vt 0.04003906 0.26831055 0.00000000
vt 0.02758789 0.25024414 0.00000000
vt 0.04077148 0.25122070 0.00000000
vt 0.02880859 0.24145508 0.00000000
vt 0.63623047 0.87329102 0.00000000
vt 0.63061523 0.85595703 0.00000000
vt 0.65112305 0.86206055 0.00000000
vt 0.46093750 0.99707031 0.00000000
vt 0.48999023 0.98779297 0.00000000
vt 0.48876953 1.00000000 0.00000000
vt 0.21362305 0.20068359 0.00000000
vt 0.17456055 0.21093750 0.00000000
vt 0.19384766 0.17407227 0.00000000
vt 0.15966797 0.18066406 0.00000000
vt 0.15161133 0.21630859 0.00000000
vt 0.15771484 0.16455078 0.00000000
vt 0.14208984 0.19897461 0.00000000
vt 0.19995117 0.15966797 0.00000000
vt 0.20483398 0.16699219 0.00000000
vt 0.18310547 0.13525391 0.00000000
vt 0.21215820 0.14526367 0.00000000
vt 0.17626953 0.10473633 0.00000000
vt 0.19775391 0.07568359 0.00000000
vt 0.13769531 0.17041016 0.00000000
vt 0.13085938 0.16210938 0.00000000
vt 0.11401367 0.18359375 0.00000000
vt 0.11474609 0.21069336 0.00000000
vt 0.11376953 0.16113281 0.00000000
vt 0.10595703 0.18676758 0.00000000
vt 0.14794922 0.13159180 0.00000000
vt 0.18237305 0.07202148 0.00000000
vt 0.18750000 0.07080078 0.00000000
vt 0.15600586 0.05810547 0.00000000
vt 0.15771484 0.06738281 0.00000000
vt 0.12500000 0.06103516 0.00000000
vt 0.14941406 0.04858398 0.00000000
vt 0.12231445 0.09155273 0.00000000
vt 0.10546875 0.09008789 0.00000000
vt 0.10839844 0.05541992 0.00000000
vt 0.11010742 0.12548828 0.00000000
vt 0.10522461 0.16015625 0.00000000
vt 0.09765625 0.15722656 0.00000000
vt 0.09521484 0.08471680 0.00000000
vt 0.07788086 0.05273438 0.00000000
vt 0.07958984 0.03393555 0.00000000
vt 0.07397461 0.04956055 0.00000000
vt 0.07250977 0.08081055 0.00000000
vt 0.07348633 0.09741211 0.00000000
vt 0.08447266 0.14965820 0.00000000
vt 0.06909180 0.14208984 0.00000000
vt 0.06762695 0.15722656 0.00000000
vt 0.09741211 0.17260742 0.00000000
vt 0.09008789 0.18066406 0.00000000
vt 0.06787109 0.18457031 0.00000000
vt 0.09692383 0.20776367 0.00000000
vt 0.10644531 0.23437500 0.00000000
vt 0.07006836 0.20898438 0.00000000
vt 0.50512695 0.98608398 0.00000000
vt 0.50463867 0.98583984 0.00000000
vt 0.50512695 0.98583984 0.00000000
vt 0.50585938 0.98583984 0.00000000

# 1298 vertex normals
vn 0.04724409 -0.14960630 0.98425198
vn 0.25196850 0.03149606 0.96850395
vn -0.07874016 0.03149606 1.00000000
vn 0.03149606 0.15748031 0.98425198
vn -0.22834645 0.01574803 0.97637796
vn 0.18110237 0.00787402 0.98425198
vn 0.18110237 0.03149606 0.98425198
vn 0.05511811 -0.95275593 0.29133859
vn 0.18110237 -0.05511811 0.98425198
vn 0.18897638 0.03149606 0.98425198
vn -0.03149606 -0.99212599 0.11811024
vn 0.00000000 -1.00000000 0.02362205
vn 0.00787402 -1.00000000 0.02362205
vn 0.00000000 -1.00000000 0.00000000
vn 0.02362205 -0.99212599 0.12598425
vn 0.18110237 0.01574803 0.98425198
vn 0.16535433 0.40157479 0.90551180
vn 0.16535433 0.39370078 0.90551180
vn 0.16535433 0.03149606 0.98425198
vn 0.08661418 -0.83464569 0.54330707
vn 0.09448819 0.59842521 0.79527557
vn 0.15748031 0.00000000 0.98425198
vn 0.15748031 -0.03149606 0.98425198
vn 0.00787402 -1.00000000 0.03149606
vn 0.15748031 0.03937008 0.98425198
vn 0.08661418 -0.93700784 0.33858266
vn 0.47244096 0.02362205 0.88188976
vn 0.42519686 -0.69291341 0.58267719
vn 0.32283464 0.22047244 0.92125982
vn 0.59842521 0.03149606 0.80314958
vn 0.15748031 0.43307087 0.88188976
vn 0.29133859 0.60629922 0.74015749
vn 0.14173228 0.59055120 0.79527557
vn 0.14173228 0.59842521 0.78740156
vn 0.22047244 0.60629922 0.76377952
vn 0.14960630 0.52755904 0.83464569
vn 0.33858266 0.60629922 0.72440946
vn 0.36220473 0.43307087 0.82677168
vn 0.35433072 -0.29921260 0.88976377
vn 0.14173228 -0.57480317 0.80314958
vn 0.16535433 0.38582677 0.90551180
vn 0.03937008 0.61417323 0.78740156
vn -0.06299213 0.59842521 0.79527557
vn -0.18110237 0.59842521 0.77952754
vn -0.17322835 0.60629922 0.77165353
vn -0.17322835 0.59842521 0.77952754
vn -0.17322835 0.59842521 0.78740156
vn -0.17322835 0.60629922 0.77952754
vn -0.21259843 0.16535433 0.96062994
vn -0.18897638 0.43307087 0.88188976
vn -0.16535433 0.59842521 0.77952754
vn -0.33070865 0.60629922 0.72440946
vn -0.29921260 0.34645671 0.88976377
vn -0.23622048 0.03937008 0.96850395
vn -0.18897638 0.02362205 0.98425198
vn -0.37795275 0.03149606 0.92125982
vn -0.22047244 0.03149606 0.97637796
vn -0.23622048 0.03149606 0.96850395
vn -0.19685039 0.01574803 0.98425198
vn -0.07086614 -0.92913383 0.36220473
vn -0.22834645 0.00787402 0.97637796
vn -0.18897638 -0.59842521 0.77952754
vn -0.01574803 -0.99212599 0.08661418
vn -0.09448819 -0.88976377 0.44881889
vn -0.23622048 -0.87401575 0.41732284
vn -0.64566928 -0.07874016 0.75590551
vn -0.63779527 -0.00787402 0.77165353
vn -0.29921260 -0.87401575 0.38582677
vn -0.25196850 -0.91338581 0.32283464
vn -0.62992126 0.05511811 0.77165353
vn -0.61417323 0.03149606 0.78740156
vn -0.54330707 0.48031497 0.68503934
vn -0.59055120 0.24409449 0.77165353
vn -0.59842521 0.03149606 0.80314958
vn -0.49606299 0.59842521 0.62992126
vn -0.48818898 0.59842521 0.64566928
vn -0.48818898 0.59842521 0.63779527
vn -0.50393701 0.59055120 0.62992126
vn -0.30708662 0.60629922 0.73228347
vn -0.15748031 0.59842521 0.78740156
vn -0.50393701 0.59055120 0.63779527
vn -0.48031497 0.59842521 0.64566928
vn -0.55905509 0.33070865 0.76377952
vn -0.37795275 0.48818898 0.78740156
vn -0.48031497 0.59842521 0.63779527
vn -0.49606299 0.59055120 0.63779527
vn -0.48818898 0.60629922 0.62992126
vn -0.55905509 0.41732284 0.71653545
vn -0.48031497 0.60629922 0.63779527
vn -0.51968503 0.45669290 0.72440946
vn -0.44094488 0.59842521 0.66141731
vn -0.45669290 0.62204725 0.63779527
vn -0.46456692 0.59055120 0.66141731
vn -0.40944880 0.60629922 0.67716533
vn -0.44094488 0.58267719 0.68503934
vn -0.70078743 0.44881889 0.55905509
vn -0.54330707 0.19685039 0.81102359
vn -0.29133859 0.54330707 0.78740156
vn -0.61417323 0.60629922 0.51181102
vn -0.66141731 0.57480317 0.48818898
vn -0.53543305 0.58267719 0.61417323
vn -0.51968503 0.40944880 0.74803150
vn -0.74015749 0.46456692 0.48031497
vn -0.55905509 0.04724409 0.82677168
vn -0.68503934 0.19685039 0.70078743
vn -0.59055120 0.03149606 0.80314958
vn -0.44881889 -0.63779527 0.62204725
vn -0.37007874 -0.74015749 0.55905509
vn -0.55118108 0.03149606 0.83464569
vn -0.20472440 -0.95275593 0.22834645
vn -0.81102359 0.03149606 0.58267719
vn -0.85039371 0.11023622 0.51968503
vn -0.84251970 0.03937008 0.53543305
vn -0.77165353 -0.42519686 0.48031497
vn -0.74803150 -0.45669290 0.47244096
vn -0.83464569 0.01574803 0.55118108
vn -0.73228347 -0.47244096 0.49606299
vn -0.79527557 0.26771653 0.54330707
vn -0.82677168 0.00787402 0.56692910
vn -0.44094488 -0.84251970 0.30708662
vn -0.66141731 0.59842521 0.44881889
vn -0.81102359 0.02362205 0.58267719
vn -0.77165353 0.33858266 0.54330707
vn -0.81102359 0.05511811 0.59055120
vn -0.86614174 0.37007874 0.33070865
vn -0.88976377 0.03149606 0.45669290
vn -0.62204725 -0.62992126 0.46456692
vn -0.32283464 -0.94488192 0.07874016
vn -0.98425198 0.02362205 0.15748031
vn 0.52755904 0.41732284 0.74015749
vn 0.58267719 0.01574803 0.81102359
vn 0.46456692 0.59842521 0.65354329
vn 0.47244096 0.59842521 0.64566928
vn 0.54330707 0.34645671 0.76377952
vn 0.52755904 0.39370078 0.74803150
vn 0.45669290 0.59055120 0.66141731
vn 0.45669290 0.60629922 0.65354329
vn 0.55118108 0.60629922 0.57480317
vn 0.48031497 0.54330707 0.69291341
vn 0.55118108 0.28346455 0.77952754
vn 0.70078743 0.20472440 0.68503934
vn 0.52755904 -0.40157479 0.74803150
vn 0.55118108 -0.31496063 0.77165353
vn 0.48031497 -0.56692910 0.66929132
vn 0.46456692 -0.65354329 0.59842521
vn 0.54330707 -0.48031497 0.68503934
vn 0.53543305 -0.42519686 0.73228347
vn 0.60629922 -0.03149606 0.79527557
vn 0.33858266 -0.78740156 0.51181102
vn 0.51181102 -0.37007874 0.77952754
vn 0.56692910 -0.04724409 0.81889760
vn 0.16535433 -0.96062994 0.22834645
vn 0.57480317 0.02362205 0.81889760
vn 0.56692910 0.01574803 0.82677168
vn 0.09448819 -0.98425198 0.14173228
vn 0.44881889 -0.61417323 0.64566928
vn 0.45669290 -0.54330707 0.70078743
vn 0.55118108 0.03149606 0.83464569
vn 0.14960630 -0.96062994 0.22834645
vn 0.62204725 -0.67716533 0.38582677
vn 0.63779527 -0.03149606 0.77165353
vn 0.71653545 0.05511811 0.69291341
vn 0.56692910 0.06299213 0.81889760
vn 0.51968503 0.41732284 0.74015749
vn 0.68503934 0.33858266 0.64566928
vn 0.56692910 0.03149606 0.82677168
vn 0.55118108 0.59055120 0.59055120
vn -0.15748031 0.59842521 0.77952754
vn -0.15748031 0.60629922 0.77952754
vn -0.16535433 0.49606299 0.85039371
vn -0.17322835 0.61417323 0.77165353
vn -0.20472440 0.40157479 0.89763778
vn -0.07874016 0.44094488 0.88976377
vn -0.20472440 0.21259843 0.95275593
vn -0.16535433 -0.51181102 0.84251970
vn -0.18110237 -0.58267719 0.79527557
vn -0.21259843 0.21259843 0.95275593
vn 0.17322835 0.21259843 0.96062994
vn 0.00787402 -0.50393701 0.85826772
vn 0.05511811 -0.94488192 0.33070865
vn -0.28346455 -0.44094488 0.85826772
vn -0.27559054 -0.43307087 0.85826772
vn -0.25196850 -0.57480317 0.77952754
vn -0.30708662 0.00000000 0.95275593
vn 0.04724409 -0.54330707 0.83464569
vn 0.14173228 -0.61417323 0.77952754
vn -0.02362205 0.24409449 0.96850395
vn 0.11811024 -0.69291341 0.70866144
vn 0.23622048 -0.48031497 0.85039371
vn 0.16535433 -0.02362205 0.98425198
vn 0.17322835 -0.03149606 0.98425198
vn 0.23622048 0.45669290 0.85826772
vn 0.14960630 0.44881889 0.88188976
vn 0.18897638 -0.07874016 0.97637796
vn 0.14173228 0.57480317 0.80314958
vn 0.08661418 0.52755904 0.84251970
vn 0.34645671 0.50393701 0.78740156
vn 0.55905509 0.21259843 0.79527557
vn 0.33070865 0.22047244 0.92125982
vn 0.17322835 0.20472440 0.96062994
vn 0.16535433 0.21259843 0.96062994
vn 0.16535433 0.22047244 0.96062994
vn -0.03937008 0.21259843 0.97637796
vn -0.23622048 0.67716533 0.69291341
vn -0.25984251 0.39370078 0.88188976
vn -0.29133859 0.33070865 0.89763778
vn -0.21259843 0.63779527 0.74015749
vn -0.27559054 0.19685039 0.93700784
vn -0.28346455 0.21259843 0.93700784
vn -0.25984251 0.34645671 0.89763778
vn -0.25984251 0.26771653 0.92913383
vn -0.25984251 0.22047244 0.93700784
vn -0.26771653 0.17322835 0.94488192
vn -0.23622048 0.55905509 0.79527557
vn -0.22047244 0.59055120 0.77952754
vn -0.28346455 0.33858266 0.89763778
vn -0.25196850 0.55118108 0.79527557
vn -0.30708662 -0.00787402 0.95275593
vn 0.48818898 0.55118108 0.67716533
vn 0.51181102 0.44881889 0.73228347
vn 0.39370078 0.74015749 0.54330707
vn 0.51968503 0.44094488 0.73228347
vn 0.66141731 0.46456692 0.59055120
vn 0.56692910 0.21259843 0.79527557
vn 0.55905509 0.21259843 0.80314958
vn 0.70866144 0.21259843 0.67716533
vn 0.55118108 0.20472440 0.80314958
vn 0.55905509 0.22047244 0.79527557
vn 0.55905509 0.22834645 0.79527557
vn 0.55118108 0.18897638 0.81102359
vn 0.55905509 0.19685039 0.80314958
vn 0.35433072 0.19685039 0.91338581
vn 0.29133859 0.38582677 0.87401575
vn 0.44094488 0.62992126 0.63779527
vn 0.54330707 0.26771653 0.79527557
vn 0.63779527 0.55118108 0.53543305
vn 0.74015749 0.19685039 0.64566928
vn 0.55905509 0.18897638 0.81102359
vn 0.81102359 0.19685039 0.55118108
vn 0.55118108 0.20472440 0.81102359
vn 0.00000000 0.12598425 0.99212599
vn -0.50393701 0.21259843 0.83464569
vn -0.31496063 -0.00787402 0.94488192
vn -0.36220473 -0.57480317 0.73228347
vn -0.40157479 -0.54330707 0.74015749
vn -0.59842521 0.22047244 0.77165353
vn -0.59055120 0.20472440 0.77952754
vn -0.59842521 0.21259843 0.77165353
vn -0.59842521 -0.15748031 0.78740156
vn -0.35433072 -0.79527557 0.48818898
vn -0.55905509 0.18110237 0.81102359
vn -0.67716533 -0.35433072 0.64566928
vn -0.62204725 -0.16535433 0.76377952
vn -0.31496063 -0.86614174 0.38582677
vn -0.58267719 -0.71653545 0.37795275
vn -0.77952754 0.36220473 0.51181102
vn -0.62204725 0.14960630 0.77165353
vn -0.62204725 -0.01574803 0.77952754
vn -0.28346455 -0.88976377 0.34645671
vn -0.54330707 0.55905509 0.62204725
vn -0.36220473 0.34645671 0.86614174
vn -0.25984251 0.23622048 0.93700784
vn -0.45669290 0.21259843 0.86614174
vn -0.68503934 0.18897638 0.70078743
vn -0.66929132 0.18110237 0.71653545
vn -0.66141731 0.15748031 0.73228347
vn -0.62204725 0.25984251 0.74015749
vn -0.62992126 0.19685039 0.74803150
vn -0.62992126 0.18110237 0.75590551
vn -0.48818898 0.61417323 0.61417323
vn -0.59842521 0.14173228 0.78740156
vn -0.74015749 0.28346455 0.60629922
vn -0.69291341 0.50393701 0.51181102
vn -0.61417323 0.15748031 0.77165353
vn -0.85826772 0.19685039 0.47244096
vn -0.59055120 0.14960630 0.79527557
vn -0.90551180 0.25984251 0.34645671
vn -0.92125982 0.18110237 0.34645671
vn -0.81889760 0.44881889 0.34645671
vn -0.88188976 0.32283464 0.35433072
vn -0.91338581 0.18110237 0.36220473
vn -0.68503934 0.67716533 0.27559054
vn -0.67716533 0.68503934 0.27559054
vn -0.88976377 0.26771653 0.37007874
vn -0.92125982 -0.05511811 0.38582677
vn -0.92125982 -0.03937008 0.38582677
vn -0.79527557 -0.37007874 0.48031497
vn -0.46456692 -0.85826772 0.20472440
vn -0.70866144 -0.62992126 0.30708662
vn -0.62204725 -0.00787402 0.77952754
vn -0.62992126 0.00000000 0.77952754
vn -0.11023622 -0.98425198 0.14173228
vn -0.62992126 -0.00787402 0.77952754
vn -0.82677168 -0.04724409 0.55905509
vn -0.71653545 0.48818898 0.48818898
vn -0.79527557 -0.29921260 0.52755904
vn -0.41732284 -0.88188976 0.22834645
vn -0.91338581 0.20472440 0.34645671
vn -0.81102359 0.19685039 0.54330707
vn -0.81102359 0.19685039 0.55905509
vn -0.80314958 0.22834645 0.55118108
vn -0.05511811 0.21259843 0.97637796
vn -0.28346455 0.22047244 0.93700784
vn 0.15748031 0.20472440 0.96850395
vn -0.47244096 0.22834645 0.85039371
vn 0.14960630 0.19685039 0.96850395
vn 0.14173228 0.17322835 0.97637796
vn 0.15748031 0.18897638 0.96850395
vn 0.12598425 0.55118108 0.82677168
vn 0.11811024 0.72440946 0.68503934
vn 0.25196850 0.74803150 0.61417323
vn 0.09448819 0.73228347 0.66929132
vn -0.06299213 0.60629922 0.79527557
vn -0.10236220 0.19685039 0.97637796
vn 0.07086614 0.74803150 0.66141731
vn 0.21259843 0.74803150 0.62992126
vn 0.08661418 0.74015749 0.66141731
vn -0.01574803 0.75590551 0.66141731
vn 0.03937008 0.92125982 0.37795275
vn 0.09448819 0.74015749 0.66929132
vn -0.11023622 0.89763778 0.41732284
vn 0.07874016 0.96850395 0.24409449
vn 0.39370078 0.73228347 0.55118108
vn 0.02362205 0.98425198 0.19685039
vn 0.07874016 0.96850395 0.22047244
vn 0.04724409 0.98425198 0.18110237
vn -0.04724409 0.97637796 0.22047244
vn 0.02362205 0.55118108 0.83464569
vn -0.03937008 0.98425198 0.17322835
vn -0.25984251 0.92913383 0.25984251
vn -0.14960630 0.98425198 0.11023622
vn -0.07086614 0.98425198 0.17322835
vn -0.17322835 0.91338581 0.36220473
vn -0.27559054 0.73228347 0.62204725
vn -0.18110237 0.85826772 0.48031497
vn -0.27559054 0.71653545 0.63779527
vn -0.22834645 0.74803150 0.62992126
vn -0.14960630 0.98425198 0.11811024
vn -0.27559054 0.95275593 0.11811024
vn -0.19685039 0.97637796 0.07086614
vn -0.33070865 0.91338581 0.23622048
vn -0.50393701 0.76377952 0.40944880
vn -0.59842521 0.70078743 0.38582677
vn -0.57480317 0.70866144 0.40944880
vn -0.37007874 0.74803150 0.55118108
vn -0.59055120 0.69291341 0.41732284
vn -0.55905509 0.71653545 0.41732284
vn -0.66141731 0.66929132 0.33070865
vn -0.62204725 0.68503934 0.37795275
vn -0.59842521 0.66141731 0.45669290
vn -0.74015749 0.51181102 0.43307087
vn -0.62992126 0.66929132 0.38582677
vn -0.61417323 0.66929132 0.41732284
vn -0.62204725 0.66141731 0.42519686
vn -0.29133859 0.74803150 0.59055120
vn -0.35433072 0.60629922 0.71653545
vn -0.62992126 0.63779527 0.44881889
vn -0.63779527 0.63779527 0.42519686
vn -0.65354329 0.58267719 0.48031497
vn -0.63779527 0.64566928 0.41732284
vn -0.70866144 0.33858266 0.62204725
vn -0.81889760 0.38582677 0.42519686
vn -0.88976377 0.27559054 0.35433072
vn -0.67716533 0.37007874 0.63779527
vn -0.69291341 0.38582677 0.60629922
vn -0.90551180 0.24409449 0.34645671
vn -0.64566928 0.26771653 0.71653545
vn -0.65354329 0.25196850 0.71653545
vn -0.70078743 0.19685039 0.68503934
vn -0.35433072 0.20472440 0.91338581
vn -0.72440946 0.26771653 0.63779527
vn -0.25984251 0.52755904 0.80314958
vn -0.29133859 0.59842521 0.74803150
vn -0.30708662 0.18897638 0.92913383
vn -0.34645671 0.14960630 0.92913383
vn -0.30708662 0.23622048 0.92125982
vn -0.91338581 0.21259843 0.34645671
vn -0.90551180 0.22834645 0.35433072
vn -0.91338581 0.25984251 0.31496063
vn -0.81102359 0.35433072 0.46456692
vn 0.84251970 0.03937008 0.54330707
vn 0.08661418 -0.99212599 0.05511811
vn 0.63779527 -0.63779527 0.43307087
vn 0.82677168 0.01574803 0.56692910
vn 0.16535433 -0.97637796 0.11023622
vn 0.81889760 0.02362205 0.57480317
vn 0.19685039 -0.97637796 0.06299213
vn 0.67716533 -0.55118108 0.49606299
vn 0.94488192 0.01574803 0.33858266
vn 0.41732284 -0.85826772 0.29133859
vn 0.52755904 -0.77165353 0.36220473
vn 0.81102359 0.00787402 0.59055120
vn 0.80314958 0.03937008 0.59055120
vn 0.82677168 0.40157479 0.39370078
vn 0.77952754 0.30708662 0.54330707
vn 0.81102359 0.03149606 0.58267719
vn 0.81102359 0.01574803 0.58267719
vn 0.81102359 -0.01574803 0.58267719
vn 0.65354329 0.59842521 0.45669290
vn 0.78740156 0.59842521 0.17322835
vn 0.72440946 0.48031497 0.49606299
vn 0.65354329 0.60629922 0.45669290
vn 0.72440946 0.61417323 0.31496063
vn 0.65354329 0.60629922 0.44881889
vn 0.66141731 0.60629922 0.44881889
vn 0.64566928 0.60629922 0.45669290
vn 0.85039371 0.44094488 0.29133859
vn 0.73228347 0.47244096 0.48818898
vn 0.66929132 0.59842521 0.44094488
vn 0.80314958 0.24409449 0.54330707
vn 0.66929132 0.59055120 0.44881889
vn 0.77165353 0.36220473 0.52755904
vn 0.81889760 0.01574803 0.56692910
vn 0.81889760 0.00787402 0.56692910
vn 0.67716533 0.59842521 0.42519686
vn 0.66929132 0.52755904 0.52755904
vn 0.77165353 0.39370078 0.50393701
vn 0.55118108 0.21259843 0.80314958
vn 0.80314958 -0.27559054 0.51968503
vn 0.68503934 -0.57480317 0.44881889
vn 0.31496063 -0.90551180 0.29133859
vn 0.67716533 -0.62992126 0.38582677
vn 0.62992126 -0.50393701 0.59055120
vn 0.59055120 0.18897638 0.78740156
vn 0.87401575 -0.01574803 0.48031497
vn 0.58267719 -0.73228347 0.35433072
vn 0.85826772 -0.02362205 0.51181102
vn 0.80314958 0.36220473 0.47244096
vn 0.74803150 0.48031497 0.45669290
vn 0.76377952 0.44094488 0.47244096
vn 0.75590551 0.45669290 0.47244096
vn 0.56692910 0.74803150 0.34645671
vn 0.74015749 0.49606299 0.44881889
vn 0.77952754 0.51968503 0.34645671
vn 0.85039371 -0.01574803 0.51968503
vn 0.92913383 0.07086614 0.37007874
vn 0.74803150 -0.48031497 0.45669290
vn 0.75590551 -0.44094488 0.48031497
vn 0.25196850 -0.95275593 0.16535433
vn 0.85039371 -0.33070865 0.40944880
vn 0.81889760 0.20472440 0.54330707
vn 0.80314958 0.22047244 0.55118108
vn -0.70078743 0.57480317 0.41732284
vn -0.77165353 0.49606299 0.39370078
vn -0.70078743 0.62204725 0.35433072
vn -0.67716533 0.59055120 0.43307087
vn -0.69291341 0.59842521 0.40944880
vn -0.66929132 0.60629922 0.43307087
vn -0.66141731 0.63779527 0.40157479
vn 0.37795275 0.74015749 0.55905509
vn 0.37795275 0.74015749 0.55118108
vn 0.44881889 0.74803150 0.49606299
vn 0.21259843 0.93700784 0.28346455
vn 0.30708662 0.83464569 0.46456692
vn 0.10236220 0.98425198 0.16535433
vn 0.14960630 0.97637796 0.14173228
vn 0.10236220 0.97637796 0.17322835
vn 0.12598425 0.98425198 0.13385826
vn 0.24409449 0.92913383 0.27559054
vn 0.16535433 0.98425198 0.09448819
vn 0.16535433 0.98425198 0.05511811
vn 0.42519686 0.86614174 0.25196850
vn 0.40157479 0.91338581 0.11811024
vn 0.18897638 0.98425198 -0.01574803
vn 0.55118108 0.83464569 -0.00787402
vn 0.58267719 0.74015749 0.33858266
vn 0.57480317 0.73228347 0.35433072
vn 0.66141731 0.74015749 0.09448819
vn 0.66929132 0.74803150 0.01574803
vn 0.56692910 0.74803150 0.35433072
vn 0.57480317 0.74015749 0.35433072
vn 0.58267719 0.73228347 0.35433072
vn 0.68503934 0.60629922 0.40944880
vn 0.65354329 0.74015749 0.14960630
vn 0.66929132 0.74015749 0.00787402
vn 0.68503934 0.73228347 0.01574803
vn 0.66141731 0.75590551 0.02362205
vn 0.65354329 0.75590551 -0.09448819
vn 0.66929132 0.74015749 0.02362205
vn 0.66929132 0.74015749 0.03149606
vn 0.66929132 0.74803150 0.03149606
vn 0.66141731 0.74803150 -0.05511811
vn 0.67716533 0.73228347 0.02362205
vn 0.83464569 0.55118108 -0.06299213
vn 0.89763778 0.42519686 0.13385826
vn 0.97637796 0.19685039 0.06299213
vn 0.91338581 0.18897638 0.37007874
vn 0.84251970 0.18897638 0.50393701
vn 0.84251970 0.20472440 0.50393701
vn 0.83464569 0.21259843 0.51181102
vn 0.82677168 0.21259843 0.51968503
vn 0.93700784 0.21259843 0.29133859
vn 0.95275593 0.20472440 0.22047244
vn 0.97637796 0.21259843 0.07086614
vn 0.96062994 0.20472440 0.19685039
vn 0.97637796 0.21259843 0.00000000
vn 0.96062994 0.18110237 -0.19685039
vn 0.86614174 0.28346455 -0.40944880
vn 0.88976377 0.18897638 -0.40944880
vn 0.89763778 0.18897638 -0.39370078
vn 0.89763778 0.19685039 -0.39370078
vn -0.65354329 0.60629922 0.45669290
vn -0.64566928 0.61417323 0.45669290
vn -0.65354329 0.59842521 0.46456692
vn -0.72440946 0.61417323 0.32283464
vn -0.76377952 0.60629922 0.22047244
vn -0.64566928 0.60629922 0.45669290
vn -0.71653545 0.48818898 0.49606299
vn -0.83464569 0.49606299 0.23622048
vn -0.80314958 0.22047244 0.55905509
vn -0.99212599 0.14173228 0.00000000
vn 0.91338581 0.37795275 0.15748031
vn 0.99212599 0.03149606 0.14173228
vn 0.75590551 -0.64566928 0.11023622
vn 0.98425198 0.02362205 0.17322835
vn 0.54330707 -0.83464569 0.09448819
vn 0.25984251 -0.96850395 0.04724409
vn 0.98425198 0.02362205 0.18110237
vn 0.92125982 0.33858266 0.18110237
vn 0.98425198 0.03149606 0.18897638
vn 0.97637796 0.03149606 0.21259843
vn 0.78740156 0.59842521 0.14960630
vn 0.78740156 0.59842521 0.14173228
vn 0.77952754 0.60629922 0.14960630
vn 0.78740156 0.61417323 0.10236220
vn 0.79527557 0.60629922 -0.03149606
vn 0.95275593 0.29133859 -0.03937008
vn 0.77952754 0.60629922 -0.15748031
vn 0.89763778 0.43307087 0.00787402
vn 0.86614174 0.46456692 -0.17322835
vn 0.78740156 0.59842521 -0.15748031
vn 0.78740156 0.59842521 -0.14960630
vn 0.86614174 0.47244096 -0.14960630
vn 0.90551180 -0.37795275 -0.17322835
vn 0.90551180 0.37795275 -0.17322835
vn 0.90551180 0.39370078 -0.17322835
vn 0.97637796 0.03149606 -0.19685039
vn 0.78740156 0.59842521 -0.13385826
vn 0.83464569 0.38582677 -0.38582677
vn 0.69291341 0.61417323 -0.37795275
vn 0.77952754 0.59842521 -0.18897638
vn 0.96062994 0.21259843 -0.16535433
vn 0.83464569 -0.53543305 -0.14960630
vn 0.91338581 -0.00787402 -0.40157479
vn 0.88188976 -0.44094488 -0.14960630
vn 0.89763778 -0.16535433 -0.41732284
vn 0.90551180 0.00000000 -0.42519686
vn 0.78740156 0.59842521 -0.14173228
vn 0.69291341 0.60629922 -0.39370078
vn 0.90551180 0.33858266 -0.26771653
vn 0.98425198 0.03149606 -0.16535433
vn 0.89763778 0.03149606 -0.44094488
vn 0.81102359 0.07086614 -0.57480317
vn 0.98425198 0.02362205 -0.17322835
vn 0.42519686 -0.89763778 -0.11023622
vn 0.51181102 -0.77952754 -0.37007874
vn 0.66929132 -0.74015749 -0.11811024
vn 0.97637796 0.01574803 -0.20472440
vn 0.97637796 0.04724409 -0.22047244
vn 0.97637796 0.03149606 -0.22047244
vn 0.11023622 -0.99212599 -0.02362205
vn 0.46456692 -0.88188976 -0.07874016
vn 0.43307087 -0.89763778 -0.08661418
vn 0.79527557 -0.58267719 -0.18897638
vn 0.77952754 -0.62992126 0.00787402
vn 0.99212599 0.03149606 0.08661418
vn 0.97637796 0.01574803 0.21259843
vn 0.62992126 -0.76377952 0.12598425
vn -0.92913383 0.33858266 0.16535433
vn -0.79527557 0.59055120 0.14173228
vn -0.78740156 0.59842521 0.14960630
vn -0.86614174 0.47244096 0.14960630
vn -0.93700784 0.30708662 0.18897638
vn -0.98425198 0.02362205 0.19685039
vn -0.98425198 0.03937008 0.17322835
vn -0.97637796 0.02362205 0.19685039
vn -0.45669290 -0.88976377 0.07874016
vn -0.36220473 -0.92913383 0.07086614
vn -0.01574803 -1.00000000 0.00787402
vn -0.11811024 -0.99212599 -0.01574803
vn -0.02362205 -1.00000000 0.00000000
vn -0.97637796 -0.05511811 0.19685039
vn -0.74803150 -0.66141731 0.00787402
vn -0.98425198 -0.02362205 0.18897638
vn -0.98425198 0.03149606 0.18897638
vn -0.92913383 0.32283464 0.17322835
vn -0.99212599 0.02362205 -0.11023622
vn -0.94488192 0.32283464 0.04724409
vn -0.97637796 0.03149606 -0.21259843
vn -0.78740156 0.59055120 0.14960630
vn -0.96062994 0.06299213 -0.25984251
vn -0.97637796 0.01574803 -0.20472440
vn -0.90551180 0.38582677 -0.17322835
vn -0.79527557 0.59842521 -0.03149606
vn -0.77165353 0.61417323 0.14960630
vn -0.79527557 0.60629922 0.01574803
vn -0.87401575 0.44881889 0.16535433
vn -0.85826772 -0.48818898 0.15748031
vn -0.88976377 -0.41732284 0.16535433
vn -0.90551180 0.41732284 0.00787402
vn -0.85039371 -0.52755904 0.01574803
vn -0.78740156 0.59842521 -0.15748031
vn -0.77165353 0.61417323 -0.15748031
vn -0.78740156 0.59842521 -0.14960630
vn -0.77952754 0.60629922 -0.14960630
vn -0.98425198 0.01574803 -0.18110237
vn -0.88188976 0.44094488 -0.16535433
vn -0.78740156 0.59842521 -0.13385826
vn -0.76377952 0.60629922 -0.23622048
vn -0.75590551 0.60629922 -0.23622048
vn -0.91338581 0.37007874 -0.15748031
vn -0.83464569 0.40157479 -0.37795275
vn -0.85039371 0.50393701 -0.14173228
vn -0.76377952 0.50393701 -0.40944880
vn -0.96850395 0.21259843 -0.15748031
vn -0.91338581 0.00787402 -0.40157479
vn -0.94488192 -0.29133859 -0.16535433
vn -0.48031497 -0.81102359 -0.33070865
vn -0.01574803 -1.00000000 -0.01574803
vn -0.81102359 -0.01574803 -0.58267719
vn -0.94488192 -0.29921260 -0.14173228
vn -0.81889760 0.00000000 -0.57480317
vn -0.91338581 -0.39370078 -0.07086614
vn -0.81102359 -0.55905509 -0.15748031
vn -0.66929132 -0.74015749 -0.06299213
vn -0.97637796 -0.11811024 -0.19685039
vn -0.90551180 -0.41732284 -0.08661418
vn 0.79527557 0.59842521 0.13385826
vn 0.79527557 0.59842521 0.12598425
vn 0.78740156 0.60629922 0.11023622
vn 0.84251970 0.51181102 0.15748031
vn 0.96062994 0.22047244 0.15748031
vn 0.96062994 0.19685039 0.18110237
vn 0.97637796 -0.12598425 0.17322835
vn 0.96062994 0.22047244 0.16535433
vn 0.22834645 -0.96850395 0.03937008
vn 0.78740156 -0.60629922 0.12598425
vn 0.30708662 -0.95275593 0.05511811
vn 0.99212599 -0.08661418 -0.08661418
vn 0.62992126 -0.77165353 0.11811024
vn 0.96062994 0.20472440 0.18897638
vn 0.92913383 -0.36220473 0.07874016
vn 0.90551180 -0.41732284 0.07086614
vn 0.99212599 -0.03149606 0.08661418
vn 0.83464569 0.00787402 0.54330707
vn 0.71653545 -0.69291341 0.07086614
vn 0.92125982 -0.37007874 -0.09448819
vn 0.95275593 0.27559054 -0.11811024
vn 0.87401575 0.29133859 -0.39370078
vn 0.85039371 0.35433072 -0.38582677
vn 0.85826772 0.37007874 -0.37007874
vn 0.91338581 0.40944880 0.07086614
vn 0.88976377 0.39370078 -0.22834645
vn 0.78740156 0.61417323 0.05511811
vn 0.97637796 0.21259843 0.06299213
vn 0.97637796 0.20472440 0.07874016
vn 0.93700784 0.33070865 0.08661418
vn 0.67716533 0.73228347 0.05511811
vn 0.69291341 0.71653545 0.07086614
vn 0.67716533 0.73228347 0.06299213
vn 0.69291341 0.72440946 0.07086614
vn 0.66929132 0.74015749 0.00000000
vn 0.68503934 0.72440946 0.07086614
vn 0.84251970 0.52755904 0.09448819
vn 0.61417323 0.73228347 0.28346455
vn -0.93700784 0.26771653 0.20472440
vn -0.97637796 -0.14173228 0.16535433
vn -0.83464569 -0.51968503 0.19685039
vn -0.92125982 -0.03149606 0.39370078
vn -0.93700784 0.27559054 0.20472440
vn -0.99212599 -0.02362205 -0.09448819
vn -0.99212599 -0.03149606 -0.08661418
vn -0.91338581 0.39370078 -0.07086614
vn -0.99212599 -0.04724409 -0.09448819
vn -1.00000000 -0.00787402 -0.07086614
vn -0.92913383 0.35433072 -0.08661418
vn -0.88976377 0.45669290 -0.08661418
vn -0.97637796 0.08661418 -0.19685039
vn -0.81889760 0.12598425 -0.56692910
vn -0.81102359 -0.00787402 -0.58267719
vn -0.82677168 -0.00787402 -0.56692910
vn -0.64566928 0.67716533 -0.36220473
vn -0.89763778 0.37795275 -0.22047244
vn -0.62992126 0.66141731 -0.40944880
vn -0.72440946 0.69291341 -0.07086614
vn -0.87401575 0.48031497 -0.07086614
vn -0.88976377 0.44881889 -0.07086614
vn -0.71653545 0.69291341 -0.06299213
vn -0.87401575 0.48818898 0.06299213
vn -0.97637796 0.19685039 -0.07874016
vn -0.81889760 0.46456692 0.33858266
vn -0.96850395 0.19685039 0.15748031
vn -0.82677168 0.45669290 0.33070865
vn -0.90551180 0.18897638 0.37007874
vn -0.89763778 0.22834645 0.38582677
vn -0.89763778 0.25196850 0.37007874
vn -0.96062994 0.24409449 0.13385826
vn -0.88976377 0.32283464 0.32283464
vn -0.97637796 0.21259843 -0.08661418
vn -0.96850395 0.22047244 -0.07874016
vn -0.95275593 0.29921260 0.03937008
vn -0.97637796 0.22047244 -0.06299213
vn -0.97637796 0.21259843 -0.07086614
vn -0.97637796 0.20472440 -0.07874016
vn -0.97637796 0.19685039 -0.08661418
vn -0.88188976 0.21259843 -0.42519686
vn -0.80314958 0.30708662 -0.51181102
vn -0.97637796 0.20472440 -0.07086614
vn -0.91338581 0.21259843 -0.34645671
vn -0.97637796 0.19685039 -0.05511811
vn -0.82677168 0.49606299 0.26771653
vn -0.76377952 0.58267719 0.29133859
vn -0.82677168 0.52755904 0.18897638
vn -0.74803150 0.63779527 0.17322835
vn -0.82677168 0.55905509 0.07086614
vn -0.73228347 0.66141731 0.17322835
vn -0.70078743 0.70866144 0.11023622
vn -0.67716533 0.70866144 0.18897638
vn -0.56692910 0.70078743 0.43307087
vn -0.55118108 0.71653545 0.42519686
vn -0.42519686 0.88976377 0.16535433
vn -0.76377952 0.64566928 0.01574803
vn -0.71653545 0.70078743 0.07874016
vn -0.69291341 0.71653545 0.09448819
vn -0.48031497 0.87401575 0.05511811
vn -0.20472440 0.97637796 0.00787402
vn -0.69291341 0.71653545 0.08661418
vn -0.68503934 0.72440946 0.04724409
vn -0.18897638 0.97637796 0.06299213
vn -0.29133859 0.96062994 0.00787402
vn -0.17322835 0.98425198 -0.03149606
vn -0.98425198 0.17322835 -0.06299213
vn -0.92913383 0.18897638 -0.31496063
vn -0.83464569 0.18897638 -0.51968503
vn -0.77165353 0.56692910 -0.28346455
vn -0.63779527 0.74803150 -0.18897638
vn -0.79527557 0.38582677 -0.46456692
vn -0.84251970 0.18110237 -0.49606299
vn -0.56692910 0.74803150 -0.35433072
vn -0.58267719 0.74803150 -0.33070865
vn -0.57480317 0.74803150 -0.33858266
vn -0.55905509 0.75590551 -0.34645671
vn -0.52755904 0.74803150 -0.40944880
vn -0.54330707 0.75590551 -0.37007874
vn -0.57480317 0.74803150 -0.33070865
vn -0.61417323 0.75590551 -0.22047244
vn -0.67716533 0.73228347 0.03149606
vn -0.59055120 0.42519686 -0.68503934
vn -0.33858266 0.74015749 -0.58267719
vn -0.60629922 0.75590551 -0.25196850
vn -0.68503934 0.73228347 0.04724409
vn -0.57480317 0.74015749 -0.34645671
vn -0.62992126 0.74803150 -0.21259843
vn -0.28346455 0.93700784 -0.18897638
vn -0.16535433 0.98425198 -0.10236220
vn -0.68503934 0.72440946 0.05511811
vn -0.31496063 0.92913383 -0.18897638
vn -0.13385826 0.97637796 -0.14960630
vn -0.29921260 0.87401575 -0.38582677
vn -0.07874016 0.97637796 -0.20472440
vn -0.59842521 0.74015749 -0.30708662
vn -0.43307087 0.75590551 -0.48818898
vn -0.35433072 0.74803150 -0.55905509
vn -0.25196850 0.88976377 -0.37795275
vn -0.15748031 0.97637796 -0.14960630
vn -0.12598425 0.93700784 -0.33070865
vn -0.39370078 0.74803150 -0.53543305
vn -0.37795275 0.74015749 -0.55118108
vn -0.40157479 0.74015749 -0.53543305
vn -0.38582677 0.71653545 -0.57480317
vn -0.40944880 0.72440946 -0.55905509
vn -0.41732284 0.68503934 -0.59842521
vn -0.45669290 0.55118108 -0.69291341
vn -0.46456692 0.42519686 -0.77952754
vn -0.54330707 0.22047244 -0.81102359
vn -0.30708662 0.44094488 -0.84251970
vn -0.52755904 0.21259843 -0.82677168
vn -0.53543305 0.22047244 -0.81889760
vn -0.51968503 0.20472440 -0.82677168
vn -0.73228347 0.18897638 -0.65354329
vn -0.85826772 0.16535433 -0.48031497
vn -0.85826772 0.18110237 -0.48031497
vn -0.85826772 0.17322835 -0.48031497
vn -0.15748031 0.97637796 0.15748031
vn -0.18110237 0.97637796 0.08661418
vn -0.17322835 0.96850395 0.16535433
vn -0.18897638 0.98425198 0.05511811
vn -0.47244096 0.85826772 0.22047244
vn -0.59055120 0.59842521 0.53543305
vn -0.23622048 0.96850395 0.03149606
vn -0.80314958 0.59842521 -0.02362205
vn -0.26771653 0.95275593 -0.11811024
vn -0.62204725 0.49606299 -0.60629922
vn -0.17322835 0.96062994 -0.22834645
vn -0.17322835 0.92913383 -0.32283464
vn -0.13385826 0.98425198 -0.14173228
vn -0.14960630 0.97637796 -0.15748031
vn -0.06299213 0.98425198 -0.18110237
vn 0.31496063 0.90551180 0.27559054
vn 0.27559054 0.96062994 0.02362205
vn 0.56692910 0.62992126 0.52755904
vn 0.50393701 0.07086614 0.85826772
vn 0.86614174 0.50393701 0.06299213
vn 0.23622048 0.96850395 -0.10236220
vn 0.25984251 0.95275593 -0.14173228
vn 0.17322835 0.97637796 -0.11811024
vn 0.92913383 0.06299213 0.37007874
vn 0.25984251 0.95275593 -0.16535433
vn 0.14960630 0.98425198 -0.11811024
vn 0.22047244 0.89763778 -0.38582677
vn 0.62204725 0.55905509 -0.54330707
vn 0.94488192 0.06299213 -0.33070865
vn 0.02362205 0.61417323 -0.79527557
vn 0.03149606 0.96850395 -0.25196850
vn 0.00000000 0.96850395 -0.25196850
vn 0.65354329 0.21259843 -0.72440946
vn -0.66141731 0.35433072 -0.66141731
vn 0.00787402 -0.05511811 -1.00000000
vn 0.70078743 -0.13385826 -0.70078743
vn -0.59842521 0.10236220 -0.79527557
vn -0.36220473 -0.14960630 -0.92125982
vn 0.08661418 0.21259843 -0.97637796
vn 0.98425198 0.08661418 0.13385826
vn 0.57480317 0.48818898 -0.65354329
vn 0.00000000 0.61417323 -0.78740156
vn -0.56692910 0.68503934 -0.45669290
vn 0.84251970 0.41732284 -0.33070865
vn 0.83464569 0.54330707 0.08661418
vn 0.75590551 0.63779527 -0.15748031
vn 0.46456692 0.75590551 -0.46456692
vn 0.37007874 0.71653545 -0.59055120
vn 0.61417323 0.66929132 0.41732284
vn 0.85826772 0.51181102 -0.05511811
vn -0.55118108 0.37007874 -0.74803150
vn 0.16535433 0.55118108 0.81889760
vn 0.02362205 0.56692910 0.82677168
vn 0.61417323 -0.74015749 0.25984251
vn 0.71653545 0.13385826 0.68503934
vn 0.05511811 0.00000000 1.00000000
vn -0.27559054 -0.64566928 0.70866144
vn 0.28346455 -0.55118108 -0.78740156
vn 0.31496063 -0.85039371 0.41732284
vn -0.03937008 -0.85039371 0.52755904
vn 0.02362205 0.59055120 0.81102359
vn 0.40944880 0.82677168 0.37795275
vn 0.00000000 1.00000000 0.01574803
vn 0.69291341 -0.71653545 0.07874016
vn 0.46456692 -0.80314958 -0.36220473
vn 0.55905509 0.82677168 -0.04724409
vn 0.36220473 0.82677168 -0.43307087
vn -0.12598425 0.86614174 -0.48031497
vn -0.63779527 0.73228347 -0.23622048
vn -0.21259843 -0.66929132 -0.71653545
vn -0.59842521 -0.77165353 -0.19685039
vn -0.11811024 0.01574803 -0.99212599
vn -0.11811024 0.00000000 -0.99212599
vn -0.03149606 -0.95275593 -0.30708662
vn -0.65354329 0.22047244 0.72440946
vn -0.14960630 0.07086614 0.98425198
vn -0.82677168 -0.03937008 0.55905509
vn -0.42519686 0.70866144 0.56692910
vn -0.98425198 0.07874016 -0.13385826
vn -0.97637796 0.05511811 0.20472440
vn -0.69291341 0.70078743 0.16535433
vn -0.88188976 0.08661418 -0.45669290
vn -0.81102359 0.47244096 -0.33070865
vn -0.89763778 0.15748031 0.40944880
vn -0.48031497 -0.78740156 0.38582677
vn -0.59055120 -0.78740156 -0.16535433
vn -0.37795275 0.86614174 0.32283464
vn -0.49606299 -0.86614174 -0.08661418
vn -0.18110237 -0.98425198 -0.03149606
vn -0.98425198 0.03149606 -0.18897638
vn -0.98425198 0.01574803 -0.17322835
vn -0.97637796 0.00787402 -0.21259843
vn -0.03149606 -1.00000000 -0.00787402
vn -0.97637796 -0.08661418 -0.19685039
vn -0.64566928 -0.75590551 -0.11811024
vn -0.69291341 -0.71653545 -0.10236220
vn -0.99212599 0.01574803 -0.14960630
vn -0.98425198 0.06299213 -0.15748031
vn -0.84251970 0.01574803 -0.54330707
vn -0.98425198 0.00000000 -0.15748031
vn -0.89763778 -0.22834645 -0.37007874
vn -0.55905509 -0.72440946 -0.40944880
vn 0.65354329 0.74803150 -0.11023622
vn 0.63779527 0.76377952 -0.00787402
vn 0.59842521 0.73228347 -0.32283464
vn 0.59842521 0.71653545 -0.35433072
vn 0.59055120 0.73228347 -0.33858266
vn 0.59842521 0.72440946 -0.33858266
vn 0.59055120 0.74803150 -0.31496063
vn 0.62204725 0.70866144 -0.33858266
vn 0.61417323 0.70866144 -0.35433072
vn 0.62204725 0.72440946 -0.30708662
vn 0.60629922 0.72440946 -0.33070865
vn 0.60629922 0.73228347 -0.30708662
vn 0.60629922 0.74015749 -0.29921260
vn 0.60629922 0.74015749 -0.28346455
vn 0.81889760 0.44094488 -0.37007874
vn 0.59842521 0.74803150 -0.28346455
vn 0.89763778 0.18110237 -0.40944880
vn 0.89763778 0.21259843 -0.38582677
vn 0.90551180 0.18110237 -0.38582677
vn 0.74015749 0.40944880 -0.52755904
vn 0.80314958 0.20472440 -0.56692910
vn 0.60629922 0.73228347 -0.29921260
vn 0.65354329 0.19685039 -0.73228347
vn 0.63779527 0.17322835 -0.75590551
vn 0.66929132 0.22047244 -0.70866144
vn 0.48818898 0.47244096 -0.73228347
vn 0.50393701 0.42519686 -0.74803150
vn 0.36220473 0.62204725 -0.69291341
vn 0.36220473 0.44881889 -0.81889760
vn 0.35433072 0.65354329 -0.66929132
vn 0.37007874 0.62204725 -0.68503934
vn 0.32283464 0.34645671 -0.88188976
vn 0.35433072 0.66929132 -0.65354329
vn 0.36220473 0.65354329 -0.66141731
vn 0.36220473 0.66141731 -0.66141731
vn 0.17322835 0.47244096 -0.86614174
vn 0.24409449 0.29133859 -0.92125982
vn 0.10236220 0.44881889 -0.88976377
vn 0.18110237 0.63779527 -0.74803150
vn 0.03149606 0.57480317 -0.81889760
vn -0.03149606 0.30708662 -0.95275593
vn 0.07874016 0.66929132 -0.74015749
vn -0.09448819 0.27559054 -0.96062994
vn 0.17322835 0.69291341 -0.70078743
vn -0.05511811 0.45669290 -0.88976377
vn -0.16535433 0.22047244 -0.96062994
vn -0.01574803 0.66929132 -0.74015749
vn 0.18110237 0.70078743 -0.69291341
vn -0.03149606 0.69291341 -0.71653545
vn -0.02362205 0.69291341 -0.71653545
vn -0.02362205 0.71653545 -0.70078743
vn -0.01574803 0.68503934 -0.73228347
vn -0.00787402 0.70078743 -0.70866144
vn 0.00000000 0.69291341 -0.72440946
vn -0.04724409 0.66929132 -0.74015749
vn -0.04724409 0.69291341 -0.72440946
vn -0.10236220 0.74015749 -0.66141731
vn -0.04724409 0.70866144 -0.70078743
vn -0.03937008 0.73228347 -0.68503934
vn -0.19685039 0.75590551 -0.62204725
vn -0.55118108 0.22834645 -0.80314958
vn -0.04724409 0.92913383 -0.36220473
vn -0.06299213 0.70866144 -0.70078743
vn -0.07086614 0.70866144 -0.70078743
vn -0.07086614 0.69291341 -0.71653545
vn -0.06299213 0.69291341 -0.71653545
vn 0.07086614 0.91338581 -0.39370078
vn -0.01574803 0.98425198 -0.19685039
vn 0.05511811 0.98425198 -0.16535433
vn 0.35433072 0.68503934 -0.63779527
vn 0.34645671 0.69291341 -0.62992126
vn 0.34645671 0.68503934 -0.64566928
vn 0.17322835 0.94488192 -0.27559054
vn 0.11023622 0.98425198 -0.14173228
vn 0.11023622 0.98425198 -0.15748031
vn 0.20472440 0.95275593 -0.22834645
vn 0.15748031 0.98425198 -0.10236220
vn 0.42519686 0.87401575 -0.24409449
vn 0.59055120 0.74015749 -0.30708662
vn 0.52755904 0.74015749 -0.41732284
vn 0.33858266 0.68503934 -0.64566928
vn 0.52755904 0.74015749 -0.40944880
vn 0.34645671 0.66929132 -0.65354329
vn 0.46456692 0.70866144 -0.53543305
vn 0.62204725 0.73228347 -0.28346455
vn 0.62204725 0.72440946 -0.29921260
vn 0.62992126 0.72440946 -0.29133859
vn 0.74803150 0.59055120 -0.29921260
vn 0.61417323 0.73228347 -0.29133859
vn 0.61417323 0.73228347 -0.29921260
vn 0.07874016 -0.99212599 -0.11023622
vn 0.25196850 -0.89763778 -0.35433072
vn 0.50393701 -0.71653545 -0.48818898
vn 0.56692910 0.03149606 -0.81889760
vn 0.69291341 0.04724409 -0.71653545
vn 0.70866144 0.31496063 -0.63779527
vn 0.56692910 0.28346455 -0.77165353
vn 0.45669290 0.58267719 -0.66929132
vn 0.59055120 0.01574803 -0.80314958
vn 0.28346455 -0.87401575 -0.39370078
vn 0.28346455 -0.88188976 -0.37795275
vn 0.58267719 -0.33858266 -0.74015749
vn 0.59842521 0.03149606 -0.80314958
vn 0.47244096 0.59842521 -0.64566928
vn 0.44881889 0.60629922 -0.66141731
vn 0.59055120 0.29921260 -0.74803150
vn 0.48818898 0.59842521 -0.63779527
vn 0.48031497 0.60629922 -0.63779527
vn 0.51968503 0.47244096 -0.71653545
vn 0.57480317 0.36220473 -0.74015749
vn 0.59055120 0.06299213 -0.80314958
vn 0.50393701 0.59842521 -0.62204725
vn 0.50393701 0.59055120 -0.62204725
vn 0.32283464 0.60629922 -0.73228347
vn 0.39370078 0.49606299 -0.77165353
vn 0.15748031 0.59842521 -0.78740156
vn 0.19685039 0.39370078 -0.89763778
vn 0.39370078 0.38582677 -0.83464569
vn 0.19685039 0.28346455 -0.93700784
vn 0.18110237 0.03149606 -0.98425198
vn 0.41732284 0.02362205 -0.90551180
vn 0.36220473 0.10236220 -0.92125982
vn 0.25984251 0.05511811 -0.96850395
vn 0.64566928 0.01574803 -0.76377952
vn 0.59055120 -0.15748031 -0.78740156
vn 0.40157479 -0.28346455 -0.87401575
vn 0.65354329 0.02362205 -0.75590551
vn 0.69291341 0.00787402 -0.72440946
vn 0.22834645 -0.92913383 -0.28346455
vn 0.22047244 -0.79527557 -0.56692910
vn 0.17322835 -0.43307087 -0.88188976
vn -0.07874016 0.97637796 -0.19685039
vn -0.00787402 0.98425198 -0.17322835
vn 0.11811024 0.98425198 -0.14960630
vn 0.09448819 0.97637796 -0.17322835
vn -0.11023622 -0.70866144 -0.70078743
vn -0.14173228 -0.90551180 -0.40157479
vn -0.59055120 -0.03149606 -0.81102359
vn -0.40157479 0.01574803 -0.91338581
vn 0.03937008 -0.98425198 -0.18110237
vn 0.10236220 -0.88188976 -0.45669290
vn 0.21259843 0.03149606 -0.97637796
vn 0.21259843 0.02362205 -0.97637796
vn 0.22834645 0.01574803 -0.97637796
vn 0.23622048 -0.00787402 -0.96850395
vn 0.22834645 0.03937008 -0.97637796
vn 0.11023622 -0.88188976 -0.46456692
vn 0.22047244 0.03149606 -0.97637796
vn 0.20472440 0.33070865 -0.92125982
vn 0.19685039 0.37007874 -0.90551180
vn 0.02362205 -0.77165353 -0.62992126
vn -0.04724409 0.03149606 -1.00000000
vn -0.03149606 0.37007874 -0.92913383
vn -0.20472440 0.02362205 -0.97637796
vn -0.11811024 -0.77952754 -0.61417323
vn -0.06299213 -0.93700784 -0.34645671
vn -0.18110237 0.00787402 -0.98425198
vn -0.15748031 -0.51181102 -0.84251970
vn -0.18110237 0.01574803 -0.98425198
vn -0.17322835 0.01574803 -0.98425198
vn -0.15748031 0.01574803 -0.98425198
vn -0.15748031 0.03149606 -0.98425198
vn -0.16535433 0.31496063 -0.93700784
vn -0.31496063 0.37007874 -0.87401575
vn -0.59842521 0.03149606 -0.80314958
vn -0.16535433 0.45669290 -0.87401575
vn -0.14173228 0.59842521 -0.78740156
vn -0.31496063 0.60629922 -0.73228347
vn -0.47244096 0.59842521 -0.65354329
vn -0.14960630 0.59055120 -0.78740156
vn -0.14960630 0.59842521 -0.78740156
vn -0.07086614 0.60629922 -0.79527557
vn -0.14173228 0.60629922 -0.77952754
vn -0.21259843 0.43307087 -0.87401575
vn -0.51968503 0.44881889 -0.72440946
vn -0.29133859 0.03937008 -0.95275593
vn -0.16535433 0.40157479 -0.89763778
vn -0.19685039 -0.07874016 -0.97637796
vn -0.13385826 0.01574803 -0.99212599
vn -0.14173228 0.14173228 -0.97637796
vn 0.02362205 0.42519686 -0.90551180
vn 0.20472440 0.14173228 -0.96850395
vn 0.19685039 -0.11023622 -0.97637796
vn 0.30708662 -0.06299213 -0.95275593
vn 0.17322835 0.60629922 -0.77165353
vn 0.17322835 0.61417323 -0.77165353
vn 0.18897638 0.59842521 -0.77952754
vn 0.17322835 0.59842521 -0.78740156
vn 0.16535433 0.59842521 -0.77952754
vn 0.18110237 0.59842521 -0.77952754
vn 0.17322835 0.59842521 -0.77952754
vn 0.16535433 0.59842521 -0.78740156
vn 0.17322835 0.60629922 -0.77952754
vn 0.18110237 0.60629922 -0.77165353
vn -0.13385826 -0.96850395 -0.18897638
vn -0.14960630 -0.96850395 -0.21259843
vn -0.58267719 0.00787402 -0.81102359
vn -0.33070865 -0.82677168 -0.45669290
vn -0.59055120 0.02362205 -0.81102359
vn -0.56692910 0.23622048 -0.79527557
vn -0.58267719 0.01574803 -0.81102359
vn -0.51181102 0.45669290 -0.72440946
vn -0.58267719 0.02362205 -0.81102359
vn -0.55905509 0.03149606 -0.82677168
vn -0.44881889 -0.59055120 -0.67716533
vn -0.53543305 0.00000000 -0.84251970
vn -0.47244096 0.59055120 -0.65354329
vn -0.47244096 -0.50393701 -0.72440946
vn -0.55118108 0.04724409 -0.82677168
vn -0.36220473 -0.84251970 -0.40157479
vn -0.45669290 0.59842521 -0.65354329
vn -0.46456692 0.59055120 -0.66141731
vn -0.51181102 0.44094488 -0.73228347
vn -0.07874016 -0.99212599 -0.04724409
vn -0.74803150 0.03937008 -0.66929132
vn -0.85826772 0.03149606 -0.51968503
vn -0.68503934 0.08661418 -0.72440946
vn -0.79527557 0.29133859 -0.52755904
vn -0.54330707 0.55905509 -0.62204725
vn -0.53543305 0.33858266 -0.77165353
vn -0.50393701 0.59055120 -0.62992126
vn -0.45669290 0.59055120 -0.66929132
vn -0.58267719 0.60629922 -0.54330707
vn -0.45669290 0.57480317 -0.67716533
vn -0.40157479 0.26771653 -0.87401575
vn -0.45669290 0.58267719 -0.66929132
vn -0.44881889 0.59842521 -0.66141731
vn 0.89763778 0.20472440 -0.38582677
vn 0.83464569 0.43307087 -0.34645671
vn 0.90551180 0.19685039 -0.37007874
vn 0.89763778 0.22047244 -0.37795275
vn 0.81102359 0.27559054 -0.51181102
vn 0.85826772 0.21259843 -0.46456692
vn 0.66929132 0.18110237 -0.72440946
vn 0.68503934 0.18110237 -0.70078743
vn 0.74015749 0.59055120 -0.32283464
vn 0.74015749 0.54330707 -0.38582677
vn 0.88976377 0.22047244 -0.40157479
vn 0.91338581 -0.01574803 -0.40944880
vn 0.77952754 0.02362205 -0.62204725
vn 0.62204725 0.52755904 -0.58267719
vn 0.51968503 0.54330707 -0.66141731
vn 0.54330707 0.54330707 -0.64566928
vn 0.60629922 0.41732284 -0.67716533
vn 0.58267719 0.45669290 -0.66929132
vn 0.66141731 -0.01574803 -0.74803150
vn 0.64566928 -0.08661418 -0.75590551
vn 0.68503934 0.06299213 -0.72440946
vn 0.71653545 0.05511811 -0.69291341
vn 0.59842521 0.50393701 -0.62204725
vn 0.46456692 0.14960630 -0.87401575
vn 0.28346455 0.11811024 -0.95275593
vn 0.24409449 0.46456692 -0.85039371
vn 0.66141731 0.22047244 -0.71653545
vn 0.69291341 0.23622048 -0.68503934
vn 0.50393701 0.31496063 -0.80314958
vn 0.71653545 0.14173228 -0.68503934
vn 0.73228347 0.14960630 -0.66929132
vn 0.70078743 0.18897638 -0.68503934
vn 0.70078743 0.21259843 -0.67716533
vn 0.66141731 0.26771653 -0.70078743
vn 0.55905509 0.18110237 -0.80314958
vn 0.53543305 0.29133859 -0.78740156
vn 0.68503934 0.22047244 -0.69291341
vn 0.62204725 0.22047244 -0.74803150
vn 0.63779527 0.00000000 -0.77165353
vn 0.62204725 0.24409449 -0.74803150
vn 0.26771653 0.26771653 -0.92913383
vn 0.26771653 0.20472440 -0.93700784
vn 0.33858266 0.34645671 -0.87401575
vn 0.29133859 0.28346455 -0.91338581
vn 0.29921260 0.26771653 -0.91338581
vn 0.29133859 0.21259843 -0.93700784
vn 0.29133859 0.15748031 -0.94488192
vn 0.25984251 0.18897638 -0.94488192
vn 0.27559054 0.29921260 -0.91338581
vn 0.26771653 0.46456692 -0.84251970
vn -0.72440946 0.53543305 -0.44094488
vn -0.77165353 0.40944880 -0.48818898
vn -0.76377952 0.27559054 -0.58267719
vn -0.68503934 0.45669290 -0.56692910
vn -0.85826772 -0.00787402 -0.51968503
vn -0.84251970 -0.23622048 -0.48818898
vn -0.77952754 -0.37007874 -0.50393701
vn -0.78740156 -0.36220473 -0.48818898
vn -0.60629922 -0.68503934 -0.40944880
vn -0.82677168 0.21259843 -0.51968503
vn -0.85039371 0.19685039 -0.48818898
vn -0.84251970 0.21259843 -0.49606299
vn -0.72440946 0.20472440 -0.65354329
vn -0.82677168 0.20472440 -0.52755904
vn -0.83464569 0.20472440 -0.51181102
vn -0.84251970 0.20472440 -0.50393701
vn -0.66141731 0.20472440 -0.72440946
vn -0.53543305 0.21259843 -0.81889760
vn -0.55118108 0.22047244 -0.80314958
vn -0.54330707 0.19685039 -0.81102359
vn -0.28346455 0.48031497 -0.82677168
vn -0.54330707 0.21259843 -0.81102359
vn -0.53543305 0.29921260 -0.78740156
vn -0.55118108 0.21259843 -0.81102359
vn -0.53543305 0.22047244 -0.81102359
vn -0.55905509 0.21259843 -0.80314958
vn -0.51181102 0.43307087 -0.74015749
vn -0.30708662 0.38582677 -0.86614174
vn -0.37007874 0.24409449 -0.89763778
vn -0.43307087 0.62992126 -0.64566928
vn -0.43307087 0.61417323 -0.65354329
vn -0.53543305 0.20472440 -0.81889760
vn -0.51968503 0.21259843 -0.82677168
vn -0.49606299 -0.22834645 -0.83464569
vn -0.52755904 -0.15748031 -0.83464569
vn -0.57480317 -0.00787402 -0.81889760
vn -0.53543305 -0.15748031 -0.82677168
vn -0.55905509 -0.28346455 -0.77952754
vn 0.74803150 -0.38582677 -0.53543305
vn 0.28346455 -0.94488192 -0.18897638
vn 0.42519686 -0.86614174 -0.27559054
vn 0.81102359 0.03149606 -0.58267719
vn 0.82677168 0.02362205 -0.55905509
vn 0.77952754 0.30708662 -0.55118108
vn 0.84251970 -0.00787402 -0.54330707
vn 0.85039371 0.03149606 -0.52755904
vn 0.83464569 0.05511811 -0.55118108
vn 0.77165353 0.35433072 -0.52755904
vn 0.65354329 0.60629922 -0.45669290
vn 0.65354329 0.59842521 -0.46456692
vn 0.66141731 0.59842521 -0.44881889
vn 0.66141731 0.59055120 -0.47244096
vn 0.64566928 0.60629922 -0.45669290
vn 0.67716533 0.59055120 -0.44094488
vn 0.68503934 0.58267719 -0.44094488
vn 0.66929132 0.60629922 -0.43307087
vn 0.66141731 0.60629922 -0.44094488
vn 0.69291341 0.54330707 -0.47244096
vn 0.80314958 0.29133859 -0.52755904
vn 0.81102359 0.20472440 -0.55118108
vn 0.82677168 -0.08661418 -0.55905509
vn 0.86614174 -0.29921260 -0.40157479
vn 0.77952754 -0.30708662 -0.54330707
vn 0.83464569 0.00000000 -0.55118108
vn 0.66141731 0.41732284 -0.62204725
vn 0.52755904 0.62204725 -0.58267719
vn 0.66929132 0.62992126 -0.40157479
vn 0.69291341 0.59842521 -0.40944880
vn 0.62992126 0.56692910 -0.53543305
vn 0.73228347 0.56692910 -0.37007874
vn 0.70866144 0.55118108 -0.44094488
vn 0.70866144 0.57480317 -0.40944880
vn 0.70866144 0.58267719 -0.39370078
vn 0.71653545 0.57480317 -0.39370078
vn 0.72440946 0.56692910 -0.39370078
vn 0.72440946 0.56692910 -0.38582677
vn 0.73228347 0.55905509 -0.38582677
vn 0.71653545 0.58267719 -0.39370078
vn 0.71653545 0.58267719 -0.38582677
vn 0.70078743 0.57480317 -0.42519686
vn 0.74015749 0.55905509 -0.36220473
vn 0.71653545 0.57480317 -0.40157479
vn 0.73228347 0.56692910 -0.37795275
vn 0.74015749 0.56692910 -0.37007874
vn -0.54330707 -0.74803150 -0.37795275
vn -0.80314958 0.22047244 -0.55118108
vn -0.81102359 0.18110237 -0.55905509
vn -0.83464569 0.19685039 -0.51968503
vn -0.84251970 0.20472440 -0.49606299
vn -0.79527557 0.29921260 -0.52755904
vn -0.72440946 -0.50393701 -0.47244096
vn -0.83464569 -0.09448819 -0.54330707
vn -0.66141731 -0.47244096 -0.58267719
vn -0.66141731 -0.16535433 -0.73228347
vn -0.73228347 0.41732284 -0.54330707
vn -0.55905509 -0.19685039 -0.80314958
vn -0.48818898 -0.54330707 -0.68503934
vn -0.56692910 0.21259843 -0.79527557
vn -0.58267719 -0.00787402 -0.81102359
vn -0.44881889 0.61417323 -0.64566928
vn -0.67716533 0.59055120 -0.44094488
vn -0.66929132 0.59842521 -0.43307087
vn -0.65354329 0.60629922 -0.44881889
vn -0.66929132 0.59842521 -0.44881889
vn -0.66929132 0.59842521 -0.44094488
vn -0.65354329 0.60629922 -0.45669290
vn -0.66141731 0.59842521 -0.45669290
vn -0.77165353 0.34645671 -0.53543305
vn -0.82677168 0.01574803 -0.55905509
vn -0.71653545 -0.51181102 -0.46456692
vn -0.35433072 -0.90551180 -0.24409449
vn -0.81889760 0.02362205 -0.56692910
vn -0.81102359 0.01574803 -0.58267719
vn -0.62992126 -0.63779527 -0.44094488
vn -0.81102359 0.02362205 -0.59055120
vn 0.29133859 0.24409449 -0.92125982
vn 0.02362205 0.22834645 -0.97637796
vn -0.12598425 0.24409449 -0.96062994
vn -0.12598425 0.22047244 -0.96850395
vn 0.31496063 0.16535433 -0.93700784
vn -0.05511811 0.20472440 -0.97637796
vn 0.31496063 0.22047244 -0.92125982
vn -0.13385826 0.20472440 -0.96850395
vn -0.22047244 0.22047244 -0.95275593
vn -0.16535433 0.20472440 -0.96062994
vn -0.13385826 0.29921260 -0.94488192
vn -0.11023622 0.37795275 -0.92125982
vn -0.11023622 0.52755904 -0.84251970
vn 0.09448819 0.47244096 -0.87401575
vn -0.03937008 0.10236220 -0.99212599
vn -0.11023622 -0.02362205 -0.99212599
vn -0.21259843 -0.14173228 -0.96850395
vn -0.12598425 -0.01574803 -0.99212599
vn 0.31496063 0.14173228 -0.93700784
vn 0.30708662 -0.00787402 -0.95275593
vn -0.51968503 -0.55118108 0.65354329

# Mesh 'meshes[0]' with 2956 faces
g meshes[0]
usemtl tripo_material_166677d8-5789-484a-a3a5-f522022adfea
f  1/1/1 2/2/2 3/3/3
f  3/3/3 2/2/2 4/4/4
f  1/1/1 3/3/3 5/5/5
f  5/5/5 3/3/3 4/4/4
f  2/2/2 1/1/1 6/6/6
f  4/4/4 2/2/2 7/7/7
f  7/7/7 2/2/2 6/6/6
f  6/6/6 1/1/1 8/8/8
f  7/7/7 6/6/6 9/9/7
f  9/9/7 6/6/6 10/10/9
f  10/10/9 6/6/6 8/8/8
f  7/7/7 9/9/7 11/11/10
f  8/8/8 1/1/1 12/12/11
f  12/12/11 1/1/1 5/5/5
f  10/10/9 8/8/8 13/13/12
f  10/10/9 13/13/12 14/14/13
f  13/13/12 8/8/8 15/15/14
f  13/13/12 15/15/14 14/14/13
f  15/15/14 8/8/8 12/12/11
f  10/10/9 14/14/13 16/16/15
f  16/16/15 14/14/13 15/15/14
f  17/17/16 9/9/7 10/10/9
f  17/17/16 10/10/9 16/16/15
f  9/9/7 17/17/16 11/11/10
f  18/18/17 7/7/7 11/11/10
f  7/7/7 18/18/17 4/4/4
f  11/11/10 17/17/16 19/19/16
f  11/11/10 19/19/16 20/20/18
f  11/11/10 20/20/18 18/18/17
f  19/19/16 17/17/16 21/21/19
f  19/19/16 21/21/19 20/20/18
f  22/22/20 17/17/16 16/16/15
f  4/4/4 18/18/17 23/23/21
f  21/21/19 17/17/16 24/24/22
f  24/24/22 17/17/16 22/22/20
f  22/22/20 16/16/15 25/25/14
f  25/25/14 16/16/15 15/15/14
f  24/24/22 22/22/20 26/26/23
f  26/26/23 22/22/20 27/27/24
f  27/27/24 22/22/20 25/25/14
f  24/24/22 26/26/23 28/28/25
f  24/24/22 28/28/25 21/21/19
f  26/26/23 27/27/24 29/29/26
f  26/26/23 29/29/26 28/28/25
f  29/29/26 27/27/24 25/25/14
f  28/28/25 29/29/26 30/30/27
f  30/30/27 29/29/26 31/31/28
f  29/29/26 25/25/14 32/32/14
f  28/28/25 30/30/27 33/33/29
f  28/28/25 33/33/29 21/21/19
f  33/33/29 30/30/27 34/34/30
f  32/32/14 25/25/14 35/35/14
f  35/35/14 25/25/14 15/15/14
f  32/32/14 35/35/14 36/36/14
f  21/21/19 33/33/29 37/37/31
f  35/35/14 15/15/14 38/38/14
f  37/37/31 33/33/29 39/39/32
f  21/21/19 37/37/31 20/20/18
f  37/37/31 39/39/32 40/40/33
f  37/37/31 40/40/33 41/41/34
f  41/41/34 40/40/33 39/39/32
f  37/37/31 41/41/34 20/20/18
f  41/41/34 39/39/32 42/42/35
f  43/43/14 38/38/14 15/15/14
f  43/43/14 15/15/14 12/12/11
f  44/44/14 35/35/14 38/38/14
f  44/44/14 38/38/14 43/43/14
f  41/41/34 42/42/35 45/45/36
f  45/45/36 42/42/35 46/46/37
f  45/45/36 46/46/37 47/47/38
f  45/45/36 47/47/38 48/48/39
f  45/45/36 48/48/39 49/49/40
f  45/45/36 49/49/40 50/50/41
f  45/45/36 50/50/41 51/51/42
f  41/41/34 45/45/36 52/52/34
f  52/52/34 45/45/36 51/51/42
f  41/41/34 52/52/34 20/20/18
f  20/20/18 52/52/34 18/18/17
f  18/18/17 52/52/34 53/53/34
f  53/53/34 52/52/34 51/51/42
f  18/18/17 53/53/34 23/23/21
f  53/53/34 51/51/42 54/54/43
f  53/53/34 54/54/43 23/23/21
f  54/54/43 51/51/42 55/55/44
f  55/55/44 51/51/42 56/56/44
f  55/55/44 56/56/44 54/54/43
f  56/56/44 51/51/42 57/57/45
f  54/54/43 56/56/44 58/58/46
f  58/58/46 56/56/44 57/57/45
f  23/23/21 54/54/43 59/59/47
f  59/59/47 54/54/43 58/58/46
f  23/23/21 59/59/47 60/60/48
f  23/23/21 60/60/48 4/4/4
f  4/4/4 60/60/48 61/61/49
f  61/61/49 60/60/48 59/59/47
f  4/4/4 61/61/49 5/5/5
f  59/59/47 58/58/46 62/62/50
f  62/62/50 58/58/46 57/57/45
f  59/59/47 62/62/50 61/61/49
f  62/62/50 57/57/45 63/63/51
f  64/64/52 65/65/53 63/63/51
f  63/63/51 65/65/53 62/62/50
f  61/61/49 62/62/50 66/66/54
f  62/62/50 65/65/53 67/67/55
f  67/67/55 65/65/53 68/68/56
f  66/66/54 62/62/50 69/69/57
f  69/69/57 62/62/50 67/67/55
f  61/61/49 66/66/54 70/70/58
f  70/70/58 66/66/54 69/69/57
f  61/61/49 70/70/58 5/5/5
f  67/67/55 68/68/56 71/71/59
f  67/67/55 71/71/59 69/69/57
f  71/71/59 68/68/56 72/72/60
f  70/70/58 69/69/57 73/73/61
f  73/73/61 69/69/57 71/71/59
f  5/5/5 70/70/58 74/74/62
f  74/74/62 70/70/58 73/73/61
f  5/5/5 74/74/62 12/12/11
f  71/71/59 72/72/60 75/75/63
f  71/71/59 75/75/63 73/73/61
f  75/75/63 72/72/60 76/76/14
f  74/74/62 73/73/61 77/77/64
f  77/77/64 73/73/61 75/75/63
f  12/12/11 74/74/62 43/43/14
f  43/43/14 74/74/62 77/77/64
f  43/43/14 77/77/64 75/75/63
f  43/43/14 75/75/63 78/78/14
f  78/78/14 75/75/63 79/79/14
f  43/43/14 78/78/14 44/44/14
f  44/44/14 78/78/14 80/80/14
f  44/44/14 80/80/14 81/81/14
f  44/44/14 81/81/14 82/82/14
f  44/44/14 82/82/14 35/35/14
f  35/35/14 82/82/14 36/36/14
f  82/82/14 81/81/14 83/83/14
f  36/36/14 82/82/14 84/84/14
f  84/84/14 82/82/14 83/83/14
f  84/84/14 83/83/14 85/85/14
f  85/85/14 83/83/14 86/86/14
f  85/85/14 86/86/14 87/87/14
f  88/88/60 89/89/56 90/90/65
f  88/88/60 90/90/65 91/91/14
f  90/90/65 89/89/56 92/92/66
f  92/92/66 89/89/56 93/93/67
f  92/92/66 93/93/67 90/90/65
f  91/91/14 90/90/65 94/94/68
f  94/94/68 90/90/65 93/93/67
f  94/94/68 93/93/67 95/95/69
f  94/94/68 95/95/69 91/91/14
f  93/93/67 89/89/56 96/96/70
f  96/96/70 89/89/56 97/97/53
f  93/93/67 96/96/70 98/98/71
f  93/93/67 98/98/71 95/95/69
f  96/96/70 97/97/53 99/99/72
f  98/98/71 96/96/70 100/100/73
f  100/100/73 96/96/70 99/99/72
f  98/98/71 100/100/73 101/101/74
f  98/98/71 101/101/74 95/95/69
f  99/99/72 97/97/53 102/102/52
f  99/99/72 102/102/52 103/103/75
f  100/100/73 99/99/72 104/104/76
f  99/99/72 103/103/75 105/105/77
f  99/99/72 105/105/77 104/104/76
f  103/103/75 102/102/52 106/106/78
f  103/103/75 106/106/78 105/105/77
f  106/106/78 102/102/52 107/107/79
f  107/107/79 102/102/52 108/108/80
f  105/105/77 106/106/78 109/109/81
f  109/109/81 106/106/78 107/107/79
f  104/104/76 105/105/77 110/110/82
f  111/111/83 100/100/73 104/104/76
f  111/111/83 104/104/76 110/110/82
f  100/100/73 111/111/83 101/101/74
f  109/109/81 107/107/79 112/112/75
f  112/112/75 107/107/79 113/113/84
f  114/114/85 105/105/77 109/109/81
f  105/105/77 114/114/85 110/110/82
f  109/109/81 112/112/75 115/115/86
f  109/109/81 115/115/86 114/114/85
f  112/112/75 113/113/84 116/116/87
f  112/112/75 116/116/87 115/115/86
f  116/116/87 113/113/84 117/117/88
f  114/114/85 115/115/86 118/118/89
f  118/118/89 115/115/86 116/116/87
f  114/114/85 118/118/89 110/110/82
f  116/116/87 117/117/88 119/119/90
f  116/116/87 119/119/90 118/118/89
f  110/110/82 118/118/89 120/120/91
f  118/118/89 119/119/90 121/121/92
f  118/118/89 121/121/92 120/120/91
f  120/120/91 121/121/92 119/119/90
f  110/110/82 120/120/91 122/122/93
f  110/110/82 122/122/93 111/111/83
f  120/120/91 119/119/90 123/123/94
f  122/122/93 120/120/91 124/124/95
f  124/124/95 120/120/91 123/123/94
f  123/123/94 119/119/90 125/125/96
f  125/125/96 119/119/90 126/126/97
f  124/124/95 123/123/94 127/127/98
f  123/123/94 125/125/96 128/128/99
f  123/123/94 128/128/99 127/127/98
f  124/124/95 127/127/98 129/129/100
f  129/129/100 127/127/98 128/128/99
f  130/130/101 122/122/93 124/124/95
f  130/130/101 124/124/95 129/129/100
f  122/122/93 130/130/101 131/131/102
f  122/122/93 131/131/102 111/111/83
f  130/130/101 129/129/100 132/132/103
f  111/111/83 131/131/102 133/133/104
f  131/131/102 130/130/101 134/134/105
f  134/134/105 130/130/101 132/132/103
f  131/131/102 134/134/105 133/133/104
f  111/111/83 133/133/104 135/135/106
f  111/111/83 135/135/106 101/101/74
f  101/101/74 135/135/106 136/136/107
f  136/136/107 135/135/106 133/133/104
f  101/101/74 136/136/107 95/95/69
f  95/95/69 136/136/107 137/137/14
f  95/95/69 137/137/14 91/91/14
f  136/136/107 133/133/104 138/138/108
f  136/136/107 138/138/108 137/137/14
f  138/138/108 133/133/104 139/139/109
f  139/139/109 133/133/104 134/134/105
f  138/138/108 139/139/109 140/140/110
f  138/138/108 140/140/110 137/137/14
f  139/139/109 134/134/105 141/141/111
f  139/139/109 141/141/111 140/140/110
f  141/141/111 134/134/105 142/142/112
f  142/142/112 134/134/105 143/143/113
f  142/142/112 143/143/113 141/141/111
f  143/143/113 134/134/105 132/132/103
f  140/140/110 141/141/111 144/144/114
f  144/144/114 141/141/111 143/143/113
f  140/140/110 144/144/114 145/145/14
f  140/140/110 145/145/14 137/137/14
f  144/144/114 143/143/113 146/146/115
f  144/144/114 146/146/115 145/145/14
f  146/146/115 143/143/113 147/147/116
f  145/145/14 146/146/115 148/148/117
f  148/148/117 146/146/115 147/147/116
f  137/137/14 145/145/14 149/149/14
f  147/147/116 143/143/113 150/150/118
f  150/150/118 143/143/113 132/132/103
f  148/148/117 147/147/116 151/151/119
f  151/151/119 147/147/116 150/150/118
f  145/145/14 148/148/117 152/152/120
f  152/152/120 148/148/117 151/151/119
f  145/145/14 152/152/120 149/149/14
f  150/150/118 132/132/103 153/153/121
f  151/151/119 150/150/118 154/154/122
f  151/151/119 154/154/122 152/152/120
f  154/154/122 150/150/118 155/155/123
f  154/154/122 155/155/123 156/156/124
f  156/156/124 155/155/123 157/157/125
f  156/156/124 157/157/125 158/158/126
f  156/156/124 158/158/126 154/154/122
f  152/152/120 154/154/122 159/159/127
f  159/159/127 154/154/122 158/158/126
f  152/152/120 159/159/127 149/149/14
f  159/159/127 158/158/126 160/160/128
f  159/159/127 160/160/128 149/149/14
f  160/160/128 158/158/126 161/161/129
f  149/149/14 160/160/128 162/162/14
f  149/149/14 162/162/14 163/163/14
f  149/149/14 163/163/14 137/137/14
f  137/137/14 163/163/14 164/164/14
f  137/137/14 164/164/14 91/91/14
f  165/165/14 163/163/14 166/166/14
f  163/163/14 165/165/14 164/164/14
f  164/164/14 165/165/14 167/167/14
f  91/91/14 164/164/14 168/168/14
f  91/91/14 168/168/14 169/169/63
f  168/168/14 164/164/14 170/170/14
f  168/168/14 170/170/14 171/171/14
f  170/170/14 164/164/14 172/172/14
f  172/172/14 164/164/14 167/167/14
f  170/170/14 172/172/14 173/173/14
f  173/173/14 172/172/14 167/167/14
f  173/173/14 167/167/14 174/174/14
f  173/173/14 174/174/14 175/175/14
f  176/176/30 177/177/130 178/178/29
f  178/178/29 177/177/130 179/179/32
f  177/177/130 176/176/30 180/180/131
f  180/180/131 176/176/30 181/181/27
f  179/179/32 177/177/130 182/182/132
f  179/179/32 182/182/132 183/183/35
f  183/183/35 182/182/132 184/184/37
f  182/182/132 177/177/130 185/185/132
f  184/184/37 182/182/132 186/186/133
f  186/186/133 182/182/132 185/185/132
f  184/184/37 186/186/133 187/187/38
f  187/187/38 186/186/133 188/188/134
f  187/187/38 188/188/134 189/189/39
f  186/186/133 185/185/132 190/190/132
f  186/186/133 190/190/132 188/188/134
f  191/191/135 185/185/132 177/177/130
f  191/191/135 177/177/130 180/180/131
f  190/190/132 185/185/132 192/192/136
f  192/192/136 185/185/132 193/193/136
f  193/193/136 185/185/132 191/191/135
f  190/190/132 192/192/136 194/194/137
f  194/194/137 192/192/136 193/193/136
f  194/194/137 193/193/136 195/195/138
f  194/194/137 195/195/138 196/196/139
f  194/194/137 196/196/139 190/190/132
f  190/190/132 196/196/139 197/197/140
f  190/190/132 197/197/140 188/188/134
f  197/197/140 196/196/139 198/198/141
f  197/197/140 198/198/141 199/199/142
f  188/188/134 197/197/140 200/200/143
f  200/200/143 197/197/140 199/199/142
f  188/188/134 200/200/143 201/201/144
f  188/188/134 201/201/144 189/189/39
f  189/189/39 201/201/144 202/202/145
f  189/189/39 202/202/145 203/203/146
f  202/202/145 201/201/144 204/204/147
f  204/204/147 201/201/144 200/200/143
f  202/202/145 204/204/147 205/205/148
f  200/200/143 199/199/142 206/206/149
f  200/200/143 206/206/149 204/204/147
f  206/206/149 199/199/142 207/207/150
f  204/204/147 206/206/149 208/208/151
f  208/208/151 206/206/149 207/207/150
f  209/209/28 210/210/26 211/211/14
f  180/180/131 181/181/27 209/209/28
f  209/209/28 211/211/14 212/212/152
f  180/180/131 209/209/28 213/213/153
f  213/213/153 209/209/28 212/212/152
f  180/180/131 213/213/153 214/214/154
f  180/180/131 214/214/154 191/191/135
f  213/213/153 212/212/152 215/215/155
f  215/215/155 212/212/152 211/211/14
f  213/213/153 215/215/155 216/216/156
f  213/213/153 216/216/156 214/214/154
f  215/215/155 211/211/14 217/217/14
f  215/215/155 217/217/14 216/216/156
f  214/214/154 216/216/156 218/218/157
f  218/218/157 216/216/156 217/217/14
f  214/214/154 218/218/157 219/219/158
f  217/217/14 211/211/14 220/220/14
f  220/220/14 211/211/14 221/221/14
f  218/218/157 217/217/14 222/222/159
f  218/218/157 222/222/159 219/219/158
f  220/220/14 221/221/14 223/223/14
f  222/222/159 217/217/14 224/224/14
f  224/224/14 217/217/14 220/220/14
f  222/222/159 224/224/14 225/225/160
f  222/222/159 225/225/160 226/226/161
f  222/222/159 226/226/161 219/219/158
f  224/224/14 220/220/14 227/227/14
f  227/227/14 220/220/14 223/223/14
f  224/224/14 227/227/14 228/228/14
f  227/227/14 223/223/14 229/229/14
f  219/219/158 226/226/161 230/230/162
f  229/229/14 223/223/14 231/231/14
f  229/229/14 231/231/14 232/232/14
f  231/231/14 223/223/14 233/233/14
f  232/232/14 231/231/14 234/234/14
f  234/234/14 231/231/14 233/233/14
f  234/234/14 233/233/14 235/235/14
f  234/234/14 235/235/14 236/236/14
f  219/219/158 230/230/162 237/237/163
f  237/237/163 230/230/162 238/238/164
f  238/238/164 230/230/162 239/239/165
f  219/219/158 237/237/163 240/240/166
f  240/240/166 237/237/163 238/238/164
f  219/219/158 240/240/166 214/214/154
f  238/238/164 239/239/165 241/241/167
f  214/214/154 240/240/166 191/191/135
f  191/191/135 240/240/166 238/238/164
f  238/238/164 241/241/167 193/193/136
f  238/238/164 193/193/136 191/191/135
f  242/242/51 243/243/80 244/244/52
f  243/243/80 242/242/51 245/245/168
f  243/243/80 245/245/168 246/246/79
f  245/245/168 242/242/51 247/247/45
f  246/246/79 245/245/168 248/248/169
f  246/246/79 248/248/169 249/249/170
f  245/245/168 247/247/45 250/250/171
f  245/245/168 250/250/171 248/248/169
f  248/248/169 250/250/171 251/251/172
f  251/251/172 250/250/171 247/247/45
f  248/248/169 251/251/172 249/249/170
f  251/251/172 247/247/45 252/252/173
f  252/252/173 247/247/45 253/253/42
f  249/249/170 251/251/172 254/254/174
f  249/249/170 254/254/174 255/255/84
f  255/255/84 254/254/174 256/256/175
f  254/254/174 251/251/172 257/257/176
f  254/254/174 257/257/176 256/256/175
f  252/252/173 253/253/42 258/258/41
f  251/251/172 252/252/173 259/259/177
f  251/251/172 259/259/177 257/257/176
f  252/252/173 258/258/41 260/260/178
f  259/259/177 252/252/173 261/261/179
f  261/261/179 252/252/173 260/260/178
f  259/259/177 261/261/179 257/257/176
f  260/260/178 258/258/41 262/262/40
f  261/261/179 260/260/178 263/263/180
f  263/263/180 260/260/178 262/262/40
f  257/257/176 261/261/179 264/264/181
f  265/265/182 256/256/175 257/257/176
f  265/265/182 257/257/176 264/264/181
f  256/256/175 265/265/182 266/266/183
f  266/266/183 265/265/182 267/267/184
f  267/267/184 265/265/182 268/268/184
f  268/268/184 265/265/182 264/264/181
f  269/269/185 261/261/179 263/263/180
f  261/261/179 269/269/185 264/264/181
f  269/269/185 263/263/180 270/270/186
f  270/270/186 263/263/180 262/262/40
f  264/264/181 269/269/185 271/271/187
f  270/270/186 262/262/40 272/272/188
f  272/272/188 262/262/40 273/273/189
f  273/273/189 262/262/40 274/274/39
f  272/272/188 273/273/189 275/275/190
f  272/272/188 275/275/190 270/270/186
f  269/269/185 270/270/186 276/276/191
f  276/276/191 270/270/186 275/275/190
f  269/269/185 276/276/191 271/271/187
f  275/275/190 273/273/189 277/277/192
f  276/276/191 275/275/190 278/278/193
f  276/276/191 278/278/193 271/271/187
f  275/275/190 277/277/192 279/279/194
f  275/275/190 279/279/194 278/278/193
f  278/278/193 279/279/194 277/277/192
f  278/278/193 277/277/192 280/280/195
f  271/271/187 278/278/193 281/281/196
f  281/281/196 278/278/193 280/280/195
f  280/280/195 277/277/192 282/282/197
f  283/283/198 284/284/199 282/282/197
f  282/282/197 284/284/199 285/285/200
f  282/282/197 285/285/200 286/286/200
f  282/282/197 286/286/200 280/280/195
f  286/286/200 285/285/200 287/287/201
f  286/286/200 287/287/201 288/288/202
f  286/286/200 288/288/202 280/280/195
f  280/280/195 288/288/202 289/289/201
f  280/280/195 289/289/201 281/281/196
f  289/289/201 288/288/202 290/290/203
f  289/289/201 290/290/203 281/281/196
f  291/291/204 271/271/187 281/281/196
f  281/281/196 290/290/203 292/292/205
f  281/281/196 292/292/205 291/291/204
f  271/271/187 291/291/204 293/293/206
f  293/293/206 291/291/204 292/292/205
f  271/271/187 293/293/206 264/264/181
f  264/264/181 293/293/206 268/268/184
f  293/293/206 292/292/205 294/294/207
f  292/292/205 290/290/203 295/295/208
f  295/295/208 290/290/203 296/296/209
f  294/294/207 292/292/205 297/297/210
f  295/295/208 296/296/209 298/298/211
f  298/298/211 296/296/209 299/299/212
f  292/292/205 295/295/208 300/300/213
f  300/300/213 295/295/208 298/298/211
f  292/292/205 300/300/213 297/297/210
f  300/300/213 298/298/211 301/301/214
f  300/300/213 301/301/214 297/297/210
f  297/297/210 301/301/214 294/294/207
f  294/294/207 301/301/214 293/293/206
f  301/301/214 298/298/211 302/302/215
f  301/301/214 302/302/215 303/303/216
f  293/293/206 301/301/214 304/304/217
f  304/304/217 301/301/214 303/303/216
f  293/293/206 304/304/217 268/268/184
f  267/267/184 268/268/184 303/303/216
f  268/268/184 304/304/217 305/305/218
f  268/268/184 305/305/218 303/303/216
f  305/305/218 304/304/217 306/306/184
f  306/306/184 304/304/217 303/303/216
f  306/306/184 303/303/216 305/305/218
f  307/307/146 308/308/148 309/309/189
f  307/307/146 309/309/189 310/310/39
f  308/308/148 307/307/146 311/311/145
f  309/309/189 308/308/148 312/312/192
f  312/312/192 308/308/148 313/313/219
f  312/312/192 313/313/219 314/314/197
f  315/315/151 308/308/148 316/316/147
f  308/308/148 315/315/151 313/313/219
f  313/313/219 315/315/151 317/317/220
f  313/313/219 317/317/220 318/318/221
f  314/314/197 313/313/219 319/319/222
f  319/319/222 313/313/219 318/318/221
f  318/318/221 317/317/220 320/320/223
f  318/318/221 320/320/223 319/319/222
f  314/314/197 319/319/222 321/321/198
f  319/319/222 320/320/223 322/322/224
f  321/321/198 319/319/222 323/323/224
f  323/323/224 319/319/222 322/322/224
f  322/322/224 320/320/223 324/324/225
f  324/324/225 320/320/223 325/325/226
f  322/322/224 324/324/225 326/326/227
f  326/326/227 324/324/225 325/325/226
f  323/323/224 322/322/224 327/327/228
f  327/327/228 322/322/224 326/326/227
f  321/321/198 323/323/224 328/328/229
f  321/321/198 328/328/229 329/329/199
f  323/323/224 327/327/228 330/330/229
f  323/323/224 330/330/229 328/328/229
f  328/328/229 330/330/229 331/331/225
f  328/328/229 331/331/225 329/329/199
f  331/331/225 330/330/229 327/327/228
f  329/329/199 331/331/225 332/332/224
f  331/331/225 327/327/228 333/333/230
f  333/333/230 327/327/228 326/326/227
f  332/332/224 331/331/225 334/334/231
f  334/334/231 331/331/225 333/333/230
f  332/332/224 334/334/231 335/335/232
f  335/335/232 334/334/231 336/336/233
f  336/336/233 334/334/231 337/337/234
f  337/337/234 334/334/231 338/338/235
f  338/338/235 334/334/231 333/333/230
f  338/338/235 333/333/230 339/339/236
f  339/339/236 333/333/230 340/340/237
f  340/340/237 333/333/230 326/326/227
f  340/340/237 326/326/227 341/341/238
f  340/340/237 341/341/238 342/342/239
f  341/341/238 326/326/227 343/343/240
f  342/342/239 341/341/238 343/343/240
f  341/341/238 343/343/240 344/343/241
f  341/341/238 344/343/241 343/343/240
f  344/343/241 343/343/240 345/344/240
f  344/343/241 345/344/240 343/343/240
f  345/344/240 343/343/240 326/326/227
f  343/343/240 345/344/240 342/342/239
f  345/344/240 326/326/227 325/325/226
f  345/344/240 325/325/226 342/342/239
f  346/345/216 347/346/215 348/347/242
f  346/345/216 348/347/242 349/348/184
f  349/348/184 348/347/242 350/349/243
f  349/348/184 350/349/243 351/350/183
f  351/350/183 350/349/243 352/351/244
f  352/351/244 350/349/243 348/347/242
f  351/350/183 352/351/244 353/352/245
f  351/350/183 353/352/245 354/353/175
f  354/353/175 353/352/245 355/354/84
f  355/354/84 353/352/245 356/355/246
f  356/355/246 353/352/245 357/356/247
f  355/354/84 356/355/246 358/357/248
f  358/357/248 356/355/246 357/356/247
f  358/357/248 357/356/247 353/352/245
f  355/354/84 358/357/248 359/358/88
f  358/357/248 353/352/245 360/359/249
f  358/357/248 360/359/249 359/358/88
f  360/359/249 353/352/245 352/351/244
f  359/358/88 360/359/249 361/360/90
f  360/359/249 352/351/244 362/361/250
f  360/359/249 362/361/250 361/360/90
f  361/360/90 362/361/250 363/362/251
f  361/360/90 363/362/251 364/363/97
f  364/363/97 363/362/251 365/364/252
f  365/364/252 363/362/251 362/361/250
f  364/363/97 365/364/252 366/365/96
f  362/361/250 352/351/244 367/366/253
f  365/364/252 362/361/250 368/367/254
f  368/367/254 362/361/250 367/366/253
f  367/366/253 352/351/244 348/347/242
f  366/365/96 365/364/252 369/368/255
f  369/368/255 365/364/252 368/367/254
f  366/365/96 369/368/255 370/369/256
f  367/366/253 348/347/242 371/370/257
f  368/367/254 367/366/253 372/371/258
f  372/371/258 367/366/253 371/370/257
f  368/367/254 372/371/258 373/372/67
f  368/367/254 373/372/67 374/373/259
f  374/373/259 373/372/67 372/371/258
f  368/367/254 374/373/259 369/368/255
f  371/370/257 348/347/242 375/374/260
f  375/374/260 348/347/242 376/375/261
f  376/375/261 348/347/242 347/346/215
f  376/375/261 347/346/215 377/376/211
f  376/375/261 377/376/211 378/377/212
f  379/378/262 380/379/263 378/377/212
f  378/377/212 380/379/263 376/375/261
f  376/375/261 380/379/263 381/380/264
f  381/380/264 380/379/263 382/381/265
f  381/380/264 382/381/265 376/375/261
f  382/381/265 380/379/263 383/382/266
f  376/375/261 382/381/265 384/383/267
f  384/383/267 382/381/265 383/382/266
f  376/375/261 384/383/267 375/374/260
f  384/383/267 383/382/266 385/384/268
f  384/383/267 385/384/268 386/385/269
f  375/374/260 384/383/267 387/386/270
f  375/374/260 387/386/270 371/370/257
f  371/370/257 387/386/270 388/387/271
f  371/370/257 388/387/271 372/371/258
f  388/387/271 387/386/270 389/388/272
f  388/387/271 389/388/272 372/371/258
f  387/386/270 384/383/267 390/389/273
f  387/386/270 390/389/273 389/388/272
f  391/390/274 384/383/267 386/385/269
f  384/383/267 391/390/274 390/389/273
f  391/390/274 386/385/269 392/391/274
f  392/391/274 386/385/269 393/392/275
f  392/391/274 393/392/275 390/389/273
f  391/390/274 392/391/274 394/393/271
f  391/390/274 394/393/271 395/394/276
f  395/394/276 394/393/271 392/391/274
f  391/390/274 395/394/276 390/389/273
f  390/389/273 395/394/276 392/391/274
f  390/389/273 393/392/275 396/395/277
f  396/395/277 393/392/275 397/396/278
f  398/397/279 389/388/272 390/389/273
f  398/397/279 390/389/273 396/395/277
f  399/398/280 396/395/277 400/399/281
f  396/395/277 399/398/280 401/400/282
f  396/395/277 401/400/282 398/397/279
f  401/400/282 399/398/280 402/401/283
f  401/400/282 402/401/283 398/397/279
f  398/397/279 402/401/283 403/402/284
f  398/397/279 403/402/284 404/403/285
f  398/397/279 404/403/285 389/388/272
f  404/403/285 403/402/284 405/404/286
f  389/388/272 404/403/285 406/405/287
f  406/405/287 404/403/285 405/404/286
f  389/388/272 406/405/287 372/371/258
f  407/406/288 405/404/286 408/407/289
f  405/404/286 407/406/288 406/405/287
f  372/371/258 406/405/287 409/408/290
f  372/371/258 409/408/290 374/373/259
f  406/405/287 407/406/288 369/368/255
f  374/373/259 409/408/290 410/409/291
f  409/408/290 406/405/287 411/410/292
f  409/408/290 411/410/292 410/409/291
f  411/410/292 406/405/287 369/368/255
f  411/410/292 369/368/255 374/373/259
f  374/373/259 410/409/291 412/411/293
f  374/373/259 412/411/293 411/410/292
f  411/410/292 412/411/293 410/409/291
f  413/412/294 369/368/255 407/406/288
f  369/368/255 413/412/294 370/369/256
f  370/369/256 413/412/294 414/413/295
f  413/412/294 407/406/288 415/414/296
f  413/412/294 415/414/296 414/413/295
f  415/414/296 407/406/288 416/415/297
f  415/414/296 416/415/297 417/416/298
f  414/413/295 415/414/296 418/417/299
f  418/417/299 415/414/296 417/416/298
f  418/417/299 417/416/298 419/418/300
f  418/417/299 419/418/300 420/419/301
f  418/417/299 420/419/301 421/420/301
f  422/421/170 423/422/84 424/423/79
f  425/424/203 426/425/302 427/426/209
f  426/425/302 425/424/203 428/427/202
f  427/426/209 426/425/302 429/428/303
f  427/426/209 429/428/303 430/429/212
f  430/429/212 429/428/303 431/430/262
f  426/425/302 428/427/202 432/431/304
f  432/431/304 428/427/202 433/432/201
f  432/431/304 433/432/201 434/433/200
f  432/431/304 434/433/200 435/434/199
f  431/430/262 429/428/303 436/435/305
f  431/430/262 436/435/305 437/436/263
f  432/431/304 435/434/199 438/437/306
f  438/437/306 435/434/199 439/438/232
f  438/437/306 439/438/232 432/431/304
f  439/438/232 435/434/199 440/439/224
f  432/431/304 439/438/232 441/440/307
f  441/440/307 439/438/232 442/441/233
f  432/431/304 441/440/307 443/442/308
f  432/431/304 443/442/308 426/425/302
f  441/440/307 442/441/233 444/443/309
f  441/440/307 444/443/309 443/442/308
f  444/443/309 442/441/233 445/444/310
f  445/444/310 442/441/233 446/445/234
f  445/444/310 446/445/234 447/446/311
f  444/443/309 445/444/310 448/447/312
f  448/447/312 445/444/310 447/446/311
f  443/442/308 444/443/309 449/448/313
f  449/448/313 444/443/309 448/447/312
f  450/449/314 426/425/302 443/442/308
f  450/449/314 443/442/308 449/448/313
f  448/447/312 447/446/311 451/450/315
f  451/450/315 447/446/311 452/451/316
f  448/447/312 451/450/315 453/452/317
f  453/452/317 451/450/315 452/451/316
f  448/447/312 453/452/317 454/453/318
f  448/447/312 454/453/318 449/448/313
f  453/452/317 452/451/316 455/454/319
f  454/453/318 453/452/317 456/455/320
f  456/455/320 453/452/317 455/454/319
f  454/453/318 456/455/320 457/456/321
f  457/456/321 456/455/320 455/454/319
f  455/454/319 452/451/316 458/457/322
f  458/457/322 452/451/316 459/458/323
f  455/454/319 458/457/322 460/459/324
f  460/459/324 458/457/322 461/460/325
f  455/454/319 460/459/324 462/461/326
f  455/454/319 462/461/326 457/456/321
f  460/459/324 461/460/325 463/462/327
f  463/462/327 461/460/325 464/463/328
f  462/461/326 460/459/324 465/464/329
f  462/461/326 465/464/329 457/456/321
f  465/464/329 460/459/324 463/462/327
f  463/462/327 464/463/328 466/465/330
f  463/462/327 466/465/330 467/466/331
f  465/464/329 463/462/327 468/467/332
f  468/467/332 463/462/327 467/466/331
f  457/456/321 465/464/329 469/468/333
f  457/456/321 469/468/333 470/469/334
f  457/456/321 470/469/334 454/453/318
f  469/468/333 465/464/329 471/470/335
f  471/470/335 465/464/329 468/467/332
f  469/468/333 471/470/335 472/471/336
f  469/468/333 472/471/336 470/469/334
f  470/469/334 472/471/336 471/470/335
f  454/453/318 470/469/334 473/472/334
f  454/453/318 473/472/334 449/448/313
f  473/472/334 470/469/334 474/473/337
f  473/472/334 474/473/337 449/448/313
f  474/473/337 470/469/334 471/470/335
f  475/474/338 471/470/335 468/467/332
f  475/474/338 468/467/332 467/466/331
f  475/474/338 467/466/331 476/475/339
f  476/475/339 467/466/331 477/476/340
f  476/475/339 477/476/340 478/477/341
f  475/474/338 476/475/339 479/478/342
f  475/474/338 479/478/342 471/470/335
f  476/475/339 478/477/341 480/479/343
f  476/475/339 480/479/343 479/478/342
f  480/479/343 478/477/341 481/480/344
f  471/470/335 479/478/342 482/481/345
f  482/481/345 479/478/342 480/479/343
f  471/470/335 482/481/345 474/473/337
f  480/479/343 481/480/344 483/482/346
f  483/482/346 481/480/344 484/483/347
f  483/482/346 484/483/347 485/484/348
f  480/479/343 483/482/346 486/485/349
f  480/479/343 486/485/349 482/481/345
f  483/482/346 485/484/348 487/486/350
f  487/486/350 485/484/348 488/487/351
f  486/485/349 483/482/346 489/488/352
f  486/485/349 489/488/352 482/481/345
f  483/482/346 487/486/350 490/489/353
f  483/482/346 490/489/353 489/488/352
f  482/481/345 489/488/352 491/490/354
f  491/490/354 489/488/352 490/489/353
f  482/481/345 491/490/354 492/491/355
f  482/481/345 492/491/355 474/473/337
f  492/491/355 491/490/354 493/492/356
f  492/491/355 493/492/356 474/473/337
f  494/493/357 490/489/353 487/486/350
f  491/490/354 490/489/353 495/494/358
f  495/494/358 490/489/353 494/493/357
f  494/493/357 487/486/350 496/495/359
f  494/493/357 496/495/359 495/494/358
f  496/495/359 487/486/350 488/487/351
f  491/490/354 495/494/358 497/496/360
f  491/490/354 497/496/360 493/492/356
f  497/496/360 495/494/358 498/497/361
f  497/496/360 498/497/361 493/492/356
f  496/495/359 488/487/351 499/498/362
f  499/498/362 488/487/351 500/499/363
f  501/500/364 495/494/358 496/495/359
f  495/494/358 501/500/364 498/497/361
f  501/500/364 496/495/359 502/501/365
f  502/501/365 496/495/359 499/498/362
f  499/498/362 500/499/363 503/502/366
f  501/500/364 502/501/365 504/503/367
f  498/497/361 501/500/364 505/504/368
f  505/504/368 501/500/364 504/503/367
f  498/497/361 505/504/368 506/505/369
f  498/497/361 506/505/369 507/506/370
f  498/497/361 507/506/370 493/492/356
f  506/505/369 505/504/368 436/435/305
f  506/505/369 436/435/305 507/506/370
f  505/504/368 504/503/367 508/507/268
f  505/504/368 508/507/268 436/435/305
f  436/435/305 508/507/268 437/436/263
f  437/436/263 508/507/268 509/508/266
f  508/507/268 504/503/367 510/509/269
f  507/506/370 436/435/305 429/428/303
f  510/509/269 504/503/367 511/510/371
f  511/510/371 504/503/367 502/501/365
f  510/509/269 511/510/371 512/511/275
f  513/512/372 493/492/356 507/506/370
f  493/492/356 513/512/372 474/473/337
f  474/473/337 513/512/372 514/513/373
f  474/473/337 514/513/373 449/448/313
f  513/512/372 507/506/370 515/514/374
f  513/512/372 515/514/374 514/513/373
f  514/513/373 515/514/374 449/448/313
f  515/514/374 507/506/370 429/428/303
f  449/448/313 515/514/374 516/515/375
f  449/448/313 516/515/375 450/449/314
f  450/449/314 516/515/375 515/514/374
f  450/449/314 429/428/303 426/425/302
f  515/514/374 429/428/303 517/516/376
f  515/514/374 517/516/376 450/449/314
f  450/449/314 517/516/376 429/428/303
f  518/517/278 512/511/275 519/518/377
f  518/517/278 519/518/377 520/519/378
f  520/519/378 519/518/377 503/502/366
f  503/502/366 519/518/377 512/511/275
f  503/502/366 512/511/275 511/510/371
f  503/502/366 511/510/371 521/520/379
f  503/502/366 521/520/379 499/498/362
f  521/520/379 511/510/371 522/521/379
f  499/498/362 521/520/379 523/522/380
f  523/522/380 521/520/379 522/521/379
f  523/522/380 522/521/379 511/510/371
f  499/498/362 523/522/380 502/501/365
f  502/501/365 523/522/380 511/510/371
f  524/523/161 525/524/160 526/525/162
f  526/525/162 525/524/160 527/526/381
f  526/525/162 527/526/381 528/527/165
f  527/526/381 525/524/160 529/528/381
f  529/528/381 525/524/160 530/529/382
f  530/529/382 525/524/160 531/530/14
f  530/529/382 531/530/14 532/531/14
f  529/528/381 530/529/382 533/532/383
f  533/532/383 530/529/382 532/531/14
f  529/528/381 533/532/383 534/533/384
f  529/528/381 534/533/384 527/526/381
f  533/532/383 532/531/14 535/534/385
f  533/532/383 535/534/385 536/535/386
f  533/532/383 536/535/386 534/533/384
f  535/534/385 532/531/14 537/536/14
f  537/536/14 532/531/14 538/537/14
f  538/537/14 532/531/14 539/538/14
f  538/537/14 539/538/14 540/539/14
f  538/537/14 540/539/14 541/540/14
f  541/540/14 540/539/14 542/541/14
f  541/540/14 542/541/14 543/542/14
f  543/542/14 542/541/14 544/543/14
f  538/537/14 541/540/14 545/544/14
f  538/537/14 545/544/14 546/545/14
f  538/537/14 546/545/14 537/536/14
f  537/536/14 546/545/14 547/546/387
f  537/536/14 547/546/387 548/547/388
f  548/547/388 547/546/387 549/548/389
f  550/549/390 535/534/385 537/536/14
f  537/536/14 548/547/388 551/550/391
f  537/536/14 551/550/391 550/549/390
f  548/547/388 549/548/389 552/551/392
f  548/547/388 552/551/392 551/550/391
f  552/551/392 549/548/389 553/552/393
f  553/552/393 549/548/389 554/553/394
f  552/551/392 553/552/393 555/554/395
f  555/554/395 553/552/393 554/553/394
f  550/549/390 536/535/386 535/534/385
f  552/551/392 555/554/395 536/535/386
f  552/551/392 536/535/386 551/550/391
f  536/535/386 550/549/390 556/555/396
f  536/535/386 556/555/396 551/550/391
f  556/555/396 550/549/390 557/556/397
f  556/555/396 557/556/397 551/550/391
f  557/556/397 550/549/390 558/557/398
f  558/557/398 550/549/390 551/550/391
f  558/557/398 551/550/391 557/556/397
f  555/554/395 534/533/384 536/535/386
f  559/558/399 555/554/395 554/553/394
f  559/558/399 554/553/394 560/559/400
f  534/533/384 555/554/395 561/560/401
f  559/558/399 560/559/400 562/561/402
f  562/561/402 560/559/400 563/562/403
f  555/554/395 559/558/399 564/563/402
f  564/563/402 559/558/399 562/561/402
f  555/554/395 564/563/402 565/564/404
f  555/554/395 565/564/404 561/560/401
f  565/564/404 564/563/402 566/565/405
f  565/564/404 566/565/405 561/560/401
f  564/563/402 562/561/402 567/566/406
f  567/566/406 562/561/402 563/562/403
f  564/563/402 567/566/406 566/565/405
f  567/566/406 563/562/403 568/567/407
f  566/565/405 567/566/406 569/568/408
f  569/568/408 567/566/406 568/567/407
f  561/560/401 566/565/405 570/569/409
f  571/570/410 534/533/384 561/560/401
f  534/533/384 571/570/410 527/526/381
f  561/560/401 570/569/409 572/571/411
f  561/560/401 572/571/411 571/570/410
f  570/569/409 566/565/405 573/572/409
f  573/572/409 566/565/405 569/568/408
f  572/571/411 570/569/409 574/573/167
f  572/571/411 574/573/167 528/527/165
f  572/571/411 528/527/165 575/574/412
f  575/574/412 528/527/165 527/526/381
f  572/571/411 575/574/412 571/570/410
f  576/575/413 527/526/381 571/570/410
f  527/526/381 576/575/413 575/574/412
f  576/575/413 571/570/410 577/576/414
f  576/575/413 577/576/414 575/574/412
f  571/570/410 575/574/412 578/577/414
f  571/570/410 578/577/414 577/576/414
f  577/576/414 578/577/414 575/574/412
f  579/578/138 574/573/167 570/569/409
f  574/573/167 579/578/138 580/579/136
f  579/578/138 570/569/409 581/580/415
f  581/580/415 570/569/409 573/572/409
f  579/578/138 581/580/415 582/581/416
f  581/580/415 573/572/409 583/582/417
f  581/580/415 583/582/417 582/581/416
f  579/578/138 582/581/416 584/583/139
f  583/582/417 573/572/409 569/568/408
f  584/583/139 582/581/416 585/584/418
f  584/583/139 585/584/418 586/585/141
f  586/585/141 585/584/418 582/581/416
f  586/585/141 582/581/416 583/582/417
f  583/582/417 569/568/408 587/586/419
f  583/582/417 587/586/419 586/585/141
f  587/586/419 569/568/408 588/587/420
f  586/585/141 587/586/419 589/588/421
f  586/585/141 589/588/421 590/589/142
f  590/589/142 589/588/421 591/590/150
f  589/588/421 587/586/419 592/591/422
f  591/590/150 589/588/421 593/592/423
f  593/592/423 589/588/421 592/591/422
f  591/590/150 593/592/423 594/593/424
f  591/590/150 594/593/424 595/594/151
f  593/592/423 592/591/422 596/595/425
f  593/592/423 596/595/425 594/593/424
f  592/591/422 587/586/419 597/596/426
f  597/596/426 587/586/419 588/587/420
f  596/595/425 592/591/422 598/597/427
f  598/597/427 592/591/422 597/596/426
f  594/593/424 596/595/425 599/598/428
f  599/598/428 596/595/425 598/597/427
f  594/593/424 599/598/428 600/599/223
f  594/593/424 600/599/223 601/600/220
f  600/599/223 599/598/428 602/601/429
f  602/601/429 599/598/428 598/597/427
f  600/599/223 602/601/429 603/602/430
f  603/602/430 602/601/429 604/603/431
f  604/603/431 602/601/429 605/604/432
f  604/603/431 605/604/432 606/605/433
f  606/605/433 605/604/432 602/601/429
f  604/603/431 606/605/433 607/606/434
f  606/605/433 602/601/429 608/607/435
f  608/607/435 602/601/429 598/597/427
f  606/605/433 608/607/435 609/608/436
f  608/607/435 598/597/427 610/609/437
f  610/609/437 598/597/427 597/596/426
f  608/607/435 610/609/437 611/610/438
f  610/609/437 597/596/426 588/587/420
f  611/610/438 610/609/437 612/611/439
f  612/611/439 610/609/437 588/587/420
f  611/610/438 612/611/439 613/612/440
f  612/611/439 588/587/420 614/613/441
f  612/611/439 614/613/441 613/612/440
f  614/613/441 588/587/420 615/614/442
f  614/613/441 615/614/442 613/612/440
f  615/614/442 588/587/420 569/568/408
f  613/612/440 615/614/442 568/567/407
f  568/567/407 615/614/442 569/568/408
f  616/615/424 617/616/220 618/617/151
f  619/618/443 129/129/100 128/128/99
f  129/129/100 619/618/443 132/132/103
f  619/618/443 128/128/99 620/619/444
f  620/619/444 128/128/99 621/620/445
f  132/132/103 619/618/443 622/621/446
f  132/132/103 622/621/446 153/153/121
f  619/618/443 620/619/444 623/622/447
f  623/622/447 620/619/444 621/620/445
f  619/618/443 623/622/447 622/621/446
f  153/153/121 622/621/446 624/623/448
f  624/623/448 622/621/446 623/622/447
f  625/624/449 621/620/445 128/128/99
f  621/620/445 625/624/449 623/622/447
f  623/622/447 625/624/449 624/623/448
f  625/624/449 128/128/99 125/125/96
f  625/624/449 125/125/96 624/623/448
f  624/623/448 125/125/96 626/625/256
f  627/626/235 628/627/450 629/628/234
f  628/627/450 627/626/235 630/629/236
f  629/628/234 628/627/450 631/630/451
f  629/628/234 631/630/451 632/631/311
f  631/630/451 628/627/450 633/632/452
f  633/632/452 628/627/450 630/629/236
f  632/631/311 631/630/451 634/633/451
f  634/633/451 631/630/451 633/632/452
f  632/631/311 634/633/451 635/634/316
f  635/634/316 634/633/451 636/635/323
f  636/635/323 634/633/451 637/636/323
f  636/635/323 637/636/323 638/637/453
f  636/635/323 638/637/453 639/638/322
f  637/636/323 634/633/451 640/639/454
f  637/636/323 640/639/454 638/637/453
f  640/639/454 634/633/451 633/632/452
f  639/638/322 638/637/453 641/640/455
f  641/640/455 638/637/453 640/639/454
f  639/638/322 641/640/455 642/641/456
f  639/638/322 642/641/456 643/642/325
f  643/642/325 642/641/456 644/643/457
f  644/643/457 642/641/456 641/640/455
f  644/643/457 641/640/455 645/644/458
f  641/640/455 640/639/454 646/645/459
f  641/640/455 646/645/459 645/644/458
f  646/645/459 640/639/454 633/632/452
f  645/644/458 646/645/459 647/646/460
f  645/644/458 647/646/460 648/647/461
f  647/646/460 646/645/459 649/648/462
f  647/646/460 649/648/462 648/647/461
f  649/648/462 646/645/459 633/632/452
f  648/647/461 649/648/462 650/649/463
f  648/647/461 650/649/463 651/650/464
f  651/650/464 650/649/463 652/651/465
f  649/648/462 633/632/452 653/652/466
f  653/652/466 633/632/452 630/629/236
f  650/649/463 649/648/462 654/653/467
f  654/653/467 649/648/462 653/652/466
f  652/651/465 650/649/463 655/654/468
f  655/654/468 650/649/463 654/653/467
f  652/651/465 655/654/468 656/655/469
f  654/653/467 653/652/466 657/656/470
f  654/653/467 657/656/470 655/654/468
f  657/656/470 653/652/466 658/657/471
f  657/656/470 658/657/471 659/658/472
f  657/656/470 659/658/472 655/654/468
f  658/657/471 653/652/466 660/659/473
f  658/657/471 660/659/473 659/658/472
f  660/659/473 653/652/466 630/629/236
f  655/654/468 659/658/472 661/660/474
f  661/660/474 659/658/472 660/659/473
f  662/661/475 656/655/469 655/654/468
f  655/654/468 661/660/474 663/662/476
f  655/654/468 663/662/476 662/661/475
f  656/655/469 662/661/475 664/663/477
f  656/655/469 664/663/477 665/664/478
f  665/664/478 664/663/477 666/665/479
f  664/663/477 662/661/475 667/666/480
f  664/663/477 667/666/480 666/665/479
f  667/666/480 662/661/475 663/662/476
f  666/665/479 667/666/480 668/667/481
f  666/665/479 668/667/481 669/668/482
f  667/666/480 663/662/476 670/669/483
f  667/666/480 670/669/483 668/667/481
f  670/669/483 663/662/476 671/670/480
f  670/669/483 671/670/480 668/667/481
f  671/670/480 663/662/476 661/660/474
f  669/668/482 668/667/481 672/671/484
f  672/671/484 668/667/481 671/670/480
f  671/670/480 661/660/474 673/672/485
f  671/670/480 673/672/485 672/671/484
f  673/672/485 661/660/474 660/659/473
f  672/671/484 673/672/485 674/673/486
f  673/672/485 660/659/473 675/674/487
f  673/672/485 675/674/487 674/673/486
f  675/674/487 660/659/473 676/675/488
f  676/675/488 660/659/473 630/629/236
f  676/675/488 630/629/236 677/676/237
f  676/675/488 677/676/237 678/677/489
f  678/677/489 677/676/237 679/678/239
f  675/674/487 676/675/488 680/679/490
f  680/679/490 676/675/488 678/677/489
f  678/677/489 679/678/239 681/680/226
f  678/677/489 681/680/226 682/681/490
f  682/681/490 681/680/226 683/682/223
f  678/677/489 682/681/490 684/683/490
f  684/683/490 682/681/490 683/682/223
f  678/677/489 684/683/490 680/679/490
f  684/683/490 683/682/223 685/684/430
f  684/683/490 685/684/430 686/685/431
f  684/683/490 686/685/431 687/686/491
f  684/683/490 687/686/491 680/679/490
f  680/679/490 687/686/491 688/687/492
f  688/687/492 687/686/491 689/688/493
f  688/687/492 689/688/493 690/689/494
f  680/679/490 688/687/492 691/690/495
f  680/679/490 691/690/495 675/674/487
f  688/687/492 690/689/494 692/691/494
f  688/687/492 692/691/494 691/690/495
f  675/674/487 691/690/495 674/673/486
f  674/673/486 691/690/495 692/691/494
f  692/691/494 690/689/494 693/692/496
f  692/691/494 693/692/496 674/673/486
f  674/673/486 693/692/496 694/693/497
f  674/673/486 694/693/497 672/671/484
f  672/671/484 694/693/497 695/694/498
f  695/694/498 694/693/497 696/695/499
f  696/695/499 694/693/497 693/692/496
f  696/695/499 693/692/496 697/696/500
f  696/695/499 697/696/500 698/697/501
f  699/698/121 700/699/123 701/700/118
f  700/699/123 699/698/121 702/701/502
f  700/699/123 702/701/502 703/702/503
f  700/699/123 703/702/503 704/703/504
f  700/699/123 704/703/504 705/704/125
f  705/704/125 704/703/504 703/702/503
f  705/704/125 703/702/503 702/701/502
f  705/704/125 702/701/502 706/705/505
f  706/705/505 702/701/502 707/706/506
f  707/706/506 702/701/502 708/707/507
f  709/708/507 702/701/502 699/698/121
f  702/701/502 709/708/507 708/707/507
f  709/708/507 699/698/121 710/709/448
f  709/708/507 710/709/448 711/710/295
f  709/708/507 711/710/295 708/707/507
f  711/710/295 710/709/448 712/711/256
f  708/707/507 711/710/295 713/712/508
f  708/707/507 713/712/508 714/713/509
f  713/712/508 711/710/295 715/714/299
f  714/713/509 713/712/508 716/715/510
f  713/712/508 715/714/299 717/716/301
f  713/712/508 717/716/301 716/715/510
f  716/715/510 717/716/301 718/715/511
f  718/715/511 717/716/301 719/717/301
f  716/715/510 718/715/511 720/718/300
f  720/718/300 718/715/511 719/717/301
f  721/719/394 722/720/389 723/721/512
f  723/721/512 722/720/389 724/722/513
f  724/722/513 722/720/389 725/723/514
f  725/723/514 722/720/389 726/724/387
f  725/723/514 726/724/387 727/725/14
f  724/722/513 725/723/514 728/726/515
f  724/722/513 728/726/515 723/721/512
f  725/723/514 727/725/14 729/727/516
f  725/723/514 729/727/516 728/726/515
f  729/727/516 727/725/14 730/728/517
f  729/727/516 730/728/517 728/726/515
f  723/721/512 728/726/515 731/729/518
f  731/729/518 728/726/515 730/728/517
f  723/721/512 731/729/518 732/730/519
f  730/728/517 727/725/14 733/731/14
f  733/731/14 727/725/14 734/732/14
f  731/729/518 730/728/517 735/733/520
f  732/730/519 731/729/518 736/734/518
f  736/734/518 731/729/518 735/733/520
f  736/734/518 735/733/520 737/735/521
f  736/734/518 737/735/521 732/730/519
f  723/721/512 732/730/519 738/736/522
f  723/721/512 738/736/522 739/737/523
f  739/737/523 738/736/522 740/738/524
f  740/738/524 738/736/522 741/739/525
f  738/736/522 732/730/519 742/740/526
f  738/736/522 742/740/526 741/739/525
f  732/730/519 737/735/521 743/741/527
f  732/730/519 743/741/527 742/740/526
f  741/739/525 742/740/526 744/742/528
f  741/739/525 744/742/528 745/743/529
f  745/743/529 744/742/528 746/744/530
f  744/742/528 742/740/526 747/745/531
f  747/745/531 742/740/526 743/741/527
f  746/744/530 744/742/528 748/746/532
f  748/746/532 744/742/528 747/745/531
f  749/747/533 750/748/534 746/744/530
f  749/747/533 746/744/530 748/746/532
f  747/745/531 743/741/527 751/749/535
f  747/745/531 751/749/535 752/750/536
f  747/745/531 752/750/536 748/746/532
f  751/749/535 743/741/527 753/751/537
f  751/749/535 753/751/537 752/750/536
f  749/747/533 748/746/532 754/752/538
f  749/747/533 754/752/538 755/753/539
f  755/753/539 754/752/538 756/754/540
f  756/754/540 754/752/538 757/755/541
f  757/755/541 754/752/538 748/746/532
f  749/747/533 755/753/539 758/756/542
f  749/747/533 758/756/542 759/757/543
f  758/756/542 755/753/539 760/758/544
f  759/757/543 758/756/542 761/759/545
f  761/759/545 758/756/542 760/758/544
f  761/759/545 760/758/544 762/760/546
f  762/760/546 760/758/544 763/761/547
f  757/755/541 748/746/532 764/762/548
f  764/762/548 748/746/532 752/750/536
f  757/755/541 764/762/548 765/763/549
f  765/763/549 764/762/548 766/764/550
f  766/764/550 764/762/548 752/750/536
f  766/764/550 752/750/536 767/765/551
f  767/765/551 752/750/536 753/751/537
f  766/764/550 767/765/551 768/766/552
f  766/764/550 768/766/552 769/767/553
f  768/766/552 767/765/551 770/768/554
f  770/768/554 767/765/551 753/751/537
f  768/766/552 770/768/554 771/769/555
f  768/766/552 771/769/555 772/770/556
f  771/769/555 770/768/554 773/771/557
f  770/768/554 753/751/537 774/772/558
f  770/768/554 774/772/558 773/771/557
f  774/772/558 753/751/537 775/773/559
f  775/773/559 753/751/537 776/774/560
f  775/773/559 776/774/560 774/772/558
f  776/774/560 753/751/537 743/741/527
f  771/769/555 773/771/557 777/775/14
f  771/769/555 777/775/14 778/776/14
f  778/776/14 777/775/14 779/777/14
f  777/775/14 773/771/557 780/778/561
f  780/778/561 773/771/557 774/772/558
f  779/777/14 777/775/14 781/779/14
f  781/779/14 777/775/14 780/778/561
f  779/777/14 781/779/14 782/780/14
f  779/777/14 782/780/14 783/781/14
f  780/778/561 774/772/558 784/782/562
f  781/779/14 780/778/561 785/783/14
f  785/783/14 780/778/561 784/782/562
f  784/782/562 774/772/558 786/784/563
f  784/782/562 786/784/563 785/783/14
f  786/784/563 774/772/558 787/785/564
f  786/784/563 787/785/564 785/783/14
f  787/785/564 774/772/558 776/774/560
f  781/779/14 785/783/14 788/786/14
f  781/779/14 788/786/14 782/780/14
f  789/787/14 783/781/14 782/780/14
f  787/785/564 776/774/560 790/788/565
f  787/785/564 790/788/565 785/783/14
f  790/788/565 776/774/560 791/789/566
f  791/789/566 776/774/560 743/741/527
f  791/789/566 743/741/527 737/735/521
f  791/789/566 737/735/521 792/790/567
f  791/789/566 792/790/567 790/788/565
f  792/790/567 737/735/521 735/733/520
f  790/788/565 792/790/567 793/791/568
f  793/791/568 792/790/567 735/733/520
f  790/788/565 793/791/568 785/783/14
f  793/791/568 735/733/520 730/728/517
f  793/791/568 730/728/517 785/783/14
f  785/783/14 730/728/517 733/731/14
f  785/783/14 733/731/14 788/786/14
f  788/786/14 733/731/14 782/780/14
f  782/780/14 733/731/14 794/792/14
f  782/780/14 794/792/14 789/787/14
f  794/792/14 733/731/14 734/732/14
f  794/792/14 734/732/14 795/793/14
f  794/792/14 795/793/14 796/794/14
f  794/792/14 796/794/14 789/787/14
f  789/787/14 796/794/14 797/795/14
f  789/787/14 797/795/14 798/796/14
f  797/795/14 796/794/14 799/797/14
f  797/795/14 799/797/14 800/798/14
f  801/799/277 802/800/278 803/801/281
f  804/802/129 805/803/126 806/804/125
f  804/802/129 806/804/125 807/805/569
f  807/805/569 806/804/125 808/806/570
f  808/806/570 806/804/125 809/807/505
f  808/806/570 809/807/505 810/808/506
f  807/805/569 808/806/570 811/809/571
f  808/806/570 810/808/506 812/810/571
f  808/806/570 812/810/571 811/809/571
f  813/811/507 814/812/509 810/808/506
f  810/808/506 814/812/509 815/813/572
f  815/813/572 814/812/509 816/814/298
f  810/808/506 815/813/572 812/810/571
f  807/805/569 811/809/571 817/815/573
f  818/816/574 804/802/129 807/805/569
f  818/816/574 807/805/569 817/815/573
f  804/802/129 818/816/574 819/817/575
f  804/802/129 819/817/575 820/818/128
f  818/816/574 817/815/573 821/819/576
f  820/818/128 819/817/575 822/820/577
f  819/817/575 818/816/574 823/821/574
f  819/817/575 823/821/574 822/820/577
f  823/821/574 818/816/574 821/819/576
f  820/818/128 822/820/577 824/822/14
f  822/820/577 823/821/574 825/823/578
f  822/820/577 825/823/578 824/822/14
f  825/823/578 823/821/574 821/819/576
f  826/824/14 827/825/14 824/822/14
f  826/824/14 824/822/14 828/826/14
f  828/826/14 824/822/14 825/823/578
f  826/824/14 828/826/14 829/827/14
f  826/824/14 829/827/14 830/828/14
f  830/828/14 829/827/14 831/829/14
f  828/826/14 825/823/578 832/830/579
f  831/829/14 829/827/14 833/831/14
f  831/829/14 833/831/14 834/832/14
f  834/832/14 833/831/14 835/833/14
f  831/829/14 834/832/14 836/834/14
f  836/834/14 834/832/14 837/835/14
f  836/834/14 837/835/14 838/836/14
f  836/834/14 838/836/14 839/837/14
f  833/831/14 829/827/14 840/838/14
f  833/831/14 840/838/14 841/839/14
f  840/838/14 829/827/14 842/840/14
f  842/840/14 829/827/14 828/826/14
f  840/838/14 842/840/14 843/841/580
f  844/842/581 828/826/14 832/830/579
f  844/842/581 832/830/579 845/843/582
f  845/843/582 832/830/579 825/823/578
f  828/826/14 844/842/581 846/844/583
f  846/844/583 844/842/581 845/843/582
f  845/843/582 825/823/578 847/845/584
f  845/843/582 847/845/584 846/844/583
f  847/845/584 825/823/578 821/819/576
f  847/845/584 821/819/576 848/846/585
f  847/845/584 848/846/585 846/844/583
f  848/846/585 821/819/576 849/847/586
f  849/847/586 821/819/576 817/815/573
f  846/844/583 848/846/585 850/848/587
f  850/848/587 848/846/585 851/849/588
f  851/849/588 848/846/585 849/847/586
f  846/844/583 850/848/587 852/850/589
f  849/847/586 817/815/573 853/851/590
f  853/851/590 817/815/573 811/809/571
f  853/851/590 811/809/571 812/810/571
f  849/847/586 853/851/590 854/852/570
f  852/850/589 850/848/587 855/853/591
f  855/853/591 850/848/587 851/849/588
f  855/853/591 851/849/588 856/854/592
f  855/853/591 856/854/592 852/850/589
f  856/854/592 851/849/588 857/855/593
f  856/854/592 857/855/593 852/850/589
f  858/856/594 851/849/588 849/847/586
f  858/856/594 849/847/586 854/852/570
f  851/849/588 858/856/594 857/855/593
f  859/857/571 854/852/570 853/851/590
f  859/857/571 853/851/590 812/810/571
f  854/852/570 859/857/571 858/856/594
f  859/857/571 812/810/571 860/858/595
f  858/856/594 859/857/571 861/859/596
f  861/859/596 859/857/571 860/858/595
f  860/858/595 812/810/571 862/860/597
f  862/860/597 812/810/571 815/813/572
f  862/860/597 815/813/572 863/861/598
f  862/860/597 863/861/598 864/862/599
f  860/858/595 862/860/597 865/863/600
f  865/863/600 862/860/597 864/862/599
f  860/858/595 865/863/600 861/859/596
f  865/863/600 864/862/599 866/864/601
f  867/865/602 858/856/594 861/859/596
f  861/859/596 865/863/600 868/866/603
f  861/859/596 868/866/603 867/865/602
f  858/856/594 867/865/602 869/867/604
f  858/856/594 869/867/604 857/855/593
f  867/865/602 868/866/603 870/868/605
f  869/867/604 867/865/602 871/869/604
f  871/869/604 867/865/602 870/868/605
f  857/855/593 869/867/604 872/870/593
f  872/870/593 869/867/604 871/869/604
f  857/855/593 872/870/593 873/871/606
f  857/855/593 873/871/606 852/850/589
f  870/868/605 868/866/603 874/872/607
f  874/872/607 868/866/603 865/863/600
f  871/869/604 870/868/605 875/873/608
f  875/873/608 870/868/605 874/872/607
f  871/869/604 875/873/608 876/874/609
f  876/874/609 875/873/608 877/875/610
f  871/869/604 876/874/609 878/876/611
f  871/869/604 878/876/611 872/870/593
f  878/876/611 876/874/609 879/877/612
f  877/875/610 875/873/608 880/878/613
f  880/878/613 875/873/608 874/872/607
f  877/875/610 880/878/613 881/879/614
f  881/879/614 880/878/613 882/880/615
f  881/879/614 882/880/615 883/881/616
f  882/880/615 880/878/613 884/882/617
f  882/880/615 884/882/617 883/881/616
f  884/882/617 880/878/613 874/872/607
f  883/881/616 884/882/617 885/883/618
f  885/883/618 884/882/617 886/884/619
f  885/883/618 886/884/619 887/885/620
f  887/885/620 886/884/619 888/886/621
f  888/886/621 886/884/619 884/882/617
f  887/885/620 888/886/621 889/887/622
f  888/886/621 884/882/617 890/888/623
f  890/888/623 884/882/617 891/889/624
f  891/889/624 884/882/617 874/872/607
f  890/888/623 891/889/624 892/890/625
f  891/889/624 874/872/607 893/891/626
f  891/889/624 893/891/626 892/890/625
f  893/891/626 874/872/607 865/863/600
f  893/891/626 865/863/600 866/864/601
f  893/891/626 866/864/601 892/890/625
f  892/890/625 866/864/601 894/892/627
f  895/893/512 896/894/400 897/895/394
f  896/894/400 895/893/512 898/896/523
f  896/894/400 898/896/523 899/897/628
f  899/897/628 898/896/523 900/898/524
f  896/894/400 899/897/628 901/899/629
f  901/899/629 899/897/628 900/898/524
f  896/894/400 901/899/629 902/900/403
f  902/900/403 901/899/629 903/901/630
f  902/900/403 903/901/630 904/902/407
f  904/902/407 903/901/630 901/899/629
f  901/899/629 900/898/524 905/903/631
f  901/899/629 905/903/631 904/902/407
f  905/903/631 900/898/524 906/904/525
f  905/903/631 906/904/525 907/905/529
f  904/902/407 905/903/631 908/906/632
f  905/903/631 907/905/529 909/907/633
f  908/906/632 905/903/631 910/908/634
f  908/906/632 910/908/634 904/902/407
f  910/908/634 905/903/631 909/907/633
f  904/902/407 910/908/634 911/909/635
f  904/902/407 911/909/635 912/910/440
f  911/909/635 910/908/634 913/911/636
f  911/909/635 913/911/636 912/910/440
f  912/910/440 913/911/636 914/912/637
f  914/912/637 913/911/636 910/908/634
f  912/910/440 914/912/637 915/913/438
f  910/908/634 909/907/633 916/914/638
f  910/908/634 916/914/638 914/912/637
f  917/915/639 909/907/633 907/905/529
f  917/915/639 907/905/529 918/916/530
f  916/914/638 909/907/633 919/917/640
f  919/917/640 909/907/633 920/918/641
f  920/918/641 909/907/633 917/915/639
f  920/918/641 917/915/639 919/917/640
f  917/915/639 918/916/530 921/919/534
f  916/914/638 919/917/640 922/920/642
f  922/920/642 919/917/640 917/915/639
f  923/921/643 914/912/637 916/914/638
f  923/921/643 916/914/638 922/920/642
f  914/912/637 923/921/643 924/922/644
f  924/922/644 923/921/643 922/920/642
f  925/923/645 915/913/438 914/912/637
f  915/913/438 925/923/645 926/924/436
f  926/924/436 925/923/645 914/912/637
f  915/913/438 926/924/436 927/925/435
f  926/924/436 914/912/637 924/922/644
f  928/926/646 922/920/642 917/915/639
f  928/926/646 917/915/639 921/919/534
f  929/927/644 924/922/644 922/920/642
f  929/927/644 922/920/642 928/926/646
f  928/926/646 921/919/534 930/928/647
f  928/926/646 930/928/647 929/927/644
f  930/928/647 921/919/534 931/929/543
f  931/929/543 921/919/534 932/930/533
f  929/927/644 930/928/647 933/931/648
f  930/928/647 931/929/543 934/932/546
f  934/932/546 931/929/543 935/933/545
f  930/928/647 934/932/546 933/931/648
f  936/934/547 937/935/649 934/932/546
f  934/932/546 937/935/649 938/936/650
f  934/932/546 938/936/650 933/931/648
f  938/936/650 937/935/649 939/937/651
f  940/938/652 929/927/644 933/931/648
f  929/927/644 940/938/652 924/922/644
f  933/931/648 938/936/650 941/939/653
f  941/939/653 938/936/650 939/937/651
f  942/940/501 943/941/500 939/937/651
f  939/937/651 943/941/500 941/939/653
f  941/939/653 943/941/500 944/942/496
f  933/931/648 941/939/653 945/943/654
f  933/931/648 945/943/654 940/938/652
f  941/939/653 944/942/496 946/944/655
f  946/944/655 944/942/496 947/945/494
f  941/939/653 946/944/655 948/946/494
f  941/939/653 948/946/494 945/943/654
f  946/944/655 947/945/494 949/947/656
f  946/944/655 949/947/656 948/946/494
f  948/946/494 949/947/656 945/943/654
f  949/947/656 947/945/494 950/948/493
f  945/943/654 949/947/656 951/949/657
f  951/949/657 949/947/656 950/948/493
f  952/950/658 940/938/652 945/943/654
f  952/950/658 945/943/654 951/949/657
f  940/938/652 952/950/658 953/951/659
f  951/949/657 950/948/493 954/952/434
f  954/952/434 950/948/493 955/953/491
f  954/952/434 955/953/491 956/954/431
f  952/950/658 951/949/657 957/955/660
f  952/950/658 957/955/660 953/951/659
f  951/949/657 954/952/434 958/956/661
f  951/949/657 958/956/661 957/955/660
f  957/955/660 958/956/661 959/957/662
f  957/955/660 959/957/662 953/951/659
f  959/957/662 958/956/661 960/958/663
f  959/957/662 960/958/663 953/951/659
f  953/951/659 960/958/663 958/956/661
f  953/951/659 958/956/661 961/959/664
f  961/959/664 958/956/661 954/952/434
f  953/951/659 961/959/664 940/938/652
f  940/938/652 961/959/664 924/922/644
f  924/922/644 961/959/664 926/924/436
f  961/959/664 954/952/434 962/960/665
f  961/959/664 962/960/665 926/924/436
f  962/960/665 954/952/434 963/961/433
f  962/960/665 963/961/433 926/924/436
f  964/962/297 965/963/288 966/964/289
f  967/965/298 964/962/297 968/966/666
f  968/966/666 964/962/297 969/967/667
f  968/966/666 969/967/667 967/965/298
f  969/967/667 964/962/297 966/964/289
f  967/965/298 969/967/667 970/968/572
f  970/968/572 969/967/667 971/969/598
f  971/969/598 969/967/667 966/964/289
f  971/969/598 966/964/289 972/970/668
f  971/969/598 972/970/668 973/971/599
f  972/970/668 966/964/289 974/972/669
f  974/972/669 966/964/289 975/973/286
f  973/971/599 972/970/668 976/974/627
f  973/971/599 976/974/627 977/975/601
f  974/972/669 975/973/286 978/976/284
f  972/970/668 974/972/669 979/977/670
f  972/970/668 979/977/670 976/974/627
f  979/977/670 974/972/669 978/976/284
f  976/974/627 979/977/670 980/978/671
f  976/974/627 980/978/671 981/979/672
f  976/974/627 981/979/672 982/980/625
f  980/978/671 979/977/670 983/981/673
f  980/978/671 983/981/673 981/979/672
f  982/980/625 981/979/672 984/982/623
f  984/982/623 981/979/672 985/983/674
f  984/982/623 985/983/674 986/984/675
f  984/982/623 986/984/675 987/985/621
f  985/983/674 981/979/672 988/986/676
f  988/986/676 981/979/672 983/981/673
f  986/984/675 985/983/674 989/987/677
f  989/987/677 985/983/674 988/986/676
f  987/985/621 986/984/675 990/988/678
f  990/988/678 986/984/675 989/987/677
f  987/985/621 990/988/678 991/989/622
f  991/989/622 990/988/678 992/990/679
f  991/989/622 992/990/679 993/991/680
f  991/989/622 993/991/680 994/992/620
f  994/992/620 993/991/680 995/993/681
f  992/990/679 990/988/678 996/994/682
f  996/994/682 990/988/678 989/987/677
f  996/994/682 989/987/677 997/995/683
f  996/994/682 997/995/683 998/996/684
f  999/997/685 989/987/677 988/986/676
f  989/987/677 999/997/685 1000/998/686
f  1000/998/686 999/997/685 988/986/676
f  989/987/677 1000/998/686 997/995/683
f  1000/998/686 988/986/676 1001/999/687
f  1001/999/687 988/986/676 1002/1000/688
f  1002/1000/688 988/986/676 983/981/673
f  1002/1000/688 983/981/673 1001/999/687
f  1001/999/687 983/981/673 1003/1001/689
f  1003/1001/689 983/981/673 979/977/670
f  1000/998/686 1001/999/687 1004/1002/690
f  1003/1001/689 979/977/670 1005/1003/691
f  1001/999/687 1003/1001/689 1006/1004/692
f  1001/999/687 1006/1004/692 1004/1002/690
f  1006/1004/692 1003/1001/689 1005/1003/691
f  1005/1003/691 979/977/670 978/976/284
f  1005/1003/691 978/976/284 1007/1005/693
f  1007/1005/693 978/976/284 1008/1006/283
f  1007/1005/693 1008/1006/283 1009/1007/280
f  1005/1003/691 1007/1005/693 1010/1008/694
f  1010/1008/694 1007/1005/693 1009/1007/280
f  1005/1003/691 1010/1008/694 1006/1004/692
f  1010/1008/694 1009/1007/280 1011/1009/281
f  1010/1008/694 1011/1009/281 1012/1010/378
f  1012/1010/378 1011/1009/281 1013/1011/278
f  1010/1008/694 1012/1010/378 1014/1012/695
f  1010/1008/694 1014/1012/695 1006/1004/692
f  1014/1012/695 1012/1010/378 1015/1013/696
f  1006/1004/692 1014/1012/695 1016/1014/697
f  1016/1014/697 1014/1012/695 1017/1015/698
f  1006/1004/692 1016/1014/697 1018/1016/699
f  1006/1004/692 1018/1016/699 1004/1002/690
f  1018/1016/699 1016/1014/697 1019/1017/700
f  1019/1017/700 1016/1014/697 1020/1018/701
f  1019/1017/700 1020/1018/701 1021/1019/702
f  1019/1017/700 1021/1019/702 1022/1020/703
f  1004/1002/690 1018/1016/699 1023/1021/704
f  1004/1002/690 1023/1021/704 1000/998/686
f  1000/998/686 1023/1021/704 1024/1022/705
f  1000/998/686 1024/1022/705 997/995/683
f  997/995/683 1024/1022/705 1023/1021/704
f  1023/1021/704 1018/1016/699 1025/1023/699
f  1025/1023/699 1018/1016/699 1019/1017/700
f  1023/1021/704 1025/1023/699 997/995/683
f  997/995/683 1025/1023/699 1026/1024/706
f  997/995/683 1026/1024/706 1027/1025/707
f  1025/1023/699 1019/1017/700 1028/1026/708
f  1025/1023/699 1028/1026/708 1026/1024/706
f  1028/1026/708 1019/1017/700 1022/1020/703
f  1026/1024/706 1028/1026/708 1029/1027/709
f  1028/1026/708 1022/1020/703 1030/1028/710
f  1028/1026/708 1030/1028/710 1029/1027/709
f  1031/1029/366 1032/1030/696 1033/1031/378
f  1032/1030/696 1031/1029/366 1034/1032/363
f  1032/1030/696 1034/1032/363 1035/1033/351
f  1032/1030/696 1035/1033/351 1036/1034/711
f  1036/1034/711 1035/1033/351 1037/1035/712
f  1037/1035/712 1035/1033/351 1038/1036/348
f  1037/1035/712 1038/1036/348 1036/1034/711
f  1032/1030/696 1036/1034/711 1039/1037/698
f  1032/1030/696 1039/1037/698 1040/1038/695
f  1039/1037/698 1036/1034/711 1041/1039/713
f  1039/1037/698 1041/1039/713 1042/1040/701
f  1039/1037/698 1042/1040/701 1043/1041/697
f  1041/1039/713 1036/1034/711 1044/1042/714
f  1044/1042/714 1036/1034/711 1038/1036/348
f  1042/1040/701 1041/1039/713 1045/1043/715
f  1045/1043/715 1041/1039/713 1044/1042/714
f  1042/1040/701 1045/1043/715 1046/1044/702
f  1044/1042/714 1038/1036/348 1047/1045/716
f  1044/1042/714 1047/1045/716 1048/1046/717
f  1044/1042/714 1048/1046/717 1045/1043/715
f  1047/1045/716 1038/1036/348 1049/1047/718
f  1047/1045/716 1049/1047/718 1048/1046/717
f  1049/1047/718 1038/1036/348 1050/1048/719
f  1050/1048/719 1038/1036/348 1051/1049/347
f  1050/1048/719 1051/1049/347 1049/1047/718
f  1049/1047/718 1051/1049/347 1052/1050/344
f  1053/1051/710 1046/1044/702 1045/1043/715
f  1046/1044/702 1053/1051/710 1054/1052/703
f  1049/1047/718 1052/1050/344 1055/1053/720
f  1055/1053/720 1052/1050/344 1056/1054/341
f  1055/1053/720 1056/1054/341 1057/1055/721
f  1055/1053/720 1057/1055/721 1049/1047/718
f  1053/1051/710 1045/1043/715 1058/1056/722
f  1049/1047/718 1057/1055/721 1059/1057/723
f  1049/1047/718 1059/1057/723 1060/1058/724
f  1049/1047/718 1060/1058/724 1048/1046/717
f  1059/1057/723 1057/1055/721 1061/1059/725
f  1061/1059/725 1057/1055/721 1062/1060/726
f  1063/1061/727 1045/1043/715 1048/1046/717
f  1063/1061/727 1048/1046/717 1060/1058/724
f  1045/1043/715 1063/1061/727 1058/1056/722
f  1060/1058/724 1059/1057/723 1064/1062/728
f  1060/1058/724 1064/1062/728 1063/1061/727
f  1064/1062/728 1059/1057/723 1061/1059/725
f  1063/1061/727 1064/1062/728 1058/1056/722
f  1065/1063/729 1061/1059/725 1062/1060/726
f  1061/1059/725 1065/1063/729 1066/1064/730
f  1066/1064/730 1065/1063/729 1067/1065/731
f  1068/1066/732 1053/1051/710 1058/1056/722
f  1053/1051/710 1068/1066/732 1069/1067/709
f  1069/1067/709 1068/1066/732 1070/1068/733
f  1069/1067/709 1070/1068/733 1071/1069/734
f  1070/1068/733 1068/1066/732 1072/1070/735
f  1072/1070/735 1068/1066/732 1058/1056/722
f  1070/1068/733 1072/1070/735 1071/1069/734
f  1072/1070/735 1058/1056/722 1073/1071/736
f  1073/1071/736 1058/1056/722 1064/1062/728
f  1071/1069/734 1072/1070/735 1074/1072/737
f  1071/1069/734 1074/1072/737 1075/1073/738
f  1072/1070/735 1073/1071/736 1076/1074/739
f  1074/1072/737 1072/1070/735 1077/1075/740
f  1077/1075/740 1072/1070/735 1076/1074/739
f  1076/1074/739 1073/1071/736 1078/1076/741
f  1076/1074/739 1078/1076/741 1077/1075/740
f  1078/1076/741 1073/1071/736 1079/1077/742
f  1074/1072/737 1077/1075/740 1080/1078/743
f  1077/1075/740 1078/1076/741 1081/1079/744
f  1077/1075/740 1081/1079/744 1080/1078/743
f  1078/1076/741 1079/1077/742 1082/1080/745
f  1078/1076/741 1082/1080/745 1081/1079/744
f  1079/1077/742 1073/1071/736 1083/1081/746
f  1083/1081/746 1073/1071/736 1064/1062/728
f  1079/1077/742 1083/1081/746 1082/1080/745
f  1083/1081/746 1064/1062/728 1084/1082/747
f  1085/1083/748 1074/1072/737 1080/1078/743
f  1074/1072/737 1085/1083/748 1075/1073/738
f  1086/1084/749 1080/1078/743 1081/1079/744
f  1080/1078/743 1086/1084/749 1085/1083/748
f  1083/1081/746 1084/1082/747 1087/1085/750
f  1083/1081/746 1087/1085/750 1082/1080/745
f  1088/1086/751 1084/1082/747 1064/1062/728
f  1084/1082/747 1088/1086/751 1087/1085/750
f  1088/1086/751 1064/1062/728 1061/1059/725
f  1082/1080/745 1087/1085/750 1089/1087/752
f  1089/1087/752 1087/1085/750 1090/1088/753
f  1090/1088/753 1087/1085/750 1088/1086/751
f  1089/1087/752 1090/1088/753 1091/1089/754
f  1089/1087/752 1091/1089/754 1082/1080/745
f  1090/1088/753 1088/1086/751 1066/1064/730
f  1090/1088/753 1066/1064/730 1091/1089/754
f  1091/1089/754 1066/1064/730 1067/1065/731
f  1091/1089/754 1067/1065/731 1092/1090/755
f  1066/1064/730 1088/1086/751 1093/1091/756
f  1091/1089/754 1092/1090/755 1094/1092/757
f  1091/1089/754 1094/1092/757 1082/1080/745
f  1094/1092/757 1092/1090/755 1095/1093/758
f  1094/1092/757 1095/1093/758 1096/1094/759
f  1094/1092/757 1096/1094/759 1082/1080/745
f  1096/1094/759 1095/1093/758 1097/1095/760
f  1093/1091/756 1088/1086/751 1098/1096/756
f  1066/1064/730 1093/1091/756 1099/1097/756
f  1099/1097/756 1093/1091/756 1098/1096/756
f  1099/1097/756 1098/1096/756 1088/1086/751
f  1066/1064/730 1099/1097/756 1061/1059/725
f  1061/1059/725 1099/1097/756 1088/1086/751
f  1100/1098/761 1082/1080/745 1096/1094/759
f  1082/1080/745 1100/1098/761 1101/1099/762
f  1101/1099/762 1100/1098/761 1096/1094/759
f  1082/1080/745 1101/1099/762 1081/1079/744
f  1081/1079/744 1101/1099/762 1086/1084/749
f  1101/1099/762 1096/1094/759 1102/1100/763
f  1101/1099/762 1102/1100/763 1086/1084/749
f  1102/1100/763 1096/1094/759 1103/1101/764
f  1103/1101/764 1096/1094/759 1097/1095/760
f  1103/1101/764 1097/1095/760 1104/1102/765
f  1103/1101/764 1104/1102/765 1105/1103/766
f  1103/1101/764 1105/1103/766 1106/1104/767
f  1103/1101/764 1106/1104/767 1102/1100/763
f  1102/1100/763 1106/1104/767 1107/1105/768
f  1102/1100/763 1107/1105/768 1086/1084/749
f  1107/1105/768 1106/1104/767 1108/1106/769
f  1107/1105/768 1108/1106/769 1109/1107/770
f  1107/1105/768 1109/1107/770 1086/1084/749
f  1109/1107/770 1108/1106/769 1110/1108/771
f  1109/1107/770 1110/1108/771 1111/1109/772
f  1109/1107/770 1111/1109/772 1112/1110/773
f  1086/1084/749 1109/1107/770 1113/1111/774
f  1113/1111/774 1109/1107/770 1112/1110/773
f  1114/1112/775 1112/1110/773 1115/1113/776
f  1112/1110/773 1114/1112/775 1113/1111/774
f  1113/1111/774 1114/1112/775 1116/1114/777
f  1116/1114/777 1114/1112/775 1117/1115/778
f  1113/1111/774 1116/1114/777 1118/1116/779
f  1086/1084/749 1113/1111/774 1085/1083/748
f  1085/1083/748 1113/1111/774 1118/1116/779
f  1085/1083/748 1118/1116/779 1119/1117/780
f  1085/1083/748 1119/1117/780 1120/1118/781
f  1120/1118/781 1119/1117/780 1121/1119/782
f  1120/1118/781 1121/1119/782 1075/1073/738
f  1085/1083/748 1120/1118/781 1122/1120/783
f  1085/1083/748 1122/1120/783 1075/1073/738
f  1075/1073/738 1122/1120/783 1120/1118/781
f  1123/1121/300 1124/1122/298 1125/1123/510
f  1125/1123/510 1124/1122/298 1126/1124/509
f  1127/1125/784 1128/1126/341 1129/1127/340
f  1128/1126/341 1127/1125/784 1130/1128/721
f  1131/1129/330 1129/1127/340 1132/1130/331
f  1129/1127/340 1131/1129/330 1127/1125/784
f  1130/1128/721 1127/1125/784 1133/1131/785
f  1130/1128/721 1133/1131/785 1134/1132/726
f  1127/1125/784 1131/1129/330 1135/1133/786
f  1133/1131/785 1127/1125/784 1136/1134/787
f  1133/1131/785 1136/1134/787 1134/1132/726
f  1136/1134/787 1127/1125/784 1135/1133/786
f  1135/1133/786 1131/1129/330 1137/1135/788
f  1135/1133/786 1137/1135/788 1136/1134/787
f  1137/1135/788 1131/1129/330 1138/1136/789
f  1134/1132/726 1136/1134/787 1139/1137/790
f  1139/1137/790 1136/1134/787 1137/1135/788
f  1137/1135/788 1138/1136/789 1140/1138/791
f  1137/1135/788 1140/1138/791 1139/1137/790
f  1134/1132/726 1139/1137/790 1141/1139/729
f  1141/1139/729 1139/1137/790 1142/1140/731
f  1139/1137/790 1140/1138/791 1143/1141/792
f  1139/1137/790 1143/1141/792 1142/1140/731
f  1143/1141/792 1140/1138/791 1144/1142/793
f  1142/1140/731 1143/1141/792 1145/1143/755
f  1143/1141/792 1144/1142/793 1146/1144/794
f  1146/1144/794 1144/1142/793 1147/1145/795
f  1145/1143/755 1143/1141/792 1148/1146/796
f  1148/1146/796 1143/1141/792 1146/1144/794
f  1145/1143/755 1148/1146/796 1149/1147/758
f  1149/1147/758 1148/1146/796 1150/1148/760
f  1150/1148/760 1148/1146/796 1146/1144/794
f  1146/1144/794 1147/1145/795 1151/1149/797
f  1146/1144/794 1151/1149/797 1150/1148/760
f  1150/1148/760 1151/1149/797 1152/1150/765
f  1152/1150/765 1151/1149/797 1153/1151/798
f  1154/1152/799 1155/1153/457 1156/1154/458
f  1155/1153/457 1154/1152/799 1157/1155/325
f  1154/1152/799 1156/1154/458 1158/1156/461
f  1157/1155/325 1154/1152/799 1159/1157/328
f  1154/1152/799 1158/1156/461 1160/1158/800
f  1160/1158/800 1158/1156/461 1161/1159/464
f  1159/1157/328 1154/1152/799 1162/1160/801
f  1159/1157/328 1162/1160/801 1163/1161/802
f  1154/1152/799 1160/1158/800 1164/1162/803
f  1154/1152/799 1164/1162/803 1162/1160/801
f  1160/1158/800 1161/1159/464 1165/1163/804
f  1160/1158/800 1165/1163/804 1164/1162/803
f  1166/1164/805 1161/1159/464 1167/1165/465
f  1161/1159/464 1166/1164/805 1165/1163/804
f  1165/1163/804 1166/1164/805 1168/1166/806
f  1169/1167/807 1163/1161/802 1162/1160/801
f  1169/1167/807 1162/1160/801 1164/1162/803
f  1165/1163/804 1168/1166/806 1170/1168/808
f  1170/1168/808 1168/1166/806 1171/1169/809
f  1170/1168/808 1171/1169/809 1172/1170/810
f  1165/1163/804 1170/1168/808 1173/1171/811
f  1165/1163/804 1173/1171/811 1164/1162/803
f  1173/1171/811 1170/1168/808 1172/1170/810
f  1169/1167/807 1164/1162/803 1174/1172/812
f  1174/1172/812 1164/1162/803 1173/1171/811
f  1173/1171/811 1172/1170/810 1175/1173/813
f  1175/1173/813 1172/1170/810 1176/1174/814
f  1175/1173/813 1176/1174/814 1177/1175/815
f  1173/1171/811 1175/1173/813 1178/1176/816
f  1173/1171/811 1178/1176/816 1174/1172/812
f  1179/1177/817 1175/1173/813 1180/1178/793
f  1175/1173/813 1179/1177/817 1181/1179/818
f  1175/1173/813 1181/1179/818 1178/1176/816
f  1174/1172/812 1178/1176/816 1182/1180/819
f  1182/1180/819 1178/1176/816 1181/1179/818
f  1181/1179/818 1179/1177/817 1183/1181/820
f  1181/1179/818 1183/1181/820 1184/1182/821
f  1181/1179/818 1184/1182/821 1185/1183/822
f  1185/1183/822 1184/1182/821 1183/1181/820
f  1181/1179/818 1185/1183/822 1182/1180/819
f  1174/1172/812 1182/1180/819 1186/1184/823
f  1174/1172/812 1186/1184/823 1169/1167/807
f  1182/1180/819 1185/1183/822 1187/1185/824
f  1185/1183/822 1183/1181/820 1188/1186/825
f  1185/1183/822 1188/1186/825 1187/1185/824
f  1188/1186/825 1183/1181/820 1189/1187/826
f  1182/1180/819 1187/1185/824 1190/1188/827
f  1182/1180/819 1190/1188/827 1186/1184/823
f  1186/1184/823 1190/1188/827 1191/1189/828
f  1190/1188/827 1187/1185/824 1192/1190/829
f  1190/1188/827 1192/1190/829 1191/1189/828
f  1187/1185/824 1188/1186/825 1193/1191/830
f  1187/1185/824 1193/1191/830 1192/1190/829
f  1188/1186/825 1189/1187/826 1194/1192/831
f  1188/1186/825 1194/1192/831 1193/1191/830
f  1186/1184/823 1191/1189/828 1195/1193/832
f  1195/1193/832 1191/1189/828 1192/1190/829
f  1192/1190/829 1193/1191/830 1196/1194/833
f  1196/1194/833 1193/1191/830 1194/1192/831
f  1192/1190/829 1196/1194/833 1195/1193/832
f  1194/1192/831 1189/1187/826 1197/1195/834
f  1195/1193/832 1196/1194/833 1198/1196/835
f  1195/1193/832 1198/1196/835 1199/1197/836
f  1198/1196/835 1196/1194/833 1200/1198/837
f  1195/1193/832 1199/1197/836 1201/1199/838
f  1195/1193/832 1201/1199/838 1186/1184/823
f  1201/1199/838 1199/1197/836 1202/1200/839
f  1186/1184/823 1201/1199/838 1169/1167/807
f  1201/1199/838 1202/1200/839 1163/1161/802
f  1201/1199/838 1163/1161/802 1169/1167/807
f  1198/1196/835 1200/1198/837 1203/1201/840
f  1204/1202/841 1200/1198/837 1196/1194/833
f  1204/1202/841 1196/1194/833 1194/1192/831
f  1203/1201/840 1200/1198/837 1205/1203/842
f  1203/1201/840 1205/1203/842 1206/1204/843
f  1206/1204/843 1205/1203/842 1207/1205/844
f  1207/1205/844 1205/1203/842 1208/1206/845
f  1207/1205/844 1208/1206/845 1209/1207/846
f  1205/1203/842 1200/1198/837 1210/1208/847
f  1205/1203/842 1210/1208/847 1208/1206/845
f  1210/1208/847 1200/1198/837 1211/1209/848
f  1211/1209/848 1200/1198/837 1204/1202/841
f  1208/1206/845 1210/1208/847 1212/1210/849
f  1208/1206/845 1212/1210/849 1209/1207/846
f  1212/1210/849 1210/1208/847 1211/1209/848
f  1209/1207/846 1212/1210/849 1213/1211/850
f  1213/1211/850 1212/1210/849 1211/1209/848
f  1209/1207/846 1213/1211/850 1214/1212/851
f  1209/1207/846 1214/1212/851 1215/1213/852
f  1213/1211/850 1211/1209/848 1216/1214/853
f  1215/1213/852 1214/1212/851 1216/1214/853
f  1216/1214/853 1214/1212/851 1213/1211/850
f  1216/1214/853 1211/1209/848 1204/1202/841
f  1216/1214/853 1204/1202/841 1217/1215/854
f  1217/1215/854 1204/1202/841 1197/1195/834
f  1197/1195/834 1204/1202/841 1218/1216/855
f  1218/1216/855 1204/1202/841 1194/1192/831
f  1197/1195/834 1218/1216/855 1219/1217/856
f  1219/1217/856 1218/1216/855 1194/1192/831
f  1220/1218/857 1194/1192/831 1197/1195/834
f  1194/1192/831 1220/1218/857 1219/1217/856
f  1219/1217/856 1220/1218/857 1197/1195/834
f  1221/1219/858 1222/1220/859 1223/1221/839
f  1223/1221/839 1222/1220/859 1224/1222/802
f  1224/1222/802 1222/1220/859 1225/1223/328
f  1221/1219/858 1223/1221/839 1226/1224/836
f  1225/1223/328 1222/1220/859 1227/1225/789
f  1225/1223/328 1227/1225/789 1228/1226/330
f  1227/1225/789 1222/1220/859 1229/1227/860
f  1229/1227/860 1222/1220/859 1221/1219/858
f  1221/1219/858 1226/1224/836 1230/1228/861
f  1230/1228/861 1226/1224/836 1231/1229/835
f  1227/1225/789 1229/1227/860 1232/1230/862
f  1227/1225/789 1232/1230/862 1233/1231/791
f  1229/1227/860 1221/1219/858 1234/1232/863
f  1229/1227/860 1234/1232/863 1232/1230/862
f  1221/1219/858 1230/1228/861 1235/1233/864
f  1235/1233/864 1230/1228/861 1231/1229/835
f  1221/1219/858 1235/1233/864 1234/1232/863
f  1233/1231/791 1232/1230/862 1236/1234/817
f  1233/1231/791 1236/1234/817 1237/1235/793
f  1236/1234/817 1232/1230/862 1238/1236/820
f  1238/1236/820 1232/1230/862 1239/1237/865
f  1239/1237/865 1232/1230/862 1234/1232/863
f  1238/1236/820 1239/1237/865 1240/1238/826
f  1239/1237/865 1234/1232/863 1241/1239/866
f  1239/1237/865 1241/1239/866 1240/1238/826
f  1241/1239/866 1234/1232/863 1235/1233/864
f  1241/1239/866 1235/1233/864 1240/1238/826
f  1240/1238/826 1235/1233/864 1242/1240/834
f  1242/1240/834 1235/1233/864 1243/1241/867
f  1243/1241/867 1235/1233/864 1231/1229/835
f  1242/1240/834 1243/1241/867 1244/1242/854
f  1243/1241/867 1231/1229/835 1245/1243/840
f  1243/1241/867 1245/1243/840 1244/1242/854
f  1246/1244/843 1247/1245/844 1245/1243/840
f  1244/1242/854 1245/1243/840 1248/1246/868
f  1248/1246/868 1245/1243/840 1247/1245/844
f  1244/1242/854 1248/1246/868 1249/1247/869
f  1244/1242/854 1249/1247/869 1250/1248/853
f  1250/1248/853 1249/1247/869 1251/1249/852
f  1251/1249/852 1249/1247/869 1248/1246/868
f  1248/1246/868 1247/1245/844 1252/1250/870
f  1248/1246/868 1252/1250/870 1251/1249/852
f  1252/1250/870 1247/1245/844 1253/1251/846
f  1252/1250/870 1253/1251/846 1251/1249/852
f  1254/1252/14 1255/1253/14 1256/1254/14
f  1257/1255/871 828/826/14 846/844/583
f  1257/1255/871 846/844/583 852/850/589
f  828/826/14 1257/1255/871 1258/1256/872
f  1257/1255/871 852/850/589 1259/1257/873
f  1257/1255/871 1259/1257/873 1258/1256/872
f  1259/1257/873 852/850/589 873/871/606
f  828/826/14 1258/1256/872 842/840/14
f  1259/1257/873 873/871/606 1260/1258/874
f  1260/1258/874 873/871/606 872/870/593
f  1258/1256/872 1259/1257/873 1261/1259/875
f  1261/1259/875 1259/1257/873 1260/1258/874
f  842/840/14 1258/1256/872 1262/1260/876
f  1258/1256/872 1261/1259/875 1263/1261/877
f  1258/1256/872 1263/1261/877 1262/1260/876
f  1263/1261/877 1261/1259/875 1264/1262/878
f  1263/1261/877 1264/1262/878 1262/1260/876
f  1262/1260/876 1264/1262/878 842/840/14
f  1264/1262/878 1261/1259/875 1260/1258/874
f  878/876/611 1260/1258/874 872/870/593
f  842/840/14 1264/1262/878 1265/1263/879
f  1265/1263/879 1264/1262/878 1260/1258/874
f  842/840/14 1265/1263/879 843/841/580
f  1265/1263/879 1260/1258/874 1266/1264/880
f  1265/1263/879 1266/1264/880 843/841/580
f  1266/1264/880 1260/1258/874 878/876/611
f  1266/1264/880 878/876/611 1267/1265/881
f  1267/1265/881 878/876/611 879/877/612
f  1267/1265/881 879/877/612 1268/1266/882
f  1266/1264/880 1267/1265/881 1269/1267/883
f  1269/1267/883 1267/1265/881 1268/1266/882
f  1266/1264/880 1269/1267/883 843/841/580
f  1269/1267/883 1268/1266/882 1270/1268/884
f  1269/1267/883 1270/1268/884 843/841/580
f  1270/1268/884 1268/1266/882 1271/1269/885
f  1270/1268/884 1271/1269/885 843/841/580
f  1272/1270/886 1273/1271/465 1274/1272/469
f  1273/1271/465 1272/1270/886 1275/1273/887
f  1273/1271/465 1275/1273/887 1276/1274/805
f  1276/1274/805 1275/1273/887 1272/1270/886
f  1272/1270/886 1274/1272/469 1277/1275/478
f  1276/1274/805 1272/1270/886 1278/1276/888
f  1272/1270/886 1277/1275/478 1279/1277/889
f  1272/1270/886 1279/1277/889 1278/1276/888
f  1278/1276/888 1279/1277/889 1280/1278/890
f  1280/1278/890 1279/1277/889 1281/1279/891
f  1281/1279/891 1279/1277/889 1277/1275/478
f  1278/1276/888 1280/1278/890 1282/1280/892
f  1282/1280/892 1280/1278/890 1281/1279/891
f  1283/1281/479 1284/1282/482 1277/1275/478
f  1277/1275/478 1284/1282/482 1285/1283/893
f  1285/1283/893 1284/1282/482 1286/1284/484
f  1281/1279/891 1277/1275/478 1287/1285/894
f  1287/1285/894 1277/1275/478 1285/1283/893
f  1287/1285/894 1285/1283/893 1281/1279/891
f  1285/1283/893 1286/1284/484 1288/1286/895
f  1288/1286/895 1286/1284/484 1289/1287/498
f  1281/1279/891 1285/1283/893 1290/1288/896
f  1290/1288/896 1285/1283/893 1288/1286/895
f  1281/1279/891 1290/1288/896 1291/1289/897
f  1281/1279/891 1291/1289/897 1282/1280/892
f  1290/1288/896 1288/1286/895 1292/1290/898
f  1290/1288/896 1292/1290/898 1291/1289/897
f  1282/1280/892 1291/1289/897 1293/1291/899
f  1293/1291/899 1291/1289/897 1292/1290/898
f  1282/1280/892 1293/1291/899 1278/1276/888
f  1292/1290/898 1288/1286/895 1294/1292/900
f  1294/1292/900 1288/1286/895 1289/1287/498
f  1293/1291/899 1292/1290/898 1295/1293/901
f  1295/1293/901 1292/1290/898 1294/1292/900
f  1295/1293/901 1294/1292/900 1296/1294/897
f  1294/1292/900 1289/1287/498 1297/1295/902
f  1297/1295/902 1289/1287/498 1298/1296/499
f  1297/1295/902 1298/1296/499 1299/1297/903
f  1294/1292/900 1297/1295/902 1300/1298/904
f  1300/1298/904 1297/1295/902 1299/1297/903
f  1294/1292/900 1300/1298/904 1301/1299/905
f  1301/1299/905 1300/1298/904 1299/1297/903
f  1294/1292/900 1301/1299/905 1296/1294/897
f  1301/1299/905 1299/1297/903 1302/1300/906
f  1303/1301/907 1295/1293/901 1296/1294/897
f  1303/1301/907 1296/1294/897 1301/1299/905
f  1295/1293/901 1303/1301/907 1293/1291/899
f  1301/1299/905 1302/1300/906 1304/1302/908
f  1301/1299/905 1304/1302/908 1305/1303/909
f  1305/1303/909 1304/1302/908 1306/1304/910
f  1305/1303/909 1306/1304/910 1307/1305/911
f  1305/1303/909 1307/1305/911 1301/1299/905
f  1307/1305/911 1306/1304/910 1308/1306/912
f  1307/1305/911 1308/1306/912 1309/1307/913
f  1309/1307/913 1308/1306/912 1310/1308/914
f  1307/1305/911 1309/1307/913 1311/1309/915
f  1309/1307/913 1310/1308/914 1312/1310/916
f  1312/1310/916 1310/1308/914 1313/1311/917
f  1311/1309/915 1309/1307/913 1314/1312/918
f  1307/1305/911 1311/1309/915 1315/1313/919
f  1315/1313/919 1311/1309/915 1314/1312/918
f  1307/1305/911 1315/1313/919 1301/1299/905
f  1314/1312/918 1309/1307/913 1316/1314/920
f  1316/1314/920 1309/1307/913 1312/1310/916
f  1312/1310/916 1313/1311/917 1317/1315/921
f  1317/1315/921 1313/1311/917 1318/1316/922
f  1317/1315/921 1318/1316/922 1319/1317/923
f  1312/1310/916 1317/1315/921 1320/1318/924
f  1317/1315/921 1319/1317/923 1321/1319/925
f  1317/1315/921 1321/1319/925 1320/1318/924
f  1321/1319/925 1319/1317/923 1322/1320/926
f  1312/1310/916 1320/1318/924 1323/1321/927
f  1312/1310/916 1323/1321/927 1316/1314/920
f  1323/1321/927 1320/1318/924 1321/1319/925
f  1321/1319/925 1322/1320/926 1324/1322/928
f  1316/1314/920 1323/1321/927 1325/1323/929
f  1321/1319/925 1324/1322/928 1326/1324/930
f  1326/1324/930 1324/1322/928 1327/1325/931
f  1323/1321/927 1321/1319/925 1328/1326/932
f  1328/1326/932 1321/1319/925 1326/1324/930
f  1316/1314/920 1325/1323/929 1329/1327/933
f  1325/1323/929 1323/1321/927 1330/1328/934
f  1325/1323/929 1330/1328/934 1329/1327/933
f  1330/1328/934 1323/1321/927 1331/1329/935
f  1331/1329/935 1323/1321/927 1328/1326/932
f  1316/1314/920 1329/1327/933 1314/1312/918
f  1330/1328/934 1331/1329/935 1332/1330/936
f  1331/1329/935 1328/1326/932 1333/1331/937
f  1331/1329/935 1333/1331/937 1334/1332/938
f  1331/1329/935 1334/1332/938 1332/1330/936
f  1333/1331/937 1328/1326/932 1335/1333/939
f  1333/1331/937 1335/1333/939 1334/1332/938
f  1335/1333/939 1328/1326/932 1336/1334/940
f  1335/1333/939 1336/1334/940 1334/1332/938
f  1334/1332/938 1336/1334/940 1328/1326/932
f  1334/1332/938 1328/1326/932 1337/1335/941
f  1337/1335/941 1328/1326/932 1326/1324/930
f  1338/1336/942 1332/1330/936 1334/1332/938
f  1338/1336/942 1334/1332/938 1337/1335/941
f  1339/1337/943 1330/1328/934 1332/1330/936
f  1330/1328/934 1339/1337/943 1329/1327/933
f  1339/1337/943 1332/1330/936 1340/1338/944
f  1340/1338/944 1332/1330/936 1338/1336/942
f  1338/1336/942 1337/1335/941 1341/1339/771
f  1341/1339/771 1337/1335/941 1342/1340/772
f  1338/1336/942 1341/1339/771 1343/1341/769
f  1338/1336/942 1343/1341/769 1344/1342/945
f  1344/1342/945 1343/1341/769 1345/1343/767
f  1338/1336/942 1344/1342/945 1340/1338/944
f  1340/1338/944 1344/1342/945 1346/1344/766
f  1342/1340/772 1337/1335/941 1347/1345/776
f  1342/1340/772 1347/1345/776 1348/1346/773
f  1347/1345/776 1337/1335/941 1326/1324/930
f  1347/1345/776 1326/1324/930 1327/1325/931
f  1347/1345/776 1327/1325/931 1349/1347/946
f  1347/1345/776 1349/1347/946 1350/1348/775
f  1349/1347/946 1327/1325/931 1351/1349/946
f  1340/1338/944 1346/1344/766 1352/1350/947
f  1340/1338/944 1352/1350/947 1353/1351/948
f  1340/1338/944 1353/1351/948 1339/1337/943
f  1339/1337/943 1353/1351/948 1329/1327/933
f  1353/1351/948 1352/1350/947 1354/1352/949
f  1353/1351/948 1354/1352/949 1355/1353/950
f  1353/1351/948 1355/1353/950 1329/1327/933
f  1355/1353/950 1354/1352/949 1356/1354/951
f  1355/1353/950 1356/1354/951 1329/1327/933
f  1356/1354/951 1354/1352/949 1357/1355/952
f  1357/1355/952 1354/1352/949 1352/1350/947
f  1356/1354/951 1357/1355/952 1329/1327/933
f  1357/1355/952 1352/1350/947 1358/1356/953
f  1357/1355/952 1358/1356/953 1359/1357/954
f  1329/1327/933 1357/1355/952 1360/1358/955
f  1329/1327/933 1360/1358/955 1314/1312/918
f  1360/1358/955 1357/1355/952 1361/1359/956
f  1314/1312/918 1360/1358/955 1362/1360/957
f  1362/1360/957 1360/1358/955 1361/1359/956
f  1361/1359/956 1357/1355/952 1363/1361/958
f  1363/1361/958 1357/1355/952 1359/1357/954
f  1361/1359/956 1363/1361/958 1362/1360/957
f  1363/1361/958 1359/1357/954 1364/1362/959
f  1364/1362/959 1359/1357/954 1365/1363/960
f  1363/1361/958 1364/1362/959 1366/1364/961
f  1366/1364/961 1364/1362/959 1365/1363/960
f  1363/1361/958 1366/1364/961 1362/1360/957
f  1366/1364/961 1365/1363/960 1367/1365/809
f  1366/1364/961 1367/1365/809 1368/1366/806
f  1366/1364/961 1368/1366/806 1369/1367/962
f  1369/1367/962 1368/1366/806 1276/1274/805
f  1369/1367/962 1276/1274/805 1370/1368/963
f  1369/1367/962 1370/1368/963 1366/1364/961
f  1370/1368/963 1276/1274/805 1278/1276/888
f  1366/1364/961 1370/1368/963 1371/1369/964
f  1371/1369/964 1370/1368/963 1372/1370/965
f  1371/1369/964 1372/1370/965 1366/1364/961
f  1372/1370/965 1370/1368/963 1278/1276/888
f  1373/1371/966 1362/1360/957 1366/1364/961
f  1373/1371/966 1366/1364/961 1372/1370/965
f  1362/1360/957 1373/1371/966 1314/1312/918
f  1372/1370/965 1278/1276/888 1374/1372/967
f  1372/1370/965 1374/1372/967 1373/1371/966
f  1374/1372/967 1278/1276/888 1293/1291/899
f  1314/1312/918 1373/1371/966 1375/1373/968
f  1375/1373/968 1373/1371/966 1374/1372/967
f  1314/1312/918 1375/1373/968 1315/1313/919
f  1375/1373/968 1374/1372/967 1376/1374/969
f  1375/1373/968 1376/1374/969 1315/1313/919
f  1376/1374/969 1374/1372/967 1293/1291/899
f  1315/1313/919 1376/1374/969 1301/1299/905
f  1376/1374/969 1293/1291/899 1377/1375/970
f  1301/1299/905 1376/1374/969 1378/1376/971
f  1376/1374/969 1377/1375/970 1379/1377/972
f  1376/1374/969 1379/1377/972 1378/1376/971
f  1379/1377/972 1377/1375/970 1380/1377/973
f  1379/1377/972 1380/1377/973 1378/1376/971
f  1380/1377/973 1377/1375/970 1381/1377/974
f  1380/1377/973 1381/1377/974 1378/1376/971
f  1382/1378/975 1377/1375/970 1293/1291/899
f  1377/1375/970 1382/1378/975 1381/1377/974
f  1381/1377/974 1382/1378/975 1378/1376/971
f  1378/1376/971 1382/1378/975 1301/1299/905
f  1382/1378/975 1293/1291/899 1303/1301/907
f  1382/1378/975 1303/1301/907 1301/1299/905
f  1383/1379/14 1384/1380/14 1385/1381/14
f  1383/1379/14 1385/1381/14 1386/1382/14
f  1386/1382/14 1385/1381/14 1387/1383/14
f  1386/1382/14 1387/1383/14 1388/1384/14
f  1386/1382/14 1388/1384/14 1389/1385/14
f  1388/1384/14 1387/1383/14 1390/1386/14
f  1388/1384/14 1390/1386/14 1391/1387/14
f  1391/1387/14 1390/1386/14 1392/1388/14
f  1391/1387/14 1392/1388/14 1393/1389/14
f  1392/1388/14 1390/1386/14 1394/1390/14
f  1393/1389/14 1392/1388/14 1395/1391/14
f  1392/1388/14 1394/1390/14 1396/1392/14
f  1395/1391/14 1392/1388/14 1397/1393/976
f  1397/1393/976 1392/1388/14 1396/1392/14
f  1395/1391/14 1397/1393/976 1398/1394/977
f  1395/1391/14 1398/1394/977 1399/1395/978
f  1399/1395/978 1398/1394/977 1400/1396/979
f  1400/1396/979 1398/1394/977 1397/1393/976
f  1399/1395/978 1400/1396/979 1401/1397/980
f  1401/1397/980 1400/1396/979 1402/1398/981
f  1402/1398/981 1400/1396/979 1403/1399/982
f  1402/1398/981 1403/1399/982 1404/1400/983
f  1400/1396/979 1397/1393/976 1405/1401/984
f  1400/1396/979 1405/1401/984 1403/1399/982
f  1405/1401/984 1397/1393/976 1406/1402/985
f  1406/1402/985 1397/1393/976 1396/1392/14
f  1405/1401/984 1406/1402/985 1407/1403/986
f  1407/1403/986 1406/1402/985 1396/1392/14
f  1405/1401/984 1407/1403/986 1408/1404/987
f  1408/1404/987 1407/1403/986 1396/1392/14
f  1403/1399/982 1405/1401/984 1409/1405/988
f  1409/1405/988 1405/1401/984 1408/1404/987
f  1410/1406/989 1404/1400/983 1403/1399/982
f  1404/1400/983 1410/1406/989 1411/1407/990
f  1403/1399/982 1409/1405/988 1412/1408/991
f  1403/1399/982 1412/1408/991 1410/1406/989
f  1412/1408/991 1409/1405/988 1408/1404/987
f  1411/1407/990 1410/1406/989 1413/1409/992
f  1413/1409/992 1410/1406/989 1412/1408/991
f  1411/1407/990 1413/1409/992 1414/1410/993
f  1411/1407/990 1414/1410/993 1415/1411/994
f  1415/1411/994 1414/1410/993 1416/1412/995
f  1415/1411/994 1416/1412/995 1417/1413/996
f  1414/1410/993 1413/1409/992 1418/1414/997
f  1414/1410/993 1418/1414/997 1416/1412/995
f  1413/1409/992 1412/1408/991 1419/1415/998
f  1418/1414/997 1413/1409/992 1420/1416/999
f  1420/1416/999 1413/1409/992 1419/1415/998
f  1418/1414/997 1420/1416/999 1421/1417/1000
f  1418/1414/997 1421/1417/1000 1416/1412/995
f  1421/1417/1000 1420/1416/999 1422/1418/1001
f  1421/1417/1000 1422/1418/1001 1423/1419/1002
f  1420/1416/999 1419/1415/998 1424/1420/1003
f  1424/1420/1003 1419/1415/998 1412/1408/991
f  1420/1416/999 1424/1420/1003 1425/1421/1004
f  1425/1421/1004 1424/1420/1003 1426/1422/1005
f  1426/1422/1005 1424/1420/1003 1427/1423/1006
f  1427/1423/1006 1424/1420/1003 1412/1408/991
f  1421/1417/1000 1423/1419/1002 1428/1424/1007
f  1421/1417/1000 1428/1424/1007 1416/1412/995
f  1428/1424/1007 1423/1419/1002 1429/1425/1008
f  1427/1423/1006 1412/1408/991 1430/1426/1009
f  1430/1426/1009 1412/1408/991 1408/1404/987
f  1416/1412/995 1428/1424/1007 1431/1427/1010
f  1431/1427/1010 1428/1424/1007 1432/1428/1011
f  1416/1412/995 1431/1427/1010 1417/1413/996
f  1431/1427/1010 1432/1428/1011 1433/1429/819
f  1431/1427/1010 1433/1429/819 1417/1413/996
f  1417/1413/996 1433/1429/819 1434/1430/1012
f  1434/1430/1012 1433/1429/819 1435/1431/1013
f  1430/1426/1009 1408/1404/987 1436/1432/1014
f  1430/1426/1009 1436/1432/1014 1427/1423/1006
f  1436/1432/1014 1408/1404/987 1396/1392/14
f  1436/1432/1014 1396/1392/14 1437/1433/14
f  1436/1432/1014 1437/1433/14 1438/1434/1015
f  1436/1432/1014 1438/1434/1015 1427/1423/1006
f  1427/1423/1006 1438/1434/1015 1439/1435/1016
f  1440/1436/795 1441/1437/793 1442/1438/813
f  1440/1436/795 1442/1438/813 1443/1439/815
f  1440/1436/795 1443/1439/815 1444/1440/798
f  1440/1436/795 1444/1440/798 1445/1441/797
f  1444/1440/798 1443/1439/815 1446/1442/953
f  1444/1440/798 1446/1442/953 1447/1443/766
f  1444/1440/798 1447/1443/766 1448/1444/765
f  1447/1443/766 1446/1442/953 1449/1445/947
f  1446/1442/953 1443/1439/815 1450/1446/1017
f  1446/1442/953 1450/1446/1017 1451/1447/954
f  1450/1446/1017 1443/1439/815 1452/1448/814
f  1451/1447/954 1450/1446/1017 1453/1449/1018
f  1453/1449/1018 1450/1446/1017 1452/1448/814
f  1451/1447/954 1453/1449/1018 1454/1450/960
f  1451/1447/954 1454/1450/960 1455/1451/960
f  1455/1451/960 1454/1450/960 1456/1452/809
f  1453/1449/1018 1452/1448/814 1457/1453/1019
f  1453/1449/1018 1457/1453/1019 1454/1450/960
f  1454/1450/960 1457/1453/1019 1452/1448/814
f  1456/1452/809 1454/1450/960 1458/1454/810
f  1454/1450/960 1452/1448/814 1459/1455/1020
f  1459/1455/1020 1452/1448/814 1458/1454/810
f  1459/1455/1020 1458/1454/810 1454/1450/960
f  1460/1456/14 1461/1457/14 1462/1458/14
f  1460/1456/14 1462/1458/14 1463/1459/14
f  1460/1456/14 1463/1459/14 1464/1460/14
f  1464/1460/14 1463/1459/14 1465/1461/14
f  1465/1461/14 1463/1459/14 1466/1462/14
f  1464/1460/14 1465/1461/14 1467/1463/14
f  1464/1460/14 1467/1463/14 1468/1464/14
f  1468/1464/14 1467/1463/14 1469/1465/14
f  1469/1465/14 1467/1463/14 1465/1461/14
f  1468/1464/14 1469/1465/14 1470/1466/14
f  1465/1461/14 1466/1462/14 1471/1467/14
f  1465/1461/14 1471/1467/14 1469/1465/14
f  1471/1467/14 1466/1462/14 1472/1468/14
f  1470/1466/14 1469/1465/14 1473/1469/14
f  1473/1469/14 1469/1465/14 1471/1467/14
f  1471/1467/14 1472/1468/14 1474/1470/14
f  1471/1467/14 1474/1470/14 1473/1469/14
f  1474/1470/14 1472/1468/14 1475/1471/1021
f  1475/1471/1021 1472/1468/14 1476/1472/1022
f  1477/1473/1023 1478/1474/1024 1476/1472/1022
f  1476/1472/1022 1478/1474/1024 1475/1471/1021
f  1479/1475/14 1470/1466/14 1480/1476/14
f  1480/1476/14 1470/1466/14 1481/1477/1025
f  1481/1477/1025 1470/1466/14 1473/1469/14
f  1480/1476/14 1481/1477/1025 1482/1478/1026
f  1480/1476/14 1482/1478/1026 1483/1479/1016
f  1480/1476/14 1483/1479/1016 1484/1480/1015
f  1483/1479/1016 1482/1478/1026 1485/1481/1027
f  1485/1481/1027 1482/1478/1026 1481/1477/1025
f  1486/1482/1006 1483/1479/1016 1487/1483/1005
f  1487/1483/1005 1483/1479/1016 1488/1484/1028
f  1488/1484/1028 1483/1479/1016 1485/1481/1027
f  1487/1483/1005 1488/1484/1028 1489/1485/1004
f  1488/1484/1028 1485/1481/1027 1490/1486/1029
f  1490/1486/1029 1485/1481/1027 1481/1477/1025
f  1488/1484/1028 1490/1486/1029 1489/1485/1004
f  1490/1486/1029 1481/1477/1025 1491/1487/1030
f  1490/1486/1029 1491/1487/1030 1492/1488/1031
f  1491/1487/1030 1481/1477/1025 1493/1489/1032
f  1493/1489/1032 1481/1477/1025 1473/1469/14
f  1492/1488/1031 1491/1487/1030 1494/1490/1033
f  1494/1490/1033 1491/1487/1030 1493/1489/1032
f  1490/1486/1029 1492/1488/1031 1495/1491/1034
f  1495/1491/1034 1492/1488/1031 1494/1490/1033
f  1496/1492/1035 1489/1485/1004 1490/1486/1029
f  1496/1492/1035 1490/1486/1029 1495/1491/1034
f  1493/1489/1032 1473/1469/14 1497/1493/1036
f  1493/1489/1032 1497/1493/1036 1494/1490/1033
f  1494/1490/1033 1497/1493/1036 1498/1494/1037
f  1494/1490/1033 1498/1494/1037 1499/1495/1038
f  1494/1490/1033 1499/1495/1038 1495/1491/1034
f  1498/1494/1037 1497/1493/1036 1500/1496/1039
f  1498/1494/1037 1500/1496/1039 1499/1495/1038
f  1497/1493/1036 1473/1469/14 1501/1497/1040
f  1497/1493/1036 1501/1497/1040 1500/1496/1039
f  1501/1497/1040 1473/1469/14 1502/1498/1041
f  1502/1498/1041 1473/1469/14 1474/1470/14
f  1500/1496/1039 1501/1497/1040 1503/1499/1042
f  1503/1499/1042 1501/1497/1040 1502/1498/1041
f  1502/1498/1041 1474/1470/14 1504/1500/1043
f  1502/1498/1041 1504/1500/1043 1503/1499/1042
f  1504/1500/1043 1474/1470/14 1475/1471/1021
f  1500/1496/1039 1503/1499/1042 1505/1501/1044
f  1500/1496/1039 1505/1501/1044 1499/1495/1038
f  1503/1499/1042 1504/1500/1043 1506/1502/1045
f  1506/1502/1045 1504/1500/1043 1475/1471/1021
f  1503/1499/1042 1506/1502/1045 1505/1501/1044
f  1506/1502/1045 1475/1471/1021 1507/1503/1046
f  1507/1503/1046 1475/1471/1021 1508/1504/1047
f  1508/1504/1047 1475/1471/1021 1478/1474/1024
f  1506/1502/1045 1507/1503/1046 1509/1505/1048
f  1506/1502/1045 1509/1505/1048 1505/1501/1044
f  1509/1505/1048 1507/1503/1046 1508/1504/1047
f  1508/1504/1047 1478/1474/1024 1510/1506/1049
f  1510/1506/1049 1478/1474/1024 1511/1507/1050
f  1508/1504/1047 1510/1506/1049 1509/1505/1048
f  1505/1501/1044 1509/1505/1048 1512/1508/1051
f  1505/1501/1044 1512/1508/1051 1499/1495/1038
f  1509/1505/1048 1510/1506/1049 1513/1509/1052
f  1509/1505/1048 1513/1509/1052 1514/1510/1052
f  1509/1505/1048 1514/1510/1052 1512/1508/1051
f  1513/1509/1052 1510/1506/1049 1515/1511/1053
f  1515/1511/1053 1510/1506/1049 1516/1512/1054
f  1514/1510/1052 1513/1509/1052 1517/1513/1052
f  1517/1513/1052 1513/1509/1052 1515/1511/1053
f  1512/1508/1051 1514/1510/1052 1518/1514/1055
f  1518/1514/1055 1514/1510/1052 1517/1513/1052
f  1512/1508/1051 1518/1514/1055 1519/1515/1056
f  1512/1508/1051 1519/1515/1056 1499/1495/1038
f  1519/1515/1056 1518/1514/1055 1520/1516/1057
f  1519/1515/1056 1520/1516/1057 1499/1495/1038
f  1520/1516/1057 1518/1514/1055 1517/1513/1052
f  1517/1513/1052 1515/1511/1053 1521/1517/1058
f  1521/1517/1058 1515/1511/1053 1522/1518/1059
f  1522/1518/1059 1515/1511/1053 1523/1519/1060
f  1522/1518/1059 1523/1519/1060 1524/1520/1061
f  1521/1517/1058 1522/1518/1059 1525/1521/1062
f  1521/1517/1058 1525/1521/1062 1517/1513/1052
f  1525/1521/1062 1522/1518/1059 1524/1520/1061
f  1517/1513/1052 1525/1521/1062 1520/1516/1057
f  1525/1521/1062 1524/1520/1061 1526/1522/1063
f  1525/1521/1062 1526/1522/1063 1527/1523/1064
f  1525/1521/1062 1527/1523/1064 1528/1524/1065
f  1525/1521/1062 1528/1524/1065 1529/1525/1066
f  1525/1521/1062 1529/1525/1066 1520/1516/1057
f  1529/1525/1066 1528/1524/1065 1530/1526/1067
f  1530/1526/1067 1528/1524/1065 1531/1527/1068
f  1530/1526/1067 1531/1527/1068 1532/1528/1033
f  1532/1528/1033 1531/1527/1068 1533/1529/1069
f  1532/1528/1033 1533/1529/1069 1534/1530/1008
f  1532/1528/1033 1534/1530/1008 1535/1531/1002
f  1532/1528/1033 1535/1531/1002 1530/1526/1067
f  1530/1526/1067 1535/1531/1002 1529/1525/1066
f  1529/1525/1066 1535/1531/1002 1536/1532/1070
f  1537/1533/1071 1520/1516/1057 1529/1525/1066
f  1537/1533/1071 1529/1525/1066 1536/1532/1070
f  1520/1516/1057 1537/1533/1071 1538/1534/1072
f  1538/1534/1072 1537/1533/1071 1536/1532/1070
f  1520/1516/1057 1538/1534/1072 1539/1535/1073
f  1536/1532/1070 1535/1531/1002 1540/1536/1074
f  1540/1536/1074 1535/1531/1002 1541/1537/1001
f  1520/1516/1057 1539/1535/1073 1542/1538/1075
f  1542/1538/1075 1539/1535/1073 1538/1534/1072
f  1542/1538/1075 1538/1534/1072 1536/1532/1070
f  1520/1516/1057 1542/1538/1075 1499/1495/1038
f  1540/1536/1074 1541/1537/1001 1543/1539/999
f  1499/1495/1038 1542/1538/1075 1544/1540/1076
f  1499/1495/1038 1544/1540/1076 1495/1491/1034
f  1495/1491/1034 1544/1540/1076 1542/1538/1075
f  1542/1538/1075 1536/1532/1070 1545/1541/1076
f  1542/1538/1075 1545/1541/1076 1495/1491/1034
f  1545/1541/1076 1536/1532/1070 1540/1536/1074
f  1495/1491/1034 1545/1541/1076 1496/1492/1035
f  1540/1536/1074 1543/1539/999 1546/1542/1077
f  1546/1542/1077 1543/1539/999 1489/1485/1004
f  1547/1543/1076 1489/1485/1004 1496/1492/1035
f  1489/1485/1004 1547/1543/1076 1546/1542/1077
f  1547/1543/1076 1496/1492/1035 1545/1541/1076
f  1540/1536/1074 1546/1542/1077 1548/1544/1078
f  1540/1536/1074 1548/1544/1078 1545/1541/1076
f  1546/1542/1077 1547/1543/1076 1549/1545/1073
f  1549/1545/1073 1547/1543/1076 1545/1541/1076
f  1546/1542/1077 1549/1545/1073 1548/1544/1078
f  1549/1545/1073 1545/1541/1076 1550/1546/1079
f  1550/1546/1079 1545/1541/1076 1548/1544/1078
f  1549/1545/1073 1550/1546/1079 1551/1547/1078
f  1549/1545/1073 1551/1547/1078 1548/1544/1078
f  1550/1546/1079 1548/1544/1078 1552/1548/1078
f  1552/1548/1078 1548/1544/1078 1551/1547/1078
f  1552/1548/1078 1551/1547/1078 1550/1546/1079
f  1553/1549/14 1554/1550/14 1555/1551/14
f  1556/1552/14 1557/1553/14 1554/1550/14
f  1556/1552/14 1554/1550/14 1558/1554/14
f  1558/1554/14 1554/1550/14 1553/1549/14
f  1556/1552/14 1558/1554/14 1559/1555/14
f  1559/1555/14 1558/1554/14 1560/1556/14
f  1560/1556/14 1558/1554/14 1553/1549/14
f  1559/1555/14 1560/1556/14 1561/1557/14
f  1560/1556/14 1553/1549/14 1562/1558/14
f  1562/1558/14 1553/1549/14 1563/1559/14
f  1561/1557/14 1560/1556/14 1564/1560/14
f  1564/1560/14 1560/1556/14 1562/1558/14
f  1565/1561/1022 1561/1557/14 1566/1562/1080
f  1565/1561/1022 1566/1562/1080 1567/1563/1023
f  1566/1562/1080 1561/1557/14 1568/1564/1081
f  1566/1562/1080 1568/1564/1081 1567/1563/1023
f  1568/1564/1081 1561/1557/14 1564/1560/14
f  1567/1563/1023 1568/1564/1081 1569/1565/1082
f  1568/1564/1081 1564/1560/14 1570/1566/1083
f  1568/1564/1081 1570/1566/1083 1569/1565/1082
f  1567/1563/1023 1569/1565/1082 1571/1567/1084
f  1567/1563/1023 1571/1567/1084 1572/1568/1024
f  1572/1568/1024 1571/1567/1084 1573/1569/1050
f  1573/1569/1050 1571/1567/1084 1574/1570/1085
f  1573/1569/1050 1574/1570/1085 1575/1571/1049
f  1575/1571/1049 1574/1570/1085 1576/1572/1054
f  1574/1570/1085 1571/1567/1084 1577/1573/1086
f  1577/1573/1086 1571/1567/1084 1569/1565/1082
f  1576/1572/1054 1574/1570/1085 1578/1574/1087
f  1578/1574/1087 1574/1570/1085 1577/1573/1086
f  1577/1573/1086 1569/1565/1082 1579/1575/1088
f  1579/1575/1088 1569/1565/1082 1570/1566/1083
f  1577/1573/1086 1579/1575/1088 1580/1576/1089
f  1577/1573/1086 1580/1576/1089 1578/1574/1087
f  1579/1575/1088 1570/1566/1083 1581/1577/1090
f  1579/1575/1088 1581/1577/1090 1580/1576/1089
f  1581/1577/1090 1570/1566/1083 1564/1560/14
f  1580/1576/1089 1581/1577/1090 1582/1578/1091
f  1583/1579/1092 1576/1572/1054 1578/1574/1087
f  1576/1572/1054 1583/1579/1092 1584/1580/1053
f  1582/1578/1091 1581/1577/1090 1585/1581/1093
f  1585/1581/1093 1581/1577/1090 1564/1560/14
f  1580/1576/1089 1582/1578/1091 1586/1582/1094
f  1586/1582/1094 1582/1578/1091 1585/1581/1093
f  1584/1580/1053 1583/1579/1092 1587/1583/1054
f  1584/1580/1053 1587/1583/1054 1588/1584/1060
f  1585/1581/1093 1564/1560/14 1589/1585/1095
f  1588/1584/1060 1587/1583/1054 1590/1586/1096
f  1587/1583/1054 1583/1579/1092 1591/1587/1097
f  1587/1583/1054 1591/1587/1097 1590/1586/1096
f  1591/1587/1097 1583/1579/1092 1578/1574/1087
f  1588/1584/1060 1590/1586/1096 1592/1588/1098
f  1589/1585/1095 1564/1560/14 1593/1589/1099
f  1585/1581/1093 1589/1585/1095 1594/1590/1100
f  1585/1581/1093 1594/1590/1100 1586/1582/1094
f  1594/1590/1100 1589/1585/1095 1593/1589/1099
f  1593/1589/1099 1564/1560/14 1562/1558/14
f  1594/1590/1100 1593/1589/1099 1595/1591/1101
f  1586/1582/1094 1594/1590/1100 1596/1592/1102
f  1596/1592/1102 1594/1590/1100 1597/1593/1103
f  1596/1592/1102 1597/1593/1103 1598/1594/1104
f  1586/1582/1094 1596/1592/1102 1599/1595/1105
f  1599/1595/1105 1596/1592/1102 1598/1594/1104
f  1586/1582/1094 1599/1595/1105 1580/1576/1089
f  1580/1576/1089 1599/1595/1105 1578/1574/1087
f  1578/1574/1087 1599/1595/1105 1591/1587/1097
f  1591/1587/1097 1599/1595/1105 1598/1594/1104
f  1591/1587/1097 1598/1594/1104 1600/1596/1106
f  1591/1587/1097 1600/1596/1106 1601/1597/1107
f  1591/1587/1097 1601/1597/1107 1590/1586/1096
f  1601/1597/1107 1600/1596/1106 1602/1598/1107
f  1602/1598/1107 1600/1596/1106 1603/1599/1108
f  1601/1597/1107 1602/1598/1107 1604/1600/1109
f  1604/1600/1109 1602/1598/1107 1605/1600/1110
f  1604/1600/1109 1605/1600/1110 1601/1597/1107
f  1605/1600/1110 1602/1598/1107 1606/1601/1111
f  1605/1600/1110 1606/1601/1111 1601/1597/1107
f  1606/1601/1111 1602/1598/1107 1603/1599/1108
f  1607/1602/1112 1590/1586/1096 1601/1597/1107
f  1607/1602/1112 1601/1597/1107 1606/1601/1111
f  1607/1602/1112 1606/1601/1111 1603/1599/1108
f  1590/1586/1096 1607/1602/1112 1592/1588/1098
f  1592/1588/1098 1607/1602/1112 1603/1599/1108
f  1608/1603/1113 1609/1604/501 1610/1605/651
f  1609/1604/501 1608/1603/1113 1611/1606/1113
f  1609/1604/501 1611/1606/1113 1612/1607/499
f  1608/1603/1113 1610/1605/651 1613/1608/1114
f  1612/1607/499 1611/1606/1113 1614/1609/903
f  1611/1606/1113 1608/1603/1113 1615/1610/1115
f  1615/1610/1115 1608/1603/1113 1613/1608/1114
f  1614/1609/903 1611/1606/1113 1616/1611/1116
f  1611/1606/1113 1615/1610/1115 1617/1612/1117
f  1611/1606/1113 1617/1612/1117 1616/1611/1116
f  1617/1612/1117 1615/1610/1115 1613/1608/1114
f  1614/1609/903 1616/1611/1116 1618/1613/1118
f  1618/1613/1118 1616/1611/1116 1617/1612/1117
f  1614/1609/903 1618/1613/1118 1619/1614/906
f  1620/1615/649 1613/1608/1114 1610/1605/651
f  1619/1614/906 1618/1613/1118 1621/1616/1119
f  1621/1616/1119 1618/1613/1118 1617/1612/1117
f  1619/1614/906 1621/1616/1119 1622/1617/1120
f  1619/1614/906 1622/1617/1120 1623/1618/908
f  1623/1618/908 1622/1617/1120 1624/1619/910
f  1613/1608/1114 1620/1615/649 1625/1620/1121
f  1613/1608/1114 1625/1620/1121 1626/1621/1122
f  1613/1608/1114 1626/1621/1122 1617/1612/1117
f  1625/1620/1121 1620/1615/649 1627/1622/1123
f  1625/1620/1121 1627/1622/1123 1626/1621/1122
f  1627/1622/1123 1620/1615/649 1628/1623/1124
f  1628/1623/1124 1620/1615/649 1629/1624/547
f  1627/1622/1123 1628/1623/1124 1630/1625/1125
f  1627/1622/1123 1630/1625/1125 1626/1621/1122
f  1626/1621/1122 1630/1625/1125 1631/1626/1126
f  1626/1621/1122 1631/1626/1126 1632/1627/1127
f  1626/1621/1122 1632/1627/1127 1633/1628/1128
f  1626/1621/1122 1633/1628/1128 1634/1629/1129
f  1626/1621/1122 1634/1629/1129 1617/1612/1117
f  1634/1629/1129 1633/1628/1128 1635/1630/1130
f  1636/1631/1126 1637/1632/1125 1635/1630/1130
f  1635/1630/1130 1637/1632/1125 1634/1629/1129
f  1634/1629/1129 1637/1632/1125 1638/1633/1131
f  1638/1633/1131 1637/1632/1125 1639/1634/1132
f  1638/1633/1131 1639/1634/1132 1640/1635/1133
f  1638/1633/1131 1640/1635/1133 1634/1629/1129
f  1640/1635/1133 1639/1634/1132 1641/1636/1134
f  1640/1635/1133 1641/1636/1134 1642/1637/1013
f  1640/1635/1133 1642/1637/1013 1643/1638/819
f  1634/1629/1129 1640/1635/1133 1644/1639/1135
f  1634/1629/1129 1644/1639/1135 1617/1612/1117
f  1640/1635/1133 1643/1638/819 1645/1640/1136
f  1640/1635/1133 1645/1640/1136 1644/1639/1135
f  1645/1640/1136 1643/1638/819 1646/1641/1011
f  1645/1640/1136 1646/1641/1011 1647/1642/1007
f  1645/1640/1136 1647/1642/1007 1648/1643/1008
f  1645/1640/1136 1648/1643/1008 1649/1644/1137
f  1645/1640/1136 1649/1644/1137 1650/1645/1138
f  1651/1646/1139 1617/1612/1117 1644/1639/1135
f  1617/1612/1117 1651/1646/1139 1621/1616/1119
f  1621/1616/1119 1651/1646/1139 1622/1617/1120
f  1651/1646/1139 1644/1639/1135 1652/1647/1140
f  1651/1646/1139 1652/1647/1140 1622/1617/1120
f  1653/1648/1141 1644/1639/1135 1645/1640/1136
f  1644/1639/1135 1653/1648/1141 1652/1647/1140
f  1653/1648/1141 1645/1640/1136 1650/1645/1138
f  1622/1617/1120 1652/1647/1140 1654/1649/1142
f  1654/1649/1142 1652/1647/1140 1655/1650/1143
f  1655/1650/1143 1652/1647/1140 1653/1648/1141
f  1622/1617/1120 1654/1649/1142 1656/1651/1144
f  1656/1651/1144 1654/1649/1142 1655/1650/1143
f  1622/1617/1120 1656/1651/1144 1657/1652/1145
f  1622/1617/1120 1657/1652/1145 1624/1619/910
f  1624/1619/910 1657/1652/1145 1658/1653/1146
f  1658/1653/1146 1657/1652/1145 1656/1651/1144
f  1624/1619/910 1658/1653/1146 1659/1654/912
f  1656/1651/1144 1655/1650/1143 1660/1655/1147
f  1660/1655/1147 1655/1650/1143 1653/1648/1141
f  1658/1653/1146 1656/1651/1144 1661/1656/1148
f  1658/1653/1146 1661/1656/1148 1659/1654/912
f  1661/1656/1148 1656/1651/1144 1662/1657/1149
f  1662/1657/1149 1656/1651/1144 1660/1655/1147
f  1662/1657/1149 1660/1655/1147 1663/1658/1150
f  1662/1657/1149 1663/1658/1150 1664/1659/1151
f  1662/1657/1149 1664/1659/1151 1665/1660/1152
f  1662/1657/1149 1665/1660/1152 1661/1656/1148
f  1664/1659/1151 1663/1658/1150 1666/1661/1153
f  1664/1659/1151 1666/1661/1153 1665/1660/1152
f  1666/1661/1153 1663/1658/1150 1660/1655/1147
f  1665/1660/1152 1666/1661/1153 1661/1656/1148
f  1666/1661/1153 1660/1655/1147 1667/1662/1154
f  1666/1661/1153 1667/1662/1154 1661/1656/1148
f  1667/1662/1154 1660/1655/1147 1653/1648/1141
f  1668/1663/1155 1659/1654/912 1661/1656/1148
f  1659/1654/912 1668/1663/1155 1669/1664/914
f  1668/1663/1155 1661/1656/1148 1670/1665/1156
f  1670/1665/1156 1661/1656/1148 1667/1662/1154
f  1669/1664/914 1668/1663/1155 1671/1666/1157
f  1671/1666/1157 1668/1663/1155 1670/1665/1156
f  1669/1664/914 1671/1666/1157 1672/1667/917
f  1671/1666/1157 1670/1665/1156 1667/1662/1154
f  1671/1666/1157 1667/1662/1154 1673/1668/1158
f  1673/1668/1158 1667/1662/1154 1674/1669/1159
f  1675/1670/1160 1667/1662/1154 1653/1648/1141
f  1667/1662/1154 1675/1670/1160 1674/1669/1159
f  1675/1670/1160 1653/1648/1141 1650/1645/1138
f  1674/1669/1159 1675/1670/1160 1676/1671/1161
f  1676/1671/1161 1675/1670/1160 1650/1645/1138
f  1676/1671/1161 1650/1645/1138 1677/1672/1162
f  1678/1673/14 1679/1674/14 1680/1675/14
f  1681/1676/707 1682/1677/684 1683/1678/683
f  1682/1677/684 1681/1676/707 1684/1679/1163
f  1684/1679/1163 1681/1676/707 1685/1680/734
f  1682/1677/684 1684/1679/1163 1686/1681/1164
f  1682/1677/684 1686/1681/1164 1687/1682/682
f  1688/1683/1165 1684/1679/1163 1689/1684/1166
f  1684/1679/1163 1688/1683/1165 1686/1681/1164
f  1687/1682/682 1686/1681/1164 1690/1685/679
f  1690/1685/679 1686/1681/1164 1691/1686/681
f  1690/1685/679 1691/1686/681 1692/1687/680
f  1686/1681/1164 1688/1683/1165 1693/1688/1167
f  1693/1688/1167 1688/1683/1165 1694/1689/1168
f  1686/1681/1164 1693/1688/1167 1691/1686/681
f  1691/1686/681 1693/1688/1167 1695/1690/1169
f  1695/1690/1169 1693/1688/1167 1696/1691/1170
f  1691/1686/681 1695/1690/1169 1697/1692/1171
f  1691/1686/681 1697/1692/1171 1698/1693/618
f  1691/1686/681 1698/1693/618 1699/1694/620
f  1700/1695/734 1701/1696/1172 1702/1697/709
f  1701/1696/1172 1700/1695/734 1703/1698/738
f  1702/1697/709 1701/1696/1172 1704/1699/706
f  1701/1696/1172 1703/1698/738 1705/1700/1173
f  1705/1700/1173 1703/1698/738 1706/1701/782
f  1705/1700/1173 1706/1701/782 1707/1702/780
f  1701/1696/1172 1705/1700/1173 1708/1703/1174
f  1705/1700/1173 1707/1702/780 1709/1704/1175
f  1705/1700/1173 1709/1704/1175 1708/1703/1174
f  1709/1704/1175 1707/1702/780 1710/1705/779
f  1711/1706/1172 1704/1699/706 1701/1696/1172
f  1711/1706/1172 1701/1696/1172 1708/1703/1174
f  1704/1699/706 1711/1706/1172 1712/1707/1176
f  1704/1699/706 1712/1707/1176 1713/1708/707
f  1712/1707/1176 1711/1706/1172 1714/1709/1177
f  1712/1707/1176 1714/1709/1177 1713/1708/707
f  1714/1709/1177 1711/1706/1172 1708/1703/1174
f  1713/1708/707 1714/1709/1177 1715/1710/734
f  1715/1710/734 1714/1709/1177 1716/1711/1178
f  1716/1711/1178 1714/1709/1177 1708/1703/1174
f  1715/1710/734 1716/1711/1178 1717/1712/1163
f  1718/1713/1179 1708/1703/1174 1709/1704/1175
f  1708/1703/1174 1718/1713/1179 1716/1711/1178
f  1718/1713/1179 1709/1704/1175 1710/1705/779
f  1717/1712/1163 1716/1711/1178 1719/1714/1166
f  1719/1714/1166 1716/1711/1178 1718/1713/1179
f  1720/1715/777 1721/1716/778 1710/1705/779
f  1710/1705/779 1721/1716/778 1722/1717/1180
f  1723/1718/1181 1721/1716/778 1724/1719/775
f  1721/1716/778 1723/1718/1181 1722/1717/1180
f  1718/1713/1179 1710/1705/779 1725/1720/1180
f  1725/1720/1180 1710/1705/779 1722/1717/1180
f  1718/1713/1179 1725/1720/1180 1726/1721/1180
f  1726/1721/1180 1725/1720/1180 1727/1722/1180
f  1727/1722/1180 1725/1720/1180 1722/1717/1180
f  1718/1713/1179 1726/1721/1180 1728/1723/1182
f  1727/1722/1180 1722/1717/1180 1729/1724/1183
f  1728/1723/1182 1726/1721/1180 1730/1725/1184
f  1730/1725/1184 1726/1721/1180 1727/1722/1180
f  1718/1713/1179 1728/1723/1182 1731/1726/1185
f  1718/1713/1179 1731/1726/1185 1719/1714/1166
f  1728/1723/1182 1730/1725/1184 1732/1727/1186
f  1728/1723/1182 1732/1727/1186 1731/1726/1185
f  1730/1725/1184 1727/1722/1180 1733/1728/1184
f  1733/1728/1184 1727/1722/1180 1729/1724/1183
f  1730/1725/1184 1733/1728/1184 1732/1727/1186
f  1733/1728/1184 1729/1724/1183 1734/1729/1187
f  1734/1729/1187 1729/1724/1183 1722/1717/1180
f  1734/1729/1187 1722/1717/1180 1733/1728/1184
f  1733/1728/1184 1722/1717/1180 1723/1718/1181
f  1733/1728/1184 1723/1718/1181 1732/1727/1186
f  1735/1730/946 1736/1731/946 1723/1718/1181
f  1723/1718/1181 1736/1731/946 1737/1732/1181
f  1723/1718/1181 1737/1732/1181 1738/1733/1188
f  1723/1718/1181 1738/1733/1188 1732/1727/1186
f  1732/1727/1186 1738/1733/1188 1739/1734/1189
f  1732/1727/1186 1739/1734/1189 1731/1726/1185
f  1739/1734/1189 1738/1733/1188 1740/1735/1190
f  1739/1734/1189 1740/1735/1190 1741/1736/1191
f  1731/1726/1185 1739/1734/1189 1742/1737/1192
f  1731/1726/1185 1742/1737/1192 1719/1714/1166
f  1742/1737/1192 1739/1734/1189 1743/1738/1193
f  1743/1738/1193 1739/1734/1189 1744/1739/1194
f  1743/1738/1193 1744/1739/1194 1742/1737/1192
f  1744/1739/1194 1739/1734/1189 1741/1736/1191
f  1719/1714/1166 1742/1737/1192 1745/1740/1195
f  1745/1740/1195 1742/1737/1192 1744/1739/1194
f  1719/1714/1166 1745/1740/1195 1746/1741/1165
f  1746/1741/1165 1745/1740/1195 1747/1742/1196
f  1745/1740/1195 1744/1739/1194 1748/1743/1197
f  1744/1739/1194 1741/1736/1191 1749/1744/1198
f  1744/1739/1194 1749/1744/1198 1750/1745/1199
f  1749/1744/1198 1741/1736/1191 1751/1746/1200
f  1752/1747/14 1753/1748/14 1754/1749/14
f  1752/1747/14 1754/1749/14 1755/1750/14
f  1753/1748/14 1752/1747/14 1756/1751/14
f  1753/1748/14 1756/1751/14 1757/1752/14
f  1753/1748/14 1757/1752/14 1758/1753/14
f  1759/1754/555 1758/1753/14 1760/1755/556
f  1760/1755/556 1758/1753/14 1761/1756/1201
f  1760/1755/556 1761/1756/1201 1762/1757/552
f  1758/1753/14 1757/1752/14 1763/1758/1202
f  1758/1753/14 1763/1758/1202 1761/1756/1201
f  1763/1758/1202 1757/1752/14 1764/1759/1203
f  1764/1759/1203 1757/1752/14 1765/1760/978
f  1762/1757/552 1761/1756/1201 1766/1761/1204
f  1761/1756/1201 1763/1758/1202 1767/1762/1205
f  1761/1756/1201 1767/1762/1205 1766/1761/1204
f  1762/1757/552 1766/1761/1204 1768/1763/1206
f  1768/1763/1206 1766/1761/1204 1767/1762/1205
f  1762/1757/552 1768/1763/1206 1769/1764/553
f  1769/1764/553 1768/1763/1206 1770/1765/550
f  1771/1766/1207 1763/1758/1202 1764/1759/1203
f  1763/1758/1202 1771/1766/1207 1767/1762/1205
f  1772/1767/1208 1764/1759/1203 1765/1760/978
f  1764/1759/1203 1772/1767/1208 1771/1766/1207
f  1772/1767/1208 1765/1760/978 1773/1768/980
f  1772/1767/1208 1773/1768/980 1774/1769/981
f  1771/1766/1207 1772/1767/1208 1775/1770/1209
f  1771/1766/1207 1775/1770/1209 1767/1762/1205
f  1775/1770/1209 1772/1767/1208 1774/1769/981
f  1767/1762/1205 1775/1770/1209 1776/1771/1210
f  1776/1771/1210 1775/1770/1209 1774/1769/981
f  1767/1762/1205 1776/1771/1210 1768/1763/1206
f  1777/1772/549 1770/1765/550 1768/1763/1206
f  1768/1763/1206 1776/1771/1210 1778/1773/1211
f  1768/1763/1206 1778/1773/1211 1779/1774/1212
f  1768/1763/1206 1779/1774/1212 1777/1772/549
f  1778/1773/1211 1776/1771/1210 1780/1775/1213
f  1778/1773/1211 1780/1775/1213 1779/1774/1212
f  1777/1772/549 1779/1774/1212 1781/1776/1214
f  1781/1776/1214 1779/1774/1212 1782/1777/1215
f  1781/1776/1214 1782/1777/1215 1777/1772/549
f  1782/1777/1215 1779/1774/1212 1780/1775/1213
f  1777/1772/549 1782/1777/1215 1783/1778/1211
f  1783/1778/1211 1782/1777/1215 1780/1775/1213
f  1777/1772/549 1783/1778/1211 1784/1779/541
f  1784/1779/541 1783/1778/1211 1785/1780/540
f  1785/1780/540 1783/1778/1211 1786/1781/1211
f  1786/1781/1211 1783/1778/1211 1780/1775/1213
f  1785/1780/540 1786/1781/1211 1787/1782/539
f  1788/1783/1216 1780/1775/1213 1776/1771/1210
f  1780/1775/1213 1788/1783/1216 1789/1784/1216
f  1788/1783/1216 1776/1771/1210 1790/1785/1217
f  1788/1783/1216 1790/1785/1217 1789/1784/1216
f  1790/1785/1217 1776/1771/1210 1774/1769/981
f  1780/1775/1213 1789/1784/1216 1791/1786/1218
f  1791/1786/1218 1789/1784/1216 1790/1785/1217
f  1792/1787/1219 1786/1781/1211 1780/1775/1213
f  1792/1787/1219 1780/1775/1213 1791/1786/1218
f  1786/1781/1211 1792/1787/1219 1793/1788/1219
f  1786/1781/1211 1793/1788/1219 1794/1789/1220
f  1786/1781/1211 1794/1789/1220 1787/1782/539
f  1793/1788/1219 1792/1787/1219 1795/1790/1221
f  1793/1788/1219 1795/1790/1221 1794/1789/1220
f  1787/1782/539 1794/1789/1220 1796/1791/1222
f  1796/1791/1222 1794/1789/1220 1795/1790/1221
f  1787/1782/539 1796/1791/1222 1797/1792/1223
f  1797/1792/1223 1796/1791/1222 1795/1790/1221
f  1787/1782/539 1797/1792/1223 1798/1793/544
f  1798/1793/544 1797/1792/1223 1799/1794/1224
f  1798/1793/544 1799/1794/1224 1800/1795/1124
f  1798/1793/544 1800/1795/1124 1801/1796/547
f  1800/1795/1124 1799/1794/1224 1802/1797/1225
f  1802/1797/1225 1799/1794/1224 1797/1792/1223
f  1800/1795/1124 1802/1797/1225 1803/1798/1125
f  1803/1798/1125 1802/1797/1225 1804/1799/1132
f  1802/1797/1225 1797/1792/1223 1805/1800/1226
f  1802/1797/1225 1805/1800/1226 1804/1799/1132
f  1805/1800/1226 1797/1792/1223 1795/1790/1221
f  1804/1799/1132 1805/1800/1226 1806/1801/1134
f  1805/1800/1226 1795/1790/1221 1807/1802/1227
f  1805/1800/1226 1807/1802/1227 1806/1801/1134
f  1807/1802/1227 1795/1790/1221 1792/1787/1219
f  1808/1803/1012 1809/1804/1013 1806/1801/1134
f  1808/1803/1012 1806/1801/1134 1807/1802/1227
f  1808/1803/1012 1807/1802/1227 1810/1805/996
f  1810/1805/996 1807/1802/1227 1811/1806/994
f  1811/1806/994 1807/1802/1227 1812/1807/990
f  1812/1807/990 1807/1802/1227 1813/1808/1228
f  1807/1802/1227 1792/1787/1219 1814/1809/1229
f  1807/1802/1227 1814/1809/1229 1813/1808/1228
f  1814/1809/1229 1792/1787/1219 1791/1786/1218
f  1812/1807/990 1813/1808/1228 1815/1810/983
f  1814/1809/1229 1791/1786/1218 1816/1811/1230
f  1815/1810/983 1813/1808/1228 1817/1812/1231
f  1815/1810/983 1817/1812/1231 1774/1769/981
f  1813/1808/1228 1814/1809/1229 1818/1813/1232
f  1818/1813/1232 1814/1809/1229 1816/1811/1230
f  1774/1769/981 1817/1812/1231 1790/1785/1217
f  1816/1811/1230 1791/1786/1218 1790/1785/1217
f  1790/1785/1217 1817/1812/1231 1819/1814/1233
f  1817/1812/1231 1813/1808/1228 1820/1815/1234
f  1817/1812/1231 1820/1815/1234 1819/1814/1233
f  1819/1814/1233 1820/1815/1234 1790/1785/1217
f  1820/1815/1234 1813/1808/1228 1818/1813/1232
f  1790/1785/1217 1820/1815/1234 1816/1811/1230
f  1816/1811/1230 1820/1815/1234 1821/1816/1235
f  1821/1816/1235 1820/1815/1234 1822/1817/1236
f  1822/1817/1236 1820/1815/1234 1823/1818/1237
f  1821/1816/1235 1822/1817/1236 1824/1819/1238
f  1824/1819/1238 1822/1817/1236 1823/1818/1237
f  1823/1818/1237 1820/1815/1234 1825/1820/1239
f  1823/1818/1237 1825/1820/1239 1824/1819/1238
f  1825/1820/1239 1820/1815/1234 1826/1821/1236
f  1825/1820/1239 1826/1821/1236 1824/1819/1238
f  1826/1821/1236 1820/1815/1234 1818/1813/1232
f  1827/1822/1240 1816/1811/1230 1821/1816/1235
f  1827/1822/1240 1821/1816/1235 1824/1819/1238
f  1816/1811/1230 1827/1822/1240 1828/1823/1240
f  1828/1823/1240 1827/1822/1240 1824/1819/1238
f  1816/1811/1230 1828/1823/1240 1829/1824/1240
f  1829/1824/1240 1828/1823/1240 1824/1819/1238
f  1816/1811/1230 1829/1824/1240 1830/1825/1240
f  1830/1825/1240 1829/1824/1240 1824/1819/1238
f  1816/1811/1230 1830/1825/1240 1831/1825/1235
f  1831/1825/1235 1830/1825/1240 1824/1819/1238
f  1816/1811/1230 1831/1825/1235 1832/1826/1241
f  1832/1826/1241 1831/1825/1235 1824/1819/1238
f  1816/1811/1230 1832/1826/1241 1833/1827/1242
f  1833/1827/1242 1832/1826/1241 1824/1819/1238
f  1816/1811/1230 1833/1827/1242 1818/1813/1232
f  1833/1827/1242 1824/1819/1238 1834/1828/1243
f  1833/1827/1242 1834/1828/1243 1818/1813/1232
f  1818/1813/1232 1834/1828/1243 1835/1829/1244
f  1835/1829/1244 1834/1828/1243 1824/1819/1238
f  1818/1813/1232 1835/1829/1244 1836/1829/1236
f  1836/1829/1236 1835/1829/1244 1824/1819/1238
f  1836/1829/1236 1824/1819/1238 1837/1830/1236
f  1836/1829/1236 1837/1830/1236 1818/1813/1232
f  1837/1830/1236 1824/1819/1238 1838/1831/1236
f  1837/1830/1236 1838/1831/1236 1818/1813/1232
f  1838/1831/1236 1824/1819/1238 1839/1832/1245
f  1838/1831/1236 1839/1832/1245 1818/1813/1232
f  1839/1832/1245 1824/1819/1238 1840/1833/1246
f  1839/1832/1245 1840/1833/1246 1818/1813/1232
f  1840/1833/1246 1824/1819/1238 1841/1834/1243
f  1840/1833/1246 1841/1834/1243 1818/1813/1232
f  1841/1834/1243 1824/1819/1238 1826/1821/1236
f  1841/1834/1243 1826/1821/1236 1818/1813/1232
f  1842/1835/1171 1843/1836/616 1844/1837/618
f  1843/1836/616 1842/1835/1171 1845/1838/1247
f  1845/1838/1247 1842/1835/1171 1846/1839/1169
f  1846/1839/1169 1842/1835/1171 1847/1840/1169
f  1843/1836/616 1845/1838/1247 1848/1841/1248
f  1845/1838/1247 1846/1839/1169 1849/1842/1249
f  1845/1838/1247 1849/1842/1249 1848/1841/1248
f  1848/1841/1248 1849/1842/1249 1850/1843/1250
f  1850/1843/1250 1849/1842/1249 1846/1839/1169
f  1848/1841/1248 1850/1843/1250 1851/1844/1251
f  1851/1844/1251 1850/1843/1250 1846/1839/1169
f  1851/1844/1251 1846/1839/1169 1848/1841/1248
f  1843/1836/616 1848/1841/1248 1852/1845/1252
f  1852/1845/1252 1848/1841/1248 1846/1839/1169
f  1843/1836/616 1852/1845/1252 1853/1846/614
f  1854/1847/1253 1846/1839/1169 1847/1840/1169
f  1846/1839/1169 1854/1847/1253 1852/1845/1252
f  1854/1847/1253 1847/1840/1169 1855/1848/1170
f  1854/1847/1253 1855/1848/1170 1856/1849/1168
f  1856/1849/1168 1855/1848/1170 1857/1850/1167
f  1854/1847/1253 1856/1849/1168 1858/1851/1254
f  1854/1847/1253 1858/1851/1254 1852/1845/1252
f  1858/1851/1254 1856/1849/1168 1859/1852/1255
f  1859/1852/1255 1856/1849/1168 1860/1853/1165
f  1859/1852/1255 1860/1853/1165 1861/1854/1196
f  1858/1851/1254 1859/1852/1255 1862/1855/1256
f  1862/1855/1256 1859/1852/1255 1861/1854/1196
f  1852/1845/1252 1858/1851/1254 1863/1856/1257
f  1863/1856/1257 1858/1851/1254 1862/1855/1256
f  1862/1855/1256 1861/1854/1196 1864/1857/1258
f  1865/1858/1197 1861/1854/1196 1866/1859/1195
f  1861/1854/1196 1865/1858/1197 1864/1857/1258
f  1862/1855/1256 1864/1857/1258 1867/1860/1098
f  1862/1855/1256 1867/1860/1098 1863/1856/1257
f  1864/1857/1258 1865/1858/1197 1868/1861/1259
f  1869/1862/1199 1865/1858/1197 1870/1863/1194
f  1865/1858/1197 1869/1862/1199 1868/1861/1259
f  1867/1860/1098 1864/1857/1258 1871/1864/1260
f  1871/1864/1260 1864/1857/1258 1868/1861/1259
f  1868/1861/1259 1869/1862/1199 1872/1865/1200
f  1872/1865/1200 1869/1862/1199 1873/1866/1198
f  1871/1864/1260 1868/1861/1259 1874/1867/1260
f  1868/1861/1259 1872/1865/1200 1875/1868/1261
f  1868/1861/1259 1875/1868/1261 1874/1867/1260
f  1875/1868/1261 1872/1865/1200 1876/1869/1061
f  1875/1868/1261 1876/1869/1061 1877/1870/1060
f  1875/1868/1261 1877/1870/1060 1874/1867/1260
f  1874/1867/1260 1877/1870/1060 1871/1864/1260
f  1871/1864/1260 1877/1870/1060 1867/1860/1098
f  1878/1871/1262 1863/1856/1257 1867/1860/1098
f  1878/1871/1262 1867/1860/1098 1879/1872/1108
f  1878/1871/1262 1879/1872/1108 1863/1856/1257
f  1863/1856/1257 1879/1872/1108 1880/1873/1263
f  1863/1856/1257 1880/1873/1263 1881/1874/1264
f  1863/1856/1257 1881/1874/1264 1852/1845/1252
f  1880/1873/1263 1879/1872/1108 1882/1875/1263
f  1882/1875/1263 1879/1872/1108 1883/1876/1106
f  1882/1875/1263 1883/1876/1106 1884/1877/1104
f  1882/1875/1263 1884/1877/1104 1885/1878/1103
f  1852/1845/1252 1881/1874/1264 1886/1879/1265
f  1880/1873/1263 1882/1875/1263 1887/1880/1266
f  1887/1880/1266 1882/1875/1263 1885/1878/1103
f  1888/1881/1267 1881/1874/1264 1880/1873/1263
f  1888/1881/1267 1880/1873/1263 1887/1880/1266
f  1881/1874/1264 1888/1881/1267 1886/1879/1265
f  1852/1845/1252 1886/1879/1265 1853/1846/614
f  1853/1846/614 1886/1879/1265 1889/1882/1268
f  1853/1846/614 1889/1882/1268 1890/1883/610
f  1890/1883/610 1889/1882/1268 1891/1884/609
f  1889/1882/1268 1886/1879/1265 1892/1885/1268
f  1892/1885/1268 1886/1879/1265 1893/1886/1269
f  1892/1885/1268 1893/1886/1269 1889/1882/1268
f  1893/1886/1269 1886/1879/1265 1888/1881/1267
f  1891/1884/609 1889/1882/1268 1894/1887/1268
f  1891/1884/609 1894/1887/1268 1895/1888/612
f  1889/1882/1268 1893/1886/1269 1896/1889/1269
f  1896/1889/1269 1893/1886/1269 1888/1881/1267
f  1889/1882/1268 1896/1889/1269 1894/1887/1268
f  1896/1889/1269 1888/1881/1267 1887/1880/1266
f  1895/1888/612 1894/1887/1268 1897/1890/1270
f  1897/1890/1270 1894/1887/1268 1896/1889/1269
f  1897/1890/1270 1896/1889/1269 1887/1880/1266
f  1897/1890/1270 1887/1880/1266 1898/1891/1265
f  1898/1891/1265 1887/1880/1266 1885/1878/1103
f  1898/1891/1265 1885/1878/1103 1897/1890/1270
f  1897/1890/1270 1885/1878/1103 1899/1892/1271
f  1899/1892/1271 1885/1878/1103 1900/1893/1101
f  1900/1893/1101 1885/1878/1103 1901/1894/1100
f  1902/1895/14 1562/1558/14 1903/1896/14
f  1902/1895/14 1903/1896/14 1904/1897/580
f  1562/1558/14 1902/1895/14 1593/1589/1099
f  1902/1895/14 1904/1897/580 1905/1898/885
f  1593/1589/1099 1902/1895/14 1906/1899/1272
f  1593/1589/1099 1906/1899/1272 1595/1591/1101
f  1595/1591/1101 1906/1899/1272 1907/1900/1271
f  1906/1899/1272 1902/1895/14 1908/1901/1273
f  1907/1900/1271 1906/1899/1272 1909/1902/1274
f  1909/1902/1274 1906/1899/1272 1908/1901/1273
f  1907/1900/1271 1909/1902/1274 1910/1903/1275
f  1909/1902/1274 1908/1901/1273 1911/1904/620
f  1907/1900/1271 1910/1903/1275 1912/1905/1270
f  1908/1901/1273 1902/1895/14 1913/1906/1276
f  1908/1901/1273 1913/1906/1276 1911/1904/620
f  1911/1904/620 1913/1906/1276 1909/1902/1274
f  1913/1906/1276 1902/1895/14 1905/1898/885
f  1909/1902/1274 1913/1906/1276 1910/1903/1275
f  1910/1903/1275 1913/1906/1276 1905/1898/885
f  1910/1903/1275 1905/1898/885 1914/1907/882
f  1915/1908/1277 1912/1905/1270 1910/1903/1275
f  1915/1908/1277 1910/1903/1275 1914/1907/882
f  1912/1905/1270 1915/1908/1277 1916/1909/612
f  1916/1909/612 1915/1908/1277 1914/1907/882
f  1917/1910/945 1918/1911/767 1919/1912/766
f  1920/1913/1181 1921/1914/775 1922/1915/946
f  1923/1916/917 1924/1917/1157 1925/1918/922
f  1925/1918/922 1924/1917/1157 1926/1919/1278
f  1926/1919/1278 1924/1917/1157 1927/1920/1158
f  1926/1919/1278 1927/1920/1158 1928/1921/1279
f  1926/1919/1278 1928/1921/1279 1925/1918/922
f  1928/1921/1279 1927/1920/1158 1929/1922/1159
f  1930/1923/926 1931/1924/923 1925/1918/922
f  1930/1923/926 1925/1918/922 1928/1921/1279
f  1930/1923/926 1928/1921/1279 1932/1925/1280
f  1930/1923/926 1932/1925/1280 1933/1926/928
f  1933/1926/928 1932/1925/1280 1934/1927/1281
f  1934/1927/1281 1932/1925/1280 1928/1921/1279
f  1933/1926/928 1934/1927/1281 1935/1928/931
f  1936/1929/1282 1928/1921/1279 1929/1922/1159
f  1928/1921/1279 1936/1929/1282 1937/1930/1283
f  1936/1929/1282 1929/1922/1159 1938/1931/1284
f  1938/1931/1284 1929/1922/1159 1939/1932/1161
f  1937/1930/1283 1936/1929/1282 1940/1933/926
f  1940/1933/926 1936/1929/1282 1938/1931/1284
f  1938/1931/1284 1939/1932/1161 1941/1934/1162
f  1938/1931/1284 1941/1934/1162 1940/1933/926
f  1928/1921/1279 1937/1930/1283 1942/1935/1285
f  1928/1921/1279 1942/1935/1285 1934/1927/1281
f  1942/1935/1285 1937/1930/1283 1940/1933/926
f  1943/1936/1286 1935/1928/931 1934/1927/1281
f  1935/1928/931 1943/1936/1286 1944/1937/946
f  1944/1937/946 1943/1936/1286 1945/1938/1181
f  1943/1936/1286 1934/1927/1281 1946/1939/1287
f  1943/1936/1286 1946/1939/1287 1945/1938/1181
f  1946/1939/1287 1934/1927/1281 1942/1935/1285
f  1945/1938/1181 1946/1939/1287 1947/1940/1190
f  1945/1938/1181 1947/1940/1190 1948/1941/1188
f  1946/1939/1287 1942/1935/1285 1949/1942/1288
f  1946/1939/1287 1949/1942/1288 1947/1940/1190
f  1949/1942/1288 1942/1935/1285 1940/1933/926
f  1947/1940/1190 1949/1942/1288 1950/1943/1289
f  1947/1940/1190 1950/1943/1289 1951/1944/1191
f  1949/1942/1288 1940/1933/926 1952/1945/1290
f  1949/1942/1288 1952/1945/1290 1950/1943/1289
f  1952/1945/1290 1940/1933/926 1953/1946/1291
f  1953/1946/1291 1940/1933/926 1941/1934/1162
f  1950/1943/1289 1952/1945/1290 1954/1947/1292
f  1954/1947/1292 1952/1945/1290 1953/1946/1291
f  1951/1944/1191 1950/1943/1289 1955/1948/1293
f  1955/1948/1293 1950/1943/1289 1954/1947/1292
f  1951/1944/1191 1955/1948/1293 1956/1949/1294
f  1951/1944/1191 1956/1949/1294 1957/1950/1200
f  1957/1950/1200 1956/1949/1294 1958/1951/1061
f  1958/1951/1061 1956/1949/1294 1959/1952/1063
f  1959/1952/1063 1956/1949/1294 1960/1953/1064
f  1960/1953/1064 1956/1949/1294 1955/1948/1293
f  1960/1953/1064 1955/1948/1293 1961/1954/1295
f  1961/1954/1295 1955/1948/1293 1954/1947/1292
f  1960/1953/1064 1961/1954/1295 1962/1955/1065
f  1962/1955/1065 1961/1954/1295 1963/1956/1068
f  1963/1956/1068 1961/1954/1295 1954/1947/1292
f  1964/1957/1296 1954/1947/1292 1953/1946/1291
f  1954/1947/1292 1964/1957/1296 1963/1956/1068
f  1964/1957/1296 1953/1946/1291 1941/1934/1162
f  1963/1956/1068 1964/1957/1296 1965/1958/1297
f  1963/1956/1068 1965/1958/1297 1966/1959/1069
f  1964/1957/1296 1941/1934/1162 1967/1960/1137
f  1964/1957/1296 1967/1960/1137 1965/1958/1297
f  1965/1958/1297 1967/1960/1137 1966/1959/1069
f  1967/1960/1137 1941/1934/1162 1968/1961/1138
f  1966/1959/1069 1967/1960/1137 1969/1962/1008
f  1970/1963/1298 1971/1964/1298 1972/1965/1298
f  1970/1963/1298 1972/1965/1298 1973/1966/1298

