# File produced by Tripo

mtllib bowl.mtl

# 2644 vertex positions
v -0.05646896 0.22593689 0.48956299
v -0.08219910 0.21755981 0.48165894
v -0.05603027 0.21810913 0.49038696
v -0.10634613 0.22587585 0.47256470
v -0.05605316 0.22781372 0.48245239
v -0.05523682 0.18200684 0.48355103
v -0.09190369 0.16142273 0.46688843
v -0.07670593 0.12054443 0.46377563
v -0.01219749 0.22587585 0.48464966
v 0.00443268 0.21762085 0.48406982
v 0.02270126 0.22778320 0.47381592
v 0.03913116 0.22587585 0.47930908
v -0.05372620 0.12147522 0.47174072
v -0.05337906 0.10160828 0.46401978
v 0.04101562 0.19750977 0.47656250
v 0.04376984 0.21717834 0.48001099
v 0.07370758 0.22587585 0.47753906
v -0.00538301 0.14552307 0.47137451
v -0.01438713 0.12144470 0.46777344
v 0.04236221 0.15509033 0.46820068
v 0.00718117 0.10097504 0.45767212
v 0.04099274 0.12045288 0.46154785
v -0.05140305 0.07527161 0.45303345
v -0.09468842 0.08237457 0.44128418
v -0.04973984 0.04573822 0.44073486
v 0.03622437 0.08144379 0.44638062
v -0.01739120 0.03343582 0.43237305
v -0.09062195 0.02950859 0.42010498
v -0.04800034 0.00892258 0.42620850
v 0.00239849 0.05949020 0.44110107
v 0.03747559 0.06370544 0.43890381
v 0.03310013 0.00504160 0.41583252
v 0.00024286 -0.03327942 0.40377808
v 0.03717422 0.03020668 0.42532349
v 0.07830048 -0.03297806 0.39709473
v 0.03555298 -0.03287888 0.40011597
v 0.11510468 -0.03340530 0.39407349
v 0.12034607 0.01864815 0.41461182
v 0.08013153 0.04246902 0.42752075
v 0.12318420 0.05234909 0.42831421
v 0.15368652 0.01943970 0.39685059
v 0.13928223 -0.03380585 0.38067627
v 0.12750244 0.09238434 0.44430542
v 0.09637451 0.10212708 0.45068359
v 0.16757202 0.08496857 0.41909790
v 0.13027954 0.12081146 0.45553589
v 0.08142853 0.12082672 0.45904541
v 0.07875061 0.17286682 0.46923828
v 0.15467834 0.05679703 0.41305542
v 0.20278931 0.06908417 0.39263916
v 0.21223450 0.12042236 0.41113281
v 0.10691071 0.20187378 0.47320557
v 0.19662476 0.03328323 0.37976074
v 0.09704590 0.21771240 0.47680664
v 0.13221741 0.17051697 0.46502686
v 0.13446045 0.21742249 0.47430420
v 0.13433838 0.22605896 0.47320557
v 0.13166809 0.22785950 0.46649170
v 0.13088989 0.14201355 0.45971680
v 0.15116882 0.21742249 0.46539307
v 0.15708923 0.22595215 0.46112061
v 0.16273499 0.22784424 0.44992065
v 0.17562866 0.12107086 0.43103027
v 0.17782593 0.18647766 0.44451904
v 0.19453430 0.21748352 0.44219971
v 0.21520996 0.17247009 0.42120361
v 0.19729614 0.22592163 0.43975830
v 0.21754456 0.21720886 0.42996216
v 0.24987793 0.21720886 0.41397095
v 0.23208618 0.22567749 0.42129517
v 0.20549011 0.22781372 0.42739868
v 0.17027283 0.22784424 0.42398071
v 0.27224731 0.22590637 0.40176392
v 0.30035400 0.21742249 0.38916016
v 0.27468872 0.17738342 0.39328003
v 0.22808838 0.22749329 0.41503906
v 0.29254150 0.22766113 0.38375854
v 0.22892761 0.22761536 0.39328003
v 0.26330566 0.22785950 0.37640381
v 0.23797607 0.12904358 0.40023804
v 0.29138184 0.12893677 0.37365723
v 0.25994873 0.12095642 0.38787842
v 0.25048828 0.09937286 0.38290405
v 0.22949219 0.05959320 0.37536621
v 0.26617432 0.08042908 0.36630249
v 0.23483276 0.01568031 0.35269165
v 0.19255066 0.00582266 0.36947632
v 0.22700500 -0.03310013 0.33474731
v 0.16908264 -0.00062549 0.37948608
v 0.18357849 -0.03286743 0.35641479
v 0.17752075 -0.06380463 0.33435059
v -0.08219910 0.21755981 0.48165894
v -0.10634613 0.22587585 0.47256470
v -0.12474060 0.21720886 0.46685791
v -0.14466858 0.16802979 0.44973755
v -0.09190369 0.16142273 0.46688843
v -0.16928101 0.22590637 0.45111084
v -0.17922974 0.21652222 0.44863892
v -0.18479919 0.15000916 0.43304443
v -0.13755798 0.12011719 0.44223022
v -0.17849731 0.12088776 0.42904663
v -0.24537659 0.17903137 0.41864014
v -0.22084045 0.21734619 0.43505859
v -0.12536621 0.22775269 0.45828247
v -0.05605316 0.22781372 0.48245239
v -0.24830627 0.22590637 0.42510986
v -0.19375610 0.22775269 0.43548584
v -0.12873840 0.22778320 0.43618774
v -0.05419159 0.22695923 0.45751953
v -0.24497986 0.22770691 0.41824341
v -0.13710022 0.22602844 0.42584229
v -0.10060120 0.22018433 0.43481445
v -0.23779297 0.22779846 0.39739990
v -0.19723511 0.22592163 0.40460205
v -0.15513611 0.21995544 0.41619873
v -0.10343170 0.13853455 0.41168213
v -0.05387878 0.18331909 0.44104004
v -0.16653442 0.14041138 0.39035034
v -0.30261230 0.22779846 0.33776855
v -0.23522949 0.22607422 0.39099121
v -0.23377991 0.21980286 0.38787842
v -0.20513916 0.19010925 0.39022827
v -0.29919434 0.21965027 0.32641602
v -0.23229980 0.20298767 0.38391113
v -0.22427368 0.13827515 0.36856079
v -0.21852112 0.10916901 0.35800171
v -0.14537048 0.09336853 0.37759399
v -0.21403503 0.08727264 0.34942627
v -0.25286865 0.13938904 0.34188843
v -0.26071167 0.10214996 0.31347656
v -0.29421997 0.20462036 0.32595825
v -0.32305908 0.22300720 0.30569458
v -0.28625488 0.13893127 0.31021118
v -0.33148193 0.13958740 0.26681519
v -0.27481079 0.08648682 0.29040527
v -0.23246765 0.05967331 0.31750488
v -0.32565308 0.10249329 0.25097656
v -0.28036499 0.06600952 0.27438354
v -0.29382324 0.04267120 0.24893188
v -0.23806763 0.04268646 0.30374146
v -0.32015991 0.08631134 0.24650574
v -0.33825684 0.08391571 0.22734070
v -0.35681152 0.13821411 0.24148560
v -0.34518433 0.10441589 0.23307800
v -0.36849976 0.19642639 0.25109863
v -0.37261963 0.22018433 0.25582886
v -0.38082886 0.20372009 0.22570801
v -0.37524414 0.22613525 0.25796509
v -0.38687134 0.22586060 0.22894287
v -0.38177490 0.22784424 0.25982666
v -0.35263062 0.22776794 0.28930664
v -0.39495850 0.22789001 0.27810669
v -0.32159424 0.22770691 0.34701538
v -0.41540527 0.22781372 0.23278809
v -0.40310669 0.22593689 0.28018188
v -0.41772461 0.22584534 0.24528503
v -0.41757202 0.21751404 0.24794006
v -0.30761719 0.22579956 0.36941528
v -0.36331177 0.22586060 0.31787109
v -0.40371704 0.21714783 0.28106689
v -0.40444946 0.16714478 0.25402832
v -0.39202881 0.14463806 0.27233887
v -0.37020874 0.21780396 0.31259155
v -0.37182617 0.18176270 0.30075073
v -0.38854980 0.12107849 0.26934814
v -0.33932495 0.21775818 0.34136963
v -0.34844971 0.12081909 0.30618286
v -0.35314941 0.07917023 0.27951050
v -0.37686157 0.08718872 0.26196289
v -0.36297607 0.04614639 0.25195312
v -0.33825684 0.01804161 0.25976562
v -0.31478882 0.04488754 0.29547119
v -0.27947998 0.00660706 0.30749512
v -0.28631592 0.03569031 0.31671143
v -0.30322266 0.10054016 0.33715820
v -0.25143433 0.02387428 0.34408569
v -0.24740601 0.06190872 0.36953735
v -0.23466492 0.09705353 0.40100098
v -0.22749329 0.06338501 0.38916016
v -0.17999268 0.09120941 0.41613770
v -0.23979187 0.12057495 0.40914917
v -0.27389526 0.12122345 0.37670898
v -0.31146240 0.12089539 0.34033203
v -0.27908325 0.15640259 0.38101196
v -0.31369019 0.15908813 0.34878540
v -0.26712036 0.19178772 0.40197754
v -0.31793213 0.21783447 0.36087036
v -0.24909973 0.21717834 0.42572021
v -0.05419159 0.22695923 0.45751953
v -0.12536621 0.22775269 0.45828247
v 0.03785706 0.22781372 0.45385742
v 0.12163544 0.22779846 0.44750977
v 0.11946106 0.22595215 0.44140625
v 0.14788818 0.22589111 0.42706299
v 0.00614214 0.22587585 0.44909668
v 0.18943787 0.22586060 0.40594482
v -0.00391626 0.21965027 0.44659424
v 0.23242188 0.22583008 0.38433838
v 0.27478027 0.22583008 0.36346436
v 0.23506165 0.22003174 0.37948608
v -0.05458450 0.21958923 0.45040894
v -0.10060120 0.22018433 0.43481445
v -0.05387878 0.18331909 0.44104004
v 0.18386841 0.21934509 0.40490723
v 0.24203491 0.19660950 0.36941528
v 0.27294922 0.21987915 0.36093140
v 0.11917877 0.22026062 0.43814087
v 0.14538574 0.17474365 0.41165161
v 0.15583801 0.13980103 0.39593506
v 0.26007080 0.13943481 0.34402466
v 0.25256348 0.11257172 0.33544922
v 0.18190002 0.11555481 0.37179565
v 0.19206238 0.08654022 0.35284424
v 0.24528503 0.08681488 0.32678223
v 0.13237000 0.08832550 0.38369751
v 0.16752625 0.04290390 0.34613037
v 0.23483276 0.04208755 0.31326294
v 0.11280823 0.13897705 0.41754150
v 0.15478516 -0.00013621 0.31930542
v 0.22230530 0.01323509 0.29742432
v 0.15527344 -0.02509117 0.29953003
v 0.20295715 -0.03105545 0.27267456
v 0.08784485 -0.02757835 0.33224487
v 0.09346008 0.00228596 0.35275269
v 0.02752686 0.00024575 0.35562134
v 0.09853363 0.02595901 0.36871338
v 0.10151672 0.04207230 0.38000488
v 0.03457642 0.02532578 0.37222290
v -0.04714966 0.01601219 0.37191772
v 0.02693939 0.04270172 0.38485718
v 0.10665894 0.08637238 0.39599609
v -0.04858398 0.04181290 0.39001465
v -0.08479309 0.04281998 0.37820435
v -0.05047226 0.08511353 0.40649414
v 0.05779266 0.08518982 0.39883423
v -0.00612497 0.08582306 0.40356445
v 0.02379227 0.10299683 0.40884399
v -0.05291367 0.13958740 0.42926025
v -0.10343170 0.13853455 0.41168213
v 0.05039597 0.13899231 0.42160034
v -0.02384567 0.16970825 0.43536377
v 0.05823517 0.15974426 0.42657471
v 0.11580658 0.17930603 0.42758179
v 0.04354477 0.20101929 0.43832397
v 0.09512329 0.21910095 0.43939209
v 0.03963089 0.22013855 0.44329834
v -0.13755798 0.12011719 0.44223022
v -0.07670593 0.12054443 0.46377563
v -0.09190369 0.16142273 0.46688843
v -0.14466858 0.16802979 0.44973755
v -0.05337906 0.10160828 0.46401978
v -0.09468842 0.08237457 0.44128418
v -0.13201904 0.06811523 0.42172241
v -0.09062195 0.02950859 0.42010498
v -0.04973984 0.04573822 0.44073486
v -0.15989685 0.09037781 0.42254639
v -0.17849731 0.12088776 0.42904663
v -0.17999268 0.09120941 0.41613770
v -0.12707520 0.01909637 0.40277100
v -0.22749329 0.06338501 0.38916016
v -0.09554291 0.00289345 0.40716553
v -0.04800034 0.00892258 0.42620850
v -0.17596436 0.02816963 0.39093018
v -0.14564514 0.01002216 0.39331055
v -0.12200928 -0.03321457 0.38238525
v -0.07035828 -0.03313446 0.40048218
v -0.04587173 -0.03317642 0.40893555
v -0.09571075 -0.03355408 0.39178467
v -0.08816528 -0.06662750 0.36911011
v -0.04329300 -0.06216431 0.38778687
v -0.11435699 -0.06421661 0.36148071
v -0.05998993 -0.10056305 0.35317993
v -0.08521271 -0.10337067 0.34283447
v -0.03764725 -0.12719727 0.34252930
v -0.10838318 -0.10562134 0.33306885
v -0.09454346 -0.14424133 0.31127930
v -0.03665543 -0.14360046 0.33145142
v -0.07064819 -0.15469360 0.31094360
v -0.09920502 -0.16601562 0.29315186
v -0.03480911 -0.16157532 0.31759644
v -0.14916992 -0.14437866 0.29376221
v -0.13211060 -0.10409546 0.32684326
v -0.15745544 -0.17036438 0.27056885
v -0.06999207 -0.17744446 0.29415894
v -0.04886246 -0.17732239 0.30133057
v -0.06026077 -0.20129395 0.29714966
v -0.03375244 -0.22125244 0.30599976
v -0.07194519 -0.22103882 0.29324341
v -0.06132507 -0.22610474 0.29489136
v -0.09662628 -0.17764282 0.28555298
v -0.11920166 -0.17750549 0.27798462
v -0.10749817 -0.22074890 0.28179932
v -0.09563446 -0.22601318 0.28369141
v -0.06742859 -0.22776794 0.28793335
v -0.03359222 -0.22792053 0.29904175
v -0.04830933 -0.22782898 0.27343750
v -0.10683441 -0.22790527 0.27459717
v -0.11122131 -0.22804260 0.22286987
v -0.12931824 -0.22596741 0.27227783
v -0.15126038 -0.22781372 0.25936890
v -0.15412903 -0.22610474 0.26400757
v -0.15525818 -0.22111511 0.26562500
v -0.12922668 -0.22082520 0.27429199
v -0.14529419 -0.19679260 0.26928711
v -0.15509033 -0.17752075 0.26611328
v -0.17164612 -0.17735291 0.24992371
v -0.17680359 -0.16928101 0.25280762
v -0.16731262 -0.14451599 0.28775024
v -0.19267273 -0.14331055 0.26397705
v -0.21949768 -0.14288330 0.23750305
v -0.23030090 -0.11672974 0.25170898
v -0.18038940 -0.10519409 0.31051636
v -0.23646545 -0.10288239 0.25830078
v -0.25375366 -0.09755707 0.24757385
v -0.18751526 -0.08528137 0.32290649
v -0.16566467 -0.06556702 0.34417725
v -0.25936890 -0.05292892 0.28527832
v -0.29296875 -0.05980301 0.24754333
v -0.22277832 -0.06912994 0.30490112
v -0.31484985 -0.03295517 0.25335693
v -0.19804382 -0.05797958 0.33938599
v -0.24348450 -0.03332138 0.32055664
v -0.27157593 -0.03349304 0.29260254
v -0.33825684 0.01804161 0.25976562
v -0.27947998 0.00660706 0.30749512
v -0.20732117 -0.03301620 0.35510254
v -0.25357056 -0.00198865 0.32809448
v -0.21069336 -0.01760292 0.36022949
v -0.14128113 -0.03366470 0.37631226
v -0.25143433 0.02387428 0.34408569
v -0.28631592 0.03569031 0.31671143
v -0.21621704 0.00923920 0.37011719
v -0.23854065 0.03891373 0.36483765
v -0.24740601 0.06190872 0.36953735
v 0.00024286 -0.03327942 0.40377808
v -0.04800034 0.00892258 0.42620850
v -0.04587173 -0.03317642 0.40893555
v -0.09554291 0.00289345 0.40716553
v 0.03555298 -0.03287888 0.40011597
v 0.03310013 0.00504160 0.41583252
v 0.03563690 -0.06166077 0.37924194
v 0.07830048 -0.03297806 0.39709473
v -0.01907730 -0.06293488 0.38476562
v -0.04329300 -0.06216431 0.38778687
v -0.07035828 -0.03313446 0.40048218
v 0.10767365 -0.07003021 0.36813354
v 0.11510468 -0.03340530 0.39407349
v 0.13928223 -0.03380585 0.38067627
v 0.14315796 -0.06523895 0.35238647
v 0.17752075 -0.06380463 0.33435059
v -0.03963089 -0.10054779 0.36029053
v -0.05998993 -0.10056305 0.35317993
v -0.03764725 -0.12719727 0.34252930
v -0.01119328 -0.12760925 0.33935547
v -0.00371909 -0.10370636 0.35421753
v 0.02975655 -0.10174561 0.35153198
v -0.03665543 -0.14360046 0.33145142
v 0.02587700 -0.12380219 0.33761597
v 0.03406906 -0.14402771 0.32333374
v 0.05953217 -0.07826996 0.36575317
v 0.05968094 -0.12773132 0.33197021
v 0.07613373 -0.10446930 0.34585571
v 0.10167694 -0.10453796 0.34396362
v 0.09436798 -0.14414978 0.31842041
v 0.11194611 -0.13000488 0.31900024
v 0.13244629 -0.10429382 0.32693481
v 0.12753296 -0.14263916 0.30111694
v 0.15853882 -0.10766602 0.30926514
v 0.16639709 -0.08746338 0.32147217
v 0.23054504 -0.08873749 0.28872681
v 0.18080139 -0.10416412 0.30130005
v 0.17709351 -0.14378357 0.27365112
v 0.14730835 -0.14376831 0.28881836
v 0.15879822 -0.17726135 0.25488281
v 0.11905670 -0.17723083 0.27655029
v 0.14051819 -0.17744446 0.26437378
v 0.15510559 -0.22080994 0.25659180
v 0.16448975 -0.19848633 0.25192261
v 0.14067078 -0.22114563 0.26403809
v 0.11660004 -0.22059631 0.27746582
v 0.14349365 -0.22616577 0.26031494
v 0.16741943 -0.22618103 0.24777222
v 0.16020203 -0.22792053 0.24594116
v 0.11370850 -0.22605896 0.27676392
v 0.11445618 -0.22790527 0.27044678
v 0.14146423 -0.22804260 0.20996094
v 0.08705902 -0.22134399 0.29400635
v 0.10673523 -0.22805786 0.23884583
v 0.09178162 -0.22821045 0.14454651
v 0.05087280 -0.22808838 0.22293091
v 0.01019669 -0.22816467 0.10324097
v -0.03722763 -0.22813416 0.18470764
v 0.08431244 -0.22789001 0.26553345
v 0.00835323 -0.22810364 0.24269104
v -0.04830933 -0.22782898 0.27343750
v 0.06487274 -0.22802734 0.27645874
v 0.08325195 -0.22776794 0.28842163
v 0.00578737 -0.22782898 0.29513550
v -0.03359222 -0.22792053 0.29904175
v 0.04405975 -0.22787476 0.29043579
v 0.08660889 -0.22631836 0.29211426
v 0.04447556 -0.22604370 0.29583740
v -0.03369522 -0.22612000 0.30407715
v -0.06132507 -0.22610474 0.29489136
v -0.03375244 -0.22125244 0.30599976
v 0.01247692 -0.22612000 0.29922485
v -0.00174463 -0.22082520 0.30267334
v 0.03267670 -0.22099304 0.29901123
v 0.05387115 -0.22039795 0.29708862
v -0.00146818 -0.17768860 0.30270386
v -0.03403473 -0.17726135 0.30636597
v -0.04886246 -0.17732239 0.30133057
v -0.03480911 -0.16157532 0.31759644
v 0.02744865 -0.17738342 0.29995728
v 0.00062120 -0.16709900 0.30975342
v 0.02370834 -0.15684509 0.31478882
v -0.07064819 -0.15469360 0.31094360
v 0.05187988 -0.17758179 0.29733276
v 0.05823135 -0.15982056 0.30935669
v 0.08670044 -0.17752075 0.29437256
v 0.09204865 -0.15412903 0.31091309
v -0.05047226 0.08511353 0.40649414
v -0.10095215 0.08583069 0.38946533
v -0.10343170 0.13853455 0.41168213
v -0.14537048 0.09336853 0.37759399
v -0.16653442 0.14041138 0.39035034
v -0.08479309 0.04281998 0.37820435
v -0.13774109 0.06004333 0.36624146
v -0.21403503 0.08727264 0.34942627
v -0.20727539 0.05267715 0.33813477
v -0.23246765 0.05967331 0.31750488
v -0.13606262 0.04268646 0.36026001
v -0.20552063 0.04272079 0.33508301
v -0.23806763 0.04268646 0.30374146
v -0.09018707 0.00329494 0.34762573
v -0.04714966 0.01601219 0.37191772
v -0.04508972 -0.01676559 0.34860229
v -0.11672211 0.00321269 0.33828735
v -0.18786621 -0.00933456 0.30285645
v -0.21556091 0.00024465 0.28469849
v -0.29382324 0.04267120 0.24893188
v -0.28021240 0.00802803 0.22918701
v -0.13392639 -0.01212692 0.32055664
v -0.11323547 -0.02644730 0.31793213
v -0.04389572 -0.02736473 0.34152222
v -0.04064941 -0.06511688 0.31277466
v -0.15414429 -0.03883362 0.29266357
v -0.09877777 -0.07375336 0.28558350
v -0.03789139 -0.09139252 0.29348755
v -0.17927551 -0.03280258 0.28814697
v -0.13844299 -0.07415009 0.27023315
v -0.09353638 -0.10536194 0.26296997
v -0.08130646 -0.13336182 0.24540710
v -0.03591537 -0.11473846 0.27563477
v -0.13296509 -0.11203766 0.24241638
v -0.03434753 -0.13351440 0.26135254
v -0.15429688 -0.07301331 0.26571655
v -0.15487671 -0.09960938 0.24368286
v -0.16950989 -0.05965805 0.27020264
v -0.07933807 -0.19696045 0.24618530
v -0.11628723 -0.13351440 0.23167419
v -0.14202881 -0.13352966 0.22161865
v -0.14175415 -0.19688416 0.22169495
v -0.15960693 -0.13363647 0.20382690
v -0.11821747 -0.19683838 0.23068237
v -0.09560394 -0.19699097 0.23974609
v -0.08155060 -0.19804382 0.23895264
v -0.05336761 -0.19790649 0.24992371
v -0.01654816 -0.19822693 0.22145081
v -0.05334854 -0.19682312 0.25466919
v -0.03607178 -0.19799805 0.25747681
v -0.03411865 -0.19639587 0.26129150
v -0.18870544 -0.10823822 0.20088196
v -0.20088196 -0.07727051 0.22044373
v -0.18740845 -0.06484222 0.24684143
v -0.18511963 -0.04862976 0.26626587
v -0.23112488 -0.02626038 0.24322510
v -0.24844360 -0.02824974 0.22438049
v 0.30035400 0.21742249 0.38916016
v 0.29995728 0.22581482 0.38812256
v 0.27224731 0.22590637 0.40176392
v 0.29254150 0.22766113 0.38375854
v 0.31692505 0.21757507 0.36950684
v 0.29519653 0.16554260 0.38018799
v 0.27468872 0.17738342 0.39328003
v 0.29138184 0.12893677 0.37365723
v 0.33340454 0.21788025 0.35046387
v 0.33377075 0.22581482 0.34857178
v 0.31887817 0.22773743 0.35424805
v 0.30261230 0.22799683 0.34237671
v 0.34088135 0.22789001 0.32901001
v 0.35971069 0.22586060 0.31835938
v 0.28167725 0.22764587 0.36651611
v 0.26330566 0.22785950 0.37640381
v 0.27478027 0.22583008 0.36346436
v 0.30523682 0.22592163 0.32891846
v 0.33132935 0.22758484 0.30914307
v 0.35650635 0.22760010 0.31118774
v 0.35992432 0.22773743 0.27862549
v 0.41268921 0.22750854 0.25210571
v 0.38604736 0.22581482 0.29025269
v 0.39370728 0.21757507 0.28387451
v 0.35974121 0.21754456 0.31985474
v 0.35641479 0.19548035 0.31753540
v 0.42083740 0.21737671 0.25476074
v 0.38107300 0.16175842 0.28125000
v 0.32592773 0.17741394 0.34735107
v 0.35089111 0.15138245 0.31005859
v 0.34622192 0.12126160 0.30685425
v 0.40835571 0.13621521 0.24461365
v 0.40625000 0.12096405 0.24282837
v 0.33386230 0.12058258 0.32092285
v 0.31381226 0.12060547 0.34494019
v 0.29745483 0.07135773 0.33401489
v 0.29071045 0.12025452 0.37234497
v 0.25994873 0.12095642 0.38787842
v 0.25048828 0.09937286 0.38290405
v 0.28109741 0.08045197 0.35903931
v 0.26617432 0.08042908 0.36630249
v 0.26858521 0.02593231 0.34066772
v 0.23483276 0.01568031 0.35269165
v 0.26235962 0.00064766 0.33230591
v 0.22700500 -0.03310013 0.33474731
v 0.25473022 -0.03296661 0.32104492
v 0.24191284 -0.06124496 0.30490112
v 0.27856445 -0.03304672 0.29238892
v 0.26162720 -0.06472778 0.27700806
v 0.28286743 -0.00799084 0.30230713
v 0.29342651 0.03221512 0.31430054
v 0.30444336 -0.03300095 0.26153564
v 0.28802490 -0.06266785 0.24786377
v 0.32339478 -0.03348541 0.24069214
v 0.31567383 0.00794125 0.27349854
v 0.32574463 0.04476547 0.28384399
v 0.33932495 0.00123048 0.24375916
v 0.34185791 0.02560234 0.25491333
v 0.35015869 0.04846954 0.25958252
v 0.37976074 0.09786224 0.25778198
v 0.39453125 0.08623505 0.23498535
v 0.37033081 0.05788040 0.24391174
v 0.37957764 0.04321671 0.22518921
v 0.38754272 0.04878235 0.20878601
v 0.36514282 -0.00029495 0.21530151
v 0.37548828 0.00217628 0.18910217
v 0.35412598 -0.03292465 0.20777893
v 0.31494141 -0.06425476 0.21720886
v 0.37130737 -0.03314590 0.15888977
v 0.33697510 -0.05987549 0.19787598
v 0.27294922 0.21987915 0.36093140
v 0.23506165 0.22003174 0.37948608
v 0.30651855 0.21997070 0.32287598
v 0.26721191 0.18586731 0.35406494
v 0.24203491 0.19660950 0.36941528
v 0.26007080 0.13943481 0.34402466
v 0.30557251 0.18991089 0.31222534
v 0.35659790 0.22576904 0.27185059
v 0.39413452 0.22760010 0.24061584
v 0.35153198 0.21994019 0.27307129
v 0.38534546 0.21965027 0.23690796
v 0.35083008 0.17863464 0.25848389
v 0.34228516 0.13874817 0.25216675
v 0.36755371 0.13842773 0.22517395
v 0.29217529 0.13954163 0.30755615
v 0.25256348 0.11257172 0.33544922
v 0.34982300 0.09069824 0.21432495
v 0.28680420 0.08712006 0.28100586
v 0.32904053 0.10095978 0.24337769
v 0.24528503 0.08681488 0.32678223
v 0.30255127 0.09880829 0.27093506
v 0.30581665 0.08642578 0.25897217
v 0.26150513 0.04232025 0.28338623
v 0.23483276 0.04208755 0.31326294
v 0.22230530 0.01323509 0.29742432
v 0.28222656 0.04237366 0.25976562
v 0.26162720 0.00861073 0.24786377
v 0.20295715 -0.03105545 0.27267456
v 0.24714661 -0.02595711 0.22807312
v 0.30334473 0.04253006 0.23750305
v 0.30743408 -0.00228691 0.18820190
v 0.29196167 -0.02808380 0.17897034
v 0.32424927 0.02578163 0.19894409
v 0.32620239 0.01620674 0.17439270
v 0.33660889 -0.00730038 0.10346985
v 0.33395386 0.04243469 0.20477295
v 0.34664917 0.04268646 0.17169189
v 0.33840942 0.05662155 0.20716858
v -0.04508972 -0.01676559 0.34860229
v -0.04714966 0.01601219 0.37191772
v 0.02752686 0.00024575 0.35562134
v 0.00424194 -0.02793884 0.33758545
v -0.04389572 -0.02736473 0.34152222
v 0.08784485 -0.02757835 0.33224487
v 0.01387310 -0.06739807 0.30700684
v -0.04064941 -0.06511688 0.31277466
v -0.03789139 -0.09139252 0.29348755
v 0.00147617 -0.10437012 0.28100586
v -0.03591537 -0.11473846 0.27563477
v -0.03434753 -0.13351440 0.26135254
v 0.04707718 -0.09351349 0.28570557
v 0.02752304 -0.13357544 0.25689697
v 0.08105469 -0.06259155 0.30657959
v 0.07513428 -0.09431458 0.28341675
v 0.10024261 -0.06737518 0.29217529
v 0.15527344 -0.02509117 0.29953003
v 0.09909058 -0.10024261 0.26583862
v 0.06770325 -0.13346863 0.25448608
v 0.12728882 -0.07962799 0.26803589
v 0.15765381 -0.04557800 0.28176880
v 0.20295715 -0.03105545 0.27267456
v 0.13832092 -0.10221100 0.24429321
v 0.18443298 -0.07244873 0.24684143
v 0.11776733 -0.13346863 0.22859192
v 0.15815735 -0.13354492 0.20942688
v 0.11705780 -0.15979004 0.22914124
v 0.08563995 -0.19692993 0.24549866
v 0.13679504 -0.19607544 0.21952820
v 0.15843201 -0.19702148 0.20913696
v 0.10909271 -0.19689941 0.23303223
v 0.13517761 -0.19737244 0.21899414
v 0.08573151 -0.19798279 0.23942566
v 0.14418030 -0.19819641 0.20918274
v 0.10856628 -0.19824219 0.19094849
v 0.06103134 -0.19822693 0.25024414
v 0.08740234 -0.19847107 0.12460327
v 0.00896740 -0.19850159 0.11174011
v 0.00779676 -0.19824219 0.19175720
v 0.06795502 -0.19708252 0.25418091
v 0.01503372 -0.19792175 0.25204468
v -0.08155060 -0.19804382 0.23895264
v -0.01654816 -0.19822693 0.22145081
v -0.05336761 -0.19790649 0.24992371
v -0.03607178 -0.19799805 0.25747681
v 0.02074242 -0.19677734 0.25708008
v -0.00499153 -0.19686890 0.25927734
v -0.03411865 -0.19639587 0.26129150
v 0.03511429 -0.16644287 0.25640869
v 0.24191284 -0.06124496 0.30490112
v 0.22700500 -0.03310013 0.33474731
v 0.17752075 -0.06380463 0.33435059
v 0.23054504 -0.08873749 0.28872681
v 0.24191284 -0.06124496 0.30490112
v 0.17752075 -0.06380463 0.33435059
v 0.25048828 -0.08951569 0.26333618
v 0.26162720 -0.06472778 0.27700806
v 0.22323608 -0.10556030 0.27880859
v 0.18080139 -0.10416412 0.30130005
v 0.28802490 -0.06266785 0.24786377
v 0.27856445 -0.03304672 0.29238892
v 0.24334717 -0.10635376 0.25329590
v 0.20872498 -0.14265442 0.25900269
v 0.17709351 -0.14378357 0.27365112
v 0.27584839 -0.08580780 0.23716736
v 0.31494141 -0.06425476 0.21720886
v 0.32339478 -0.03348541 0.24069214
v 0.26577759 -0.10412598 0.22886658
v 0.20199585 -0.15705872 0.24986267
v 0.15879822 -0.17726135 0.25488281
v 0.22401428 -0.14379883 0.23915100
v 0.25250244 -0.12852478 0.22007751
v 0.27975464 -0.10403442 0.21401978
v 0.24543762 -0.14512634 0.21090698
v 0.18083191 -0.17741394 0.24374390
v 0.16448975 -0.19848633 0.25192261
v 0.19245911 -0.17753601 0.23777771
v 0.35412598 -0.03292465 0.20777893
v 0.33697510 -0.05987549 0.19787598
v 0.21611023 -0.17749023 0.20956421
v 0.19218445 -0.22100830 0.23730469
v 0.15510559 -0.22080994 0.25659180
v 0.16741943 -0.22618103 0.24777222
v 0.20584106 -0.22088623 0.22131348
v 0.19139099 -0.22607422 0.23542786
v 0.18878174 -0.22789001 0.23062134
v 0.16020203 -0.22792053 0.24594116
v 0.21829224 -0.22622681 0.20281982
v 0.22404480 -0.19563293 0.20013428
v 0.23054504 -0.22090149 0.19186401
v 0.19517517 -0.22793579 0.21266174
v 0.14146423 -0.22804260 0.20996094
v 0.23150635 -0.22776794 0.17875671
v 0.24414062 -0.22605896 0.17257690
v 0.17558289 -0.22799683 0.17810059
v 0.21745300 -0.22785950 0.16036987
v 0.16397095 -0.22801208 0.13659668
v 0.09178162 -0.22821045 0.14454651
v 0.25726318 -0.22784424 0.14999390
v 0.09660339 -0.22811890 0.07292175
v 0.01019669 -0.22816467 0.10324097
v 0.01612663 -0.22810364 -0.00995731
v 0.17147827 -0.22808838 0.03704834
v 0.20249939 -0.22784424 0.08824921
v 0.23371887 -0.22804260 0.02273560
v 0.24324036 -0.22796631 0.06203842
v 0.23437500 -0.22798157 0.10752106
v 0.26538086 -0.22792053 0.12730408
v 0.27935791 -0.22790527 0.09103394
v 0.27282715 -0.22799683 0.05207443
v 0.29486084 -0.22796631 0.05222321
v 0.29272461 -0.22615051 0.07126617
v 0.28030396 -0.22608948 0.10433197
v 0.26281738 -0.22627258 0.15113831
v 0.26467896 -0.22111511 0.15238953
v 0.27548218 -0.22050476 0.12340546
v 0.29022217 -0.22096252 0.08377075
v 0.30285645 -0.22105408 0.05089951
v 0.27862549 -0.20056152 0.11555481
v 0.28530884 -0.17756653 0.09748840
v 0.30307007 -0.17759705 0.05074310
v 0.28820801 -0.16703796 0.11182404
v 0.27243042 -0.17744446 0.13296509
v 0.30807495 -0.15638733 0.08170319
v 0.26516724 -0.17756653 0.15327454
v 0.27243042 -0.16651917 0.15789795
v 0.30191040 -0.15080261 0.10765839
v 0.31912231 -0.15625000 0.05313492
v 0.31948853 -0.14431763 0.07782745
v 0.24951172 -0.19303894 0.17050171
v 0.23689270 -0.17750549 0.18499756
v 0.25497437 -0.16026306 0.18374634
v 0.26293945 -0.14360046 0.19375610
v 0.28686523 -0.14399719 0.16717529
v 0.29699707 -0.12692261 0.17311096
v 0.30657959 -0.14340210 0.11118317
v 0.31439209 -0.12600708 0.12385559
v 0.34100342 -0.10466766 0.09447479
v 0.34082031 -0.12686157 0.05586624
v 0.35574341 -0.10507965 0.05789566
v 0.33096313 -0.10289001 0.12192535
v 0.34912109 -0.09259033 0.09817505
v 0.36907959 -0.08692169 0.05934525
v 0.36624146 -0.07803345 0.08281708
v 0.35498047 -0.06671143 0.13131714
v 0.31878662 -0.10235596 0.15925598
v 0.30957031 -0.10462952 0.18138123
v 0.32379150 -0.08196259 0.18969727
v 0.34072876 -0.06930542 0.16653442
v 0.37130737 -0.03314590 0.15888977
v 0.37985229 -0.03248596 0.13603210
v 0.38317871 -0.05057907 0.09435272
v 0.38259888 -0.06837463 0.06105423
v 0.39941406 -0.03288269 0.08792877
v 0.40960693 -0.03110313 0.06443787
v 0.41958618 0.22595215 0.25430298
v 0.41268921 0.22750854 0.25210571
v 0.38604736 0.22581482 0.29025269
v 0.39370728 0.21757507 0.28387451
v 0.42083740 0.21737671 0.25476074
v 0.42889404 0.22586060 0.22856140
v 0.43377686 0.22772217 0.19255066
v 0.43844604 0.21730042 0.20509338
v 0.44869995 0.22595215 0.17320251
v 0.39413452 0.22760010 0.24061584
v 0.35992432 0.22773743 0.27862549
v 0.42382812 0.22773743 0.16249084
v 0.41442871 0.17393494 0.24928284
v 0.38107300 0.16175842 0.28125000
v 0.40835571 0.13621521 0.24461365
v 0.42410278 0.16484070 0.21566772
v 0.42263794 0.12207794 0.19659424
v 0.44604492 0.18150330 0.16430664
v 0.40625000 0.12096405 0.24282837
v 0.45199585 0.21777344 0.16699219
v 0.40670776 0.08153534 0.19468689
v 0.39453125 0.08623505 0.23498535
v 0.38754272 0.04878235 0.20878601
v 0.42492676 0.09114075 0.15487671
v 0.39300537 0.03813934 0.18228149
v 0.37548828 0.00217628 0.18910217
v 0.40927124 0.04939270 0.14898682
v 0.39456177 0.00768948 0.14215088
v 0.37130737 -0.03314590 0.15888977
v 0.37985229 -0.03248596 0.13603210
v 0.39941406 -0.03288269 0.08792877
v 0.41458130 -0.01829338 0.06531525
v 0.42678833 0.03079414 0.08685303
v 0.44281006 0.07769012 0.09691620
v 0.44592285 0.05797958 0.06854248
v 0.45526123 0.12049866 0.11111450
v 0.45968628 0.09179688 0.07052612
v 0.47109985 0.12058258 0.07196045
v 0.44879150 0.12064362 0.12705994
v 0.46066284 0.14118958 0.10871124
v 0.48147583 0.17431641 0.07346344
v 0.45455933 0.15858459 0.13134766
v 0.43518066 0.12055206 0.15985107
v 0.46725464 0.21737671 0.13009644
v 0.48937988 0.21762085 0.07542419
v 0.47778320 0.22598267 0.10152435
v 0.46429443 0.22583008 0.13432312
v 0.46945190 0.22781372 0.10193634
v 0.48104858 0.22779846 0.07492828
v 0.45837402 0.22782898 0.07452393
v 0.44787598 0.22761536 0.15597534
v 0.44406128 0.22781372 0.11176300
v 0.45147705 0.22579956 0.07398987
v 0.43298340 0.22584534 0.12028503
v 0.44039917 0.21995544 0.09346771
v 0.44845581 0.22003174 0.07311249
v 0.41662598 0.22575378 0.16188049
v 0.44085693 0.18998718 0.07209778
v 0.40051270 0.22586060 0.20469666
v 0.41723633 0.22010803 0.15194702
v 0.41793823 0.18270874 0.12541199
v 0.38796997 0.22573853 0.23844910
v 0.35659790 0.22576904 0.27185059
v 0.38534546 0.21965027 0.23690796
v 0.39288330 0.22026062 0.21644592
v 0.36755371 0.13842773 0.22517395
v 0.35083008 0.17863464 0.25848389
v 0.41021729 0.19345093 0.15126038
v 0.37594604 0.13879395 0.20228577
v 0.34982300 0.09069824 0.21432495
v 0.41189575 0.13945007 0.11176300
v 0.42822266 0.13969421 0.06964874
v 0.41452026 0.10736084 0.06883240
v 0.39688110 0.13905334 0.14897156
v 0.38421631 0.11262512 0.15081787
v 0.36398315 0.08419800 0.17005920
v 0.34664917 0.04268646 0.17169189
v 0.38711548 0.08606720 0.11233521
v 0.40475464 0.08500671 0.06751251
v 0.36019897 0.04261017 0.13665771
v 0.32620239 0.01620674 0.17439270
v 0.33660889 -0.00730038 0.10346985
v 0.36428833 0.00799274 0.06256866
v 0.37716675 0.04233170 0.09436798
v 0.38818359 0.04235458 0.06568909
v 0.18443298 -0.07244873 0.24684143
v 0.15765381 -0.04557800 0.28176880
v 0.20295715 -0.03105545 0.27267456
v 0.22508240 -0.06877136 0.20489502
v 0.15815735 -0.13354492 0.20942688
v 0.13832092 -0.10221100 0.24429321
v 0.24394226 -0.05725098 0.19737244
v 0.24714661 -0.02595711 0.22807312
v 0.29196167 -0.02808380 0.17897034
v 0.25515747 -0.08615875 0.15542603
v 0.26846313 -0.06547546 0.16383362
v 0.31726074 -0.02528191 0.11933899
v 0.33660889 -0.00730038 0.10346985
v 0.33761597 -0.03008080 0.05832672
v 0.36428833 0.00799274 0.06256866
v 0.30654907 -0.07138824 0.05477905
v 0.28790283 -0.07547760 0.09208679
v 0.29028320 -0.09355927 0.05154800
v 0.26663208 -0.09345245 0.11098480
v 0.26379395 -0.10861206 0.08879852
v 0.26095581 -0.13322449 0.04688263
v 0.22624207 -0.13334656 0.13589478
v 0.25152588 -0.13331604 0.06972504
v 0.23977661 -0.13323975 0.10054016
v 0.25097656 -0.18135071 0.07138824
v 0.25503540 -0.19606018 0.06113052
v 0.24060059 -0.16641235 0.09848022
v 0.24931335 -0.19691467 0.07470703
v 0.25793457 -0.19792175 0.04447556
v 0.24256897 -0.19670105 0.09276581
v 0.23890686 -0.19790649 0.08705902
v 0.17704773 -0.19822693 0.02917862
v 0.23434448 -0.19667053 0.11454773
v 0.22610474 -0.19674683 0.13587952
v 0.22164917 -0.19801331 0.13220215
v 0.19346619 -0.19796753 0.16198730
v 0.20867920 -0.19662476 0.15406799
v 0.20404053 -0.13346863 0.15885925
v 0.22184753 -0.11017609 0.16447449
v 0.18363953 -0.13366699 0.18107605
v 0.18974304 -0.19668579 0.17416382
v 0.17633057 -0.17411804 0.18923950
v 0.15843201 -0.19702148 0.20913696
v 0.11705780 -0.15979004 0.22914124
v 0.17001343 -0.19595337 0.19633484
v 0.17027283 -0.19796753 0.19168091
v 0.13517761 -0.19737244 0.21899414
v 0.13679504 -0.19607544 0.21952820
v 0.14418030 -0.19819641 0.20918274
v 0.10856628 -0.19824219 0.19094849
v 0.08740234 -0.19847107 0.12460327
v 0.11631775 -0.19824219 0.08758545
v 0.00896740 -0.19850159 0.11174011
v 0.02368546 -0.19833374 -0.00702620
v -0.15412903 -0.22610474 0.26400757
v -0.16999817 -0.22599792 0.24851990
v -0.15126038 -0.22781372 0.25936890
v -0.15525818 -0.22111511 0.26562500
v -0.17805481 -0.22792053 0.23309326
v -0.18392944 -0.22068787 0.23783875
v -0.18293762 -0.20170593 0.23867798
v -0.17164612 -0.17735291 0.24992371
v -0.19831848 -0.22602844 0.22053528
v -0.20411682 -0.22108459 0.21759033
v -0.19990540 -0.22772217 0.21022034
v -0.17155457 -0.22787476 0.19230652
v -0.11122131 -0.22804260 0.22286987
v -0.10683441 -0.22790527 0.27459717
v -0.22747803 -0.22785950 0.18486023
v -0.21928406 -0.22612000 0.20054626
v -0.16961670 -0.22792053 0.16957092
v -0.04830933 -0.22782898 0.27343750
v -0.03722763 -0.22813416 0.18470764
v -0.09763336 -0.22821045 0.13810730
v 0.01019669 -0.22816467 0.10324097
v -0.21240234 -0.22789001 0.11377716
v -0.15116882 -0.22798157 0.12224579
v -0.07759094 -0.22811890 0.08149719
v -0.08766937 -0.22798157 -0.04262543
v 0.01612663 -0.22810364 -0.00995731
v -0.15422058 -0.22785950 0.08473969
v -0.20310974 -0.22775269 0.08271027
v -0.17704773 -0.22769165 0.04388046
v -0.24755859 -0.22784424 0.10306549
v -0.24688721 -0.22799683 0.16662598
v -0.26596069 -0.22795105 0.12098694
v -0.25106812 -0.22612000 0.17045593
v -0.26055908 -0.22610474 0.14846802
v -0.27114868 -0.22607422 0.12338257
v -0.25888062 -0.22074890 0.15692139
v -0.27618408 -0.22106934 0.11574554
v -0.23101807 -0.22088623 0.19215393
v -0.25259399 -0.22111511 0.17153931
v -0.25265503 -0.17768860 0.17175293
v -0.26657104 -0.21154785 0.13868713
v -0.27667236 -0.17736816 0.11515808
v -0.26770020 -0.17738342 0.13688660
v -0.28884888 -0.15776062 0.12273407
v -0.25732422 -0.17730713 0.16102600
v -0.23747253 -0.17770386 0.18612671
v -0.20603943 -0.17756653 0.21594238
v -0.21385193 -0.16883850 0.21676636
v -0.17680359 -0.16928101 0.25280762
v -0.21949768 -0.14288330 0.23750305
v -0.25622559 -0.17123413 0.17485046
v -0.25262451 -0.14387512 0.20611572
v -0.27239990 -0.14443970 0.18728638
v -0.28527832 -0.14375305 0.15872192
v -0.29815674 -0.14328003 0.12846375
v -0.30740356 -0.12889099 0.13185120
v -0.25616455 -0.12655640 0.21868896
v -0.23030090 -0.11672974 0.25170898
v -0.25375366 -0.09755707 0.24757385
v -0.29562378 -0.12055969 0.17323303
v -0.32205200 -0.10372925 0.13905334
v -0.29391479 -0.10620117 0.20231628
v -0.33120728 -0.06870270 0.18125916
v -0.32012939 -0.06136322 0.22145081
v -0.29296875 -0.05980301 0.24754333
v -0.35104370 -0.03371048 0.19929504
v -0.35098267 -0.06026459 0.14964294
v -0.33691406 -0.03322601 0.23312378
v -0.31484985 -0.03295517 0.25335693
v -0.36297607 0.04614639 0.25195312
v -0.37686157 0.08718872 0.26196289
v -0.37576294 0.05099106 0.22674561
v -0.40145874 0.09603882 0.21232605
v -0.38854980 0.12107849 0.26934814
v -0.42242432 0.12174225 0.18774414
v -0.39202881 0.14463806 0.27233887
v -0.39736938 0.04933548 0.17388916
v -0.36230469 0.01808929 0.22639465
v -0.38912964 0.02737045 0.17041016
v -0.37783813 0.02386856 0.19352722
v -0.37432861 -0.01495361 0.16242981
v -0.35104370 -0.03371048 0.19929504
v -0.33691406 -0.03322601 0.23312378
v -0.41204834 0.01886368 0.11438751
v -0.43994141 0.06155777 0.09619141
v -0.35076904 0.00780487 0.24311829
v -0.31484985 -0.03295517 0.25335693
v -0.33825684 0.01804161 0.25976562
v -0.43960571 0.08225250 0.11591339
v -0.45553589 0.10018921 0.09967804
v -0.43463135 0.10365295 0.14697266
v -0.44720459 0.07913208 0.07570648
v -0.44833374 0.07929230 0.02750778
v -0.45700073 0.10143280 0.05505753
v -0.45629883 0.09915924 0.02845955
v -0.46322632 0.12093353 0.10173798
v -0.46472168 0.12137604 0.05215073
v -0.46499634 0.12122345 0.02966499
v -0.46026611 0.09948730 -0.02935219
v -0.46817017 0.12130737 -0.02291489
v -0.46545410 0.12991333 0.08126068
v -0.47097778 0.15568542 0.06379700
v -0.47280884 0.16102600 0.03001595
v -0.47714233 0.15870667 -0.04830170
v -0.46948242 0.15203857 0.10316467
v -0.47689819 0.19258118 0.10497284
v -0.47689819 0.18080139 0.02437782
v -0.48233032 0.19921875 -0.00812149
v -0.48379517 0.21743774 0.02903557
v -0.48776245 0.21751404 -0.04063034
v -0.48959351 0.21730042 -0.07549286
v -0.47738647 0.15196228 -0.07361603
v -0.47235107 0.18830872 -0.10277557
v -0.48828125 0.22590637 -0.07664490
v -0.47177124 0.21771240 -0.11930084
v -0.48477173 0.22584534 -0.01512909
v -0.48120117 0.22775269 -0.07607269
v -0.47222900 0.22579956 -0.11583710
v -0.47531128 0.22764587 0.02614975
v -0.45962524 0.22779846 -0.07398987
v -0.48156738 0.22589111 0.06530762
v -0.45666504 0.22776794 0.00103843
v -0.48190308 0.21801758 0.10592651
v -0.44955444 0.22586060 0.00380874
v -0.45254517 0.22598267 -0.07363129
v -0.44924927 0.22019958 -0.07405853
v -0.44979858 0.22697449 0.09518433
v -0.44561768 0.22000122 0.02221298
v -0.43508911 0.16436768 -0.07109070
v -0.43731689 0.18571472 0.01277924
v -0.42572021 0.13958740 0.00612974
v -0.42816162 0.13847351 -0.07039642
v -0.41732788 0.12145233 0.02593040
v -0.43792725 0.19952393 0.09404755
v -0.42224121 0.13864136 0.09011078
v -0.40863037 0.10559845 0.08762360
v -0.40109253 0.08513641 0.05338287
v -0.39987183 0.08540344 0.08523560
v -0.40637207 0.13964844 0.12728882
v -0.44314575 0.22003174 0.09461975
v -0.38366699 0.08698273 0.12389374
v -0.37442017 0.04188919 0.10295868
v -0.38610840 0.13900757 0.17280579
v -0.41125488 0.15545654 0.12567139
v -0.40112305 0.20277405 0.17729187
v -0.36715698 0.08483887 0.15971375
v -0.35644531 0.04291916 0.14521790
v -0.38082886 0.20372009 0.22570801
v -0.40216064 0.21990967 0.18475342
v -0.36444092 0.13891602 0.22341919
v -0.36849976 0.19642639 0.25109863
v -0.35681152 0.13821411 0.24148560
v -0.37261963 0.22018433 0.25582886
v -0.34518433 0.10441589 0.23307800
v -0.38687134 0.22586060 0.22894287
v -0.33825684 0.08391571 0.22734070
v -0.32565308 0.10249329 0.25097656
v -0.34130859 0.04332352 0.18212891
v -0.33648682 0.01407719 0.14152527
v -0.32531738 0.04239655 0.21803284
v -0.32498169 0.00968170 0.16084290
v -0.29382324 0.04267120 0.24893188
v -0.30517578 0.00655127 0.20254517
v -0.28021240 0.00802803 0.22918701
v -0.40686035 0.22599792 0.18225098
v -0.38177490 0.22784424 0.25982666
v -0.42407227 0.22590637 0.14422607
v -0.41467285 0.22798157 0.18283081
v -0.41540527 0.22781372 0.23278809
v -0.43487549 0.22785950 0.13739014
v -0.44589233 0.22775269 0.16244507
v -0.47262573 0.22782898 0.10720825
v -0.48025513 0.22592163 0.10767365
v -0.43695068 0.22598267 0.19921875
v -0.41772461 0.22584534 0.24528503
v -0.45483398 0.22583008 0.15989685
v -0.47302246 0.21748352 0.12483978
v -0.43875122 0.21746826 0.19761658
v -0.41757202 0.21751404 0.24794006
v -0.45947266 0.21777344 0.15264893
v -0.45587158 0.18934631 0.14813232
v -0.41912842 0.15525818 0.21189880
v -0.40444946 0.16714478 0.25402832
v -0.43325806 0.18148804 0.19227600
v -0.43060303 0.12119293 0.17071533
v -0.44592285 0.14469910 0.14859009
v -0.45962524 0.16001892 0.12779236
v -0.44796753 0.12117004 0.13436890
v -0.14175415 -0.19688416 0.22169495
v -0.11628723 -0.13351440 0.23167419
v -0.11821747 -0.19683838 0.23068237
v -0.13516235 -0.19815063 0.21835327
v -0.09560394 -0.19699097 0.23974609
v -0.08155060 -0.19804382 0.23895264
v -0.15896606 -0.19801331 0.19738770
v -0.15960693 -0.13363647 0.20382690
v -0.14202881 -0.13352966 0.22161865
v -0.16789246 -0.19633484 0.19544983
v -0.09330750 -0.19842529 0.12355042
v 0.00779676 -0.19824219 0.19175720
v 0.00896740 -0.19850159 0.11174011
v -0.18516541 -0.19801331 0.16929626
v -0.13949585 -0.19807434 0.09259033
v 0.02368546 -0.19833374 -0.00702620
v -0.04654312 -0.19839478 0.04191971
v -0.12475586 -0.19807434 0.04921722
v -0.11578369 -0.19786072 -0.03351593
v -0.18449402 -0.19786072 0.05768204
v -0.21075439 -0.19799805 0.14889526
v -0.23034668 -0.19801331 0.10393524
v -0.23016357 -0.19648743 0.11985016
v -0.24501038 -0.19668579 0.08448792
v -0.19979858 -0.19692993 0.16368103
v -0.18359375 -0.19689941 0.17959595
v -0.18475342 -0.13336182 0.17857361
v -0.21997070 -0.19685364 0.14375305
v -0.22024536 -0.13349915 0.14349365
v -0.18870544 -0.10823822 0.20088196
v -0.15487671 -0.09960938 0.24368286
v -0.22982788 -0.13343811 0.12117004
v -0.24224854 -0.13356018 0.09185791
v -0.24160767 -0.09942627 0.15774536
v -0.25042725 -0.12099457 0.09544373
v -0.26193237 -0.09720612 0.11323547
v -0.28097534 -0.06964111 0.11922455
v -0.25668335 -0.07491302 0.16749573
v -0.20088196 -0.07727051 0.22044373
v -0.26086426 -0.07463837 0.15844727
v -0.29486084 -0.04061127 0.14254761
v -0.29129028 -0.03561783 0.15924072
v -0.24844360 -0.02824974 0.22438049
v -0.27444458 -0.04661942 0.17999268
v -0.30426025 -0.01263905 0.17016602
v -0.28021240 0.00802803 0.22918701
v -0.29187012 -0.01628876 0.19340515
v -0.29187012 -0.01628876 0.19340515
v -0.30517578 0.00655127 0.20254517
v -0.28021240 0.00802803 0.22918701
v -0.32498169 0.00968170 0.16084290
v -0.30426025 -0.01263905 0.17016602
v -0.29129028 -0.03561783 0.15924072
v -0.35104370 -0.03371048 0.19929504
v -0.37783813 0.02386856 0.19352722
v -0.37432861 -0.01495361 0.16242981
v -0.36691284 -0.03284454 0.16224670
v -0.35098267 -0.06026459 0.14964294
v -0.36798096 -0.05663300 0.12068939
v -0.39224243 -0.03338242 0.10861206
v -0.39343262 0.00636435 0.14288330
v -0.38912964 0.02737045 0.17041016
v -0.41204834 0.01886368 0.11438751
v -0.39346313 -0.04617691 0.08494568
v -0.40277100 -0.03284836 0.08679199
v -0.37796021 -0.06750488 0.08113861
v -0.36413574 -0.08704376 0.07833862
v -0.36602783 -0.08550262 0.02072144
v -0.40380859 -0.03281021 0.02420425
v -0.41665649 0.00216103 0.09005737
v -0.37985229 -0.06549072 0.02313232
v -0.38134766 -0.07007599 -0.06095505
v -0.35494995 -0.10424042 -0.02434540
v -0.35684204 -0.10391998 -0.05767441
v -0.34997559 -0.09027100 -0.09972382
v -0.41494751 -0.00440979 0.02430725
v -0.40484619 -0.03347778 0.00359702
v -0.40664673 -0.03299332 -0.02507782
v -0.40866089 -0.03326035 -0.06427002
v -0.39315796 -0.03323746 -0.10157013
v -0.41210938 -0.02127457 -0.03844070
v -0.42352295 0.00277090 -0.06623840
v -0.40472412 -0.01560307 -0.09220886
v -0.42068481 0.00578642 0.00237823
v -0.42358398 0.00650263 -0.03893280
v -0.42782593 0.02826691 0.02629280
v -0.42846680 0.03238297 0.09308624
v -0.43994141 0.06155777 0.09619141
v -0.43746948 0.05192566 0.02659988
v -0.44720459 0.07913208 0.07570648
v -0.44833374 0.07929230 0.02750778
v -0.44146729 0.05751419 0.00414515
v -0.43640137 0.03677368 -0.04995346
v -0.45178223 0.08242798 -0.00428629
v -0.45629883 0.09915924 0.02845955
v -0.46026611 0.09948730 -0.02935219
v -0.44839478 0.06874847 -0.03361130
v -0.46417236 0.10433197 -0.05582047
v -0.46817017 0.12130737 -0.02291489
v -0.45004272 0.06772614 -0.06948853
v -0.43341064 0.02716827 -0.06750488
v -0.42687988 0.03106499 -0.08671570
v -0.46487427 0.10403442 -0.07170105
v -0.47143555 0.12086487 -0.07254028
v -0.45816040 0.12110901 -0.10435486
v -0.47714233 0.15870667 -0.04830170
v -0.47738647 0.15196228 -0.07361603
v -0.45654297 0.14695740 -0.12020111
v -0.33648682 0.01407719 0.14152527
v -0.34130859 0.04332352 0.18212891
v -0.32498169 0.00968170 0.16084290
v -0.31918335 -0.00661802 0.14517212
v -0.29486084 -0.04061127 0.14254761
v -0.32379150 -0.01587486 0.11835480
v -0.34823608 0.00147176 0.09337616
v -0.35644531 0.04291916 0.14521790
v -0.30178833 -0.05002594 0.10797119
v -0.37442017 0.04188919 0.10295868
v -0.32409668 -0.03659058 0.08123779
v -0.35479736 -0.00108469 0.07416534
v -0.32818604 -0.03874588 0.06901550
v -0.37216187 0.02487946 0.07880402
v -0.38412476 0.04222870 0.08119202
v -0.39987183 0.08540344 0.08523560
v -0.40109253 0.08513641 0.05338287
v -0.36685181 0.01517010 0.02523422
v -0.38693237 0.04320526 0.00249457
v -0.34423828 -0.01780319 0.02600479
v -0.32748413 -0.04135513 0.01371288
v -0.34146118 -0.02522850 -0.05988693
v -0.31091309 -0.06597900 -0.05459595
v -0.36553955 0.01081657 -0.02451706
v -0.35586548 -0.00471449 -0.06261444
v -0.38906860 0.04334641 -0.06656647
v -0.37561035 0.04261017 -0.10007477
v -0.40487671 0.08444977 -0.06826019
v -0.40362549 0.08791351 0.00874901
v -0.41732788 0.12145233 0.02593040
v -0.41400146 0.10492706 -0.06900024
v -0.40005493 0.10803223 -0.10787964
v -0.42816162 0.13847351 -0.07039642
v -0.32205200 -0.10372925 0.13905334
v -0.33120728 -0.06870270 0.18125916
v -0.33358765 -0.08539581 0.14556885
v -0.35098267 -0.06026459 0.14964294
v -0.36798096 -0.05663300 0.12068939
v -0.36413574 -0.08704376 0.07833862
v -0.33822632 -0.10367584 0.10562897
v -0.30740356 -0.12889099 0.13185120
v -0.35061646 -0.10607910 0.07563782
v -0.31277466 -0.14086914 0.10253906
v -0.29815674 -0.14328003 0.12846375
v -0.28884888 -0.15776062 0.12273407
v -0.27667236 -0.17736816 0.11515808
v -0.35089111 -0.10652161 0.02244377
v -0.33212280 -0.13417053 0.07130432
v -0.32504272 -0.14427185 0.06958008
v -0.36602783 -0.08550262 0.02072144
v -0.30810547 -0.16653442 0.06564331
v -0.32684326 -0.14241028 0.01737595
v -0.35421753 -0.10285187 0.00089502
v -0.35494995 -0.10424042 -0.02434540
v -0.32629395 -0.14398193 0.00050098
v -0.33993530 -0.12869263 -0.05575562
v -0.35684204 -0.10391998 -0.05767441
v -0.32418823 -0.13246155 -0.08661652
v -0.32989502 -0.14277649 -0.05460358
v -0.30133057 -0.17738342 -0.00389290
v -0.31964111 -0.15567017 -0.05347824
v -0.30065918 -0.17747498 0.02657318
v -0.30023193 -0.17764282 0.06390381
v -0.28848267 -0.17752075 0.08950806
v -0.30032349 -0.22068787 0.06361389
v -0.27618408 -0.22106934 0.11574554
v -0.30285645 -0.17779541 -0.05145645
v -0.29653931 -0.17759705 -0.06719208
v -0.28936768 -0.22042847 0.08763885
v -0.28265381 -0.22608948 0.09742737
v -0.27114868 -0.22607422 0.12338257
v -0.26596069 -0.22795105 0.12098694
v -0.29837036 -0.22610474 0.06296539
v -0.28430176 -0.22789001 0.07910919
v -0.24755859 -0.22784424 0.10306549
v -0.29852295 -0.22587585 0.04327393
v -0.29327393 -0.22787476 0.06074524
v -0.24203491 -0.22770691 0.01193619
v -0.30059814 -0.22068787 0.03134537
v -0.29373169 -0.22782898 -0.00953293
v -0.29980469 -0.22581482 -0.00405884
v -0.30181885 -0.22047424 -0.01336193
v -0.30282593 -0.22091675 -0.05173492
v -0.29232788 -0.22088623 -0.07678223
v -0.30093384 -0.22602844 -0.05109406
v -0.29187012 -0.22612000 -0.07208252
v -0.29483032 -0.22795105 -0.05112839
v -0.27529907 -0.22787476 0.01098728
v -0.23982239 -0.22769165 -0.04800797
v -0.28201294 -0.22790527 -0.08003998
v -0.18330383 -0.22766113 -0.04894638
v -0.17379761 -0.22769165 0.00209069
v -0.14898682 -0.22778320 -0.03888321
v -0.17704773 -0.22769165 0.04388046
v -0.20310974 -0.22775269 0.08271027
v -0.15220642 -0.22790527 0.02025604
v -0.15422058 -0.22785950 0.08473969
v -0.13032532 -0.22782898 -0.01024628
v -0.08766937 -0.22798157 -0.04262543
v -0.29486084 -0.04061127 0.14254761
v -0.32498169 0.00968170 0.16084290
v -0.29129028 -0.03561783 0.15924072
v -0.28097534 -0.06964111 0.11922455
v -0.30178833 -0.05002594 0.10797119
v -0.29486084 -0.04061127 0.14254761
v -0.32379150 -0.01587486 0.11835480
v -0.29895020 -0.06584930 0.08491516
v -0.32409668 -0.03659058 0.08123779
v -0.26193237 -0.09720612 0.11323547
v -0.32818604 -0.03874588 0.06901550
v -0.28216553 -0.10135651 0.05970383
v -0.30548096 -0.06914520 0.06433868
v -0.32748413 -0.04135513 0.01371288
v -0.25042725 -0.12099457 0.09544373
v -0.31091309 -0.06597900 -0.05459595
v -0.27676392 -0.11130524 -0.01673508
v -0.28417969 -0.10244751 -0.05051804
v -0.27511597 -0.11215973 0.03217697
v -0.25854492 -0.13368225 0.05481339
v -0.22982788 -0.13343811 0.12117004
v -0.24224854 -0.13356018 0.09185791
v -0.26141357 -0.13368225 -0.04642487
v -0.25967407 -0.13366699 0.01288128
v -0.25509644 -0.13357544 -0.06257629
v -0.24501038 -0.19668579 0.08448792
v -0.23016357 -0.19648743 0.11985016
v -0.25863647 -0.19589233 0.05455017
v -0.26132202 -0.19613647 -0.04650879
v -0.25714111 -0.19674683 -0.05550003
v -0.26098633 -0.15264893 -0.03326416
v -0.26049805 -0.16798401 -0.00481749
v -0.26065063 -0.19683838 -0.01584053
v -0.25933838 -0.19682312 0.02022934
v -0.25497437 -0.19796753 -0.03511047
v -0.24533081 -0.19787598 -0.06932068
v -0.25369263 -0.19787598 0.01568985
v -0.21269226 -0.19796753 -0.06941986
v -0.25720215 -0.19738770 0.05450058
v -0.17471313 -0.19783020 -0.00096971
v -0.25283813 -0.19798279 0.05386734
v -0.23034668 -0.19801331 0.10393524
v -0.18449402 -0.19786072 0.05768204
v -0.12475586 -0.19807434 0.04921722
v -0.11578369 -0.19786072 -0.03351593
v -0.15805054 -0.19796753 -0.06145859
v 0.48937988 0.21762085 0.07542419
v 0.48846436 0.22598267 0.07533264
v 0.47778320 0.22598267 0.10152435
v 0.48104858 0.22779846 0.07492828
v 0.47824097 0.22770691 0.03246689
v 0.45837402 0.22782898 0.07452393
v 0.48593140 0.22581482 0.03252411
v 0.48370361 0.21749878 -0.02515793
v 0.48147583 0.17431641 0.07346344
v 0.48303223 0.22592163 -0.02125168
v 0.45474243 0.22775269 -0.04206848
v 0.47546387 0.22770691 -0.03401566
v 0.48056030 0.22601318 -0.10327911
v 0.47354126 0.22792053 -0.10124207
v 0.48132324 0.21759033 -0.10398865
v 0.47955322 0.17880249 0.02452660
v 0.47109985 0.12058258 0.07196045
v 0.47656250 0.18209839 -0.03221130
v 0.46853638 0.12084961 0.02639198
v 0.45968628 0.09179688 0.07052612
v 0.46801758 0.13771057 -0.02801895
v 0.47470093 0.17990112 -0.10224915
v 0.47219849 0.22598267 -0.12201691
v 0.46325684 0.21794128 -0.14334106
v 0.45217896 0.17958069 -0.15066528
v 0.46810913 0.14582825 -0.10053253
v 0.46524048 0.12175751 -0.02919388
v 0.46374512 0.12130737 -0.09938049
v 0.44772339 0.07833099 -0.02698517
v 0.44833374 0.08274078 -0.09658813
v 0.45040894 0.12077332 -0.12710571
v 0.44592285 0.05797958 0.06854248
v 0.44281006 0.07769012 0.09691620
v 0.43249512 0.03290939 0.01885223
v 0.42291260 0.01108932 0.00518227
v 0.42321777 0.01688385 -0.02599144
v 0.42922974 0.03481293 -0.09184265
v 0.42208862 0.01547623 -0.06437683
v 0.42034912 0.01198196 -0.08959961
v 0.43054199 0.04819489 -0.10195160
v 0.43630981 0.07318878 -0.11310577
v 0.39208984 0.01268768 -0.15304565
v 0.38854980 -0.03167343 -0.11833954
v 0.41305542 0.06909180 -0.16110229
v 0.44561768 0.12006378 -0.13764954
v 0.43054199 0.11968231 -0.17025757
v 0.43618774 0.15242004 -0.17288208
v 0.44662476 0.21745300 -0.17930603
v 0.41442871 0.12015533 -0.21287537
v 0.40402222 0.08445740 -0.20129395
v 0.39483643 0.04441452 -0.18072510
v 0.38992310 0.08815765 -0.24102783
v 0.38314819 0.06837463 -0.23661804
v 0.36672974 0.08184814 -0.26174927
v 0.37512207 0.04342651 -0.23060608
v 0.35964966 0.03911209 -0.24391174
v 0.37442017 0.01119614 -0.19792175
v 0.36227417 0.00540018 -0.22189331
v 0.36691284 -0.01413536 -0.19004822
v 0.37622070 -0.03285217 -0.14462280
v 0.34985352 -0.03258514 -0.21324158
v 0.35848999 -0.03241348 -0.19161987
v 0.40063477 0.12076569 -0.24853516
v 0.39108276 0.12100220 -0.25875854
v 0.41995239 0.16056824 -0.21969604
v 0.40756226 0.16537476 -0.25411987
v 0.38696289 0.19001770 -0.28277588
v 0.41506958 0.21778870 -0.26043701
v 0.39099121 0.21768188 -0.28640747
v 0.43649292 0.20434570 -0.19900513
v 0.41403198 0.22605896 -0.26062012
v 0.38311768 0.22590637 -0.29336548
v 0.43206787 0.21755981 -0.21682739
v 0.40042114 0.22793579 -0.26522827
v 0.42855835 0.22583008 -0.22320557
v 0.42208862 0.22776794 -0.21891785
v 0.44458008 0.22587585 -0.18243408
v 0.45736694 0.22590637 -0.15425110
v 0.44342041 0.22773743 -0.16734314
v 0.39093018 0.22782898 -0.24270630
v 0.36688232 0.22781372 -0.27154541
v 0.38262939 0.22592163 -0.24467468
v 0.41613770 0.22764587 -0.17984009
v 0.39981079 0.22586060 -0.20271301
v 0.38021851 0.22009277 -0.24220276
v 0.43374634 0.22790527 -0.13780212
v 0.45211792 0.22789001 -0.09714508
v 0.44589233 0.22598267 -0.09499359
v 0.42355347 0.22593689 -0.14479065
v 0.41006470 0.21995544 -0.16842651
v 0.38650513 0.19561768 -0.20991516
v 0.42535400 0.21986389 -0.13267517
v 0.37649536 0.20217896 -0.23976135
v 0.44256592 0.21955872 -0.09395599
v 0.36376953 0.14047241 -0.22975159
v 0.34442139 0.13876343 -0.24971008
v 0.39270020 0.16764832 -0.17684937
v 0.41787720 0.17094421 -0.12055969
v 0.37878418 0.13665771 -0.18991089
v 0.34387207 0.08642578 -0.21749878
v 0.39706421 0.13897705 -0.14808655
v 0.42233276 0.13909912 -0.08975220
v 0.44766235 0.22288513 0.00619411
v 0.45147705 0.22579956 0.07398987
v 0.44845581 0.22003174 0.07311249
v 0.43255615 0.17483521 -0.06282806
v 0.44027710 0.19531250 0.01167583
v 0.44085693 0.18998718 0.07209778
v 0.42822266 0.13969421 0.06964874
v 0.43023682 0.15580750 0.01214409
v 0.42498779 0.13829041 -0.00899696
v 0.42675781 0.13891602 0.04404831
v 0.41452026 0.10736084 0.06883240
v 0.40396118 0.08721161 0.01116085
v 0.40475464 0.08500671 0.06751251
v 0.38818359 0.04235458 0.06568909
v 0.40133667 0.08523560 -0.03831100
v 0.39077759 0.05734253 -0.02995300
v 0.38690186 0.04238129 0.02667236
v 0.38311768 0.04159164 -0.08142090
v 0.40228271 0.09097290 -0.08525848
v 0.39184570 0.08954620 -0.10740662
v 0.35964966 0.04306030 -0.13761902
v 0.36602783 0.01650429 -0.07812500
v 0.37631226 0.08786774 -0.14199829
v 0.33306885 0.00217032 -0.12947083
v 0.30810547 0.00428343 -0.19418335
v 0.28790283 -0.02983093 -0.18173218
v 0.33822632 0.04232025 -0.18853760
v 0.32940674 0.04096222 -0.20837402
v 0.41458130 -0.01829338 0.06531525
v 0.42630005 0.01041794 0.06608582
v 0.42678833 0.03079414 0.08685303
v 0.44592285 0.05797958 0.06854248
v 0.43249512 0.03290939 0.01885223
v 0.41940308 -0.00227261 0.03834152
v 0.42291260 0.01108932 0.00518227
v 0.41003418 -0.02000046 -0.00374031
v 0.42321777 0.01688385 -0.02599144
v 0.39941406 -0.03288269 0.08792877
v 0.40960693 -0.03110313 0.06443787
v 0.41125488 -0.01306438 -0.02556992
v 0.40560913 -0.03200912 -0.00209951
v 0.41302490 -0.00822258 -0.05216599
v 0.42208862 0.01547623 -0.06437683
v 0.40393066 -0.03276825 -0.02248764
v 0.42034912 0.01198196 -0.08959961
v 0.39828491 -0.04319382 0.00980568
v 0.40670776 -0.02487755 -0.04331207
v 0.41006470 -0.01478100 -0.08722687
v 0.38854980 -0.03167343 -0.11833954
v 0.40350342 -0.03256989 -0.06540680
v 0.38336182 -0.06078720 -0.02216911
v 0.40316772 -0.03258133 -0.08583832
v 0.37622070 -0.03285217 -0.14462280
v 0.39208984 0.01268768 -0.15304565
v 0.38269043 -0.04471970 -0.10936737
v 0.38153076 -0.06295776 -0.08090973
v 0.37335205 -0.07446289 -0.04773712
v 0.36358643 -0.08858490 -0.02168465
v 0.35180664 -0.10452271 -0.07450104
v 0.35940552 -0.08763123 -0.08689880
v 0.35720825 -0.05973434 -0.13975525
v 0.35848999 -0.03241348 -0.19161987
v 0.33340454 -0.05970383 -0.20272827
v 0.34985352 -0.03258514 -0.21324158
v 0.34313965 -0.06613159 -0.16331482
v 0.32241821 -0.07859039 -0.19505310
v 0.32693481 -0.09342194 -0.15228271
v 0.34014893 -0.08760071 -0.12957764
v 0.32852173 -0.10511017 -0.12471008
v 0.30880737 -0.11602020 -0.15766907
v 0.30633545 -0.10494232 -0.18499756
v 0.31179810 -0.12553406 -0.13081360
v 0.29046631 -0.13244629 -0.17480469
v 0.30435181 -0.14337158 -0.11712646
v 0.28439331 -0.14344788 -0.17060852
v 0.34127808 -0.12023163 -0.07241821
v 0.31741333 -0.14369202 -0.08737183
v 0.28573608 -0.17240906 -0.10578156
v 0.27420044 -0.16708374 -0.14654541
v 0.35180664 -0.10456085 -0.02072906
v 0.34298706 -0.11750031 -0.02006340
v 0.35406494 -0.10558319 0.03318405
v 0.32537842 -0.14390564 -0.06896973
v 0.28509521 -0.17764282 -0.09734344
v 0.27355957 -0.17744446 -0.12693787
v 0.31677246 -0.15487671 -0.06751251
v 0.28097534 -0.20848083 -0.10737610
v 0.29965210 -0.17749023 -0.06372070
v 0.31634521 -0.15563965 -0.03829193
v 0.32546997 -0.14434814 -0.01601028
v 0.28341675 -0.22113037 -0.10156250
v 0.27682495 -0.22094727 -0.11744690
v 0.29956055 -0.22119141 -0.06372070
v 0.29992676 -0.17744446 -0.03957748
v 0.30108643 -0.17767334 -0.00565147
v 0.29968262 -0.22090149 -0.03863907
v 0.30065918 -0.22091675 -0.01109695
v 0.30181885 -0.17742920 0.02504730
v 0.29766846 -0.22610474 -0.03745651
v 0.29074097 -0.22602844 -0.07916260
v 0.28076172 -0.22619629 -0.10171509
v 0.29745483 -0.22608948 -0.06371307
v 0.28317261 -0.22782898 -0.08267212
v 0.26882935 -0.22779846 -0.11554718
v 0.29257202 -0.22798157 -0.06158829
v 0.26364136 -0.22793579 -0.05317307
v 0.23336792 -0.22796631 -0.08041382
v 0.22000122 -0.22785950 -0.02505112
v 0.29217529 -0.22798157 -0.02466202
v 0.26168823 -0.22779846 -0.00410032
v 0.17147827 -0.22808838 0.03704834
v 0.14753723 -0.22807312 -0.05181885
v 0.23371887 -0.22804260 0.02273560
v 0.29919434 -0.22612000 0.01491928
v 0.29388428 -0.22787476 0.01297092
v 0.27282715 -0.22799683 0.05207443
v 0.24324036 -0.22796631 0.06203842
v 0.29486084 -0.22796631 0.05222321
v 0.30160522 -0.22094727 0.02809906
v 0.30090332 -0.22604370 0.05039978
v 0.29272461 -0.22615051 0.07126617
v 0.30285645 -0.22105408 0.05089951
v 0.30307007 -0.17759705 0.05074310
v 0.31912231 -0.15625000 0.05313492
v 0.30807495 -0.15638733 0.08170319
v 0.32931519 -0.14344788 0.05455399
v 0.31948853 -0.14431763 0.07782745
v 0.34082031 -0.12686157 0.05586624
v 0.35574341 -0.10507965 0.05789566
v 0.36907959 -0.08692169 0.05934525
v 0.38201904 -0.06615448 0.02142143
v 0.38259888 -0.06837463 0.06105423
v 0.36624146 -0.07803345 0.08281708
v 0.38317871 -0.05057907 0.09435272
v 0.36428833 0.00799274 0.06256866
v 0.38818359 0.04235458 0.06568909
v 0.38690186 0.04238129 0.02667236
v 0.40396118 0.08721161 0.01116085
v 0.35873413 0.00322080 -0.01368523
v 0.38311768 0.04159164 -0.08142090
v 0.36602783 0.01650429 -0.07812500
v 0.33767700 -0.02751541 0.00126636
v 0.33761597 -0.03008080 0.05832672
v 0.33618164 -0.02670288 -0.07111359
v 0.33306885 0.00217032 -0.12947083
v 0.32196045 -0.04944229 0.01543045
v 0.30654907 -0.07138824 0.05477905
v 0.32189941 -0.04643631 -0.06847382
v 0.31094360 -0.03135300 -0.12194061
v 0.28790283 -0.02983093 -0.18173218
v 0.26531982 -0.06531525 -0.16668701
v 0.30908203 -0.06566620 -0.00307989
v 0.29028320 -0.09355927 0.05154800
v 0.30111694 -0.07463837 -0.06377411
v 0.29208374 -0.06729126 -0.09806824
v 0.27917480 -0.09031677 -0.08647156
v 0.25735474 -0.09370422 -0.13125610
v 0.24481201 -0.13352966 -0.08683777
v 0.29653931 -0.08213043 -0.04002380
v 0.27719116 -0.10756683 -0.05924225
v 0.25942993 -0.13357544 -0.00881195
v 0.26095581 -0.13322449 0.04688263
v 0.25845337 -0.13349915 -0.05525208
v 0.25064087 -0.19682312 -0.07279968
v 0.24255371 -0.19671631 -0.09193420
v 0.24314880 -0.19798279 -0.07530212
v 0.25900269 -0.14915466 -0.02281570
v 0.25302124 -0.19802856 -0.05651093
v 0.14942932 -0.19813538 -0.03470230
v 0.25839233 -0.19674683 -0.05525589
v 0.25897217 -0.17970276 -0.03381729
v 0.26004028 -0.16432190 0.02520370
v 0.25875854 -0.19662476 -0.03084373
v 0.25253296 -0.19792175 -0.02715492
v 0.25906372 -0.19668579 0.00970173
v 0.25213623 -0.19804382 0.02228355
v 0.17704773 -0.19822693 0.02917862
v 0.25793457 -0.19792175 0.04447556
v 0.26040649 -0.19604492 0.04632568
v 0.25503540 -0.19606018 0.06113052
v 0.17147827 -0.22808838 0.03704834
v 0.01612663 -0.22810364 -0.00995731
v 0.14753723 -0.22807312 -0.05181885
v 0.04205704 -0.22805786 -0.09367371
v 0.23336792 -0.22796631 -0.08041382
v 0.22000122 -0.22785950 -0.02505112
v 0.17588806 -0.22814941 -0.10305786
v 0.13565063 -0.22813416 -0.16316223
v 0.04747772 -0.22813416 -0.19348145
v 0.25628662 -0.22795105 -0.15245056
v 0.26882935 -0.22779846 -0.11554718
v 0.19386292 -0.22801208 -0.15681458
v 0.12873840 -0.22808838 -0.20721436
v 0.06565857 -0.22792053 -0.22831726
v 0.20162964 -0.22782898 -0.21342468
v 0.22547913 -0.22792053 -0.18653870
v 0.26629639 -0.22613525 -0.13887024
v 0.14385986 -0.22798157 -0.25454712
v 0.18464661 -0.22785950 -0.23364258
v 0.12114716 -0.22795105 -0.26620483
v 0.05892944 -0.22790527 -0.28906250
v 0.08381653 -0.22798157 -0.28598022
v 0.08220673 -0.22612000 -0.29275513
v 0.04856491 -0.22601318 -0.29556274
v 0.11338043 -0.22610474 -0.27606201
v 0.08255005 -0.22077942 -0.29476929
v 0.14372253 -0.22618103 -0.25976562
v 0.16978455 -0.22619629 -0.24639893
v 0.13748169 -0.22125244 -0.26510620
v 0.10699463 -0.22052002 -0.28167725
v 0.03705215 -0.22052002 -0.29873657
v 0.06164169 -0.17727661 -0.29641724
v 0.08220673 -0.17756653 -0.29486084
v 0.08665466 -0.15779114 -0.30899048
v 0.10099030 -0.17756653 -0.28488159
v 0.12948608 -0.17747498 -0.26947021
v 0.15354919 -0.22048950 -0.25698853
v 0.15721130 -0.17759705 -0.25531006
v 0.16752625 -0.19335938 -0.24996948
v 0.18896484 -0.22106934 -0.23930359
v 0.18850708 -0.22613525 -0.23693848
v 0.18881226 -0.17758179 -0.23950195
v 0.20230103 -0.22076416 -0.22366333
v 0.21502686 -0.22604370 -0.20599365
v 0.23658752 -0.22602844 -0.18203735
v 0.23561096 -0.22076416 -0.18588257
v 0.25228882 -0.22595215 -0.16471863
v 0.26016235 -0.22604370 -0.15586853
v 0.26174927 -0.22120667 -0.15699768
v 0.21549988 -0.19204712 -0.20867920
v 0.24501038 -0.17758179 -0.17530823
v 0.20338440 -0.17739868 -0.22288513
v 0.22543335 -0.17765808 -0.19763184
v 0.23449707 -0.16983032 -0.19584656
v 0.19381714 -0.16690063 -0.24623108
v 0.16027832 -0.16830444 -0.26150513
v 0.20056152 -0.15205383 -0.25503540
v 0.24443054 -0.14309692 -0.21386719
v 0.17124939 -0.14398193 -0.27636719
v 0.14506531 -0.14558411 -0.28829956
v 0.11920166 -0.14349365 -0.30407715
v 0.15283203 -0.12599182 -0.29858398
v 0.08953857 -0.14337158 -0.31997681
v 0.04812241 -0.14378357 -0.32254028
v 0.09202576 -0.12902832 -0.32919312
v 0.12702942 -0.12651062 -0.31231689
v 0.09655762 -0.10294342 -0.34606934
v 0.05191422 -0.10289001 -0.34887695
v 0.10011292 -0.08457184 -0.35879517
v 0.10438538 -0.06098175 -0.37551880
v 0.13398743 -0.06157303 -0.35934448
v 0.13508606 -0.10540771 -0.32360840
v 0.17304993 -0.06235504 -0.33764648
v 0.15988159 -0.10342407 -0.31179810
v 0.19425964 -0.10588837 -0.29345703
v 0.20393372 -0.08279419 -0.30697632
v 0.21318054 -0.06389618 -0.31695557
v 0.22956848 -0.08119202 -0.29583740
v 0.23658752 -0.06407166 -0.30548096
v 0.25436401 -0.06338501 -0.28570557
v 0.22004700 -0.10329437 -0.28295898
v 0.24342346 -0.10357666 -0.25537109
v 0.20401001 -0.14427185 -0.26010132
v 0.20831299 -0.13310242 -0.26644897
v 0.23663330 -0.11463165 -0.25222778
v 0.26339722 -0.10617065 -0.22917175
v 0.28341675 -0.06646729 -0.24855042
v 0.27423096 -0.05031204 -0.27688599
v 0.25473022 -0.14335632 -0.20259094
v 0.29733276 -0.08277893 -0.21693420
v 0.33340454 -0.05970383 -0.20272827
v 0.31890869 -0.04207993 -0.23637390
v 0.34985352 -0.03258514 -0.21324158
v 0.32241821 -0.07859039 -0.19505310
v 0.29138184 -0.10281372 -0.20294189
v 0.26342773 -0.12583923 -0.21017456
v 0.30633545 -0.10494232 -0.18499756
v 0.32693481 -0.09342194 -0.15228271
v 0.29046631 -0.13244629 -0.17480469
v 0.30880737 -0.11602020 -0.15766907
v 0.28439331 -0.14344788 -0.17060852
v 0.31179810 -0.12553406 -0.13081360
v 0.27227783 -0.16177368 -0.16331482
v 0.27420044 -0.16708374 -0.14654541
v 0.30435181 -0.14337158 -0.11712646
v 0.25482178 -0.16755676 -0.17576599
v 0.26177979 -0.17762756 -0.15693665
v 0.26736450 -0.17745972 -0.14208984
v 0.27355957 -0.17744446 -0.12693787
v 0.28573608 -0.17240906 -0.10578156
v 0.27682495 -0.22094727 -0.11744690
v 0.28097534 -0.20848083 -0.10737610
v 0.27157593 -0.22602844 -0.12524414
v 0.28341675 -0.22113037 -0.10156250
v 0.28076172 -0.22619629 -0.10171509
v 0.14942932 -0.19813538 -0.03470230
v 0.02368546 -0.19833374 -0.00702620
v 0.17704773 -0.19822693 0.02917862
v 0.00730276 -0.19827271 -0.07880402
v 0.11764526 -0.19830322 -0.16929626
v 0.02066994 -0.19837952 -0.19062805
v 0.16017151 -0.19837952 -0.12172699
v 0.24314880 -0.19798279 -0.07530212
v 0.08863831 -0.19781494 -0.23622131
v 0.07061768 -0.19781494 -0.24732971
v 0.22358704 -0.19795227 -0.12222290
v 0.10274506 -0.19639587 -0.23483276
v 0.24255371 -0.19671631 -0.09193420
v 0.10480499 -0.19772339 -0.23014832
v 0.23088074 -0.19676208 -0.12013245
v 0.17904663 -0.19789124 -0.18084717
v 0.20426941 -0.19796753 -0.15472412
v 0.22335815 -0.19689941 -0.13902283
v 0.23254395 -0.18040466 -0.11624908
v 0.23260498 -0.13342285 -0.11583710
v 0.24481201 -0.13352966 -0.08683777
v 0.22293091 -0.15823364 -0.13899231
v 0.19641113 -0.19595337 -0.16712952
v 0.19215393 -0.13366699 -0.17114258
v 0.22296143 -0.13362122 -0.13922119
v 0.23997498 -0.10582733 -0.15036011
v 0.25735474 -0.09370422 -0.13125610
v 0.26531982 -0.06531525 -0.16668701
v 0.24526978 -0.05936432 -0.19358826
v 0.28790283 -0.02983093 -0.18173218
v 0.24745178 -0.02742767 -0.22595215
v 0.21670532 -0.06439972 -0.21833801
v 0.21165466 -0.02901077 -0.26266479
v 0.18888855 -0.08965302 -0.22154236
v 0.18464661 -0.06576538 -0.25152588
v 0.20043945 -0.02983856 -0.27429199
v 0.17315674 -0.02848434 -0.28860474
v 0.17037964 -0.09899139 -0.23162842
v 0.13157654 -0.06414795 -0.27804565
v 0.13400269 -0.02765656 -0.30767822
v 0.12048340 -0.09519196 -0.25796509
v 0.15582275 -0.13345337 -0.21026611
v 0.11254120 -0.13357544 -0.23016357
v 0.07206726 -0.08487701 -0.29067993
v 0.06593323 -0.11834717 -0.26586914
v 0.06304932 -0.13375854 -0.25473022
v 0.09709930 -0.06543732 -0.29391479
v 0.07580566 -0.06530762 -0.30459595
v 0.08370209 -0.02683830 -0.33328247
v 0.07962036 -0.04721069 -0.31832886
v 0.07366180 -0.19607544 -0.24943542
v 0.06219482 -0.19633484 -0.25488281
v 0.06132889 -0.19721985 -0.25369263
v 0.03536987 -0.19665527 -0.25604248
v 0.13238525 -0.19691467 -0.22103882
v 0.15119934 -0.19792175 -0.20678711
v 0.15473938 -0.19664001 -0.21058655
v 0.17239380 -0.19667053 -0.19215393
v 0.18009949 -0.17306519 -0.18418884
v 0.02368546 -0.19833374 -0.00702620
v 0.00730276 -0.19827271 -0.07880402
v -0.04654312 -0.19839478 0.04191971
v -0.04654312 -0.19839478 0.04191971
v -0.08199310 -0.19805908 -0.06068420
v -0.11578369 -0.19786072 -0.03351593
v 0.00730276 -0.19827271 -0.07880402
v -0.08199310 -0.19805908 -0.06068420
v -0.04654312 -0.19839478 0.04191971
v 0.01612663 -0.22810364 -0.00995731
v -0.08766937 -0.22798157 -0.04262543
v -0.03580093 -0.22804260 -0.08933258
v 0.04205704 -0.22805786 -0.09367371
v -0.02898216 -0.22824097 -0.14338684
v -0.10459137 -0.22787476 -0.11886597
v -0.12663269 -0.22811890 -0.15466309
v 0.04747772 -0.22813416 -0.19348145
v -0.06074524 -0.22814941 -0.19500732
v -0.11409760 -0.22785950 -0.19854736
v -0.13436890 -0.22796631 -0.24971008
v -0.16873169 -0.22782898 -0.24172974
v -0.05883408 -0.22802734 -0.24577332
v 0.01213932 -0.22796631 -0.26867676
v 0.06565857 -0.22792053 -0.22831726
v 0.05892944 -0.22790527 -0.28906250
v -0.00253868 -0.22810364 -0.29522705
v 0.04856491 -0.22601318 -0.29556274
v -0.03438950 -0.22796631 -0.29919434
v -0.11135101 -0.22792053 -0.27246094
v -0.07593536 -0.22787476 -0.28405762
v -0.03767014 -0.22604370 -0.30380249
v 0.00440454 -0.22630310 -0.29953003
v 0.03705215 -0.22052002 -0.29873657
v 0.08255005 -0.22077942 -0.29476929
v -0.00546503 -0.22108459 -0.30252075
v -0.06098557 -0.22599792 -0.29544067
v -0.03805923 -0.22111511 -0.30560303
v 0.00848103 -0.19039917 -0.30117798
v 0.06164169 -0.17727661 -0.29641724
v -0.08906555 -0.22605896 -0.28573608
v -0.07892609 -0.22076416 -0.29138184
v -0.03833771 -0.17739868 -0.30572510
v 0.00839233 -0.17742920 -0.30139160
v 0.02262306 -0.15277100 -0.31781006
v 0.08665466 -0.15779114 -0.30899048
v 0.04812241 -0.14378357 -0.32254028
v -0.07048035 -0.17739868 -0.29440308
v -0.04018021 -0.15530396 -0.32205200
v 0.02331161 -0.14334106 -0.32473755
v 0.05191422 -0.10289001 -0.34887695
v -0.01112366 -0.14292908 -0.32870483
v -0.06947327 -0.14418030 -0.32064819
v -0.04175186 -0.14289856 -0.33163452
v -0.09691620 -0.16381836 -0.29550171
v 0.02433014 -0.10598755 -0.34893799
v -0.02209282 -0.10160828 -0.35681152
v 0.03033638 -0.05976105 -0.38125610
v 0.10438538 -0.06098175 -0.37551880
v 0.07360840 -0.03318405 -0.39770508
v 0.03172684 -0.03337860 -0.39999390
v 0.06230164 -0.01965332 -0.40371704
v -0.01533222 -0.03308105 -0.40509033
v 0.00218701 -0.06362915 -0.38128662
v -0.04963684 -0.05419159 -0.39315796
v -0.04758072 -0.07620239 -0.37738037
v -0.04492569 -0.10284424 -0.35812378
v -0.06524658 -0.10237885 -0.35098267
v -0.12409210 -0.06446075 -0.35839844
v -0.10114288 -0.12377930 -0.32354736
v -0.11347198 -0.10449219 -0.33245850
v -0.16087341 -0.10453033 -0.31686401
v -0.10784912 -0.14408875 -0.30709839
v -0.18403625 -0.06347656 -0.33941650
v -0.20509338 -0.05116653 -0.34170532
v -0.18601990 -0.10225677 -0.31015015
v -0.24827576 -0.03318787 -0.31686401
v -0.14074707 -0.14447021 -0.29605103
v -0.17901611 -0.12095642 -0.29986572
v -0.21115112 -0.12881470 -0.26013184
v -0.17100525 -0.14453125 -0.28625488
v -0.19746399 -0.14332581 -0.26055908
v -0.17868042 -0.16302490 -0.25906372
v -0.15824890 -0.17750549 -0.26464844
v -0.19197083 -0.17755127 -0.23080444
v -0.13839722 -0.17724609 -0.27142334
v -0.15812683 -0.22131348 -0.26419067
v -0.10547638 -0.17744446 -0.28253174
v -0.13665771 -0.19586182 -0.27185059
v -0.11425018 -0.22039795 -0.27954102
v -0.13505554 -0.22056580 -0.27227783
v -0.11620331 -0.22613525 -0.27670288
v -0.13577271 -0.22612000 -0.27001953
v -0.15657043 -0.22612000 -0.26300049
v -0.15162659 -0.22802734 -0.25921631
v -0.17593384 -0.22610474 -0.24356079
v -0.17001343 -0.22071838 -0.25241089
v -0.18478394 -0.20423889 -0.23744202
v -0.15805054 -0.19796753 -0.06145859
v -0.21269226 -0.19796753 -0.06941986
v -0.17471313 -0.19783020 -0.00096971
v -0.14283752 -0.19790649 -0.10059357
v -0.11578369 -0.19786072 -0.03351593
v -0.08199310 -0.19805908 -0.06068420
v -0.02363777 -0.19848633 -0.14680481
v -0.17329407 -0.19802856 -0.13508606
v -0.12969971 -0.19825745 -0.16265869
v -0.16926575 -0.19799805 -0.18605042
v -0.13098145 -0.19769287 -0.22131348
v -0.21795654 -0.19801331 -0.13687134
v -0.24533081 -0.19787598 -0.06932068
v -0.25497437 -0.19796753 -0.03511047
v -0.23075867 -0.19793701 -0.10781097
v -0.24522400 -0.19735718 -0.08251190
v -0.25714111 -0.19674683 -0.05550003
v -0.23361206 -0.19737244 -0.11231995
v -0.24633789 -0.19625854 -0.08380890
v -0.25509644 -0.13357544 -0.06257629
v -0.23643494 -0.19621277 -0.10928345
v -0.24163818 -0.13349915 -0.09679413
v -0.25875854 -0.10901642 -0.10100555
v -0.28417969 -0.10244751 -0.05051804
v -0.22506714 -0.19609070 -0.13833618
v -0.22535706 -0.13339233 -0.13838196
v -0.22392273 -0.19747925 -0.13697815
v -0.21626282 -0.19615173 -0.14729309
v -0.20234680 -0.19674683 -0.16027832
v -0.19175720 -0.13356018 -0.17237854
v -0.17781067 -0.19741821 -0.18431091
v -0.14720154 -0.19731140 -0.21675110
v -0.16221619 -0.19622803 -0.20307922
v -0.18206787 -0.19607544 -0.18229675
v -0.16307068 -0.13362122 -0.20231628
v -0.14689636 -0.19622803 -0.21885681
v -0.18180847 -0.09792328 -0.21998596
v -0.15280151 -0.11873627 -0.22865295
v -0.16439819 -0.11449432 -0.22117615
v -0.16764832 -0.08657837 -0.24577332
v -0.18096924 -0.06768036 -0.25311279
v -0.18698120 -0.05281448 -0.26116943
v -0.20524597 -0.10401154 -0.18930054
v -0.19371033 -0.07035828 -0.23628235
v -0.19737244 -0.03840637 -0.26589966
v -0.20431519 -0.04485703 -0.25173950
v -0.20483398 -0.01981544 -0.27758789
v -0.21075439 -0.08115387 -0.20721436
v -0.25778198 -0.08063507 -0.16094971
v -0.25070190 -0.06845093 -0.18087769
v -0.24095154 -0.06809235 -0.19139099
v -0.28704834 -0.03352737 -0.18087769
v -0.26208496 -0.03632736 -0.20146179
v -0.27780151 -0.03134155 -0.19259644
v -0.25009155 -0.03535843 -0.21511841
v -0.27084351 -0.04407120 -0.18542480
v -0.30139160 -0.00861835 -0.19111633
v -0.31765747 -0.01988411 -0.12904358
v -0.28808594 -0.04687881 -0.15168762
v -0.30252075 -0.05872726 -0.09053802
v -0.27316284 -0.10107422 -0.08121490
v -0.31091309 -0.06597900 -0.05459595
v -0.34146118 -0.02522850 -0.05988693
v -0.35586548 -0.00471449 -0.06261444
v -0.32537842 0.00905323 -0.16395569
v -0.14898682 -0.22778320 -0.03888321
v -0.18330383 -0.22766113 -0.04894638
v -0.15751648 -0.22789001 -0.07542419
v -0.13674927 -0.22781372 -0.10149384
v -0.08766937 -0.22798157 -0.04262543
v -0.17767334 -0.22781372 -0.12384796
v -0.10459137 -0.22787476 -0.11886597
v -0.03580093 -0.22804260 -0.08933258
v -0.23982239 -0.22769165 -0.04800797
v -0.12663269 -0.22811890 -0.15466309
v -0.23124695 -0.22769165 -0.10550690
v -0.21397400 -0.22795105 -0.15203857
v -0.28201294 -0.22790527 -0.08003998
v -0.22438049 -0.22790527 -0.18617249
v -0.29483032 -0.22795105 -0.05112839
v -0.29187012 -0.22612000 -0.07208252
v -0.25857544 -0.22790527 -0.13853455
v -0.26873779 -0.22776794 -0.11412811
v -0.24844360 -0.22790527 -0.16488647
v -0.25457764 -0.22619629 -0.16587830
v -0.26519775 -0.22612000 -0.13914490
v -0.27917480 -0.22615051 -0.10407257
v -0.29232788 -0.22088623 -0.07678223
v -0.30282593 -0.22091675 -0.05173492
v -0.27587891 -0.22055054 -0.11798096
v -0.25634766 -0.22129822 -0.16699219
v -0.22399902 -0.22598267 -0.19602966
v -0.30285645 -0.17779541 -0.05145645
v -0.29653931 -0.17759705 -0.06719208
v -0.22142029 -0.22055054 -0.20141602
v -0.25610352 -0.20529175 -0.16720581
v -0.27703857 -0.17756653 -0.11523438
v -0.31964111 -0.15567017 -0.05347824
v -0.26547241 -0.17759705 -0.14482117
v -0.25634766 -0.17771912 -0.16751099
v -0.27682495 -0.15759277 -0.15608215
v -0.30331421 -0.14375305 -0.11627197
v -0.32989502 -0.14277649 -0.05460358
v -0.32418823 -0.13246155 -0.08661652
v -0.29461670 -0.14376831 -0.13911438
v -0.27792358 -0.14320374 -0.18186951
v -0.30059814 -0.12313843 -0.16117859
v -0.32308960 -0.11001587 -0.12660217
v -0.33837891 -0.10451508 -0.10112762
v -0.35684204 -0.10391998 -0.05767441
v -0.34997559 -0.09027100 -0.09972382
v -0.34054565 -0.08548737 -0.13069153
v -0.31307983 -0.10292053 -0.16546631
v -0.36175537 -0.05584335 -0.13377380
v -0.32153320 -0.06803131 -0.21188354
v -0.30172729 -0.10136414 -0.19801331
v -0.29220581 -0.11856842 -0.19149780
v -0.37271118 -0.06266022 -0.09536743
v -0.38134766 -0.07007599 -0.06095505
v -0.39315796 -0.03323746 -0.10157013
v -0.37640381 -0.03300095 -0.14042664
v -0.35696411 -0.03355026 -0.18981934
v -0.34234619 -0.03330994 -0.22671509
v -0.28802490 -0.06419373 -0.24760437
v -0.26190186 -0.10586548 -0.23205566
v -0.25604248 -0.14424133 -0.20181274
v -0.31283569 -0.03402328 -0.25393677
v -0.26303101 -0.05652618 -0.27868652
v -0.24693298 -0.08676910 -0.26477051
v -0.24827576 -0.03318787 -0.31686401
v -0.18601990 -0.10225677 -0.31015015
v -0.23779297 -0.10515594 -0.25555420
v -0.21115112 -0.12881470 -0.26013184
v -0.22160339 -0.14358521 -0.23551941
v -0.19746399 -0.14332581 -0.26055908
v -0.17901611 -0.12095642 -0.29986572
v -0.21585083 -0.15394592 -0.23057556
v -0.17868042 -0.16302490 -0.25906372
v -0.19197083 -0.17755127 -0.23080444
v -0.22222900 -0.17758179 -0.20083618
v -0.20175171 -0.22105408 -0.22074890
v -0.15812683 -0.22131348 -0.26419067
v -0.18478394 -0.20423889 -0.23744202
v -0.17001343 -0.22071838 -0.25241089
v -0.17593384 -0.22610474 -0.24356079
v -0.20315552 -0.22604370 -0.21646118
v -0.19921875 -0.22776794 -0.21037292
v -0.16873169 -0.22782898 -0.24172974
v -0.11409760 -0.22785950 -0.19854736
v -0.40866089 -0.03326035 -0.06427002
v -0.40472412 -0.01560307 -0.09220886
v -0.39315796 -0.03323746 -0.10157013
v -0.44924927 0.22019958 -0.07405853
v -0.43063354 0.22592163 -0.12818909
v -0.45254517 0.22598267 -0.07363129
v -0.45962524 0.22779846 -0.07398987
v -0.43090820 0.21969604 -0.11810303
v -0.43508911 0.16436768 -0.07109070
v -0.42477417 0.22778320 -0.16084290
v -0.42816162 0.13847351 -0.07039642
v -0.48120117 0.22775269 -0.07607269
v -0.40270996 0.13896179 -0.13459778
v -0.41400146 0.10492706 -0.06900024
v -0.40005493 0.10803223 -0.10787964
v -0.41186523 0.22007751 -0.16534424
v -0.40594482 0.19520569 -0.16410828
v -0.40405273 0.22592163 -0.19406128
v -0.38900757 0.22024536 -0.22283936
v -0.39166260 0.15826416 -0.17437744
v -0.37411499 0.08203888 -0.14244080
v -0.40487671 0.08444977 -0.06826019
v -0.37561035 0.04261017 -0.10007477
v -0.38171387 0.13900757 -0.18695068
v -0.37008667 0.17597961 -0.24124146
v -0.36941528 0.10334015 -0.17869568
v -0.34405518 0.08548737 -0.22206116
v -0.35574341 0.04311371 -0.15022278
v -0.35586548 -0.00471449 -0.06261444
v -0.33111572 0.04238129 -0.21182251
v -0.32537842 0.00905323 -0.16395569
v -0.36260986 0.13880920 -0.23509216
v -0.31765747 -0.01988411 -0.12904358
v -0.30139160 -0.00861835 -0.19111633
v -0.32415771 0.09945679 -0.24992371
v -0.31057739 0.00696230 -0.19676208
v -0.27780151 -0.03134155 -0.19259644
v -0.26208496 -0.03632736 -0.20146179
v -0.25009155 -0.03535843 -0.21511841
v -0.26647949 -0.01467419 -0.22001648
v -0.32369995 0.08750916 -0.24298096
v -0.32031250 0.02352142 -0.20362854
v -0.28964233 0.00883102 -0.21989441
v -0.25082397 0.00617599 -0.25637817
v -0.23324585 -0.04426956 -0.22438049
v -0.27679443 0.02855492 -0.25201416
v -0.29547119 0.04235458 -0.24716187
v -0.24841309 0.04274368 -0.29434204
v -0.29180908 0.06570435 -0.26251221
v -0.27627563 0.08794403 -0.29006958
v -0.21926880 0.08452606 -0.34536743
v -0.22482300 0.11082458 -0.35546875
v -0.26721191 0.13885498 -0.32919312
v -0.20193481 0.01520061 -0.31472778
v -0.21130371 0.04227066 -0.33163452
v -0.19688416 0.00044286 -0.30584717
v -0.29074097 0.13926697 -0.30538940
v -0.21783447 -0.01774979 -0.26641846
v -0.20483398 -0.01981544 -0.27758789
v -0.20431519 -0.04485703 -0.25173950
v -0.23385620 -0.01001263 -0.25689697
v -0.32907104 0.13818359 -0.26757812
v -0.30307007 0.17526245 -0.30581665
v -0.23088074 0.13894653 -0.36557007
v -0.23390198 0.16476440 -0.37176514
v -0.26846313 0.18798828 -0.34515381
v -0.34094238 0.17404175 -0.26919556
v -0.31326294 0.22023010 -0.31201172
v -0.24110413 0.21968079 -0.38433838
v -0.27737427 0.21983337 -0.34814453
v -0.29736328 0.22584534 -0.33230591
v -0.24336243 0.22573853 -0.38702393
v -0.27795410 0.22769165 -0.36227417
v -0.37896729 0.22012329 -0.24862671
v -0.33999634 0.22592163 -0.29067993
v -0.32971191 0.22727966 -0.30957031
v -0.38143921 0.22575378 -0.25045776
v -0.38677979 0.22752380 -0.25454712
v -0.33132935 0.22746277 -0.33676147
v -0.25094604 0.22752380 -0.41635132
v -0.40148926 0.22747803 -0.27087402
v -0.29586792 0.22579956 -0.38189697
v -0.41867065 0.22785950 -0.22920227
v -0.44378662 0.22758484 -0.16735840
v -0.47222900 0.22579956 -0.11583710
v -0.44775391 0.22583008 -0.17568970
v -0.40902710 0.22579956 -0.27304077
v -0.37948608 0.22579956 -0.30105591
v -0.43746948 0.21777344 -0.20384216
v -0.33599854 0.22576904 -0.34213257
v -0.40982056 0.21772766 -0.27346802
v -0.36758423 0.21749878 -0.31320190
v -0.32955933 0.21765137 -0.34927368
v -0.28814697 0.21737671 -0.39053345
v -0.25573730 0.22584534 -0.42190552
v -0.32186890 0.18273926 -0.34677124
v -0.25109863 0.17092896 -0.41470337
v -0.28546143 0.15789795 -0.37655640
v -0.28195190 0.12085724 -0.36962891
v -0.31915283 0.13606262 -0.33718872
v -0.34881592 0.19554138 -0.32531738
v -0.35864258 0.15383911 -0.30432129
v -0.40255737 0.17372131 -0.26846313
v -0.41510010 0.18298340 -0.24101257
v -0.39825439 0.14749146 -0.26568604
v -0.36798096 0.12102509 -0.28710938
v -0.31765747 0.12145233 -0.33447266
v -0.24577332 0.12089539 -0.40637207
v -0.26937866 0.09938812 -0.37063599
v -0.30511475 0.08111572 -0.32400513
v -0.23878479 0.08908844 -0.39532471
v -0.26882935 0.02933502 -0.33123779
v -0.38793945 0.10276031 -0.25851440
v -0.35751343 0.08279419 -0.27618408
v -0.34857178 0.05660248 -0.27053833
v -0.29031372 0.02647018 -0.30792236
v -0.25946045 0.00316048 -0.32608032
v -0.24107361 0.01814461 -0.35263062
v -0.37661743 0.06964111 -0.25067139
v -0.36141968 0.02376175 -0.24017334
v -0.38211060 0.04596329 -0.21060181
v -0.33148193 0.00721550 -0.25955200
v -0.27941895 -0.01195526 -0.29733276
v -0.24827576 -0.03318787 -0.31686401
v -0.21192932 -0.03322601 -0.35266113
v -0.27377319 -0.03305817 -0.29132080
v -0.26303101 -0.05652618 -0.27868652
v -0.31283569 -0.03402328 -0.25393677
v -0.34579468 -0.02220154 -0.22947693
v -0.34234619 -0.03330994 -0.22671509
v -0.28802490 -0.06419373 -0.24760437
v -0.35696411 -0.03355026 -0.18981934
v -0.36706543 -0.00880527 -0.19026184
v -0.37640381 -0.03300095 -0.14042664
v -0.37191772 0.02646637 -0.21664429
v -0.38079834 0.01834488 -0.18424988
v -0.39596558 0.02079391 -0.14865112
v -0.39315796 -0.03323746 -0.10157013
v -0.39801025 0.05759811 -0.18365479
v -0.40447998 0.01574135 -0.12434387
v -0.40472412 -0.01560307 -0.09220886
v -0.42352295 0.00277090 -0.06623840
v -0.42687988 0.03106499 -0.08671570
v -0.40087891 0.09740448 -0.22067261
v -0.41574097 0.08000946 -0.16166687
v -0.42626953 0.06964111 -0.12748718
v -0.44082642 0.10102844 -0.12582397
v -0.46487427 0.10403442 -0.07170105
v -0.45816040 0.12110901 -0.10435486
v -0.43286133 0.12084961 -0.16456604
v -0.41207886 0.09943390 -0.19329834
v -0.39352417 0.12049866 -0.26248169
v -0.41665649 0.12138367 -0.20510864
v -0.41864014 0.14825439 -0.21490479
v -0.43487549 0.13832092 -0.16760254
v -0.45654297 0.14695740 -0.12020111
v -0.47143555 0.12086487 -0.07254028
v -0.44088745 0.16271973 -0.16592407
v -0.44363403 0.18304443 -0.16921997
v -0.47235107 0.18830872 -0.10277557
v -0.47738647 0.15196228 -0.07361603
v -0.45697021 0.21778870 -0.15580750
v -0.47177124 0.21771240 -0.11930084
v -0.48959351 0.21730042 -0.07549286
v -0.48828125 0.22590637 -0.07664490
v -0.02363777 -0.19848633 -0.14680481
v -0.08199310 -0.19805908 -0.06068420
v 0.00730276 -0.19827271 -0.07880402
v 0.02066994 -0.19837952 -0.19062805
v -0.12969971 -0.19825745 -0.16265869
v -0.14283752 -0.19790649 -0.10059357
v -0.06167984 -0.19834900 -0.20382690
v 0.01414967 -0.19795227 -0.25122070
v 0.07061768 -0.19781494 -0.24732971
v 0.06132889 -0.19721985 -0.25369263
v 0.03536987 -0.19665527 -0.25604248
v -0.07494354 -0.19801331 -0.24050903
v -0.13098145 -0.19769287 -0.22131348
v -0.03771973 -0.19805908 -0.25451660
v -0.00348282 -0.19673157 -0.25732422
v 0.01724243 -0.13363647 -0.25683594
v 0.06219482 -0.19633484 -0.25488281
v -0.03884125 -0.19679260 -0.26000977
v 0.06304932 -0.13375854 -0.25473022
v -0.03885269 -0.18025208 -0.26013184
v -0.06691742 -0.19648743 -0.24972534
v -0.09316254 -0.19682312 -0.23956299
v 0.01741409 -0.12107849 -0.26626587
v 0.06593323 -0.11834717 -0.26586914
v -0.03904343 -0.13343811 -0.26040649
v -0.07658386 -0.13342285 -0.24662781
v -0.09790802 -0.13348389 -0.23880005
v 0.00960732 -0.09754181 -0.28466797
v 0.07206726 -0.08487701 -0.29067993
v -0.04404831 -0.08945465 -0.29397583
v 0.00121486 -0.06555176 -0.30871582
v 0.07580566 -0.06530762 -0.30459595
v 0.07962036 -0.04721069 -0.31832886
v -0.07266235 -0.12046814 -0.25851440
v -0.10185242 -0.10985565 -0.25628662
v -0.08192444 -0.10749054 -0.26507568
v -0.07749176 -0.06684113 -0.29864502
v -0.04584885 -0.06574249 -0.31127930
v -0.00523376 -0.04919434 -0.32150269
v -0.04755783 -0.04648590 -0.32617188
v 0.01893044 -0.02660370 -0.33688354
v 0.08370209 -0.02683830 -0.33328247
v -0.04978180 -0.02698898 -0.34075928
v 0.01016521 -0.01413631 -0.34609985
v 0.08930206 0.00403881 -0.35455322
v -0.11493683 -0.03041649 -0.31402588
v -0.11952209 -0.06215668 -0.28698730
v -0.14244080 -0.04316330 -0.29330444
v -0.13256836 -0.09276581 -0.25741577
v -0.14047241 -0.08508301 -0.26113892
v -0.15280151 -0.11873627 -0.22865295
v -0.14738464 -0.07835388 -0.26306152
v -0.15470886 -0.06092834 -0.27413940
v -0.15518188 -0.01575279 -0.30993652
v -0.17481995 -0.05629349 -0.26953125
v -0.16110229 -0.09207916 -0.24815369
v -0.16604614 -0.08124542 -0.25338745
v -0.16764832 -0.08657837 -0.24577332
v -0.16439819 -0.11449432 -0.22117615
v -0.18096924 -0.06768036 -0.25311279
v -0.18348694 -0.03617477 -0.28298950
v -0.17977905 -0.01983070 -0.29696655
v -0.18698120 -0.05281448 -0.26116943
v -0.18899536 -0.02013016 -0.29318237
v -0.19737244 -0.03840637 -0.26589966
v -0.14695740 -0.13366699 -0.21907043
v -0.16307068 -0.13362122 -0.20231628
v -0.14689636 -0.19622803 -0.21885681
v -0.11248016 -0.19606018 -0.23266602
v -0.13162231 -0.19612122 -0.22511292
v -0.14720154 -0.19731140 -0.21675110
v -0.16926575 -0.19799805 -0.18605042
v -0.16221619 -0.19622803 -0.20307922
v 0.30810547 0.00428343 -0.19418335
v 0.27194214 -0.00296903 -0.22494507
v 0.28790283 -0.02983093 -0.18173218
v 0.24745178 -0.02742767 -0.22595215
v 0.27258301 0.02297211 -0.25027466
v 0.23866272 0.00433064 -0.26800537
v 0.21165466 -0.02901077 -0.26266479
v 0.32940674 0.04096222 -0.20837402
v 0.21513367 0.00446892 -0.29409790
v 0.20043945 -0.02983856 -0.27429199
v 0.17315674 -0.02848434 -0.28860474
v 0.24525452 0.04230499 -0.29901123
v 0.31112671 0.04220200 -0.22875977
v 0.28445435 0.04243851 -0.25680542
v 0.32330322 0.08700562 -0.24043274
v 0.34387207 0.08642578 -0.21749878
v 0.29998779 0.08626556 -0.26458740
v 0.33175659 0.11262512 -0.24771118
v 0.36376953 0.14047241 -0.22975159
v 0.34442139 0.13876343 -0.24971008
v 0.29248047 0.13882446 -0.30487061
v 0.25265503 0.08509827 -0.31463623
v 0.27856445 0.09993744 -0.29663086
v 0.24263000 0.09206390 -0.33004761
v 0.23106384 0.04190826 -0.31497192
v 0.25500488 0.13980103 -0.34658813
v 0.21154785 0.11320496 -0.35580444
v 0.19390869 0.08552551 -0.35119629
v 0.18437195 0.04274750 -0.33767700
v 0.16175842 0.02675247 -0.33612061
v 0.31463623 0.16160583 -0.28982544
v 0.26263428 0.18318176 -0.35540771
v 0.37649536 0.20217896 -0.23976135
v 0.30029297 0.21978760 -0.32745361
v 0.13400269 -0.01612663 -0.31631470
v 0.08930206 0.00403881 -0.35455322
v 0.13400269 -0.02765656 -0.30767822
v 0.08370209 -0.02683830 -0.33328247
v 0.33279419 0.22021484 -0.29238892
v 0.38021851 0.22009277 -0.24220276
v 0.31152344 0.22590637 -0.31991577
v 0.38262939 0.22592163 -0.24467468
v 0.34127808 0.22781372 -0.29840088
v 0.30920410 0.22792053 -0.33251953
v 0.36688232 0.22781372 -0.27154541
v 0.36407471 0.22770691 -0.30221558
v 0.40042114 0.22793579 -0.26522827
v 0.38311768 0.22590637 -0.29336548
v 0.32601929 0.22769165 -0.34426880
v 0.35772705 0.22586060 -0.31979370
v 0.32125854 0.22583008 -0.36059570
v -0.22080994 -0.05694580 -0.22314453
v -0.21783447 -0.01774979 -0.26641846
v -0.23324585 -0.04426956 -0.22438049
v -0.26647949 -0.01467419 -0.22001648
v 0.36227417 0.00540018 -0.22189331
v 0.34985352 -0.03258514 -0.21324158
v 0.34225464 0.00147939 -0.24098206
v 0.35964966 0.03911209 -0.24391174
v 0.37512207 0.04342651 -0.23060608
v 0.31069946 -0.03287125 -0.25445557
v 0.31890869 -0.04207993 -0.23637390
v 0.28341675 -0.06646729 -0.24855042
v 0.32824707 0.00502872 -0.25787354
v 0.30169678 -0.03300476 -0.26394653
v 0.34692383 0.04319000 -0.25991821
v 0.27423096 -0.05031204 -0.27688599
v 0.31060791 -0.00173163 -0.27279663
v 0.36672974 0.08184814 -0.26174927
v 0.38314819 0.06837463 -0.23661804
v 0.27658081 -0.03286362 -0.29306030
v 0.32321167 0.04516983 -0.28601074
v 0.24980164 -0.03272247 -0.32382202
v 0.25436401 -0.06338501 -0.28570557
v 0.23658752 -0.06407166 -0.30548096
v 0.27847290 -0.01545525 -0.30160522
v 0.21318054 -0.06389618 -0.31695557
v 0.28414917 0.00748873 -0.30834961
v 0.26019287 0.01150036 -0.33853149
v 0.29653931 0.03402710 -0.31011963
v 0.22766113 -0.03308868 -0.33444214
v 0.18568420 -0.03277588 -0.35501099
v 0.17304993 -0.06235504 -0.33764648
v 0.13398743 -0.06157303 -0.35934448
v 0.10963440 -0.03322601 -0.39505005
v 0.18592834 -0.00623512 -0.36715698
v 0.15016174 0.00128746 -0.38937378
v 0.19601440 0.01817513 -0.37298584
v 0.22616577 0.00672531 -0.35302734
v 0.22930908 0.03474808 -0.36428833
v 0.20292664 0.06122589 -0.38861084
v 0.24676514 0.05588150 -0.36465454
v 0.22817993 0.08312988 -0.38644409
v 0.26428223 0.12088776 -0.38543701
v 0.26782227 0.04447556 -0.34936523
v 0.27737427 0.08428955 -0.36282349
v 0.28524780 0.12079620 -0.37496948
v 0.27496338 0.15290833 -0.38751221
v 0.28771973 0.14245605 -0.37872314
v 0.30355835 0.12125397 -0.35440063
v 0.31396484 0.08238983 -0.31951904
v 0.33819580 0.10000610 -0.30245972
v 0.34631348 0.12035370 -0.30505371
v 0.39108276 0.12100220 -0.25875854
v 0.38992310 0.08815765 -0.24102783
v 0.36386108 0.12094879 -0.28689575
v 0.32318115 0.14103699 -0.33755493
v 0.31024170 0.16236877 -0.35830688
v 0.29309082 0.19302368 -0.38702393
v 0.32638550 0.18075562 -0.34594727
v 0.32907104 0.21757507 -0.35317993
v 0.34921265 0.16043091 -0.31335449
v 0.37768555 0.16011047 -0.28399658
v 0.38696289 0.19001770 -0.28277588
v 0.35406494 0.19972229 -0.32006836
v 0.39099121 0.21768188 -0.28640747
v 0.35745239 0.21751404 -0.32113647
v 0.38311768 0.22590637 -0.29336548
v 0.35772705 0.22586060 -0.31979370
v 0.32125854 0.22583008 -0.36059570
v -0.20483398 -0.01981544 -0.27758789
v -0.18899536 -0.02013016 -0.29318237
v -0.19688416 0.00044286 -0.30584717
v -0.19737244 -0.03840637 -0.26589966
v -0.17977905 -0.01983070 -0.29696655
v -0.18348694 -0.03617477 -0.28298950
v -0.15518188 -0.01575279 -0.30993652
v -0.17481995 -0.05629349 -0.26953125
v -0.12652588 0.01181793 -0.34127808
v -0.20193481 0.01520061 -0.31472778
v -0.11493683 -0.03041649 -0.31402588
v -0.14244080 -0.04316330 -0.29330444
v -0.05054092 -0.01462460 -0.34954834
v -0.04978180 -0.02698898 -0.34075928
v 0.01016521 -0.01413631 -0.34609985
v 0.01721764 0.00699377 -0.36071777
v 0.08930206 0.00403881 -0.35455322
v 0.04708862 0.02246094 -0.36920166
v -0.05184937 0.00624371 -0.36459351
v -0.05345917 0.02363586 -0.37658691
v -0.13439941 0.04271317 -0.36099243
v -0.21130371 0.04227066 -0.33163452
v -0.05498505 0.04286575 -0.39001465
v 0.02006149 0.04259872 -0.38485718
v 0.09682465 0.04211807 -0.38018799
v 0.06434631 0.06032181 -0.38891602
v -0.02786064 0.04267883 -0.38821411
v 0.00516653 0.05819321 -0.39163208
v 0.01387405 0.08651733 -0.40182495
v 0.10185242 0.08814240 -0.39700317
v 0.05698013 0.11508942 -0.41122437
v -0.02554131 0.08808136 -0.40505981
v -0.05570984 0.06070328 -0.39642334
v -0.09580231 0.06093216 -0.38186646
v -0.05680466 0.08715057 -0.40643311
v -0.00670958 0.11321259 -0.41448975
v 0.02935028 0.13897705 -0.42282104
v 0.10764313 0.13801575 -0.41775513
v -0.05808258 0.10944366 -0.41601562
v -0.11835480 0.09032440 -0.38583374
v -0.16122437 0.08611298 -0.36822510
v -0.21926880 0.08452606 -0.34536743
v -0.21574402 0.06468964 -0.33871460
v -0.24841309 0.04274368 -0.29434204
v -0.22482300 0.11082458 -0.35546875
v -0.16630554 0.11442566 -0.37924194
v -0.23088074 0.13894653 -0.36557007
v -0.26721191 0.13885498 -0.32919312
v -0.14114380 0.13900757 -0.39923096
v -0.23390198 0.16476440 -0.37176514
v -0.09746552 0.13832092 -0.41430664
v -0.19871521 0.18424988 -0.39028931
v -0.05954361 0.13888550 -0.42840576
v -0.14511108 0.19587708 -0.41351318
v -0.23843384 0.20088196 -0.38021851
v -0.26846313 0.18798828 -0.34515381
v -0.24110413 0.21968079 -0.38433838
v -0.16299438 0.22000122 -0.41366577
v -0.09262085 0.18006897 -0.42782593
v -0.10087585 0.21983337 -0.43551636
v -0.06124115 0.21981812 -0.44982910
v -0.11483765 0.22595215 -0.43426514
v -0.19949341 0.22596741 -0.40335083
v -0.24336243 0.22573853 -0.38702393
v -0.27737427 0.21983337 -0.34814453
v -0.24398804 0.22764587 -0.39422607
v -0.27795410 0.22769165 -0.36227417
v -0.15365601 0.22775269 -0.42767334
v -0.25094604 0.22752380 -0.41635132
v -0.06335449 0.22682190 -0.45629883
v -0.17709351 0.22764587 -0.44079590
v -0.11237335 0.22787476 -0.46368408
v -0.20396423 0.22579956 -0.43954468
v -0.14149475 0.22598267 -0.46130371
v -0.25573730 0.22584534 -0.42190552
v -0.29586792 0.22579956 -0.38189697
v -0.21148682 0.21730042 -0.43771362
v -0.25601196 0.21755981 -0.42254639
v -0.28814697 0.21737671 -0.39053345
v -0.25109863 0.17092896 -0.41470337
v -0.17788696 0.18139648 -0.44119263
v -0.22528076 0.14958191 -0.41894531
v -0.24577332 0.12089539 -0.40637207
v -0.28195190 0.12085724 -0.36962891
v -0.14982605 0.21762085 -0.45916748
v -0.09852600 0.21795654 -0.47735596
v -0.09897614 0.14396667 -0.46176147
v -0.14466858 0.12098694 -0.44058228
v -0.19769287 0.12071228 -0.42233276
v -0.23878479 0.08908844 -0.39532471
v -0.26937866 0.09938812 -0.37063599
v -0.14476013 0.10281372 -0.43286133
v -0.18444824 0.07789612 -0.40890503
v -0.23184204 0.05789566 -0.38470459
v -0.26882935 0.02933502 -0.33123779
v -0.24107361 0.01814461 -0.35263062
v -0.16838074 0.03295517 -0.39541626
v -0.22465515 0.02379227 -0.37249756
v -0.12956238 0.00612354 -0.39715576
v -0.13217163 0.02537727 -0.40420532
v -0.10109711 0.03949356 -0.42156982
v -0.09899139 0.00374985 -0.40725708
v -0.11232758 0.08626556 -0.43746948
v -0.07322693 0.01868820 -0.42251587
v -0.07695770 -0.03304672 -0.39916992
v -0.05834579 0.07219696 -0.45126343
v -0.09326172 0.10193634 -0.45141602
v -0.06142807 0.12068939 -0.47100830
v -0.06013489 0.10237122 -0.46377563
v -0.00988579 0.10120392 -0.45861816
v -0.06214142 0.14611816 -0.47589111
v -0.01621056 0.13262939 -0.46911621
v -0.00403070 0.12081146 -0.46582031
v -0.02047348 0.16899109 -0.47692871
v -0.06376648 0.19461060 -0.48547363
v -0.06491852 0.21754456 -0.49020386
v -0.00312638 0.21768188 -0.48455811
v -0.06509399 0.22589111 -0.48925781
v -0.01413536 0.22586060 -0.48464966
v -0.06461334 0.22769165 -0.48178101
v 0.04033661 0.21722412 -0.48016357
v 0.04190063 0.22602844 -0.47943115
v 0.03950500 0.19242859 -0.47525024
v 0.07031250 0.21713257 -0.47851562
v 0.12945557 0.22598267 -0.47399902
v 0.12936401 0.21745300 -0.47470093
v 0.07093048 0.16526794 -0.46829224
v 0.02360535 0.22776794 -0.47363281
v 0.09381866 0.22790527 -0.46871948
v 0.04688644 0.22789001 -0.45257568
v 0.04092026 0.14791870 -0.46664429
v 0.07334900 0.12123871 -0.45962524
v 0.04152298 0.12106323 -0.46127319
v 0.03925705 0.08256531 -0.44607544
v 0.10313416 0.08799744 -0.44461060
v 0.07864380 0.05473709 -0.43255615
v 0.03738403 0.04148483 -0.42962646
v 0.07450104 0.01497269 -0.41690063
v 0.00879002 0.06489563 -0.44210815
v -0.02967262 0.07322693 -0.44915771
v -0.02313042 0.03138733 -0.43167114
v -0.05574417 0.03272247 -0.43508911
v -0.05392456 0.00412989 -0.42361450
v 0.00043526 0.00956535 -0.42065430
v 0.03694916 0.02002716 -0.42095947
v 0.06230164 -0.01965332 -0.40371704
v 0.03172684 -0.03337860 -0.39999390
v -0.03054047 -0.01293945 -0.41461182
v -0.01533222 -0.03308105 -0.40509033
v -0.05154037 -0.03318405 -0.40838623
v -0.04963684 -0.05419159 -0.39315796
v -0.13255310 -0.03268814 -0.37948608
v -0.12409210 -0.06446075 -0.35839844
v -0.20509338 -0.05116653 -0.34170532
v -0.19717407 0.00722933 -0.37478638
v -0.16716003 -0.03298187 -0.36773682
v -0.21989441 0.00155008 -0.36486816
v -0.21192932 -0.03322601 -0.35266113
v -0.24827576 -0.03318787 -0.31686401
v -0.25946045 0.00316048 -0.32608032
v 0.08370209 -0.02683830 -0.33328247
v 0.13400269 -0.01612663 -0.31631470
v 0.08930206 0.00403881 -0.35455322
v 0.01893044 -0.02660370 -0.33688354
v 0.30029297 0.21978760 -0.32745361
v 0.31152344 0.22590637 -0.31991577
v 0.26849365 0.22016907 -0.36306763
v 0.26263428 0.18318176 -0.35540771
v 0.27059937 0.22589111 -0.36532593
v 0.30920410 0.22792053 -0.33251953
v 0.20645142 0.21980286 -0.39346313
v 0.22686768 0.22593689 -0.38717651
v 0.27447510 0.22775269 -0.37081909
v 0.28851318 0.22773743 -0.38601685
v 0.32601929 0.22769165 -0.34426880
v 0.32125854 0.22583008 -0.36059570
v 0.19088745 0.22775269 -0.41275024
v 0.16394043 0.22593689 -0.41790771
v 0.29467773 0.22589111 -0.39077759
v 0.20549011 0.22766113 -0.42611694
v 0.29541016 0.21736145 -0.39141846
v 0.32907104 0.21757507 -0.35317993
v 0.26037598 0.22586060 -0.40762329
v 0.29309082 0.19302368 -0.38702393
v 0.25720215 0.21778870 -0.41006470
v 0.27496338 0.15290833 -0.38751221
v 0.28771973 0.14245605 -0.37872314
v 0.21409607 0.21684265 -0.43096924
v 0.21815491 0.22587585 -0.42819214
v 0.17510986 0.22589111 -0.45050049
v 0.12709045 0.22801208 -0.46716309
v 0.21131897 0.15525818 -0.41873169
v 0.26428223 0.12088776 -0.38543701
v 0.11652374 0.22784424 -0.44802856
v 0.21241760 0.12049103 -0.41049194
v 0.22817993 0.08312988 -0.38644409
v 0.20292664 0.06122589 -0.38861084
v 0.18385315 0.17317200 -0.43710327
v 0.17524719 0.05799866 -0.40176392
v 0.19601440 0.01817513 -0.37298584
v 0.15016174 0.00128746 -0.38937378
v 0.17489624 0.12084961 -0.43014526
v 0.16262817 0.09317780 -0.42416382
v 0.14674377 0.14942932 -0.45098877
v 0.17074585 0.21755981 -0.45349121
v 0.12468719 0.12157440 -0.45657349
v 0.12936401 0.21745300 -0.47470093
v 0.12945557 0.22598267 -0.47399902
v 0.07031250 0.21713257 -0.47851562
v 0.09381866 0.22790527 -0.46871948
v 0.04190063 0.22602844 -0.47943115
v 0.04688644 0.22789001 -0.45257568
v 0.11402893 0.22592163 -0.44168091
v 0.12673950 0.16757202 -0.46542358
v 0.07093048 0.16526794 -0.46829224
v 0.07334900 0.12123871 -0.45962524
v 0.10313416 0.08799744 -0.44461060
v 0.11320496 0.22000122 -0.43832397
v 0.04583359 0.21969604 -0.44241333
v 0.15472412 0.21943665 -0.41824341
v 0.11022186 0.17404175 -0.42687988
v 0.07107544 0.17686462 -0.43014526
v 0.15631104 0.17076111 -0.40408325
v 0.18806458 0.17431641 -0.38931274
v 0.25500488 0.13980103 -0.34658813
v 0.17048645 0.13955688 -0.38800049
v 0.21154785 0.11320496 -0.35580444
v 0.10764313 0.13801575 -0.41775513
v 0.02935028 0.13897705 -0.42282104
v 0.13783264 0.08723450 -0.37924194
v 0.19390869 0.08552551 -0.35119629
v 0.10185242 0.08814240 -0.39700317
v 0.05698013 0.11508942 -0.41122437
v 0.12063599 0.04273605 -0.36886597
v 0.18437195 0.04274750 -0.33767700
v 0.16175842 0.02675247 -0.33612061
v 0.08930206 0.00403881 -0.35455322
v 0.09682465 0.04211807 -0.38018799
v 0.04708862 0.02246094 -0.36920166
v 0.06434631 0.06032181 -0.38891602
v 0.13398743 -0.06157303 -0.35934448
v 0.10438538 -0.06098175 -0.37551880
v 0.10963440 -0.03322601 -0.39505005
v 0.07360840 -0.03318405 -0.39770508
v 0.11263275 -0.00202203 -0.40731812
v 0.06230164 -0.01965332 -0.40371704
v 0.07450104 0.01497269 -0.41690063
v 0.18568420 -0.03277588 -0.35501099
v 0.11823273 0.05434036 -0.42984009
v 0.07864380 0.05473709 -0.43255615
v 0.13867188 0.09011841 -0.43557739
v -0.00153768 0.16415405 -0.43142700
v -0.02561378 0.18687439 -0.43899536
v 0.03516006 0.19674683 -0.43701172
v 0.07107544 0.17686462 -0.43014526
v 0.11022186 0.17404175 -0.42687988
v -0.01629066 0.21965027 -0.44674683
v 0.04583359 0.21969604 -0.44241333
v 0.11320496 0.22000122 -0.43832397
v 0.03683472 0.22589111 -0.44644165
v 0.11402893 0.22592163 -0.44168091
v 0.01550198 0.22763062 -0.45486450

# 2644 UV coordinates
vt 0.24707031 0.92675781 0.00000000
vt 0.24047852 0.93383789 0.00000000
vt 0.24389648 0.92553711 0.00000000
vt 0.24121094 0.94116211 0.00000000
vt 0.25122070 0.92724609 0.00000000
vt 0.22851562 0.92114258 0.00000000
vt 0.21704102 0.93237305 0.00000000
vt 0.20336914 0.92163086 0.00000000
vt 0.24975586 0.91040039 0.00000000
vt 0.24633789 0.90429688 0.00000000
vt 0.25512695 0.89697266 0.00000000
vt 0.25244141 0.89135742 0.00000000
vt 0.20654297 0.91333008 0.00000000
vt 0.19970703 0.91040039 0.00000000
vt 0.24121094 0.88745117 0.00000000
vt 0.24951172 0.88793945 0.00000000
vt 0.25732422 0.87792969 0.00000000
vt 0.21777344 0.89819336 0.00000000
vt 0.20922852 0.89770508 0.00000000
vt 0.22680664 0.88061523 0.00000000
vt 0.20385742 0.88647461 0.00000000
vt 0.21508789 0.87597656 0.00000000
vt 0.18847656 0.90283203 0.00000000
vt 0.18261719 0.91748047 0.00000000
vt 0.17626953 0.90258789 0.00000000
vt 0.19873047 0.87255859 0.00000000
vt 0.17553711 0.88720703 0.00000000
vt 0.16040039 0.90893555 0.00000000
vt 0.16552734 0.89550781 0.00000000
vt 0.18725586 0.88085938 0.00000000
vt 0.19409180 0.86645508 0.00000000
vt 0.17114258 0.86254883 0.00000000
vt 0.15454102 0.87280273 0.00000000
vt 0.18041992 0.86279297 0.00000000
vt 0.16137695 0.83715820 0.00000000
vt 0.15747070 0.85668945 0.00000000
vt 0.17089844 0.82006836 0.00000000
vt 0.18725586 0.82958984 0.00000000
vt 0.19042969 0.84790039 0.00000000
vt 0.19995117 0.83300781 0.00000000
vt 0.19140625 0.81298828 0.00000000
vt 0.17211914 0.80883789 0.00000000
vt 0.21655273 0.83740234 0.00000000
vt 0.21582031 0.85131836 0.00000000
vt 0.21801758 0.81787109 0.00000000
vt 0.22827148 0.84082031 0.00000000
vt 0.22070312 0.85986328 0.00000000
vt 0.23828125 0.86962891 0.00000000
vt 0.20556641 0.81933594 0.00000000
vt 0.21484375 0.80078125 0.00000000
vt 0.23608398 0.80517578 0.00000000
vt 0.25268555 0.86206055 0.00000000
vt 0.20117188 0.79541016 0.00000000
vt 0.25659180 0.86816406 0.00000000
vt 0.24633789 0.84936523 0.00000000
vt 0.26367188 0.85449219 0.00000000
vt 0.26635742 0.85620117 0.00000000
vt 0.26879883 0.85913086 0.00000000
vt 0.23657227 0.84497070 0.00000000
vt 0.26489258 0.84716797 0.00000000
vt 0.26904297 0.84570312 0.00000000
vt 0.27319336 0.84350586 0.00000000
vt 0.23291016 0.82080078 0.00000000
vt 0.25708008 0.83032227 0.00000000
vt 0.27026367 0.82812500 0.00000000
vt 0.25585938 0.81274414 0.00000000
vt 0.27416992 0.82861328 0.00000000
vt 0.27343750 0.81909180 0.00000000
vt 0.27612305 0.80639648 0.00000000
vt 0.27832031 0.81372070 0.00000000
vt 0.27856445 0.82470703 0.00000000
vt 0.28295898 0.84008789 0.00000000
vt 0.28027344 0.79980469 0.00000000
vt 0.27709961 0.78784180 0.00000000
vt 0.26416016 0.79028320 0.00000000
vt 0.28149414 0.81372070 0.00000000
vt 0.28662109 0.79370117 0.00000000
vt 0.29052734 0.81494141 0.00000000
vt 0.29492188 0.80346680 0.00000000
vt 0.24169922 0.79638672 0.00000000
vt 0.24755859 0.77685547 0.00000000
vt 0.24072266 0.78686523 0.00000000
vt 0.22949219 0.78686523 0.00000000
vt 0.21362305 0.78857422 0.00000000
vt 0.22192383 0.77832031 0.00000000
vt 0.19970703 0.77807617 0.00000000
vt 0.19091797 0.79345703 0.00000000
vt 0.17968750 0.77343750 0.00000000
vt 0.18652344 0.80224609 0.00000000
vt 0.17651367 0.79028320 0.00000000
vt 0.16381836 0.78466797 0.00000000
vt 0.83398438 0.11083984 0.00000000
vt 0.83300781 0.12255859 0.00000000
vt 0.82421875 0.12792969 0.00000000
vt 0.79687500 0.11816406 0.00000000
vt 0.80834961 0.09887695 0.00000000
vt 0.81665039 0.14672852 0.00000000
vt 0.80908203 0.14477539 0.00000000
vt 0.78051758 0.13183594 0.00000000
vt 0.77734375 0.10766602 0.00000000
vt 0.76879883 0.12402344 0.00000000
vt 0.78027344 0.16284180 0.00000000
vt 0.80249023 0.16308594 0.00000000
vt 0.83007812 0.13354492 0.00000000
vt 0.84423828 0.10620117 0.00000000
vt 0.80053711 0.17749023 0.00000000
vt 0.81542969 0.15991211 0.00000000
vt 0.84033203 0.14550781 0.00000000
vt 0.86035156 0.11962891 0.00000000
vt 0.80346680 0.18115234 0.00000000
vt 0.84301758 0.15112305 0.00000000
vt 0.85473633 0.14062500 0.00000000
vt 0.81323242 0.18774414 0.00000000
vt 0.82934570 0.17309570 0.00000000
vt 0.84277344 0.15991211 0.00000000
vt 0.88378906 0.16748047 0.00000000
vt 0.88330078 0.13867188 0.00000000
vt 0.86303711 0.18725586 0.00000000
vt 0.79687500 0.22436523 0.00000000
vt 0.81494141 0.19116211 0.00000000
vt 0.82031250 0.19018555 0.00000000
vt 0.83691406 0.18847656 0.00000000
vt 0.80761719 0.22753906 0.00000000
vt 0.82592773 0.19604492 0.00000000
vt 0.85083008 0.21118164 0.00000000
vt 0.86206055 0.21948242 0.00000000
vt 0.88378906 0.19750977 0.00000000
vt 0.87060547 0.22607422 0.00000000
vt 0.84399414 0.22656250 0.00000000
vt 0.85327148 0.24682617 0.00000000
vt 0.81298828 0.23095703 0.00000000
vt 0.79907227 0.24267578 0.00000000
vt 0.83471680 0.24853516 0.00000000
vt 0.81811523 0.27661133 0.00000000
vt 0.85351562 0.26196289 0.00000000
vt 0.87475586 0.24658203 0.00000000
vt 0.83081055 0.28710938 0.00000000
vt 0.85742188 0.27270508 0.00000000
vt 0.86035156 0.28881836 0.00000000
vt 0.87866211 0.25512695 0.00000000
vt 0.83886719 0.28833008 0.00000000
vt 0.83789062 0.29931641 0.00000000
vt 0.81005859 0.29101562 0.00000000
vt 0.82397461 0.29809570 0.00000000
vt 0.78491211 0.27783203 0.00000000
vt 0.77709961 0.26904297 0.00000000
vt 0.77880859 0.28417969 0.00000000
vt 0.77539062 0.26635742 0.00000000
vt 0.77099609 0.27783203 0.00000000
vt 0.77050781 0.26684570 0.00000000
vt 0.78466797 0.25073242 0.00000000
vt 0.76464844 0.25732422 0.00000000
vt 0.78125000 0.22070312 0.00000000
vt 0.75561523 0.27563477 0.00000000
vt 0.75708008 0.25830078 0.00000000
vt 0.75122070 0.27368164 0.00000000
vt 0.74804688 0.27319336 0.00000000
vt 0.78076172 0.20703125 0.00000000
vt 0.76684570 0.23583984 0.00000000
vt 0.75317383 0.25805664 0.00000000
vt 0.72729492 0.26269531 0.00000000
vt 0.71997070 0.24902344 0.00000000
vt 0.75952148 0.23706055 0.00000000
vt 0.74291992 0.23608398 0.00000000
vt 0.71215820 0.23754883 0.00000000
vt 0.76757812 0.21850586 0.00000000
vt 0.72290039 0.21289062 0.00000000
vt 0.70117188 0.21484375 0.00000000
vt 0.69750977 0.22973633 0.00000000
vt 0.68237305 0.21948242 0.00000000
vt 0.67407227 0.20141602 0.00000000
vt 0.69531250 0.19189453 0.00000000
vt 0.68530273 0.17407227 0.00000000
vt 0.69848633 0.17431641 0.00000000
vt 0.72534180 0.18334961 0.00000000
vt 0.70336914 0.14843750 0.00000000
vt 0.72314453 0.14843750 0.00000000
vt 0.74609375 0.14428711 0.00000000
vt 0.73266602 0.13793945 0.00000000
vt 0.75415039 0.11816406 0.00000000
vt 0.75561523 0.15014648 0.00000000
vt 0.74511719 0.16821289 0.00000000
vt 0.73266602 0.18920898 0.00000000
vt 0.75830078 0.17626953 0.00000000
vt 0.74829102 0.19458008 0.00000000
vt 0.77856445 0.17675781 0.00000000
vt 0.77148438 0.20727539 0.00000000
vt 0.79614258 0.17456055 0.00000000
vt 0.26391602 0.92749023 0.00000000
vt 0.25463867 0.94750977 0.00000000
vt 0.26806641 0.89208984 0.00000000
vt 0.27734375 0.86474609 0.00000000
vt 0.28027344 0.86791992 0.00000000
vt 0.28320312 0.85083008 0.00000000
vt 0.27172852 0.90161133 0.00000000
vt 0.28857422 0.83251953 0.00000000
vt 0.27368164 0.90649414 0.00000000
vt 0.29370117 0.81372070 0.00000000
vt 0.29882812 0.80004883 0.00000000
vt 0.29687500 0.81347656 0.00000000
vt 0.26782227 0.92749023 0.00000000
vt 0.26782227 0.94360352 0.00000000
vt 0.28027344 0.93261719 0.00000000
vt 0.29077148 0.83666992 0.00000000
vt 0.30737305 0.81323242 0.00000000
vt 0.30615234 0.80493164 0.00000000
vt 0.28320312 0.86376953 0.00000000
vt 0.30346680 0.85400391 0.00000000
vt 0.31884766 0.85253906 0.00000000
vt 0.33227539 0.81005859 0.00000000
vt 0.34350586 0.81494141 0.00000000
vt 0.33300781 0.84326172 0.00000000
vt 0.34765625 0.84228516 0.00000000
vt 0.35351562 0.81933594 0.00000000
vt 0.33789062 0.86499023 0.00000000
vt 0.36230469 0.85473633 0.00000000
vt 0.37060547 0.82543945 0.00000000
vt 0.31494141 0.86987305 0.00000000
vt 0.38037109 0.86108398 0.00000000
vt 0.38256836 0.83056641 0.00000000
vt 0.39208984 0.86279297 0.00000000
vt 0.40112305 0.83984375 0.00000000
vt 0.38134766 0.88964844 0.00000000
vt 0.36865234 0.88696289 0.00000000
vt 0.36499023 0.91723633 0.00000000
vt 0.35888672 0.88330078 0.00000000
vt 0.35180664 0.88012695 0.00000000
vt 0.35522461 0.91186523 0.00000000
vt 0.34887695 0.94873047 0.00000000
vt 0.34765625 0.91210938 0.00000000
vt 0.33569336 0.87744141 0.00000000
vt 0.33837891 0.94335938 0.00000000
vt 0.33789062 0.95654297 0.00000000
vt 0.32031250 0.94165039 0.00000000
vt 0.33227539 0.90112305 0.00000000
vt 0.32617188 0.92504883 0.00000000
vt 0.32348633 0.90942383 0.00000000
vt 0.29931641 0.93432617 0.00000000
vt 0.29785156 0.95312500 0.00000000
vt 0.31152344 0.89550781 0.00000000
vt 0.29003906 0.92114258 0.00000000
vt 0.30444336 0.88940430 0.00000000
vt 0.29882812 0.86645508 0.00000000
vt 0.28759766 0.89086914 0.00000000
vt 0.28344727 0.87304688 0.00000000
vt 0.27856445 0.89086914 0.00000000
vt 0.84106445 0.04125977 0.00000000
vt 0.82055664 0.05761719 0.00000000
vt 0.81469727 0.04052734 0.00000000
vt 0.83056641 0.02441406 0.00000000
vt 0.81860352 0.06982422 0.00000000
vt 0.83837891 0.06469727 0.00000000
vt 0.85522461 0.05932617 0.00000000
vt 0.85327148 0.08251953 0.00000000
vt 0.83471680 0.08837891 0.00000000
vt 0.85742188 0.04467773 0.00000000
vt 0.85424805 0.03002930 0.00000000
vt 0.86376953 0.03906250 0.00000000
vt 0.86865234 0.07617188 0.00000000
vt 0.88793945 0.03515625 0.00000000
vt 0.86303711 0.08959961 0.00000000
vt 0.84521484 0.10058594 0.00000000
vt 0.88183594 0.06005859 0.00000000
vt 0.87744141 0.07397461 0.00000000
vt 0.88281250 0.09399414 0.00000000
vt 0.86572266 0.10766602 0.00000000
vt 0.85742188 0.11425781 0.00000000
vt 0.87426758 0.10107422 0.00000000
vt 0.88427734 0.11425781 0.00000000
vt 0.86767578 0.12475586 0.00000000
vt 0.89208984 0.10644531 0.00000000
vt 0.88769531 0.13330078 0.00000000
vt 0.89721680 0.12744141 0.00000000
vt 0.88989258 0.14819336 0.00000000
vt 0.90576172 0.12182617 0.00000000
vt 0.91503906 0.13842773 0.00000000
vt 0.89550781 0.15380859 0.00000000
vt 0.91113281 0.14843750 0.00000000
vt 0.92480469 0.14453125 0.00000000
vt 0.90209961 0.16064453 0.00000000
vt 0.93286133 0.12377930 0.00000000
vt 0.91284180 0.11499023 0.00000000
vt 0.94555664 0.13037109 0.00000000
vt 0.91943359 0.15625000 0.00000000
vt 0.91259766 0.16210938 0.00000000
vt 0.92211914 0.16674805 0.00000000
vt 0.91845703 0.18017578 0.00000000
vt 0.93090820 0.16967773 0.00000000
vt 0.92895508 0.17431641 0.00000000
vt 0.92822266 0.14916992 0.00000000
vt 0.93579102 0.14306641 0.00000000
vt 0.94262695 0.16015625 0.00000000
vt 0.94018555 0.16503906 0.00000000
vt 0.93261719 0.17382812 0.00000000
vt 0.92163086 0.18286133 0.00000000
vt 0.93334961 0.18359375 0.00000000
vt 0.94580078 0.16333008 0.00000000
vt 0.96386719 0.17358398 0.00000000
vt 0.95141602 0.15600586 0.00000000
vt 0.96044922 0.15136719 0.00000000
vt 0.95776367 0.14746094 0.00000000
vt 0.95434570 0.14990234 0.00000000
vt 0.94970703 0.15429688 0.00000000
vt 0.94921875 0.14208984 0.00000000
vt 0.94750977 0.13330078 0.00000000
vt 0.95605469 0.12963867 0.00000000
vt 0.95507812 0.12548828 0.00000000
vt 0.93896484 0.11889648 0.00000000
vt 0.95117188 0.11279297 0.00000000
vt 0.96484375 0.10668945 0.00000000
vt 0.95922852 0.09497070 0.00000000
vt 0.92895508 0.10229492 0.00000000
vt 0.95654297 0.08862305 0.00000000
vt 0.96289062 0.08300781 0.00000000
vt 0.92382812 0.09375000 0.00000000
vt 0.90942383 0.09301758 0.00000000
vt 0.94555664 0.06298828 0.00000000
vt 0.96459961 0.05566406 0.00000000
vt 0.93432617 0.07885742 0.00000000
vt 0.96240234 0.04150391 0.00000000
vt 0.91723633 0.08178711 0.00000000
vt 0.92822266 0.06103516 0.00000000
vt 0.94238281 0.05346680 0.00000000
vt 0.95629883 0.01928711 0.00000000
vt 0.93261719 0.03881836 0.00000000
vt 0.91088867 0.07104492 0.00000000
vt 0.92260742 0.04858398 0.00000000
vt 0.90722656 0.06518555 0.00000000
vt 0.88940430 0.08886719 0.00000000
vt 0.91308594 0.04101562 0.00000000
vt 0.92626953 0.02783203 0.00000000
vt 0.90087891 0.05517578 0.00000000
vt 0.90161133 0.03979492 0.00000000
vt 0.89794922 0.03027344 0.00000000
vt 0.85351562 0.43969727 0.00000000
vt 0.87280273 0.41503906 0.00000000
vt 0.87548828 0.43603516 0.00000000
vt 0.88623047 0.40991211 0.00000000
vt 0.83691406 0.44458008 0.00000000
vt 0.84057617 0.42724609 0.00000000
vt 0.83959961 0.46118164 0.00000000
vt 0.81542969 0.45043945 0.00000000
vt 0.86596680 0.45532227 0.00000000
vt 0.87817383 0.45141602 0.00000000
vt 0.88452148 0.43286133 0.00000000
vt 0.80810547 0.47705078 0.00000000
vt 0.79833984 0.45776367 0.00000000
vt 0.78735352 0.46484375 0.00000000
vt 0.79028320 0.48559570 0.00000000
vt 0.77368164 0.49267578 0.00000000
vt 0.87963867 0.47509766 0.00000000
vt 0.88940430 0.47412109 0.00000000
vt 0.88403320 0.49072266 0.00000000
vt 0.87109375 0.49414062 0.00000000
vt 0.86376953 0.48120117 0.00000000
vt 0.84814453 0.48413086 0.00000000
vt 0.88500977 0.50048828 0.00000000
vt 0.85327148 0.49682617 0.00000000
vt 0.85205078 0.50976562 0.00000000
vt 0.83105469 0.47460938 0.00000000
vt 0.83837891 0.50366211 0.00000000
vt 0.82788086 0.49243164 0.00000000
vt 0.81640625 0.49633789 0.00000000
vt 0.82470703 0.51806641 0.00000000
vt 0.81445312 0.51464844 0.00000000
vt 0.80126953 0.50537109 0.00000000
vt 0.80859375 0.52636719 0.00000000
vt 0.78857422 0.51440430 0.00000000
vt 0.78198242 0.50415039 0.00000000
vt 0.75341797 0.51269531 0.00000000
vt 0.77758789 0.51708984 0.00000000
vt 0.78515625 0.53955078 0.00000000
vt 0.79956055 0.53271484 0.00000000
vt 0.79809570 0.55639648 0.00000000
vt 0.81689453 0.54614258 0.00000000
vt 0.80688477 0.55249023 0.00000000
vt 0.80761719 0.57592773 0.00000000
vt 0.79736328 0.56835938 0.00000000
vt 0.81445312 0.57275391 0.00000000
vt 0.82519531 0.56640625 0.00000000
vt 0.81396484 0.57666016 0.00000000
vt 0.80468750 0.58276367 0.00000000
vt 0.80737305 0.58471680 0.00000000
vt 0.82739258 0.56860352 0.00000000
vt 0.82714844 0.57202148 0.00000000
vt 0.81689453 0.60205078 0.00000000
vt 0.83911133 0.55859375 0.00000000
vt 0.83251953 0.58740234 0.00000000
vt 0.83789062 0.63232422 0.00000000
vt 0.85961914 0.59277344 0.00000000
vt 0.88281250 0.64770508 0.00000000
vt 0.90576172 0.60351562 0.00000000
vt 0.84204102 0.57397461 0.00000000
vt 0.88037109 0.58007812 0.00000000
vt 0.90649414 0.56005859 0.00000000
vt 0.85131836 0.56811523 0.00000000
vt 0.84179688 0.56347656 0.00000000
vt 0.87866211 0.55468750 0.00000000
vt 0.89770508 0.54833984 0.00000000
vt 0.86035156 0.55932617 0.00000000
vt 0.84008789 0.56127930 0.00000000
vt 0.85986328 0.55615234 0.00000000
vt 0.89697266 0.54565430 0.00000000
vt 0.90698242 0.54956055 0.00000000
vt 0.89648438 0.54321289 0.00000000
vt 0.87548828 0.55297852 0.00000000
vt 0.88134766 0.54809570 0.00000000
vt 0.86499023 0.55224609 0.00000000
vt 0.85498047 0.55371094 0.00000000
vt 0.87280273 0.52685547 0.00000000
vt 0.88745117 0.52197266 0.00000000
vt 0.89428711 0.52075195 0.00000000
vt 0.88696289 0.51220703 0.00000000
vt 0.85986328 0.53002930 0.00000000
vt 0.87060547 0.52075195 0.00000000
vt 0.85839844 0.51684570 0.00000000
vt 0.89770508 0.50561523 0.00000000
vt 0.84863281 0.53295898 0.00000000
vt 0.84326172 0.52319336 0.00000000
vt 0.83251953 0.53808594 0.00000000
vt 0.82714844 0.52416992 0.00000000
vt 0.44311523 0.19384766 0.00000000
vt 0.45434570 0.17529297 0.00000000
vt 0.47265625 0.18896484 0.00000000
vt 0.46655273 0.16064453 0.00000000
vt 0.48706055 0.16601562 0.00000000
vt 0.43627930 0.16943359 0.00000000
vt 0.45361328 0.15429688 0.00000000
vt 0.47924805 0.13305664 0.00000000
vt 0.46606445 0.12622070 0.00000000
vt 0.47363281 0.11499023 0.00000000
vt 0.44726562 0.15039062 0.00000000
vt 0.46240234 0.12402344 0.00000000
vt 0.46923828 0.10693359 0.00000000
vt 0.42309570 0.15405273 0.00000000
vt 0.41821289 0.17456055 0.00000000
vt 0.40576172 0.16406250 0.00000000
vt 0.42871094 0.14404297 0.00000000
vt 0.43945312 0.11279297 0.00000000
vt 0.44775391 0.10131836 0.00000000
vt 0.47827148 0.07617188 0.00000000
vt 0.46313477 0.06884766 0.00000000
vt 0.42675781 0.13208008 0.00000000
vt 0.41723633 0.13500977 0.00000000
vt 0.40185547 0.16064453 0.00000000
vt 0.38696289 0.14843750 0.00000000
vt 0.42138672 0.11499023 0.00000000
vt 0.39648438 0.12353516 0.00000000
vt 0.37670898 0.14013672 0.00000000
vt 0.42919922 0.10766602 0.00000000
vt 0.40478516 0.10815430 0.00000000
vt 0.38378906 0.11425781 0.00000000
vt 0.37060547 0.10888672 0.00000000
vt 0.36767578 0.13232422 0.00000000
vt 0.38964844 0.09667969 0.00000000
vt 0.36035156 0.12622070 0.00000000
vt 0.40869141 0.10278320 0.00000000
vt 0.39892578 0.09277344 0.00000000
vt 0.41699219 0.10156250 0.00000000
vt 0.34838867 0.09643555 0.00000000
vt 0.37817383 0.09545898 0.00000000
vt 0.38354492 0.08544922 0.00000000
vt 0.36157227 0.07250977 0.00000000
vt 0.38623047 0.07568359 0.00000000
vt 0.35668945 0.08154297 0.00000000
vt 0.35180664 0.09033203 0.00000000
vt 0.34716797 0.09350586 0.00000000
vt 0.34106445 0.10449219 0.00000000
vt 0.32250977 0.10473633 0.00000000
vt 0.34277344 0.10620117 0.00000000
vt 0.33813477 0.11157227 0.00000000
vt 0.33886719 0.11352539 0.00000000
vt 0.40112305 0.06982422 0.00000000
vt 0.41503906 0.07617188 0.00000000
vt 0.41796875 0.08911133 0.00000000
vt 0.42382812 0.09765625 0.00000000
vt 0.43994141 0.08154297 0.00000000
vt 0.44384766 0.07031250 0.00000000
vt 0.51757812 0.64721680 0.00000000
vt 0.51513672 0.64257812 0.00000000
vt 0.52783203 0.63916016 0.00000000
vt 0.51635742 0.63769531 0.00000000
vt 0.50170898 0.64941406 0.00000000
vt 0.51635742 0.67651367 0.00000000
vt 0.52954102 0.67016602 0.00000000
vt 0.52001953 0.69726562 0.00000000
vt 0.48657227 0.65136719 0.00000000
vt 0.48535156 0.64697266 0.00000000
vt 0.49267578 0.64135742 0.00000000
vt 0.49194336 0.62890625 0.00000000
vt 0.47338867 0.64282227 0.00000000
vt 0.46215820 0.64819336 0.00000000
vt 0.51196289 0.62744141 0.00000000
vt 0.52246094 0.62500000 0.00000000
vt 0.51440430 0.62304688 0.00000000
vt 0.48583984 0.62500000 0.00000000
vt 0.46875000 0.63061523 0.00000000
vt 0.45703125 0.64355469 0.00000000
vt 0.44628906 0.62597656 0.00000000
vt 0.43286133 0.63720703 0.00000000
vt 0.44580078 0.64843750 0.00000000
vt 0.44506836 0.65454102 0.00000000
vt 0.46362305 0.65380859 0.00000000
vt 0.46630859 0.66772461 0.00000000
vt 0.43481445 0.66430664 0.00000000
vt 0.44775391 0.69189453 0.00000000
vt 0.49047852 0.67407227 0.00000000
vt 0.46728516 0.69189453 0.00000000
vt 0.46630859 0.70996094 0.00000000
vt 0.43383789 0.71679688 0.00000000
vt 0.43432617 0.72534180 0.00000000
vt 0.47875977 0.70800781 0.00000000
vt 0.49804688 0.70434570 0.00000000
vt 0.50488281 0.73242188 0.00000000
vt 0.51904297 0.70410156 0.00000000
vt 0.53515625 0.70800781 0.00000000
vt 0.53784180 0.71899414 0.00000000
vt 0.52124023 0.72753906 0.00000000
vt 0.53222656 0.72924805 0.00000000
vt 0.52026367 0.75781250 0.00000000
vt 0.53784180 0.76586914 0.00000000
vt 0.52075195 0.77392578 0.00000000
vt 0.53540039 0.79077148 0.00000000
vt 0.52148438 0.79077148 0.00000000
vt 0.52709961 0.80712891 0.00000000
vt 0.50366211 0.79370117 0.00000000
vt 0.51220703 0.81176758 0.00000000
vt 0.50292969 0.77954102 0.00000000
vt 0.50000000 0.75585938 0.00000000
vt 0.47973633 0.79663086 0.00000000
vt 0.47949219 0.81469727 0.00000000
vt 0.46337891 0.80175781 0.00000000
vt 0.47802734 0.77392578 0.00000000
vt 0.47412109 0.75292969 0.00000000
vt 0.45825195 0.78417969 0.00000000
vt 0.45898438 0.76782227 0.00000000
vt 0.45849609 0.75585938 0.00000000
vt 0.44506836 0.73339844 0.00000000
vt 0.43676758 0.74511719 0.00000000
vt 0.44750977 0.75561523 0.00000000
vt 0.43969727 0.76806641 0.00000000
vt 0.43261719 0.77075195 0.00000000
vt 0.44360352 0.79028320 0.00000000
vt 0.43432617 0.79858398 0.00000000
vt 0.44287109 0.80981445 0.00000000
vt 0.45874023 0.82250977 0.00000000
vt 0.42260742 0.81884766 0.00000000
vt 0.44409180 0.82592773 0.00000000
vt 0.51416016 0.61938477 0.00000000
vt 0.53076172 0.61499023 0.00000000
vt 0.48364258 0.62036133 0.00000000
vt 0.50976562 0.60034180 0.00000000
vt 0.52416992 0.60180664 0.00000000
vt 0.50952148 0.57373047 0.00000000
vt 0.48168945 0.60156250 0.00000000
vt 0.44848633 0.62353516 0.00000000
vt 0.44433594 0.61889648 0.00000000
vt 0.45361328 0.61962891 0.00000000
vt 0.43896484 0.61010742 0.00000000
vt 0.45336914 0.59985352 0.00000000
vt 0.44750977 0.57226562 0.00000000
vt 0.43139648 0.56787109 0.00000000
vt 0.48486328 0.57177734 0.00000000
vt 0.51171875 0.55664062 0.00000000
vt 0.43212891 0.54028320 0.00000000
vt 0.47558594 0.54101562 0.00000000
vt 0.44799805 0.54858398 0.00000000
vt 0.51123047 0.54125977 0.00000000
vt 0.46459961 0.54858398 0.00000000
vt 0.45922852 0.53906250 0.00000000
vt 0.48754883 0.51464844 0.00000000
vt 0.51196289 0.51489258 0.00000000
vt 0.51196289 0.49511719 0.00000000
vt 0.46997070 0.51416016 0.00000000
vt 0.47338867 0.49267578 0.00000000
vt 0.50952148 0.46582031 0.00000000
vt 0.46630859 0.47070312 0.00000000
vt 0.45336914 0.51269531 0.00000000
vt 0.43579102 0.48242188 0.00000000
vt 0.43603516 0.46459961 0.00000000
vt 0.43432617 0.50048828 0.00000000
vt 0.42578125 0.49047852 0.00000000
vt 0.41235352 0.45239258 0.00000000
vt 0.43457031 0.51049805 0.00000000
vt 0.42211914 0.50659180 0.00000000
vt 0.43359375 0.52050781 0.00000000
vt 0.91113281 0.85351562 0.00000000
vt 0.92675781 0.83935547 0.00000000
vt 0.93872070 0.87915039 0.00000000
vt 0.91845703 0.87817383 0.00000000
vt 0.90673828 0.85815430 0.00000000
vt 0.93457031 0.91601562 0.00000000
vt 0.89916992 0.89453125 0.00000000
vt 0.88818359 0.86962891 0.00000000
vt 0.87500000 0.87915039 0.00000000
vt 0.87670898 0.90063477 0.00000000
vt 0.86328125 0.88696289 0.00000000
vt 0.85424805 0.89477539 0.00000000
vt 0.89184570 0.91796875 0.00000000
vt 0.86718750 0.92260742 0.00000000
vt 0.91479492 0.92456055 0.00000000
vt 0.89721680 0.93115234 0.00000000
vt 0.91601562 0.93725586 0.00000000
vt 0.94653320 0.95092773 0.00000000
vt 0.89746094 0.94628906 0.00000000
vt 0.87524414 0.94165039 0.00000000
vt 0.91210938 0.95483398 0.00000000
vt 0.93408203 0.95947266 0.00000000
vt 0.95385742 0.96777344 0.00000000
vt 0.90283203 0.96826172 0.00000000
vt 0.92504883 0.97973633 0.00000000
vt 0.88281250 0.96972656 0.00000000
vt 0.89184570 0.98754883 0.00000000
vt 0.87158203 0.97705078 0.00000000
vt 0.85009766 0.96289062 0.00000000
vt 0.85522461 0.99072266 0.00000000
vt 0.85571289 1.00000000 0.00000000
vt 0.85229492 0.97607422 0.00000000
vt 0.85424805 0.99072266 0.00000000
vt 0.84814453 0.96484375 0.00000000
vt 0.85034180 0.99609375 0.00000000
vt 0.83422852 0.98559570 0.00000000
vt 0.84497070 0.95214844 0.00000000
vt 0.80639648 1.00000000 0.00000000
vt 0.77587891 0.96435547 0.00000000
vt 0.81811523 0.94702148 0.00000000
vt 0.84790039 0.95239258 0.00000000
vt 0.83374023 0.93115234 0.00000000
vt 0.78588867 0.92529297 0.00000000
vt 0.81347656 0.92773438 0.00000000
vt 0.81591797 0.90576172 0.00000000
vt 0.82446289 0.90795898 0.00000000
vt 0.83789062 0.93310547 0.00000000
vt 0.83227539 0.92114258 0.00000000
vt 0.82641602 0.90771484 0.00000000
vt 0.85424805 0.93286133 0.00000000
vt 0.99194336 0.51782227 0.00000000
vt 0.97119141 0.51782227 0.00000000
vt 0.97265625 0.48925781 0.00000000
vt 0.32397461 0.25415039 0.00000000
vt 0.33642578 0.25952148 0.00000000
vt 0.32250977 0.28491211 0.00000000
vt 0.32666016 0.24121094 0.00000000
vt 0.33789062 0.24536133 0.00000000
vt 0.31640625 0.25097656 0.00000000
vt 0.30810547 0.26904297 0.00000000
vt 0.34252930 0.22973633 0.00000000
vt 0.35302734 0.24951172 0.00000000
vt 0.31884766 0.23779297 0.00000000
vt 0.29980469 0.24414062 0.00000000
vt 0.29296875 0.25659180 0.00000000
vt 0.33178711 0.22705078 0.00000000
vt 0.34619141 0.21337891 0.00000000
vt 0.35961914 0.22216797 0.00000000
vt 0.32299805 0.22485352 0.00000000
vt 0.29296875 0.24145508 0.00000000
vt 0.27661133 0.25170898 0.00000000
vt 0.30151367 0.23388672 0.00000000
vt 0.31176758 0.22265625 0.00000000
vt 0.32519531 0.21679688 0.00000000
vt 0.30419922 0.21972656 0.00000000
vt 0.28125000 0.24243164 0.00000000
vt 0.27026367 0.24536133 0.00000000
vt 0.28344727 0.23779297 0.00000000
vt 0.36450195 0.20410156 0.00000000
vt 0.35131836 0.20239258 0.00000000
vt 0.28710938 0.22290039 0.00000000
vt 0.26806641 0.22949219 0.00000000
vt 0.26049805 0.24487305 0.00000000
vt 0.26123047 0.23828125 0.00000000
vt 0.26879883 0.22460938 0.00000000
vt 0.26538086 0.23266602 0.00000000
vt 0.26342773 0.23120117 0.00000000
vt 0.25708008 0.24267578 0.00000000
vt 0.26855469 0.21533203 0.00000000
vt 0.28125000 0.21606445 0.00000000
vt 0.27246094 0.20922852 0.00000000
vt 0.26269531 0.22290039 0.00000000
vt 0.24365234 0.23315430 0.00000000
vt 0.26928711 0.20336914 0.00000000
vt 0.27270508 0.19897461 0.00000000
vt 0.24926758 0.21362305 0.00000000
vt 0.26098633 0.19921875 0.00000000
vt 0.23779297 0.20068359 0.00000000
vt 0.21362305 0.21752930 0.00000000
vt 0.27343750 0.18823242 0.00000000
vt 0.20214844 0.19042969 0.00000000
vt 0.17724609 0.21801758 0.00000000
vt 0.15917969 0.17407227 0.00000000
vt 0.22290039 0.16186523 0.00000000
vt 0.24291992 0.17504883 0.00000000
vt 0.24755859 0.14355469 0.00000000
vt 0.25610352 0.15771484 0.00000000
vt 0.25781250 0.17651367 0.00000000
vt 0.27246094 0.17822266 0.00000000
vt 0.27294922 0.16552734 0.00000000
vt 0.26538086 0.15136719 0.00000000
vt 0.27368164 0.14819336 0.00000000
vt 0.27563477 0.15600586 0.00000000
vt 0.27539062 0.17211914 0.00000000
vt 0.27563477 0.18750000 0.00000000
vt 0.27783203 0.18798828 0.00000000
vt 0.27783203 0.17822266 0.00000000
vt 0.27734375 0.16259766 0.00000000
vt 0.27856445 0.14697266 0.00000000
vt 0.28613281 0.17578125 0.00000000
vt 0.29443359 0.16894531 0.00000000
vt 0.29565430 0.14794922 0.00000000
vt 0.29980469 0.17407227 0.00000000
vt 0.29492188 0.18383789 0.00000000
vt 0.30566406 0.15966797 0.00000000
vt 0.29443359 0.19287109 0.00000000
vt 0.29956055 0.19409180 0.00000000
vt 0.30761719 0.17065430 0.00000000
vt 0.30639648 0.14697266 0.00000000
vt 0.31201172 0.15673828 0.00000000
vt 0.28613281 0.20068359 0.00000000
vt 0.29028320 0.20996094 0.00000000
vt 0.29980469 0.20703125 0.00000000
vt 0.30761719 0.21020508 0.00000000
vt 0.31079102 0.19604492 0.00000000
vt 0.31909180 0.19702148 0.00000000
vt 0.31176758 0.17138672 0.00000000
vt 0.31982422 0.17553711 0.00000000
vt 0.33081055 0.16088867 0.00000000
vt 0.32104492 0.14550781 0.00000000
vt 0.33154297 0.14453125 0.00000000
vt 0.33105469 0.17285156 0.00000000
vt 0.33691406 0.16137695 0.00000000
vt 0.34057617 0.14355469 0.00000000
vt 0.34423828 0.15307617 0.00000000
vt 0.34863281 0.17382812 0.00000000
vt 0.33081055 0.18920898 0.00000000
vt 0.32958984 0.19897461 0.00000000
vt 0.34057617 0.20068359 0.00000000
vt 0.34692383 0.18945312 0.00000000
vt 0.36499023 0.18286133 0.00000000
vt 0.36572266 0.17285156 0.00000000
vt 0.35791016 0.15576172 0.00000000
vt 0.34960938 0.14257812 0.00000000
vt 0.36669922 0.15136719 0.00000000
vt 0.36816406 0.14086914 0.00000000
vt 0.40771484 0.63427734 0.00000000
vt 0.40795898 0.62963867 0.00000000
vt 0.43505859 0.62207031 0.00000000
vt 0.43164062 0.62939453 0.00000000
vt 0.40795898 0.63989258 0.00000000
vt 0.39135742 0.63452148 0.00000000
vt 0.36987305 0.62988281 0.00000000
vt 0.37597656 0.64013672 0.00000000
vt 0.35571289 0.63500977 0.00000000
vt 0.40502930 0.61645508 0.00000000
vt 0.43359375 0.60400391 0.00000000
vt 0.35449219 0.61791992 0.00000000
vt 0.40625000 0.66748047 0.00000000
vt 0.43359375 0.67724609 0.00000000
vt 0.40502930 0.69140625 0.00000000
vt 0.38525391 0.67358398 0.00000000
vt 0.37500000 0.70092773 0.00000000
vt 0.35156250 0.66333008 0.00000000
vt 0.40478516 0.70117188 0.00000000
vt 0.35156250 0.64013672 0.00000000
vt 0.37744141 0.72802734 0.00000000
vt 0.40283203 0.72460938 0.00000000
vt 0.38964844 0.75000000 0.00000000
vt 0.35107422 0.72192383 0.00000000
vt 0.37353516 0.75732422 0.00000000
vt 0.38110352 0.78149414 0.00000000
vt 0.35107422 0.75000000 0.00000000
vt 0.35058594 0.77807617 0.00000000
vt 0.36499023 0.80541992 0.00000000
vt 0.35034180 0.80517578 0.00000000
vt 0.32055664 0.80566406 0.00000000
vt 0.30419922 0.79614258 0.00000000
vt 0.31347656 0.76318359 0.00000000
vt 0.31542969 0.73144531 0.00000000
vt 0.29882812 0.74487305 0.00000000
vt 0.32031250 0.70263672 0.00000000
vt 0.30297852 0.72485352 0.00000000
vt 0.29833984 0.70605469 0.00000000
vt 0.33056641 0.70239258 0.00000000
vt 0.31762695 0.68945312 0.00000000
vt 0.29589844 0.67187500 0.00000000
vt 0.33154297 0.67822266 0.00000000
vt 0.35156250 0.70214844 0.00000000
vt 0.32763672 0.64086914 0.00000000
vt 0.29248047 0.64453125 0.00000000
vt 0.30908203 0.63745117 0.00000000
vt 0.33056641 0.63623047 0.00000000
vt 0.31103516 0.63232422 0.00000000
vt 0.29321289 0.63378906 0.00000000
vt 0.29760742 0.62036133 0.00000000
vt 0.34619141 0.63085938 0.00000000
vt 0.32153320 0.61938477 0.00000000
vt 0.29858398 0.61596680 0.00000000
vt 0.32861328 0.61450195 0.00000000
vt 0.31176758 0.61108398 0.00000000
vt 0.29858398 0.61181641 0.00000000
vt 0.35571289 0.61328125 0.00000000
vt 0.29882812 0.59228516 0.00000000
vt 0.38330078 0.61254883 0.00000000
vt 0.34985352 0.60961914 0.00000000
vt 0.33398438 0.58618164 0.00000000
vt 0.40502930 0.61206055 0.00000000
vt 0.43041992 0.60083008 0.00000000
vt 0.40454102 0.60791016 0.00000000
vt 0.39135742 0.60839844 0.00000000
vt 0.40087891 0.55541992 0.00000000
vt 0.42529297 0.57861328 0.00000000
vt 0.35058594 0.59228516 0.00000000
vt 0.38574219 0.55590820 0.00000000
vt 0.39794922 0.52294922 0.00000000
vt 0.32666016 0.55834961 0.00000000
vt 0.29931641 0.55957031 0.00000000
vt 0.30151367 0.53759766 0.00000000
vt 0.35107422 0.55712891 0.00000000
vt 0.35449219 0.53906250 0.00000000
vt 0.36987305 0.51928711 0.00000000
vt 0.37377930 0.49145508 0.00000000
vt 0.33154297 0.52197266 0.00000000
vt 0.30249023 0.52246094 0.00000000
vt 0.35083008 0.49218750 0.00000000
vt 0.37915039 0.47119141 0.00000000
vt 0.33642578 0.45458984 0.00000000
vt 0.30737305 0.46752930 0.00000000
vt 0.32275391 0.49316406 0.00000000
vt 0.30419922 0.49365234 0.00000000
vt 0.15844727 0.94018555 0.00000000
vt 0.17529297 0.95068359 0.00000000
vt 0.16333008 0.95996094 0.00000000
vt 0.13623047 0.94653320 0.00000000
vt 0.14672852 0.91064453 0.00000000
vt 0.16430664 0.91943359 0.00000000
vt 0.13037109 0.95458984 0.00000000
vt 0.14038086 0.96948242 0.00000000
vt 0.11743164 0.97387695 0.00000000
vt 0.11230469 0.94458008 0.00000000
vt 0.11376953 0.95532227 0.00000000
vt 0.09204102 0.97851562 0.00000000
vt 0.08471680 0.98828125 0.00000000
vt 0.06494141 0.97875977 0.00000000
vt 0.06542969 0.99780273 0.00000000
vt 0.06811523 0.95776367 0.00000000
vt 0.08447266 0.95312500 0.00000000
vt 0.06787109 0.94628906 0.00000000
vt 0.09375000 0.94262695 0.00000000
vt 0.08496094 0.93652344 0.00000000
vt 0.06909180 0.92700195 0.00000000
vt 0.10668945 0.92163086 0.00000000
vt 0.07861328 0.92529297 0.00000000
vt 0.09130859 0.92309570 0.00000000
vt 0.07666016 0.90625000 0.00000000
vt 0.07202148 0.90063477 0.00000000
vt 0.08862305 0.90966797 0.00000000
vt 0.07714844 0.89916992 0.00000000
vt 0.06542969 0.89916992 0.00000000
vt 0.08520508 0.89746094 0.00000000
vt 0.08422852 0.89477539 0.00000000
vt 0.07006836 0.86303711 0.00000000
vt 0.09423828 0.89648438 0.00000000
vt 0.10302734 0.89575195 0.00000000
vt 0.10253906 0.89355469 0.00000000
vt 0.11767578 0.88623047 0.00000000
vt 0.11254883 0.89135742 0.00000000
vt 0.11962891 0.91650391 0.00000000
vt 0.11987305 0.92895508 0.00000000
vt 0.13183594 0.91406250 0.00000000
vt 0.12304688 0.88867188 0.00000000
vt 0.13256836 0.89697266 0.00000000
vt 0.14038086 0.88574219 0.00000000
vt 0.15869141 0.89599609 0.00000000
vt 0.13378906 0.88720703 0.00000000
vt 0.13208008 0.88598633 0.00000000
vt 0.14526367 0.87866211 0.00000000
vt 0.14526367 0.87915039 0.00000000
vt 0.14208984 0.88037109 0.00000000
vt 0.14233398 0.86401367 0.00000000
vt 0.12524414 0.84155273 0.00000000
vt 0.10400391 0.84741211 0.00000000
vt 0.12719727 0.81005859 0.00000000
vt 0.07739258 0.80004883 0.00000000
vt 0.48242188 0.84179688 0.00000000
vt 0.48559570 0.85107422 0.00000000
vt 0.48022461 0.84350586 0.00000000
vt 0.48437500 0.84057617 0.00000000
vt 0.48632812 0.85888672 0.00000000
vt 0.49096680 0.85668945 0.00000000
vt 0.49731445 0.85058594 0.00000000
vt 0.50463867 0.84106445 0.00000000
vt 0.49340820 0.86645508 0.00000000
vt 0.49731445 0.86767578 0.00000000
vt 0.49194336 0.87109375 0.00000000
vt 0.47656250 0.87377930 0.00000000
vt 0.45800781 0.85009766 0.00000000
vt 0.46655273 0.83032227 0.00000000
vt 0.49755859 0.88549805 0.00000000
vt 0.49853516 0.87792969 0.00000000
vt 0.47143555 0.88354492 0.00000000
vt 0.43188477 0.83081055 0.00000000
vt 0.42285156 0.85644531 0.00000000
vt 0.43774414 0.88745117 0.00000000
vt 0.39331055 0.88696289 0.00000000
vt 0.48315430 0.91308594 0.00000000
vt 0.45874023 0.90283203 0.00000000
vt 0.42602539 0.90942383 0.00000000
vt 0.40576172 0.95556641 0.00000000
vt 0.36767578 0.92700195 0.00000000
vt 0.45532227 0.92114258 0.00000000
vt 0.47656250 0.92749023 0.00000000
vt 0.46435547 0.93823242 0.00000000
vt 0.49682617 0.92382812 0.00000000
vt 0.50415039 0.89501953 0.00000000
vt 0.50708008 0.91772461 0.00000000
vt 0.50561523 0.89233398 0.00000000
vt 0.50878906 0.90502930 0.00000000
vt 0.50952148 0.91748047 0.00000000
vt 0.51147461 0.90136719 0.00000000
vt 0.51416016 0.91918945 0.00000000
vt 0.50439453 0.88232422 0.00000000
vt 0.50878906 0.89355469 0.00000000
vt 0.52612305 0.88647461 0.00000000
vt 0.51757812 0.90795898 0.00000000
vt 0.53222656 0.91455078 0.00000000
vt 0.53076172 0.90380859 0.00000000
vt 0.54223633 0.91015625 0.00000000
vt 0.52807617 0.89160156 0.00000000
vt 0.52246094 0.87744141 0.00000000
vt 0.51513672 0.86035156 0.00000000
vt 0.52050781 0.86035156 0.00000000
vt 0.51074219 0.83959961 0.00000000
vt 0.53125000 0.85034180 0.00000000
vt 0.52954102 0.88549805 0.00000000
vt 0.53833008 0.87036133 0.00000000
vt 0.54345703 0.88134766 0.00000000
vt 0.54663086 0.89428711 0.00000000
vt 0.54956055 0.90844727 0.00000000
vt 0.55712891 0.90747070 0.00000000
vt 0.54516602 0.86425781 0.00000000
vt 0.54370117 0.84521484 0.00000000
vt 0.55615234 0.85131836 0.00000000
vt 0.55712891 0.88842773 0.00000000
vt 0.56982422 0.90502930 0.00000000
vt 0.56079102 0.87500000 0.00000000
vt 0.58081055 0.88281250 0.00000000
vt 0.58300781 0.86791992 0.00000000
vt 0.57958984 0.85107422 0.00000000
vt 0.60400391 0.87402344 0.00000000
vt 0.60156250 0.88818359 0.00000000
vt 0.59765625 0.86596680 0.00000000
vt 0.59423828 0.85009766 0.00000000
vt 0.59716797 0.90893555 0.00000000
vt 0.60522461 0.89501953 0.00000000
vt 0.60742188 0.91333008 0.00000000
vt 0.62622070 0.90063477 0.00000000
vt 0.61352539 0.88159180 0.00000000
vt 0.64331055 0.89672852 0.00000000
vt 0.61938477 0.87231445 0.00000000
vt 0.62890625 0.92211914 0.00000000
vt 0.59667969 0.92529297 0.00000000
vt 0.62182617 0.92797852 0.00000000
vt 0.61035156 0.92773438 0.00000000
vt 0.60839844 0.94335938 0.00000000
vt 0.59057617 0.94506836 0.00000000
vt 0.57739258 0.93286133 0.00000000
vt 0.64184570 0.94750977 0.00000000
vt 0.66186523 0.93481445 0.00000000
vt 0.58862305 0.92260742 0.00000000
vt 0.56958008 0.92846680 0.00000000
vt 0.58374023 0.91723633 0.00000000
vt 0.66064453 0.92456055 0.00000000
vt 0.67211914 0.92333984 0.00000000
vt 0.65502930 0.91162109 0.00000000
vt 0.67285156 0.93603516 0.00000000
vt 0.69067383 0.94750977 0.00000000
vt 0.68725586 0.93457031 0.00000000
vt 0.69677734 0.93945312 0.00000000
vt 0.67724609 0.91552734 0.00000000
vt 0.69287109 0.92822266 0.00000000
vt 0.70239258 0.93432617 0.00000000
vt 0.71752930 0.95654297 0.00000000
vt 0.72119141 0.94799805 0.00000000
vt 0.68603516 0.91796875 0.00000000
vt 0.69897461 0.91577148 0.00000000
vt 0.71215820 0.92504883 0.00000000
vt 0.74023438 0.93896484 0.00000000
vt 0.68457031 0.90405273 0.00000000
vt 0.69677734 0.89233398 0.00000000
vt 0.71826172 0.92016602 0.00000000
vt 0.73413086 0.91723633 0.00000000
vt 0.72680664 0.90112305 0.00000000
vt 0.75024414 0.91503906 0.00000000
vt 0.76269531 0.92260742 0.00000000
vt 0.74902344 0.94702148 0.00000000
vt 0.76806641 0.93896484 0.00000000
vt 0.76464844 0.91943359 0.00000000
vt 0.77954102 0.93188477 0.00000000
vt 0.74414062 0.90576172 0.00000000
vt 0.76440430 0.91625977 0.00000000
vt 0.77954102 0.92651367 0.00000000
vt 0.73583984 0.89208984 0.00000000
vt 0.77246094 0.90454102 0.00000000
vt 0.71875000 0.88793945 0.00000000
vt 0.74731445 0.88598633 0.00000000
vt 0.70239258 0.88134766 0.00000000
vt 0.74804688 0.88232422 0.00000000
vt 0.77416992 0.90161133 0.00000000
vt 0.77587891 0.89892578 0.00000000
vt 0.71166992 0.86621094 0.00000000
vt 0.74316406 0.87475586 0.00000000
vt 0.78955078 0.87280273 0.00000000
vt 0.75219727 0.86230469 0.00000000
vt 0.76123047 0.84570312 0.00000000
vt 0.79394531 0.86303711 0.00000000
vt 0.75756836 0.83398438 0.00000000
vt 0.71728516 0.85400391 0.00000000
vt 0.73046875 0.83032227 0.00000000
vt 0.73657227 0.81689453 0.00000000
vt 0.75366211 0.81494141 0.00000000
vt 0.74121094 0.80883789 0.00000000
vt 0.71752930 0.82080078 0.00000000
vt 0.71264648 0.86181641 0.00000000
vt 0.72778320 0.79736328 0.00000000
vt 0.74194336 0.78588867 0.00000000
vt 0.70483398 0.80615234 0.00000000
vt 0.71411133 0.82836914 0.00000000
vt 0.68994141 0.83349609 0.00000000
vt 0.71557617 0.78710938 0.00000000
vt 0.72509766 0.77368164 0.00000000
vt 0.67895508 0.81982422 0.00000000
vt 0.68212891 0.83789062 0.00000000
vt 0.69189453 0.79150391 0.00000000
vt 0.67553711 0.80615234 0.00000000
vt 0.68603516 0.78564453 0.00000000
vt 0.66259766 0.81958008 0.00000000
vt 0.69360352 0.77270508 0.00000000
vt 0.66748047 0.82983398 0.00000000
vt 0.69897461 0.76538086 0.00000000
vt 0.68994141 0.76098633 0.00000000
vt 0.71752930 0.76367188 0.00000000
vt 0.72900391 0.76000977 0.00000000
vt 0.70532227 0.75073242 0.00000000
vt 0.72094727 0.74633789 0.00000000
vt 0.69506836 0.73706055 0.00000000
vt 0.71337891 0.73559570 0.00000000
vt 0.70629883 0.72485352 0.00000000
vt 0.68017578 0.84057617 0.00000000
vt 0.65600586 0.82690430 0.00000000
vt 0.69384766 0.85229492 0.00000000
vt 0.67895508 0.84472656 0.00000000
vt 0.65771484 0.84570312 0.00000000
vt 0.69531250 0.85839844 0.00000000
vt 0.68237305 0.86010742 0.00000000
vt 0.70410156 0.87500000 0.00000000
vt 0.70214844 0.87695312 0.00000000
vt 0.66821289 0.85620117 0.00000000
vt 0.65209961 0.84741211 0.00000000
vt 0.68261719 0.86401367 0.00000000
vt 0.69409180 0.87695312 0.00000000
vt 0.66674805 0.86083984 0.00000000
vt 0.64868164 0.84985352 0.00000000
vt 0.68334961 0.86889648 0.00000000
vt 0.67773438 0.88061523 0.00000000
vt 0.64355469 0.87939453 0.00000000
vt 0.63183594 0.86596680 0.00000000
vt 0.65795898 0.87500000 0.00000000
vt 0.65014648 0.90039062 0.00000000
vt 0.66503906 0.89599609 0.00000000
vt 0.67724609 0.89550781 0.00000000
vt 0.66455078 0.90771484 0.00000000
vt 0.75781250 0.58862305 0.00000000
vt 0.78710938 0.59155273 0.00000000
vt 0.76733398 0.59667969 0.00000000
vt 0.75976562 0.59350586 0.00000000
vt 0.77636719 0.60278320 0.00000000
vt 0.77978516 0.60742188 0.00000000
vt 0.74438477 0.59301758 0.00000000
vt 0.74560547 0.56372070 0.00000000
vt 0.75634766 0.56347656 0.00000000
vt 0.74023438 0.59106445 0.00000000
vt 0.73315430 0.64038086 0.00000000
vt 0.78393555 0.66015625 0.00000000
vt 0.74951172 0.68115234 0.00000000
vt 0.72509766 0.59570312 0.00000000
vt 0.71069336 0.63354492 0.00000000
vt 0.70825195 0.71606445 0.00000000
vt 0.70458984 0.68017578 0.00000000
vt 0.69677734 0.65039062 0.00000000
vt 0.68188477 0.68139648 0.00000000
vt 0.68530273 0.62646484 0.00000000
vt 0.71093750 0.59350586 0.00000000
vt 0.69189453 0.59643555 0.00000000
vt 0.69604492 0.59008789 0.00000000
vt 0.68554688 0.59667969 0.00000000
vt 0.71899414 0.59228516 0.00000000
vt 0.72949219 0.59252930 0.00000000
vt 0.72924805 0.56396484 0.00000000
vt 0.70703125 0.59082031 0.00000000
vt 0.70654297 0.56225586 0.00000000
vt 0.73437500 0.55053711 0.00000000
vt 0.75219727 0.54760742 0.00000000
vt 0.69555664 0.56225586 0.00000000
vt 0.68579102 0.56372070 0.00000000
vt 0.70556641 0.54150391 0.00000000
vt 0.68701172 0.55102539 0.00000000
vt 0.68945312 0.53808594 0.00000000
vt 0.68701172 0.52343750 0.00000000
vt 0.70288086 0.52685547 0.00000000
vt 0.73559570 0.53417969 0.00000000
vt 0.70019531 0.52685547 0.00000000
vt 0.68994141 0.51123047 0.00000000
vt 0.69482422 0.50976562 0.00000000
vt 0.72363281 0.50488281 0.00000000
vt 0.70336914 0.51074219 0.00000000
vt 0.69311523 0.49584961 0.00000000
vt 0.71606445 0.48535156 0.00000000
vt 0.70141602 0.49731445 0.00000000
vt 0.99194336 0.55151367 0.00000000
vt 0.98168945 0.54394531 0.00000000
vt 0.99194336 0.53051758 0.00000000
vt 0.97045898 0.56225586 0.00000000
vt 0.98461914 0.56127930 0.00000000
vt 0.99487305 0.56958008 0.00000000
vt 0.96801758 0.70605469 0.00000000
vt 0.99145508 0.72314453 0.00000000
vt 0.96948242 0.72802734 0.00000000
vt 0.96191406 0.72363281 0.00000000
vt 0.94677734 0.72045898 0.00000000
vt 0.94384766 0.73583984 0.00000000
vt 0.95239258 0.74975586 0.00000000
vt 0.97534180 0.74316406 0.00000000
vt 0.98901367 0.73510742 0.00000000
vt 0.97583008 0.76025391 0.00000000
vt 0.94262695 0.75708008 0.00000000
vt 0.94921875 0.76049805 0.00000000
vt 0.93188477 0.75122070 0.00000000
vt 0.92236328 0.74609375 0.00000000
vt 0.90820312 0.76879883 0.00000000
vt 0.93383789 0.78515625 0.00000000
vt 0.96435547 0.76782227 0.00000000
vt 0.91821289 0.77465820 0.00000000
vt 0.89501953 0.80590820 0.00000000
vt 0.88867188 0.78027344 0.00000000
vt 0.88037109 0.79321289 0.00000000
vt 0.87158203 0.81201172 0.00000000
vt 0.94726562 0.79296875 0.00000000
vt 0.92846680 0.79296875 0.00000000
vt 0.92163086 0.80444336 0.00000000
vt 0.91088867 0.81958008 0.00000000
vt 0.89721680 0.83203125 0.00000000
vt 0.92651367 0.81469727 0.00000000
vt 0.93090820 0.83227539 0.00000000
vt 0.91040039 0.83520508 0.00000000
vt 0.94677734 0.80468750 0.00000000
vt 0.93823242 0.82177734 0.00000000
vt 0.96142578 0.80029297 0.00000000
vt 0.97778320 0.77392578 0.00000000
vt 0.99096680 0.78002930 0.00000000
vt 0.97143555 0.80615234 0.00000000
vt 0.99365234 0.79272461 0.00000000
vt 0.98315430 0.81250000 0.00000000
vt 0.96899414 0.81665039 0.00000000
vt 0.94873047 0.83398438 0.00000000
vt 0.97778320 0.82641602 0.00000000
vt 0.99194336 0.81689453 0.00000000
vt 0.97973633 0.84106445 0.00000000
vt 0.96582031 0.83520508 0.00000000
vt 0.97607422 0.85327148 0.00000000
vt 0.99023438 0.84375000 0.00000000
vt 0.95751953 0.84960938 0.00000000
vt 0.94091797 0.83886719 0.00000000
vt 0.93676758 0.84741211 0.00000000
vt 0.97241211 0.85961914 0.00000000
vt 0.97949219 0.86425781 0.00000000
vt 0.96997070 0.87695312 0.00000000
vt 0.99975586 0.86303711 0.00000000
vt 0.99169922 0.87182617 0.00000000
vt 0.97705078 0.89038086 0.00000000
vt 0.57177734 0.02075195 0.00000000
vt 0.56103516 0.00000000 0.00000000
vt 0.57714844 0.01147461 0.00000000
vt 0.58422852 0.01953125 0.00000000
vt 0.60278320 0.02172852 0.00000000
vt 0.58544922 0.03271484 0.00000000
vt 0.57202148 0.04467773 0.00000000
vt 0.55615234 0.01806641 0.00000000
vt 0.60351562 0.03881836 0.00000000
vt 0.55053711 0.03857422 0.00000000
vt 0.59204102 0.05151367 0.00000000
vt 0.57080078 0.05395508 0.00000000
vt 0.59130859 0.05761719 0.00000000
vt 0.55688477 0.05102539 0.00000000
vt 0.54736328 0.04931641 0.00000000
vt 0.52709961 0.04418945 0.00000000
vt 0.52490234 0.05883789 0.00000000
vt 0.56030273 0.07641602 0.00000000
vt 0.54418945 0.08593750 0.00000000
vt 0.57836914 0.07714844 0.00000000
vt 0.59106445 0.08349609 0.00000000
vt 0.57983398 0.11743164 0.00000000
vt 0.60278320 0.11621094 0.00000000
vt 0.56103516 0.09960938 0.00000000
vt 0.56811523 0.11791992 0.00000000
vt 0.54174805 0.11816406 0.00000000
vt 0.54321289 0.13500977 0.00000000
vt 0.52172852 0.11767578 0.00000000
vt 0.52172852 0.07958984 0.00000000
vt 0.50610352 0.07031250 0.00000000
vt 0.51171875 0.11572266 0.00000000
vt 0.50903320 0.13500977 0.00000000
vt 0.49511719 0.11499023 0.00000000
vt 0.37890625 0.31323242 0.00000000
vt 0.36279297 0.33569336 0.00000000
vt 0.36840820 0.31665039 0.00000000
vt 0.35351562 0.31909180 0.00000000
vt 0.34692383 0.30322266 0.00000000
vt 0.35961914 0.28027344 0.00000000
vt 0.37402344 0.29492188 0.00000000
vt 0.39306641 0.30883789 0.00000000
vt 0.37109375 0.27880859 0.00000000
vt 0.39599609 0.29296875 0.00000000
vt 0.40136719 0.30688477 0.00000000
vt 0.40966797 0.30395508 0.00000000
vt 0.42089844 0.29980469 0.00000000
vt 0.37084961 0.25170898 0.00000000
vt 0.38745117 0.27612305 0.00000000
vt 0.39355469 0.27514648 0.00000000
vt 0.35815430 0.25122070 0.00000000
vt 0.40722656 0.27319336 0.00000000
vt 0.39184570 0.24877930 0.00000000
vt 0.36816406 0.24096680 0.00000000
vt 0.36840820 0.22802734 0.00000000
vt 0.39233398 0.24023438 0.00000000
vt 0.38183594 0.21191406 0.00000000
vt 0.36718750 0.21118164 0.00000000
vt 0.38745117 0.19531250 0.00000000
vt 0.39013672 0.21215820 0.00000000
vt 0.41259766 0.23754883 0.00000000
vt 0.39819336 0.21264648 0.00000000
vt 0.41333008 0.25317383 0.00000000
vt 0.41381836 0.27221680 0.00000000
vt 0.41748047 0.28588867 0.00000000
vt 0.43505859 0.27124023 0.00000000
vt 0.44165039 0.29443359 0.00000000
vt 0.41186523 0.21337891 0.00000000
vt 0.41357422 0.20483398 0.00000000
vt 0.43725586 0.27929688 0.00000000
vt 0.44165039 0.28417969 0.00000000
vt 0.44531250 0.29809570 0.00000000
vt 0.44799805 0.29736328 0.00000000
vt 0.43652344 0.26562500 0.00000000
vt 0.44238281 0.27490234 0.00000000
vt 0.45825195 0.28979492 0.00000000
vt 0.43750000 0.26074219 0.00000000
vt 0.43945312 0.26513672 0.00000000
vt 0.46777344 0.24438477 0.00000000
vt 0.43457031 0.25488281 0.00000000
vt 0.43969727 0.23388672 0.00000000
vt 0.43652344 0.23681641 0.00000000
vt 0.43359375 0.23168945 0.00000000
vt 0.43286133 0.21215820 0.00000000
vt 0.43237305 0.19848633 0.00000000
vt 0.43554688 0.21240234 0.00000000
vt 0.43701172 0.20092773 0.00000000
vt 0.43872070 0.21166992 0.00000000
vt 0.44848633 0.23999023 0.00000000
vt 0.47436523 0.21484375 0.00000000
vt 0.45410156 0.19799805 0.00000000
vt 0.50146484 0.21972656 0.00000000
vt 0.50146484 0.24487305 0.00000000
vt 0.51708984 0.22680664 0.00000000
vt 0.49682617 0.26562500 0.00000000
vt 0.48120117 0.28295898 0.00000000
vt 0.51049805 0.25561523 0.00000000
vt 0.50463867 0.28784180 0.00000000
vt 0.52343750 0.24194336 0.00000000
vt 0.54663086 0.22973633 0.00000000
vt 0.98706055 0.52416992 0.00000000
vt 0.96923828 0.54931641 0.00000000
vt 0.97851562 0.52246094 0.00000000
vt 0.19775391 0.25219727 0.00000000
vt 0.19067383 0.23803711 0.00000000
vt 0.20947266 0.23657227 0.00000000
vt 0.20434570 0.22314453 0.00000000
vt 0.17846680 0.24658203 0.00000000
vt 0.18066406 0.22753906 0.00000000
vt 0.19287109 0.26928711 0.00000000
vt 0.17480469 0.22802734 0.00000000
vt 0.16406250 0.26611328 0.00000000
vt 0.16723633 0.24462891 0.00000000
vt 0.14868164 0.21948242 0.00000000
vt 0.18237305 0.28295898 0.00000000
vt 0.10864258 0.23120117 0.00000000
vt 0.12524414 0.26440430 0.00000000
vt 0.10766602 0.25463867 0.00000000
vt 0.14941406 0.27001953 0.00000000
vt 0.15991211 0.28613281 0.00000000
vt 0.19042969 0.28710938 0.00000000
vt 0.18017578 0.29003906 0.00000000
vt 0.10839844 0.27368164 0.00000000
vt 0.13769531 0.28247070 0.00000000
vt 0.09985352 0.27075195 0.00000000
vt 0.16552734 0.32397461 0.00000000
vt 0.18359375 0.32226562 0.00000000
vt 0.15087891 0.31713867 0.00000000
vt 0.10058594 0.30371094 0.00000000
vt 0.09643555 0.30639648 0.00000000
vt 0.11254883 0.28515625 0.00000000
vt 0.12500000 0.29711914 0.00000000
vt 0.11572266 0.31152344 0.00000000
vt 0.13354492 0.31567383 0.00000000
vt 0.10595703 0.31250000 0.00000000
vt 0.08911133 0.30883789 0.00000000
vt 0.13085938 0.31884766 0.00000000
vt 0.09033203 0.33520508 0.00000000
vt 0.15063477 0.31835938 0.00000000
vt 0.13305664 0.36450195 0.00000000
vt 0.15039062 0.32080078 0.00000000
vt 0.17260742 0.33251953 0.00000000
vt 0.15673828 0.35546875 0.00000000
vt 0.14941406 0.38500977 0.00000000
vt 0.11816406 0.39355469 0.00000000
vt 0.10498047 0.38037109 0.00000000
vt 0.27832031 0.65673828 0.00000000
vt 0.27783203 0.65332031 0.00000000
vt 0.28784180 0.65307617 0.00000000
vt 0.27905273 0.65014648 0.00000000
vt 0.26074219 0.64965820 0.00000000
vt 0.27880859 0.63842773 0.00000000
vt 0.26123047 0.65405273 0.00000000
vt 0.23950195 0.66259766 0.00000000
vt 0.27929688 0.67993164 0.00000000
vt 0.23950195 0.65795898 0.00000000
vt 0.22998047 0.64404297 0.00000000
vt 0.23339844 0.65405273 0.00000000
vt 0.20874023 0.65527344 0.00000000
vt 0.20825195 0.65161133 0.00000000
vt 0.20849609 0.65942383 0.00000000
vt 0.25683594 0.67993164 0.00000000
vt 0.27758789 0.70458984 0.00000000
vt 0.23461914 0.67773438 0.00000000
vt 0.25805664 0.70556641 0.00000000
vt 0.27661133 0.71826172 0.00000000
vt 0.23510742 0.69750977 0.00000000
vt 0.20751953 0.67602539 0.00000000
vt 0.20043945 0.65625000 0.00000000
vt 0.19140625 0.66186523 0.00000000
vt 0.18554688 0.67797852 0.00000000
vt 0.20654297 0.69067383 0.00000000
vt 0.23413086 0.70483398 0.00000000
vt 0.20581055 0.70117188 0.00000000
vt 0.23486328 0.72558594 0.00000000
vt 0.20458984 0.71875000 0.00000000
vt 0.19287109 0.70239258 0.00000000
vt 0.27685547 0.73510742 0.00000000
vt 0.28588867 0.72851562 0.00000000
vt 0.25415039 0.74609375 0.00000000
vt 0.24633789 0.75488281 0.00000000
vt 0.23217773 0.75244141 0.00000000
vt 0.20458984 0.73925781 0.00000000
vt 0.21264648 0.75073242 0.00000000
vt 0.20336914 0.74877930 0.00000000
vt 0.19897461 0.73535156 0.00000000
vt 0.19604492 0.72387695 0.00000000
vt 0.17382812 0.75048828 0.00000000
vt 0.18627930 0.76879883 0.00000000
vt 0.17358398 0.72631836 0.00000000
vt 0.18798828 0.70288086 0.00000000
vt 0.17358398 0.70312500 0.00000000
vt 0.17382812 0.68896484 0.00000000
vt 0.17602539 0.66113281 0.00000000
vt 0.15576172 0.70190430 0.00000000
vt 0.15722656 0.71899414 0.00000000
vt 0.16210938 0.73779297 0.00000000
vt 0.14038086 0.71337891 0.00000000
vt 0.13964844 0.72265625 0.00000000
vt 0.13208008 0.72167969 0.00000000
vt 0.13940430 0.73461914 0.00000000
vt 0.13354492 0.73657227 0.00000000
vt 0.15185547 0.75122070 0.00000000
vt 0.14038086 0.75512695 0.00000000
vt 0.15332031 0.76123047 0.00000000
vt 0.16699219 0.76806641 0.00000000
vt 0.14233398 0.76757812 0.00000000
vt 0.15136719 0.76904297 0.00000000
vt 0.13989258 0.69970703 0.00000000
vt 0.13403320 0.69970703 0.00000000
vt 0.15429688 0.68457031 0.00000000
vt 0.13989258 0.68041992 0.00000000
vt 0.12622070 0.66918945 0.00000000
vt 0.14111328 0.65795898 0.00000000
vt 0.12744141 0.65820312 0.00000000
vt 0.16650391 0.66577148 0.00000000
vt 0.14111328 0.65380859 0.00000000
vt 0.12524414 0.65307617 0.00000000
vt 0.15991211 0.65917969 0.00000000
vt 0.13720703 0.64843750 0.00000000
vt 0.15722656 0.65527344 0.00000000
vt 0.15820312 0.65185547 0.00000000
vt 0.17480469 0.65698242 0.00000000
vt 0.18701172 0.65771484 0.00000000
vt 0.18066406 0.65429688 0.00000000
vt 0.14550781 0.64086914 0.00000000
vt 0.13232422 0.63867188 0.00000000
vt 0.14355469 0.63647461 0.00000000
vt 0.17285156 0.64404297 0.00000000
vt 0.16186523 0.63940430 0.00000000
vt 0.14599609 0.63500977 0.00000000
vt 0.18969727 0.64184570 0.00000000
vt 0.20825195 0.64233398 0.00000000
vt 0.20874023 0.63916016 0.00000000
vt 0.18505859 0.63842773 0.00000000
vt 0.17407227 0.63476562 0.00000000
vt 0.15673828 0.62280273 0.00000000
vt 0.18994141 0.63476562 0.00000000
vt 0.14404297 0.62548828 0.00000000
vt 0.20898438 0.63598633 0.00000000
vt 0.14550781 0.59790039 0.00000000
vt 0.13574219 0.59790039 0.00000000
vt 0.17065430 0.60937500 0.00000000
vt 0.19506836 0.61352539 0.00000000
vt 0.16333008 0.59619141 0.00000000
vt 0.14721680 0.57373047 0.00000000
vt 0.18237305 0.59814453 0.00000000
vt 0.20727539 0.60034180 0.00000000
vt 0.24975586 0.63793945 0.00000000
vt 0.27783203 0.63623047 0.00000000
vt 0.27734375 0.63305664 0.00000000
vt 0.22045898 0.61547852 0.00000000
vt 0.25122070 0.62304688 0.00000000
vt 0.27734375 0.61816406 0.00000000
vt 0.27465820 0.59252930 0.00000000
vt 0.25000000 0.60302734 0.00000000
vt 0.23925781 0.59619141 0.00000000
vt 0.26245117 0.59252930 0.00000000
vt 0.27465820 0.57934570 0.00000000
vt 0.24731445 0.57299805 0.00000000
vt 0.27490234 0.57226562 0.00000000
vt 0.27392578 0.55834961 0.00000000
vt 0.22558594 0.57348633 0.00000000
vt 0.22802734 0.56152344 0.00000000
vt 0.25024414 0.55346680 0.00000000
vt 0.20654297 0.55639648 0.00000000
vt 0.20678711 0.57788086 0.00000000
vt 0.19677734 0.57641602 0.00000000
vt 0.18090820 0.55541992 0.00000000
vt 0.20483398 0.54443359 0.00000000
vt 0.18164062 0.57495117 0.00000000
vt 0.18090820 0.53564453 0.00000000
vt 0.15039062 0.53588867 0.00000000
vt 0.15161133 0.51928711 0.00000000
vt 0.15747070 0.55444336 0.00000000
vt 0.14794922 0.55346680 0.00000000
vt 0.86743164 0.69165039 0.00000000
vt 0.86718750 0.67553711 0.00000000
vt 0.87792969 0.66528320 0.00000000
vt 0.86743164 0.64892578 0.00000000
vt 0.84326172 0.66455078 0.00000000
vt 0.85375977 0.68359375 0.00000000
vt 0.83691406 0.67724609 0.00000000
vt 0.83300781 0.69482422 0.00000000
vt 0.82104492 0.67504883 0.00000000
vt 0.87988281 0.70117188 0.00000000
vt 0.86743164 0.69873047 0.00000000
vt 0.82202148 0.69165039 0.00000000
vt 0.83398438 0.70141602 0.00000000
vt 0.80859375 0.68945312 0.00000000
vt 0.80200195 0.67651367 0.00000000
vt 0.82397461 0.70239258 0.00000000
vt 0.78955078 0.67919922 0.00000000
vt 0.84033203 0.70800781 0.00000000
vt 0.81323242 0.69848633 0.00000000
vt 0.79125977 0.69384766 0.00000000
vt 0.77465820 0.70678711 0.00000000
vt 0.80249023 0.70312500 0.00000000
vt 0.82446289 0.72045898 0.00000000
vt 0.79223633 0.70385742 0.00000000
vt 0.76049805 0.71020508 0.00000000
vt 0.75537109 0.68554688 0.00000000
vt 0.77905273 0.71435547 0.00000000
vt 0.79516602 0.72265625 0.00000000
vt 0.81201172 0.72949219 0.00000000
vt 0.82519531 0.73803711 0.00000000
vt 0.79907227 0.74902344 0.00000000
vt 0.79223633 0.73999023 0.00000000
vt 0.76196289 0.72753906 0.00000000
vt 0.73559570 0.71411133 0.00000000
vt 0.72875977 0.73291016 0.00000000
vt 0.72412109 0.71606445 0.00000000
vt 0.74926758 0.73364258 0.00000000
vt 0.73364258 0.74682617 0.00000000
vt 0.75805664 0.75317383 0.00000000
vt 0.76977539 0.74658203 0.00000000
vt 0.77246094 0.75732422 0.00000000
vt 0.75561523 0.76831055 0.00000000
vt 0.74121094 0.76489258 0.00000000
vt 0.76977539 0.77099609 0.00000000
vt 0.74707031 0.78100586 0.00000000
vt 0.77734375 0.78051758 0.00000000
vt 0.74951172 0.78759766 0.00000000
vt 0.80029297 0.75878906 0.00000000
vt 0.79296875 0.77612305 0.00000000
vt 0.78344727 0.79833984 0.00000000
vt 0.76220703 0.80004883 0.00000000
vt 0.82592773 0.74829102 0.00000000
vt 0.82641602 0.75659180 0.00000000
vt 0.85278320 0.74731445 0.00000000
vt 0.80249023 0.77368164 0.00000000
vt 0.78784180 0.80053711 0.00000000
vt 0.77246094 0.80444336 0.00000000
vt 0.80346680 0.78076172 0.00000000
vt 0.78637695 0.81738281 0.00000000
vt 0.80566406 0.79541016 0.00000000
vt 0.81787109 0.78076172 0.00000000
vt 0.82885742 0.77294922 0.00000000
vt 0.79150391 0.82275391 0.00000000
vt 0.78295898 0.82519531 0.00000000
vt 0.81127930 0.81738281 0.00000000
vt 0.81762695 0.79492188 0.00000000
vt 0.83447266 0.79443359 0.00000000
vt 0.81884766 0.81762695 0.00000000
vt 0.83251953 0.81689453 0.00000000
vt 0.84985352 0.79370117 0.00000000
vt 0.82421875 0.82055664 0.00000000
vt 0.80346680 0.82226562 0.00000000
vt 0.79150391 0.82592773 0.00000000
vt 0.81103516 0.82006836 0.00000000
vt 0.80126953 0.82617188 0.00000000
vt 0.78393555 0.83105469 0.00000000
vt 0.81201172 0.82275391 0.00000000
vt 0.81591797 0.83789062 0.00000000
vt 0.79931641 0.85156250 0.00000000
vt 0.82641602 0.85717773 0.00000000
vt 0.83081055 0.82348633 0.00000000
vt 0.84155273 0.83886719 0.00000000
vt 0.85424805 0.88598633 0.00000000
vt 0.80859375 0.89282227 0.00000000
vt 0.84960938 0.85327148 0.00000000
vt 0.84570312 0.81933594 0.00000000
vt 0.84472656 0.82226562 0.00000000
vt 0.86425781 0.83300781 0.00000000
vt 0.86938477 0.84838867 0.00000000
vt 0.86425781 0.82153320 0.00000000
vt 0.85205078 0.81616211 0.00000000
vt 0.86328125 0.81835938 0.00000000
vt 0.87426758 0.82128906 0.00000000
vt 0.86401367 0.81542969 0.00000000
vt 0.86279297 0.79296875 0.00000000
vt 0.86376953 0.77905273 0.00000000
vt 0.87866211 0.78247070 0.00000000
vt 0.86425781 0.77050781 0.00000000
vt 0.87646484 0.77343750 0.00000000
vt 0.86450195 0.76000977 0.00000000
vt 0.86523438 0.74633789 0.00000000
vt 0.86572266 0.73461914 0.00000000
vt 0.84643555 0.72241211 0.00000000
vt 0.86621094 0.72265625 0.00000000
vt 0.87792969 0.73144531 0.00000000
vt 0.88354492 0.71459961 0.00000000
vt 0.94482422 0.38916016 0.00000000
vt 0.94458008 0.41088867 0.00000000
vt 0.92504883 0.40893555 0.00000000
vt 0.91503906 0.43286133 0.00000000
vt 0.90698242 0.38208008 0.00000000
vt 0.87133789 0.40258789 0.00000000
vt 0.87426758 0.38696289 0.00000000
vt 0.91625977 0.36352539 0.00000000
vt 0.94458008 0.36499023 0.00000000
vt 0.88012695 0.36035156 0.00000000
vt 0.84863281 0.36865234 0.00000000
vt 0.92431641 0.35034180 0.00000000
vt 0.94506836 0.33813477 0.00000000
vt 0.88256836 0.34765625 0.00000000
vt 0.85424805 0.34814453 0.00000000
vt 0.82348633 0.33886719 0.00000000
vt 0.83276367 0.31787109 0.00000000
vt 0.91601562 0.33886719 0.00000000
vt 0.94458008 0.32373047 0.00000000
vt 0.88623047 0.32983398 0.00000000
vt 0.86816406 0.32836914 0.00000000
vt 0.87524414 0.31542969 0.00000000
vt 0.85253906 0.30517578 0.00000000
vt 0.87744141 0.28686523 0.00000000
vt 0.89843750 0.32641602 0.00000000
vt 0.89038086 0.30908203 0.00000000
vt 0.91674805 0.29516602 0.00000000
vt 0.94458008 0.29809570 0.00000000
vt 0.89379883 0.29272461 0.00000000
vt 0.89501953 0.25854492 0.00000000
vt 0.88500977 0.25512695 0.00000000
vt 0.89331055 0.25463867 0.00000000
vt 0.91064453 0.28637695 0.00000000
vt 0.90307617 0.25903320 0.00000000
vt 0.90966797 0.20434570 0.00000000
vt 0.90405273 0.26171875 0.00000000
vt 0.90673828 0.27001953 0.00000000
vt 0.93530273 0.28100586 0.00000000
vt 0.91259766 0.26342773 0.00000000
vt 0.91772461 0.25756836 0.00000000
vt 0.92919922 0.26342773 0.00000000
vt 0.93627930 0.26025391 0.00000000
vt 0.94189453 0.22167969 0.00000000
vt 0.94702148 0.26391602 0.00000000
vt 0.94726562 0.26562500 0.00000000
vt 0.95532227 0.26660156 0.00000000
vt 0.49169922 0.20336914 0.00000000
vt 0.49707031 0.13940430 0.00000000
vt 0.52294922 0.18676758 0.00000000
vt 0.53027344 0.14257812 0.00000000
vt 0.54052734 0.21777344 0.00000000
vt 0.51879883 0.21704102 0.00000000
vt 0.54443359 0.19360352 0.00000000
vt 0.56372070 0.17309570 0.00000000
vt 0.56811523 0.13647461 0.00000000
vt 0.56933594 0.22070312 0.00000000
vt 0.55639648 0.22851562 0.00000000
vt 0.56591797 0.19628906 0.00000000
vt 0.57958984 0.16674805 0.00000000
vt 0.58251953 0.14062500 0.00000000
vt 0.58764648 0.19458008 0.00000000
vt 0.57958984 0.20605469 0.00000000
vt 0.56494141 0.22583008 0.00000000
vt 0.59863281 0.16870117 0.00000000
vt 0.59399414 0.18627930 0.00000000
vt 0.60107422 0.15917969 0.00000000
vt 0.60473633 0.13305664 0.00000000
vt 0.60546875 0.14306641 0.00000000
vt 0.60815430 0.14184570 0.00000000
vt 0.60644531 0.12841797 0.00000000
vt 0.60424805 0.15527344 0.00000000
vt 0.61010742 0.14160156 0.00000000
vt 0.60058594 0.16845703 0.00000000
vt 0.59765625 0.17968750 0.00000000
vt 0.60327148 0.16601562 0.00000000
vt 0.60742188 0.15283203 0.00000000
vt 0.61547852 0.12426758 0.00000000
vt 0.62841797 0.13891602 0.00000000
vt 0.62597656 0.14648438 0.00000000
vt 0.63525391 0.14843750 0.00000000
vt 0.62377930 0.15502930 0.00000000
vt 0.62036133 0.16699219 0.00000000
vt 0.60180664 0.17285156 0.00000000
vt 0.61718750 0.17895508 0.00000000
vt 0.61035156 0.18164062 0.00000000
vt 0.59765625 0.18798828 0.00000000
vt 0.59545898 0.18774414 0.00000000
vt 0.61083984 0.19848633 0.00000000
vt 0.59277344 0.19506836 0.00000000
vt 0.58618164 0.20043945 0.00000000
vt 0.57885742 0.21069336 0.00000000
vt 0.58129883 0.21093750 0.00000000
vt 0.57373047 0.21826172 0.00000000
vt 0.57080078 0.22216797 0.00000000
vt 0.57202148 0.22363281 0.00000000
vt 0.59716797 0.20800781 0.00000000
vt 0.59106445 0.22607422 0.00000000
vt 0.60595703 0.20556641 0.00000000
vt 0.59790039 0.21655273 0.00000000
vt 0.59912109 0.22119141 0.00000000
vt 0.61523438 0.20117188 0.00000000
vt 0.61938477 0.18676758 0.00000000
vt 0.62182617 0.20434570 0.00000000
vt 0.61083984 0.22680664 0.00000000
vt 0.62963867 0.19262695 0.00000000
vt 0.63330078 0.18188477 0.00000000
vt 0.63867188 0.16210938 0.00000000
vt 0.64184570 0.18432617 0.00000000
vt 0.64233398 0.14916992 0.00000000
vt 0.64208984 0.13281250 0.00000000
vt 0.64868164 0.15014648 0.00000000
vt 0.64624023 0.17382812 0.00000000
vt 0.66064453 0.15161133 0.00000000
vt 0.66088867 0.13403320 0.00000000
vt 0.66918945 0.15283203 0.00000000
vt 0.68041992 0.15429688 0.00000000
vt 0.67700195 0.17236328 0.00000000
vt 0.65551758 0.17626953 0.00000000
vt 0.66870117 0.19702148 0.00000000
vt 0.65112305 0.18872070 0.00000000
vt 0.64453125 0.20312500 0.00000000
vt 0.65429688 0.20825195 0.00000000
vt 0.66186523 0.21313477 0.00000000
vt 0.64965820 0.24121094 0.00000000
vt 0.65429688 0.24780273 0.00000000
vt 0.64550781 0.25317383 0.00000000
vt 0.64355469 0.23242188 0.00000000
vt 0.63134766 0.23901367 0.00000000
vt 0.62524414 0.20581055 0.00000000
vt 0.62915039 0.20947266 0.00000000
vt 0.62963867 0.23413086 0.00000000
vt 0.61962891 0.24414062 0.00000000
vt 0.62915039 0.26074219 0.00000000
vt 0.64184570 0.26245117 0.00000000
vt 0.60278320 0.23852539 0.00000000
vt 0.62231445 0.26123047 0.00000000
vt 0.61791992 0.27856445 0.00000000
vt 0.63256836 0.27368164 0.00000000
vt 0.62670898 0.28808594 0.00000000
vt 0.61035156 0.27587891 0.00000000
vt 0.61303711 0.25830078 0.00000000
vt 0.60839844 0.24438477 0.00000000
vt 0.60351562 0.26513672 0.00000000
vt 0.59301758 0.27709961 0.00000000
vt 0.59472656 0.25537109 0.00000000
vt 0.59228516 0.26708984 0.00000000
vt 0.59130859 0.25170898 0.00000000
vt 0.58154297 0.26928711 0.00000000
vt 0.58593750 0.24438477 0.00000000
vt 0.57910156 0.24584961 0.00000000
vt 0.57299805 0.26391602 0.00000000
vt 0.58935547 0.23583984 0.00000000
vt 0.58105469 0.23828125 0.00000000
vt 0.57592773 0.24169922 0.00000000
vt 0.57055664 0.24511719 0.00000000
vt 0.56396484 0.25244141 0.00000000
vt 0.55859375 0.23291016 0.00000000
vt 0.55761719 0.23925781 0.00000000
vt 0.56030273 0.22900391 0.00000000
vt 0.55297852 0.23657227 0.00000000
vt 0.55224609 0.23437500 0.00000000
vt 0.74926758 0.09399414 0.00000000
vt 0.78100586 0.05493164 0.00000000
vt 0.76611328 0.11547852 0.00000000
vt 0.75952148 0.03613281 0.00000000
vt 0.70922852 0.05810547 0.00000000
vt 0.71923828 0.02026367 0.00000000
vt 0.71801758 0.08178711 0.00000000
vt 0.71899414 0.11938477 0.00000000
vt 0.69189453 0.03564453 0.00000000
vt 0.69116211 0.02734375 0.00000000
vt 0.70654297 0.10400391 0.00000000
vt 0.68969727 0.04101562 0.00000000
vt 0.71337891 0.11621094 0.00000000
vt 0.69091797 0.04248047 0.00000000
vt 0.70581055 0.10693359 0.00000000
vt 0.69458008 0.07763672 0.00000000
vt 0.69897461 0.09130859 0.00000000
vt 0.70092773 0.10083008 0.00000000
vt 0.70214844 0.11254883 0.00000000
vt 0.68847656 0.12451172 0.00000000
vt 0.69628906 0.13403320 0.00000000
vt 0.68676758 0.10546875 0.00000000
vt 0.69580078 0.08642578 0.00000000
vt 0.67260742 0.09179688 0.00000000
vt 0.67773438 0.10839844 0.00000000
vt 0.66577148 0.11401367 0.00000000
vt 0.66528320 0.12548828 0.00000000
vt 0.64794922 0.12158203 0.00000000
vt 0.63500977 0.09887695 0.00000000
vt 0.62597656 0.11767578 0.00000000
vt 0.61889648 0.09252930 0.00000000
vt 0.63549805 0.08374023 0.00000000
vt 0.61572266 0.07250977 0.00000000
vt 0.64526367 0.07275391 0.00000000
vt 0.63208008 0.06469727 0.00000000
vt 0.61474609 0.06640625 0.00000000
vt 0.61474609 0.05322266 0.00000000
vt 0.64770508 0.06420898 0.00000000
vt 0.63281250 0.04125977 0.00000000
vt 0.61547852 0.03588867 0.00000000
vt 0.64746094 0.04174805 0.00000000
vt 0.66430664 0.06250000 0.00000000
vt 0.66552734 0.04467773 0.00000000
vt 0.64282227 0.01904297 0.00000000
vt 0.65869141 0.02172852 0.00000000
vt 0.66601562 0.02294922 0.00000000
vt 0.63354492 0.02709961 0.00000000
vt 0.63378906 0.01757812 0.00000000
vt 0.61596680 0.01391602 0.00000000
vt 0.62500000 0.01635742 0.00000000
vt 0.68969727 0.02807617 0.00000000
vt 0.68994141 0.02294922 0.00000000
vt 0.69067383 0.02294922 0.00000000
vt 0.69384766 0.01318359 0.00000000
vt 0.68920898 0.05395508 0.00000000
vt 0.69067383 0.06298828 0.00000000
vt 0.68872070 0.06372070 0.00000000
vt 0.69189453 0.07324219 0.00000000
vt 0.68457031 0.08032227 0.00000000
vt 0.99658203 0.62963867 0.00000000
vt 0.97192383 0.63842773 0.00000000
vt 0.99804688 0.59838867 0.00000000
vt 0.99511719 0.69409180 0.00000000
vt 0.97875977 0.64184570 0.00000000
vt 1.00000000 0.64257812 0.00000000
vt 0.96972656 0.56811523 0.00000000
vt 0.99780273 0.58911133 0.00000000
vt 0.96948242 0.62011719 0.00000000
vt 0.25170898 0.08911133 0.00000000
vt 0.23999023 0.12695312 0.00000000
vt 0.22363281 0.10791016 0.00000000
vt 0.22216797 0.07958984 0.00000000
vt 0.20458984 0.10546875 0.00000000
vt 0.21313477 0.13305664 0.00000000
vt 0.20043945 0.14111328 0.00000000
vt 0.18701172 0.07739258 0.00000000
vt 0.18627930 0.11694336 0.00000000
vt 0.18481445 0.13647461 0.00000000
vt 0.16674805 0.14379883 0.00000000
vt 0.16967773 0.15649414 0.00000000
vt 0.16845703 0.11621094 0.00000000
vt 0.16040039 0.09033203 0.00000000
vt 0.17456055 0.07080078 0.00000000
vt 0.15332031 0.07324219 0.00000000
vt 0.15087891 0.09570312 0.00000000
vt 0.15087891 0.07690430 0.00000000
vt 0.14941406 0.10717773 0.00000000
vt 0.15893555 0.13549805 0.00000000
vt 0.15478516 0.12255859 0.00000000
vt 0.14770508 0.10839844 0.00000000
vt 0.14941406 0.09301758 0.00000000
vt 0.14843750 0.08105469 0.00000000
vt 0.14990234 0.06445312 0.00000000
vt 0.14697266 0.09643555 0.00000000
vt 0.15063477 0.11694336 0.00000000
vt 0.14599609 0.10888672 0.00000000
vt 0.13671875 0.09033203 0.00000000
vt 0.13403320 0.07055664 0.00000000
vt 0.15405273 0.12719727 0.00000000
vt 0.15087891 0.12402344 0.00000000
vt 0.13134766 0.11425781 0.00000000
vt 0.13208008 0.09082031 0.00000000
vt 0.12207031 0.08422852 0.00000000
vt 0.12622070 0.06103516 0.00000000
vt 0.11889648 0.07470703 0.00000000
vt 0.13549805 0.12597656 0.00000000
vt 0.12207031 0.10888672 0.00000000
vt 0.11791992 0.08398438 0.00000000
vt 0.10180664 0.07250977 0.00000000
vt 0.11694336 0.09667969 0.00000000
vt 0.12060547 0.12768555 0.00000000
vt 0.11669922 0.11035156 0.00000000
vt 0.13256836 0.13647461 0.00000000
vt 0.10205078 0.08374023 0.00000000
vt 0.09936523 0.10107422 0.00000000
vt 0.08227539 0.07934570 0.00000000
vt 0.08520508 0.05249023 0.00000000
vt 0.07226562 0.06298828 0.00000000
vt 0.07104492 0.08056641 0.00000000
vt 0.06665039 0.06689453 0.00000000
vt 0.07055664 0.10009766 0.00000000
vt 0.08349609 0.09204102 0.00000000
vt 0.07958984 0.11694336 0.00000000
vt 0.08862305 0.11669922 0.00000000
vt 0.10009766 0.11425781 0.00000000
vt 0.10253906 0.12158203 0.00000000
vt 0.08984375 0.14794922 0.00000000
vt 0.11572266 0.14062500 0.00000000
vt 0.10839844 0.14501953 0.00000000
vt 0.11230469 0.15771484 0.00000000
vt 0.12524414 0.14184570 0.00000000
vt 0.09765625 0.16943359 0.00000000
vt 0.09521484 0.17797852 0.00000000
vt 0.11474609 0.16674805 0.00000000
vt 0.09936523 0.19702148 0.00000000
vt 0.12915039 0.15356445 0.00000000
vt 0.12158203 0.16259766 0.00000000
vt 0.13476562 0.17578125 0.00000000
vt 0.13134766 0.16064453 0.00000000
vt 0.13525391 0.17358398 0.00000000
vt 0.14184570 0.16650391 0.00000000
vt 0.14575195 0.15795898 0.00000000
vt 0.15136719 0.17456055 0.00000000
vt 0.14331055 0.15087891 0.00000000
vt 0.16040039 0.15307617 0.00000000
vt 0.13940430 0.13867188 0.00000000
vt 0.14941406 0.14794922 0.00000000
vt 0.15502930 0.13696289 0.00000000
vt 0.15747070 0.14453125 0.00000000
vt 0.15722656 0.13720703 0.00000000
vt 0.15966797 0.14428711 0.00000000
vt 0.16210938 0.15209961 0.00000000
vt 0.16357422 0.15014648 0.00000000
vt 0.16894531 0.15917969 0.00000000
vt 0.16479492 0.15795898 0.00000000
vt 0.16552734 0.16723633 0.00000000
vt 0.05688477 0.32202148 0.00000000
vt 0.06738281 0.30322266 0.00000000
vt 0.07885742 0.33178711 0.00000000
vt 0.04174805 0.31713867 0.00000000
vt 0.05541992 0.34204102 0.00000000
vt 0.03930664 0.34570312 0.00000000
vt 0.00000000 0.34277344 0.00000000
vt 0.03857422 0.29956055 0.00000000
vt 0.02026367 0.30615234 0.00000000
vt 0.02246094 0.28833008 0.00000000
vt 0.00292969 0.29150391 0.00000000
vt 0.04858398 0.28515625 0.00000000
vt 0.07519531 0.29321289 0.00000000
vt 0.08764648 0.29858398 0.00000000
vt 0.06030273 0.28833008 0.00000000
vt 0.07104492 0.29003906 0.00000000
vt 0.08203125 0.29296875 0.00000000
vt 0.05957031 0.28637695 0.00000000
vt 0.07104492 0.28930664 0.00000000
vt 0.08642578 0.26831055 0.00000000
vt 0.06127930 0.28613281 0.00000000
vt 0.07299805 0.26416016 0.00000000
vt 0.07641602 0.25268555 0.00000000
vt 0.09814453 0.25610352 0.00000000
vt 0.04980469 0.28247070 0.00000000
vt 0.04736328 0.25805664 0.00000000
vt 0.05004883 0.28344727 0.00000000
vt 0.04516602 0.28295898 0.00000000
vt 0.03784180 0.28417969 0.00000000
vt 0.02978516 0.26000977 0.00000000
vt 0.02514648 0.28613281 0.00000000
vt 0.00830078 0.28759766 0.00000000
vt 0.01586914 0.28613281 0.00000000
vt 0.02661133 0.28515625 0.00000000
vt 0.01391602 0.26171875 0.00000000
vt 0.00756836 0.28686523 0.00000000
vt 0.01269531 0.24438477 0.00000000
vt 0.00366211 0.25537109 0.00000000
vt 0.00854492 0.25268555 0.00000000
vt 0.00146484 0.23999023 0.00000000
vt 0.00219727 0.23046875 0.00000000
vt 0.00097656 0.22363281 0.00000000
vt 0.02734375 0.24584961 0.00000000
vt 0.01025391 0.23120117 0.00000000
vt 0.00195312 0.21630859 0.00000000
vt 0.00756836 0.21899414 0.00000000
vt 0.00000000 0.20727539 0.00000000
vt 0.02294922 0.23535156 0.00000000
vt 0.04736328 0.23217773 0.00000000
vt 0.03955078 0.22705078 0.00000000
vt 0.03466797 0.22753906 0.00000000
vt 0.04736328 0.20898438 0.00000000
vt 0.03613281 0.21215820 0.00000000
vt 0.04248047 0.20874023 0.00000000
vt 0.02929688 0.21215820 0.00000000
vt 0.04248047 0.21484375 0.00000000
vt 0.04711914 0.19702148 0.00000000
vt 0.07714844 0.21020508 0.00000000
vt 0.06372070 0.22192383 0.00000000
vt 0.08715820 0.22875977 0.00000000
vt 0.08642578 0.25170898 0.00000000
vt 0.10253906 0.23876953 0.00000000
vt 0.10424805 0.21313477 0.00000000
vt 0.10546875 0.20336914 0.00000000
vt 0.06542969 0.19628906 0.00000000
vt 0.09228516 0.64624023 0.00000000
vt 0.09570312 0.65991211 0.00000000
vt 0.08203125 0.65673828 0.00000000
vt 0.06958008 0.65502930 0.00000000
vt 0.07885742 0.62646484 0.00000000
vt 0.07031250 0.67333984 0.00000000
vt 0.05761719 0.64770508 0.00000000
vt 0.05371094 0.61865234 0.00000000
vt 0.10717773 0.67871094 0.00000000
vt 0.05029297 0.66235352 0.00000000
vt 0.08666992 0.68750000 0.00000000
vt 0.06835938 0.69116211 0.00000000
vt 0.10498047 0.69946289 0.00000000
vt 0.05932617 0.70166016 0.00000000
vt 0.11694336 0.69775391 0.00000000
vt 0.10961914 0.70117188 0.00000000
vt 0.08154297 0.70336914 0.00000000
vt 0.09130859 0.70190430 0.00000000
vt 0.07080078 0.70532227 0.00000000
vt 0.07177734 0.70776367 0.00000000
vt 0.08251953 0.70581055 0.00000000
vt 0.09667969 0.70336914 0.00000000
vt 0.10839844 0.70361328 0.00000000
vt 0.11840820 0.70190430 0.00000000
vt 0.09179688 0.70678711 0.00000000
vt 0.07202148 0.70971680 0.00000000
vt 0.05590820 0.70361328 0.00000000
vt 0.12133789 0.71850586 0.00000000
vt 0.11499023 0.71972656 0.00000000
vt 0.05346680 0.70532227 0.00000000
vt 0.07299805 0.71606445 0.00000000
vt 0.09545898 0.72314453 0.00000000
vt 0.12451172 0.72900391 0.00000000
vt 0.08374023 0.72509766 0.00000000
vt 0.07446289 0.72680664 0.00000000
vt 0.08276367 0.73510742 0.00000000
vt 0.10156250 0.73876953 0.00000000
vt 0.12670898 0.73510742 0.00000000
vt 0.11547852 0.74194336 0.00000000
vt 0.09228516 0.74047852 0.00000000
vt 0.07519531 0.74365234 0.00000000
vt 0.08691406 0.75122070 0.00000000
vt 0.10327148 0.75463867 0.00000000
vt 0.11474609 0.75537109 0.00000000
vt 0.13232422 0.75268555 0.00000000
vt 0.11791992 0.76196289 0.00000000
vt 0.10620117 0.76611328 0.00000000
vt 0.08862305 0.76049805 0.00000000
vt 0.11035156 0.77978516 0.00000000
vt 0.07641602 0.77978516 0.00000000
vt 0.06469727 0.76171875 0.00000000
vt 0.06616211 0.75366211 0.00000000
vt 0.12475586 0.77416992 0.00000000
vt 0.13720703 0.76855469 0.00000000
vt 0.12768555 0.78808594 0.00000000
vt 0.11157227 0.79077148 0.00000000
vt 0.09179688 0.79394531 0.00000000
vt 0.06347656 0.79541016 0.00000000
vt 0.04614258 0.77661133 0.00000000
vt 0.04638672 0.75634766 0.00000000
vt 0.05541992 0.73950195 0.00000000
vt 0.04614258 0.79199219 0.00000000
vt 0.02954102 0.77612305 0.00000000
vt 0.03125000 0.76171875 0.00000000
vt 0.01318359 0.78442383 0.00000000
vt 0.00439453 0.74902344 0.00000000
vt 0.03320312 0.75317383 0.00000000
vt 0.02612305 0.73974609 0.00000000
vt 0.03686523 0.73535156 0.00000000
vt 0.02392578 0.73217773 0.00000000
vt 0.00634766 0.73852539 0.00000000
vt 0.03784180 0.73046875 0.00000000
vt 0.02172852 0.72167969 0.00000000
vt 0.03417969 0.71777344 0.00000000
vt 0.04980469 0.72167969 0.00000000
vt 0.04321289 0.70239258 0.00000000
vt 0.02075195 0.69653320 0.00000000
vt 0.03295898 0.70654297 0.00000000
vt 0.02685547 0.69848633 0.00000000
vt 0.03125000 0.69726562 0.00000000
vt 0.04516602 0.70092773 0.00000000
vt 0.04638672 0.69824219 0.00000000
vt 0.03027344 0.69433594 0.00000000
vt 0.03369141 0.66723633 0.00000000
vt 0.99609375 0.51098633 0.00000000
vt 0.98852539 0.50024414 0.00000000
vt 0.99584961 0.49511719 0.00000000
vt 0.51049805 0.45971680 0.00000000
vt 0.51220703 0.43505859 0.00000000
vt 0.51367188 0.46118164 0.00000000
vt 0.51708984 0.46240234 0.00000000
vt 0.50781250 0.43920898 0.00000000
vt 0.48413086 0.46093750 0.00000000
vt 0.51635742 0.42114258 0.00000000
vt 0.47290039 0.45434570 0.00000000
vt 0.53222656 0.46582031 0.00000000
vt 0.47167969 0.42089844 0.00000000
vt 0.45629883 0.45068359 0.00000000
vt 0.45629883 0.43164062 0.00000000
vt 0.50781250 0.41577148 0.00000000
vt 0.49707031 0.41259766 0.00000000
vt 0.51367188 0.40185547 0.00000000
vt 0.51269531 0.38403320 0.00000000
vt 0.48242188 0.40136719 0.00000000
vt 0.44677734 0.40917969 0.00000000
vt 0.44140625 0.44116211 0.00000000
vt 0.42700195 0.42431641 0.00000000
vt 0.47534180 0.39331055 0.00000000
vt 0.49438477 0.36816406 0.00000000
vt 0.45825195 0.39404297 0.00000000
vt 0.45166016 0.37182617 0.00000000
vt 0.42822266 0.40454102 0.00000000
vt 0.40039062 0.43066406 0.00000000
vt 0.43066406 0.37353516 0.00000000
vt 0.41308594 0.39599609 0.00000000
vt 0.47729492 0.37011719 0.00000000
vt 0.39624023 0.39941406 0.00000000
vt 0.40478516 0.37524414 0.00000000
vt 0.45532227 0.35693359 0.00000000
vt 0.41162109 0.37377930 0.00000000
vt 0.39086914 0.37304688 0.00000000
vt 0.38793945 0.36425781 0.00000000
vt 0.38647461 0.35571289 0.00000000
vt 0.39697266 0.35546875 0.00000000
vt 0.44995117 0.35961914 0.00000000
vt 0.42041016 0.37280273 0.00000000
vt 0.41015625 0.36108398 0.00000000
vt 0.40332031 0.34155273 0.00000000
vt 0.38134766 0.34545898 0.00000000
vt 0.41748047 0.34790039 0.00000000
vt 0.42675781 0.35278320 0.00000000
vt 0.42065430 0.32836914 0.00000000
vt 0.43554688 0.34570312 0.00000000
vt 0.44482422 0.33276367 0.00000000
vt 0.43359375 0.30419922 0.00000000
vt 0.44750977 0.30249023 0.00000000
vt 0.46801758 0.31469727 0.00000000
vt 0.39916992 0.31591797 0.00000000
vt 0.40698242 0.31250000 0.00000000
vt 0.39453125 0.31469727 0.00000000
vt 0.46972656 0.32836914 0.00000000
vt 0.39013672 0.33032227 0.00000000
vt 0.38793945 0.32250977 0.00000000
vt 0.37817383 0.32519531 0.00000000
vt 0.39477539 0.33691406 0.00000000
vt 0.47314453 0.35009766 0.00000000
vt 0.48632812 0.32910156 0.00000000
vt 0.46704102 0.29858398 0.00000000
vt 0.48071289 0.29785156 0.00000000
vt 0.49584961 0.31030273 0.00000000
vt 0.49047852 0.35131836 0.00000000
vt 0.51293945 0.33203125 0.00000000
vt 0.50366211 0.29907227 0.00000000
vt 0.51293945 0.31591797 0.00000000
vt 0.51708984 0.32324219 0.00000000
vt 0.51953125 0.29370117 0.00000000
vt 0.52075195 0.30981445 0.00000000
vt 0.51733398 0.36865234 0.00000000
vt 0.52172852 0.34545898 0.00000000
vt 0.52734375 0.33740234 0.00000000
vt 0.52026367 0.37036133 0.00000000
vt 0.52368164 0.37158203 0.00000000
vt 0.53808594 0.32641602 0.00000000
vt 0.54199219 0.28540039 0.00000000
vt 0.53588867 0.37133789 0.00000000
vt 0.54589844 0.30346680 0.00000000
vt 0.52929688 0.39184570 0.00000000
vt 0.52954102 0.42016602 0.00000000
vt 0.53759766 0.45092773 0.00000000
vt 0.53564453 0.41699219 0.00000000
vt 0.53808594 0.37817383 0.00000000
vt 0.54150391 0.35424805 0.00000000
vt 0.54174805 0.40771484 0.00000000
vt 0.54199219 0.32617188 0.00000000
vt 0.54248047 0.37573242 0.00000000
vt 0.54736328 0.34643555 0.00000000
vt 0.54711914 0.32177734 0.00000000
vt 0.55468750 0.29980469 0.00000000
vt 0.55737305 0.28784180 0.00000000
vt 0.56469727 0.32202148 0.00000000
vt 0.57885742 0.28466797 0.00000000
vt 0.58032227 0.30444336 0.00000000
vt 0.59692383 0.30395508 0.00000000
vt 0.58593750 0.32592773 0.00000000
vt 0.55688477 0.33642578 0.00000000
vt 0.57324219 0.34814453 0.00000000
vt 0.56176758 0.37402344 0.00000000
vt 0.55859375 0.38793945 0.00000000
vt 0.57275391 0.37402344 0.00000000
vt 0.58715820 0.35839844 0.00000000
vt 0.59179688 0.32763672 0.00000000
vt 0.60913086 0.29028320 0.00000000
vt 0.60791016 0.30493164 0.00000000
vt 0.61108398 0.32885742 0.00000000
vt 0.62158203 0.29370117 0.00000000
vt 0.63891602 0.31542969 0.00000000
vt 0.59423828 0.37426758 0.00000000
vt 0.60595703 0.35986328 0.00000000
vt 0.61938477 0.36010742 0.00000000
vt 0.63769531 0.32958984 0.00000000
vt 0.65576172 0.31689453 0.00000000
vt 0.65209961 0.30786133 0.00000000
vt 0.61059570 0.37451172 0.00000000
vt 0.63232422 0.37719727 0.00000000
vt 0.62231445 0.39306641 0.00000000
vt 0.64208984 0.36132812 0.00000000
vt 0.65527344 0.33276367 0.00000000
vt 0.66845703 0.31884766 0.00000000
vt 0.67651367 0.30493164 0.00000000
vt 0.66479492 0.33447266 0.00000000
vt 0.67675781 0.33471680 0.00000000
vt 0.66137695 0.36059570 0.00000000
vt 0.65185547 0.37695312 0.00000000
vt 0.65625000 0.37695312 0.00000000
vt 0.67651367 0.36083984 0.00000000
vt 0.65966797 0.39746094 0.00000000
vt 0.64843750 0.39892578 0.00000000
vt 0.66088867 0.42089844 0.00000000
vt 0.63134766 0.38891602 0.00000000
vt 0.63598633 0.40429688 0.00000000
vt 0.63623047 0.42236328 0.00000000
vt 0.66259766 0.44042969 0.00000000
vt 0.61791992 0.40795898 0.00000000
vt 0.63940430 0.43432617 0.00000000
vt 0.65502930 0.44628906 0.00000000
vt 0.64843750 0.46093750 0.00000000
vt 0.63476562 0.45458984 0.00000000
vt 0.59741211 0.39331055 0.00000000
vt 0.60839844 0.42138672 0.00000000
vt 0.61523438 0.43774414 0.00000000
vt 0.60156250 0.44213867 0.00000000
vt 0.60351562 0.46704102 0.00000000
vt 0.59301758 0.45458984 0.00000000
vt 0.59033203 0.42480469 0.00000000
vt 0.59765625 0.40722656 0.00000000
vt 0.58569336 0.37451172 0.00000000
vt 0.58666992 0.40307617 0.00000000
vt 0.57470703 0.40014648 0.00000000
vt 0.58203125 0.42407227 0.00000000
vt 0.57983398 0.44873047 0.00000000
vt 0.59570312 0.46533203 0.00000000
vt 0.57080078 0.42651367 0.00000000
vt 0.55859375 0.42651367 0.00000000
vt 0.55737305 0.45654297 0.00000000
vt 0.57226562 0.46777344 0.00000000
vt 0.54003906 0.43041992 0.00000000
vt 0.54199219 0.45117188 0.00000000
vt 0.55273438 0.46826172 0.00000000
vt 0.54296875 0.46630859 0.00000000
vt 0.23852539 0.02270508 0.00000000
vt 0.20361328 0.03417969 0.00000000
vt 0.21875000 0.00488281 0.00000000
vt 0.25781250 0.01171875 0.00000000
vt 0.23315430 0.06152344 0.00000000
vt 0.21093750 0.05981445 0.00000000
vt 0.25390625 0.04199219 0.00000000
vt 0.27758789 0.02026367 0.00000000
vt 0.28198242 0.00024414 0.00000000
vt 0.28320312 0.00415039 0.00000000
vt 0.28149414 0.01342773 0.00000000
vt 0.26513672 0.05053711 0.00000000
vt 0.25292969 0.06811523 0.00000000
vt 0.27343750 0.03881836 0.00000000
vt 0.27807617 0.02709961 0.00000000
vt 0.30126953 0.02563477 0.00000000
vt 0.28393555 0.00390625 0.00000000
vt 0.27539062 0.03979492 0.00000000
vt 0.30541992 0.00927734 0.00000000
vt 0.28100586 0.04101562 0.00000000
vt 0.26904297 0.04858398 0.00000000
vt 0.26293945 0.05688477 0.00000000
vt 0.30664062 0.02709961 0.00000000
vt 0.31201172 0.01025391 0.00000000
vt 0.29711914 0.04541016 0.00000000
vt 0.28637695 0.06347656 0.00000000
vt 0.27978516 0.07226562 0.00000000
vt 0.31616211 0.03295898 0.00000000
vt 0.32690430 0.01220703 0.00000000
vt 0.31542969 0.05249023 0.00000000
vt 0.32885742 0.03906250 0.00000000
vt 0.33520508 0.01245117 0.00000000
vt 0.34326172 0.01342773 0.00000000
vt 0.29272461 0.06420898 0.00000000
vt 0.28833008 0.07812500 0.00000000
vt 0.29443359 0.07299805 0.00000000
vt 0.31298828 0.07397461 0.00000000
vt 0.32519531 0.05590820 0.00000000
vt 0.33544922 0.04321289 0.00000000
vt 0.32763672 0.06738281 0.00000000
vt 0.34692383 0.03735352 0.00000000
vt 0.35229492 0.01440430 0.00000000
vt 0.33642578 0.08056641 0.00000000
vt 0.34667969 0.06103516 0.00000000
vt 0.37451172 0.05322266 0.00000000
vt 0.31762695 0.09765625 0.00000000
vt 0.30346680 0.09350586 0.00000000
vt 0.30664062 0.10400391 0.00000000
vt 0.28784180 0.09106445 0.00000000
vt 0.29003906 0.09497070 0.00000000
vt 0.27319336 0.09204102 0.00000000
vt 0.29101562 0.09838867 0.00000000
vt 0.29638672 0.10424805 0.00000000
vt 0.31469727 0.11328125 0.00000000
vt 0.29345703 0.11132812 0.00000000
vt 0.28247070 0.10009766 0.00000000
vt 0.28540039 0.10375977 0.00000000
vt 0.28198242 0.10327148 0.00000000
vt 0.27050781 0.09667969 0.00000000
vt 0.28613281 0.11108398 0.00000000
vt 0.30004883 0.11791992 0.00000000
vt 0.30737305 0.11987305 0.00000000
vt 0.29028320 0.11596680 0.00000000
vt 0.30517578 0.12280273 0.00000000
vt 0.29321289 0.12182617 0.00000000
vt 0.26831055 0.08740234 0.00000000
vt 0.26196289 0.09277344 0.00000000
vt 0.25048828 0.07348633 0.00000000
vt 0.25878906 0.06298828 0.00000000
vt 0.25415039 0.06884766 0.00000000
vt 0.24975586 0.07324219 0.00000000
vt 0.23706055 0.07788086 0.00000000
vt 0.24414062 0.07788086 0.00000000
vt 0.79370117 0.31152344 0.00000000
vt 0.77075195 0.30273438 0.00000000
vt 0.79150391 0.29394531 0.00000000
vt 0.76660156 0.28588867 0.00000000
vt 0.76318359 0.31713867 0.00000000
vt 0.74291992 0.30444336 0.00000000
vt 0.73803711 0.28198242 0.00000000
vt 0.79174805 0.33569336 0.00000000
vt 0.72387695 0.30541992 0.00000000
vt 0.72778320 0.28515625 0.00000000
vt 0.71508789 0.28002930 0.00000000
vt 0.73217773 0.32812500 0.00000000
vt 0.77954102 0.33422852 0.00000000
vt 0.76220703 0.33081055 0.00000000
vt 0.77758789 0.36010742 0.00000000
vt 0.79223633 0.36108398 0.00000000
vt 0.76123047 0.35913086 0.00000000
vt 0.77612305 0.37573242 0.00000000
vt 0.79199219 0.38745117 0.00000000
vt 0.77905273 0.39111328 0.00000000
vt 0.74121094 0.38598633 0.00000000
vt 0.72705078 0.35131836 0.00000000
vt 0.74047852 0.36230469 0.00000000
vt 0.71704102 0.35595703 0.00000000
vt 0.72045898 0.32763672 0.00000000
vt 0.71020508 0.38427734 0.00000000
vt 0.69482422 0.36376953 0.00000000
vt 0.69213867 0.34643555 0.00000000
vt 0.69458008 0.32104492 0.00000000
vt 0.68774414 0.30859375 0.00000000
vt 0.75073242 0.40136719 0.00000000
vt 0.70581055 0.40966797 0.00000000
vt 0.78491211 0.42700195 0.00000000
vt 0.72973633 0.43627930 0.00000000
vt 0.68823242 0.27929688 0.00000000
vt 0.66333008 0.27880859 0.00000000
vt 0.69189453 0.27221680 0.00000000
vt 0.67407227 0.25732422 0.00000000
vt 0.75317383 0.43994141 0.00000000
vt 0.78564453 0.44238281 0.00000000
vt 0.73706055 0.44238281 0.00000000
vt 0.78515625 0.44824219 0.00000000
vt 0.75390625 0.44946289 0.00000000
vt 0.73510742 0.44628906 0.00000000
vt 0.77148438 0.45410156 0.00000000
vt 0.75537109 0.46264648 0.00000000
vt 0.78125000 0.46411133 0.00000000
vt 0.76123047 0.46704102 0.00000000
vt 0.73413086 0.45654297 0.00000000
vt 0.74804688 0.46655273 0.00000000
vt 0.72900391 0.46044922 0.00000000
vt 0.02026367 0.22363281 0.00000000
vt 0.00610352 0.20605469 0.00000000
vt 0.02270508 0.21704102 0.00000000
vt 0.03125000 0.20190430 0.00000000
vt 0.02026367 0.48803711 0.00000000
vt 0.01757812 0.46655273 0.00000000
vt 0.03369141 0.48339844 0.00000000
vt 0.03247070 0.50585938 0.00000000
vt 0.02270508 0.50439453 0.00000000
vt 0.04663086 0.46215820 0.00000000
vt 0.03588867 0.45776367 0.00000000
vt 0.04785156 0.44189453 0.00000000
vt 0.04565430 0.48315430 0.00000000
vt 0.05346680 0.46093750 0.00000000
vt 0.04345703 0.50585938 0.00000000
vt 0.06542969 0.44653320 0.00000000
vt 0.05688477 0.47802734 0.00000000
vt 0.04125977 0.52880859 0.00000000
vt 0.02539062 0.52343750 0.00000000
vt 0.07324219 0.45629883 0.00000000
vt 0.06225586 0.50463867 0.00000000
vt 0.09448242 0.45190430 0.00000000
vt 0.07421875 0.43530273 0.00000000
vt 0.08959961 0.43310547 0.00000000
vt 0.07763672 0.46533203 0.00000000
vt 0.10253906 0.42797852 0.00000000
vt 0.08056641 0.47851562 0.00000000
vt 0.10083008 0.47631836 0.00000000
vt 0.08007812 0.49462891 0.00000000
vt 0.10644531 0.44702148 0.00000000
vt 0.13134766 0.43823242 0.00000000
vt 0.12426758 0.41821289 0.00000000
vt 0.13623047 0.41137695 0.00000000
vt 0.15625000 0.40014648 0.00000000
vt 0.13427734 0.45239258 0.00000000
vt 0.15209961 0.44726562 0.00000000
vt 0.13745117 0.46704102 0.00000000
vt 0.11791992 0.46752930 0.00000000
vt 0.12402344 0.48242188 0.00000000
vt 0.14501953 0.49023438 0.00000000
vt 0.12084961 0.49707031 0.00000000
vt 0.13867188 0.50659180 0.00000000
vt 0.12841797 0.53295898 0.00000000
vt 0.10571289 0.49511719 0.00000000
vt 0.11132812 0.51733398 0.00000000
vt 0.11718750 0.53784180 0.00000000
vt 0.12915039 0.55029297 0.00000000
vt 0.11938477 0.54980469 0.00000000
vt 0.10424805 0.54150391 0.00000000
vt 0.08178711 0.52368164 0.00000000
vt 0.06811523 0.53735352 0.00000000
vt 0.07104492 0.54907227 0.00000000
vt 0.03784180 0.55468750 0.00000000
vt 0.03051758 0.53930664 0.00000000
vt 0.05932617 0.55322266 0.00000000
vt 0.09375000 0.55541992 0.00000000
vt 0.10791016 0.56396484 0.00000000
vt 0.12500000 0.57739258 0.00000000
vt 0.09912109 0.57714844 0.00000000
vt 0.10424805 0.59667969 0.00000000
vt 0.07788086 0.56884766 0.00000000
vt 0.05615234 0.57470703 0.00000000
vt 0.05468750 0.59155273 0.00000000
vt 0.08129883 0.58935547 0.00000000
vt 0.05859375 0.60595703 0.00000000
vt 0.08105469 0.59936523 0.00000000
vt 0.06225586 0.61108398 0.00000000
vt 0.08154297 0.60351562 0.00000000
vt 0.10571289 0.60327148 0.00000000
vt 0.26733398 0.53662109 0.00000000
vt 0.26000977 0.53247070 0.00000000
vt 0.26367188 0.52343750 0.00000000
vt 0.26391602 0.54467773 0.00000000
vt 0.25659180 0.53100586 0.00000000
vt 0.25732422 0.53955078 0.00000000
vt 0.24731445 0.52612305 0.00000000
vt 0.25366211 0.54858398 0.00000000
vt 0.23730469 0.50976562 0.00000000
vt 0.26611328 0.51684570 0.00000000
vt 0.23144531 0.52856445 0.00000000
vt 0.24169922 0.53808594 0.00000000
vt 0.20751953 0.51367188 0.00000000
vt 0.20703125 0.51953125 0.00000000
vt 0.18505859 0.51245117 0.00000000
vt 0.18334961 0.50244141 0.00000000
vt 0.15649414 0.50268555 0.00000000
vt 0.17285156 0.49487305 0.00000000
vt 0.20874023 0.50390625 0.00000000
vt 0.21020508 0.49584961 0.00000000
vt 0.24145508 0.49584961 0.00000000
vt 0.27075195 0.50512695 0.00000000
vt 0.21142578 0.48681641 0.00000000
vt 0.18359375 0.48559570 0.00000000
vt 0.15502930 0.48486328 0.00000000
vt 0.16748047 0.47778320 0.00000000
vt 0.20117188 0.48632812 0.00000000
vt 0.18945312 0.47949219 0.00000000
vt 0.18701172 0.46777344 0.00000000
vt 0.15429688 0.46557617 0.00000000
vt 0.17260742 0.45532227 0.00000000
vt 0.20263672 0.46752930 0.00000000
vt 0.21264648 0.47973633 0.00000000
vt 0.22802734 0.48413086 0.00000000
vt 0.21484375 0.46899414 0.00000000
vt 0.19750977 0.45629883 0.00000000
vt 0.18530273 0.44409180 0.00000000
vt 0.15625000 0.44335938 0.00000000
vt 0.21630859 0.45971680 0.00000000
vt 0.23828125 0.47460938 0.00000000
vt 0.25439453 0.48120117 0.00000000
vt 0.27636719 0.48876953 0.00000000
vt 0.27368164 0.49633789 0.00000000
vt 0.28833008 0.51342773 0.00000000
vt 0.27978516 0.47827148 0.00000000
vt 0.25781250 0.46997070 0.00000000
vt 0.28369141 0.46728516 0.00000000
vt 0.30102539 0.47583008 0.00000000
vt 0.24975586 0.45678711 0.00000000
vt 0.28686523 0.45751953 0.00000000
vt 0.23291016 0.45239258 0.00000000
vt 0.27465820 0.44555664 0.00000000
vt 0.21826172 0.44775391 0.00000000
vt 0.25512695 0.43505859 0.00000000
vt 0.29101562 0.44360352 0.00000000
vt 0.30493164 0.45507812 0.00000000
vt 0.29345703 0.43652344 0.00000000
vt 0.26367188 0.42749023 0.00000000
vt 0.23413086 0.43554688 0.00000000
vt 0.24047852 0.42089844 0.00000000
vt 0.22558594 0.41625977 0.00000000
vt 0.24609375 0.41992188 0.00000000
vt 0.27783203 0.42919922 0.00000000
vt 0.29443359 0.43408203 0.00000000
vt 0.31005859 0.44580078 0.00000000
vt 0.29467773 0.43115234 0.00000000
vt 0.30810547 0.44238281 0.00000000
vt 0.26049805 0.42138672 0.00000000
vt 0.29638672 0.42236328 0.00000000
vt 0.22705078 0.41284180 0.00000000
vt 0.26879883 0.41577148 0.00000000
vt 0.24438477 0.40869141 0.00000000
vt 0.27880859 0.41552734 0.00000000
vt 0.25537109 0.40869141 0.00000000
vt 0.29809570 0.41992188 0.00000000
vt 0.31445312 0.43334961 0.00000000
vt 0.28247070 0.41308594 0.00000000
vt 0.29858398 0.41674805 0.00000000
vt 0.31494141 0.42114258 0.00000000
vt 0.30395508 0.39941406 0.00000000
vt 0.27441406 0.39624023 0.00000000
vt 0.29516602 0.38842773 0.00000000
vt 0.30639648 0.37988281 0.00000000
vt 0.32543945 0.38159180 0.00000000
vt 0.25927734 0.40673828 0.00000000
vt 0.23999023 0.40039062 0.00000000
vt 0.25048828 0.37353516 0.00000000
vt 0.27026367 0.37011719 0.00000000
vt 0.28833008 0.37451172 0.00000000
vt 0.30859375 0.36694336 0.00000000
vt 0.32275391 0.37280273 0.00000000
vt 0.27075195 0.36254883 0.00000000
vt 0.28979492 0.35693359 0.00000000
vt 0.31079102 0.35424805 0.00000000
vt 0.33520508 0.34448242 0.00000000
vt 0.32275391 0.33862305 0.00000000
vt 0.29052734 0.33789062 0.00000000
vt 0.31323242 0.34033203 0.00000000
vt 0.28100586 0.32275391 0.00000000
vt 0.28222656 0.33276367 0.00000000
vt 0.26806641 0.33276367 0.00000000
vt 0.27465820 0.31958008 0.00000000
vt 0.26367188 0.35302734 0.00000000
vt 0.26074219 0.32177734 0.00000000
vt 0.27319336 0.30297852 0.00000000
vt 0.24536133 0.34155273 0.00000000
vt 0.25390625 0.35693359 0.00000000
vt 0.23950195 0.36035156 0.00000000
vt 0.24121094 0.35351562 0.00000000
vt 0.22167969 0.34887695 0.00000000
vt 0.23608398 0.36987305 0.00000000
vt 0.22216797 0.35815430 0.00000000
vt 0.21557617 0.35595703 0.00000000
vt 0.21850586 0.37573242 0.00000000
vt 0.23022461 0.38769531 0.00000000
vt 0.22705078 0.39599609 0.00000000
vt 0.20898438 0.39331055 0.00000000
vt 0.22656250 0.39941406 0.00000000
vt 0.21240234 0.39721680 0.00000000
vt 0.23022461 0.40356445 0.00000000
vt 0.19311523 0.38989258 0.00000000
vt 0.19189453 0.39306641 0.00000000
vt 0.19506836 0.38037109 0.00000000
vt 0.18212891 0.38769531 0.00000000
vt 0.15991211 0.38696289 0.00000000
vt 0.16064453 0.38378906 0.00000000
vt 0.18530273 0.36767578 0.00000000
vt 0.19799805 0.39721680 0.00000000
vt 0.17236328 0.39184570 0.00000000
vt 0.18750000 0.40258789 0.00000000
vt 0.19726562 0.36328125 0.00000000
vt 0.18725586 0.35058594 0.00000000
vt 0.19873047 0.35278320 0.00000000
vt 0.20532227 0.33691406 0.00000000
vt 0.18188477 0.33251953 0.00000000
vt 0.19384766 0.32177734 0.00000000
vt 0.20922852 0.32031250 0.00000000
vt 0.19824219 0.30615234 0.00000000
vt 0.21777344 0.33251953 0.00000000
vt 0.23510742 0.33886719 0.00000000
vt 0.23388672 0.32128906 0.00000000
vt 0.24853516 0.32543945 0.00000000
vt 0.25610352 0.31372070 0.00000000
vt 0.22680664 0.31054688 0.00000000
vt 0.21289062 0.31079102 0.00000000
vt 0.20581055 0.29296875 0.00000000
vt 0.21948242 0.28979492 0.00000000
vt 0.24902344 0.30493164 0.00000000
vt 0.25195312 0.29296875 0.00000000
vt 0.26391602 0.29907227 0.00000000
vt 0.26611328 0.28930664 0.00000000
vt 0.29101562 0.31030273 0.00000000
vt 0.29614258 0.29614258 0.00000000
vt 0.31811523 0.30664062 0.00000000
vt 0.30541992 0.33081055 0.00000000
vt 0.30053711 0.31201172 0.00000000
vt 0.31469727 0.33105469 0.00000000
vt 0.31689453 0.31689453 0.00000000
vt 0.33593750 0.31640625 0.00000000
vt 0.33496094 0.33349609 0.00000000
vt 0.98754883 0.69042969 0.00000000
vt 0.99584961 0.71752930 0.00000000
vt 0.97021484 0.69873047 0.00000000
vt 0.97705078 0.65820312 0.00000000
vt 0.54101562 0.68115234 0.00000000
vt 0.53320312 0.67968750 0.00000000
vt 0.56542969 0.67456055 0.00000000
vt 0.56396484 0.69702148 0.00000000
vt 0.56494141 0.67041016 0.00000000
vt 0.53735352 0.67309570 0.00000000
vt 0.60131836 0.67919922 0.00000000
vt 0.59082031 0.67236328 0.00000000
vt 0.56640625 0.66625977 0.00000000
vt 0.56372070 0.65429688 0.00000000
vt 0.53247070 0.65942383 0.00000000
vt 0.53833008 0.65283203 0.00000000
vt 0.61157227 0.66430664 0.00000000
vt 0.62670898 0.66918945 0.00000000
vt 0.56103516 0.65014648 0.00000000
vt 0.60815430 0.64965820 0.00000000
vt 0.55932617 0.64575195 0.00000000
vt 0.53369141 0.64648438 0.00000000
vt 0.57983398 0.64599609 0.00000000
vt 0.55712891 0.63085938 0.00000000
vt 0.58032227 0.63940430 0.00000000
vt 0.56542969 0.60595703 0.00000000
vt 0.55639648 0.60571289 0.00000000
vt 0.60571289 0.63891602 0.00000000
vt 0.60302734 0.64477539 0.00000000
vt 0.62866211 0.64428711 0.00000000
vt 0.65332031 0.65063477 0.00000000
vt 0.60375977 0.60375977 0.00000000
vt 0.56811523 0.58569336 0.00000000
vt 0.65429688 0.66235352 0.00000000
vt 0.60229492 0.58471680 0.00000000
vt 0.58447266 0.56494141 0.00000000
vt 0.59594727 0.55102539 0.00000000
vt 0.62207031 0.61279297 0.00000000
vt 0.61840820 0.55078125 0.00000000
vt 0.60009766 0.52709961 0.00000000
vt 0.62768555 0.51928711 0.00000000
vt 0.62744141 0.58544922 0.00000000
vt 0.63330078 0.56958008 0.00000000
vt 0.64501953 0.60375977 0.00000000
vt 0.63256836 0.63867188 0.00000000
vt 0.65747070 0.58911133 0.00000000
vt 0.65893555 0.63964844 0.00000000
vt 0.65698242 0.64721680 0.00000000
vt 0.67309570 0.64770508 0.00000000
vt 0.66406250 0.65649414 0.00000000
vt 0.67724609 0.66381836 0.00000000
vt 0.67651367 0.66967773 0.00000000
vt 0.65722656 0.66796875 0.00000000
vt 0.65771484 0.61303711 0.00000000
vt 0.68139648 0.60937500 0.00000000
vt 0.67919922 0.58447266 0.00000000
vt 0.66748047 0.56884766 0.00000000
vt 0.65502930 0.67114258 0.00000000
vt 0.67309570 0.67944336 0.00000000
vt 0.63037109 0.67358398 0.00000000
vt 0.65747070 0.69628906 0.00000000
vt 0.66918945 0.69531250 0.00000000
vt 0.62841797 0.70166016 0.00000000
vt 0.60986328 0.70385742 0.00000000
vt 0.56396484 0.72241211 0.00000000
vt 0.61889648 0.72167969 0.00000000
vt 0.59082031 0.73730469 0.00000000
vt 0.65429688 0.71459961 0.00000000
vt 0.67456055 0.72802734 0.00000000
vt 0.63476562 0.74829102 0.00000000
vt 0.59765625 0.75292969 0.00000000
vt 0.65454102 0.74072266 0.00000000
vt 0.67651367 0.73852539 0.00000000
vt 0.64257812 0.77075195 0.00000000
vt 0.59960938 0.77563477 0.00000000
vt 0.61279297 0.78515625 0.00000000
vt 0.65112305 0.79150391 0.00000000
vt 0.66381836 0.77465820 0.00000000
vt 0.66723633 0.79663086 0.00000000
vt 0.67529297 0.76416016 0.00000000
vt 0.65454102 0.47778320 0.00000000
vt 0.65551758 0.48583984 0.00000000
vt 0.64965820 0.50341797 0.00000000
vt 0.66943359 0.49853516 0.00000000
vt 0.65087891 0.52026367 0.00000000
vt 0.67529297 0.50634766 0.00000000
vt 0.67089844 0.52661133 0.00000000
vt 0.62915039 0.49023438 0.00000000
vt 0.65649414 0.55102539 0.00000000
vt 0.67358398 0.54736328 0.00000000
vt 0.64770508 0.56982422 0.00000000
vt 0.19799805 0.43554688 0.00000000
vt 0.20800781 0.42749023 0.00000000
vt 0.18579102 0.42114258 0.00000000
vt 0.17163086 0.42749023 0.00000000
vt 0.15722656 0.42700195 0.00000000
vt 0.20922852 0.41284180 0.00000000
vt 0.18286133 0.41162109 0.00000000
vt 0.15820312 0.40893555 0.00000000
vt 0.19042969 0.40600586 0.00000000
vt 0.16186523 0.40527344 0.00000000
vt 0.19897461 0.40502930 0.00000000

# 1735 vertex normals
vn -0.14173228 0.55905509 0.81889760
vn -0.32283464 -0.15748031 0.93700784
vn -0.01574803 -0.11023622 0.99212599
vn -0.24409449 0.64566928 0.72440946
vn -0.00787402 1.00000000 0.06299213
vn -0.04724409 -0.18897638 0.98425198
vn -0.32283464 -0.18897638 0.92913383
vn -0.31496063 -0.22834645 0.92125982
vn 0.07874016 0.66141731 0.74803150
vn 0.10236220 -0.12598425 0.98425198
vn 0.00000000 1.00000000 0.05511811
vn 0.07874016 0.50393701 0.85826772
vn -0.02362205 -0.22834645 0.97637796
vn -0.14960630 -0.37795275 0.91338581
vn 0.08661418 -0.18897638 0.97637796
vn 0.07874016 -0.07874016 0.99212599
vn 0.04724409 0.68503934 0.72440946
vn 0.10236220 -0.18897638 0.97637796
vn 0.10236220 -0.26771653 0.96062994
vn 0.09448819 -0.37007874 0.92125982
vn 0.07874016 -0.28346455 0.95275593
vn 0.00000000 -0.38582677 0.92125982
vn -0.30708662 -0.37795275 0.87401575
vn -0.18897638 -0.37795275 0.90551180
vn 0.08661418 -0.37795275 0.92125982
vn -0.30708662 -0.37007874 0.87401575
vn -0.04724409 -0.37795275 0.92125982
vn 0.09448819 -0.37795275 0.92125982
vn 0.07086614 -0.37795275 0.92125982
vn 0.08661418 -0.37007874 0.92125982
vn 0.09448819 -0.46456692 0.88188976
vn 0.07874016 -0.37007874 0.92125982
vn 0.06299213 -0.51968503 0.85039371
vn 0.07874016 -0.48031497 0.87401575
vn 0.21259843 -0.42519686 0.88188976
vn 0.16535433 -0.37795275 0.91338581
vn 0.06299213 -0.37795275 0.92125982
vn 0.24409449 -0.37795275 0.88976377
vn 0.44094488 -0.37007874 0.81889760
vn 0.41732284 -0.49606299 0.75590551
vn 0.19685039 -0.38582677 0.90551180
vn 0.30708662 -0.32283464 0.89763778
vn 0.06299213 -0.22047244 0.96850395
vn 0.06299213 -0.18897638 0.97637796
vn 0.43307087 -0.37007874 0.81889760
vn 0.43307087 -0.29921260 0.85039371
vn 0.06299213 -0.19685039 0.97637796
vn 0.42519686 -0.37007874 0.82677168
vn 0.06299213 -0.09448819 0.99212599
vn 0.13385826 -0.19685039 0.96850395
vn 0.22047244 -0.13385826 0.96850395
vn 0.14173228 0.62204725 0.77165353
vn 0.00787402 1.00000000 0.06299213
vn 0.37795275 -0.18897638 0.90551180
vn 0.46456692 -0.16535433 0.87401575
vn 0.42519686 0.44094488 0.79527557
vn 0.03149606 1.00000000 0.06299213
vn 0.45669290 -0.24409449 0.85039371
vn 0.46456692 -0.18897638 0.86614174
vn 0.46456692 -0.13385826 0.87401575
vn 0.45669290 -0.19685039 0.86614174
vn 0.35433072 0.65354329 0.66141731
vn 0.44881889 -0.12598425 0.88188976
vn 0.43307087 -0.16535433 0.88188976
vn 0.36220473 0.60629922 0.70866144
vn 0.03149606 1.00000000 0.05511811
vn -0.03149606 1.00000000 -0.06299213
vn 0.33070865 0.66141731 0.66929132
vn 0.53543305 -0.14173228 0.83464569
vn 0.43307087 -0.19685039 0.88188976
vn 0.03937008 0.99212599 0.07874016
vn 0.02362205 1.00000000 0.04724409
vn -0.02362205 1.00000000 -0.04724409
vn -0.04724409 0.99212599 -0.09448819
vn 0.52755904 -0.19685039 0.82677168
vn 0.42519686 -0.29921260 0.85826772
vn 0.40944880 -0.37795275 0.82677168
vn 0.41732284 -0.37795275 0.82677168
vn 0.39370078 -0.46456692 0.79527557
vn 0.44881889 -0.37007874 0.81102359
vn 0.41732284 -0.47244096 0.77952754
vn 0.37007874 -0.58267719 0.72440946
vn -0.31496063 -0.13385826 0.93700784
vn -0.31496063 -0.19685039 0.92913383
vn -0.25984251 0.55905509 0.78740156
vn -0.30708662 -0.17322835 0.93700784
vn -0.30708662 -0.18897638 0.92913383
vn -0.30708662 -0.28346455 0.90551180
vn -0.29921260 -0.26771653 0.91338581
vn -0.42519686 -0.19685039 0.88188976
vn -0.31496063 -0.11023622 0.94488192
vn -0.01574803 1.00000000 0.04724409
vn -0.36220473 0.66141731 0.66141731
vn -0.01574803 1.00000000 0.05511811
vn 0.02362205 1.00000000 -0.06299213
vn 0.03149606 0.97637796 -0.21259843
vn -0.03937008 1.00000000 0.05511811
vn 0.21259843 0.76377952 -0.60629922
vn 0.31496063 0.29133859 -0.90551180
vn 0.02362205 1.00000000 -0.05511811
vn 0.19685039 0.81102359 -0.55118108
vn 0.31496063 0.26771653 -0.91338581
vn 0.30708662 0.30708662 -0.89763778
vn 0.17322835 0.25196850 -0.95275593
vn 0.32283464 0.30708662 -0.89763778
vn 0.08661418 0.99212599 -0.09448819
vn 0.38582677 0.78740156 -0.48031497
vn 0.44881889 0.30708662 -0.84251970
vn 0.33070865 0.25196850 -0.91338581
vn 0.65354329 0.28346455 -0.70078743
vn 0.61417323 0.25196850 -0.74803150
vn 0.45669290 0.29133859 -0.84251970
vn 0.45669290 0.38582677 -0.80314958
vn 0.30708662 0.37795275 -0.87401575
vn 0.48031497 0.37795275 -0.78740156
vn 0.66141731 0.29133859 -0.69291341
vn 0.63779527 0.38582677 -0.66141731
vn 0.66141731 0.25196850 -0.70866144
vn 0.64566928 0.37007874 -0.66929132
vn 0.66929132 0.29921260 -0.68503934
vn 0.65354329 0.34645671 -0.67716533
vn 0.63779527 0.39370078 -0.66141731
vn 0.65354329 0.35433072 -0.66929132
vn 0.61417323 0.48031497 -0.62992126
vn 0.59842521 0.51181102 -0.61417323
vn 0.78740156 0.36220473 -0.48818898
vn 0.78740156 0.33858266 -0.51968503
vn 0.80314958 0.39370078 -0.44094488
vn 0.81102359 0.25196850 -0.52755904
vn 0.74015749 0.27559054 -0.60629922
vn 0.89763778 0.23622048 -0.37795275
vn 0.44881889 0.81889760 -0.36220473
vn 0.66141731 0.70078743 -0.27559054
vn 0.07086614 1.00000000 -0.03149606
vn 0.07874016 0.99212599 -0.07874016
vn -0.05511811 1.00000000 0.04724409
vn -0.04724409 1.00000000 0.05511811
vn -0.07086614 1.00000000 0.03149606
vn -0.66141731 0.58267719 0.47244096
vn -0.81102359 0.48031497 0.33858266
vn -0.91338581 -0.15748031 0.37795275
vn -0.54330707 0.59842521 0.58267719
vn -0.48818898 0.70078743 0.51968503
vn -0.79527557 -0.17322835 0.58267719
vn -0.90551180 -0.18897638 0.37795275
vn -0.85039371 -0.18897638 0.49606299
vn -0.67716533 -0.15748031 0.71653545
vn -0.66929132 -0.19685039 0.71653545
vn -0.77165353 -0.29133859 0.55905509
vn -0.66929132 -0.16535433 0.72440946
vn -0.66141731 -0.25196850 0.70866144
vn -0.62992126 -0.37007874 0.68503934
vn -0.80314958 -0.37795275 0.45669290
vn -0.74803150 -0.37795275 0.55118108
vn -0.62204725 -0.37007874 0.68503934
vn -0.63779527 -0.37007874 0.67716533
vn -0.63779527 -0.37795275 0.66929132
vn -0.64566928 -0.37007874 0.66929132
vn -0.64566928 -0.37795275 0.66929132
vn -0.51181102 -0.37795275 0.77165353
vn -0.37795275 -0.37795275 0.84251970
vn -0.29133859 -0.37007874 0.88188976
vn -0.50393701 -0.23622048 0.83464569
vn -0.66141731 -0.29133859 0.69291341
vn -0.66929132 -0.24409449 0.70866144
vn -0.67716533 -0.18897638 0.70866144
vn -0.67716533 -0.19685039 0.71653545
vn -0.67716533 -0.16535433 0.71653545
vn -0.60629922 -0.11811024 0.78740156
vn -0.00787402 1.00000000 -0.07086614
vn -0.01574803 1.00000000 -0.06299213
vn -0.07086614 0.78740156 -0.61417323
vn -0.28346455 0.77165353 -0.56692910
vn -0.05511811 0.77952754 -0.62204725
vn -0.27559054 0.79527557 -0.54330707
vn -0.07086614 0.29921260 -0.95275593
vn -0.25196850 0.82677168 -0.50393701
vn -0.42519686 0.71653545 -0.55118108
vn -0.41732284 0.33070865 -0.84251970
vn 0.11811024 0.35433072 -0.92913383
vn -0.43307087 0.27559054 -0.85826772
vn -0.43307087 0.25196850 -0.86614174
vn -0.57480317 0.28346455 -0.77165353
vn -0.37007874 0.28346455 -0.88188976
vn -0.42519686 0.31496063 -0.85039371
vn -0.54330707 0.29133859 -0.78740156
vn -0.52755904 0.39370078 -0.75590551
vn -0.40944880 0.38582677 -0.82677168
vn -0.40944880 0.37795275 -0.82677168
vn -0.54330707 0.37007874 -0.75590551
vn -0.41732284 0.37007874 -0.82677168
vn -0.40157479 0.44881889 -0.80314958
vn -0.45669290 0.48818898 -0.74803150
vn -0.21259843 0.33858266 -0.91338581
vn -0.37007874 0.56692910 -0.73228347
vn -0.48818898 0.57480317 -0.65354329
vn -0.35433072 0.58267719 -0.73228347
vn -0.52755904 0.59055120 -0.60629922
vn -0.19685039 0.59842521 -0.77952754
vn -0.18897638 0.57480317 -0.79527557
vn -0.05511811 0.56692910 -0.81889760
vn -0.25196850 0.58267719 -0.77165353
vn -0.26771653 0.41732284 -0.86614174
vn 0.07086614 0.57480317 -0.81102359
vn -0.06299213 0.40944880 -0.90551180
vn -0.14173228 0.37007874 -0.92125982
vn 0.01574803 0.44881889 -0.88976377
vn 0.29133859 0.44881889 -0.84251970
vn 0.14960630 0.37795275 -0.91338581
vn -0.06299213 0.36220473 -0.92913383
vn -0.06299213 0.38582677 -0.92125982
vn 0.04724409 0.33858266 -0.93700784
vn -0.06299213 0.31496063 -0.94488192
vn -0.07086614 0.25196850 -0.96850395
vn -0.15748031 0.25196850 -0.95275593
vn -0.07086614 0.24409449 -0.96850395
vn -0.06299213 0.27559054 -0.96062994
vn -0.06299213 0.35433072 -0.93700784
vn -0.29921260 -0.37795275 0.87401575
vn -0.28346455 -0.37007874 0.88188976
vn -0.29133859 -0.43307087 0.85826772
vn -0.27559054 -0.51181102 0.81102359
vn -0.09448819 -0.46456692 0.88188976
vn -0.28346455 -0.50393701 0.81889760
vn -0.26771653 -0.58267719 0.77165353
vn -0.18110237 -0.59055120 0.78740156
vn -0.25984251 -0.57480317 0.77165353
vn -0.26771653 -0.56692910 0.77952754
vn -0.26771653 -0.55905509 0.78740156
vn -0.19685039 -0.55118108 0.81102359
vn -0.25984251 -0.55905509 0.78740156
vn -0.25984251 -0.56692910 0.77952754
vn -0.04724409 -0.59055120 0.80314958
vn -0.25196850 -0.59842521 0.76377952
vn -0.25196850 -0.58267719 0.77165353
vn -0.11023622 -0.59842521 0.79527557
vn -0.25196850 -0.56692910 0.78740156
vn -0.25196850 -0.55905509 0.78740156
vn -0.30708662 -0.59842521 0.74015749
vn -0.29921260 -0.28346455 0.91338581
vn -0.31496063 -0.15748031 0.93700784
vn -0.31496063 -0.00787402 0.94488192
vn -0.17322835 -0.05511811 0.98425198
vn -0.30708662 -0.04724409 0.95275593
vn -0.22834645 -0.69291341 0.68503934
vn -0.30708662 -0.09448819 0.94488192
vn -0.31496063 -0.03937008 0.94488192
vn -0.22047244 -0.70078743 0.67716533
vn -0.03149606 -0.99212599 0.09448819
vn -0.01574803 -1.00000000 0.07874016
vn 0.00000000 -1.00000000 0.00000000
vn -0.00787402 -1.00000000 0.03937008
vn -0.22834645 -0.70078743 0.66929132
vn -0.01574803 -1.00000000 0.03149606
vn -0.33858266 -0.74015749 0.58267719
vn -0.59842521 -0.05511811 0.80314958
vn -0.32283464 -0.07874016 0.94488192
vn -0.51181102 -0.16535433 0.84251970
vn -0.69291341 -0.12598425 0.70866144
vn -0.56692910 -0.59055120 0.57480317
vn -0.41732284 -0.57480317 0.70866144
vn -0.58267719 -0.55905509 0.59055120
vn -0.56692910 -0.57480317 0.59055120
vn -0.57480317 -0.55905509 0.60629922
vn -0.48031497 -0.55905509 0.67716533
vn -0.57480317 -0.56692910 0.59055120
vn -0.55905509 -0.57480317 0.60629922
vn -0.44094488 -0.58267719 0.68503934
vn -0.25196850 -0.57480317 0.77952754
vn -0.55905509 -0.57480317 0.59055120
vn -0.55118108 -0.57480317 0.60629922
vn -0.56692910 -0.58267719 0.58267719
vn -0.59842521 -0.46456692 0.65354329
vn -0.48031497 -0.58267719 0.65354329
vn -0.59842521 -0.50393701 0.62204725
vn -0.62204725 -0.41732284 0.66141731
vn -0.37795275 -0.53543305 0.75590551
vn -0.45669290 -0.37795275 0.80314958
vn -0.26771653 -0.48031497 0.83464569
vn -0.42519686 -0.37795275 0.81889760
vn 0.07086614 -0.58267719 0.81102359
vn 0.09448819 -0.57480317 0.81102359
vn 0.18110237 -0.59055120 0.78740156
vn 0.39370078 -0.58267719 0.70866144
vn -0.00787402 -0.57480317 0.81889760
vn 0.09448819 -0.55118108 0.82677168
vn 0.09448819 -0.55905509 0.81889760
vn 0.08661418 -0.56692910 0.81889760
vn 0.08661418 -0.54330707 0.83464569
vn 0.07874016 -0.57480317 0.81889760
vn 0.06299213 -0.57480317 0.81102359
vn 0.07086614 -0.55118108 0.83464569
vn 0.06299213 -0.55905509 0.82677168
vn 0.23622048 -0.57480317 0.78740156
vn 0.16535433 -0.57480317 0.80314958
vn 0.40944880 -0.54330707 0.73228347
vn 0.40944880 -0.55905509 0.72440946
vn 0.40157479 -0.56692910 0.71653545
vn 0.39370078 -0.55905509 0.73228347
vn 0.37007874 -0.57480317 0.72440946
vn 0.42519686 -0.58267719 0.69291341
vn 0.37007874 -0.55905509 0.74015749
vn 0.36220473 -0.57480317 0.73228347
vn 0.38582677 -0.57480317 0.71653545
vn 0.40944880 -0.44094488 0.79527557
vn 0.45669290 -0.33070865 0.82677168
vn 0.46456692 -0.20472440 0.85826772
vn 0.45669290 -0.05511811 0.88976377
vn 0.45669290 -0.00787402 0.88976377
vn 0.47244096 -0.07086614 0.87401575
vn 0.48818898 -0.03937008 0.87401575
vn 0.29921260 -0.76377952 0.56692910
vn 0.33070865 -0.70078743 0.62992126
vn 0.02362205 -1.00000000 0.03937008
vn 0.36220473 -0.66929132 0.64566928
vn 0.01574803 -1.00000000 0.03937008
vn 0.29921260 -0.03149606 0.95275593
vn 0.00000000 -1.00000000 0.00787402
vn 0.03149606 -1.00000000 0.07874016
vn 0.00000000 -1.00000000 0.03937008
vn 0.01574803 -0.99212599 0.14173228
vn 0.14173228 -0.71653545 0.68503934
vn 0.06299213 -0.74015749 0.67716533
vn 0.00000000 -0.72440946 0.69291341
vn 0.07874016 -0.63779527 0.77165353
vn 0.11023622 -0.04724409 0.99212599
vn 0.10236220 -0.04724409 0.99212599
vn 0.09448819 -0.05511811 0.99212599
vn 0.10236220 -0.09448819 0.99212599
vn 0.02362205 -0.17322835 0.98425198
vn 0.09448819 -0.20472440 0.97637796
vn 0.08661418 -0.57480317 0.81102359
vn 0.08661418 -0.59055120 0.80314958
vn 0.09448819 -0.21259843 0.97637796
vn 0.07086614 -0.59055120 0.80314958
vn 0.25984251 -0.29921260 0.92125982
vn 0.29921260 -0.59842521 0.74015749
vn 0.29921260 0.37007874 -0.88188976
vn 0.31496063 0.35433072 -0.88188976
vn 0.40157479 0.34645671 -0.84251970
vn 0.29133859 0.52755904 -0.80314958
vn 0.44881889 0.53543305 -0.70866144
vn 0.26771653 0.56692910 -0.77952754
vn 0.12598425 0.57480317 -0.81102359
vn 0.27559054 0.57480317 -0.77165353
vn 0.34645671 0.57480317 -0.74015749
vn 0.57480317 0.56692910 -0.59055120
vn 0.57480317 0.57480317 -0.58267719
vn 0.28346455 0.57480317 -0.77165353
vn 0.27559054 0.59055120 -0.76377952
vn 0.08661418 0.59842521 -0.79527557
vn 0.16535433 0.60629922 -0.77952754
vn 0.28346455 0.59055120 -0.75590551
vn 0.27559054 0.59842521 -0.75590551
vn 0.14960630 0.59842521 -0.78740156
vn 0.48031497 0.59055120 -0.64566928
vn 0.28346455 0.59842521 -0.75590551
vn 0.27559054 0.59055120 -0.75590551
vn 0.31496063 0.36220473 -0.87401575
vn 0.12598425 0.60629922 -0.78740156
vn 0.29133859 0.59842521 -0.74803150
vn 0.09448819 0.15748031 -0.98425198
vn 0.28346455 0.59842521 -0.74803150
vn 0.51968503 0.59842521 -0.61417323
vn 0.50393701 0.59842521 -0.62204725
vn 0.33858266 0.04724409 -0.93700784
vn 0.36220473 0.11023622 -0.92913383
vn 0.51181102 0.27559054 -0.81102359
vn 0.55905509 0.07874016 -0.82677168
vn 0.68503934 0.25196850 -0.68503934
vn 0.36220473 0.08661418 -0.92913383
vn 0.36220473 0.20472440 -0.91338581
vn 0.00000000 1.00000000 -0.00787402
vn 0.00787402 1.00000000 -0.02362205
vn 0.31496063 0.08661418 -0.94488192
vn 0.00787402 0.99212599 -0.14173228
vn 0.09448819 0.05511811 -0.99212599
vn 0.56692910 0.59055120 -0.57480317
vn 0.57480317 0.59055120 -0.56692910
vn 0.56692910 0.59055120 -0.56692910
vn 0.57480317 0.58267719 -0.57480317
vn 0.49606299 0.68503934 0.52755904
vn 0.75590551 -0.11023622 0.64566928
vn 0.69291341 -0.18897638 0.69291341
vn 0.74803150 -0.14173228 0.64566928
vn 0.56692910 0.66141731 0.48818898
vn 0.07874016 0.99212599 0.07086614
vn -0.03149606 1.00000000 -0.02362205
vn 0.05511811 1.00000000 0.03937008
vn 0.64566928 0.50393701 0.57480317
vn -0.07874016 0.99212599 -0.07874016
vn -0.40944880 0.84251970 -0.36220473
vn -0.07086614 0.99212599 -0.07086614
vn 0.04724409 1.00000000 0.04724409
vn 0.44881889 0.78740156 0.42519686
vn 0.73228347 -0.04724409 0.68503934
vn 0.74015749 -0.09448819 0.66929132
vn 0.72440946 -0.18897638 0.66141731
vn 0.79527557 -0.15748031 0.58267719
vn 0.71653545 -0.19685039 0.66929132
vn 0.74803150 -0.18897638 0.63779527
vn 0.73228347 -0.19685039 0.65354329
vn 0.70078743 -0.31496063 0.63779527
vn 0.81889760 -0.18897638 0.54330707
vn 0.80314958 -0.33070865 0.48818898
vn 0.74015749 -0.25984251 0.62204725
vn 0.74015749 -0.25196850 0.62204725
vn 0.70866144 -0.37007874 0.59842521
vn 0.59055120 -0.36220473 0.72440946
vn 0.56692910 -0.37795275 0.73228347
vn 0.59842521 -0.37795275 0.70866144
vn 0.55905509 -0.37795275 0.74015749
vn 0.55905509 -0.48031497 0.67716533
vn 0.48818898 -0.59055120 0.64566928
vn 0.66141731 -0.50393701 0.55118108
vn 0.62992126 -0.58267719 0.51968503
vn 0.71653545 -0.36220473 0.59842521
vn 0.71653545 -0.37007874 0.59842521
vn 0.67716533 -0.43307087 0.59055120
vn 0.61417323 -0.58267719 0.53543305
vn 0.63779527 -0.50393701 0.58267719
vn 0.70078743 -0.37007874 0.61417323
vn 0.70078743 -0.37007874 0.60629922
vn 0.68503934 -0.37007874 0.62992126
vn 0.67716533 -0.37007874 0.62992126
vn 0.67716533 -0.37795275 0.63779527
vn 0.80314958 -0.37795275 0.45669290
vn 0.67716533 -0.37795275 0.62992126
vn 0.74803150 -0.37795275 0.55118108
vn 0.87401575 -0.37007874 0.31496063
vn 0.77952754 -0.37007874 0.51181102
vn 0.74803150 -0.47244096 0.47244096
vn 0.59842521 -0.57480317 0.55118108
vn 0.81889760 -0.48818898 0.29133859
vn 0.72440946 -0.59055120 0.35433072
vn -0.71653545 0.29921260 -0.63779527
vn -0.65354329 0.25196850 -0.71653545
vn -0.71653545 0.25196850 -0.64566928
vn -0.48031497 0.75590551 -0.44094488
vn -0.06299213 1.00000000 -0.03149606
vn -0.70866144 0.26771653 -0.65354329
vn -0.76377952 0.27559054 -0.58267719
vn -0.70866144 0.25196850 -0.66141731
vn -0.70078743 0.32283464 -0.63779527
vn -0.80314958 0.29133859 -0.51968503
vn -0.70078743 0.33070865 -0.62992126
vn -0.80314958 0.38582677 -0.45669290
vn -0.69291341 0.37795275 -0.61417323
vn -0.67716533 0.39370078 -0.62204725
vn -0.67716533 0.38582677 -0.62204725
vn -0.68503934 0.36220473 -0.62992126
vn -0.66929132 0.44881889 -0.59055120
vn -0.66141731 0.45669290 -0.59842521
vn -0.60629922 0.56692910 -0.55118108
vn -0.59842521 0.58267719 -0.55118108
vn -0.64566928 0.45669290 -0.60629922
vn -0.62992126 0.57480317 -0.52755904
vn -0.70078743 0.58267719 -0.40944880
vn -0.63779527 0.56692910 -0.51968503
vn -0.77165353 0.56692910 -0.29921260
vn -0.74803150 0.49606299 -0.44094488
vn -0.85039371 0.41732284 -0.32283464
vn -0.74015749 0.35433072 -0.56692910
vn -0.05511811 0.59055120 -0.81102359
vn -0.05511811 0.59842521 -0.80314958
vn -0.06299213 0.44094488 -0.89763778
vn -0.15748031 0.59842521 -0.77952754
vn -0.16535433 0.60629922 -0.77952754
vn -0.37007874 0.59842521 -0.71653545
vn -0.37007874 0.59055120 -0.71653545
vn -0.30708662 0.30708662 -0.89763778
vn -0.36220473 0.59842521 -0.71653545
vn -0.34645671 0.59842521 -0.72440946
vn -0.35433072 0.59055120 -0.72440946
vn -0.48031497 0.60629922 -0.63779527
vn -0.56692910 0.39370078 -0.72440946
vn -0.44094488 0.00000000 -0.89763778
vn -0.45669290 0.06299213 -0.88976377
vn -0.43307087 0.03149606 -0.89763778
vn -0.55118108 0.07874016 -0.82677168
vn -0.44881889 0.15748031 -0.88188976
vn -0.11811024 0.96062994 -0.24409449
vn -0.02362205 1.00000000 -0.03937008
vn -0.01574803 1.00000000 -0.02362205
vn 0.00000000 1.00000000 0.00000000
vn 0.00000000 1.00000000 -0.01574803
vn -0.16535433 0.07086614 -0.98425198
vn 0.00000000 1.00000000 -0.02362205
vn -0.06299213 0.25196850 -0.96850395
vn -0.07086614 0.08661418 -0.99212599
vn -0.07086614 0.00000000 -1.00000000
vn 0.62992126 -0.57480317 0.51968503
vn 0.50393701 -0.56692910 0.64566928
vn 0.64566928 -0.55118108 0.52755904
vn 0.48818898 -0.56692910 0.66929132
vn 0.61417323 -0.57480317 0.54330707
vn 0.62204725 -0.55905509 0.54330707
vn 0.51181102 -0.60629922 0.60629922
vn 0.63779527 -0.55905509 0.52755904
vn 0.62992126 -0.55118108 0.55118108
vn 0.60629922 -0.55905509 0.55905509
vn 0.61417323 -0.59055120 0.52755904
vn 0.42519686 -0.33858266 0.83464569
vn 0.66929132 -0.13385826 0.73228347
vn 0.67716533 -0.47244096 0.56692910
vn 0.55118108 -0.06299213 0.83464569
vn 0.76377952 -0.06299213 0.64566928
vn 0.49606299 -0.68503934 0.53543305
vn 0.11023622 -0.98425198 0.12598425
vn 0.49606299 -0.76377952 0.41732284
vn 0.76377952 -0.00787402 0.64566928
vn 0.75590551 -0.08661418 0.64566928
vn 0.06299213 -1.00000000 0.04724409
vn 0.51968503 -0.72440946 0.44881889
vn 0.05511811 -1.00000000 0.04724409
vn 0.03937008 -1.00000000 0.01574803
vn 0.03149606 -1.00000000 0.01574803
vn 0.10236220 -0.99212599 0.01574803
vn 0.62992126 -0.73228347 0.24409449
vn 0.63779527 -0.73228347 0.23622048
vn 0.61417323 -0.73228347 0.29133859
vn 0.85039371 -0.06299213 0.51968503
vn 0.92913383 -0.13385826 0.34645671
vn 0.93700784 -0.06299213 0.35433072
vn 0.97637796 -0.03149606 0.21259843
vn 0.93700784 -0.00787402 0.34645671
vn 0.92913383 -0.10236220 0.34645671
vn 0.91338581 -0.33070865 0.23622048
vn 0.75590551 -0.59055120 0.28346455
vn 0.88976377 -0.32283464 0.32283464
vn 0.74803150 -0.59055120 0.29133859
vn 0.83464569 -0.19685039 0.51181102
vn 0.72440946 -0.59842521 0.34645671
vn 0.76377952 -0.59055120 0.26771653
vn 0.78740156 -0.61417323 0.06299213
vn 0.76377952 -0.56692910 0.30708662
vn 0.75590551 -0.01574803 0.65354329
vn 0.70078743 -0.37795275 0.60629922
vn 0.59055120 -0.59842521 0.54330707
vn 0.60629922 -0.57480317 0.55118108
vn 0.73228347 -0.58267719 0.34645671
vn 0.69291341 -0.55905509 0.45669290
vn 0.77165353 -0.56692910 0.29133859
vn 0.78740156 -0.55118108 0.29133859
vn 0.77165353 -0.55905509 0.31496063
vn 0.81889760 -0.56692910 0.07874016
vn 0.78740156 -0.58267719 0.19685039
vn 0.77952754 -0.56692910 0.28346455
vn 0.75590551 -0.58267719 0.30708662
vn 0.80314958 -0.59055120 0.05511811
vn 0.75590551 -0.58267719 0.29133859
vn 0.77952754 -0.56692910 0.25984251
vn 0.65354329 -0.57480317 0.49606299
vn 0.71653545 -0.58267719 0.37795275
vn 0.77165353 -0.58267719 0.26771653
vn 0.81102359 -0.48818898 0.32283464
vn 0.74803150 -0.58267719 0.30708662
vn 0.79527557 -0.59055120 0.10236220
vn 0.84251970 -0.42519686 0.33858266
vn 0.84251970 -0.52755904 0.07086614
vn 0.67716533 0.52755904 0.51181102
vn 0.70866144 0.66141731 0.25196850
vn 0.05511811 1.00000000 0.02362205
vn 0.92913383 -0.14173228 0.33070865
vn 0.77165353 0.55905509 0.29133859
vn -0.07874016 1.00000000 -0.03149606
vn 0.85826772 -0.18897638 0.47244096
vn 0.92913383 -0.18110237 0.33070865
vn 0.91338581 -0.25196850 0.32283464
vn 0.92125982 -0.18110237 0.34645671
vn 0.92913383 -0.12598425 0.35433072
vn 0.87401575 -0.37007874 0.30708662
vn 0.86614174 -0.37007874 0.33858266
vn 0.87401575 -0.36220473 0.31496063
vn 0.86614174 -0.36220473 0.33858266
vn 0.89763778 -0.37007874 0.22834645
vn 0.85826772 -0.37007874 0.34645671
vn 0.85826772 -0.37007874 0.35433072
vn 0.92125982 -0.37795275 0.04724409
vn 0.87401575 -0.32283464 0.36220473
vn 0.92125982 -0.37795275 0.07086614
vn 0.96850395 -0.23622048 0.11023622
vn 0.88976377 -0.25984251 0.37007874
vn 0.91338581 -0.18897638 0.37007874
vn 0.96850395 -0.18897638 0.15748031
vn 0.90551180 -0.18897638 0.37007874
vn 0.90551180 -0.23622048 0.34645671
vn 0.91338581 -0.14960630 0.37007874
vn 0.98425198 -0.11811024 0.10236220
vn 0.77165353 0.55905509 0.31496063
vn 0.59055120 0.76377952 0.24409449
vn 0.06299213 1.00000000 0.02362205
vn 0.07874016 1.00000000 0.01574803
vn -0.11811024 0.99212599 -0.00787402
vn -0.06299213 1.00000000 -0.02362205
vn -0.57480317 0.81102359 -0.11811024
vn -0.57480317 0.78740156 -0.22834645
vn -0.89763778 0.26771653 -0.35433072
vn -0.96062994 0.28346455 -0.03149606
vn -0.56692910 0.79527557 -0.22047244
vn -0.94488192 0.24409449 -0.20472440
vn -0.55118108 0.80314958 -0.20472440
vn -0.88976377 0.30708662 -0.34645671
vn -0.90551180 0.23622048 -0.36220473
vn -0.57480317 0.74015749 -0.34645671
vn -0.90551180 0.25984251 -0.33858266
vn -0.90551180 0.24409449 -0.35433072
vn -0.88976377 0.29921260 -0.33858266
vn -0.88976377 0.27559054 -0.35433072
vn -0.95275593 0.28346455 -0.10236220
vn -0.88976377 0.39370078 -0.21259843
vn -0.88188976 0.31496063 -0.34645671
vn -0.85826772 0.38582677 -0.33858266
vn -0.86614174 0.36220473 -0.33858266
vn -0.86614174 0.37007874 -0.34645671
vn -0.91338581 0.37007874 -0.18110237
vn -0.81102359 0.48031497 -0.32283464
vn -0.81102359 0.57480317 -0.12598425
vn -0.84251970 0.42519686 -0.33070865
vn -0.89763778 0.44094488 -0.07874016
vn -0.59842521 0.59055120 -0.54330707
vn -0.58267719 0.59842521 -0.55118108
vn -0.65354329 0.59842521 -0.46456692
vn -0.71653545 0.59842521 -0.35433072
vn -0.75590551 0.59055120 -0.29133859
vn -0.79527557 0.59055120 -0.14960630
vn -0.77952754 0.60629922 -0.17322835
vn -0.74803150 0.59055120 -0.29921260
vn -0.80314958 0.59842521 -0.07086614
vn -0.93700784 0.30708662 -0.16535433
vn -0.81889760 0.33858266 -0.45669290
vn -0.88976377 0.31496063 -0.33858266
vn -0.92913383 0.00000000 -0.37007874
vn -0.92913383 0.05511811 -0.35433072
vn -0.93700784 0.00000000 -0.35433072
vn -0.89763778 0.25984251 -0.35433072
vn -0.03937008 1.00000000 -0.00787402
vn -0.92125982 0.17322835 -0.34645671
vn -0.01574803 1.00000000 -0.00787402
vn -0.88188976 0.33070865 -0.33858266
vn -0.83464569 0.03937008 -0.54330707
vn -0.09448819 0.99212599 -0.05511811
vn -0.00787402 1.00000000 -0.00787402
vn -0.71653545 0.14960630 -0.67716533
vn -0.72440946 0.11023622 -0.67716533
vn -0.59055120 0.59055120 -0.55905509
vn -0.66929132 0.43307087 -0.60629922
vn -0.73228347 0.09448819 -0.66929132
vn -0.74015749 0.00000000 -0.66929132
vn -0.74015749 0.11811024 -0.66141731
vn -0.03937008 1.00000000 -0.03149606
vn -0.48818898 -0.72440946 0.49606299
vn -0.04724409 -1.00000000 0.04724409
vn -0.69291341 -0.11811024 0.70866144
vn -0.70078743 0.00000000 0.71653545
vn -0.45669290 -0.75590551 0.46456692
vn -0.69291341 -0.02362205 0.71653545
vn -0.01574803 -1.00000000 0.01574803
vn -0.44881889 -0.75590551 0.47244096
vn -0.02362205 -1.00000000 0.01574803
vn -0.07874016 -1.00000000 0.03149606
vn -0.55118108 -0.70866144 0.44094488
vn -0.53543305 -0.81889760 0.22834645
vn -0.72440946 -0.61417323 0.30708662
vn -0.92125982 -0.06299213 0.39370078
vn -0.91338581 -0.03937008 0.40944880
vn -0.68503934 -0.06299213 0.72440946
vn -0.78740156 -0.03937008 0.62204725
vn -0.75590551 -0.03149606 0.65354329
vn -0.92125982 -0.00787402 0.38582677
vn -0.85039371 -0.35433072 0.37795275
vn -0.88976377 -0.25984251 0.37795275
vn -0.74015749 -0.59055120 0.32283464
vn -0.84251970 -0.40157479 0.36220473
vn -0.67716533 -0.17322835 0.71653545
vn -0.69291341 -0.11811024 0.71653545
vn -0.55905509 -0.58267719 0.59055120
vn -0.57480317 -0.59842521 0.55905509
vn -0.55118108 -0.59055120 0.59842521
vn -0.67716533 -0.58267719 0.45669290
vn -0.74803150 -0.57480317 0.31496063
vn -0.74015749 -0.58267719 0.33070865
vn -0.76377952 -0.55118108 0.34645671
vn -0.56692910 -0.55905509 0.60629922
vn -0.77165353 -0.55118108 0.32283464
vn -0.75590551 -0.56692910 0.33070865
vn -0.67716533 -0.57480317 0.45669290
vn -0.75590551 -0.58267719 0.31496063
vn -0.65354329 -0.59055120 0.48031497
vn -0.81889760 -0.46456692 0.33858266
vn -0.74803150 -0.58267719 0.33070865
vn -0.72440946 -0.48031497 0.49606299
vn -0.85826772 -0.37007874 0.36220473
vn -0.85826772 -0.37007874 0.35433072
vn -0.88188976 -0.28346455 0.38582677
vn -0.84251970 -0.37007874 0.38582677
vn -0.85826772 -0.36220473 0.35433072
vn -0.85039371 -0.37007874 0.38582677
vn -0.84251970 -0.37007874 0.40157479
vn -0.88976377 -0.37795275 0.25984251
vn -0.71653545 -0.37795275 0.59055120
vn -0.83464569 -0.37795275 0.40157479
vn -0.90551180 -0.37795275 0.18110237
vn -0.83464569 -0.37007874 0.40157479
vn -0.92913383 -0.37007874 0.01574803
vn -0.92913383 -0.37795275 0.03149606
vn -0.92913383 -0.36220473 0.01574803
vn -0.92913383 -0.37007874 0.03937008
vn -0.92913383 -0.29921260 0.21259843
vn -0.96062994 -0.27559054 0.02362205
vn -0.96062994 -0.26771653 0.04724409
vn -0.92913383 -0.36220473 0.06299213
vn -0.96850395 -0.23622048 0.06299213
vn -0.98425198 -0.18897638 0.02362205
vn -0.98425198 -0.18897638 0.04724409
vn -0.98425198 -0.18897638 0.06299213
vn -0.94488192 -0.18897638 0.26771653
vn -0.96850395 -0.18897638 0.14173228
vn -0.98425198 -0.18897638 0.05511811
vn -0.99212599 -0.12598425 0.03937008
vn -0.99212599 -0.11023622 0.05511811
vn -0.97637796 -0.15748031 -0.15748031
vn -0.95275593 -0.18897638 -0.25196850
vn -0.90551180 -0.18897638 -0.37795275
vn -0.86614174 0.48031497 -0.13385826
vn -0.92125982 -0.10236220 -0.37795275
vn -0.73228347 0.67716533 0.03937008
vn -0.07086614 1.00000000 -0.00787402
vn -0.66141731 0.70078743 -0.26771653
vn -0.04724409 1.00000000 0.00000000
vn 0.07086614 1.00000000 0.01574803
vn -0.74803150 0.66929132 0.02362205
vn 0.07086614 1.00000000 0.00000000
vn -0.99212599 -0.08661418 0.10236220
vn 0.60629922 0.79527557 -0.01574803
vn 0.59055120 0.80314958 0.08661418
vn 0.95275593 0.29921260 0.10236220
vn 0.23622048 0.96850395 -0.03937008
vn 0.95275593 0.29133859 -0.03149606
vn 0.96850395 0.25196850 0.05511811
vn 0.96850395 0.24409449 -0.03937008
vn 0.96062994 0.27559054 -0.03937008
vn 0.92913383 0.31496063 0.19685039
vn 0.92125982 0.38582677 -0.03149606
vn 0.95275593 0.25196850 -0.18110237
vn 0.93700784 0.30708662 -0.14960630
vn 0.88976377 0.39370078 -0.24409449
vn 0.92913383 0.37007874 -0.03149606
vn 0.88976377 0.37007874 -0.25984251
vn 0.86614174 0.33070865 -0.37795275
vn 0.88976377 0.34645671 -0.28346455
vn 0.85039371 0.37795275 -0.37007874
vn 0.82677168 0.42519686 -0.36220473
vn 0.87401575 0.30708662 -0.37795275
vn 0.88976377 0.24409449 -0.39370078
vn 0.88976377 0.23622048 -0.39370078
vn 0.85826772 0.37007874 -0.36220473
vn 0.80314958 0.48031497 -0.34645671
vn 0.88188976 0.29921260 -0.37007874
vn 0.82677168 0.43307087 -0.35433072
vn 0.75590551 0.56692910 -0.32283464
vn 0.73228347 0.49606299 -0.47244096
vn 0.66141731 0.57480317 -0.47244096
vn 0.45669290 0.86614174 -0.19685039
vn 0.58267719 0.77165353 -0.26771653
vn 0.05511811 1.00000000 -0.02362205
vn 0.04724409 1.00000000 -0.02362205
vn -0.07874016 1.00000000 0.03937008
vn -0.70866144 0.66141731 0.25196850
vn -0.61417323 0.74803150 0.26771653
vn -0.77165353 0.51968503 0.36220473
vn -0.88976377 -0.14960630 0.42519686
vn -0.90551180 -0.14173228 0.40157479
vn -0.89763778 -0.07874016 0.42519686
vn -0.88976377 -0.18897638 0.41732284
vn -0.88976377 -0.19685039 0.40944880
vn -0.88188976 -0.22047244 0.41732284
vn -0.88188976 -0.18897638 0.42519686
vn -0.87401575 -0.23622048 0.41732284
vn 0.04724409 0.99212599 -0.09448819
vn 0.00787402 1.00000000 -0.00787402
vn 0.70866144 0.04724409 -0.70078743
vn 0.01574803 1.00000000 -0.00787402
vn 0.02362205 1.00000000 -0.00787402
vn 0.91338581 0.11811024 -0.38582677
vn 0.91338581 0.10236220 -0.40157479
vn 0.70078743 0.05511811 -0.70866144
vn 0.69291341 0.15748031 -0.70078743
vn 0.70078743 0.14960630 -0.70078743
vn 0.85826772 0.05511811 -0.51968503
vn 0.72440946 0.29133859 -0.62204725
vn 0.88976377 0.24409449 -0.37795275
vn 0.91338581 0.08661418 -0.39370078
vn 0.68503934 0.59842521 -0.41732284
vn 0.74015749 0.59055120 -0.32283464
vn 0.74015749 0.59055120 -0.31496063
vn 0.59055120 0.59842521 -0.54330707
vn 0.74803150 0.58267719 -0.31496063
vn 0.63779527 0.59055120 -0.49606299
vn 0.75590551 0.57480317 -0.31496063
vn 0.68503934 0.58267719 -0.44094488
vn -0.77952754 -0.51968503 0.35433072
vn -0.73228347 -0.58267719 0.35433072
vn -0.81102359 -0.43307087 0.38582677
vn -0.84251970 -0.36220473 0.40157479
vn -0.78740156 -0.59055120 0.17322835
vn -0.88976377 -0.44094488 0.11811024
vn -0.80314958 -0.59055120 0.08661418
vn -0.77952754 -0.59055120 0.21259843
vn -0.81102359 -0.58267719 0.03149606
vn -0.87401575 -0.48818898 0.01574803
vn -0.91338581 -0.37007874 0.14173228
vn -0.81102359 -0.59055120 0.03149606
vn -0.80314958 -0.59055120 -0.07874016
vn -0.81889760 -0.57480317 0.04724409
vn -0.78740156 -0.57480317 -0.20472440
vn -0.75590551 -0.57480317 -0.31496063
vn -0.92913383 -0.37007874 0.03149606
vn -0.88188976 -0.47244096 0.05511811
vn -0.81889760 -0.56692910 0.04724409
vn -0.85039371 -0.49606299 -0.15748031
vn -0.80314958 -0.48031497 -0.34645671
vn -0.92125982 -0.37795275 0.05511811
vn -0.89763778 -0.37795275 -0.22047244
vn -0.85826772 -0.37007874 -0.36220473
vn -0.92913383 -0.37795275 0.06299213
vn -0.92913383 -0.37007874 0.05511811
vn -0.92913383 -0.37007874 0.04724409
vn -0.92125982 -0.37007874 0.07874016
vn -0.92913383 -0.37007874 0.02362205
vn -0.92125982 -0.37795275 0.06299213
vn -0.92913383 -0.37007874 0.06299213
vn -0.92125982 -0.37795275 -0.07086614
vn -0.92125982 -0.37795275 -0.11811024
vn -0.87401575 -0.37007874 -0.31496063
vn -0.96062994 -0.23622048 -0.14173228
vn -0.88976377 -0.27559054 -0.37007874
vn -0.90551180 -0.18110237 -0.37795275
vn 0.74803150 0.57480317 -0.32283464
vn 0.74803150 0.57480317 -0.33070865
vn 0.74015749 0.58267719 -0.33070865
vn 0.81102359 0.57480317 -0.11023622
vn 0.79527557 0.59055120 -0.10236220
vn 0.80314958 0.57480317 -0.15748031
vn 0.88976377 0.44881889 -0.07874016
vn 0.82677168 0.56692910 -0.02362205
vn 0.90551180 0.41732284 -0.03149606
vn 0.81889760 0.57480317 -0.02362205
vn 0.80314958 0.59842521 -0.02362205
vn 0.79527557 0.59055120 0.11023622
vn 0.80314958 0.59842521 0.03937008
vn 0.77952754 0.57480317 0.25196850
vn 0.85826772 0.50393701 0.07086614
vn 0.83464569 0.44094488 0.33070865
vn 0.91338581 0.37007874 0.15748031
vn 0.92913383 0.37795275 -0.03149606
vn 0.91338581 0.39370078 0.10236220
vn 0.85826772 0.38582677 0.34645671
vn -0.74015749 -0.57480317 0.34645671
vn -0.74803150 -0.55905509 0.35433072
vn -0.81102359 -0.56692910 0.14173228
vn -0.74015749 -0.58267719 0.34645671
vn -0.82677168 -0.56692910 0.01574803
vn -0.77952754 -0.60629922 0.14173228
vn -0.77165353 -0.60629922 0.18110237
vn -0.81102359 -0.58267719 0.01574803
vn -0.81889760 -0.57480317 0.03937008
vn -0.81889760 -0.57480317 -0.05511811
vn -0.76377952 -0.55905509 -0.32283464
vn -0.78740156 -0.60629922 -0.10236220
vn -0.95275593 -0.30708662 0.03149606
vn -0.76377952 -0.60629922 -0.22047244
vn -0.93700784 -0.34645671 0.01574803
vn -0.96850395 -0.14960630 0.18897638
vn -0.90551180 -0.07874016 0.41732284
vn -0.98425198 -0.02362205 0.15748031
vn -0.98425198 -0.14960630 -0.10236220
vn -0.91338581 -0.17322835 -0.37007874
vn -0.90551180 -0.06299213 0.41732284
vn -0.59842521 -0.75590551 0.26771653
vn -0.65354329 -0.71653545 0.22834645
vn -0.02362205 -1.00000000 0.00787402
vn -0.64566928 -0.76377952 0.00787402
vn -0.03937008 -1.00000000 0.00000000
vn -1.00000000 -0.05511811 0.02362205
vn -0.12598425 -0.99212599 0.00000000
vn -0.74015749 -0.66929132 0.02362205
vn -1.00000000 -0.03149606 0.03149606
vn -0.98425198 -0.05511811 -0.15748031
vn -0.92913383 -0.05511811 -0.37795275
vn -0.66141731 -0.74803150 -0.03937008
vn -0.59842521 -0.76377952 -0.25196850
vn -0.02362205 -1.00000000 -0.00787402
vn -0.00787402 -1.00000000 0.00000000
vn 0.76377952 0.59055120 -0.25984251
vn 0.80314958 0.59842521 -0.04724409
vn 0.81102359 0.59055120 -0.02362205
vn 0.77952754 0.59842521 0.20472440
vn 0.93700784 0.24409449 -0.25196850
vn 0.93700784 0.33858266 0.07874016
vn 0.97637796 0.19685039 -0.02362205
vn 0.90551180 0.24409449 0.36220473
vn 0.99212599 0.01574803 -0.14173228
vn 0.98425198 0.03937008 0.15748031
vn 0.89763778 0.28346455 0.34645671
vn 1.00000000 0.00000000 -0.02362205
vn 1.00000000 0.00000000 -0.03149606
vn 0.97637796 0.22834645 -0.02362205
vn 0.99212599 0.10236220 -0.03149606
vn 0.03149606 1.00000000 0.00000000
vn 0.03149606 1.00000000 0.00787402
vn 0.01574803 1.00000000 0.00000000
vn 0.28346455 0.96062994 -0.04724409
vn 0.00787402 1.00000000 0.00000000
vn 0.65354329 0.75590551 0.06299213
vn 0.06299213 1.00000000 -0.00787402
vn 0.88976377 0.45669290 -0.04724409
vn 0.99212599 -0.12598425 -0.04724409
vn 0.69291341 0.72440946 -0.02362205
vn -0.11811024 0.99212599 0.00787402
vn 0.09448819 0.99212599 0.00000000
vn 0.80314958 0.59842521 -0.05511811
vn 0.04724409 1.00000000 -0.01574803
vn 0.98425198 -0.14173228 -0.12598425
vn 0.98425198 -0.18897638 -0.06299213
vn 0.98425198 -0.18897638 -0.03937008
vn 0.95275593 -0.28346455 -0.06299213
vn 0.96850395 -0.18897638 -0.18110237
vn 0.65354329 0.69291341 -0.29921260
vn 0.89763778 -0.13385826 -0.41732284
vn 0.88976377 -0.18897638 -0.40944880
vn 0.96062994 -0.18897638 -0.21259843
vn 0.95275593 -0.31496063 -0.03149606
vn 0.94488192 -0.30708662 -0.14173228
vn 0.92913383 -0.37007874 -0.04724409
vn 0.92125982 -0.37795275 -0.11811024
vn 0.87401575 -0.26771653 -0.40157479
vn 0.92913383 -0.37795275 -0.05511811
vn 0.92913383 -0.37007874 -0.05511811
vn 0.92913383 -0.37007874 -0.03149606
vn 0.92913383 -0.37007874 -0.03937008
vn 0.92913383 -0.36220473 -0.01574803
vn 0.88188976 -0.37007874 -0.29921260
vn 0.85039371 -0.37007874 -0.38582677
vn 0.85826772 -0.37007874 -0.36220473
vn 0.83464569 -0.39370078 -0.37795275
vn 0.85826772 -0.37007874 -0.37007874
vn 0.87401575 -0.29133859 -0.39370078
vn 0.88188976 -0.30708662 -0.36220473
vn 0.90551180 -0.18110237 -0.37795275
vn 0.90551180 -0.14173228 -0.39370078
vn 0.89763778 -0.26771653 -0.34645671
vn 0.86614174 -0.37007874 -0.33858266
vn 0.80314958 -0.37007874 -0.46456692
vn 0.80314958 -0.37795275 -0.45669290
vn 0.66929132 -0.37007874 -0.63779527
vn 0.82677168 -0.37007874 -0.41732284
vn 0.86614174 -0.36220473 -0.33858266
vn 0.77952754 -0.37007874 -0.50393701
vn 0.81889760 -0.46456692 -0.33070865
vn 0.71653545 -0.44881889 -0.52755904
vn 0.78740156 -0.54330707 -0.29921260
vn 0.87401575 -0.25196850 -0.41732284
vn 0.69291341 -0.27559054 -0.66141731
vn 0.91338581 -0.18110237 -0.35433072
vn 0.81889760 -0.18897638 -0.54330707
vn 0.71653545 -0.18897638 -0.67716533
vn 0.86614174 -0.16535433 -0.47244096
vn 0.72440946 -0.11811024 -0.68503934
vn 0.92125982 -0.18110237 -0.35433072
vn 0.66929132 0.62204725 -0.40944880
vn 0.55905509 0.62992126 -0.53543305
vn 0.92913383 -0.01574803 -0.36220473
vn 0.05511811 1.00000000 -0.03937008
vn 0.71653545 0.64566928 -0.27559054
vn 0.06299213 1.00000000 -0.02362205
vn 0.70078743 0.64566928 -0.29133859
vn 0.78740156 0.48818898 -0.36220473
vn 0.06299213 1.00000000 -0.03149606
vn -0.06299213 1.00000000 0.03149606
vn -0.03937008 1.00000000 0.03149606
vn -0.46456692 0.80314958 0.37795275
vn -0.06299213 1.00000000 0.02362205
vn -0.57480317 0.78740156 0.23622048
vn -0.82677168 0.31496063 0.46456692
vn -0.05511811 1.00000000 0.02362205
vn -0.06299213 1.00000000 0.01574803
vn -0.59055120 0.79527557 0.12598425
vn -0.56692910 0.78740156 0.24409449
vn -0.87401575 0.31496063 0.36220473
vn -0.89763778 0.24409449 0.37007874
vn -0.88976377 0.25984251 0.38582677
vn -0.74803150 0.25196850 0.61417323
vn -0.94488192 0.26771653 0.18110237
vn -0.83464569 0.30708662 0.46456692
vn -0.70078743 0.28346455 0.65354329
vn -0.89763778 0.24409449 0.37795275
vn -0.88976377 0.24409449 0.38582677
vn -0.85826772 0.36220473 0.36220473
vn -0.81889760 0.37795275 0.43307087
vn -0.86614174 0.33858266 0.37007874
vn -0.92913383 0.32283464 0.17322835
vn -0.90551180 0.42519686 0.03149606
vn -0.96850395 0.25196850 0.03937008
vn -0.96850395 0.25196850 0.03149606
vn -0.93700784 0.33858266 0.03149606
vn -0.92913383 0.36220473 0.03149606
vn -0.92913383 0.37795275 0.03149606
vn -0.92125982 0.37795275 0.03149606
vn -0.86614174 0.49606299 0.03149606
vn -0.87401575 0.46456692 0.13385826
vn -0.89763778 0.38582677 0.22047244
vn -0.85039371 0.37007874 0.37007874
vn -0.79527557 0.57480317 0.21259843
vn -0.85826772 0.37007874 0.36220473
vn -0.76377952 0.56692910 0.31496063
vn -0.70866144 0.56692910 0.41732284
vn -0.68503934 0.59055120 0.43307087
vn -0.83464569 0.41732284 0.34645671
vn -0.69291341 0.47244096 0.54330707
vn 0.92125982 -0.37795275 0.05511811
vn 0.92913383 -0.36220473 -0.05511811
vn 0.92913383 -0.36220473 -0.03149606
vn 0.88188976 -0.47244096 -0.04724409
vn 0.92913383 -0.36220473 -0.00787402
vn 0.86614174 -0.50393701 -0.03149606
vn 0.81102359 -0.59055120 -0.04724409
vn 0.93700784 -0.36220473 -0.00787402
vn 0.91338581 -0.36220473 -0.16535433
vn 0.84251970 -0.54330707 -0.00787402
vn 0.81102359 -0.59055120 -0.02362205
vn 0.81889760 -0.51968503 -0.25196850
vn 0.74015749 -0.58267719 -0.33858266
vn 0.79527557 -0.59055120 -0.14173228
vn 0.81102359 -0.58267719 -0.00787402
vn 0.81102359 -0.58267719 -0.03149606
vn 0.80314958 -0.58267719 -0.12598425
vn 0.74803150 -0.58267719 -0.31496063
vn 0.66141731 -0.58267719 -0.46456692
vn 0.76377952 -0.57480317 -0.29133859
vn 0.70866144 -0.58267719 -0.40157479
vn 0.77165353 -0.56692910 -0.28346455
vn 0.75590551 -0.55905509 -0.33070865
vn 0.77952754 -0.55905509 -0.29133859
vn 0.70078743 -0.57480317 -0.43307087
vn 0.77952754 -0.55118108 -0.29133859
vn 0.70078743 -0.56692910 -0.43307087
vn 0.75590551 -0.58267719 -0.30708662
vn 0.70866144 -0.58267719 -0.39370078
vn 0.80314958 -0.56692910 -0.18110237
vn 0.74803150 -0.57480317 -0.33070865
vn 0.74015749 -0.59842521 -0.30708662
vn 0.74803150 -0.59842521 -0.28346455
vn 0.81889760 -0.57480317 -0.01574803
vn 0.83464569 -0.55905509 -0.02362205
vn 0.81889760 -0.57480317 -0.04724409
vn 0.81889760 -0.57480317 -0.05511811
vn 0.90551180 -0.20472440 -0.37795275
vn 0.91338581 -0.17322835 -0.36220473
vn 0.77952754 -0.61417323 -0.13385826
vn 0.92913383 -0.00787402 -0.37007874
vn 0.92913383 -0.32283464 -0.19685039
vn 0.79527557 -0.60629922 -0.01574803
vn 0.92125982 -0.07874016 -0.38582677
vn 0.92913383 -0.04724409 -0.36220473
vn 0.95275593 -0.04724409 -0.29133859
vn 0.98425198 -0.18897638 -0.02362205
vn 0.96850395 -0.24409449 -0.03149606
vn 1.00000000 -0.03149606 -0.01574803
vn 1.00000000 -0.04724409 -0.03149606
vn 0.94488192 -0.32283464 -0.03149606
vn 0.70078743 -0.71653545 -0.01574803
vn 0.64566928 -0.70866144 -0.28346455
vn 0.50393701 -0.83464569 -0.21259843
vn 0.66929132 -0.73228347 -0.11023622
vn 0.06299213 -1.00000000 -0.03149606
vn 0.03937008 -1.00000000 -0.01574803
vn 0.07874016 -1.00000000 -0.01574803
vn 0.04724409 -1.00000000 0.00000000
vn 0.62992126 -0.77952754 -0.02362205
vn 0.02362205 -1.00000000 0.00000000
vn 1.00000000 -0.06299213 -0.03937008
vn 0.72440946 -0.68503934 0.05511811
vn 0.80314958 -0.59842521 0.05511811
vn 0.81102359 -0.58267719 -0.04724409
vn -0.81889760 0.56692910 0.02362205
vn -0.81102359 0.58267719 0.02362205
vn -0.79527557 0.58267719 0.16535433
vn -0.80314958 0.59842521 0.02362205
vn -0.79527557 0.59842521 0.11023622
vn -0.74803150 0.59055120 0.31496063
vn -0.71653545 0.59842521 0.37007874
vn -0.80314958 0.59055120 0.02362205
vn -0.77952754 0.59842521 0.19685039
vn -0.74015749 0.59055120 0.31496063
vn -0.81102359 0.59055120 0.02362205
vn -0.78740156 0.59842521 0.15748031
vn -0.88188976 0.48031497 0.02362205
vn -0.96062994 0.17322835 0.20472440
vn -0.91338581 0.07086614 0.39370078
vn -0.91338581 0.11811024 0.38582677
vn -0.00787402 1.00000000 0.00000000
vn -1.00000000 0.00000000 0.01574803
vn -0.01574803 1.00000000 0.00000000
vn -0.97637796 0.13385826 0.18110237
vn -1.00000000 0.00787402 0.01574803
vn -1.00000000 0.00787402 0.02362205
vn -0.94488192 0.33858266 0.00787402
vn -0.02362205 1.00000000 0.00000000
vn -0.96850395 0.25196850 0.01574803
vn -1.00000000 0.04724409 -0.07086614
vn 0.01574803 -1.00000000 -0.00787402
vn 0.01574803 -1.00000000 -0.01574803
vn 0.04724409 -1.00000000 -0.03937008
vn 0.64566928 -0.72440946 -0.23622048
vn 0.00787402 -1.00000000 -0.02362205
vn 0.02362205 -1.00000000 -0.03149606
vn 0.01574803 -1.00000000 -0.02362205
vn 0.00000000 -1.00000000 -0.02362205
vn 0.07086614 -0.98425198 -0.18110237
vn 0.16535433 -0.78740156 -0.59842521
vn 0.06299213 -0.73228347 -0.67716533
vn 0.35433072 -0.66929132 -0.65354329
vn 0.21259843 -0.05511811 -0.97637796
vn 0.33070865 -0.70078743 -0.62992126
vn 0.32283464 -0.70078743 -0.63779527
vn 0.46456692 -0.03149606 -0.88188976
vn 0.47244096 -0.03149606 -0.88188976
vn 0.08661418 -0.04724409 -0.99212599
vn 0.08661418 -0.25196850 -0.96062994
vn 0.33858266 -0.15748031 -0.92913383
vn 0.22047244 -0.60629922 -0.76377952
vn 0.47244096 -0.15748031 -0.86614174
vn 0.42519686 -0.41732284 -0.80314958
vn 0.44881889 -0.06299213 -0.88976377
vn 0.44881889 -0.12598425 -0.88188976
vn 0.44881889 0.00000000 -0.89763778
vn 0.54330707 -0.05511811 -0.83464569
vn 0.47244096 -0.73228347 -0.48818898
vn 0.62204725 -0.14173228 -0.77165353
vn 0.75590551 -0.05511811 -0.65354329
vn 0.54330707 -0.69291341 -0.48031497
vn 0.52755904 -0.70078743 -0.47244096
vn 0.74803150 -0.04724409 -0.66141731
vn 0.50393701 -0.73228347 -0.45669290
vn 0.60629922 -0.71653545 -0.33858266
vn 0.85039371 -0.03937008 -0.52755904
vn 0.74803150 -0.00787402 -0.66141731
vn 0.74015749 -0.10236220 -0.66141731
vn 0.69291341 -0.40157479 -0.59842521
vn 0.72440946 -0.25196850 -0.63779527
vn 0.60629922 -0.59055120 -0.53543305
vn 0.55905509 -0.59842521 -0.57480317
vn 0.36220473 -0.59842521 -0.71653545
vn 0.47244096 -0.60629922 -0.63779527
vn 0.62204725 -0.56692910 -0.53543305
vn 0.36220473 -0.57480317 -0.73228347
vn 0.37795275 -0.58267719 -0.71653545
vn 0.38582677 -0.57480317 -0.71653545
vn 0.37795275 -0.55118108 -0.74015749
vn 0.20472440 -0.59055120 -0.77952754
vn 0.05511811 -0.55905509 -0.82677168
vn 0.28346455 -0.55118108 -0.78740156
vn 0.40157479 -0.54330707 -0.74015749
vn 0.22047244 -0.56692910 -0.79527557
vn 0.05511811 -0.56692910 -0.81889760
vn 0.19685039 -0.59055120 -0.78740156
vn 0.11811024 -0.59055120 -0.80314958
vn 0.38582677 -0.56692910 -0.72440946
vn 0.37007874 -0.57480317 -0.72440946
vn 0.37007874 -0.56692910 -0.73228347
vn 0.36220473 -0.55905509 -0.74803150
vn 0.35433072 -0.57480317 -0.74015749
vn 0.35433072 -0.57480317 -0.73228347
vn 0.52755904 -0.58267719 -0.62204725
vn 0.49606299 -0.58267719 -0.64566928
vn 0.62204725 -0.57480317 -0.53543305
vn 0.50393701 -0.57480317 -0.64566928
vn 0.46456692 -0.57480317 -0.66929132
vn 0.56692910 -0.55905509 -0.60629922
vn 0.63779527 -0.55118108 -0.54330707
vn 0.61417323 -0.55905509 -0.55118108
vn 0.60629922 -0.57480317 -0.54330707
vn 0.61417323 -0.57480317 -0.53543305
vn 0.59842521 -0.58267719 -0.55118108
vn 0.59055120 -0.57480317 -0.55905509
vn 0.59842521 -0.56692910 -0.56692910
vn 0.60629922 -0.55118108 -0.56692910
vn 0.63779527 -0.60629922 -0.47244096
vn 0.59055120 -0.59842521 -0.53543305
vn 0.80314958 -0.23622048 -0.55118108
vn 0.92913383 -0.11811024 -0.35433072
vn 0.65354329 -0.70866144 -0.25984251
vn -0.00787402 1.00000000 0.01574803
vn -0.01574803 1.00000000 0.03149606
vn -0.03149606 1.00000000 0.01574803
vn -0.42519686 0.05511811 0.90551180
vn -0.01574803 1.00000000 0.03937008
vn -0.87401575 0.32283464 0.35433072
vn -0.02362205 1.00000000 0.02362205
vn -0.03149606 1.00000000 0.03149606
vn -0.77952754 0.09448819 0.62204725
vn -0.92125982 0.00000000 0.37795275
vn -0.91338581 0.17322835 0.37795275
vn -0.83464569 0.00000000 0.55118108
vn -0.72440946 0.06299213 0.69291341
vn -0.67716533 0.34645671 0.64566928
vn -0.75590551 0.36220473 0.55118108
vn -0.64566928 0.59055120 0.48031497
vn -0.58267719 0.59842521 0.55905509
vn -0.59055120 0.59055120 0.55905509
vn -0.59055120 0.59055120 0.55118108
vn -0.59842521 0.59055120 0.55118108
vn -0.43307087 0.60629922 0.66929132
vn -0.44094488 0.59842521 0.66929132
vn -0.34645671 0.59055120 0.73228347
vn -0.42519686 0.59842521 0.67716533
vn -0.34645671 0.59842521 0.72440946
vn -0.35433072 0.59842521 0.72440946
vn -0.34645671 0.59055120 0.72440946
vn -0.56692910 0.22047244 0.79527557
vn -0.40944880 0.31496063 0.85826772
vn -0.19685039 0.59842521 0.77165353
vn -0.22047244 0.60629922 0.76377952
vn -0.26771653 0.17322835 0.94488192
vn -0.35433072 0.59842521 0.71653545
vn -0.12598425 0.60629922 0.78740156
vn -0.23622048 0.59055120 0.77165353
vn -0.08661418 0.60629922 0.78740156
vn -0.44094488 0.02362205 0.89763778
vn -0.10236220 0.01574803 0.99212599
vn -0.01574803 0.97637796 0.20472440
vn -0.03937008 0.10236220 0.99212599
vn -0.41732284 0.11811024 0.89763778
vn -0.02362205 1.00000000 0.03149606
vn -0.62992126 0.06299213 0.77952754
vn -0.70078743 0.24409449 0.66929132
vn -0.72440946 0.00000000 0.68503934
vn -0.02362205 -1.00000000 -0.01574803
vn 0.00787402 -0.99212599 -0.10236220
vn -0.00787402 -1.00000000 -0.03149606
vn -0.01574803 -1.00000000 -0.04724409
vn -0.00787402 -0.70078743 -0.70866144
vn 0.07086614 -0.63779527 -0.77165353
vn 0.09448819 -0.07874016 -0.99212599
vn -0.22834645 -0.74015749 -0.63779527
vn -0.13385826 -0.03149606 -0.99212599
vn 0.09448819 0.00000000 -0.99212599
vn -0.22047244 -0.73228347 -0.64566928
vn -0.32283464 -0.03937008 -0.94488192
vn -0.12598425 -0.33858266 -0.92913383
vn 0.08661418 -0.48031497 -0.87401575
vn 0.07086614 -0.59055120 -0.80314958
vn -0.32283464 -0.11811024 -0.93700784
vn 0.00000000 -0.59842521 -0.80314958
vn 0.07086614 -0.55118108 -0.83464569
vn 0.08661418 -0.55905509 -0.82677168
vn -0.27559054 -0.58267719 -0.76377952
vn -0.14173228 -0.55905509 -0.81889760
vn -0.25984251 -0.59055120 -0.76377952
vn 0.07874016 -0.55905509 -0.82677168
vn 0.08661418 -0.55905509 -0.81889760
vn 0.06299213 -0.58267719 -0.81102359
vn 0.05511811 -0.51181102 -0.85826772
vn 0.07874016 -0.43307087 -0.89763778
vn 0.05511811 -0.37007874 -0.92913383
vn 0.08661418 -0.52755904 -0.84251970
vn 0.07874016 -0.58267719 -0.81102359
vn -0.14960630 -0.59055120 -0.79527557
vn -0.09448819 -0.59055120 -0.80314958
vn -0.10236220 -0.56692910 -0.81889760
vn -0.27559054 -0.56692910 -0.77952754
vn -0.26771653 -0.57480317 -0.77165353
vn -0.27559054 -0.54330707 -0.79527557
vn -0.26771653 -0.55905509 -0.77952754
vn -0.25984251 -0.55905509 -0.78740156
vn -0.26771653 -0.57480317 -0.77952754
vn -0.25196850 -0.57480317 -0.77952754
vn -0.38582677 -0.58267719 -0.71653545
vn -0.52755904 -0.57480317 -0.62204725
vn -0.59842521 -0.52755904 -0.60629922
vn -0.25196850 -0.56692910 -0.77952754
vn -0.44881889 -0.55905509 -0.70078743
vn -0.59055120 -0.55118108 -0.59055120
vn -0.44881889 -0.58267719 -0.67716533
vn -0.59055120 -0.56692910 -0.57480317
vn -0.57480317 -0.59055120 -0.56692910
vn -0.49606299 -0.31496063 -0.81102359
vn -0.68503934 -0.22834645 -0.68503934
vn -0.28346455 -0.46456692 -0.84251970
vn -0.62204725 -0.02362205 -0.78740156
vn -0.31496063 -0.11023622 -0.94488192
vn -0.32283464 -0.00787402 -0.94488192
vn -0.32283464 -0.04724409 -0.94488192
vn -0.32283464 -0.07086614 -0.94488192
vn -0.24409449 -0.64566928 -0.72440946
vn -0.18897638 -0.80314958 -0.55905509
vn -0.37795275 -0.72440946 -0.58267719
vn -0.04724409 -0.99212599 -0.08661418
vn -0.44094488 -0.77952754 -0.44094488
vn -0.70078743 -0.11811024 -0.70078743
vn -0.70866144 0.00000000 -0.70866144
vn 0.00787402 1.00000000 0.01574803
vn 0.01574803 1.00000000 0.03937008
vn 0.01574803 1.00000000 0.01574803
vn 0.02362205 1.00000000 0.00787402
vn 0.23622048 0.96850395 0.08661418
vn 0.25196850 0.96062994 0.10236220
vn 0.92913383 0.02362205 0.36220473
vn 0.92913383 0.03937008 0.36220473
vn 0.92125982 0.13385826 0.36220473
vn 0.75590551 0.59055120 0.29921260
vn 0.90551180 0.02362205 0.41732284
vn 0.76377952 0.37795275 0.51968503
vn 0.22834645 0.96062994 0.16535433
vn 0.70078743 0.02362205 0.70866144
vn 0.70866144 0.14960630 0.69291341
vn 0.70078743 0.22834645 0.67716533
vn 0.19685039 0.96062994 0.18897638
vn 0.12598425 0.98425198 0.14173228
vn 0.71653545 0.04724409 0.69291341
vn 0.72440946 0.01574803 0.68503934
vn 0.70866144 0.18897638 0.67716533
vn 0.63779527 0.03149606 0.77165353
vn 0.59055120 0.58267719 0.55905509
vn 0.37007874 0.60629922 0.70866144
vn 0.57480317 0.59055120 0.56692910
vn 0.56692910 0.58267719 0.57480317
vn 0.57480317 0.59055120 0.57480317
vn 0.59842521 0.57480317 0.55118108
vn 0.58267719 0.58267719 0.56692910
vn 0.68503934 0.59842521 0.41732284
vn 0.56692910 0.59055120 0.56692910
vn 0.56692910 0.58267719 0.58267719
vn 0.70866144 0.59055120 0.38582677
vn 0.56692910 0.57480317 0.59055120
vn 0.56692910 0.56692910 0.59842521
vn 0.59055120 0.59842521 0.54330707
vn 0.57480317 0.59055120 0.55905509
vn 0.74015749 0.57480317 0.35433072
vn 0.75590551 0.57480317 0.29921260
vn 0.75590551 0.59055120 0.29133859
vn 0.74803150 0.59055120 0.29921260
vn 0.76377952 0.56692910 0.30708662
vn -0.02362205 -1.00000000 -0.02362205
vn -0.03149606 -1.00000000 -0.00787402
vn -0.04724409 -1.00000000 -0.02362205
vn -0.03149606 -1.00000000 -0.02362205
vn -0.41732284 -0.85826772 -0.30708662
vn -0.64566928 -0.72440946 -0.25196850
vn -0.62204725 -0.74015749 -0.25196850
vn -0.92913383 -0.03149606 -0.37007874
vn -0.82677168 -0.14173228 -0.55118108
vn -0.50393701 -0.69291341 -0.51968503
vn -0.70078743 -0.03937008 -0.70866144
vn -0.85826772 -0.00787402 -0.51181102
vn -0.85039371 -0.40944880 -0.33858266
vn -0.91338581 -0.16535433 -0.36220473
vn -0.71653545 -0.34645671 -0.60629922
vn -0.74803150 -0.59055120 -0.29133859
vn -0.75590551 -0.57480317 -0.30708662
vn -0.76377952 -0.57480317 -0.29921260
vn -0.70078743 -0.58267719 -0.40944880
vn -0.77952754 -0.55118108 -0.29921260
vn -0.76377952 -0.55905509 -0.31496063
vn -0.75590551 -0.56692910 -0.32283464
vn -0.75590551 -0.58267719 -0.30708662
vn -0.71653545 -0.59055120 -0.37795275
vn -0.64566928 -0.57480317 -0.50393701
vn -0.63779527 -0.56692910 -0.52755904
vn -0.74803150 -0.58267719 -0.31496063
vn -0.84251970 -0.41732284 -0.33858266
vn -0.79527557 -0.51181102 -0.31496063
vn -0.65354329 -0.55905509 -0.51181102
vn -0.55905509 -0.58267719 -0.59055120
vn -0.56692910 -0.56692910 -0.59842521
vn -0.56692910 -0.57480317 -0.59055120
vn -0.60629922 -0.46456692 -0.64566928
vn -0.57480317 -0.57480317 -0.58267719
vn -0.58267719 -0.55905509 -0.59055120
vn -0.57480317 -0.55905509 -0.59055120
vn -0.56692910 -0.58267719 -0.57480317
vn -0.66929132 -0.30708662 -0.67716533
vn -0.70078743 -0.04724409 -0.70866144
vn -0.41732284 -0.80314958 -0.42519686
vn -0.01574803 -1.00000000 -0.01574803
vn 0.57480317 0.78740156 0.22834645
vn 0.89763778 0.25196850 0.36220473
vn 0.04724409 1.00000000 0.01574803
vn 0.88188976 0.29921260 0.35433072
vn 0.88188976 0.31496063 0.35433072
vn 0.89763778 0.24409449 0.36220473
vn 0.52755904 0.81889760 0.21259843
vn 0.89763778 0.26771653 0.35433072
vn 0.86614174 0.36220473 0.34645671
vn 0.87401575 0.33070865 0.34645671
vn 0.81102359 0.25196850 0.52755904
vn 0.85826772 0.37795275 0.33858266
vn 0.81889760 0.37795275 0.43307087
vn 0.80314958 0.49606299 0.32283464
vn 0.78740156 0.42519686 0.44094488
vn 0.76377952 0.33070865 0.55118108
vn 0.64566928 0.38582677 0.66141731
vn 0.62992126 0.58267719 0.51968503
vn 0.58267719 0.57480317 0.56692910
vn 0.65354329 0.36220473 0.66929132
vn 0.62992126 0.58267719 0.51181102
vn 0.58267719 0.56692910 0.57480317
vn 0.58267719 0.56692910 0.58267719
vn 0.58267719 0.57480317 0.57480317
vn 0.62992126 0.44094488 0.63779527
vn 0.63779527 0.44094488 0.62992126
vn 0.66141731 0.34645671 0.66141731
vn 0.65354329 0.37007874 0.65354329
vn 0.51181102 0.37007874 0.77165353
vn 0.52755904 0.39370078 0.75590551
vn 0.66929132 0.33858266 0.66141731
vn 0.43307087 0.57480317 0.69291341
vn 0.44094488 0.48818898 0.75590551
vn 0.44881889 0.57480317 0.68503934
vn 0.66929132 0.32283464 0.66929132
vn 0.58267719 0.58267719 0.57480317
vn 0.59055120 0.56692910 0.57480317
vn 0.66141731 0.32283464 0.67716533
vn 0.68503934 0.24409449 0.69291341
vn 0.50393701 0.31496063 0.80314958
vn 0.51181102 0.25196850 0.81889760
vn 0.68503934 0.25196850 0.68503934
vn 0.67716533 0.25196850 0.69291341
vn 0.66929132 0.27559054 0.68503934
vn 0.52755904 0.31496063 0.78740156
vn 0.66929132 0.31496063 0.66929132
vn 0.40944880 0.81889760 0.40944880
vn 0.38582677 0.78740156 0.48818898
vn 0.03937008 1.00000000 0.03937008
vn 0.72440946 0.29133859 0.62204725
vn 0.42519686 0.79527557 0.43307087
vn 0.03149606 1.00000000 0.03937008
vn 0.53543305 0.77165353 0.33070865
vn 0.07086614 1.00000000 0.03937008
vn -0.04724409 1.00000000 -0.04724409
vn -0.03149606 1.00000000 -0.04724409
vn -0.03149606 1.00000000 -0.03149606
vn -0.51181102 0.69291341 -0.51181102
vn -0.08661418 0.99212599 -0.03149606
vn -0.70866144 0.64566928 -0.28346455
vn -0.50393701 0.66929132 -0.53543305
vn -0.92125982 -0.14173228 -0.37007874
vn -0.59842521 0.51181102 -0.62204725
vn -0.78740156 -0.16535433 -0.59055120
vn -0.67716533 -0.14173228 -0.71653545
vn -0.69291341 -0.13385826 -0.70866144
vn -0.70078743 -0.15748031 -0.70078743
vn -0.47244096 0.44881889 -0.75590551
vn -0.68503934 -0.18897638 -0.70078743
vn -0.64566928 -0.19685039 -0.74015749
vn -0.69291341 -0.18897638 -0.69291341
vn -0.68503934 -0.23622048 -0.68503934
vn -0.67716533 -0.18897638 -0.70866144
vn -0.67716533 -0.18897638 -0.71653545
vn -0.77165353 -0.19685039 -0.59842521
vn -0.91338581 -0.18897638 -0.36220473
vn -0.83464569 -0.19685039 -0.51968503
vn -0.66929132 -0.23622048 -0.70866144
vn -0.64566928 -0.34645671 -0.67716533
vn -0.51968503 -0.27559054 -0.81102359
vn -0.66141731 -0.37007874 -0.65354329
vn -0.64566928 -0.37007874 -0.66929132
vn -0.51181102 -0.37795275 -0.77165353
vn -0.74803150 -0.37795275 -0.55118108
vn -0.63779527 -0.37007874 -0.67716533
vn -0.65354329 -0.37007874 -0.66141731
vn -0.76377952 -0.37795275 -0.52755904
vn -0.77165353 -0.37795275 -0.50393701
vn -0.86614174 -0.37007874 -0.33858266
vn -0.62992126 -0.37007874 -0.67716533
vn -0.54330707 -0.43307087 -0.72440946
vn -0.60629922 -0.48818898 -0.62992126
vn -0.76377952 -0.37795275 -0.51968503
vn -0.86614174 -0.36220473 -0.33858266
vn -0.85826772 -0.37007874 -0.35433072
vn -0.85826772 -0.37007874 -0.37007874
vn -0.85039371 -0.37007874 -0.37007874
vn -0.85039371 -0.37007874 -0.36220473
vn -0.88188976 -0.29921260 -0.36220473
vn -0.84251970 -0.28346455 -0.46456692
vn -0.89763778 -0.25984251 -0.35433072
vn -0.91338581 -0.18897638 -0.37007874
vn -0.90551180 -0.19685039 -0.37007874
vn -0.91338581 -0.14173228 -0.37795275
vn 0.00000000 1.00000000 0.00787402
vn 0.00000000 1.00000000 0.02362205
vn 0.01574803 1.00000000 0.02362205
vn 0.00787402 1.00000000 0.04724409
vn -0.05511811 0.12598425 0.99212599
vn -0.05511811 0.07874016 0.99212599
vn 0.11811024 0.30708662 0.94488192
vn 0.11023622 0.00787402 0.99212599
vn 0.34645671 0.10236220 0.92913383
vn 0.34645671 0.18110237 0.92125982
vn -0.04724409 0.59842521 0.79527557
vn 0.09448819 0.38582677 0.92125982
vn 0.33858266 0.16535433 0.92913383
vn 0.35433072 0.24409449 0.90551180
vn -0.04724409 0.59842521 0.80314958
vn 0.08661418 0.60629922 0.79527557
vn 0.27559054 0.59842521 0.74803150
vn 0.28346455 0.59842521 0.74803150
vn 0.28346455 0.59055120 0.75590551
vn 0.28346455 0.59842521 0.75590551
vn 0.07086614 0.60629922 0.79527557
vn 0.10236220 0.60629922 0.78740156
vn -0.04724409 0.58267719 0.81102359
vn 0.11811024 0.59842521 0.79527557
vn -0.04724409 0.57480317 0.81889760
vn -0.21259843 0.57480317 0.78740156
vn 0.29133859 0.59842521 0.74803150
vn 0.29921260 0.59842521 0.74803150
vn 0.30708662 0.59055120 0.74803150
vn 0.29133859 0.58267719 0.76377952
vn 0.34645671 0.59842521 0.71653545
vn 0.34645671 0.59842521 0.72440946
vn 0.40157479 0.57480317 0.70866144
vn 0.48031497 0.59842521 0.63779527
vn 0.53543305 0.59055120 0.60629922
vn 0.45669290 0.10236220 0.88188976
vn 0.36220473 0.03149606 0.92913383
vn 0.37007874 0.06299213 0.92913383
vn -0.59842521 0.56692910 0.56692910
vn -0.60629922 0.56692910 0.55905509
vn -0.43307087 0.57480317 0.69291341
vn -0.64566928 0.48818898 0.59055120
vn -0.66141731 0.40944880 0.62992126
vn -0.66929132 0.40157479 0.62204725
vn -0.68503934 0.36220473 0.63779527
vn -0.67716533 0.37007874 0.63779527
vn -0.67716533 0.38582677 0.62992126
vn -0.68503934 0.35433072 0.63779527
vn -0.68503934 0.36220473 0.62992126
vn -0.55118108 0.38582677 0.74015749
vn -0.48031497 0.42519686 0.76377952
vn -0.54330707 0.31496063 0.77952754
vn -0.40944880 0.38582677 0.82677168
vn -0.40944880 0.36220473 0.83464569
vn -0.38582677 0.46456692 0.79527557
vn -0.35433072 0.57480317 0.74015749
vn -0.70866144 0.25196850 0.66141731
vn -0.58267719 0.25196850 0.77165353
vn -0.71653545 0.25984251 0.64566928
vn -0.35433072 0.56692910 0.74015749
vn -0.47244096 0.76377952 0.44094488
vn -0.08661418 0.99212599 0.08661418
vn -0.03937008 1.00000000 0.03937008
vn 0.03937008 1.00000000 -0.03937008
vn 0.07086614 0.99212599 -0.06299213
vn 0.55905509 0.65354329 -0.51181102
vn 0.57480317 0.64566928 -0.50393701
vn 0.56692910 0.59842521 0.56692910
vn 0.67716533 -0.37007874 -0.63779527
vn 0.65354329 -0.44094488 -0.61417323
vn 0.66141731 -0.48031497 -0.58267719
vn 0.69291341 -0.36220473 -0.62204725
vn 0.66141731 -0.48818898 -0.57480317
vn 0.68503934 -0.37007874 -0.62204725
vn 0.56692910 -0.50393701 -0.65354329
vn 0.70078743 -0.37007874 -0.61417323
vn 0.70078743 -0.36220473 -0.61417323
vn 0.55905509 -0.37795275 -0.74015749
vn 0.70078743 -0.37007874 -0.60629922
vn 0.39370078 -0.44094488 -0.80314958
vn 0.39370078 -0.50393701 -0.77165353
vn 0.33858266 -0.48031497 -0.81102359
vn 0.41732284 -0.37795275 -0.82677168
vn 0.43307087 -0.37007874 -0.81889760
vn 0.41732284 -0.37007874 -0.82677168
vn 0.40944880 -0.37795275 -0.83464569
vn 0.40944880 -0.37007874 -0.83464569
vn 0.41732284 -0.29921260 -0.85826772
vn 0.60629922 -0.37795275 -0.70078743
vn 0.61417323 -0.37795275 -0.69291341
vn 0.56692910 -0.29133859 -0.77165353
vn 0.43307087 -0.19685039 -0.88188976
vn 0.69291341 -0.18897638 -0.70078743
vn 0.71653545 -0.30708662 -0.62992126
vn 0.67716533 -0.37007874 -0.62992126
vn 0.71653545 -0.27559054 -0.63779527
vn 0.70078743 -0.23622048 -0.67716533
vn 0.74015749 -0.18897638 -0.64566928
vn 0.62992126 -0.18897638 -0.75590551
vn 0.73228347 -0.18897638 -0.64566928
vn 0.74015749 -0.13385826 -0.65354329
vn 0.72440946 -0.19685039 -0.66141731
vn 0.70866144 -0.19685039 -0.67716533
vn 0.71653545 -0.18897638 -0.66929132
vn 0.73228347 -0.07086614 -0.67716533
vn 0.29133859 0.56692910 0.77165353
vn 0.18110237 0.58267719 0.79527557
vn -0.04724409 0.56692910 0.81889760
vn -0.04724409 0.56692910 0.82677168
vn 0.12598425 0.58267719 0.80314958
vn 0.05511811 0.57480317 0.81889760
vn 0.31496063 0.44881889 0.83464569
vn 0.25196850 0.49606299 0.83464569
vn -0.05511811 0.48818898 0.86614174
vn -0.18897638 0.45669290 0.86614174
vn -0.05511811 0.34645671 0.93700784
vn -0.05511811 0.41732284 0.90551180
vn -0.06299213 0.35433072 0.93700784
vn -0.05511811 0.37007874 0.92913383
vn -0.16535433 0.37795275 0.91338581
vn -0.05511811 0.38582677 0.92125982
vn 0.11023622 0.35433072 0.92913383
vn 0.32283464 0.34645671 0.88188976
vn 0.22047244 0.37007874 0.89763778
vn -0.06299213 0.29921260 0.95275593
vn -0.26771653 0.33858266 0.90551180
vn 0.17322835 0.39370078 0.90551180
vn 0.31496063 0.37795275 0.87401575
vn 0.32283464 0.37007874 0.87401575
vn 0.47244096 0.35433072 0.81102359
vn 0.32283464 0.38582677 0.86614174
vn 0.33070865 0.29921260 0.89763778
vn 0.32283464 0.31496063 0.88976377
vn 0.33858266 0.25196850 0.90551180
vn 0.07086614 0.29921260 0.95275593
vn 0.33070865 0.25196850 0.90551180
vn 0.44094488 0.25984251 0.85826772
vn 0.33070865 0.28346455 0.89763778
vn 0.32283464 0.25196850 0.91338581
vn 0.32283464 0.28346455 0.90551180
vn 0.14173228 0.30708662 0.93700784
vn 0.22834645 0.75590551 0.61417323
vn 0.20472440 0.79527557 0.56692910
vn 0.02362205 1.00000000 0.05511811
vn 0.01574803 0.97637796 0.22834645
vn -0.03149606 1.00000000 -0.07874016
vn -0.01574803 1.00000000 -0.03937008
vn -0.22047244 0.74015749 -0.62992126
vn -0.27559054 0.57480317 -0.77165353
vn -0.41732284 -0.17322835 -0.88976377
vn -0.32283464 -0.19685039 -0.92913383
vn -0.31496063 -0.18897638 -0.92913383
vn -0.33070865 -0.17322835 -0.92913383
vn -0.33858266 -0.15748031 -0.92913383
vn -0.33070865 -0.18897638 -0.92125982
vn -0.32283464 -0.24409449 -0.91338581
vn -0.30708662 -0.30708662 -0.90551180
vn -0.29921260 -0.37007874 -0.87401575
vn -0.29921260 -0.37007874 -0.88188976
vn -0.45669290 -0.37795275 -0.80314958
vn -0.29133859 -0.37007874 -0.88188976
vn -0.37007874 -0.37795275 -0.85039371
vn -0.30708662 -0.37007874 -0.87401575
vn -0.31496063 -0.37007874 -0.87401575
vn -0.31496063 -0.37795275 -0.87401575
vn -0.30708662 -0.42519686 -0.85039371
vn -0.19685039 -0.38582677 -0.90551180
vn -0.32283464 -0.37795275 -0.86614174
vn -0.15748031 -0.27559054 -0.94488192
vn -0.08661418 -0.37795275 -0.92125982
vn 0.08661418 -0.37007874 -0.92125982
vn -0.14960630 -0.19685039 -0.96850395
vn 0.08661418 -0.18897638 -0.97637796
vn 0.09448819 -0.22834645 -0.96850395
vn 0.09448819 -0.18897638 -0.97637796
vn -0.04724409 -0.19685039 -0.97637796
vn -0.05511811 -0.09448819 -0.99212599
vn 0.09448819 -0.13385826 -0.98425198
vn -0.16535433 0.66141731 -0.73228347
vn 0.06299213 0.67716533 -0.73228347
vn 0.00000000 1.00000000 -0.03149606
vn 0.09448819 -0.15748031 -0.98425198
vn 0.06299213 0.60629922 -0.79527557
vn 0.07874016 -0.18897638 -0.97637796
vn 0.06299213 -0.08661418 -0.99212599
vn 0.18897638 0.51181102 -0.83464569
vn 0.21259843 -0.17322835 -0.96062994
vn 0.05511811 -0.18897638 -0.98425198
vn 0.00000000 1.00000000 -0.07086614
vn 0.00000000 1.00000000 -0.07874016
vn -0.00787402 1.00000000 0.07874016
vn 0.07086614 -0.18897638 -0.97637796
vn 0.05511811 -0.26771653 -0.96062994
vn 0.07874016 -0.31496063 -0.94488192
vn 0.07086614 -0.37007874 -0.92913383
vn 0.07874016 -0.37007874 -0.92125982
vn 0.09448819 -0.37007874 -0.92125982
vn -0.03149606 -0.37795275 -0.92125982
vn -0.07874016 -0.37795275 -0.92125982
vn -0.07874016 -0.46456692 -0.88188976
vn -0.28346455 -0.48818898 -0.82677168
vn -0.28346455 -0.43307087 -0.85826772
vn -0.40944880 -0.37795275 -0.82677168
vn -0.55118108 0.31496063 0.77165353
vn -0.34645671 0.83464569 0.42519686
vn -0.42519686 0.27559054 0.86614174
vn -0.25984251 0.80314958 0.52755904
vn -0.04724409 1.00000000 0.07086614
vn 0.03149606 1.00000000 -0.04724409
vn -0.03149606 1.00000000 0.05511811
vn -0.27559054 0.77952754 0.56692910
vn 0.47244096 0.62992126 -0.61417323
vn 0.03149606 1.00000000 -0.06299213
vn 0.61417323 -0.07874016 -0.77952754
vn 0.34645671 0.62204725 -0.70866144
vn 0.43307087 -0.15748031 -0.88976377
vn 0.44094488 -0.15748031 -0.88188976
vn 0.35433072 0.60629922 -0.70866144
vn 0.33858266 0.67716533 -0.65354329
vn 0.03149606 1.00000000 -0.07086614
vn 0.43307087 -0.30708662 -0.85039371
vn 0.44881889 -0.18897638 -0.87401575
vn 0.43307087 -0.37007874 -0.82677168
vn 0.44094488 -0.27559054 -0.85039371
vn 0.44881889 -0.15748031 -0.88188976
vn 0.27559054 -0.29921260 -0.91338581
vn -0.10236220 0.78740156 0.60629922
vn 0.14960630 -0.18897638 -0.96850395
vn -0.18897638 0.28346455 0.93700784
vn -0.41732284 0.26771653 0.86614174
vn -0.24409449 0.25196850 0.93700784
vn -0.05511811 0.24409449 0.96850395
vn -0.41732284 0.25196850 0.87401575
vn -0.42519686 0.25196850 0.86614174
vn -0.40944880 0.33070865 0.85039371
vn -0.40157479 0.37795275 0.83464569
vn -0.39370078 0.44881889 0.80314958
vn 0.21259843 -0.37795275 -0.90551180
vn 0.27559054 -0.37795275 -0.88188976
vn 0.42519686 -0.37007874 -0.82677168
vn -0.06299213 0.25196850 0.96850395
vn -0.06299213 0.24409449 0.96850395
vn -0.07086614 0.33858266 0.93700784
vn -0.04724409 0.77165353 0.62992126
vn -0.00787402 1.00000000 0.05511811

# Mesh 'meshes[0]' with 3960 faces
g meshes[0]
usemtl tripo_material_ca526645-001f-4fea-9e15-dbfbff1c7fbf
f  1/1/1 2/2/2 3/3/3
f  2/2/2 1/1/1 4/4/4
f  4/4/4 1/1/1 5/5/5
f  3/3/3 2/2/2 6/6/6
f  6/6/6 2/2/2 7/7/7
f  6/6/6 7/7/7 8/8/8
f  1/1/1 3/3/3 9/9/9
f  1/1/1 9/9/9 5/5/5
f  9/9/9 3/3/3 10/10/10
f  10/10/10 3/3/3 6/6/6
f  5/5/5 9/9/9 11/11/11
f  9/9/9 10/10/10 12/12/12
f  9/9/9 12/12/12 11/11/11
f  6/6/6 8/8/8 13/13/13
f  13/13/13 8/8/8 14/14/14
f  10/10/10 6/6/6 15/15/15
f  12/12/12 10/10/10 16/16/16
f  16/16/16 10/10/10 15/15/15
f  12/12/12 16/16/16 17/17/17
f  12/12/12 17/17/17 11/11/11
f  6/6/6 13/13/13 18/18/18
f  6/6/6 18/18/18 15/15/15
f  18/18/18 13/13/13 19/19/19
f  19/19/19 13/13/13 14/14/14
f  18/18/18 19/19/19 20/20/15
f  18/18/18 20/20/15 15/15/15
f  19/19/19 14/14/14 21/21/20
f  20/20/15 19/19/19 22/22/21
f  22/22/21 19/19/19 21/21/20
f  21/21/20 14/14/14 23/23/22
f  23/23/22 14/14/14 24/24/23
f  23/23/22 24/24/23 25/25/24
f  21/21/20 23/23/22 26/26/25
f  21/21/20 26/26/25 22/22/21
f  23/23/22 25/25/24 27/27/20
f  28/28/26 29/29/27 25/25/24
f  25/25/24 29/29/27 27/27/20
f  26/26/25 23/23/22 30/30/28
f  30/30/28 23/23/22 27/27/20
f  26/26/25 30/30/28 31/31/29
f  27/27/20 29/29/27 32/32/30
f  32/32/30 29/29/27 33/33/31
f  30/30/28 27/27/20 34/34/32
f  34/34/32 27/27/20 32/32/30
f  30/30/28 34/34/32 31/31/29
f  35/35/33 32/32/30 36/36/34
f  32/32/30 35/35/33 37/37/35
f  34/34/32 32/32/30 38/38/36
f  38/38/36 32/32/30 37/37/35
f  34/34/32 38/38/36 39/39/37
f  34/34/32 39/39/37 31/31/29
f  39/39/37 38/38/36 40/40/38
f  39/39/37 40/40/38 31/31/29
f  38/38/36 37/37/35 41/41/39
f  38/38/36 41/41/39 40/40/38
f  41/41/39 37/37/35 42/42/40
f  31/31/29 40/40/38 43/43/41
f  31/31/29 43/43/41 44/44/37
f  31/31/29 44/44/37 26/26/25
f  26/26/25 44/44/37 22/22/21
f  43/43/41 40/40/38 45/45/39
f  44/44/37 43/43/41 46/46/42
f  46/46/42 43/43/41 45/45/39
f  22/22/21 44/44/37 47/47/43
f  47/47/43 44/44/37 46/46/42
f  22/22/21 47/47/43 48/48/44
f  22/22/21 48/48/44 20/20/15
f  20/20/15 48/48/44 15/15/15
f  49/49/39 45/45/39 40/40/38
f  49/49/39 40/40/38 41/41/39
f  45/45/39 49/49/39 50/50/45
f  50/50/45 49/49/39 41/41/39
f  45/45/39 50/50/45 51/51/46
f  15/15/15 48/48/44 52/52/47
f  50/50/45 41/41/39 53/53/48
f  15/15/15 52/52/47 54/54/49
f  15/15/15 54/54/49 16/16/16
f  16/16/16 54/54/49 17/17/17
f  52/52/47 48/48/44 55/55/50
f  55/55/50 48/48/44 47/47/43
f  54/54/49 52/52/47 56/56/51
f  56/56/51 52/52/47 55/55/50
f  17/17/17 54/54/49 57/57/52
f  57/57/52 54/54/49 56/56/51
f  17/17/17 57/57/52 58/58/53
f  17/17/17 58/58/53 11/11/11
f  55/55/50 47/47/43 59/59/54
f  59/59/54 47/47/43 46/46/42
f  56/56/51 55/55/50 60/60/55
f  60/60/55 55/55/50 59/59/54
f  57/57/52 56/56/51 61/61/56
f  61/61/56 56/56/51 60/60/55
f  62/62/57 58/58/53 57/57/52
f  62/62/57 57/57/52 61/61/56
f  59/59/54 46/46/42 63/63/58
f  63/63/58 46/46/42 45/45/39
f  60/60/55 59/59/54 64/64/59
f  64/64/59 59/59/54 63/63/58
f  63/63/58 45/45/39 51/51/46
f  60/60/55 64/64/59 65/65/60
f  60/60/55 65/65/60 61/61/56
f  64/64/59 63/63/58 66/66/61
f  64/64/59 66/66/61 65/65/60
f  66/66/61 63/63/58 51/51/46
f  61/61/56 65/65/60 67/67/62
f  61/61/56 67/67/62 62/62/57
f  65/65/60 66/66/61 68/68/63
f  65/65/60 68/68/63 67/67/62
f  68/68/63 66/66/61 69/69/64
f  69/69/64 66/66/61 51/51/46
f  67/67/62 68/68/63 70/70/65
f  70/70/65 68/68/63 69/69/64
f  62/62/57 67/67/62 71/71/66
f  71/71/66 67/67/62 70/70/65
f  62/62/57 71/71/66 72/72/67
f  70/70/65 69/69/64 73/73/68
f  73/73/68 69/69/64 74/74/69
f  74/74/69 69/69/64 75/75/70
f  70/70/65 73/73/68 76/76/71
f  70/70/65 76/76/71 71/71/66
f  76/76/71 73/73/68 77/77/72
f  71/71/66 76/76/71 78/78/73
f  78/78/73 76/76/71 77/77/72
f  71/71/66 78/78/73 72/72/67
f  78/78/73 77/77/72 79/79/74
f  80/80/70 75/75/70 69/69/64
f  75/75/70 80/80/70 81/81/75
f  81/81/75 80/80/70 82/82/76
f  80/80/70 69/69/64 51/51/46
f  80/80/70 51/51/46 82/82/76
f  82/82/76 51/51/46 83/83/77
f  83/83/77 51/51/46 84/84/77
f  83/83/77 84/84/77 85/85/77
f  84/84/77 51/51/46 50/50/45
f  85/85/77 84/84/77 86/86/78
f  84/84/77 50/50/45 53/53/48
f  84/84/77 53/53/48 86/86/78
f  86/86/78 53/53/48 87/87/48
f  86/86/78 87/87/48 88/88/79
f  87/87/48 53/53/48 41/41/39
f  87/87/48 41/41/39 89/89/80
f  89/89/80 41/41/39 42/42/40
f  88/88/79 87/87/48 90/90/81
f  90/90/81 87/87/48 89/89/80
f  90/90/81 89/89/80 42/42/40
f  88/88/79 90/90/81 91/91/82
f  91/91/82 90/90/81 42/42/40
f  92/92/2 93/93/4 94/94/83
f  92/92/2 94/94/83 95/95/84
f  92/92/2 95/95/84 96/96/7
f  94/94/83 93/93/4 97/97/85
f  95/95/84 94/94/83 98/98/86
f  98/98/86 94/94/83 97/97/85
f  95/95/84 98/98/86 99/99/87
f  95/95/84 99/99/87 100/100/88
f  100/100/88 99/99/87 101/101/89
f  99/99/87 98/98/86 102/102/90
f  99/99/87 102/102/90 101/101/89
f  98/98/86 97/97/85 103/103/91
f  98/98/86 103/103/91 102/102/90
f  104/104/92 97/97/85 93/93/4
f  104/104/92 93/93/4 105/105/5
f  103/103/91 97/97/85 106/106/93
f  97/97/85 104/104/92 107/107/94
f  97/97/85 107/107/94 106/106/93
f  107/107/94 104/104/92 108/108/95
f  108/108/95 104/104/92 109/109/96
f  106/106/93 107/107/94 110/110/97
f  108/108/95 109/109/96 111/111/98
f  111/111/98 109/109/96 112/112/99
f  107/107/94 108/108/95 113/113/100
f  107/107/94 113/113/100 110/110/97
f  108/108/95 111/111/98 114/114/101
f  108/108/95 114/114/101 113/113/100
f  111/111/98 112/112/99 115/115/102
f  111/111/98 115/115/102 114/114/101
f  116/116/103 112/112/99 117/117/104
f  112/112/99 116/116/103 115/115/102
f  115/115/102 116/116/103 118/118/105
f  119/119/106 110/110/97 113/113/100
f  120/120/107 113/113/100 114/114/101
f  113/113/100 120/120/107 119/119/106
f  121/121/108 114/114/101 115/115/102
f  114/114/101 121/121/108 120/120/107
f  115/115/102 118/118/105 122/122/109
f  115/115/102 122/122/109 121/121/108
f  120/120/107 121/121/108 123/123/110
f  121/121/108 122/122/109 124/124/111
f  121/121/108 124/124/111 123/123/110
f  122/122/109 118/118/105 125/125/112
f  122/122/109 125/125/112 124/124/111
f  125/125/112 118/118/105 126/126/113
f  126/126/113 118/118/105 127/127/114
f  126/126/113 127/127/114 128/128/115
f  125/125/112 126/126/113 129/129/116
f  125/125/112 129/129/116 124/124/111
f  126/126/113 128/128/115 130/130/117
f  126/126/113 130/130/117 129/129/116
f  131/131/118 123/123/110 124/124/111
f  131/131/118 124/124/111 129/129/116
f  132/132/119 120/120/107 123/123/110
f  132/132/119 123/123/110 131/131/118
f  120/120/107 132/132/119 119/119/106
f  131/131/118 129/129/116 133/133/116
f  133/133/116 129/129/116 130/130/117
f  131/131/118 133/133/116 132/132/119
f  133/133/116 130/130/117 134/134/120
f  133/133/116 134/134/120 132/132/119
f  135/135/119 130/130/117 128/128/115
f  135/135/119 128/128/115 136/136/121
f  130/130/117 135/135/119 137/137/122
f  130/130/117 137/137/122 134/134/120
f  135/135/119 136/136/121 138/138/123
f  138/138/123 136/136/121 139/139/124
f  139/139/124 136/136/121 140/140/125
f  135/135/119 138/138/123 141/141/119
f  141/141/119 138/138/123 139/139/124
f  135/135/119 141/141/119 137/137/122
f  141/141/119 139/139/124 142/142/126
f  141/141/119 142/142/126 137/137/122
f  143/143/127 134/134/120 137/137/122
f  143/143/127 137/137/122 144/144/128
f  134/134/120 143/143/127 145/145/129
f  134/134/120 145/145/129 146/146/130
f  146/146/130 145/145/129 147/147/131
f  134/134/120 146/146/130 132/132/119
f  132/132/119 146/146/130 148/148/132
f  148/148/132 146/146/130 149/149/133
f  148/148/132 149/149/133 150/150/134
f  132/132/119 148/148/132 151/151/135
f  151/151/135 148/148/132 150/150/134
f  132/132/119 151/151/135 119/119/106
f  151/151/135 150/150/134 152/152/136
f  119/119/106 151/151/135 153/153/137
f  153/153/137 151/151/135 152/152/136
f  152/152/136 150/150/134 154/154/138
f  119/119/106 153/153/137 110/110/97
f  152/152/136 154/154/138 155/155/139
f  155/155/139 154/154/138 156/156/140
f  155/155/139 156/156/140 157/157/141
f  110/110/97 153/153/137 158/158/142
f  153/153/137 152/152/136 159/159/143
f  159/159/143 152/152/136 155/155/139
f  153/153/137 159/159/143 158/158/142
f  110/110/97 158/158/142 106/106/93
f  155/155/139 157/157/141 160/160/144
f  160/160/144 157/157/141 161/161/145
f  160/160/144 161/161/145 162/162/146
f  155/155/139 160/160/144 163/163/147
f  155/155/139 163/163/147 159/159/143
f  160/160/144 162/162/146 164/164/148
f  160/160/144 164/164/148 163/163/147
f  164/164/148 162/162/146 165/165/149
f  159/159/143 163/163/147 166/166/150
f  159/159/143 166/166/150 158/158/142
f  163/163/147 164/164/148 167/167/151
f  167/167/151 164/164/148 165/165/149
f  163/163/147 167/167/151 166/166/150
f  167/167/151 165/165/149 168/168/152
f  168/168/152 165/165/149 169/169/153
f  168/168/152 169/169/153 170/170/154
f  168/168/152 170/170/154 171/171/152
f  168/168/152 171/171/152 172/172/155
f  172/172/155 171/171/152 173/173/156
f  172/172/155 173/173/156 174/174/157
f  168/168/152 172/172/155 175/175/156
f  175/175/156 172/172/155 174/174/157
f  168/168/152 175/175/156 167/167/151
f  176/176/158 177/177/159 174/174/157
f  174/174/157 177/177/159 175/175/156
f  175/175/156 177/177/159 178/178/160
f  178/178/160 177/177/159 179/179/161
f  178/178/160 179/179/161 180/180/162
f  178/178/160 180/180/162 101/101/89
f  178/178/160 101/101/89 181/181/163
f  181/181/163 101/101/89 102/102/90
f  175/175/156 178/178/160 182/182/164
f  182/182/164 178/178/160 181/181/163
f  175/175/156 182/182/164 183/183/165
f  175/175/156 183/183/165 167/167/151
f  182/182/164 181/181/163 184/184/166
f  184/184/166 181/181/163 102/102/90
f  182/182/164 184/184/166 183/183/165
f  167/167/151 183/183/165 185/185/148
f  185/185/148 183/183/165 184/184/166
f  167/167/151 185/185/148 166/166/150
f  184/184/166 102/102/90 186/186/167
f  184/184/166 186/186/167 185/185/148
f  166/166/150 185/185/148 187/187/168
f  187/187/168 185/185/148 186/186/167
f  166/166/150 187/187/168 158/158/142
f  186/186/167 102/102/90 188/188/169
f  186/186/167 188/188/169 187/187/168
f  187/187/168 188/188/169 158/158/142
f  188/188/169 102/102/90 103/103/91
f  158/158/142 188/188/169 106/106/93
f  106/106/93 188/188/169 103/103/91
f  189/189/96 5/5/5 11/11/11
f  5/5/5 189/189/96 190/190/92
f  189/189/96 11/11/11 191/191/170
f  191/191/170 11/11/11 58/58/53
f  191/191/170 58/58/53 192/192/171
f  192/192/171 58/58/53 62/62/57
f  192/192/171 62/62/57 72/72/67
f  191/191/170 192/192/171 193/193/172
f  192/192/171 72/72/67 194/194/173
f  192/192/171 194/194/173 193/193/172
f  189/189/96 191/191/170 195/195/174
f  195/195/174 191/191/170 193/193/172
f  194/194/173 72/72/67 196/196/175
f  196/196/175 72/72/67 78/78/73
f  189/189/96 195/195/174 197/197/176
f  196/196/175 78/78/73 198/198/177
f  198/198/177 78/78/73 79/79/74
f  198/198/177 79/79/74 199/199/178
f  198/198/177 199/199/178 200/200/179
f  198/198/177 200/200/179 196/196/175
f  189/189/96 197/197/176 201/201/180
f  189/189/96 201/201/180 202/202/99
f  202/202/99 201/201/180 203/203/104
f  203/203/104 201/201/180 197/197/176
f  196/196/175 200/200/179 204/204/181
f  196/196/175 204/204/181 194/194/173
f  204/204/181 200/200/179 205/205/182
f  205/205/182 200/200/179 206/206/183
f  194/194/173 204/204/181 207/207/184
f  194/194/173 207/207/184 193/193/172
f  204/204/181 205/205/182 208/208/182
f  204/204/181 208/208/182 207/207/184
f  208/208/182 205/205/182 209/209/185
f  209/209/185 205/205/182 210/210/186
f  209/209/185 210/210/186 211/211/187
f  209/209/185 211/211/187 212/212/188
f  212/212/188 211/211/187 213/213/189
f  213/213/189 211/211/187 214/214/190
f  209/209/185 212/212/188 215/215/191
f  215/215/191 212/212/188 213/213/189
f  213/213/189 214/214/190 216/216/192
f  213/213/189 216/216/192 215/215/191
f  216/216/192 214/214/190 217/217/193
f  209/209/185 215/215/191 218/218/194
f  209/209/185 218/218/194 208/208/182
f  216/216/192 217/217/193 219/219/195
f  219/219/195 217/217/193 220/220/196
f  221/221/197 220/220/196 222/222/198
f  220/220/196 221/221/197 219/219/195
f  219/219/195 221/221/197 223/223/199
f  219/219/195 223/223/199 224/224/200
f  224/224/200 223/223/199 225/225/201
f  216/216/192 219/219/195 226/226/202
f  226/226/202 219/219/195 224/224/200
f  216/216/192 226/226/202 227/227/203
f  216/216/192 227/227/203 215/215/191
f  224/224/200 225/225/201 228/228/201
f  224/224/200 228/228/201 226/226/202
f  228/228/201 225/225/201 229/229/204
f  227/227/203 226/226/202 230/230/205
f  230/230/205 226/226/202 228/228/201
f  215/215/191 227/227/203 231/231/206
f  231/231/206 227/227/203 230/230/205
f  215/215/191 231/231/206 218/218/194
f  228/228/201 229/229/204 232/232/207
f  228/228/201 232/232/207 230/230/205
f  232/232/207 229/229/204 233/233/208
f  232/232/207 233/233/208 234/234/209
f  231/231/206 230/230/205 235/235/210
f  230/230/205 232/232/207 236/236/210
f  230/230/205 236/236/210 235/235/210
f  236/236/210 232/232/207 234/234/209
f  231/231/206 235/235/210 237/237/211
f  237/237/211 235/235/210 236/236/210
f  237/237/211 236/236/210 234/234/209
f  231/231/206 237/237/211 218/218/194
f  237/237/211 234/234/209 238/238/212
f  238/238/212 234/234/209 239/239/103
f  238/238/212 239/239/103 203/203/104
f  237/237/211 238/238/212 240/240/213
f  237/237/211 240/240/213 218/218/194
f  238/238/212 203/203/104 241/241/214
f  238/238/212 241/241/214 240/240/213
f  241/241/214 203/203/104 197/197/176
f  218/218/194 240/240/213 242/242/214
f  242/242/214 240/240/213 241/241/214
f  218/218/194 242/242/214 243/243/215
f  218/218/194 243/243/215 208/208/182
f  208/208/182 243/243/215 207/207/184
f  242/242/214 241/241/214 244/244/216
f  244/244/216 241/241/214 197/197/176
f  242/242/214 244/244/216 243/243/215
f  207/207/184 243/243/215 245/245/217
f  245/245/217 243/243/215 244/244/216
f  207/207/184 245/245/217 193/193/172
f  244/244/216 197/197/176 246/246/218
f  244/244/216 246/246/218 245/245/217
f  245/245/217 246/246/218 193/193/172
f  246/246/218 197/197/176 195/195/174
f  246/246/218 195/195/174 193/193/172
f  247/247/88 248/248/8 249/249/7
f  247/247/88 249/249/7 250/250/84
f  248/248/8 247/247/88 251/251/14
f  251/251/14 247/247/88 252/252/23
f  252/252/23 247/247/88 253/253/219
f  252/252/23 253/253/219 254/254/26
f  252/252/23 254/254/26 255/255/24
f  253/253/219 247/247/88 256/256/220
f  256/256/220 247/247/88 257/257/89
f  256/256/220 257/257/89 258/258/162
f  254/254/26 253/253/219 259/259/162
f  259/259/162 253/253/219 256/256/220
f  256/256/220 258/258/162 260/260/161
f  254/254/26 259/259/162 261/261/26
f  254/254/26 261/261/26 262/262/27
f  256/256/220 260/260/161 263/263/220
f  259/259/162 256/256/220 264/264/220
f  264/264/220 256/256/220 263/263/220
f  261/261/26 259/259/162 265/265/221
f  265/265/221 259/259/162 264/264/220
f  266/266/222 267/267/223 261/261/26
f  261/261/26 265/265/221 268/268/224
f  261/261/26 268/268/224 266/266/222
f  266/266/222 268/268/224 269/269/225
f  266/266/222 269/269/225 270/270/226
f  268/268/224 265/265/221 271/271/227
f  268/268/224 271/271/227 269/269/225
f  270/270/226 269/269/225 272/272/228
f  272/272/228 269/269/225 273/273/229
f  272/272/228 273/273/229 274/274/230
f  273/273/229 269/269/225 275/275/231
f  275/275/231 269/269/225 271/271/227
f  274/274/230 273/273/229 276/276/232
f  276/276/232 273/273/229 275/275/231
f  274/274/230 276/276/232 277/277/233
f  277/277/233 276/276/232 278/278/234
f  278/278/234 276/276/232 279/279/235
f  278/278/234 279/279/235 280/280/236
f  276/276/232 275/275/231 281/281/237
f  275/275/231 271/271/227 282/282/238
f  275/275/231 282/282/238 281/281/237
f  276/276/232 281/281/237 283/283/239
f  276/276/232 283/283/239 279/279/235
f  280/280/236 279/279/235 284/284/240
f  280/280/236 284/284/240 285/285/241
f  285/285/241 284/284/240 286/286/242
f  285/285/241 286/286/242 287/287/243
f  287/287/243 286/286/242 288/288/244
f  288/288/244 286/286/242 284/284/240
f  287/287/243 288/288/244 289/289/245
f  284/284/240 279/279/235 290/290/246
f  284/284/240 290/290/246 288/288/244
f  290/290/246 279/279/235 291/291/87
f  291/291/87 279/279/235 283/283/239
f  288/288/244 290/290/246 292/292/247
f  292/292/247 290/290/246 291/291/87
f  289/289/245 288/288/244 293/293/248
f  293/293/248 288/288/244 292/292/247
f  289/289/245 293/293/248 294/294/249
f  289/289/245 294/294/249 295/295/250
f  295/295/250 294/294/249 296/296/251
f  296/296/251 294/294/249 297/297/252
f  297/297/252 294/294/249 293/293/248
f  296/296/251 297/297/252 298/298/251
f  297/297/252 293/293/248 299/299/253
f  299/299/253 293/293/248 292/292/247
f  297/297/252 299/299/253 300/300/254
f  300/300/254 299/299/253 301/301/255
f  301/301/255 299/299/253 302/302/256
f  299/299/253 292/292/247 303/303/257
f  299/299/253 303/303/257 302/302/256
f  303/303/257 292/292/247 304/304/242
f  303/303/257 304/304/242 302/302/256
f  304/304/242 292/292/247 291/291/87
f  302/302/256 304/304/242 305/305/258
f  305/305/258 304/304/242 291/291/87
f  302/302/256 305/305/258 306/306/259
f  305/305/258 291/291/87 283/283/239
f  306/306/259 305/305/258 307/307/260
f  307/307/260 305/305/258 283/283/239
f  307/307/260 283/283/239 308/308/261
f  308/308/261 283/283/239 281/281/237
f  308/308/261 281/281/237 282/282/238
f  307/307/260 308/308/261 309/309/262
f  307/307/260 309/309/262 310/310/263
f  310/310/263 309/309/262 311/311/264
f  309/309/262 308/308/261 312/312/265
f  312/312/265 308/308/261 282/282/238
f  311/311/264 309/309/262 313/313/266
f  313/313/266 309/309/262 312/312/265
f  311/311/264 313/313/266 314/314/267
f  312/312/265 282/282/238 315/315/268
f  312/312/265 315/315/268 313/313/266
f  315/315/268 282/282/238 316/316/269
f  316/316/269 282/282/238 271/271/227
f  314/314/267 313/313/266 317/317/270
f  314/314/267 317/317/270 318/318/271
f  313/313/266 315/315/268 319/319/272
f  313/313/266 319/319/272 317/317/270
f  318/318/271 317/317/270 320/320/273
f  319/319/272 315/315/268 321/321/274
f  321/321/274 315/315/268 316/316/269
f  317/317/270 319/319/272 322/322/275
f  322/322/275 319/319/272 321/321/274
f  320/320/273 317/317/270 323/323/276
f  323/323/276 317/317/270 322/322/275
f  320/320/273 323/323/276 324/324/152
f  324/324/152 323/323/276 325/325/156
f  321/321/274 316/316/269 326/326/277
f  321/321/274 326/326/277 322/322/275
f  323/323/276 322/322/275 327/327/158
f  323/323/276 327/327/158 325/325/156
f  322/322/275 326/326/277 328/328/278
f  322/322/275 328/328/278 327/327/158
f  326/326/277 316/316/269 329/329/279
f  326/326/277 329/329/279 328/328/278
f  329/329/279 316/316/269 271/271/227
f  329/329/279 271/271/227 265/265/221
f  329/329/279 265/265/221 264/264/220
f  329/329/279 264/264/220 328/328/278
f  330/330/158 325/325/156 327/327/158
f  330/330/158 327/327/158 328/328/278
f  325/325/156 330/330/158 331/331/157
f  328/328/278 264/264/220 332/332/280
f  328/328/278 332/332/280 330/330/158
f  332/332/280 264/264/220 263/263/220
f  332/332/280 263/263/220 260/260/161
f  330/330/158 332/332/280 333/333/158
f  333/333/158 332/332/280 260/260/161
f  330/330/158 333/333/158 334/334/159
f  334/334/159 333/333/158 260/260/161
f  335/335/31 336/336/27 337/337/223
f  337/337/223 336/336/27 338/338/26
f  339/339/34 340/340/30 335/335/31
f  339/339/34 335/335/31 341/341/281
f  339/339/34 341/341/281 342/342/33
f  335/335/31 337/337/223 343/343/282
f  335/335/31 343/343/282 341/341/281
f  344/344/226 337/337/223 345/345/222
f  337/337/223 344/344/226 343/343/282
f  342/342/33 341/341/281 346/346/283
f  342/342/33 346/346/283 347/347/35
f  347/347/35 346/346/283 348/348/40
f  348/348/40 346/346/283 349/349/284
f  348/348/40 349/349/284 350/350/82
f  343/343/282 344/344/226 351/351/285
f  351/351/285 344/344/226 352/352/228
f  351/351/285 352/352/228 353/353/230
f  351/351/285 353/353/230 354/354/286
f  343/343/282 351/351/285 355/355/287
f  355/355/287 351/351/285 354/354/286
f  343/343/282 355/355/287 356/356/288
f  343/343/282 356/356/288 341/341/281
f  354/354/286 353/353/230 357/357/233
f  355/355/287 354/354/286 358/358/289
f  355/355/287 358/358/289 356/356/288
f  354/354/286 357/357/233 359/359/290
f  354/354/286 359/359/290 358/358/289
f  341/341/281 356/356/288 360/360/291
f  341/341/281 360/360/291 346/346/283
f  356/356/288 358/358/289 361/361/292
f  361/361/292 358/358/289 359/359/290
f  360/360/291 356/356/288 362/362/293
f  362/362/293 356/356/288 361/361/292
f  346/346/283 360/360/291 363/363/294
f  363/363/294 360/360/291 362/362/293
f  363/363/294 362/362/293 361/361/292
f  361/361/292 359/359/290 364/364/295
f  361/361/292 364/364/295 363/363/294
f  346/346/283 363/363/294 349/349/284
f  363/363/294 364/364/295 365/365/296
f  349/349/284 363/363/294 366/366/297
f  366/366/297 363/363/294 365/365/296
f  365/365/296 364/364/295 367/367/298
f  365/365/296 367/367/298 366/366/297
f  349/349/284 366/366/297 368/368/299
f  368/368/299 366/366/297 367/367/298
f  349/349/284 368/368/299 369/369/300
f  349/349/284 369/369/300 350/350/82
f  350/350/82 369/369/300 370/370/301
f  370/370/301 369/369/300 371/371/302
f  371/371/302 369/369/300 368/368/299
f  371/371/302 368/368/299 372/372/303
f  372/372/303 368/368/299 373/373/304
f  373/373/304 368/368/299 367/367/298
f  372/372/303 373/373/304 374/374/305
f  373/373/304 367/367/298 375/375/306
f  374/374/305 373/373/304 376/376/307
f  376/376/307 373/373/304 375/375/306
f  374/374/305 376/376/307 377/377/308
f  374/374/305 377/377/308 378/378/309
f  377/377/308 376/376/307 379/379/310
f  379/379/310 376/376/307 380/380/311
f  380/380/311 376/376/307 375/375/306
f  377/377/308 379/379/310 381/381/312
f  377/377/308 381/381/312 382/382/313
f  382/382/313 381/381/312 383/383/314
f  381/381/312 379/379/310 384/384/315
f  384/384/315 379/379/310 380/380/311
f  383/383/314 381/381/312 385/385/316
f  385/385/316 381/381/312 384/384/315
f  383/383/314 385/385/316 386/386/251
f  384/384/315 380/380/311 387/387/317
f  387/387/317 380/380/311 375/375/306
f  386/386/251 385/385/316 388/388/251
f  386/386/251 388/388/251 389/389/251
f  389/389/251 388/388/251 390/390/251
f  389/389/251 390/390/251 391/391/251
f  391/391/251 390/390/251 392/392/251
f  390/390/251 388/388/251 393/393/318
f  393/393/318 388/388/251 385/385/316
f  392/392/251 390/390/251 394/394/251
f  392/392/251 394/394/251 395/395/251
f  390/390/251 393/393/318 396/396/318
f  390/390/251 396/396/318 394/394/251
f  393/393/318 385/385/316 397/397/319
f  393/393/318 397/397/319 396/396/318
f  397/397/319 385/385/316 384/384/315
f  395/395/251 394/394/251 398/398/320
f  398/398/320 394/394/251 396/396/318
f  395/395/251 398/398/320 399/399/250
f  396/396/318 397/397/319 400/400/321
f  396/396/318 400/400/321 398/398/320
f  397/397/319 384/384/315 401/401/322
f  397/397/319 401/401/322 400/400/321
f  401/401/322 384/384/315 387/387/317
f  398/398/320 400/400/321 402/402/323
f  402/402/323 400/400/321 401/401/322
f  403/403/324 399/399/250 398/398/320
f  399/399/250 403/403/324 404/404/245
f  404/404/245 403/403/324 405/405/243
f  403/403/324 398/398/320 406/406/325
f  406/406/325 398/398/320 402/402/323
f  405/405/243 403/403/324 407/407/326
f  407/407/326 403/403/324 406/406/325
f  406/406/325 402/402/323 408/408/327
f  406/406/325 408/408/327 407/407/326
f  409/409/328 402/402/323 401/401/322
f  402/402/323 409/409/328 408/408/327
f  409/409/328 401/401/322 387/387/317
f  407/407/326 408/408/327 410/410/329
f  411/411/330 405/405/243 407/407/326
f  411/411/330 407/407/326 410/410/329
f  405/405/243 411/411/330 412/412/241
f  412/412/241 411/411/330 413/413/236
f  408/408/327 409/409/328 414/414/331
f  408/408/327 414/414/331 410/410/329
f  411/411/330 410/410/329 415/415/332
f  411/411/330 415/415/332 413/413/236
f  415/415/332 410/410/329 414/414/331
f  413/413/236 415/415/332 416/416/333
f  416/416/333 415/415/332 414/414/331
f  417/417/234 413/413/236 357/357/233
f  357/357/233 413/413/236 416/416/333
f  357/357/233 416/416/333 359/359/290
f  418/418/334 414/414/331 409/409/328
f  414/414/331 418/418/334 416/416/333
f  418/418/334 409/409/328 387/387/317
f  359/359/290 416/416/333 419/419/335
f  419/419/335 416/416/333 418/418/334
f  359/359/290 419/419/335 364/364/295
f  418/418/334 387/387/317 420/420/336
f  418/418/334 420/420/336 419/419/335
f  420/420/336 387/387/317 375/375/306
f  364/364/295 419/419/335 421/421/337
f  421/421/337 419/419/335 420/420/336
f  421/421/337 420/420/336 375/375/306
f  364/364/295 421/421/337 367/367/298
f  367/367/298 421/421/337 375/375/306
f  422/422/209 423/423/338 424/424/103
f  424/424/103 423/423/338 425/425/114
f  424/424/103 425/425/114 426/426/105
f  423/423/338 422/422/209 427/427/208
f  425/425/114 423/423/338 428/428/339
f  428/428/339 423/423/338 427/427/208
f  425/425/114 428/428/339 429/429/115
f  429/429/115 428/428/339 430/430/340
f  429/429/115 430/430/340 431/431/121
f  428/428/339 427/427/208 432/432/341
f  428/428/339 432/432/341 430/430/340
f  431/431/121 430/430/340 433/433/342
f  433/433/342 430/430/340 432/432/341
f  431/431/121 433/433/342 434/434/125
f  432/432/341 427/427/208 435/435/343
f  435/435/343 427/427/208 436/436/204
f  435/435/343 436/436/204 437/437/344
f  432/432/341 435/435/343 438/438/345
f  438/438/345 435/435/343 437/437/344
f  433/433/342 432/432/341 439/439/346
f  439/439/346 432/432/341 438/438/345
f  440/440/347 434/434/125 433/433/342
f  440/440/347 433/433/342 439/439/346
f  434/434/125 440/440/347 441/441/124
f  441/441/124 440/440/347 442/442/348
f  438/438/345 437/437/344 443/443/349
f  438/438/345 443/443/349 439/439/346
f  443/443/349 437/437/344 444/444/350
f  444/444/350 437/437/344 445/445/351
f  444/444/350 445/445/351 446/446/352
f  443/443/349 444/444/350 447/447/353
f  443/443/349 447/447/353 439/439/346
f  444/444/350 446/446/352 448/448/354
f  444/444/350 448/448/354 447/447/353
f  448/448/354 446/446/352 449/449/355
f  439/439/346 447/447/353 450/450/356
f  439/439/346 450/450/356 440/440/347
f  447/447/353 448/448/354 451/451/357
f  447/447/353 451/451/357 450/450/356
f  448/448/354 449/449/355 452/452/358
f  448/448/354 452/452/358 451/451/357
f  452/452/358 449/449/355 453/453/359
f  453/453/359 449/449/355 454/454/360
f  451/451/357 452/452/358 455/455/361
f  455/455/361 452/452/358 453/453/359
f  453/453/359 454/454/360 456/456/362
f  451/451/357 455/455/361 457/457/363
f  451/451/357 457/457/363 450/450/356
f  457/457/363 455/455/361 458/458/364
f  450/450/356 457/457/363 459/459/365
f  459/459/365 457/457/363 458/458/364
f  453/453/359 456/456/362 460/460/366
f  455/455/361 453/453/359 461/461/367
f  461/461/367 453/453/359 460/460/366
f  455/455/361 461/461/367 462/462/368
f  455/455/361 462/462/368 458/458/364
f  462/462/368 461/461/367 463/463/369
f  458/458/364 462/462/368 464/464/370
f  465/465/371 461/461/367 466/466/372
f  466/466/372 461/461/367 460/460/366
f  466/466/372 460/460/366 467/467/373
f  467/467/373 460/460/366 468/468/374
f  467/467/373 468/468/374 469/469/373
f  468/468/374 460/460/366 470/470/375
f  470/470/375 460/460/366 456/456/362
f  468/468/374 470/470/375 471/471/376
f  470/470/375 456/456/362 472/472/377
f  470/470/375 472/472/377 471/471/376
f  473/473/378 474/474/378 458/458/364
f  458/458/364 474/474/378 475/475/379
f  458/458/364 475/475/379 459/459/365
f  459/459/365 475/475/379 476/476/380
f  476/476/380 475/475/379 474/474/378
f  459/459/365 476/476/380 450/450/356
f  476/476/380 474/474/378 477/477/381
f  476/476/380 477/477/381 450/450/356
f  477/477/381 474/474/378 478/478/378
f  450/450/356 477/477/381 440/440/347
f  477/477/381 478/478/378 442/442/348
f  477/477/381 442/442/348 440/440/347
f  479/479/69 480/480/382 481/481/68
f  481/481/68 480/480/382 482/482/72
f  480/480/382 479/479/69 483/483/383
f  483/483/383 479/479/69 484/484/384
f  484/484/384 479/479/69 485/485/70
f  484/484/384 485/485/70 486/486/75
f  483/483/383 484/484/384 487/487/385
f  480/480/382 483/483/383 488/488/386
f  488/488/386 483/483/383 487/487/385
f  489/489/387 482/482/72 480/480/382
f  489/489/387 480/480/382 488/488/386
f  482/482/72 489/489/387 490/490/388
f  489/489/387 488/488/386 491/491/389
f  489/489/387 491/491/389 490/490/388
f  491/491/389 488/488/386 492/492/390
f  492/492/390 488/488/386 487/487/385
f  482/482/72 490/490/388 493/493/391
f  482/482/72 493/493/391 494/494/74
f  494/494/74 493/493/391 495/495/178
f  493/493/391 490/490/388 496/496/392
f  493/493/391 496/496/392 495/495/178
f  497/497/393 490/490/388 491/491/389
f  490/490/388 497/497/393 496/496/392
f  497/497/393 491/491/389 498/498/394
f  498/498/394 491/491/389 492/492/390
f  497/497/393 498/498/394 499/499/388
f  499/499/388 498/498/394 500/500/389
f  500/500/389 498/498/394 501/501/395
f  501/501/395 498/498/394 492/492/390
f  501/501/395 492/492/390 502/502/396
f  502/502/396 492/492/390 503/503/397
f  503/503/397 492/492/390 487/487/385
f  502/502/396 503/503/397 504/504/398
f  504/504/398 503/503/397 487/487/385
f  502/502/396 504/504/398 505/505/399
f  505/505/399 504/504/398 506/506/400
f  504/504/398 487/487/385 507/507/401
f  507/507/401 487/487/385 484/484/384
f  506/506/400 504/504/398 508/508/402
f  508/508/402 504/504/398 507/507/401
f  506/506/400 508/508/402 509/509/403
f  506/506/400 509/509/403 510/510/404
f  510/510/404 509/509/403 511/511/405
f  508/508/402 507/507/401 512/512/406
f  508/508/402 512/512/406 509/509/403
f  507/507/401 484/484/384 513/513/407
f  507/507/401 513/513/407 512/512/406
f  513/513/407 484/484/384 486/486/75
f  512/512/406 513/513/407 514/514/408
f  512/512/406 514/514/408 509/509/403
f  513/513/407 486/486/75 515/515/409
f  513/513/407 515/515/409 514/514/408
f  515/515/409 486/486/75 516/516/76
f  515/515/409 516/516/76 517/517/77
f  515/515/409 517/517/77 518/518/410
f  515/515/409 518/518/410 514/514/408
f  518/518/410 517/517/77 519/519/77
f  518/518/410 519/519/77 520/520/411
f  518/518/410 520/520/411 514/514/408
f  520/520/411 519/519/77 521/521/78
f  520/520/411 521/521/78 522/522/412
f  522/522/412 521/521/78 523/523/79
f  522/522/412 523/523/79 524/524/413
f  524/524/413 523/523/79 525/525/414
f  524/524/413 525/525/414 526/526/415
f  524/524/413 526/526/415 522/522/412
f  526/526/415 525/525/414 527/527/416
f  520/520/411 522/522/412 528/528/417
f  528/528/417 522/522/412 526/526/415
f  520/520/411 528/528/417 529/529/418
f  520/520/411 529/529/418 514/514/408
f  528/528/417 526/526/415 530/530/419
f  530/530/419 526/526/415 531/531/420
f  530/530/419 531/531/420 532/532/421
f  528/528/417 530/530/419 533/533/422
f  528/528/417 533/533/422 529/529/418
f  514/514/408 529/529/418 534/534/423
f  534/534/423 529/529/418 533/533/422
f  514/514/408 534/534/423 509/509/403
f  533/533/422 530/530/419 535/535/424
f  535/535/424 530/530/419 532/532/421
f  534/534/423 533/533/422 536/536/425
f  536/536/425 533/533/422 535/535/424
f  509/509/403 534/534/423 537/537/426
f  537/537/426 534/534/423 536/536/425
f  509/509/403 537/537/426 538/538/426
f  509/509/403 538/538/426 511/511/405
f  511/511/405 538/538/426 539/539/427
f  538/538/426 537/537/426 540/540/428
f  538/538/426 540/540/428 539/539/427
f  540/540/428 537/537/426 536/536/425
f  539/539/427 540/540/428 541/541/429
f  541/541/429 540/540/428 536/536/425
f  539/539/427 541/541/429 542/542/430
f  541/541/429 536/536/425 543/543/431
f  541/541/429 543/543/431 542/542/430
f  543/543/431 536/536/425 535/535/424
f  542/542/430 543/543/431 544/544/430
f  543/543/431 535/535/424 545/545/432
f  543/543/431 545/545/432 544/544/430
f  545/545/432 535/535/424 532/532/421
f  545/545/432 532/532/421 546/546/433
f  544/544/430 545/545/432 547/547/434
f  547/547/434 545/545/432 548/548/435
f  549/549/183 550/550/179 495/495/178
f  549/549/183 495/495/178 551/551/436
f  551/551/436 495/495/178 496/496/392
f  549/549/183 551/551/436 552/552/437
f  549/549/183 552/552/437 553/553/182
f  553/553/182 552/552/437 554/554/186
f  552/552/437 551/551/436 555/555/438
f  552/552/437 555/555/438 554/554/186
f  551/551/436 496/496/392 556/556/439
f  556/556/439 496/496/392 497/497/393
f  556/556/439 497/497/393 499/499/388
f  556/556/439 499/499/388 557/557/440
f  551/551/436 556/556/439 558/558/441
f  551/551/436 558/558/441 555/555/438
f  558/558/441 556/556/439 559/559/442
f  558/558/441 559/559/442 560/560/443
f  558/558/441 560/560/443 555/555/438
f  555/555/438 560/560/443 561/561/444
f  561/561/444 560/560/443 562/562/445
f  563/563/446 554/554/186 555/555/438
f  563/563/446 555/555/438 561/561/444
f  554/554/186 563/563/446 564/564/187
f  561/561/444 562/562/445 565/565/447
f  564/564/187 563/563/446 566/566/448
f  561/561/444 565/565/447 567/567/449
f  564/564/187 566/566/448 568/568/190
f  563/563/446 561/561/444 569/569/450
f  569/569/450 561/561/444 567/567/449
f  563/563/446 569/569/450 566/566/448
f  569/569/450 567/567/449 570/570/451
f  569/569/450 570/570/451 566/566/448
f  570/570/451 567/567/449 565/565/447
f  568/568/190 566/566/448 571/571/452
f  571/571/452 566/566/448 570/570/451
f  568/568/190 571/571/452 572/572/193
f  572/572/193 571/571/452 573/573/196
f  571/571/452 570/570/451 574/574/453
f  573/573/196 571/571/452 575/575/454
f  575/575/454 571/571/452 574/574/453
f  573/573/196 575/575/454 576/576/198
f  576/576/198 575/575/454 577/577/455
f  575/575/454 574/574/453 578/578/456
f  578/578/456 574/574/453 570/570/451
f  577/577/455 575/575/454 579/579/457
f  577/577/455 579/579/457 580/580/458
f  575/575/454 578/578/456 581/581/459
f  575/575/454 581/581/459 579/579/457
f  580/580/458 579/579/457 582/582/460
f  582/582/460 579/579/457 581/581/459
f  580/580/458 582/582/460 583/583/460
f  582/582/460 581/581/459 584/584/461
f  584/584/461 581/581/459 578/578/456
f  582/582/460 584/584/461 585/585/462
f  584/584/461 578/578/456 586/586/463
f  584/584/461 586/586/463 585/585/462
f  586/586/463 578/578/456 570/570/451
f  585/585/462 586/586/463 565/565/447
f  565/565/447 586/586/463 570/570/451
f  587/587/344 588/588/204 589/589/201
f  587/587/344 589/589/201 590/590/464
f  587/587/344 590/590/464 591/591/351
f  590/590/464 589/589/201 592/592/199
f  591/591/351 590/590/464 593/593/465
f  593/593/465 590/590/464 592/592/199
f  591/591/351 593/593/465 594/594/352
f  594/594/352 593/593/465 595/595/355
f  595/595/355 593/593/465 596/596/465
f  595/595/355 596/596/465 597/597/360
f  597/597/360 596/596/465 598/598/362
f  596/596/465 593/593/465 599/599/465
f  598/598/362 596/596/465 600/600/466
f  600/600/466 596/596/465 599/599/465
f  599/599/465 593/593/465 601/601/467
f  601/601/467 593/593/465 592/592/199
f  600/600/466 599/599/465 602/602/468
f  602/602/468 599/599/465 601/601/467
f  601/601/467 592/592/199 603/603/469
f  603/603/469 592/592/199 604/604/197
f  602/602/468 601/601/467 605/605/470
f  605/605/470 601/601/467 603/603/469
f  600/600/466 602/602/468 606/606/471
f  606/606/471 602/602/468 605/605/470
f  605/605/470 603/603/469 607/607/472
f  603/603/469 604/604/197 608/608/473
f  603/603/469 608/608/473 607/607/472
f  608/608/473 604/604/197 609/609/198
f  605/605/470 607/607/472 610/610/474
f  610/610/474 607/607/472 608/608/473
f  605/605/470 610/610/474 606/606/471
f  610/610/474 608/608/473 611/611/475
f  606/606/471 610/610/474 612/612/182
f  612/612/182 610/610/474 613/613/476
f  612/612/182 613/613/476 614/614/477
f  606/606/471 612/612/182 615/615/478
f  615/615/478 612/612/182 614/614/477
f  616/616/479 614/614/477 617/617/480
f  614/614/477 616/616/479 618/618/481
f  614/614/477 618/618/481 615/615/478
f  618/618/481 616/616/479 619/619/482
f  618/618/481 619/619/482 620/620/483
f  618/618/481 620/620/483 615/615/478
f  620/620/483 619/619/482 621/621/484
f  620/620/483 621/621/484 622/622/485
f  615/615/478 620/620/483 623/623/486
f  623/623/486 620/620/483 622/622/485
f  624/624/485 625/625/485 622/622/485
f  622/622/485 625/625/485 626/626/485
f  622/622/485 626/626/485 623/623/486
f  615/615/478 623/623/486 627/627/487
f  615/615/478 627/627/487 606/606/471
f  623/623/486 626/626/485 628/628/488
f  629/629/373 630/630/373 626/626/485
f  626/626/485 630/630/373 628/628/488
f  628/628/488 630/630/373 631/631/374
f  628/628/488 631/631/374 632/632/376
f  627/627/487 623/623/486 633/633/489
f  633/633/489 623/623/486 628/628/488
f  628/628/488 632/632/376 634/634/490
f  628/628/488 634/634/490 633/633/489
f  634/634/490 632/632/376 635/635/377
f  634/634/490 635/635/377 598/598/362
f  633/633/489 634/634/490 636/636/491
f  633/633/489 636/636/491 627/627/487
f  636/636/491 634/634/490 598/598/362
f  627/627/487 636/636/491 606/606/471
f  636/636/491 598/598/362 600/600/466
f  636/636/491 600/600/466 606/606/471
f  637/637/414 638/638/79 639/639/82
f  640/640/301 641/641/414 642/642/82
f  641/641/414 640/640/301 643/643/492
f  641/641/414 643/643/492 644/644/416
f  643/643/492 640/640/301 645/645/493
f  645/645/493 640/640/301 646/646/302
f  644/644/416 643/643/492 647/647/420
f  644/644/416 647/647/420 648/648/415
f  643/643/492 645/645/493 649/649/494
f  645/645/493 646/646/302 650/650/495
f  645/645/493 650/650/495 649/649/494
f  650/650/495 646/646/302 651/651/303
f  647/647/420 643/643/492 652/652/496
f  652/652/496 643/643/492 649/649/494
f  647/647/420 652/652/496 653/653/433
f  647/647/420 653/653/433 654/654/421
f  652/652/496 649/649/494 655/655/497
f  650/650/495 651/651/303 656/656/498
f  656/656/498 651/651/303 657/657/305
f  658/658/499 649/649/494 650/650/495
f  658/658/499 650/650/495 656/656/498
f  655/655/497 649/649/494 659/659/500
f  659/659/500 649/649/494 658/658/499
f  652/652/496 655/655/497 660/660/501
f  660/660/501 655/655/497 659/659/500
f  652/652/496 660/660/501 653/653/433
f  659/659/500 658/658/499 661/661/502
f  661/661/502 658/658/499 656/656/498
f  662/662/503 656/656/498 657/657/305
f  662/662/503 657/657/305 663/663/309
f  656/656/498 662/662/503 664/664/504
f  664/664/504 662/662/503 663/663/309
f  665/665/432 653/653/433 666/666/435
f  656/656/498 664/664/504 667/667/505
f  656/656/498 667/667/505 661/661/502
f  664/664/504 663/663/309 668/668/506
f  668/668/506 663/663/309 669/669/308
f  668/668/506 669/669/308 670/670/313
f  664/664/504 668/668/506 671/671/507
f  668/668/506 670/670/313 672/672/508
f  668/668/506 672/672/508 671/671/507
f  672/672/508 670/670/313 673/673/509
f  673/673/509 670/670/313 674/674/314
f  671/671/507 672/672/508 675/675/510
f  675/675/510 672/672/508 673/673/509
f  664/664/504 671/671/507 676/676/511
f  664/664/504 676/676/511 667/667/505
f  671/671/507 675/675/510 677/677/512
f  671/671/507 677/677/512 676/676/511
f  673/673/509 674/674/314 678/678/251
f  678/678/251 674/674/314 679/679/251
f  675/675/510 673/673/509 680/680/513
f  680/680/513 673/673/509 678/678/251
f  677/677/512 675/675/510 681/681/514
f  681/681/514 675/675/510 680/680/513
f  678/678/251 679/679/251 682/682/251
f  680/680/513 678/678/251 683/683/251
f  683/683/251 678/678/251 682/682/251
f  682/682/251 679/679/251 684/684/251
f  682/682/251 684/684/251 683/683/251
f  684/684/251 679/679/251 685/685/251
f  681/681/514 680/680/513 686/686/515
f  686/686/515 680/680/513 683/683/251
f  684/684/251 685/685/251 687/687/251
f  687/687/251 685/685/251 688/688/251
f  687/687/251 688/688/251 689/689/251
f  687/687/251 689/689/251 690/690/251
f  687/687/251 690/690/251 684/684/251
f  684/684/251 690/690/251 691/691/251
f  684/684/251 691/691/251 683/683/251
f  691/691/251 690/690/251 692/692/251
f  691/691/251 692/692/251 693/693/251
f  683/683/251 691/691/251 694/694/251
f  694/694/251 691/691/251 693/693/251
f  683/683/251 694/694/251 695/695/516
f  683/683/251 695/695/516 686/686/515
f  694/694/251 693/693/251 696/696/517
f  694/694/251 696/696/517 695/695/516
f  696/696/517 693/693/251 697/697/251
f  696/696/517 697/697/251 698/698/518
f  696/696/517 698/698/518 699/699/519
f  695/695/516 696/696/517 700/700/520
f  700/700/520 696/696/517 699/699/519
f  701/701/521 686/686/515 695/695/516
f  701/701/521 695/695/516 700/700/520
f  686/686/515 701/701/521 681/681/514
f  681/681/514 701/701/521 702/702/522
f  681/681/514 702/702/522 677/677/512
f  701/701/521 700/700/520 703/703/523
f  701/701/521 703/703/523 702/702/522
f  704/704/524 700/700/520 699/699/519
f  700/700/520 704/704/524 703/703/523
f  704/704/524 699/699/519 705/705/525
f  702/702/522 703/703/523 706/706/526
f  706/706/526 703/703/523 704/704/524
f  704/704/524 705/705/525 707/707/527
f  704/704/524 707/707/527 706/706/526
f  707/707/527 705/705/525 708/708/528
f  707/707/527 708/708/528 709/709/529
f  706/706/526 707/707/527 710/710/530
f  710/710/530 707/707/527 709/709/529
f  709/709/529 708/708/528 711/711/531
f  706/706/526 710/710/530 712/712/532
f  706/706/526 712/712/532 702/702/522
f  710/710/530 709/709/529 713/713/533
f  710/710/530 713/713/533 712/712/532
f  709/709/529 711/711/531 714/714/534
f  709/709/529 714/714/534 713/713/533
f  715/715/535 716/716/536 711/711/531
f  702/702/522 712/712/532 717/717/537
f  702/702/522 717/717/537 677/677/512
f  677/677/512 717/717/537 676/676/511
f  676/676/511 717/717/537 718/718/538
f  718/718/538 717/717/537 712/712/532
f  676/676/511 718/718/538 667/667/505
f  667/667/505 718/718/538 661/661/502
f  718/718/538 712/712/532 719/719/539
f  718/718/538 719/719/539 661/661/502
f  719/719/539 712/712/532 713/713/533
f  661/661/502 719/719/539 720/720/540
f  661/661/502 720/720/540 659/659/500
f  719/719/539 713/713/533 721/721/541
f  719/719/539 721/721/541 720/720/540
f  721/721/541 713/713/533 714/714/534
f  659/659/500 720/720/540 722/722/542
f  722/722/542 720/720/540 721/721/541
f  659/659/500 722/722/542 660/660/501
f  721/721/541 714/714/534 723/723/543
f  723/723/543 714/714/534 711/711/531
f  723/723/543 711/711/531 716/716/536
f  721/721/541 723/723/543 724/724/544
f  723/723/543 716/716/536 725/725/545
f  723/723/543 725/725/545 724/724/544
f  725/725/545 716/716/536 726/726/546
f  725/725/545 726/726/546 727/727/547
f  721/721/541 724/724/544 728/728/548
f  728/728/548 724/724/544 725/725/545
f  721/721/541 728/728/548 722/722/542
f  725/725/545 727/727/547 729/729/549
f  725/725/545 729/729/549 728/728/548
f  729/729/549 727/727/547 730/730/550
f  729/729/549 730/730/550 731/731/549
f  728/728/548 729/729/549 732/732/551
f  732/732/551 729/729/549 731/731/549
f  722/722/542 728/728/548 733/733/552
f  722/722/542 733/733/552 734/734/553
f  722/722/542 734/734/553 660/660/501
f  660/660/501 734/734/553 653/653/433
f  653/653/433 734/734/553 735/735/554
f  735/735/554 734/734/553 733/733/552
f  653/653/433 735/735/554 666/666/435
f  733/733/552 728/728/548 736/736/555
f  733/733/552 736/736/555 735/735/554
f  735/735/554 736/736/555 666/666/435
f  736/736/555 728/728/548 732/732/551
f  666/666/435 736/736/555 737/737/434
f  737/737/434 736/736/555 732/732/551
f  737/737/434 732/732/551 738/738/556
f  738/738/556 732/732/551 739/739/557
f  739/739/557 732/732/551 731/731/549
f  739/739/557 731/731/549 740/740/558
f  738/738/556 739/739/557 741/741/559
f  741/741/559 739/739/557 742/742/560
f  743/743/561 744/744/389 745/745/395
f  743/743/561 745/745/395 746/746/396
f  743/743/561 746/746/396 747/747/399
f  744/744/389 743/743/561 748/748/562
f  748/748/562 743/743/561 747/747/399
f  744/744/389 748/748/562 749/749/563
f  748/748/562 747/747/399 750/750/564
f  749/749/563 748/748/562 751/751/565
f  751/751/565 748/748/562 750/750/564
f  744/744/389 749/749/563 752/752/440
f  744/744/389 752/752/440 753/753/388
f  752/752/440 749/749/563 754/754/566
f  750/750/564 747/747/399 755/755/567
f  755/755/567 747/747/399 756/756/400
f  755/755/567 756/756/400 757/757/404
f  750/750/564 755/755/567 758/758/568
f  758/758/568 755/755/567 757/757/404
f  758/758/568 757/757/404 759/759/569
f  750/750/564 758/758/568 760/760/570
f  760/760/570 758/758/568 759/759/569
f  759/759/569 757/757/404 761/761/405
f  750/750/564 760/760/570 762/762/571
f  750/750/564 762/762/571 751/751/565
f  759/759/569 761/761/405 763/763/572
f  763/763/572 761/761/405 764/764/427
f  763/763/572 764/764/427 765/765/430
f  759/759/569 763/763/572 766/766/573
f  763/763/572 765/765/430 767/767/574
f  767/767/574 765/765/430 768/768/430
f  763/763/572 767/767/574 769/769/573
f  763/763/572 769/769/573 766/766/573
f  767/767/574 768/768/430 770/770/575
f  767/767/574 770/770/575 769/769/573
f  770/770/575 768/768/430 771/771/434
f  770/770/575 771/771/434 772/772/556
f  770/770/575 772/772/556 773/773/559
f  770/770/575 773/773/559 774/774/576
f  770/770/575 774/774/576 775/775/577
f  770/770/575 775/775/577 769/769/573
f  769/769/573 775/775/577 776/776/578
f  776/776/578 775/775/577 777/777/579
f  769/769/573 776/776/578 766/766/573
f  766/766/573 776/776/578 778/778/580
f  778/778/580 776/776/578 779/779/581
f  778/778/580 779/779/581 780/780/582
f  766/766/573 778/778/580 781/781/583
f  778/778/580 780/780/582 782/782/584
f  782/782/584 780/780/582 783/783/585
f  781/781/583 778/778/580 784/784/586
f  784/784/586 778/778/580 782/782/584
f  766/766/573 781/781/583 785/785/587
f  785/785/587 781/781/583 784/784/586
f  766/766/573 785/785/587 759/759/569
f  759/759/569 785/785/587 760/760/570
f  760/760/570 785/785/587 784/784/586
f  782/782/584 783/783/585 786/786/588
f  782/782/584 786/786/588 784/784/586
f  784/784/586 786/786/588 760/760/570
f  786/786/588 783/783/585 787/787/589
f  760/760/570 786/786/588 762/762/571
f  786/786/588 787/787/589 788/788/590
f  762/762/571 786/786/588 751/751/565
f  786/786/588 788/788/590 789/789/591
f  786/786/588 789/789/591 751/751/565
f  789/789/591 788/788/590 790/790/592
f  790/790/592 788/788/590 791/791/593
f  790/790/592 791/791/593 792/792/594
f  751/751/565 789/789/591 793/793/592
f  793/793/592 789/789/591 790/790/592
f  751/751/565 793/793/592 749/749/563
f  790/790/592 792/792/594 794/794/595
f  790/790/592 794/794/595 793/793/592
f  794/794/595 792/792/594 795/795/596
f  749/749/563 793/793/592 754/754/566
f  754/754/566 793/793/592 794/794/595
f  794/794/595 795/795/596 796/796/597
f  794/794/595 796/796/597 754/754/566
f  796/796/597 795/795/596 797/797/598
f  797/797/598 795/795/596 798/798/599
f  754/754/566 796/796/597 799/799/600
f  797/797/598 798/798/599 800/800/601
f  754/754/566 799/799/600 801/801/602
f  754/754/566 801/801/602 752/752/440
f  799/799/600 796/796/597 802/802/603
f  802/802/603 796/796/597 797/797/598
f  799/799/600 802/802/603 801/801/602
f  797/797/598 800/800/601 803/803/604
f  752/752/440 801/801/602 804/804/605
f  752/752/440 804/804/605 805/805/439
f  805/805/439 804/804/605 806/806/442
f  804/804/605 801/801/602 807/807/606
f  804/804/605 807/807/606 806/806/442
f  807/807/606 801/801/602 802/802/603
f  806/806/442 807/807/606 808/808/445
f  806/806/442 808/808/445 809/809/443
f  807/807/606 802/802/603 810/810/607
f  810/810/607 802/802/603 797/797/598
f  810/810/607 797/797/598 803/803/604
f  808/808/445 807/807/606 811/811/608
f  811/811/608 807/807/606 810/810/607
f  808/808/445 811/811/608 812/812/447
f  810/810/607 803/803/604 813/813/609
f  813/813/609 803/803/604 800/800/601
f  813/813/609 800/800/601 814/814/610
f  813/813/609 814/814/610 815/815/611
f  810/810/607 813/813/609 816/816/612
f  816/816/612 813/813/609 815/815/611
f  810/810/607 816/816/612 811/811/608
f  811/811/608 816/816/612 817/817/613
f  811/811/608 817/817/613 812/812/447
f  817/817/613 816/816/612 815/815/611
f  812/812/447 817/817/613 818/818/614
f  812/812/447 818/818/614 819/819/462
f  817/817/613 815/815/611 820/820/615
f  817/817/613 820/820/615 818/818/614
f  820/820/615 815/815/611 821/821/616
f  819/819/462 818/818/614 822/822/617
f  822/822/617 818/818/614 820/820/615
f  819/819/462 822/822/617 823/823/460
f  823/823/460 822/822/617 824/824/460
f  824/824/460 822/822/617 825/825/618
f  820/820/615 821/821/616 826/826/619
f  820/820/615 826/826/619 822/822/617
f  822/822/617 826/826/619 825/825/618
f  826/826/619 821/821/616 827/827/620
f  826/826/619 827/827/620 825/825/618
f  828/828/475 829/829/473 830/830/198
f  828/828/475 830/830/198 831/831/621
f  832/832/476 833/833/474 828/828/475
f  832/832/476 828/828/475 831/831/621
f  831/831/621 830/830/198 834/834/622
f  834/834/622 830/830/198 835/835/455
f  834/834/622 835/835/455 836/836/458
f  831/831/621 834/834/622 837/837/623
f  834/834/622 836/836/458 838/838/624
f  834/834/622 838/838/624 837/837/623
f  838/838/624 836/836/458 839/839/625
f  839/839/625 836/836/458 840/840/460
f  839/839/625 840/840/460 841/841/626
f  841/841/626 840/840/460 842/842/618
f  839/839/625 841/841/626 843/843/627
f  839/839/625 843/843/627 844/844/628
f  839/839/625 844/844/628 838/838/624
f  844/844/628 843/843/627 845/845/629
f  846/846/625 837/837/623 838/838/624
f  846/846/625 838/838/624 844/844/628
f  844/844/628 845/845/629 847/847/628
f  844/844/628 847/847/628 846/846/625
f  847/847/628 845/845/629 848/848/630
f  837/837/623 846/846/625 849/849/631
f  847/847/628 848/848/630 850/850/607
f  846/846/625 847/847/628 851/851/632
f  851/851/632 847/847/628 850/850/607
f  846/846/625 851/851/632 849/849/631
f  850/850/607 848/848/630 852/852/633
f  850/850/607 852/852/633 851/851/632
f  852/852/633 848/848/630 853/853/634
f  851/851/632 852/852/633 854/854/635
f  851/851/632 854/854/635 849/849/631
f  852/852/633 853/853/634 855/855/636
f  852/852/633 855/855/636 854/854/635
f  855/855/636 853/853/634 856/856/637
f  854/854/635 855/855/636 857/857/638
f  855/855/636 856/856/637 858/858/639
f  855/855/636 858/858/639 857/857/638
f  858/858/639 856/856/637 859/859/485
f  854/854/635 857/857/638 860/860/640
f  860/860/640 857/857/638 858/858/639
f  854/854/635 860/860/640 861/861/641
f  854/854/635 861/861/641 849/849/631
f  860/860/640 858/858/639 862/862/642
f  860/860/640 862/862/642 861/861/641
f  858/858/639 859/859/485 863/863/643
f  858/858/639 863/863/643 862/862/642
f  861/861/641 862/862/642 864/864/644
f  864/864/644 862/862/642 863/863/643
f  849/849/631 861/861/641 865/865/645
f  865/865/645 861/861/641 864/864/644
f  849/849/631 865/865/645 866/866/646
f  849/849/631 866/866/646 837/837/623
f  837/837/623 866/866/646 831/831/621
f  831/831/621 866/866/646 867/867/647
f  867/867/647 866/866/646 865/865/645
f  831/831/621 867/867/647 832/832/476
f  865/865/645 864/864/644 868/868/648
f  868/868/648 864/864/644 863/863/643
f  867/867/647 865/865/645 869/869/649
f  867/867/647 869/869/649 832/832/476
f  869/869/649 865/865/645 868/868/648
f  832/832/476 869/869/649 870/870/480
f  832/832/476 870/870/480 871/871/477
f  869/869/649 868/868/648 872/872/650
f  869/869/649 872/872/650 870/870/480
f  872/872/650 868/868/648 873/873/651
f  872/872/650 873/873/651 870/870/480
f  873/873/651 868/868/648 863/863/643
f  874/874/482 875/875/479 870/870/480
f  874/874/482 870/870/480 876/876/484
f  876/876/484 870/870/480 873/873/651
f  876/876/484 873/873/651 877/877/485
f  877/877/485 873/873/651 863/863/643
f  877/877/485 863/863/643 878/878/485
f  878/878/485 863/863/643 879/879/485
f  878/878/485 879/879/485 880/880/485
f  879/879/485 863/863/643 859/859/485
f  880/880/485 879/879/485 881/881/485
f  881/881/485 879/879/485 859/859/485
f  882/882/255 883/883/652 884/884/254
f  883/883/652 882/882/255 885/885/256
f  884/884/254 883/883/652 886/886/653
f  883/883/652 885/885/256 887/887/654
f  887/887/654 885/885/256 888/888/655
f  888/888/655 885/885/256 889/889/259
f  883/883/652 887/887/654 890/890/656
f  883/883/652 890/890/656 886/886/653
f  887/887/654 888/888/655 891/891/657
f  891/891/657 888/888/655 889/889/259
f  887/887/654 891/891/657 890/890/656
f  886/886/653 890/890/656 892/892/653
f  893/893/251 884/884/254 886/886/653
f  893/893/251 886/886/653 892/892/653
f  884/884/254 893/893/251 894/894/251
f  884/884/254 894/894/251 895/895/252
f  893/893/251 892/892/653 896/896/658
f  892/892/653 890/890/656 897/897/659
f  892/892/653 897/897/659 896/896/658
f  897/897/659 890/890/656 891/891/657
f  894/894/251 893/893/251 898/898/251
f  898/898/251 893/893/251 896/896/658
f  899/899/251 894/894/251 900/900/251
f  900/900/251 894/894/251 898/898/251
f  900/900/251 898/898/251 901/901/251
f  900/900/251 901/901/251 902/902/251
f  898/898/251 896/896/658 903/903/251
f  901/901/251 898/898/251 904/904/251
f  904/904/251 898/898/251 903/903/251
f  902/902/251 901/901/251 905/905/251
f  905/905/251 901/901/251 904/904/251
f  902/902/251 905/905/251 906/906/251
f  902/902/251 906/906/251 907/907/251
f  906/906/251 905/905/251 908/908/251
f  908/908/251 905/905/251 904/904/251
f  908/908/251 904/904/251 909/909/251
f  909/909/251 904/904/251 903/903/251
f  908/908/251 909/909/251 910/910/251
f  909/909/251 903/903/251 911/911/251
f  911/911/251 903/903/251 912/912/660
f  912/912/660 903/903/251 896/896/658
f  911/911/251 912/912/660 913/913/661
f  912/912/660 896/896/658 914/914/662
f  913/913/661 912/912/660 915/915/663
f  915/915/663 912/912/660 914/914/662
f  913/913/661 915/915/663 916/916/664
f  914/914/662 896/896/658 897/897/659
f  916/916/664 915/915/663 917/917/665
f  917/917/665 915/915/663 914/914/662
f  916/916/664 917/917/665 918/918/666
f  914/914/662 897/897/659 919/919/667
f  914/914/662 919/919/667 920/920/668
f  914/914/662 920/920/668 917/917/665
f  919/919/667 897/897/659 891/891/657
f  920/920/668 919/919/667 921/921/669
f  920/920/668 921/921/669 917/917/665
f  921/921/669 919/919/667 891/891/657
f  922/922/670 918/918/666 917/917/665
f  918/918/666 922/922/670 923/923/671
f  923/923/671 922/922/670 924/924/672
f  923/923/671 924/924/672 925/925/673
f  922/922/670 917/917/665 926/926/674
f  922/922/670 926/926/674 924/924/672
f  926/926/674 917/917/665 921/921/669
f  924/924/672 926/926/674 925/925/673
f  927/927/675 921/921/669 891/891/657
f  927/927/675 891/891/657 928/928/676
f  928/928/676 891/891/657 889/889/259
f  928/928/676 889/889/259 929/929/677
f  928/928/676 929/929/677 927/927/675
f  929/929/677 889/889/259 930/930/260
f  929/929/677 930/930/260 931/931/263
f  921/921/669 927/927/675 932/932/678
f  921/921/669 932/932/678 926/926/674
f  932/932/678 927/927/675 929/929/677
f  929/929/677 931/931/263 933/933/679
f  929/929/677 933/933/679 932/932/678
f  926/926/674 932/932/678 934/934/680
f  934/934/680 932/932/678 933/933/679
f  935/935/681 925/925/673 926/926/674
f  935/935/681 926/926/674 934/934/680
f  925/925/673 935/935/681 936/936/682
f  936/936/682 935/935/681 937/937/683
f  938/938/684 933/933/679 931/931/263
f  933/933/679 938/938/684 934/934/680
f  938/938/684 931/931/263 939/939/264
f  938/938/684 939/939/264 940/940/267
f  937/937/683 935/935/681 941/941/685
f  941/941/685 935/935/681 934/934/680
f  937/937/683 941/941/685 942/942/686
f  934/934/680 938/938/684 943/943/687
f  934/934/680 943/943/687 941/941/685
f  941/941/685 943/943/687 942/942/686
f  943/943/687 938/938/684 940/940/267
f  942/942/686 943/943/687 944/944/688
f  943/943/687 940/940/267 945/945/689
f  943/943/687 945/945/689 944/944/688
f  945/945/689 940/940/267 946/946/271
f  944/944/688 945/945/689 947/947/690
f  944/944/688 947/947/690 948/948/691
f  947/947/690 945/945/689 949/949/692
f  949/949/692 945/945/689 946/946/271
f  949/949/692 946/946/271 950/950/273
f  951/951/154 952/952/153 953/953/693
f  953/953/693 952/952/153 954/954/694
f  954/954/694 952/952/153 955/955/149
f  954/954/694 955/955/149 956/956/695
f  956/956/695 955/955/149 957/957/146
f  953/953/693 954/954/694 958/958/696
f  958/958/696 954/954/694 956/956/695
f  951/951/154 953/953/693 959/959/694
f  953/953/693 958/958/696 960/960/696
f  953/953/693 960/960/696 961/961/697
f  953/953/693 961/961/697 959/959/694
f  961/961/697 960/960/696 962/962/698
f  959/959/694 961/961/697 963/963/690
f  959/959/694 963/963/690 964/964/692
f  960/960/696 958/958/696 965/965/699
f  965/965/699 958/958/696 966/966/700
f  959/959/694 964/964/692 967/967/701
f  959/959/694 967/967/701 951/951/154
f  967/967/701 964/964/692 968/968/273
f  951/951/154 967/967/701 969/969/152
f  969/969/152 967/967/701 968/968/273
f  966/966/700 958/958/696 970/970/702
f  966/966/700 970/970/702 971/971/703
f  970/970/702 958/958/696 972/972/704
f  970/970/702 972/972/704 971/971/703
f  966/966/700 971/971/703 973/973/705
f  973/973/705 971/971/703 974/974/706
f  974/974/706 971/971/703 975/975/707
f  974/974/706 975/975/707 976/976/708
f  975/975/707 971/971/703 977/977/709
f  977/977/709 971/971/703 972/972/704
f  958/958/696 956/956/695 972/972/704
f  976/976/708 975/975/707 978/978/710
f  978/978/710 975/975/707 977/977/709
f  976/976/708 978/978/710 979/979/711
f  976/976/708 979/979/711 980/980/712
f  980/980/712 979/979/711 981/981/713
f  978/978/710 977/977/709 982/982/714
f  979/979/711 978/978/710 983/983/714
f  983/983/714 978/978/710 982/982/714
f  981/981/713 979/979/711 984/984/715
f  984/984/715 979/979/711 983/983/714
f  981/981/713 984/984/715 985/985/716
f  982/982/714 977/977/709 986/986/717
f  982/982/714 986/986/717 983/983/714
f  984/984/715 983/983/714 987/987/718
f  987/987/718 983/983/714 986/986/717
f  985/985/716 984/984/715 988/988/715
f  988/988/715 984/984/715 987/987/718
f  985/985/716 988/988/715 989/989/719
f  989/989/719 988/988/715 990/990/720
f  990/990/720 988/988/715 987/987/718
f  985/985/716 989/989/719 991/991/721
f  991/991/721 989/989/719 990/990/720
f  985/985/716 991/991/721 992/992/722
f  985/985/716 992/992/722 993/993/723
f  993/993/723 992/992/722 994/994/724
f  992/992/722 991/991/721 995/995/725
f  992/992/722 995/995/725 996/996/726
f  991/991/721 990/990/720 997/997/727
f  991/991/721 997/997/727 995/995/725
f  995/995/725 997/997/727 998/998/728
f  995/995/725 998/998/728 999/999/729
f  998/998/728 997/997/727 1000/1000/730
f  998/998/728 1000/1000/730 1001/1001/731
f  997/997/727 990/990/720 1002/1002/732
f  997/997/727 1002/1002/732 1000/1000/730
f  1001/1001/731 1000/1000/730 1003/1003/733
f  1002/1002/732 990/990/720 1004/1004/734
f  1004/1004/734 990/990/720 987/987/718
f  1001/1001/731 1003/1003/733 1005/1005/735
f  1001/1001/731 1005/1005/735 1006/1006/736
f  1006/1006/736 1005/1005/735 1007/1007/737
f  1005/1005/735 1003/1003/733 1008/1008/738
f  1008/1008/738 1003/1003/733 1000/1000/730
f  1007/1007/737 1005/1005/735 1009/1009/739
f  1009/1009/739 1005/1005/735 1008/1008/738
f  1007/1007/737 1009/1009/739 1010/1010/740
f  1010/1010/740 1009/1009/739 1011/1011/741
f  1010/1010/740 1011/1011/741 1012/1012/742
f  1010/1010/740 1012/1012/742 1013/1013/743
f  1013/1013/743 1012/1012/742 1014/1014/744
f  1012/1012/742 1011/1011/741 1015/1015/745
f  1015/1015/745 1011/1011/741 1009/1009/739
f  1014/1014/744 1012/1012/742 1016/1016/746
f  1016/1016/746 1012/1012/742 1015/1015/745
f  1014/1014/744 1016/1016/746 1017/1017/747
f  1014/1014/744 1017/1017/747 1018/1018/748
f  1018/1018/748 1017/1017/747 1019/1019/749
f  1017/1017/747 1016/1016/746 1020/1020/750
f  1015/1015/745 1009/1009/739 1021/1021/751
f  1019/1019/749 1017/1017/747 1022/1022/752
f  1019/1019/749 1022/1022/752 1023/1023/753
f  1017/1017/747 1020/1020/750 1024/1024/754
f  1017/1017/747 1024/1024/754 1022/1022/752
f  1020/1020/750 1016/1016/746 1025/1025/755
f  1025/1025/755 1016/1016/746 1015/1015/745
f  1020/1020/750 1025/1025/755 1024/1024/754
f  1025/1025/755 1015/1015/745 1026/1026/756
f  1025/1025/755 1026/1026/756 1024/1024/754
f  1026/1026/756 1015/1015/745 1021/1021/751
f  1027/1027/757 1023/1023/753 1022/1022/752
f  1027/1027/757 1022/1022/752 1024/1024/754
f  1023/1023/753 1027/1027/757 1028/1028/758
f  1009/1009/739 1008/1008/738 1021/1021/751
f  1024/1024/754 1026/1026/756 1029/1029/131
f  1026/1026/756 1021/1021/751 1030/1030/754
f  1026/1026/756 1030/1030/754 1029/1029/131
f  1024/1024/754 1029/1029/131 1031/1031/759
f  1024/1024/754 1031/1031/759 1027/1027/757
f  1031/1031/759 1029/1029/131 1032/1032/129
f  1031/1031/759 1032/1032/129 1033/1033/127
f  1031/1031/759 1033/1033/127 1027/1027/757
f  1029/1029/131 1030/1030/754 1034/1034/130
f  1027/1027/757 1033/1033/127 1035/1035/128
f  1034/1034/130 1030/1030/754 1036/1036/133
f  1027/1027/757 1035/1035/128 1037/1037/126
f  1037/1037/126 1035/1035/128 1038/1038/122
f  1027/1027/757 1037/1037/126 1039/1039/760
f  1027/1027/757 1039/1039/760 1028/1028/758
f  1028/1028/758 1039/1039/760 1040/1040/761
f  1039/1039/760 1037/1037/126 1041/1041/762
f  1039/1039/760 1041/1041/762 1042/1042/761
f  1041/1041/762 1037/1037/126 1043/1043/124
f  1042/1042/761 1041/1041/762 1044/1044/763
f  1044/1044/763 1041/1041/762 1043/1043/124
f  1044/1044/763 1043/1043/124 1045/1045/348
f  1046/1046/764 1036/1036/133 1030/1030/754
f  1036/1036/133 1046/1046/764 1047/1047/134
f  1046/1046/764 1030/1030/754 1048/1048/765
f  1048/1048/765 1030/1030/754 1021/1021/751
f  1048/1048/765 1021/1021/751 1008/1008/738
f  1047/1047/134 1046/1046/764 1049/1049/766
f  1049/1049/766 1046/1046/764 1048/1048/765
f  1047/1047/134 1049/1049/766 1050/1050/138
f  1048/1048/765 1008/1008/738 1051/1051/767
f  1048/1048/765 1051/1051/767 1049/1049/766
f  1050/1050/138 1049/1049/766 1052/1052/768
f  1052/1052/768 1049/1049/766 1051/1051/767
f  1051/1051/767 1008/1008/738 1053/1053/730
f  1051/1051/767 1053/1053/730 1052/1052/768
f  1053/1053/730 1008/1008/738 1000/1000/730
f  1053/1053/730 1000/1000/730 1002/1002/732
f  1053/1053/730 1002/1002/732 1054/1054/769
f  1053/1053/730 1054/1054/769 1052/1052/768
f  1054/1054/769 1002/1002/732 1004/1004/734
f  1055/1055/770 1050/1050/138 1052/1052/768
f  1050/1050/138 1055/1055/770 1056/1056/140
f  1052/1052/768 1054/1054/769 1057/1057/771
f  1052/1052/768 1057/1057/771 1055/1055/770
f  1054/1054/769 1004/1004/734 1058/1058/772
f  1058/1058/772 1004/1004/734 987/987/718
f  1056/1056/140 1055/1055/770 1059/1059/773
f  1059/1059/773 1055/1055/770 1057/1057/771
f  1056/1056/140 1059/1059/773 1060/1060/141
f  1057/1057/771 1054/1054/769 1061/1061/774
f  1061/1061/774 1054/1054/769 1058/1058/772
f  1057/1057/771 1061/1061/774 1059/1059/773
f  1058/1058/772 987/987/718 1062/1062/775
f  1058/1058/772 1062/1062/775 1061/1061/774
f  1061/1061/774 1062/1062/775 1059/1059/773
f  1062/1062/775 987/987/718 986/986/717
f  1063/1063/145 1060/1060/141 1059/1059/773
f  1060/1060/141 1063/1063/145 1064/1064/145
f  1064/1064/145 1063/1063/145 957/957/146
f  957/957/146 1063/1063/145 956/956/695
f  1063/1063/145 1059/1059/773 1065/1065/776
f  1063/1063/145 1065/1065/776 956/956/695
f  1065/1065/776 1059/1059/773 1062/1062/775
f  956/956/695 1065/1065/776 1066/1066/777
f  956/956/695 1066/1066/777 972/972/704
f  1065/1065/776 1062/1062/775 1067/1067/778
f  1065/1065/776 1067/1067/778 1066/1066/777
f  1067/1067/778 1062/1062/775 1068/1068/778
f  1068/1068/778 1062/1062/775 986/986/717
f  1066/1066/777 1067/1067/778 1069/1069/779
f  1069/1069/779 1067/1067/778 1068/1068/778
f  1066/1066/777 1069/1069/779 972/972/704
f  1069/1069/779 1068/1068/778 986/986/717
f  972/972/704 1069/1069/779 977/977/709
f  977/977/709 1069/1069/779 986/986/717
f  1070/1070/369 1071/1071/367 1072/1072/371
f  1070/1070/369 1072/1072/371 1073/1073/780
f  1073/1073/780 1072/1072/371 1074/1074/372
f  1073/1073/780 1074/1074/372 1075/1075/373
f  1070/1070/369 1073/1073/780 1076/1076/781
f  1076/1076/781 1073/1073/780 1075/1075/373
f  1077/1077/370 1078/1078/368 1070/1070/369
f  1077/1077/370 1070/1070/369 1079/1079/782
f  1079/1079/782 1070/1070/369 1076/1076/781
f  1076/1076/781 1075/1075/373 1080/1080/485
f  1080/1080/485 1075/1075/373 1081/1081/485
f  1080/1080/485 1081/1081/485 1082/1082/485
f  1076/1076/781 1080/1080/485 1083/1083/781
f  1080/1080/485 1082/1082/485 1084/1084/485
f  1080/1080/485 1084/1084/485 1083/1083/781
f  1085/1085/485 1086/1086/485 1082/1082/485
f  1082/1082/485 1086/1086/485 1084/1084/485
f  1084/1084/485 1086/1086/485 1087/1087/485
f  1087/1087/485 1086/1086/485 1088/1088/485
f  1084/1084/485 1087/1087/485 1089/1089/485
f  1084/1084/485 1089/1089/485 1090/1090/783
f  1084/1084/485 1090/1090/783 1083/1083/781
f  1090/1090/783 1089/1089/485 1091/1091/784
f  1090/1090/783 1091/1091/784 1092/1092/785
f  1092/1092/785 1091/1091/784 1093/1093/786
f  1083/1083/781 1090/1090/783 1094/1094/787
f  1095/1095/788 1076/1076/781 1083/1083/781
f  1095/1095/788 1083/1083/781 1094/1094/787
f  1076/1076/781 1095/1095/788 1079/1079/782
f  1079/1079/782 1095/1095/788 1096/1096/789
f  1096/1096/789 1095/1095/788 1094/1094/787
f  1079/1079/782 1096/1096/789 1077/1077/370
f  1094/1094/787 1090/1090/783 1097/1097/790
f  1097/1097/790 1090/1090/783 1092/1092/785
f  1096/1096/789 1094/1094/787 1098/1098/791
f  1098/1098/791 1094/1094/787 1097/1097/790
f  1077/1077/370 1096/1096/789 1099/1099/378
f  1099/1099/378 1096/1096/789 1098/1098/791
f  1077/1077/370 1099/1099/378 1100/1100/364
f  1097/1097/790 1092/1092/785 1101/1101/792
f  1097/1097/790 1101/1101/792 1098/1098/791
f  1101/1101/792 1092/1092/785 1102/1102/793
f  1098/1098/791 1101/1101/792 1103/1103/794
f  1098/1098/791 1103/1103/794 1099/1099/378
f  1103/1103/794 1101/1101/792 1104/1104/795
f  1103/1103/794 1104/1104/795 1105/1105/795
f  1103/1103/794 1105/1105/795 1106/1106/796
f  1099/1099/378 1103/1103/794 1107/1107/797
f  1099/1099/378 1107/1107/797 1108/1108/378
f  1103/1103/794 1106/1106/796 1109/1109/796
f  1103/1103/794 1109/1109/796 1107/1107/797
f  1109/1109/796 1106/1106/796 1110/1110/798
f  1109/1109/796 1110/1110/798 1111/1111/798
f  1109/1109/796 1111/1111/798 1107/1107/797
f  1108/1108/378 1107/1107/797 1112/1112/378
f  1107/1107/797 1111/1111/798 1113/1113/799
f  1107/1107/797 1113/1113/799 1112/1112/378
f  1113/1113/799 1111/1111/798 1114/1114/800
f  1112/1112/378 1113/1113/799 1115/1115/348
f  1113/1113/799 1114/1114/800 1116/1116/801
f  1113/1113/799 1116/1116/801 1115/1115/348
f  1117/1117/801 1118/1118/763 1119/1119/348
f  1118/1118/763 1117/1117/801 1120/1120/761
f  1120/1120/761 1117/1117/801 1121/1121/800
f  1120/1120/761 1121/1121/800 1122/1122/798
f  1123/1123/690 1124/1124/697 1125/1125/698
f  1123/1123/690 1125/1125/698 1126/1126/802
f  1123/1123/690 1126/1126/802 1127/1127/691
f  1127/1127/691 1126/1126/802 1128/1128/803
f  1126/1126/802 1125/1125/698 1129/1129/804
f  1126/1126/802 1129/1129/804 1128/1128/803
f  1129/1129/804 1125/1125/698 1130/1130/805
f  1130/1130/805 1125/1125/698 1131/1131/696
f  1130/1130/805 1131/1131/696 1132/1132/699
f  1130/1130/805 1132/1132/699 1129/1129/804
f  1128/1128/803 1129/1129/804 1133/1133/806
f  1133/1133/806 1129/1129/804 1134/1134/807
f  1128/1128/803 1133/1133/806 1135/1135/808
f  1128/1128/803 1135/1135/808 1136/1136/809
f  1136/1136/809 1135/1135/808 1137/1137/810
f  1135/1135/808 1133/1133/806 1138/1138/811
f  1138/1138/811 1133/1133/806 1134/1134/807
f  1134/1134/807 1129/1129/804 1139/1139/812
f  1139/1139/812 1129/1129/804 1132/1132/699
f  1134/1134/807 1139/1139/812 1138/1138/811
f  1137/1137/810 1135/1135/808 1140/1140/813
f  1140/1140/813 1135/1135/808 1138/1138/811
f  1137/1137/810 1140/1140/813 1141/1141/814
f  1137/1137/810 1141/1141/814 1142/1142/815
f  1142/1142/815 1141/1141/814 1143/1143/816
f  1143/1143/816 1141/1141/814 1144/1144/817
f  1138/1138/811 1139/1139/812 1145/1145/818
f  1140/1140/813 1138/1138/811 1146/1146/819
f  1146/1146/819 1138/1138/811 1145/1145/818
f  1141/1141/814 1140/1140/813 1147/1147/820
f  1147/1147/820 1140/1140/813 1146/1146/819
f  1141/1141/814 1147/1147/820 1148/1148/821
f  1141/1141/814 1148/1148/821 1149/1149/822
f  1147/1147/820 1146/1146/819 1150/1150/823
f  1147/1147/820 1150/1150/823 1148/1148/821
f  1150/1150/823 1146/1146/819 1145/1145/818
f  1148/1148/821 1150/1150/823 1151/1151/824
f  1148/1148/821 1151/1151/824 1152/1152/825
f  1150/1150/823 1145/1145/818 1153/1153/826
f  1150/1150/823 1153/1153/826 1154/1154/827
f  1150/1150/823 1154/1154/827 1151/1151/824
f  1153/1153/826 1145/1145/818 1155/1155/828
f  1153/1153/826 1155/1155/828 1154/1154/827
f  1156/1156/829 1145/1145/818 1139/1139/812
f  1145/1145/818 1156/1156/829 1155/1155/828
f  1156/1156/829 1139/1139/812 1132/1132/699
f  1156/1156/829 1132/1132/699 1157/1157/700
f  1156/1156/829 1157/1157/700 1158/1158/830
f  1156/1156/829 1158/1158/830 1155/1155/828
f  1158/1158/830 1157/1157/700 1159/1159/705
f  1158/1158/830 1159/1159/705 1160/1160/706
f  1155/1155/828 1158/1158/830 1161/1161/831
f  1161/1161/831 1158/1158/830 1160/1160/706
f  1155/1155/828 1161/1161/831 1162/1162/823
f  1155/1155/828 1162/1162/823 1154/1154/827
f  1161/1161/831 1160/1160/706 1163/1163/832
f  1163/1163/832 1160/1160/706 1164/1164/708
f  1163/1163/832 1164/1164/708 1165/1165/712
f  1161/1161/831 1163/1163/832 1166/1166/827
f  1161/1161/831 1166/1166/827 1162/1162/823
f  1163/1163/832 1165/1165/712 1167/1167/712
f  1163/1163/832 1167/1167/712 1166/1166/827
f  1167/1167/712 1165/1165/712 1168/1168/713
f  1162/1162/823 1166/1166/827 1169/1169/833
f  1169/1169/833 1166/1166/827 1167/1167/712
f  1170/1170/834 1154/1154/827 1162/1162/823
f  1170/1170/834 1162/1162/823 1169/1169/833
f  1154/1154/827 1170/1170/834 1151/1151/824
f  1151/1151/824 1170/1170/834 1171/1171/825
f  1171/1171/825 1170/1170/834 1169/1169/833
f  1171/1171/825 1169/1169/833 1172/1172/835
f  1172/1172/835 1169/1169/833 1167/1167/712
f  1172/1172/835 1167/1167/712 1173/1173/836
f  1173/1173/836 1167/1167/712 1168/1168/713
f  1172/1172/835 1173/1173/836 1174/1174/837
f  1173/1173/836 1168/1168/713 1175/1175/716
f  1173/1173/836 1175/1175/716 1176/1176/723
f  1173/1173/836 1176/1176/723 1177/1177/838
f  1178/1178/761 1179/1179/760 1180/1180/761
f  1178/1178/761 1180/1180/761 1181/1181/761
f  1181/1181/761 1180/1180/761 1182/1182/798
f  1181/1181/761 1182/1182/798 1183/1183/839
f  1181/1181/761 1183/1183/839 1178/1178/761
f  1178/1178/761 1183/1183/839 1184/1184/840
f  1178/1178/761 1184/1184/840 1185/1185/758
f  1184/1184/840 1183/1183/839 1186/1186/795
f  1185/1185/758 1184/1184/840 1187/1187/753
f  1184/1184/840 1186/1186/795 1188/1188/841
f  1184/1184/840 1188/1188/841 1189/1189/842
f  1189/1189/842 1188/1188/841 1190/1190/843
f  1187/1187/753 1184/1184/840 1191/1191/844
f  1191/1191/844 1184/1184/840 1189/1189/842
f  1187/1187/753 1191/1191/844 1192/1192/845
f  1187/1187/753 1192/1192/845 1193/1193/749
f  1193/1193/749 1192/1192/845 1194/1194/748
f  1192/1192/845 1191/1191/844 1195/1195/846
f  1195/1195/846 1191/1191/844 1189/1189/842
f  1194/1194/748 1192/1192/845 1196/1196/847
f  1196/1196/847 1192/1192/845 1195/1195/846
f  1197/1197/848 1189/1189/842 1190/1190/843
f  1189/1189/842 1197/1197/848 1195/1195/846
f  1197/1197/848 1190/1190/843 1198/1198/849
f  1197/1197/848 1198/1198/849 1199/1199/850
f  1199/1199/850 1198/1198/849 1200/1200/851
f  1197/1197/848 1199/1199/850 1201/1201/846
f  1197/1197/848 1201/1201/846 1195/1195/846
f  1201/1201/846 1199/1199/850 1202/1202/852
f  1195/1195/846 1201/1201/846 1203/1203/853
f  1203/1203/853 1201/1201/846 1202/1202/852
f  1195/1195/846 1203/1203/853 1196/1196/847
f  1203/1203/853 1202/1202/852 1204/1204/854
f  1203/1203/853 1204/1204/854 1205/1205/855
f  1203/1203/853 1205/1205/855 1196/1196/847
f  1196/1196/847 1205/1205/855 1206/1206/856
f  1196/1196/847 1206/1206/856 1194/1194/748
f  1194/1194/748 1206/1206/856 1207/1207/744
f  1206/1206/856 1205/1205/855 1208/1208/857
f  1206/1206/856 1208/1208/857 1207/1207/744
f  1208/1208/857 1205/1205/855 1209/1209/858
f  1207/1207/744 1208/1208/857 1210/1210/743
f  1211/1211/686 1212/1212/688 1213/1213/859
f  1213/1213/859 1212/1212/688 1214/1214/691
f  1213/1213/859 1214/1214/691 1215/1215/803
f  1213/1213/859 1215/1215/803 1216/1216/809
f  1211/1211/686 1213/1213/859 1217/1217/860
f  1217/1217/860 1213/1213/859 1216/1216/809
f  1211/1211/686 1217/1217/860 1218/1218/683
f  1217/1217/860 1216/1216/809 1219/1219/861
f  1218/1218/683 1217/1217/860 1220/1220/862
f  1218/1218/683 1220/1220/862 1221/1221/682
f  1221/1221/682 1220/1220/862 1222/1222/673
f  1222/1222/673 1220/1220/862 1223/1223/671
f  1219/1219/861 1216/1216/809 1224/1224/863
f  1217/1217/860 1219/1219/861 1225/1225/861
f  1217/1217/860 1225/1225/861 1220/1220/862
f  1225/1225/861 1219/1219/861 1224/1224/863
f  1220/1220/862 1225/1225/861 1226/1226/864
f  1224/1224/863 1216/1216/809 1227/1227/810
f  1220/1220/862 1226/1226/864 1228/1228/865
f  1220/1220/862 1228/1228/865 1223/1223/671
f  1226/1226/864 1225/1225/861 1229/1229/866
f  1229/1229/866 1225/1225/861 1224/1224/863
f  1226/1226/864 1229/1229/866 1228/1228/865
f  1224/1224/863 1227/1227/810 1230/1230/815
f  1230/1230/815 1227/1227/810 1231/1231/815
f  1224/1224/863 1230/1230/815 1232/1232/867
f  1232/1232/867 1230/1230/815 1231/1231/815
f  1224/1224/863 1232/1232/867 1229/1229/866
f  1232/1232/867 1231/1231/815 1233/1233/868
f  1233/1233/868 1231/1231/815 1234/1234/816
f  1233/1233/868 1234/1234/816 1235/1235/869
f  1233/1233/868 1235/1235/869 1236/1236/870
f  1233/1233/868 1236/1236/870 1232/1232/867
f  1232/1232/867 1236/1236/870 1237/1237/871
f  1232/1232/867 1237/1237/871 1229/1229/866
f  1237/1237/871 1236/1236/870 1238/1238/872
f  1239/1239/873 1228/1228/865 1229/1229/866
f  1239/1239/873 1229/1229/866 1237/1237/871
f  1228/1228/865 1239/1239/873 1240/1240/874
f  1228/1228/865 1240/1240/874 1241/1241/875
f  1228/1228/865 1241/1241/875 1223/1223/671
f  1240/1240/874 1239/1239/873 1242/1242/876
f  1240/1240/874 1242/1242/876 1241/1241/875
f  1242/1242/876 1239/1239/873 1237/1237/871
f  1223/1223/671 1241/1241/875 1243/1243/666
f  1244/1244/877 1237/1237/871 1238/1238/872
f  1244/1244/877 1238/1238/872 1245/1245/878
f  1243/1243/666 1241/1241/875 1246/1246/879
f  1246/1246/879 1241/1241/875 1242/1242/876
f  1243/1243/666 1246/1246/879 1247/1247/880
f  1243/1243/666 1247/1247/880 1248/1248/664
f  1248/1248/664 1247/1247/880 1249/1249/661
f  1247/1247/880 1246/1246/879 1250/1250/881
f  1250/1250/881 1246/1246/879 1242/1242/876
f  1249/1249/661 1247/1247/880 1251/1251/882
f  1251/1251/882 1247/1247/880 1250/1250/881
f  1249/1249/661 1251/1251/882 1252/1252/251
f  1250/1250/881 1242/1242/876 1253/1253/883
f  1251/1251/882 1250/1250/881 1254/1254/884
f  1254/1254/884 1250/1250/881 1253/1253/883
f  1251/1251/882 1254/1254/884 1255/1255/251
f  1251/1251/882 1255/1255/251 1252/1252/251
f  1253/1253/883 1242/1242/876 1256/1256/885
f  1256/1256/885 1242/1242/876 1237/1237/871
f  1254/1254/884 1253/1253/883 1257/1257/886
f  1253/1253/883 1256/1256/885 1258/1258/887
f  1253/1253/883 1258/1258/887 1257/1257/886
f  1256/1256/885 1237/1237/871 1259/1259/888
f  1256/1256/885 1259/1259/888 1258/1258/887
f  1259/1259/888 1237/1237/871 1244/1244/877
f  1259/1259/888 1244/1244/877 1260/1260/889
f  1260/1260/889 1244/1244/877 1261/1261/890
f  1258/1258/887 1259/1259/888 1262/1262/891
f  1262/1262/891 1259/1259/888 1260/1260/889
f  1258/1258/887 1262/1262/891 1257/1257/886
f  1262/1262/891 1260/1260/889 1263/1263/892
f  1262/1262/891 1263/1263/892 1264/1264/893
f  1262/1262/891 1264/1264/893 1257/1257/886
f  1265/1265/251 1254/1254/884 1257/1257/886
f  1265/1265/251 1257/1257/886 1264/1264/893
f  1254/1254/884 1265/1265/251 1255/1255/251
f  1265/1265/251 1264/1264/893 1266/1266/251
f  1265/1265/251 1266/1266/251 1255/1255/251
f  1266/1266/251 1264/1264/893 1267/1267/893
f  1255/1255/251 1266/1266/251 1268/1268/251
f  1255/1255/251 1268/1268/251 1269/1269/251
f  1269/1269/251 1268/1268/251 1270/1270/251
f  1255/1255/251 1269/1269/251 1271/1271/251
f  1255/1255/251 1271/1271/251 1252/1252/251
f  1252/1252/251 1271/1271/251 1272/1272/251
f  1271/1271/251 1269/1269/251 1273/1273/894
f  1271/1271/251 1273/1273/894 1274/1274/251
f  1269/1269/251 1270/1270/251 1275/1275/251
f  1269/1269/251 1275/1275/251 1273/1273/894
f  1273/1273/894 1275/1275/251 1274/1274/251
f  1275/1275/251 1270/1270/251 1276/1276/251
f  1275/1275/251 1276/1276/251 1274/1274/251
f  1277/1277/798 1278/1278/761 1279/1279/798
f  1280/1280/796 1281/1281/795 1282/1282/798
f  1282/1282/798 1281/1281/795 1283/1283/839
f  1281/1281/795 1280/1280/796 1284/1284/795
f  1281/1281/795 1284/1284/795 1285/1285/841
f  1284/1284/795 1280/1280/796 1286/1286/795
f  1285/1285/841 1284/1284/795 1287/1287/843
f  1284/1284/795 1286/1286/795 1288/1288/895
f  1287/1287/843 1284/1284/795 1289/1289/896
f  1289/1289/896 1284/1284/795 1288/1288/895
f  1287/1287/843 1289/1289/896 1290/1290/849
f  1288/1288/895 1286/1286/795 1291/1291/795
f  1290/1290/849 1289/1289/896 1292/1292/851
f  1292/1292/851 1289/1289/896 1293/1293/897
f  1292/1292/851 1293/1293/897 1294/1294/898
f  1289/1289/896 1288/1288/895 1295/1295/897
f  1289/1289/896 1295/1295/897 1293/1293/897
f  1288/1288/895 1291/1291/795 1296/1296/899
f  1288/1288/895 1296/1296/899 1295/1295/897
f  1297/1297/792 1298/1298/793 1291/1291/795
f  1291/1291/795 1298/1298/793 1296/1296/899
f  1294/1294/898 1293/1293/897 1299/1299/900
f  1293/1293/897 1295/1295/897 1300/1300/901
f  1300/1300/901 1295/1295/897 1296/1296/899
f  1293/1293/897 1300/1300/901 1299/1299/900
f  1294/1294/898 1299/1299/900 1301/1301/902
f  1296/1296/899 1298/1298/793 1302/1302/786
f  1302/1302/786 1298/1298/793 1303/1303/785
f  1296/1296/899 1302/1302/786 1304/1304/903
f  1296/1296/899 1304/1304/903 1300/1300/901
f  1301/1301/902 1299/1299/900 1305/1305/904
f  1301/1301/902 1305/1305/904 1306/1306/905
f  1307/1307/906 1299/1299/900 1300/1300/901
f  1299/1299/900 1307/1307/906 1305/1305/904
f  1307/1307/906 1300/1300/901 1308/1308/907
f  1305/1305/904 1307/1307/906 1309/1309/908
f  1309/1309/908 1307/1307/906 1308/1308/907
f  1305/1305/904 1309/1309/908 1306/1306/905
f  1308/1308/907 1300/1300/901 1310/1310/909
f  1310/1310/909 1300/1300/901 1304/1304/903
f  1308/1308/907 1310/1310/909 1309/1309/908
f  1306/1306/905 1309/1309/908 1311/1311/910
f  1306/1306/905 1311/1311/910 1312/1312/911
f  1311/1311/910 1309/1309/908 1313/1313/912
f  1313/1313/912 1309/1309/908 1310/1310/909
f  1311/1311/910 1313/1313/912 1314/1314/485
f  1310/1310/909 1304/1304/903 1315/1315/913
f  1310/1310/909 1315/1315/913 1313/1313/912
f  1315/1315/913 1304/1304/903 1302/1302/786
f  1314/1314/485 1313/1313/912 1316/1316/485
f  1313/1313/912 1315/1315/913 1317/1317/914
f  1317/1317/914 1315/1315/913 1302/1302/786
f  1313/1313/912 1317/1317/914 1316/1316/485
f  1317/1317/914 1302/1302/786 1318/1318/784
f  1317/1317/914 1318/1318/784 1319/1319/485
f  1317/1317/914 1319/1319/485 1316/1316/485
f  1316/1316/485 1319/1319/485 1320/1320/485
f  1316/1316/485 1320/1320/485 1321/1321/485
f  1316/1316/485 1321/1321/485 1322/1322/485
f  1323/1323/589 1324/1324/915 1325/1325/590
f  1325/1325/590 1324/1324/915 1326/1326/593
f  1326/1326/593 1324/1324/915 1327/1327/916
f  1326/1326/593 1327/1327/916 1328/1328/594
f  1324/1324/915 1323/1323/589 1329/1329/917
f  1324/1324/915 1329/1329/917 1327/1327/916
f  1329/1329/917 1323/1323/589 1330/1330/918
f  1330/1330/918 1323/1323/589 1331/1331/585
f  1327/1327/916 1329/1329/917 1332/1332/919
f  1332/1332/919 1329/1329/917 1330/1330/918
f  1328/1328/594 1327/1327/916 1333/1333/920
f  1327/1327/916 1332/1332/919 1334/1334/921
f  1327/1327/916 1334/1334/921 1333/1333/920
f  1334/1334/921 1332/1332/919 1335/1335/922
f  1335/1335/922 1332/1332/919 1330/1330/918
f  1334/1334/921 1335/1335/922 1336/1336/923
f  1334/1334/921 1336/1336/923 1333/1333/920
f  1335/1335/922 1330/1330/918 1337/1337/924
f  1338/1338/925 1330/1330/918 1331/1331/585
f  1338/1338/925 1331/1331/585 1339/1339/582
f  1330/1330/918 1338/1338/925 1340/1340/926
f  1330/1330/918 1340/1340/926 1337/1337/924
f  1338/1338/925 1339/1339/582 1341/1341/927
f  1341/1341/927 1339/1339/582 1342/1342/581
f  1340/1340/926 1338/1338/925 1343/1343/926
f  1343/1343/926 1338/1338/925 1341/1341/927
f  1337/1337/924 1340/1340/926 1344/1344/928
f  1344/1344/928 1340/1340/926 1343/1343/926
f  1345/1345/929 1335/1335/922 1337/1337/924
f  1335/1335/922 1345/1345/929 1336/1336/923
f  1337/1337/924 1344/1344/928 1346/1346/930
f  1337/1337/924 1346/1346/930 1345/1345/929
f  1346/1346/930 1344/1344/928 1347/1347/931
f  1344/1344/928 1343/1343/926 1348/1348/932
f  1344/1344/928 1348/1348/932 1347/1347/931
f  1348/1348/932 1343/1343/926 1349/1349/933
f  1349/1349/933 1343/1343/926 1341/1341/927
f  1348/1348/932 1349/1349/933 1350/1350/934
f  1349/1349/933 1341/1341/927 1351/1351/935
f  1351/1351/935 1341/1341/927 1342/1342/581
f  1350/1350/934 1349/1349/933 1352/1352/936
f  1352/1352/936 1349/1349/933 1351/1351/935
f  1348/1348/932 1350/1350/934 1353/1353/937
f  1348/1348/932 1353/1353/937 1347/1347/931
f  1353/1353/937 1350/1350/934 1352/1352/936
f  1354/1354/579 1342/1342/581 1355/1355/578
f  1342/1342/581 1354/1354/579 1351/1351/935
f  1351/1351/935 1354/1354/579 1356/1356/938
f  1351/1351/935 1356/1356/938 1357/1357/939
f  1351/1351/935 1357/1357/939 1358/1358/940
f  1351/1351/935 1358/1358/940 1359/1359/941
f  1351/1351/935 1359/1359/941 1352/1352/936
f  1359/1359/941 1358/1358/940 1360/1360/942
f  1359/1359/941 1360/1360/942 1361/1361/943
f  1352/1352/936 1359/1359/941 1362/1362/944
f  1362/1362/944 1359/1359/941 1361/1361/943
f  1352/1352/936 1362/1362/944 1363/1363/944
f  1352/1352/936 1363/1363/944 1353/1353/937
f  1362/1362/944 1361/1361/943 1364/1364/945
f  1364/1364/945 1361/1361/943 1365/1365/946
f  1363/1363/944 1362/1362/944 1366/1366/947
f  1366/1366/947 1362/1362/944 1364/1364/945
f  1353/1353/937 1363/1363/944 1367/1367/948
f  1367/1367/948 1363/1363/944 1366/1366/947
f  1353/1353/937 1367/1367/948 1347/1347/931
f  1367/1367/948 1366/1366/947 1368/1368/949
f  1347/1347/931 1367/1367/948 1369/1369/950
f  1369/1369/950 1367/1367/948 1368/1368/949
f  1347/1347/931 1369/1369/950 1370/1370/951
f  1347/1347/931 1370/1370/951 1346/1346/930
f  1369/1369/950 1368/1368/949 1371/1371/952
f  1368/1368/949 1366/1366/947 1372/1372/953
f  1368/1368/949 1372/1372/953 1371/1371/952
f  1372/1372/953 1366/1366/947 1373/1373/953
f  1373/1373/953 1366/1366/947 1364/1364/945
f  1371/1371/952 1372/1372/953 1374/1374/954
f  1372/1372/953 1373/1373/953 1375/1375/955
f  1372/1372/953 1375/1375/955 1374/1374/954
f  1374/1374/954 1375/1375/955 1376/1376/956
f  1375/1375/955 1373/1373/953 1377/1377/957
f  1375/1375/955 1377/1377/957 1378/1378/956
f  1377/1377/957 1373/1373/953 1379/1379/958
f  1379/1379/958 1373/1373/953 1364/1364/945
f  1377/1377/957 1379/1379/958 1380/1380/959
f  1379/1379/958 1364/1364/945 1381/1381/958
f  1379/1379/958 1381/1381/958 1380/1380/959
f  1381/1381/958 1364/1364/945 1382/1382/960
f  1380/1380/959 1381/1381/958 1383/1383/961
f  1381/1381/958 1382/1382/960 1384/1384/962
f  1381/1381/958 1384/1384/962 1383/1383/961
f  1385/1385/963 1371/1371/952 1374/1374/954
f  1385/1385/963 1374/1374/954 1386/1386/964
f  1371/1371/952 1385/1385/963 1387/1387/965
f  1385/1385/963 1386/1386/964 1388/1388/966
f  1385/1385/963 1388/1388/966 1387/1387/965
f  1388/1388/966 1386/1386/964 1389/1389/967
f  1371/1371/952 1387/1387/965 1369/1369/950
f  1388/1388/966 1389/1389/967 1390/1390/968
f  1388/1388/966 1390/1390/968 1387/1387/965
f  1390/1390/968 1389/1389/967 1391/1391/969
f  1369/1369/950 1387/1387/965 1392/1392/970
f  1392/1392/970 1387/1387/965 1390/1390/968
f  1369/1369/950 1392/1392/970 1370/1370/951
f  1390/1390/968 1391/1391/969 1393/1393/971
f  1393/1393/971 1391/1391/969 1394/1394/972
f  1392/1392/970 1390/1390/968 1395/1395/973
f  1392/1392/970 1395/1395/973 1370/1370/951
f  1395/1395/973 1390/1390/968 1393/1393/971
f  1393/1393/971 1394/1394/972 1396/1396/974
f  1395/1395/973 1393/1393/971 1397/1397/975
f  1393/1393/971 1396/1396/974 1398/1398/976
f  1393/1393/971 1398/1398/976 1397/1397/975
f  1395/1395/973 1397/1397/975 1399/1399/977
f  1395/1395/973 1399/1399/977 1370/1370/951
f  1399/1399/977 1397/1397/975 1398/1398/976
f  1370/1370/951 1399/1399/977 1400/1400/978
f  1370/1370/951 1400/1400/978 1346/1346/930
f  1346/1346/930 1400/1400/978 1345/1345/929
f  1400/1400/978 1399/1399/977 1401/1401/979
f  1400/1400/978 1401/1401/979 1345/1345/929
f  1401/1401/979 1399/1399/977 1398/1398/976
f  1345/1345/929 1401/1401/979 1336/1336/923
f  1402/1402/980 1398/1398/976 1396/1396/974
f  1402/1402/980 1396/1396/974 1403/1403/981
f  1402/1402/980 1403/1403/981 1404/1404/982
f  1398/1398/976 1402/1402/980 1405/1405/983
f  1398/1398/976 1405/1405/983 1401/1401/979
f  1402/1402/980 1404/1404/982 1406/1406/984
f  1402/1402/980 1406/1406/984 1405/1405/983
f  1406/1406/984 1404/1404/982 1407/1407/985
f  1401/1401/979 1405/1405/983 1408/1408/986
f  1401/1401/979 1408/1408/986 1336/1336/923
f  1336/1336/923 1408/1408/986 1409/1409/987
f  1336/1336/923 1409/1409/987 1333/1333/920
f  1409/1409/987 1408/1408/986 1410/1410/988
f  1409/1409/987 1410/1410/988 1333/1333/920
f  1408/1408/986 1405/1405/983 1411/1411/989
f  1411/1411/989 1405/1405/983 1406/1406/984
f  1408/1408/986 1411/1411/989 1410/1410/988
f  1412/1412/990 1406/1406/984 1407/1407/985
f  1406/1406/984 1412/1412/990 1411/1411/989
f  1412/1412/990 1407/1407/985 1413/1413/991
f  1411/1411/989 1412/1412/990 1414/1414/992
f  1411/1411/989 1414/1414/992 1410/1410/988
f  1414/1414/992 1412/1412/990 1413/1413/991
f  1413/1413/991 1407/1407/985 1415/1415/993
f  1410/1410/988 1414/1414/992 1416/1416/994
f  1413/1413/991 1415/1415/993 1417/1417/995
f  1417/1417/995 1415/1415/993 1418/1418/996
f  1414/1414/992 1413/1413/991 1419/1419/997
f  1419/1419/997 1413/1413/991 1417/1417/995
f  1414/1414/992 1419/1419/997 1420/1420/998
f  1414/1414/992 1420/1420/998 1416/1416/994
f  1419/1419/997 1417/1417/995 1421/1421/999
f  1421/1421/999 1417/1417/995 1422/1422/1000
f  1420/1420/998 1419/1419/997 1423/1423/1001
f  1423/1423/1001 1419/1419/997 1421/1421/999
f  1416/1416/994 1420/1420/998 1424/1424/1002
f  1424/1424/1002 1420/1420/998 1423/1423/1001
f  1425/1425/1003 1410/1410/988 1416/1416/994
f  1410/1410/988 1425/1425/1003 1333/1333/920
f  1333/1333/920 1425/1425/1003 1328/1328/594
f  1328/1328/594 1425/1425/1003 1426/1426/596
f  1426/1426/596 1425/1425/1003 1427/1427/599
f  1425/1425/1003 1416/1416/994 1428/1428/1004
f  1428/1428/1004 1416/1416/994 1424/1424/1002
f  1427/1427/599 1425/1425/1003 1429/1429/1005
f  1429/1429/1005 1425/1425/1003 1428/1428/1004
f  1427/1427/599 1429/1429/1005 1430/1430/601
f  1430/1430/601 1429/1429/1005 1431/1431/610
f  1429/1429/1005 1428/1428/1004 1432/1432/1005
f  1429/1429/1005 1432/1432/1005 1431/1431/610
f  1428/1428/1004 1424/1424/1002 1433/1433/1006
f  1428/1428/1004 1433/1433/1006 1432/1432/1005
f  1431/1431/610 1432/1432/1005 1434/1434/1007
f  1434/1434/1007 1432/1432/1005 1433/1433/1006
f  1431/1431/610 1434/1434/1007 1435/1435/611
f  1435/1435/611 1434/1434/1007 1436/1436/1008
f  1436/1436/1008 1434/1434/1007 1433/1433/1006
f  1435/1435/611 1436/1436/1008 1437/1437/616
f  1437/1437/616 1436/1436/1008 1438/1438/620
f  1436/1436/1008 1433/1433/1006 1439/1439/1009
f  1439/1439/1009 1433/1433/1006 1424/1424/1002
f  1436/1436/1008 1439/1439/1009 1440/1440/1007
f  1436/1436/1008 1440/1440/1007 1441/1441/1010
f  1441/1441/1010 1440/1440/1007 1442/1442/1011
f  1442/1442/1011 1440/1440/1007 1439/1439/1009
f  1439/1439/1009 1424/1424/1002 1443/1443/1012
f  1439/1439/1009 1443/1443/1012 1442/1442/1011
f  1443/1443/1012 1424/1424/1002 1423/1423/1001
f  1442/1442/1011 1443/1443/1012 1444/1444/1013
f  1444/1444/1013 1443/1443/1012 1423/1423/1001
f  1442/1442/1011 1444/1444/1013 1445/1445/140
f  1442/1442/1011 1445/1445/140 1446/1446/1014
f  1444/1444/1013 1423/1423/1001 1447/1447/1015
f  1444/1444/1013 1447/1447/1015 1445/1445/140
f  1447/1447/1015 1423/1423/1001 1421/1421/999
f  1446/1446/1014 1445/1445/140 1448/1448/1016
f  1447/1447/1015 1421/1421/999 1422/1422/1000
f  1448/1448/1016 1445/1445/140 1449/1449/1017
f  1448/1448/1016 1449/1449/1017 1450/1450/1018
f  1445/1445/140 1447/1447/1015 1451/1451/1019
f  1451/1451/1019 1447/1447/1015 1422/1422/1000
f  1445/1445/140 1451/1451/1019 1449/1449/1017
f  1451/1451/1019 1422/1422/1000 1452/1452/1020
f  1451/1451/1019 1452/1452/1020 1449/1449/1017
f  1453/1453/576 1454/1454/1021 1455/1455/577
f  1455/1455/577 1454/1454/1021 1456/1456/579
f  1456/1456/579 1454/1454/1021 1457/1457/938
f  1457/1457/938 1454/1454/1021 1458/1458/939
f  1458/1458/939 1454/1454/1021 1453/1453/576
f  1457/1457/938 1458/1458/939 1459/1459/939
f  1459/1459/939 1458/1458/939 1460/1460/1022
f  1460/1460/1022 1458/1458/939 1453/1453/576
f  1459/1459/939 1460/1460/1022 1461/1461/940
f  1462/1462/559 1463/1463/560 1453/1453/576
f  1453/1453/576 1463/1463/560 1460/1460/1022
f  1461/1461/940 1460/1460/1022 1464/1464/1023
f  1460/1460/1022 1463/1463/560 1465/1465/1024
f  1461/1461/940 1464/1464/1023 1466/1466/1025
f  1461/1461/940 1466/1466/1025 1467/1467/942
f  1464/1464/1023 1460/1460/1022 1468/1468/1026
f  1468/1468/1026 1460/1460/1022 1465/1465/1024
f  1464/1464/1023 1468/1468/1026 1466/1466/1025
f  1467/1467/942 1466/1466/1025 1469/1469/943
f  1465/1465/1024 1463/1463/560 1470/1470/1027
f  1465/1465/1024 1470/1470/1027 1468/1468/1026
f  1466/1466/1025 1468/1468/1026 1471/1471/1028
f  1469/1469/943 1466/1466/1025 1472/1472/1029
f  1472/1472/1029 1466/1466/1025 1471/1471/1028
f  1469/1469/943 1472/1472/1029 1473/1473/946
f  1471/1471/1028 1468/1468/1026 1474/1474/1030
f  1471/1471/1028 1474/1474/1030 1472/1472/1029
f  1468/1468/1026 1470/1470/1027 1475/1475/1031
f  1468/1468/1026 1475/1475/1031 1474/1474/1030
f  1473/1473/946 1472/1472/1029 1476/1476/1032
f  1476/1476/1032 1472/1472/1029 1474/1474/1030
f  1477/1477/960 1478/1478/945 1473/1473/946
f  1473/1473/946 1476/1476/1032 1479/1479/1033
f  1473/1473/946 1479/1479/1033 1477/1477/960
f  1476/1476/1032 1474/1474/1030 1480/1480/1034
f  1476/1476/1032 1480/1480/1034 1479/1479/1033
f  1481/1481/1035 1474/1474/1030 1475/1475/1031
f  1474/1474/1030 1481/1481/1035 1480/1480/1034
f  1481/1481/1035 1475/1475/1031 1482/1482/1036
f  1480/1480/1034 1481/1481/1035 1483/1483/1037
f  1483/1483/1037 1481/1481/1035 1482/1482/1036
f  1479/1479/1033 1480/1480/1034 1484/1484/1033
f  1484/1484/1033 1480/1480/1034 1483/1483/1037
f  1485/1485/1038 1477/1477/960 1479/1479/1033
f  1485/1485/1038 1479/1479/1033 1484/1484/1033
f  1477/1477/960 1485/1485/1038 1486/1486/962
f  1487/1487/1039 1488/1488/961 1486/1486/962
f  1487/1487/1039 1486/1486/962 1489/1489/1040
f  1489/1489/1040 1486/1486/962 1485/1485/1038
f  1487/1487/1039 1489/1489/1040 1490/1490/1041
f  1490/1490/1041 1489/1489/1040 1491/1491/1042
f  1489/1489/1040 1485/1485/1038 1492/1492/1038
f  1492/1492/1038 1485/1485/1038 1484/1484/1033
f  1489/1489/1040 1492/1492/1038 1491/1491/1042
f  1492/1492/1038 1484/1484/1033 1493/1493/1043
f  1492/1492/1038 1493/1493/1043 1491/1491/1042
f  1493/1493/1043 1484/1484/1033 1483/1483/1037
f  1494/1494/1044 1495/1495/1045 1491/1491/1042
f  1494/1494/1044 1491/1491/1042 1496/1496/1046
f  1494/1494/1044 1496/1496/1046 1497/1497/1047
f  1496/1496/1046 1491/1491/1042 1493/1493/1043
f  1496/1496/1046 1493/1493/1043 1498/1498/1048
f  1496/1496/1046 1498/1498/1048 1499/1499/1049
f  1493/1493/1043 1483/1483/1037 1500/1500/1050
f  1498/1498/1048 1493/1493/1043 1501/1501/1051
f  1501/1501/1051 1493/1493/1043 1500/1500/1050
f  1502/1502/1052 1503/1503/1053 1498/1498/1048
f  1502/1502/1052 1498/1498/1048 1501/1501/1051
f  1500/1500/1050 1483/1483/1037 1504/1504/1054
f  1504/1504/1054 1483/1483/1037 1482/1482/1036
f  1500/1500/1050 1504/1504/1054 1505/1505/1055
f  1504/1504/1054 1482/1482/1036 1506/1506/1056
f  1504/1504/1054 1506/1506/1056 1505/1505/1055
f  1500/1500/1050 1505/1505/1055 1507/1507/1057
f  1500/1500/1050 1507/1507/1057 1501/1501/1051
f  1502/1502/1052 1501/1501/1051 1508/1508/1058
f  1502/1502/1052 1508/1508/1058 1509/1509/1059
f  1501/1501/1051 1507/1507/1057 1510/1510/1060
f  1509/1509/1059 1508/1508/1058 1511/1511/1061
f  1501/1501/1051 1510/1510/1060 1512/1512/1062
f  1501/1501/1051 1512/1512/1062 1508/1508/1058
f  1510/1510/1060 1507/1507/1057 1513/1513/1063
f  1510/1510/1060 1513/1513/1063 1512/1512/1062
f  1514/1514/1036 1507/1507/1057 1505/1505/1055
f  1507/1507/1057 1514/1514/1036 1513/1513/1063
f  1511/1511/1061 1508/1508/1058 1515/1515/1064
f  1511/1511/1061 1515/1515/1064 1516/1516/1065
f  1508/1508/1058 1512/1512/1062 1517/1517/1066
f  1508/1508/1058 1517/1517/1066 1515/1515/1064
f  1512/1512/1062 1513/1513/1063 1518/1518/1067
f  1518/1518/1067 1513/1513/1063 1519/1519/1068
f  1512/1512/1062 1518/1518/1067 1520/1520/1069
f  1512/1512/1062 1520/1520/1069 1517/1517/1066
f  1518/1518/1067 1519/1519/1068 1521/1521/1070
f  1518/1518/1067 1521/1521/1070 1520/1520/1069
f  1519/1519/1068 1513/1513/1063 1522/1522/1071
f  1519/1519/1068 1522/1522/1071 1521/1521/1070
f  1522/1522/1071 1513/1513/1063 1514/1514/1036
f  1520/1520/1069 1521/1521/1070 1523/1523/1072
f  1520/1520/1069 1523/1523/1072 1517/1517/1066
f  1524/1524/1073 1515/1515/1064 1517/1517/1066
f  1515/1515/1064 1524/1524/1073 1525/1525/1074
f  1524/1524/1073 1517/1517/1066 1526/1526/1075
f  1526/1526/1075 1517/1517/1066 1523/1523/1072
f  1525/1525/1074 1524/1524/1073 1527/1527/1076
f  1525/1525/1074 1527/1527/1076 1528/1528/1077
f  1524/1524/1073 1526/1526/1075 1529/1529/1078
f  1524/1524/1073 1529/1529/1078 1527/1527/1076
f  1529/1529/1078 1526/1526/1075 1523/1523/1072
f  1528/1528/1077 1527/1527/1076 1530/1530/251
f  1530/1530/251 1527/1527/1076 1529/1529/1078
f  1528/1528/1077 1530/1530/251 1531/1531/251
f  1531/1531/251 1530/1530/251 1532/1532/251
f  1530/1530/251 1529/1529/1078 1533/1533/1079
f  1533/1533/1079 1529/1529/1078 1523/1523/1072
f  1532/1532/251 1530/1530/251 1534/1534/251
f  1534/1534/251 1530/1530/251 1533/1533/1079
f  1535/1535/251 1536/1536/251 1532/1532/251
f  1535/1535/251 1532/1532/251 1537/1537/251
f  1537/1537/251 1532/1532/251 1534/1534/251
f  1533/1533/1079 1523/1523/1072 1538/1538/1080
f  1538/1538/1080 1523/1523/1072 1521/1521/1070
f  1534/1534/251 1533/1533/1079 1539/1539/1081
f  1534/1534/251 1539/1539/1081 1537/1537/251
f  1539/1539/1081 1533/1533/1079 1538/1538/1080
f  1537/1537/251 1539/1539/1081 1540/1540/251
f  1537/1537/251 1540/1540/251 1541/1541/251
f  1540/1540/251 1539/1539/1081 1542/1542/518
f  1542/1542/518 1539/1539/1081 1538/1538/1080
f  1538/1538/1080 1521/1521/1070 1543/1543/1082
f  1542/1542/518 1538/1538/1080 1544/1544/1083
f  1544/1544/1083 1538/1538/1080 1543/1543/1082
f  1542/1542/518 1544/1544/1083 1545/1545/519
f  1545/1545/519 1544/1544/1083 1546/1546/525
f  1546/1546/525 1544/1544/1083 1543/1543/1082
f  1543/1543/1082 1521/1521/1070 1522/1522/1071
f  1543/1543/1082 1522/1522/1071 1546/1546/525
f  1546/1546/525 1522/1522/1071 1547/1547/528
f  1547/1547/528 1522/1522/1071 1548/1548/535
f  1547/1547/528 1548/1548/535 1549/1549/531
f  1548/1548/535 1522/1522/1071 1514/1514/1036
f  1548/1548/535 1514/1514/1036 1550/1550/1084
f  1548/1548/535 1550/1550/1084 1551/1551/536
f  1551/1551/536 1550/1550/1084 1552/1552/546
f  1552/1552/546 1550/1550/1084 1514/1514/1036
f  1552/1552/546 1514/1514/1036 1505/1505/1055
f  1552/1552/546 1505/1505/1055 1506/1506/1056
f  1552/1552/546 1506/1506/1056 1553/1553/547
f  1553/1553/547 1506/1506/1056 1554/1554/550
f  1554/1554/550 1506/1506/1056 1482/1482/1036
f  1554/1554/550 1482/1482/1036 1555/1555/1085
f  1555/1555/1085 1482/1482/1036 1475/1475/1031
f  1555/1555/1085 1475/1475/1031 1470/1470/1027
f  1554/1554/550 1555/1555/1085 1556/1556/558
f  1556/1556/558 1555/1555/1085 1470/1470/1027
f  1554/1554/550 1556/1556/558 1557/1557/549
f  1556/1556/558 1470/1470/1027 1463/1463/560
f  1556/1556/558 1463/1463/560 1558/1558/557
f  1559/1559/618 1560/1560/620 1561/1561/1010
f  1561/1561/1010 1560/1560/620 1562/1562/1008
f  1559/1559/618 1561/1561/1010 1563/1563/1086
f  1563/1563/1086 1561/1561/1010 1564/1564/1011
f  1563/1563/1086 1564/1564/1011 1565/1565/1014
f  1559/1559/618 1563/1563/1086 1566/1566/1087
f  1559/1559/618 1566/1566/1087 1567/1567/626
f  1563/1563/1086 1565/1565/1014 1568/1568/1088
f  1563/1563/1086 1568/1568/1088 1566/1566/1087
f  1568/1568/1088 1565/1565/1014 1569/1569/1016
f  1567/1567/626 1566/1566/1087 1570/1570/1089
f  1567/1567/626 1570/1570/1089 1571/1571/627
f  1566/1566/1087 1568/1568/1088 1572/1572/1090
f  1566/1566/1087 1572/1572/1090 1570/1570/1089
f  1568/1568/1088 1569/1569/1016 1573/1573/1091
f  1568/1568/1088 1573/1573/1091 1572/1572/1090
f  1573/1573/1091 1569/1569/1016 1574/1574/1018
f  1573/1573/1091 1574/1574/1018 1575/1575/1092
f  1571/1571/627 1570/1570/1089 1576/1576/1093
f  1576/1576/1093 1570/1570/1089 1572/1572/1090
f  1571/1571/627 1576/1576/1093 1577/1577/629
f  1572/1572/1090 1573/1573/1091 1578/1578/1094
f  1572/1572/1090 1578/1578/1094 1576/1576/1093
f  1573/1573/1091 1575/1575/1092 1579/1579/1091
f  1573/1573/1091 1579/1579/1091 1578/1578/1094
f  1579/1579/1091 1575/1575/1092 1580/1580/1091
f  1579/1579/1091 1580/1580/1091 1578/1578/1094
f  1580/1580/1091 1575/1575/1092 1581/1581/1095
f  1580/1580/1091 1581/1581/1095 1582/1582/1015
f  1583/1583/1096 1577/1577/629 1576/1576/1093
f  1583/1583/1096 1576/1576/1093 1578/1578/1094
f  1578/1578/1094 1580/1580/1091 1584/1584/1097
f  1578/1578/1094 1584/1584/1097 1583/1583/1096
f  1584/1584/1097 1580/1580/1091 1582/1582/1015
f  1577/1577/629 1583/1583/1096 1585/1585/1098
f  1585/1585/1098 1583/1583/1096 1584/1584/1097
f  1577/1577/629 1585/1585/1098 1586/1586/630
f  1584/1584/1097 1582/1582/1015 1587/1587/1099
f  1584/1584/1097 1587/1587/1099 1585/1585/1098
f  1587/1587/1099 1582/1582/1015 1588/1588/1100
f  1588/1588/1100 1582/1582/1015 1589/1589/1101
f  1588/1588/1100 1589/1589/1101 1590/1590/1102
f  1585/1585/1098 1587/1587/1099 1591/1591/1103
f  1588/1588/1100 1590/1590/1102 1592/1592/1104
f  1592/1592/1104 1590/1590/1102 1593/1593/485
f  1587/1587/1099 1588/1588/1100 1594/1594/1105
f  1594/1594/1105 1588/1588/1100 1592/1592/1104
f  1591/1591/1103 1587/1587/1099 1595/1595/1106
f  1595/1595/1106 1587/1587/1099 1594/1594/1105
f  1585/1585/1098 1591/1591/1103 1596/1596/1107
f  1596/1596/1107 1591/1591/1103 1595/1595/1106
f  1585/1585/1098 1596/1596/1107 1586/1586/630
f  1595/1595/1106 1594/1594/1105 1597/1597/1108
f  1594/1594/1105 1592/1592/1104 1598/1598/1109
f  1594/1594/1105 1598/1598/1109 1597/1597/1108
f  1598/1598/1109 1592/1592/1104 1593/1593/485
f  1595/1595/1106 1597/1597/1108 1599/1599/1110
f  1599/1599/1110 1597/1597/1108 1598/1598/1109
f  1595/1595/1106 1599/1599/1110 1596/1596/1107
f  1598/1598/1109 1593/1593/485 1600/1600/1102
f  1598/1598/1109 1600/1600/1102 1599/1599/1110
f  1600/1600/1102 1593/1593/485 1601/1601/485
f  1600/1600/1102 1601/1601/485 1602/1602/637
f  1600/1600/1102 1602/1602/637 1599/1599/1110
f  1596/1596/1107 1599/1599/1110 1603/1603/1111
f  1603/1603/1111 1599/1599/1110 1602/1602/637
f  1596/1596/1107 1603/1603/1111 1586/1586/630
f  1603/1603/1111 1602/1602/637 1604/1604/634
f  1603/1603/1111 1604/1604/634 1586/1586/630
f  1605/1605/251 1606/1606/251 1607/1607/251
f  1607/1607/251 1606/1606/251 1608/1608/251
f  1609/1609/251 1610/1610/251 1607/1607/251
f  1607/1607/251 1608/1608/251 1611/1611/251
f  1607/1607/251 1611/1611/251 1609/1609/251
f  1611/1611/251 1608/1608/251 1612/1612/251
f  1612/1612/251 1608/1608/251 1613/1613/251
f  1609/1609/251 1611/1611/251 1614/1614/1112
f  1609/1609/251 1614/1614/1112 1615/1615/1077
f  1611/1611/251 1612/1612/251 1616/1616/251
f  1611/1611/251 1616/1616/251 1614/1614/1112
f  1612/1612/251 1613/1613/251 1617/1617/251
f  1617/1617/251 1613/1613/251 1618/1618/251
f  1616/1616/251 1612/1612/251 1619/1619/1113
f  1619/1619/1113 1612/1612/251 1617/1617/251
f  1614/1614/1112 1616/1616/251 1620/1620/1114
f  1620/1620/1114 1616/1616/251 1619/1619/1113
f  1621/1621/1115 1615/1615/1077 1614/1614/1112
f  1617/1617/251 1618/1618/251 1622/1622/1116
f  1619/1619/1113 1617/1617/251 1623/1623/1117
f  1623/1623/1117 1617/1617/251 1622/1622/1116
f  1622/1622/1116 1618/1618/251 1624/1624/1118
f  1624/1624/1118 1618/1618/251 1625/1625/1119
f  1624/1624/1118 1625/1625/1119 1626/1626/1120
f  1626/1626/1120 1625/1625/1119 1627/1627/1121
f  1627/1627/1121 1625/1625/1119 1628/1628/1122
f  1624/1624/1118 1626/1626/1120 1629/1629/1123
f  1629/1629/1123 1626/1626/1120 1627/1627/1121
f  1627/1627/1121 1628/1628/1122 1630/1630/1124
f  1627/1627/1121 1630/1630/1124 1629/1629/1123
f  1631/1631/1125 1622/1622/1116 1624/1624/1118
f  1631/1631/1125 1624/1624/1118 1629/1629/1123
f  1622/1622/1116 1631/1631/1125 1632/1632/1126
f  1622/1622/1116 1632/1632/1126 1623/1623/1117
f  1631/1631/1125 1629/1629/1123 1633/1633/1127
f  1629/1629/1123 1630/1630/1124 1634/1634/1128
f  1629/1629/1123 1634/1634/1128 1633/1633/1127
f  1635/1635/1129 1636/1636/1130 1630/1630/1124
f  1630/1630/1124 1636/1636/1130 1637/1637/1131
f  1630/1630/1124 1637/1637/1131 1634/1634/1128
f  1637/1637/1131 1636/1636/1130 1638/1638/1132
f  1634/1634/1128 1637/1637/1131 1639/1639/1133
f  1634/1634/1128 1639/1639/1133 1633/1633/1127
f  1639/1639/1133 1637/1637/1131 1638/1638/1132
f  1633/1633/1127 1639/1639/1133 1640/1640/1134
f  1640/1640/1134 1639/1639/1133 1638/1638/1132
f  1641/1641/1135 1631/1631/1125 1633/1633/1127
f  1631/1631/1125 1641/1641/1135 1632/1632/1126
f  1641/1641/1135 1633/1633/1127 1642/1642/1136
f  1642/1642/1136 1633/1633/1127 1640/1640/1134
f  1641/1641/1135 1642/1642/1136 1643/1643/1137
f  1632/1632/1126 1641/1641/1135 1644/1644/1138
f  1644/1644/1138 1641/1641/1135 1643/1643/1137
f  1632/1632/1126 1644/1644/1138 1645/1645/1139
f  1632/1632/1126 1645/1645/1139 1623/1623/1117
f  1623/1623/1117 1645/1645/1139 1619/1619/1113
f  1643/1643/1137 1642/1642/1136 1646/1646/1140
f  1643/1643/1137 1646/1646/1140 1644/1644/1138
f  1645/1645/1139 1644/1644/1138 1647/1647/1141
f  1647/1647/1141 1644/1644/1138 1646/1646/1140
f  1619/1619/1113 1645/1645/1139 1648/1648/1142
f  1648/1648/1142 1645/1645/1139 1647/1647/1141
f  1619/1619/1113 1648/1648/1142 1620/1620/1114
f  1620/1620/1114 1648/1648/1142 1649/1649/1143
f  1648/1648/1142 1647/1647/1141 1650/1650/1144
f  1648/1648/1142 1650/1650/1144 1649/1649/1143
f  1620/1620/1114 1649/1649/1143 1651/1651/1145
f  1651/1651/1145 1649/1649/1143 1650/1650/1144
f  1620/1620/1114 1651/1651/1145 1614/1614/1112
f  1614/1614/1112 1651/1651/1145 1652/1652/1146
f  1614/1614/1112 1652/1652/1146 1621/1621/1115
f  1652/1652/1146 1651/1651/1145 1653/1653/1147
f  1652/1652/1146 1653/1653/1147 1621/1621/1115
f  1653/1653/1147 1651/1651/1145 1650/1650/1144
f  1654/1654/1148 1650/1650/1144 1647/1647/1141
f  1654/1654/1148 1647/1647/1141 1646/1646/1140
f  1650/1650/1144 1654/1654/1148 1655/1655/1149
f  1650/1650/1144 1655/1655/1149 1653/1653/1147
f  1654/1654/1148 1646/1646/1140 1656/1656/1150
f  1654/1654/1148 1656/1656/1150 1657/1657/1151
f  1654/1654/1148 1657/1657/1151 1655/1655/1149
f  1657/1657/1151 1656/1656/1150 1658/1658/1152
f  1657/1657/1151 1658/1658/1152 1655/1655/1149
f  1656/1656/1150 1646/1646/1140 1659/1659/1153
f  1656/1656/1150 1659/1659/1153 1658/1658/1152
f  1659/1659/1153 1646/1646/1140 1660/1660/1154
f  1660/1660/1154 1646/1646/1140 1642/1642/1136
f  1660/1660/1154 1642/1642/1136 1640/1640/1134
f  1659/1659/1153 1660/1660/1154 1661/1661/1155
f  1658/1658/1152 1659/1659/1153 1662/1662/1156
f  1662/1662/1156 1659/1659/1153 1661/1661/1155
f  1661/1661/1155 1660/1660/1154 1663/1663/1157
f  1660/1660/1154 1640/1640/1134 1664/1664/1158
f  1660/1660/1154 1664/1664/1158 1663/1663/1157
f  1664/1664/1158 1640/1640/1134 1665/1665/1159
f  1665/1665/1159 1640/1640/1134 1638/1638/1132
f  1663/1663/1157 1664/1664/1158 1666/1666/1160
f  1666/1666/1160 1664/1664/1158 1665/1665/1159
f  1665/1665/1159 1638/1638/1132 1667/1667/1161
f  1667/1667/1161 1638/1638/1132 1668/1668/1162
f  1665/1665/1159 1667/1667/1161 1669/1669/1163
f  1669/1669/1163 1667/1667/1161 1668/1668/1162
f  1665/1665/1159 1669/1669/1163 1670/1670/1164
f  1665/1665/1159 1670/1670/1164 1666/1666/1160
f  1669/1669/1163 1668/1668/1162 1671/1671/1165
f  1671/1671/1165 1668/1668/1162 1672/1672/1166
f  1671/1671/1165 1672/1672/1166 1673/1673/1167
f  1673/1673/1167 1672/1672/1166 1674/1674/1168
f  1673/1673/1167 1674/1674/1168 1675/1675/1159
f  1673/1673/1167 1675/1675/1159 1671/1671/1165
f  1669/1669/1163 1671/1671/1165 1676/1676/1169
f  1676/1676/1169 1671/1671/1165 1675/1675/1159
f  1669/1669/1163 1676/1676/1169 1670/1670/1164
f  1676/1676/1169 1675/1675/1159 1677/1677/1170
f  1670/1670/1164 1676/1676/1169 1678/1678/1171
f  1678/1678/1171 1676/1676/1169 1677/1677/1170
f  1670/1670/1164 1678/1678/1171 1666/1666/1160
f  1666/1666/1160 1678/1678/1171 1679/1679/1172
f  1678/1678/1171 1677/1677/1170 1680/1680/1173
f  1678/1678/1171 1680/1680/1173 1679/1679/1172
f  1680/1680/1173 1677/1677/1170 1681/1681/1174
f  1666/1666/1160 1679/1679/1172 1663/1663/1157
f  1680/1680/1173 1681/1681/1174 1682/1682/1175
f  1682/1682/1175 1681/1681/1174 1683/1683/1176
f  1682/1682/1175 1683/1683/1176 1684/1684/1177
f  1680/1680/1173 1682/1682/1175 1685/1685/1178
f  1680/1680/1173 1685/1685/1178 1679/1679/1172
f  1682/1682/1175 1684/1684/1177 1686/1686/1156
f  1682/1682/1175 1686/1686/1156 1685/1685/1178
f  1687/1687/1179 1663/1663/1157 1679/1679/1172
f  1663/1663/1157 1687/1687/1179 1661/1661/1155
f  1679/1679/1172 1685/1685/1178 1688/1688/1180
f  1679/1679/1172 1688/1688/1180 1687/1687/1179
f  1661/1661/1155 1687/1687/1179 1662/1662/1156
f  1662/1662/1156 1687/1687/1179 1688/1688/1180
f  1688/1688/1180 1685/1685/1178 1689/1689/1181
f  1689/1689/1181 1685/1685/1178 1686/1686/1156
f  1688/1688/1180 1689/1689/1181 1662/1662/1156
f  1689/1689/1181 1686/1686/1156 1690/1690/1182
f  1689/1689/1181 1690/1690/1182 1662/1662/1156
f  1691/1691/1183 1686/1686/1156 1684/1684/1177
f  1691/1691/1183 1684/1684/1177 1692/1692/1184
f  1686/1686/1156 1691/1691/1183 1690/1690/1182
f  1662/1662/1156 1690/1690/1182 1693/1693/1185
f  1662/1662/1156 1693/1693/1185 1658/1658/1152
f  1690/1690/1182 1691/1691/1183 1694/1694/1186
f  1694/1694/1186 1691/1691/1183 1695/1695/1039
f  1695/1695/1039 1691/1691/1183 1696/1696/1186
f  1695/1695/1039 1696/1696/1186 1697/1697/961
f  1694/1694/1186 1695/1695/1039 1698/1698/1041
f  1690/1690/1182 1694/1694/1186 1699/1699/1187
f  1699/1699/1187 1694/1694/1186 1698/1698/1041
f  1690/1690/1182 1699/1699/1187 1700/1700/1188
f  1690/1690/1182 1700/1700/1188 1693/1693/1185
f  1699/1699/1187 1698/1698/1041 1701/1701/1045
f  1699/1699/1187 1701/1701/1045 1700/1700/1188
f  1701/1701/1045 1698/1698/1041 1702/1702/1042
f  1700/1700/1188 1701/1701/1045 1703/1703/1047
f  1703/1703/1047 1701/1701/1045 1704/1704/1044
f  1700/1700/1188 1703/1703/1047 1705/1705/1049
f  1700/1700/1188 1705/1705/1049 1693/1693/1185
f  1705/1705/1049 1703/1703/1047 1706/1706/1046
f  1693/1693/1185 1705/1705/1049 1707/1707/1189
f  1708/1708/1053 1705/1705/1049 1709/1709/1048
f  1705/1705/1049 1708/1708/1053 1707/1707/1189
f  1693/1693/1185 1707/1707/1189 1710/1710/1190
f  1693/1693/1185 1710/1710/1190 1658/1658/1152
f  1658/1658/1152 1710/1710/1190 1655/1655/1149
f  1655/1655/1149 1710/1710/1190 1711/1711/1191
f  1711/1711/1191 1710/1710/1190 1707/1707/1189
f  1655/1655/1149 1711/1711/1191 1653/1653/1147
f  1711/1711/1191 1707/1707/1189 1712/1712/1192
f  1712/1712/1192 1707/1707/1189 1708/1708/1053
f  1711/1711/1191 1712/1712/1192 1653/1653/1147
f  1712/1712/1192 1708/1708/1053 1713/1713/1059
f  1713/1713/1059 1708/1708/1053 1714/1714/1052
f  1653/1653/1147 1712/1712/1192 1715/1715/1065
f  1715/1715/1065 1712/1712/1192 1713/1713/1059
f  1715/1715/1065 1713/1713/1059 1716/1716/1061
f  1653/1653/1147 1715/1715/1065 1621/1621/1115
f  1621/1621/1115 1715/1715/1065 1717/1717/1193
f  1717/1717/1193 1715/1715/1065 1718/1718/1064
f  1621/1621/1115 1717/1717/1193 1615/1615/1077
f  1717/1717/1193 1718/1718/1064 1719/1719/1074
f  1717/1717/1193 1719/1719/1074 1615/1615/1077
f  1720/1720/485 1721/1721/485 1722/1722/485
f  1721/1721/485 1720/1720/485 1723/1723/485
f  1723/1723/485 1720/1720/485 1724/1724/485
f  1723/1723/485 1724/1724/485 1725/1725/485
f  1724/1724/485 1720/1720/485 1726/1726/485
f  1726/1726/485 1720/1720/485 1727/1727/1102
f  1725/1725/485 1724/1724/485 1728/1728/1194
f  1725/1725/485 1728/1728/1194 1729/1729/1195
f  1726/1726/485 1727/1727/1102 1730/1730/1196
f  1729/1729/1195 1728/1728/1194 1731/1731/1197
f  1730/1730/1196 1727/1727/1102 1732/1732/1101
f  1728/1728/1194 1724/1724/485 1733/1733/1198
f  1728/1728/1194 1733/1733/1198 1731/1731/1197
f  1730/1730/1196 1732/1732/1101 1734/1734/1199
f  1735/1735/1200 1724/1724/485 1726/1726/485
f  1726/1726/485 1730/1730/1196 1736/1736/1201
f  1726/1726/485 1736/1736/1201 1735/1735/1200
f  1730/1730/1196 1734/1734/1199 1737/1737/1202
f  1730/1730/1196 1737/1737/1202 1736/1736/1201
f  1734/1734/1199 1732/1732/1101 1738/1738/1203
f  1734/1734/1199 1738/1738/1203 1737/1737/1202
f  1738/1738/1203 1732/1732/1101 1739/1739/1204
f  1739/1739/1204 1732/1732/1101 1740/1740/1015
f  1737/1737/1202 1738/1738/1203 1741/1741/1205
f  1741/1741/1205 1738/1738/1203 1739/1739/1204
f  1736/1736/1201 1737/1737/1202 1742/1742/1206
f  1736/1736/1201 1742/1742/1206 1735/1735/1200
f  1737/1737/1202 1741/1741/1205 1743/1743/1207
f  1737/1737/1202 1743/1743/1207 1742/1742/1206
f  1741/1741/1205 1739/1739/1204 1744/1744/1208
f  1741/1741/1205 1744/1744/1208 1743/1743/1207
f  1745/1745/1209 1739/1739/1204 1740/1740/1015
f  1739/1739/1204 1745/1745/1209 1744/1744/1208
f  1745/1745/1209 1740/1740/1015 1746/1746/1095
f  1744/1744/1208 1745/1745/1209 1743/1743/1207
f  1745/1745/1209 1746/1746/1095 1747/1747/1092
f  1745/1745/1209 1747/1747/1092 1748/1748/1210
f  1748/1748/1210 1747/1747/1092 1749/1749/1018
f  1748/1748/1210 1749/1749/1018 1750/1750/1211
f  1745/1745/1209 1748/1748/1210 1751/1751/1212
f  1751/1751/1212 1748/1748/1210 1750/1750/1211
f  1745/1745/1209 1751/1751/1212 1743/1743/1207
f  1751/1751/1212 1750/1750/1211 1752/1752/1213
f  1743/1743/1207 1751/1751/1212 1753/1753/1212
f  1751/1751/1212 1752/1752/1213 1754/1754/1214
f  1754/1754/1214 1752/1752/1213 1755/1755/1215
f  1754/1754/1214 1755/1755/1215 1756/1756/1216
f  1751/1751/1212 1754/1754/1214 1757/1757/1217
f  1751/1751/1212 1757/1757/1217 1753/1753/1212
f  1754/1754/1214 1756/1756/1216 1758/1758/1218
f  1758/1758/1218 1756/1756/1216 1759/1759/1219
f  1757/1757/1217 1754/1754/1214 1760/1760/1220
f  1760/1760/1220 1754/1754/1214 1758/1758/1218
f  1753/1753/1212 1757/1757/1217 1761/1761/1221
f  1753/1753/1212 1761/1761/1221 1743/1743/1207
f  1757/1757/1217 1760/1760/1220 1762/1762/1222
f  1757/1757/1217 1762/1762/1222 1761/1761/1221
f  1760/1760/1220 1758/1758/1218 1763/1763/1223
f  1760/1760/1220 1763/1763/1223 1764/1764/1224
f  1760/1760/1220 1764/1764/1224 1762/1762/1222
f  1762/1762/1222 1764/1764/1224 1765/1765/1225
f  1763/1763/1223 1758/1758/1218 1766/1766/1226
f  1766/1766/1226 1758/1758/1218 1759/1759/1219
f  1763/1763/1223 1766/1766/1226 1767/1767/1227
f  1766/1766/1226 1759/1759/1219 1768/1768/1228
f  1767/1767/1227 1766/1766/1226 1769/1769/1229
f  1769/1769/1229 1766/1766/1226 1768/1768/1228
f  1762/1762/1222 1765/1765/1225 1770/1770/1230
f  1770/1770/1230 1765/1765/1225 1771/1771/1231
f  1762/1762/1222 1770/1770/1230 1731/1731/1197
f  1762/1762/1222 1731/1731/1197 1761/1761/1221
f  1770/1770/1230 1771/1771/1231 1729/1729/1195
f  1770/1770/1230 1729/1729/1195 1731/1731/1197
f  1729/1729/1195 1771/1771/1231 1772/1772/1232
f  1772/1772/1232 1771/1771/1231 1773/1773/1233
f  1761/1761/1221 1731/1731/1197 1774/1774/1234
f  1774/1774/1234 1731/1731/1197 1733/1733/1198
f  1774/1774/1234 1733/1733/1198 1775/1775/1235
f  1775/1775/1235 1733/1733/1198 1724/1724/485
f  1775/1775/1235 1724/1724/485 1735/1735/1200
f  1774/1774/1234 1775/1775/1235 1776/1776/1236
f  1774/1774/1234 1776/1776/1236 1761/1761/1221
f  1775/1775/1235 1735/1735/1200 1777/1777/1237
f  1775/1775/1235 1777/1777/1237 1776/1776/1236
f  1777/1777/1237 1735/1735/1200 1742/1742/1206
f  1761/1761/1221 1776/1776/1236 1778/1778/1238
f  1778/1778/1238 1776/1776/1236 1777/1777/1237
f  1778/1778/1238 1777/1777/1237 1742/1742/1206
f  1761/1761/1221 1778/1778/1238 1743/1743/1207
f  1743/1743/1207 1778/1778/1238 1742/1742/1206
f  1779/1779/485 1780/1780/485 1781/1781/485
f  1782/1782/485 1783/1783/485 1784/1784/485
f  1785/1785/485 1786/1786/485 1787/1787/485
f  1788/1788/251 1789/1789/251 1790/1790/251
f  1788/1788/251 1790/1790/251 1791/1791/251
f  1791/1791/251 1790/1790/251 1792/1792/251
f  1792/1792/251 1790/1790/251 1793/1793/251
f  1792/1792/251 1793/1793/251 1794/1794/251
f  1791/1791/251 1792/1792/251 1795/1795/251
f  1792/1792/251 1794/1794/251 1796/1796/251
f  1792/1792/251 1796/1796/251 1795/1795/251
f  1796/1796/251 1794/1794/251 1797/1797/251
f  1796/1796/251 1797/1797/251 1798/1798/251
f  1798/1798/251 1797/1797/251 1799/1799/1239
f  1795/1795/251 1796/1796/251 1800/1800/251
f  1800/1800/251 1796/1796/251 1798/1798/251
f  1795/1795/251 1800/1800/251 1801/1801/251
f  1795/1795/251 1801/1801/251 1802/1802/251
f  1802/1802/251 1801/1801/251 1803/1803/1119
f  1803/1803/1119 1801/1801/251 1804/1804/1240
f  1803/1803/1119 1804/1804/1240 1805/1805/1122
f  1801/1801/251 1800/1800/251 1806/1806/1241
f  1801/1801/251 1806/1806/1241 1804/1804/1240
f  1800/1800/251 1798/1798/251 1807/1807/1242
f  1806/1806/1241 1800/1800/251 1808/1808/1242
f  1808/1808/1242 1800/1800/251 1807/1807/1242
f  1804/1804/1240 1806/1806/1241 1809/1809/1243
f  1805/1805/1122 1804/1804/1240 1810/1810/1244
f  1810/1810/1244 1804/1804/1240 1809/1809/1243
f  1805/1805/1122 1810/1810/1244 1811/1811/1129
f  1805/1805/1122 1811/1811/1129 1812/1812/1124
f  1810/1810/1244 1809/1809/1243 1813/1813/1245
f  1810/1810/1244 1813/1813/1245 1811/1811/1129
f  1809/1809/1243 1806/1806/1241 1814/1814/1246
f  1814/1814/1246 1806/1806/1241 1808/1808/1242
f  1813/1813/1245 1809/1809/1243 1815/1815/1247
f  1815/1815/1247 1809/1809/1243 1814/1814/1246
f  1811/1811/1129 1813/1813/1245 1816/1816/1248
f  1816/1816/1248 1813/1813/1245 1815/1815/1247
f  1811/1811/1129 1816/1816/1248 1817/1817/1130
f  1814/1814/1246 1808/1808/1242 1818/1818/1249
f  1818/1818/1249 1808/1808/1242 1807/1807/1242
f  1815/1815/1247 1814/1814/1246 1819/1819/1250
f  1819/1819/1250 1814/1814/1246 1818/1818/1249
f  1816/1816/1248 1815/1815/1247 1820/1820/1251
f  1817/1817/1130 1816/1816/1248 1821/1821/1252
f  1821/1821/1252 1816/1816/1248 1820/1820/1251
f  1817/1817/1130 1821/1821/1252 1822/1822/1253
f  1817/1817/1130 1822/1822/1253 1823/1823/1132
f  1823/1823/1132 1822/1822/1253 1824/1824/1162
f  1815/1815/1247 1819/1819/1250 1825/1825/1254
f  1815/1815/1247 1825/1825/1254 1820/1820/1251
f  1821/1821/1252 1820/1820/1251 1826/1826/1255
f  1821/1821/1252 1826/1826/1255 1822/1822/1253
f  1824/1824/1162 1822/1822/1253 1827/1827/1256
f  1824/1824/1162 1827/1827/1256 1828/1828/1166
f  1822/1822/1253 1826/1826/1255 1829/1829/1257
f  1822/1822/1253 1829/1829/1257 1827/1827/1256
f  1826/1826/1255 1820/1820/1251 1830/1830/1258
f  1829/1829/1257 1826/1826/1255 1831/1831/1259
f  1831/1831/1259 1826/1826/1255 1830/1830/1258
f  1830/1830/1258 1820/1820/1251 1832/1832/1260
f  1832/1832/1260 1820/1820/1251 1825/1825/1254
f  1827/1827/1256 1829/1829/1257 1833/1833/1261
f  1827/1827/1256 1833/1833/1261 1828/1828/1166
f  1833/1833/1261 1829/1829/1257 1834/1834/1262
f  1834/1834/1262 1829/1829/1257 1831/1831/1259
f  1828/1828/1166 1833/1833/1261 1835/1835/1263
f  1828/1828/1166 1835/1835/1263 1836/1836/1168
f  1836/1836/1168 1835/1835/1263 1837/1837/1264
f  1837/1837/1264 1835/1835/1263 1838/1838/1265
f  1837/1837/1264 1838/1838/1265 1839/1839/1266
f  1838/1838/1265 1835/1835/1263 1840/1840/1267
f  1835/1835/1263 1833/1833/1261 1841/1841/1268
f  1835/1835/1263 1841/1841/1268 1840/1840/1267
f  1841/1841/1268 1833/1833/1261 1834/1834/1262
f  1840/1840/1267 1841/1841/1268 1842/1842/1269
f  1842/1842/1269 1841/1841/1268 1834/1834/1262
f  1842/1842/1269 1834/1834/1262 1843/1843/1270
f  1843/1843/1270 1834/1834/1262 1844/1844/1271
f  1844/1844/1271 1834/1834/1262 1831/1831/1259
f  1842/1842/1269 1843/1843/1270 1845/1845/1272
f  1845/1845/1272 1843/1843/1270 1844/1844/1271
f  1845/1845/1272 1844/1844/1271 1831/1831/1259
f  1842/1842/1269 1845/1845/1272 1846/1846/1273
f  1845/1845/1272 1831/1831/1259 1847/1847/1274
f  1846/1846/1273 1845/1845/1272 1848/1848/1275
f  1848/1848/1275 1845/1845/1272 1847/1847/1274
f  1847/1847/1274 1831/1831/1259 1830/1830/1258
f  1846/1846/1273 1848/1848/1275 1849/1849/1276
f  1849/1849/1276 1848/1848/1275 1847/1847/1274
f  1847/1847/1274 1830/1830/1258 1850/1850/1277
f  1846/1846/1273 1849/1849/1276 1851/1851/1278
f  1846/1846/1273 1851/1851/1278 1852/1852/1279
f  1850/1850/1277 1830/1830/1258 1832/1832/1260
f  1852/1852/1279 1851/1851/1278 1853/1853/1280
f  1853/1853/1280 1851/1851/1278 1849/1849/1276
f  1852/1852/1279 1853/1853/1280 1854/1854/1281
f  1847/1847/1274 1850/1850/1277 1855/1855/1282
f  1847/1847/1274 1855/1855/1282 1849/1849/1276
f  1855/1855/1282 1850/1850/1277 1832/1832/1260
f  1853/1853/1280 1849/1849/1276 1856/1856/1283
f  1853/1853/1280 1856/1856/1283 1857/1857/1284
f  1856/1856/1283 1849/1849/1276 1855/1855/1282
f  1856/1856/1283 1855/1855/1282 1858/1858/1285
f  1856/1856/1283 1858/1858/1285 1859/1859/1286
f  1859/1859/1286 1858/1858/1285 1860/1860/1287
f  1860/1860/1287 1858/1858/1285 1861/1861/1288
f  1861/1861/1288 1858/1858/1285 1855/1855/1282
f  1860/1860/1287 1861/1861/1288 1862/1862/1289
f  1863/1863/1290 1855/1855/1282 1832/1832/1260
f  1855/1855/1282 1863/1863/1290 1861/1861/1288
f  1862/1862/1289 1861/1861/1288 1864/1864/1291
f  1863/1863/1290 1832/1832/1260 1865/1865/1292
f  1865/1865/1292 1832/1832/1260 1825/1825/1254
f  1865/1865/1292 1825/1825/1254 1819/1819/1250
f  1863/1863/1290 1865/1865/1292 1866/1866/1293
f  1863/1863/1290 1866/1866/1293 1861/1861/1288
f  1865/1865/1292 1819/1819/1250 1867/1867/1294
f  1865/1865/1292 1867/1867/1294 1866/1866/1293
f  1867/1867/1294 1819/1819/1250 1818/1818/1249
f  1861/1861/1288 1866/1866/1293 1868/1868/1295
f  1868/1868/1295 1866/1866/1293 1867/1867/1294
f  1861/1861/1288 1868/1868/1295 1864/1864/1291
f  1867/1867/1294 1818/1818/1249 1869/1869/1296
f  1867/1867/1294 1869/1869/1296 1868/1868/1295
f  1869/1869/1296 1818/1818/1249 1807/1807/1242
f  1868/1868/1295 1869/1869/1296 1870/1870/1297
f  1870/1870/1297 1869/1869/1296 1807/1807/1242
f  1864/1864/1291 1868/1868/1295 1871/1871/1298
f  1871/1871/1298 1868/1868/1295 1870/1870/1297
f  1870/1870/1297 1807/1807/1242 1872/1872/1299
f  1870/1870/1297 1872/1872/1299 1871/1871/1298
f  1872/1872/1299 1807/1807/1242 1798/1798/251
f  1872/1872/1299 1798/1798/251 1799/1799/1239
f  1872/1872/1299 1799/1799/1239 1871/1871/1298
f  1871/1871/1298 1799/1799/1239 1873/1873/1300
f  1871/1871/1298 1873/1873/1300 1874/1874/1301
f  1871/1871/1298 1874/1874/1301 1864/1864/1291
f  1864/1864/1291 1874/1874/1301 1875/1875/1302
f  1876/1876/485 1877/1877/485 1878/1878/485
f  1877/1877/485 1876/1876/485 1879/1879/485
f  1879/1879/485 1876/1876/485 1880/1880/485
f  1879/1879/485 1880/1880/485 1881/1881/485
f  1879/1879/485 1881/1881/485 1882/1882/485
f  1877/1877/485 1879/1879/485 1883/1883/485
f  1883/1883/485 1879/1879/485 1884/1884/485
f  1883/1883/485 1884/1884/485 1885/1885/1303
f  1885/1885/1303 1884/1884/485 1886/1886/1304
f  1877/1877/485 1883/1883/485 1887/1887/1305
f  1887/1887/1305 1883/1883/485 1885/1885/1303
f  1888/1888/911 1889/1889/910 1877/1877/485
f  1888/1888/911 1877/1877/485 1890/1890/1306
f  1890/1890/1306 1877/1877/485 1887/1887/1305
f  1888/1888/911 1890/1890/1306 1891/1891/1307
f  1888/1888/911 1891/1891/1307 1892/1892/905
f  1891/1891/1307 1890/1890/1306 1893/1893/1308
f  1893/1893/1308 1890/1890/1306 1887/1887/1305
f  1892/1892/905 1891/1891/1307 1894/1894/1309
f  1892/1892/905 1894/1894/1309 1895/1895/902
f  1891/1891/1307 1893/1893/1308 1896/1896/1310
f  1891/1891/1307 1896/1896/1310 1894/1894/1309
f  1895/1895/902 1894/1894/1309 1897/1897/1311
f  1897/1897/1311 1894/1894/1309 1896/1896/1310
f  1895/1895/902 1897/1897/1311 1898/1898/1312
f  1895/1895/902 1898/1898/1312 1899/1899/898
f  1897/1897/1311 1896/1896/1310 1900/1900/1313
f  1900/1900/1313 1896/1896/1310 1893/1893/1308
f  1897/1897/1311 1900/1900/1313 1901/1901/1314
f  1897/1897/1311 1901/1901/1314 1898/1898/1312
f  1900/1900/1313 1893/1893/1308 1902/1902/1315
f  1902/1902/1315 1893/1893/1308 1887/1887/1305
f  1900/1900/1313 1902/1902/1315 1903/1903/1316
f  1900/1900/1313 1903/1903/1316 1901/1901/1314
f  1902/1902/1315 1887/1887/1305 1904/1904/1317
f  1902/1902/1315 1904/1904/1317 1903/1903/1316
f  1901/1901/1314 1903/1903/1316 1905/1905/1318
f  1905/1905/1318 1903/1903/1316 1904/1904/1317
f  1904/1904/1317 1887/1887/1305 1906/1906/1319
f  1906/1906/1319 1887/1887/1305 1885/1885/1303
f  1906/1906/1319 1885/1885/1303 1907/1907/1320
f  1906/1906/1319 1907/1907/1320 1908/1908/1321
f  1904/1904/1317 1906/1906/1319 1909/1909/1322
f  1909/1909/1322 1906/1906/1319 1908/1908/1321
f  1904/1904/1317 1909/1909/1322 1905/1905/1318
f  1909/1909/1322 1908/1908/1321 1910/1910/1323
f  1909/1909/1322 1910/1910/1323 1905/1905/1318
f  1910/1910/1323 1908/1908/1321 1911/1911/1324
f  1905/1905/1318 1910/1910/1323 1912/1912/1325
f  1913/1913/1326 1914/1914/1327 1910/1910/1323
f  1910/1910/1323 1914/1914/1327 1912/1912/1325
f  1915/1915/1328 1916/1916/1329 1914/1914/1327
f  1914/1914/1327 1916/1916/1329 1912/1912/1325
f  1912/1912/1325 1916/1916/1329 1917/1917/1330
f  1905/1905/1318 1912/1912/1325 1918/1918/1327
f  1905/1905/1318 1918/1918/1327 1901/1901/1314
f  1912/1912/1325 1917/1917/1330 1919/1919/1331
f  1912/1912/1325 1919/1919/1331 1918/1918/1327
f  1919/1919/1331 1917/1917/1330 1920/1920/1327
f  1919/1919/1331 1920/1920/1327 1921/1921/1327
f  1921/1921/1327 1920/1920/1327 1922/1922/1331
f  1919/1919/1331 1921/1921/1327 1923/1923/1327
f  1919/1919/1331 1923/1923/1327 1918/1918/1327
f  1924/1924/1332 1901/1901/1314 1918/1918/1327
f  1901/1901/1314 1924/1924/1332 1898/1898/1312
f  1924/1924/1332 1918/1918/1327 1925/1925/1333
f  1925/1925/1333 1918/1918/1327 1926/1926/1334
f  1926/1926/1334 1918/1918/1327 1923/1923/1327
f  1924/1924/1332 1925/1925/1333 1927/1927/1335
f  1926/1926/1334 1923/1923/1327 1928/1928/1336
f  1926/1926/1334 1928/1928/1336 1929/1929/1337
f  1928/1928/1336 1923/1923/1327 1930/1930/1338
f  1926/1926/1334 1929/1929/1337 1931/1931/1339
f  1926/1926/1334 1931/1931/1339 1925/1925/1333
f  1925/1925/1333 1931/1931/1339 1927/1927/1335
f  1931/1931/1339 1929/1929/1337 1932/1932/1340
f  1931/1931/1339 1932/1932/1340 1927/1927/1335
f  1927/1927/1335 1932/1932/1340 1933/1933/1341
f  1934/1934/1342 1924/1924/1332 1927/1927/1335
f  1924/1924/1332 1934/1934/1342 1898/1898/1312
f  1934/1934/1342 1927/1927/1335 1933/1933/1341
f  1898/1898/1312 1934/1934/1342 1935/1935/1343
f  1935/1935/1343 1934/1934/1342 1933/1933/1341
f  1898/1898/1312 1935/1935/1343 1936/1936/1343
f  1898/1898/1312 1936/1936/1343 1899/1899/898
f  1899/1899/898 1936/1936/1343 1935/1935/1343
f  1899/1899/898 1935/1935/1343 1937/1937/851
f  1937/1937/851 1935/1935/1343 1938/1938/850
f  1938/1938/850 1935/1935/1343 1933/1933/1341
f  1938/1938/850 1933/1933/1341 1939/1939/852
f  1939/1939/852 1933/1933/1341 1940/1940/1344
f  1941/1941/251 1942/1942/251 1943/1943/251
f  1941/1941/251 1943/1943/251 1944/1944/251
f  1941/1941/251 1944/1944/251 1945/1945/251
f  1943/1943/251 1942/1942/251 1946/1946/251
f  1943/1943/251 1946/1946/251 1944/1944/251
f  1945/1945/251 1944/1944/251 1947/1947/251
f  1945/1945/251 1947/1947/251 1948/1948/251
f  1947/1947/251 1944/1944/251 1946/1946/251
f  1946/1946/251 1942/1942/251 1949/1949/251
f  1947/1947/251 1946/1946/251 1950/1950/251
f  1946/1946/251 1949/1949/251 1951/1951/251
f  1950/1950/251 1946/1946/251 1952/1952/251
f  1952/1952/251 1946/1946/251 1951/1951/251
f  1951/1951/251 1949/1949/251 1953/1953/893
f  1950/1950/251 1952/1952/251 1954/1954/1345
f  1955/1955/893 1956/1956/892 1953/1953/893
f  1952/1952/251 1951/1951/251 1957/1957/1346
f  1951/1951/251 1953/1953/893 1958/1958/1347
f  1951/1951/251 1958/1958/1347 1957/1957/1346
f  1952/1952/251 1957/1957/1346 1959/1959/1348
f  1952/1952/251 1959/1959/1348 1954/1954/1345
f  1959/1959/1348 1957/1957/1346 1960/1960/1349
f  1959/1959/1348 1960/1960/1349 1954/1954/1345
f  1957/1957/1346 1958/1958/1347 1961/1961/1350
f  1957/1957/1346 1961/1961/1350 1960/1960/1349
f  1962/1962/1351 1958/1958/1347 1953/1953/893
f  1958/1958/1347 1962/1962/1351 1961/1961/1350
f  1962/1962/1351 1953/1953/893 1956/1956/892
f  1962/1962/1351 1956/1956/892 1963/1963/890
f  1963/1963/890 1956/1956/892 1964/1964/889
f  1961/1961/1350 1962/1962/1351 1965/1965/1352
f  1965/1965/1352 1962/1962/1351 1963/1963/890
f  1966/1966/1353 1960/1960/1349 1961/1961/1350
f  1966/1966/1353 1961/1961/1350 1965/1965/1352
f  1960/1960/1349 1966/1966/1353 1967/1967/1354
f  1960/1960/1349 1967/1967/1354 1954/1954/1345
f  1968/1968/877 1969/1969/878 1963/1963/890
f  1963/1963/890 1969/1969/878 1965/1965/1352
f  1967/1967/1354 1966/1966/1353 1970/1970/1355
f  1966/1966/1353 1965/1965/1352 1971/1971/1356
f  1966/1966/1353 1971/1971/1356 1970/1970/1355
f  1965/1965/1352 1969/1969/878 1972/1972/1357
f  1972/1972/1357 1969/1969/878 1973/1973/872
f  1971/1971/1356 1965/1965/1352 1974/1974/1358
f  1974/1974/1358 1965/1965/1352 1972/1972/1357
f  1971/1971/1356 1974/1974/1358 1975/1975/1359
f  1971/1971/1356 1975/1975/1359 1970/1970/1355
f  1974/1974/1358 1972/1972/1357 1976/1976/1360
f  1974/1974/1358 1976/1976/1360 1975/1975/1359
f  1972/1972/1357 1973/1973/872 1977/1977/1361
f  1972/1972/1357 1977/1977/1361 1976/1976/1360
f  1977/1977/1361 1973/1973/872 1978/1978/870
f  1977/1977/1361 1978/1978/870 1979/1979/869
f  1976/1976/1360 1977/1977/1361 1980/1980/1362
f  1975/1975/1359 1976/1976/1360 1981/1981/1363
f  1981/1981/1363 1976/1976/1360 1980/1980/1362
f  1980/1980/1362 1977/1977/1361 1982/1982/1364
f  1980/1980/1362 1982/1982/1364 1981/1981/1363
f  1977/1977/1361 1979/1979/869 1983/1983/1365
f  1977/1977/1361 1983/1983/1365 1982/1982/1364
f  1983/1983/1365 1979/1979/869 1984/1984/1366
f  1984/1984/1366 1979/1979/869 1985/1985/816
f  1984/1984/1366 1985/1985/816 1986/1986/817
f  1983/1983/1365 1984/1984/1366 1987/1987/1367
f  1987/1987/1367 1984/1984/1366 1986/1986/817
f  1982/1982/1364 1983/1983/1365 1988/1988/1362
f  1988/1988/1362 1983/1983/1365 1987/1987/1367
f  1987/1987/1367 1986/1986/817 1989/1989/1361
f  1988/1988/1362 1987/1987/1367 1990/1990/1368
f  1990/1990/1368 1987/1987/1367 1989/1989/1361
f  1982/1982/1364 1988/1988/1362 1991/1991/1369
f  1991/1991/1369 1988/1988/1362 1990/1990/1368
f  1982/1982/1364 1991/1991/1369 1992/1992/1370
f  1982/1982/1364 1992/1992/1370 1981/1981/1363
f  1989/1989/1361 1986/1986/817 1993/1993/1371
f  1993/1993/1371 1986/1986/817 1994/1994/814
f  1993/1993/1371 1994/1994/814 1995/1995/822
f  1993/1993/1371 1995/1995/822 1989/1989/1361
f  1989/1989/1361 1995/1995/822 1996/1996/1372
f  1989/1989/1361 1996/1996/1372 1997/1997/1373
f  1989/1989/1361 1997/1997/1373 1990/1990/1368
f  1990/1990/1368 1997/1997/1373 1998/1998/1374
f  1990/1990/1368 1998/1998/1374 1999/1999/1375
f  1990/1990/1368 1999/1999/1375 1991/1991/1369
f  1991/1991/1369 1999/1999/1375 2000/2000/1376
f  1991/1991/1369 2000/2000/1376 1992/1992/1370
f  2001/2001/1377 1981/1981/1363 1992/1992/1370
f  2001/2001/1377 1992/1992/1370 2000/2000/1376
f  1981/1981/1363 2001/2001/1377 1975/1975/1359
f  2002/2002/1378 2003/2003/1377 1999/1999/1375
f  1999/1999/1375 2003/2003/1377 2004/2004/1379
f  1999/1999/1375 2004/2004/1379 2000/2000/1376
f  2004/2004/1379 2003/2003/1377 2005/2005/1281
f  2004/2004/1379 2005/2005/1281 2006/2006/1280
f  2004/2004/1379 2006/2006/1280 2007/2007/1380
f  2004/2004/1379 2007/2007/1380 2000/2000/1376
f  2007/2007/1380 2006/2006/1280 2008/2008/1284
f  2000/2000/1376 2007/2007/1380 2009/2009/1381
f  2009/2009/1381 2007/2007/1380 2008/2008/1284
f  2000/2000/1376 2009/2009/1381 2001/2001/1377
f  2009/2009/1381 2008/2008/1284 2010/2010/1286
f  2010/2010/1286 2008/2008/1284 2011/2011/1283
f  2009/2009/1381 2010/2010/1286 2012/2012/1382
f  2009/2009/1381 2012/2012/1382 2001/2001/1377
f  2012/2012/1382 2010/2010/1286 2013/2013/1287
f  2012/2012/1382 2013/2013/1287 2014/2014/1289
f  2001/2001/1377 2012/2012/1382 2015/2015/1383
f  2015/2015/1383 2012/2012/1382 2014/2014/1289
f  2001/2001/1377 2015/2015/1383 1975/1975/1359
f  1975/1975/1359 2015/2015/1383 1970/1970/1355
f  2015/2015/1383 2014/2014/1289 2016/2016/1384
f  2015/2015/1383 2016/2016/1384 1970/1970/1355
f  2017/2017/1291 2018/2018/1302 2014/2014/1289
f  2014/2014/1289 2018/2018/1302 2016/2016/1384
f  2016/2016/1384 2018/2018/1302 2019/2019/1301
f  2016/2016/1384 2019/2019/1301 2020/2020/1300
f  1970/1970/1355 2016/2016/1384 2021/2021/1385
f  2021/2021/1385 2016/2016/1384 2020/2020/1300
f  1970/1970/1355 2021/2021/1385 1967/1967/1354
f  1967/1967/1354 2021/2021/1385 1954/1954/1345
f  2021/2021/1385 2020/2020/1300 2022/2022/1386
f  2021/2021/1385 2022/2022/1386 1954/1954/1345
f  2022/2022/1386 2020/2020/1300 2023/2023/1239
f  1954/1954/1345 2022/2022/1386 1950/1950/251
f  2022/2022/1386 2023/2023/1239 2024/2024/251
f  2022/2022/1386 2024/2024/251 1950/1950/251
f  2025/2025/821 2026/2026/825 2027/2027/822
f  2028/2028/737 2029/2029/1387 2030/2030/736
f  2030/2030/736 2029/2029/1387 2031/2031/731
f  2029/2029/1387 2028/2028/737 2032/2032/1388
f  2032/2032/1388 2028/2028/737 2033/2033/740
f  2031/2031/731 2029/2029/1387 2034/2034/1389
f  2032/2032/1388 2033/2033/740 2035/2035/743
f  2031/2031/731 2034/2034/1389 2036/2036/728
f  2032/2032/1388 2035/2035/743 2037/2037/1390
f  2037/2037/1390 2035/2035/743 2038/2038/857
f  2037/2037/1390 2038/2038/857 2039/2039/858
f  2029/2029/1387 2032/2032/1388 2040/2040/1391
f  2040/2040/1391 2032/2032/1388 2041/2041/1392
f  2041/2041/1392 2032/2032/1388 2037/2037/1390
f  2029/2029/1387 2040/2040/1391 2042/2042/1393
f  2029/2029/1387 2042/2042/1393 2034/2034/1389
f  2040/2040/1391 2041/2041/1392 2043/2043/1394
f  2040/2040/1391 2043/2043/1394 2042/2042/1393
f  2041/2041/1392 2037/2037/1390 2044/2044/1392
f  2041/2041/1392 2044/2044/1392 2043/2043/1394
f  2045/2045/1395 2037/2037/1390 2039/2039/858
f  2045/2045/1395 2039/2039/858 2046/2046/855
f  2045/2045/1395 2046/2046/855 2047/2047/854
f  2044/2044/1392 2037/2037/1390 2048/2048/1396
f  2048/2048/1396 2037/2037/1390 2045/2045/1395
f  2043/2043/1394 2044/2044/1392 2049/2049/1397
f  2049/2049/1397 2044/2044/1392 2048/2048/1396
f  2048/2048/1396 2045/2045/1395 2050/2050/1398
f  2048/2048/1396 2050/2050/1398 2051/2051/1399
f  2051/2051/1399 2050/2050/1398 2045/2045/1395
f  2045/2045/1395 2047/2047/854 2052/2052/1400
f  2052/2052/1400 2047/2047/854 2053/2053/852
f  2045/2045/1395 2052/2052/1400 2054/2054/1401
f  2052/2052/1400 2053/2053/852 2055/2055/1344
f  2045/2045/1395 2054/2054/1401 2051/2051/1399
f  2052/2052/1400 2055/2055/1344 2054/2054/1401
f  2048/2048/1396 2051/2051/1399 2056/2056/1402
f  2048/2048/1396 2056/2056/1402 2049/2049/1397
f  2057/2057/1341 2058/2058/1340 2055/2055/1344
f  2056/2056/1402 2051/2051/1399 2059/2059/1403
f  2055/2055/1344 2058/2058/1340 2060/2060/1404
f  2060/2060/1404 2058/2058/1340 2061/2061/1337
f  2060/2060/1404 2061/2061/1337 2062/2062/1336
f  2060/2060/1404 2062/2062/1336 2063/2063/1338
f  2060/2060/1404 2063/2063/1338 2064/2064/1405
f  2059/2059/1403 2051/2051/1399 2065/2065/1406
f  2065/2065/1406 2051/2051/1399 2054/2054/1401
f  2055/2055/1344 2060/2060/1404 2066/2066/1407
f  2055/2055/1344 2066/2066/1407 2054/2054/1401
f  2060/2060/1404 2064/2064/1405 2067/2067/1408
f  2060/2060/1404 2067/2067/1408 2066/2066/1407
f  2067/2067/1408 2064/2064/1405 2068/2068/1409
f  2068/2068/1409 2064/2064/1405 2069/2069/1410
f  2066/2066/1407 2067/2067/1408 2070/2070/1409
f  2070/2070/1409 2067/2067/1408 2068/2068/1409
f  2054/2054/1401 2066/2066/1407 2071/2071/1411
f  2071/2071/1411 2066/2066/1407 2070/2070/1409
f  2054/2054/1401 2071/2071/1411 2065/2065/1406
f  2071/2071/1411 2070/2070/1409 2072/2072/1412
f  2072/2072/1412 2070/2070/1409 2068/2068/1409
f  2065/2065/1406 2071/2071/1411 2073/2073/1413
f  2073/2073/1413 2071/2071/1411 2072/2072/1412
f  2065/2065/1406 2073/2073/1413 2074/2074/1414
f  2074/2074/1414 2073/2073/1413 2072/2072/1412
f  2065/2065/1406 2074/2074/1414 2059/2059/1403
f  2074/2074/1414 2072/2072/1412 2075/2075/1415
f  2074/2074/1414 2075/2075/1415 2076/2076/1416
f  2074/2074/1414 2076/2076/1416 2077/2077/1417
f  2078/2078/1418 2079/2079/1419 2072/2072/1412
f  2078/2078/1418 2072/2072/1412 2068/2068/1409
f  2078/2078/1418 2068/2068/1409 2080/2080/1420
f  2074/2074/1414 2077/2077/1417 2081/2081/1421
f  2080/2080/1420 2068/2068/1409 2082/2082/1422
f  2080/2080/1420 2082/2082/1422 2083/2083/1331
f  2083/2083/1331 2082/2082/1422 2084/2084/1327
f  2082/2082/1422 2068/2068/1409 2085/2085/1423
f  2085/2085/1423 2068/2068/1409 2069/2069/1410
f  2085/2085/1423 2069/2069/1410 2082/2082/1422
f  2074/2074/1414 2081/2081/1421 2086/2086/1424
f  2074/2074/1414 2086/2086/1424 2059/2059/1403
f  2059/2059/1403 2086/2086/1424 2056/2056/1402
f  2086/2086/1424 2081/2081/1421 2087/2087/1425
f  2087/2087/1425 2081/2081/1421 2077/2077/1417
f  2087/2087/1425 2077/2077/1417 2088/2088/1426
f  2087/2087/1425 2088/2088/1426 2089/2089/1427
f  2087/2087/1425 2089/2089/1427 2090/2090/1428
f  2056/2056/1402 2086/2086/1424 2091/2091/1429
f  2091/2091/1429 2086/2086/1424 2087/2087/1425
f  2056/2056/1402 2091/2091/1429 2049/2049/1397
f  2091/2091/1429 2087/2087/1425 2092/2092/1430
f  2092/2092/1430 2087/2087/1425 2090/2090/1428
f  2091/2091/1429 2092/2092/1430 2049/2049/1397
f  2093/2093/1431 2094/2094/1432 2090/2090/1428
f  2090/2090/1428 2094/2094/1432 2092/2092/1430
f  2092/2092/1430 2094/2094/1432 2095/2095/1433
f  2095/2095/1433 2094/2094/1432 2096/2096/1434
f  2095/2095/1433 2096/2096/1434 2097/2097/1435
f  2049/2049/1397 2092/2092/1430 2098/2098/1436
f  2049/2049/1397 2098/2098/1436 2043/2043/1394
f  2092/2092/1430 2095/2095/1433 2099/2099/1437
f  2092/2092/1430 2099/2099/1437 2098/2098/1436
f  2095/2095/1433 2097/2097/1435 2100/2100/1438
f  2095/2095/1433 2100/2100/1438 2099/2099/1437
f  2043/2043/1394 2098/2098/1436 2101/2101/1439
f  2101/2101/1439 2098/2098/1436 2099/2099/1437
f  2043/2043/1394 2101/2101/1439 2042/2042/1393
f  2101/2101/1439 2099/2099/1437 2102/2102/1440
f  2101/2101/1439 2102/2102/1440 2042/2042/1393
f  2102/2102/1440 2099/2099/1437 2100/2100/1438
f  2042/2042/1393 2102/2102/1440 2034/2034/1389
f  2103/2103/1441 2100/2100/1438 2097/2097/1435
f  2103/2103/1441 2097/2097/1435 2104/2104/1442
f  2102/2102/1440 2100/2100/1438 2105/2105/1443
f  2105/2105/1443 2100/2100/1438 2103/2103/1441
f  2103/2103/1441 2104/2104/1442 2106/2106/1444
f  2102/2102/1440 2105/2105/1443 2107/2107/595
f  2102/2102/1440 2107/2107/595 2034/2034/1389
f  2034/2034/1389 2107/2107/595 2108/2108/1445
f  2034/2034/1389 2108/2108/1445 2036/2036/728
f  2036/2036/728 2108/2108/1445 2109/2109/729
f  2108/2108/1445 2107/2107/595 2110/2110/1446
f  2108/2108/1445 2110/2110/1446 2109/2109/729
f  2107/2107/595 2105/2105/1443 2111/2111/624
f  2107/2107/595 2111/2111/624 2110/2110/1446
f  2111/2111/624 2105/2105/1443 2112/2112/1447
f  2112/2112/1447 2105/2105/1443 2103/2103/1441
f  2110/2110/1446 2111/2111/624 2113/2113/1448
f  2112/2112/1447 2103/2103/1441 2114/2114/1449
f  2114/2114/1449 2103/2103/1441 2106/2106/1444
f  2111/2111/624 2112/2112/1447 2115/2115/1450
f  2111/2111/624 2115/2115/1450 2113/2113/1448
f  2112/2112/1447 2114/2114/1449 2116/2116/1451
f  2112/2112/1447 2116/2116/1451 2115/2115/1450
f  2114/2114/1449 2106/2106/1444 2117/2117/1452
f  2114/2114/1449 2117/2117/1452 2116/2116/1451
f  2117/2117/1452 2106/2106/1444 2118/2118/1453
f  2118/2118/1453 2106/2106/1444 2119/2119/1454
f  2117/2117/1452 2118/2118/1453 2120/2120/1455
f  2120/2120/1455 2118/2118/1453 2121/2121/1456
f  2120/2120/1455 2121/2121/1456 2122/2122/1457
f  2122/2122/1457 2121/2121/1456 2123/2123/1458
f  2120/2120/1455 2122/2122/1457 2124/2124/1459
f  2124/2124/1459 2122/2122/1457 2123/2123/1458
f  2117/2117/1452 2120/2120/1455 2125/2125/1460
f  2117/2117/1452 2125/2125/1460 2116/2116/1451
f  2125/2125/1460 2120/2120/1455 2124/2124/1459
f  2116/2116/1451 2125/2125/1460 2126/2126/1460
f  2126/2126/1460 2125/2125/1460 2124/2124/1459
f  2116/2116/1451 2126/2126/1460 2115/2115/1450
f  2115/2115/1450 2126/2126/1460 2127/2127/1461
f  2115/2115/1450 2127/2127/1461 2128/2128/1462
f  2127/2127/1461 2126/2126/1460 2129/2129/1463
f  2127/2127/1461 2129/2129/1463 2128/2128/1462
f  2115/2115/1450 2128/2128/1462 2113/2113/1448
f  2126/2126/1460 2124/2124/1459 2130/2130/1464
f  2126/2126/1460 2130/2130/1464 2129/2129/1463
f  2130/2130/1464 2124/2124/1459 2131/2131/1465
f  2131/2131/1465 2124/2124/1459 2123/2123/1458
f  2132/2132/1466 2133/2133/1467 2123/2123/1458
f  2123/2123/1458 2133/2133/1467 2131/2131/1465
f  2131/2131/1465 2133/2133/1467 2134/2134/1468
f  2134/2134/1468 2133/2133/1467 2135/2135/1469
f  2134/2134/1468 2135/2135/1469 2136/2136/1467
f  2130/2130/1464 2131/2131/1465 2137/2137/1470
f  2131/2131/1465 2134/2134/1468 2138/2138/1471
f  2131/2131/1465 2138/2138/1471 2137/2137/1470
f  2138/2138/1471 2134/2134/1468 2139/2139/1471
f  2134/2134/1468 2136/2136/1467 2140/2140/1471
f  2134/2134/1468 2140/2140/1471 2139/2139/1471
f  2140/2140/1471 2136/2136/1467 2141/2141/1472
f  2141/2141/1472 2136/2136/1467 2142/2142/1467
f  2138/2138/1471 2139/2139/1471 2143/2143/1473
f  2138/2138/1471 2143/2143/1473 2137/2137/1470
f  2143/2143/1473 2139/2139/1471 2144/2144/1474
f  2137/2137/1470 2143/2143/1473 2145/2145/1475
f  2145/2145/1475 2143/2143/1473 2144/2144/1474
f  2146/2146/1476 2139/2139/1471 2140/2140/1471
f  2139/2139/1471 2146/2146/1476 2144/2144/1474
f  2147/2147/1468 2140/2140/1471 2141/2141/1472
f  2140/2140/1471 2147/2147/1468 2146/2146/1476
f  2147/2147/1468 2141/2141/1472 2148/2148/1281
f  2148/2148/1281 2141/2141/1472 2149/2149/1477
f  2147/2147/1468 2148/2148/1281 2150/2150/1478
f  2150/2150/1478 2148/2148/1281 2151/2151/1377
f  2150/2150/1478 2151/2151/1377 2152/2152/1378
f  2150/2150/1478 2152/2152/1378 2147/2147/1468
f  2147/2147/1468 2152/2152/1378 2146/2146/1476
f  2146/2146/1476 2152/2152/1378 2153/2153/1479
f  2146/2146/1476 2153/2153/1479 2144/2144/1474
f  2153/2153/1479 2152/2152/1378 2154/2154/1374
f  2154/2154/1374 2152/2152/1378 2155/2155/1375
f  2153/2153/1479 2154/2154/1374 2156/2156/1373
f  2153/2153/1479 2156/2156/1373 2157/2157/1475
f  2153/2153/1479 2157/2157/1475 2144/2144/1474
f  2157/2157/1475 2156/2156/1373 2158/2158/1372
f  2144/2144/1474 2157/2157/1475 2159/2159/1480
f  2144/2144/1474 2159/2159/1480 2145/2145/1475
f  2159/2159/1480 2157/2157/1475 2160/2160/1475
f  2159/2159/1480 2160/2160/1475 2145/2145/1475
f  2160/2160/1475 2157/2157/1475 2158/2158/1372
f  2160/2160/1475 2158/2158/1372 2161/2161/1481
f  2161/2161/1481 2158/2158/1372 2162/2162/822
f  2145/2145/1475 2160/2160/1475 2163/2163/1475
f  2163/2163/1475 2160/2160/1475 2161/2161/1481
f  2161/2161/1481 2162/2162/822 2164/2164/1482
f  2164/2164/1482 2162/2162/822 2165/2165/825
f  2164/2164/1482 2165/2165/825 2166/2166/824
f  2164/2164/1482 2166/2166/824 2167/2167/825
f  2145/2145/1475 2163/2163/1475 2168/2168/1475
f  2163/2163/1475 2161/2161/1481 2169/2169/1481
f  2169/2169/1481 2161/2161/1481 2164/2164/1482
f  2163/2163/1475 2169/2169/1481 2168/2168/1475
f  2164/2164/1482 2167/2167/825 2170/2170/1483
f  2164/2164/1482 2170/2170/1483 2169/2169/1481
f  2170/2170/1483 2167/2167/825 2171/2171/1484
f  2170/2170/1483 2171/2171/1484 2169/2169/1481
f  2171/2171/1484 2167/2167/825 2172/2172/835
f  2171/2171/1484 2172/2172/835 2173/2173/837
f  2145/2145/1475 2168/2168/1475 2137/2137/1470
f  2171/2171/1484 2173/2173/837 2174/2174/1485
f  2171/2171/1484 2174/2174/1485 2169/2169/1481
f  2175/2175/1475 2168/2168/1475 2169/2169/1481
f  2175/2175/1475 2169/2169/1481 2174/2174/1485
f  2137/2137/1470 2168/2168/1475 2176/2176/1486
f  2137/2137/1470 2176/2176/1486 2130/2130/1464
f  2130/2130/1464 2176/2176/1486 2129/2129/1463
f  2176/2176/1486 2168/2168/1475 2177/2177/1487
f  2177/2177/1487 2168/2168/1475 2175/2175/1475
f  2176/2176/1486 2177/2177/1487 2129/2129/1463
f  2177/2177/1487 2175/2175/1475 2174/2174/1485
f  2129/2129/1463 2177/2177/1487 2178/2178/1462
f  2129/2129/1463 2178/2178/1462 2128/2128/1462
f  2177/2177/1487 2174/2174/1485 2179/2179/1488
f  2177/2177/1487 2179/2179/1488 2178/2178/1462
f  2180/2180/838 2174/2174/1485 2173/2173/837
f  2174/2174/1485 2180/2180/838 2179/2179/1488
f  2180/2180/838 2173/2173/837 2181/2181/836
f  2128/2128/1462 2178/2178/1462 2182/2182/1462
f  2182/2182/1462 2178/2178/1462 2179/2179/1488
f  2182/2182/1462 2179/2179/1488 2180/2180/838
f  2128/2128/1462 2182/2182/1462 2113/2113/1448
f  2182/2182/1462 2180/2180/838 2183/2183/1489
f  2182/2182/1462 2183/2183/1489 2113/2113/1448
f  2183/2183/1489 2180/2180/838 2184/2184/724
f  2184/2184/724 2180/2180/838 2185/2185/723
f  2113/2113/1448 2183/2183/1489 2186/2186/1490
f  2186/2186/1490 2183/2183/1489 2184/2184/724
f  2113/2113/1448 2186/2186/1490 2110/2110/1446
f  2110/2110/1446 2186/2186/1490 2109/2109/729
f  2186/2186/1490 2184/2184/724 2187/2187/726
f  2186/2186/1490 2187/2187/726 2109/2109/729
f  2187/2187/726 2184/2184/724 2188/2188/722
f  2109/2109/729 2187/2187/726 2189/2189/725
f  2190/2190/485 2191/2191/485 2192/2192/485
f  2190/2190/485 2192/2192/485 2193/2193/485
f  2194/2194/485 2195/2195/485 2190/2190/485
f  2190/2190/485 2193/2193/485 2196/2196/1491
f  2190/2190/485 2196/2196/1491 2194/2194/485
f  2196/2196/1491 2193/2193/485 2197/2197/1492
f  2197/2197/1492 2193/2193/485 2198/2198/1195
f  2197/2197/1492 2198/2198/1195 2199/2199/1232
f  2197/2197/1492 2199/2199/1232 2200/2200/1233
f  2194/2194/485 2196/2196/1491 2201/2201/1493
f  2194/2194/485 2201/2201/1493 2202/2202/1304
f  2196/2196/1491 2197/2197/1492 2203/2203/1494
f  2196/2196/1491 2203/2203/1494 2201/2201/1493
f  2197/2197/1492 2200/2200/1233 2204/2204/1495
f  2197/2197/1492 2204/2204/1495 2203/2203/1494
f  2204/2204/1495 2200/2200/1233 2205/2205/1496
f  2205/2205/1496 2200/2200/1233 2206/2206/1231
f  2203/2203/1494 2204/2204/1495 2207/2207/1497
f  2205/2205/1496 2206/2206/1231 2208/2208/1225
f  2207/2207/1497 2204/2204/1495 2209/2209/1498
f  2209/2209/1498 2204/2204/1495 2205/2205/1496
f  2203/2203/1494 2207/2207/1497 2210/2210/1499
f  2203/2203/1494 2210/2210/1499 2201/2201/1493
f  2210/2210/1499 2207/2207/1497 2209/2209/1498
f  2201/2201/1493 2210/2210/1499 2211/2211/1500
f  2201/2201/1493 2211/2211/1500 2202/2202/1304
f  2205/2205/1496 2208/2208/1225 2212/2212/1501
f  2212/2212/1501 2208/2208/1225 2213/2213/1224
f  2209/2209/1498 2205/2205/1496 2214/2214/1502
f  2214/2214/1502 2205/2205/1496 2212/2212/1501
f  2210/2210/1499 2209/2209/1498 2215/2215/1503
f  2215/2215/1503 2209/2209/1498 2214/2214/1502
f  2216/2216/1504 2211/2211/1500 2210/2210/1499
f  2216/2216/1504 2210/2210/1499 2215/2215/1503
f  2212/2212/1501 2213/2213/1224 2217/2217/1505
f  2217/2217/1505 2213/2213/1224 2218/2218/1223
f  2214/2214/1502 2212/2212/1501 2219/2219/1506
f  2219/2219/1506 2212/2212/1501 2217/2217/1505
f  2217/2217/1505 2218/2218/1223 2220/2220/1505
f  2217/2217/1505 2220/2220/1505 2219/2219/1506
f  2220/2220/1505 2218/2218/1223 2221/2221/1227
f  2220/2220/1505 2221/2221/1227 2222/2222/1229
f  2223/2223/1507 2215/2215/1503 2214/2214/1502
f  2223/2223/1507 2214/2214/1502 2219/2219/1506
f  2215/2215/1503 2223/2223/1507 2224/2224/1508
f  2215/2215/1503 2224/2224/1508 2216/2216/1504
f  2223/2223/1507 2219/2219/1506 2225/2225/1509
f  2223/2223/1507 2225/2225/1509 2224/2224/1508
f  2225/2225/1509 2219/2219/1506 2226/2226/1510
f  2227/2227/1511 2219/2219/1506 2220/2220/1505
f  2219/2219/1506 2227/2227/1511 2226/2226/1510
f  2227/2227/1511 2220/2220/1505 2228/2228/1501
f  2228/2228/1501 2220/2220/1505 2222/2222/1229
f  2227/2227/1511 2228/2228/1501 2229/2229/1512
f  2227/2227/1511 2229/2229/1512 2226/2226/1510
f  2228/2228/1501 2222/2222/1229 2230/2230/1513
f  2230/2230/1513 2222/2222/1229 2231/2231/1228
f  2229/2229/1512 2228/2228/1501 2232/2232/1514
f  2232/2232/1514 2228/2228/1501 2230/2230/1513
f  2229/2229/1512 2232/2232/1514 2226/2226/1510
f  2232/2232/1514 2230/2230/1513 2233/2233/1515
f  2233/2233/1515 2230/2230/1513 2234/2234/1516
f  2226/2226/1510 2232/2232/1514 2235/2235/1509
f  2226/2226/1510 2235/2235/1509 2236/2236/1510
f  2226/2226/1510 2236/2236/1510 2225/2225/1509
f  2236/2236/1510 2235/2235/1509 2237/2237/1517
f  2225/2225/1509 2236/2236/1510 2224/2224/1508
f  2224/2224/1508 2236/2236/1510 2238/2238/1517
f  2224/2224/1508 2238/2238/1517 2216/2216/1504
f  2238/2238/1517 2236/2236/1510 2239/2239/1518
f  2216/2216/1504 2238/2238/1517 2240/2240/1326
f  2240/2240/1326 2238/2238/1517 2239/2239/1518
f  2239/2239/1518 2236/2236/1510 2241/2241/1508
f  2241/2241/1508 2236/2236/1510 2237/2237/1517
f  2239/2239/1518 2241/2241/1508 2240/2240/1326
f  2241/2241/1508 2237/2237/1517 2242/2242/1519
f  2242/2242/1519 2237/2237/1517 2243/2243/1520
f  2242/2242/1519 2243/2243/1520 2244/2244/1521
f  2241/2241/1508 2242/2242/1519 2245/2245/1522
f  2241/2241/1508 2245/2245/1522 2240/2240/1326
f  2245/2245/1522 2242/2242/1519 2246/2246/1523
f  2246/2246/1523 2242/2242/1519 2244/2244/1521
f  2245/2245/1522 2246/2246/1523 2247/2247/1328
f  2245/2245/1522 2247/2247/1328 2240/2240/1326
f  2247/2247/1328 2246/2246/1523 2244/2244/1521
f  2240/2240/1326 2247/2247/1328 2248/2248/1327
f  2247/2247/1328 2244/2244/1521 2249/2249/1329
f  2249/2249/1329 2244/2244/1521 2250/2250/1524
f  2250/2250/1524 2244/2244/1521 2251/2251/1509
f  2249/2249/1329 2250/2250/1524 2252/2252/1330
f  2252/2252/1330 2250/2250/1524 2253/2253/1525
f  2252/2252/1330 2253/2253/1525 2254/2254/1327
f  2255/2255/1526 2240/2240/1326 2256/2256/1323
f  2240/2240/1326 2255/2255/1526 2216/2216/1504
f  2255/2255/1526 2256/2256/1323 2257/2257/1324
f  2216/2216/1504 2255/2255/1526 2258/2258/1527
f  2216/2216/1504 2258/2258/1527 2211/2211/1500
f  2255/2255/1526 2257/2257/1324 2259/2259/1528
f  2255/2255/1526 2259/2259/1528 2258/2258/1527
f  2211/2211/1500 2258/2258/1527 2202/2202/1304
f  2202/2202/1304 2258/2258/1527 2259/2259/1528
f  2202/2202/1304 2259/2259/1528 2257/2257/1324
f  2202/2202/1304 2257/2257/1324 2260/2260/1320
f  2202/2202/1304 2260/2260/1320 2261/2261/1303
f  2260/2260/1320 2257/2257/1324 2262/2262/1321
f  2263/2263/1017 2264/2264/1529 2265/2265/1018
f  2265/2265/1018 2264/2264/1529 2266/2266/1211
f  2264/2264/1529 2263/2263/1017 2267/2267/1529
f  2266/2266/1211 2264/2264/1529 2268/2268/1530
f  2268/2268/1530 2264/2264/1529 2267/2267/1529
f  2266/2266/1211 2268/2268/1530 2269/2269/1213
f  2267/2267/1529 2263/2263/1017 2270/2270/1020
f  2269/2269/1213 2268/2268/1530 2271/2271/1531
f  2269/2269/1213 2271/2271/1531 2272/2272/1215
f  2272/2272/1215 2271/2271/1531 2273/2273/1216
f  2268/2268/1530 2267/2267/1529 2274/2274/1532
f  2268/2268/1530 2274/2274/1532 2271/2271/1531
f  2267/2267/1529 2270/2270/1020 2275/2275/1533
f  2274/2274/1532 2267/2267/1529 2276/2276/1534
f  2276/2276/1534 2267/2267/1529 2275/2275/1533
f  2275/2275/1533 2270/2270/1020 2277/2277/1535
f  2277/2277/1535 2270/2270/1020 2278/2278/1000
f  2276/2276/1534 2275/2275/1533 2279/2279/1536
f  2279/2279/1536 2275/2275/1533 2277/2277/1535
f  2277/2277/1535 2278/2278/1000 2280/2280/1537
f  2277/2277/1535 2280/2280/1537 2279/2279/1536
f  2280/2280/1537 2278/2278/1000 2281/2281/995
f  2280/2280/1537 2281/2281/995 2282/2282/996
f  2279/2279/1536 2280/2280/1537 2283/2283/1538
f  2283/2283/1538 2280/2280/1537 2282/2282/996
f  2276/2276/1534 2279/2279/1536 2284/2284/1539
f  2276/2276/1534 2284/2284/1539 2274/2274/1532
f  2284/2284/1539 2279/2279/1536 2285/2285/1537
f  2285/2285/1537 2279/2279/1536 2283/2283/1538
f  2284/2284/1539 2285/2285/1537 2286/2286/1540
f  2286/2286/1540 2285/2285/1537 2283/2283/1538
f  2274/2274/1532 2284/2284/1539 2287/2287/1541
f  2287/2287/1541 2284/2284/1539 2286/2286/1540
f  2274/2274/1532 2287/2287/1541 2271/2271/1531
f  2286/2286/1540 2283/2283/1538 2288/2288/1542
f  2286/2286/1540 2288/2288/1542 2289/2289/1543
f  2286/2286/1540 2289/2289/1543 2290/2290/1544
f  2286/2286/1540 2290/2290/1544 2287/2287/1541
f  2287/2287/1541 2290/2290/1544 2291/2291/1545
f  2287/2287/1541 2291/2291/1545 2271/2271/1531
f  2271/2271/1531 2291/2291/1545 2292/2292/1546
f  2288/2288/1542 2283/2283/1538 2293/2293/1547
f  2293/2293/1547 2283/2283/1538 2282/2282/996
f  2288/2288/1542 2293/2293/1547 2294/2294/1548
f  2293/2293/1547 2282/2282/996 2295/2295/993
f  2294/2294/1548 2293/2293/1547 2296/2296/1549
f  2271/2271/1531 2292/2292/1546 2297/2297/1550
f  2297/2297/1550 2292/2292/1546 2298/2298/1516
f  2271/2271/1531 2297/2297/1550 2273/2273/1216
f  2273/2273/1216 2297/2297/1550 2299/2299/1219
f  2299/2299/1219 2297/2297/1550 2300/2300/1228
f  2296/2296/1549 2293/2293/1547 2301/2301/996
f  2301/2301/996 2293/2293/1547 2295/2295/993
f  2301/2301/996 2295/2295/993 2302/2302/985
f  2296/2296/1549 2301/2301/996 2303/2303/1551
f  2301/2301/996 2302/2302/985 2304/2304/982
f  2301/2301/996 2304/2304/982 2303/2303/1551
f  2303/2303/1551 2304/2304/982 2305/2305/1552
f  2303/2303/1551 2305/2305/1552 2306/2306/1553
f  2305/2305/1552 2304/2304/982 2307/2307/981
f  2306/2306/1553 2305/2305/1552 2308/2308/1554
f  2308/2308/1554 2305/2305/1552 2307/2307/981
f  2308/2308/1554 2307/2307/981 2309/2309/974
f  2308/2308/1554 2309/2309/974 2310/2310/972
f  2306/2306/1553 2308/2308/1554 2311/2311/1555
f  2308/2308/1554 2310/2310/972 2312/2312/1556
f  2308/2308/1554 2312/2312/1556 2311/2311/1555
f  2311/2311/1555 2312/2312/1556 2313/2313/1557
f  2314/2314/1558 1930/1930/1338 1923/1923/1327
f  2314/2314/1558 1923/1923/1327 1921/1921/1327
f  2314/2314/1558 1921/1921/1327 2315/2315/1422
f  2314/2314/1558 2315/2315/1422 2316/2316/1410
f  2314/2314/1558 2316/2316/1410 1930/1930/1338
f  1930/1930/1338 2316/2316/1410 2317/2317/1405
f  2318/2318/959 2319/2319/961 2320/2320/1559
f  2321/2321/956 2322/2322/957 2318/2318/959
f  2321/2321/956 2318/2318/959 2320/2320/1559
f  2320/2320/1559 2319/2319/961 2323/2323/1560
f  2323/2323/1560 2319/2319/961 2324/2324/1186
f  2323/2323/1560 2324/2324/1186 2325/2325/1183
f  2320/2320/1559 2323/2323/1560 2326/2326/1559
f  2323/2323/1560 2325/2325/1183 2327/2327/1561
f  2321/2321/956 2320/2320/1559 2328/2328/1559
f  2328/2328/1559 2320/2320/1559 2326/2326/1559
f  2327/2327/1561 2325/2325/1183 2329/2329/1184
f  2326/2326/1559 2323/2323/1560 2330/2330/1562
f  2326/2326/1559 2330/2330/1562 2328/2328/1559
f  2330/2330/1562 2323/2323/1560 2327/2327/1561
f  2321/2321/956 2328/2328/1559 2331/2331/956
f  2321/2321/956 2331/2331/956 2332/2332/955
f  2327/2327/1561 2329/2329/1184 2333/2333/1563
f  2331/2331/956 2328/2328/1559 2334/2334/1564
f  2334/2334/1564 2328/2328/1559 2330/2330/1562
f  2333/2333/1563 2329/2329/1184 2335/2335/1565
f  2335/2335/1565 2329/2329/1184 2336/2336/1177
f  2335/2335/1565 2336/2336/1177 2337/2337/1176
f  2327/2327/1561 2333/2333/1563 2338/2338/1566
f  2327/2327/1561 2338/2338/1566 2330/2330/1562
f  2338/2338/1566 2333/2333/1563 2335/2335/1565
f  2335/2335/1565 2337/2337/1176 2339/2339/1174
f  2330/2330/1562 2338/2338/1566 2340/2340/1567
f  2338/2338/1566 2335/2335/1565 2341/2341/1568
f  2338/2338/1566 2341/2341/1568 2340/2340/1567
f  2330/2330/1562 2340/2340/1567 2342/2342/1569
f  2330/2330/1562 2342/2342/1569 2334/2334/1564
f  2342/2342/1569 2340/2340/1567 2341/2341/1568
f  2335/2335/1565 2339/2339/1174 2343/2343/1570
f  2335/2335/1565 2343/2343/1570 2341/2341/1568
f  2343/2343/1570 2339/2339/1174 2344/2344/1571
f  2344/2344/1571 2339/2339/1174 2345/2345/1170
f  2344/2344/1571 2345/2345/1170 2346/2346/1159
f  2344/2344/1571 2346/2346/1159 2347/2347/1572
f  2343/2343/1570 2344/2344/1571 2348/2348/1573
f  2348/2348/1573 2344/2344/1571 2349/2349/1574
f  2348/2348/1573 2349/2349/1574 2350/2350/1575
f  2343/2343/1570 2348/2348/1573 2351/2351/1576
f  2351/2351/1576 2348/2348/1573 2350/2350/1575
f  2343/2343/1570 2351/2351/1576 2341/2341/1568
f  2351/2351/1576 2350/2350/1575 2352/2352/1577
f  2351/2351/1576 2352/2352/1577 2341/2341/1568
f  2352/2352/1577 2350/2350/1575 2353/2353/1575
f  2352/2352/1577 2353/2353/1575 2354/2354/1577
f  2352/2352/1577 2354/2354/1577 2341/2341/1568
f  2354/2354/1577 2353/2353/1575 2355/2355/1576
f  2354/2354/1577 2355/2355/1576 2356/2356/1578
f  2341/2341/1568 2354/2354/1577 2357/2357/1579
f  2341/2341/1568 2357/2357/1579 2342/2342/1569
f  2357/2357/1579 2354/2354/1577 2358/2358/1580
f  2357/2357/1579 2358/2358/1580 2342/2342/1569
f  2358/2358/1580 2354/2354/1577 2356/2356/1578
f  2358/2358/1580 2356/2356/1578 2359/2359/1581
f  2359/2359/1581 2356/2356/1578 2360/2360/1582
f  2359/2359/1581 2360/2360/1582 2361/2361/1583
f  2358/2358/1580 2359/2359/1581 2362/2362/1584
f  2362/2362/1584 2359/2359/1581 2361/2361/1583
f  2342/2342/1569 2358/2358/1580 2363/2363/1566
f  2363/2363/1566 2358/2358/1580 2362/2362/1584
f  2342/2342/1569 2363/2363/1566 2334/2334/1564
f  2334/2334/1564 2363/2363/1566 2364/2364/1585
f  2334/2334/1564 2364/2364/1585 2331/2331/956
f  2363/2363/1566 2362/2362/1584 2365/2365/1586
f  2363/2363/1566 2365/2365/1586 2364/2364/1585
f  2331/2331/956 2364/2364/1585 2366/2366/964
f  2331/2331/956 2366/2366/964 2367/2367/954
f  2364/2364/1585 2365/2365/1586 2368/2368/1587
f  2364/2364/1585 2368/2368/1587 2366/2366/964
f  2365/2365/1586 2362/2362/1584 2369/2369/1588
f  2369/2369/1588 2362/2362/1584 2361/2361/1583
f  2369/2369/1588 2361/2361/1583 2370/2370/1588
f  2370/2370/1588 2361/2361/1583 2371/2371/1589
f  2370/2370/1588 2371/2371/1589 2372/2372/1590
f  2370/2370/1588 2372/2372/1590 2369/2369/1588
f  2372/2372/1590 2371/2371/1589 2373/2373/1591
f  2365/2365/1586 2369/2369/1588 2374/2374/1592
f  2365/2365/1586 2374/2374/1592 2368/2368/1587
f  2374/2374/1592 2369/2369/1588 2372/2372/1590
f  2375/2375/1593 2366/2366/964 2368/2368/1587
f  2375/2375/1593 2368/2368/1587 2374/2374/1592
f  2366/2366/964 2375/2375/1593 2376/2376/967
f  2374/2374/1592 2372/2372/1590 2377/2377/1594
f  2374/2374/1592 2377/2377/1594 2375/2375/1593
f  2375/2375/1593 2377/2377/1594 2376/2376/967
f  2377/2377/1594 2372/2372/1590 2373/2373/1591
f  2376/2376/967 2377/2377/1594 2378/2378/969
f  2378/2378/969 2377/2377/1594 2379/2379/1595
f  2379/2379/1595 2377/2377/1594 2373/2373/1591
f  2378/2378/969 2379/2379/1595 2380/2380/972
f  2380/2380/972 2379/2379/1595 2381/2381/1556
f  2381/2381/1556 2379/2379/1595 2373/2373/1591
f  2381/2381/1556 2373/2373/1591 2382/2382/1557
f  2383/2383/1331 2384/2384/1525 2385/2385/1420
f  2384/2384/1525 2383/2383/1331 2386/2386/1327
f  2385/2385/1420 2384/2384/1525 2387/2387/1509
f  2387/2387/1509 2384/2384/1525 2388/2388/1524
f  2385/2385/1420 2387/2387/1509 2389/2389/1520
f  2389/2389/1520 2387/2387/1509 2390/2390/1521
f  2385/2385/1420 2389/2389/1520 2391/2391/1596
f  2385/2385/1420 2391/2391/1596 2392/2392/1418
f  2393/2393/1509 2389/2389/1520 2394/2394/1517
f  2389/2389/1520 2393/2393/1509 2395/2395/1597
f  2389/2389/1520 2395/2395/1597 2391/2391/1596
f  2395/2395/1597 2393/2393/1509 2396/2396/1514
f  2395/2395/1597 2396/2396/1514 2397/2397/1515
f  2395/2395/1597 2397/2397/1515 2398/2398/1598
f  2398/2398/1598 2397/2397/1515 2399/2399/1516
f  2398/2398/1598 2399/2399/1516 2400/2400/1599
f  2395/2395/1597 2398/2398/1598 2401/2401/1600
f  2395/2395/1597 2401/2401/1600 2391/2391/1596
f  2401/2401/1600 2398/2398/1598 2402/2402/1601
f  2401/2401/1600 2402/2402/1601 2391/2391/1596
f  2402/2402/1601 2398/2398/1598 2400/2400/1599
f  2403/2403/1602 2392/2392/1418 2391/2391/1596
f  2392/2392/1418 2403/2403/1602 2404/2404/1419
f  2391/2391/1596 2402/2402/1601 2405/2405/1603
f  2391/2391/1596 2405/2405/1603 2403/2403/1602
f  2402/2402/1601 2400/2400/1599 2406/2406/1604
f  2406/2406/1604 2400/2400/1599 2407/2407/1605
f  2406/2406/1604 2407/2407/1605 2408/2408/1606
f  2402/2402/1601 2406/2406/1604 2409/2409/1607
f  2402/2402/1601 2409/2409/1607 2405/2405/1603
f  2406/2406/1604 2408/2408/1606 2410/2410/1608
f  2406/2406/1604 2410/2410/1608 2409/2409/1607
f  2410/2410/1608 2408/2408/1606 2411/2411/1609
f  2411/2411/1609 2408/2408/1606 2412/2412/1610
f  2411/2411/1609 2412/2412/1610 2413/2413/1611
f  2410/2410/1608 2411/2411/1609 2414/2414/1609
f  2410/2410/1608 2414/2414/1609 2409/2409/1607
f  2414/2414/1609 2411/2411/1609 2413/2413/1611
f  2415/2415/1612 2405/2405/1603 2409/2409/1607
f  2415/2415/1612 2409/2409/1607 2414/2414/1609
f  2405/2405/1603 2415/2415/1612 2416/2416/1613
f  2405/2405/1603 2416/2416/1613 2403/2403/1602
f  2415/2415/1612 2414/2414/1609 2417/2417/1614
f  2415/2415/1612 2417/2417/1614 2416/2416/1613
f  2414/2414/1609 2413/2413/1611 2418/2418/1611
f  2418/2418/1611 2413/2413/1611 2419/2419/1615
f  2419/2419/1615 2413/2413/1611 2420/2420/1616
f  2414/2414/1609 2418/2418/1611 2421/2421/1617
f  2414/2414/1609 2421/2421/1617 2417/2417/1614
f  2416/2416/1613 2417/2417/1614 2422/2422/1618
f  2422/2422/1618 2417/2417/1614 2421/2421/1617
f  2423/2423/1619 2403/2403/1602 2416/2416/1613
f  2423/2423/1619 2416/2416/1613 2422/2422/1618
f  2403/2403/1602 2423/2423/1619 2424/2424/1415
f  2403/2403/1602 2424/2424/1415 2425/2425/1620
f  2403/2403/1602 2425/2425/1620 2404/2404/1419
f  2404/2404/1419 2425/2425/1620 2426/2426/1412
f  2426/2426/1412 2425/2425/1620 2424/2424/1415
f  2424/2424/1415 2423/2423/1619 2427/2427/1416
f  2423/2423/1619 2422/2422/1618 2428/2428/1621
f  2423/2423/1619 2428/2428/1621 2427/2427/1416
f  2427/2427/1416 2428/2428/1621 2429/2429/1426
f  2427/2427/1416 2429/2429/1426 2430/2430/1417
f  2429/2429/1426 2428/2428/1621 2431/2431/1622
f  2431/2431/1622 2428/2428/1621 2422/2422/1618
f  2429/2429/1426 2431/2431/1622 2432/2432/1427
f  2431/2431/1622 2422/2422/1618 2433/2433/1623
f  2433/2433/1623 2422/2422/1618 2421/2421/1617
f  2432/2432/1427 2431/2431/1622 2434/2434/1624
f  2433/2433/1623 2421/2421/1617 2435/2435/1625
f  2435/2435/1625 2421/2421/1617 2418/2418/1611
f  2431/2431/1622 2433/2433/1623 2436/2436/1626
f  2431/2431/1622 2436/2436/1626 2434/2434/1624
f  2432/2432/1427 2434/2434/1624 2437/2437/1627
f  2437/2437/1627 2434/2434/1624 2436/2436/1626
f  2432/2432/1427 2437/2437/1627 2438/2438/1428
f  2438/2438/1428 2437/2437/1627 2439/2439/1431
f  2437/2437/1627 2436/2436/1626 2440/2440/1628
f  2437/2437/1627 2440/2440/1628 2439/2439/1431
f  2441/2441/1629 2436/2436/1626 2433/2433/1623
f  2436/2436/1626 2441/2441/1629 2440/2440/1628
f  2441/2441/1629 2433/2433/1623 2435/2435/1625
f  2440/2440/1628 2441/2441/1629 2442/2442/1630
f  2442/2442/1630 2441/2441/1629 2443/2443/1631
f  2443/2443/1631 2441/2441/1629 2435/2435/1625
f  2440/2440/1628 2442/2442/1630 2444/2444/1632
f  2444/2444/1632 2442/2442/1630 2443/2443/1631
f  2445/2445/1633 2439/2439/1431 2440/2440/1628
f  2445/2445/1633 2440/2440/1628 2444/2444/1632
f  2439/2439/1431 2445/2445/1633 2446/2446/1434
f  2439/2439/1431 2446/2446/1434 2447/2447/1432
f  2446/2446/1434 2445/2445/1633 2448/2448/57
f  2446/2446/1434 2448/2448/57 2449/2449/1435
f  2445/2445/1633 2444/2444/1632 2450/2450/1634
f  2445/2445/1633 2450/2450/1634 2448/2448/57
f  2449/2449/1435 2448/2448/57 2451/2451/1442
f  2451/2451/1442 2448/2448/57 2450/2450/1634
f  2450/2450/1634 2444/2444/1632 2452/2452/1635
f  2452/2452/1635 2444/2444/1632 2443/2443/1631
f  2451/2451/1442 2450/2450/1634 2453/2453/1636
f  2453/2453/1636 2450/2450/1634 2454/2454/1637
f  2454/2454/1637 2450/2450/1634 2452/2452/1635
f  2451/2451/1442 2453/2453/1636 2455/2455/1638
f  2453/2453/1636 2454/2454/1637 2456/2456/1639
f  2453/2453/1636 2456/2456/1639 2455/2455/1638
f  2451/2451/1442 2455/2455/1638 2457/2457/1454
f  2451/2451/1442 2457/2457/1454 2458/2458/1444
f  2457/2457/1454 2455/2455/1638 2459/2459/1254
f  2459/2459/1254 2455/2455/1638 2456/2456/1639
f  2457/2457/1454 2459/2459/1254 2460/2460/1640
f  2457/2457/1454 2460/2460/1640 2461/2461/1453
f  2461/2461/1453 2460/2460/1640 2462/2462/1456
f  2460/2460/1640 2459/2459/1254 2463/2463/1641
f  2462/2462/1456 2460/2460/1640 2464/2464/1642
f  2464/2464/1642 2460/2460/1640 2463/2463/1641
f  2462/2462/1456 2464/2464/1642 2465/2465/1466
f  2462/2462/1456 2465/2465/1466 2466/2466/1458
f  2467/2467/1643 2459/2459/1254 2456/2456/1639
f  2459/2459/1254 2467/2467/1643 2463/2463/1641
f  2467/2467/1643 2456/2456/1639 2468/2468/1644
f  2463/2463/1641 2467/2467/1643 2469/2469/1645
f  2469/2469/1645 2467/2467/1643 2468/2468/1644
f  2470/2470/1646 2464/2464/1642 2463/2463/1641
f  2470/2470/1646 2463/2463/1641 2469/2469/1645
f  2471/2471/1647 2465/2465/1466 2464/2464/1642
f  2471/2471/1647 2464/2464/1642 2470/2470/1646
f  2465/2465/1466 2471/2471/1647 2472/2472/1469
f  2465/2465/1466 2472/2472/1469 2473/2473/1467
f  2472/2472/1469 2471/2471/1647 2474/2474/1648
f  2474/2474/1648 2471/2471/1647 2470/2470/1646
f  2472/2472/1469 2474/2474/1648 2475/2475/1649
f  2472/2472/1469 2475/2475/1649 2476/2476/1650
f  2472/2472/1469 2476/2476/1650 2477/2477/1467
f  2477/2477/1467 2476/2476/1650 2478/2478/1467
f  2476/2476/1650 2475/2475/1649 2479/2479/1651
f  2479/2479/1651 2475/2475/1649 2474/2474/1648
f  2478/2478/1467 2476/2476/1650 2480/2480/1652
f  2480/2480/1652 2476/2476/1650 2479/2479/1651
f  2480/2480/1652 2479/2479/1651 2481/2481/1648
f  2479/2479/1651 2474/2474/1648 2482/2482/1653
f  2479/2479/1651 2482/2482/1653 2481/2481/1648
f  2482/2482/1653 2474/2474/1648 2483/2483/1654
f  2481/2481/1648 2482/2482/1653 2484/2484/1654
f  2484/2484/1654 2482/2482/1653 2483/2483/1654
f  2483/2483/1654 2474/2474/1648 2485/2485/1655
f  2485/2485/1655 2474/2474/1648 2470/2470/1646
f  2484/2484/1654 2483/2483/1654 2486/2486/1655
f  2481/2481/1648 2484/2484/1654 2487/2487/1656
f  2487/2487/1656 2484/2484/1654 2486/2486/1655
f  2486/2486/1655 2483/2483/1654 2488/2488/1657
f  2488/2488/1657 2483/2483/1654 2485/2485/1655
f  2485/2485/1655 2470/2470/1646 2489/2489/1658
f  2485/2485/1655 2489/2489/1658 2488/2488/1657
f  2489/2489/1658 2470/2470/1646 2490/2490/1659
f  2490/2490/1659 2470/2470/1646 2469/2469/1645
f  2488/2488/1657 2489/2489/1658 2491/2491/1660
f  2491/2491/1660 2489/2489/1658 2490/2490/1659
f  2488/2488/1657 2491/2491/1660 2492/2492/1661
f  2492/2492/1661 2491/2491/1660 2490/2490/1659
f  2490/2490/1659 2469/2469/1645 2493/2493/1662
f  2493/2493/1662 2469/2469/1645 2468/2468/1644
f  2490/2490/1659 2493/2493/1662 2494/2494/1663
f  2490/2490/1659 2494/2494/1663 2495/2495/1664
f  2490/2490/1659 2495/2495/1664 2492/2492/1661
f  2494/2494/1663 2493/2493/1662 2496/2496/1665
f  2494/2494/1663 2496/2496/1665 2495/2495/1664
f  2493/2493/1662 2468/2468/1644 2497/2497/1666
f  2493/2493/1662 2497/2497/1666 2496/2496/1665
f  2497/2497/1666 2468/2468/1644 2498/2498/1667
f  2496/2496/1665 2497/2497/1666 2499/2499/1668
f  2499/2499/1668 2497/2497/1666 2498/2498/1667
f  2498/2498/1667 2468/2468/1644 2500/2500/1669
f  2500/2500/1669 2468/2468/1644 2456/2456/1639
f  2500/2500/1669 2456/2456/1639 2454/2454/1637
f  2498/2498/1667 2500/2500/1669 2501/2501/1670
f  2498/2498/1667 2501/2501/1670 2499/2499/1668
f  2500/2500/1669 2454/2454/1637 2502/2502/1671
f  2500/2500/1669 2502/2502/1671 2501/2501/1670
f  2502/2502/1671 2454/2454/1637 2452/2452/1635
f  2503/2503/1672 2496/2496/1665 2499/2499/1668
f  2499/2499/1668 2501/2501/1670 2504/2504/1673
f  2499/2499/1668 2504/2504/1673 2503/2503/1672
f  2496/2496/1665 2503/2503/1672 2505/2505/1674
f  2496/2496/1665 2505/2505/1674 2495/2495/1664
f  2503/2503/1672 2504/2504/1673 2506/2506/1675
f  2503/2503/1672 2506/2506/1675 2505/2505/1674
f  2506/2506/1675 2504/2504/1673 2507/2507/1676
f  2505/2505/1674 2506/2506/1675 2508/2508/1677
f  2505/2505/1674 2508/2508/1677 2509/2509/1678
f  2510/2510/1679 2504/2504/1673 2501/2501/1670
f  2510/2510/1679 2501/2501/1670 2502/2502/1671
f  2504/2504/1673 2510/2510/1679 2511/2511/1680
f  2511/2511/1680 2510/2510/1679 2512/2512/1681
f  2505/2505/1674 2509/2509/1678 2513/2513/1682
f  2505/2505/1674 2513/2513/1682 2495/2495/1664
f  2513/2513/1682 2509/2509/1678 2514/2514/1683
f  2495/2495/1664 2513/2513/1682 2515/2515/1684
f  2515/2515/1684 2513/2513/1682 2514/2514/1683
f  2495/2495/1664 2515/2515/1684 2492/2492/1661
f  2515/2515/1684 2514/2514/1683 2516/2516/1685
f  2515/2515/1684 2516/2516/1685 2492/2492/1661
f  2516/2516/1685 2514/2514/1683 2517/2517/1266
f  2516/2516/1685 2517/2517/1266 2518/2518/1266
f  2516/2516/1685 2518/2518/1266 2519/2519/1686
f  2519/2519/1686 2518/2518/1266 2520/2520/1266
f  2492/2492/1661 2516/2516/1685 2521/2521/1687
f  2521/2521/1687 2516/2516/1685 2519/2519/1686
f  2492/2492/1661 2521/2521/1687 2522/2522/1661
f  2492/2492/1661 2522/2522/1661 2488/2488/1657
f  2521/2521/1687 2519/2519/1686 2523/2523/1661
f  2521/2521/1687 2523/2523/1661 2522/2522/1661
f  2488/2488/1657 2522/2522/1661 2524/2524/1688
f  2524/2524/1688 2522/2522/1661 2523/2523/1661
f  2488/2488/1657 2524/2524/1688 2486/2486/1655
f  2486/2486/1655 2524/2524/1688 2525/2525/1689
f  2525/2525/1689 2524/2524/1688 2523/2523/1661
f  2486/2486/1655 2525/2525/1689 2487/2487/1656
f  2526/2526/1687 2523/2523/1661 2519/2519/1686
f  2523/2523/1661 2526/2526/1687 2525/2525/1689
f  2527/2527/1685 2519/2519/1686 2520/2520/1266
f  2519/2519/1686 2527/2527/1685 2526/2526/1687
f  2527/2527/1685 2520/2520/1266 2528/2528/1266
f  2527/2527/1685 2528/2528/1266 2529/2529/1265
f  2527/2527/1685 2529/2529/1265 2526/2526/1687
f  2526/2526/1687 2529/2529/1265 2530/2530/1661
f  2526/2526/1687 2530/2530/1661 2525/2525/1689
f  2530/2530/1661 2529/2529/1265 2531/2531/1267
f  2525/2525/1689 2530/2530/1661 2532/2532/1690
f  2532/2532/1690 2530/2530/1661 2531/2531/1267
f  2525/2525/1689 2532/2532/1690 2487/2487/1656
f  2532/2532/1690 2531/2531/1267 2533/2533/1269
f  2532/2532/1690 2533/2533/1269 2487/2487/1656
f  2487/2487/1656 2533/2533/1269 2534/2534/1691
f  2534/2534/1691 2533/2533/1269 2535/2535/1273
f  2487/2487/1656 2534/2534/1691 2481/2481/1648
f  2534/2534/1691 2535/2535/1273 2536/2536/1279
f  2481/2481/1648 2534/2534/1691 2537/2537/1649
f  2481/2481/1648 2537/2537/1649 2480/2480/1652
f  2534/2534/1691 2536/2536/1279 2538/2538/1692
f  2534/2534/1691 2538/2538/1692 2537/2537/1649
f  2480/2480/1652 2537/2537/1649 2539/2539/1693
f  2539/2539/1693 2537/2537/1649 2538/2538/1692
f  2480/2480/1652 2539/2539/1693 2478/2478/1467
f  2538/2538/1692 2536/2536/1279 2540/2540/1477
f  2538/2538/1692 2540/2540/1477 2539/2539/1693
f  2539/2539/1693 2540/2540/1477 2478/2478/1467
f  2540/2540/1477 2536/2536/1279 2541/2541/1281
f  2478/2478/1467 2540/2540/1477 2542/2542/1472
f  2543/2543/1228 2544/2544/1550 2545/2545/1516
f  2543/2543/1228 2545/2545/1516 2546/2546/1513
f  2547/2547/1549 2548/2548/1551 2549/2549/1694
f  2547/2547/1549 2549/2549/1694 2550/2550/1548
f  2549/2549/1694 2548/2548/1551 2551/2551/1695
f  2551/2551/1695 2548/2548/1551 2552/2552/1553
f  2550/2550/1548 2549/2549/1694 2553/2553/1696
f  2549/2549/1694 2551/2551/1695 2554/2554/1697
f  2549/2549/1694 2554/2554/1697 2553/2553/1696
f  2554/2554/1697 2551/2551/1695 2555/2555/1698
f  2555/2555/1698 2551/2551/1695 2552/2552/1553
f  2555/2555/1698 2552/2552/1553 2556/2556/1699
f  2556/2556/1699 2552/2552/1553 2557/2557/1555
f  2556/2556/1699 2557/2557/1555 2558/2558/1557
f  2554/2554/1697 2555/2555/1698 2559/2559/1700
f  2559/2559/1700 2555/2555/1698 2556/2556/1699
f  2554/2554/1697 2559/2559/1700 2560/2560/1701
f  2554/2554/1697 2560/2560/1701 2553/2553/1696
f  2556/2556/1699 2558/2558/1557 2561/2561/1702
f  2559/2559/1700 2556/2556/1699 2562/2562/1703
f  2561/2561/1702 2558/2558/1557 2563/2563/1704
f  2563/2563/1704 2558/2558/1557 2564/2564/1591
f  2556/2556/1699 2561/2561/1702 2565/2565/1705
f  2565/2565/1705 2561/2561/1702 2563/2563/1704
f  2556/2556/1699 2565/2565/1705 2562/2562/1703
f  2563/2563/1704 2564/2564/1591 2566/2566/1589
f  2565/2565/1705 2563/2563/1704 2567/2567/1706
f  2567/2567/1706 2563/2563/1704 2566/2566/1589
f  2567/2567/1706 2566/2566/1589 2568/2568/1582
f  2568/2568/1582 2566/2566/1589 2569/2569/1583
f  2565/2565/1705 2567/2567/1706 2570/2570/1707
f  2570/2570/1707 2567/2567/1706 2568/2568/1582
f  2571/2571/1708 2562/2562/1703 2565/2565/1705
f  2571/2571/1708 2565/2565/1705 2570/2570/1707
f  2562/2562/1703 2571/2571/1708 2572/2572/1709
f  2572/2572/1709 2571/2571/1708 2570/2570/1707
f  2562/2562/1703 2572/2572/1709 2573/2573/1710
f  2570/2570/1707 2568/2568/1582 2574/2574/1582
f  2574/2574/1582 2568/2568/1582 2575/2575/1578
f  2562/2562/1703 2573/2573/1710 2576/2576/94
f  2562/2562/1703 2576/2576/94 2559/2559/1700
f  2574/2574/1582 2575/2575/1578 2577/2577/1711
f  2577/2577/1711 2575/2575/1578 2578/2578/1576
f  2577/2577/1711 2578/2578/1576 2579/2579/1575
f  2574/2574/1582 2577/2577/1711 2580/2580/1712
f  2574/2574/1582 2580/2580/1712 2570/2570/1707
f  2577/2577/1711 2579/2579/1575 2581/2581/1713
f  2581/2581/1713 2579/2579/1575 2582/2582/1575
f  2581/2581/1713 2582/2582/1575 2583/2583/1574
f  2577/2577/1711 2581/2581/1713 2584/2584/1714
f  2577/2577/1711 2584/2584/1714 2580/2580/1712
f  2584/2584/1714 2581/2581/1713 2585/2585/1713
f  2585/2585/1713 2581/2581/1713 2583/2583/1574
f  2580/2580/1712 2584/2584/1714 2586/2586/1712
f  2587/2587/1715 2570/2570/1707 2580/2580/1712
f  2587/2587/1715 2580/2580/1712 2586/2586/1712
f  2570/2570/1707 2587/2587/1715 2572/2572/1709
f  2586/2586/1712 2584/2584/1714 2588/2588/1716
f  2588/2588/1716 2584/2584/1714 2585/2585/1713
f  2587/2587/1715 2586/2586/1712 2589/2589/1677
f  2572/2572/1709 2587/2587/1715 2590/2590/1676
f  2590/2590/1676 2587/2587/1715 2589/2589/1677
f  2572/2572/1709 2590/2590/1676 2573/2573/1710
f  2590/2590/1676 2589/2589/1677 2591/2591/1675
f  2573/2573/1710 2590/2590/1676 2592/2592/1680
f  2592/2592/1680 2590/2590/1676 2593/2593/1673
f  2573/2573/1710 2592/2592/1680 2576/2576/94
f  2576/2576/94 2592/2592/1680 2594/2594/1681
f  2576/2576/94 2594/2594/1681 2595/2595/1717
f  2596/2596/1718 2589/2589/1677 2586/2586/1712
f  2589/2589/1677 2596/2596/1718 2597/2597/1678
f  2596/2596/1718 2586/2586/1712 2588/2588/1716
f  2597/2597/1678 2596/2596/1718 2598/2598/1683
f  2598/2598/1683 2596/2596/1718 2588/2588/1716
f  2598/2598/1683 2588/2588/1716 2599/2599/1266
f  2576/2576/94 2595/2595/1717 2560/2560/1701
f  2576/2576/94 2560/2560/1701 2559/2559/1700
f  2560/2560/1701 2595/2595/1717 2600/2600/1719
f  2600/2600/1719 2595/2595/1717 2601/2601/1615
f  2560/2560/1701 2600/2600/1719 2602/2602/1720
f  2560/2560/1701 2602/2602/1720 2553/2553/1696
f  2602/2602/1720 2600/2600/1719 2603/2603/1721
f  2603/2603/1721 2600/2600/1719 2604/2604/1722
f  2553/2553/1696 2602/2602/1720 2605/2605/1723
f  2605/2605/1723 2602/2602/1720 2603/2603/1721
f  2553/2553/1696 2605/2605/1723 2606/2606/1724
f  2553/2553/1696 2606/2606/1724 2550/2550/1548
f  2550/2550/1548 2606/2606/1724 2607/2607/1542
f  2607/2607/1542 2606/2606/1724 2608/2608/1725
f  2608/2608/1725 2606/2606/1724 2605/2605/1723
f  2607/2607/1542 2608/2608/1725 2609/2609/1543
f  2605/2605/1723 2603/2603/1721 2610/2610/1616
f  2605/2605/1723 2610/2610/1616 2608/2608/1725
f  2610/2610/1616 2603/2603/1721 2611/2611/1615
f  2609/2609/1543 2608/2608/1725 2612/2612/1726
f  2612/2612/1726 2608/2608/1725 2610/2610/1616
f  2609/2609/1543 2612/2612/1726 2613/2613/1544
f  2612/2612/1726 2610/2610/1616 2614/2614/1610
f  2614/2614/1610 2610/2610/1616 2615/2615/1611
f  2613/2613/1544 2612/2612/1726 2616/2616/1727
f  2613/2613/1544 2616/2616/1727 2617/2617/1545
f  2617/2617/1545 2616/2616/1727 2618/2618/1546
f  2618/2618/1546 2616/2616/1727 2619/2619/1516
f  2616/2616/1727 2612/2612/1726 2620/2620/1605
f  2616/2616/1727 2620/2620/1605 2619/2619/1516
f  2620/2620/1605 2612/2612/1726 2614/2614/1610
f  2619/2619/1516 2620/2620/1605 2621/2621/1599
f  2620/2620/1605 2614/2614/1610 2622/2622/1606
f  2623/2623/1159 2624/2624/1168 2625/2625/1572
f  2625/2625/1572 2624/2624/1168 2626/2626/1264
f  2625/2625/1572 2626/2626/1264 2627/2627/1728
f  2627/2627/1728 2626/2626/1264 2628/2628/1266
f  2627/2627/1728 2628/2628/1266 2629/2629/1266
f  2625/2625/1572 2627/2627/1728 2583/2583/1574
f  2625/2625/1572 2583/2583/1574 2630/2630/1571
f  2627/2627/1728 2629/2629/1266 2631/2631/1729
f  2627/2627/1728 2631/2631/1729 2583/2583/1574
f  2631/2631/1729 2629/2629/1266 2632/2632/1266
f  2631/2631/1729 2632/2632/1266 2599/2599/1266
f  2583/2583/1574 2631/2631/1729 2585/2585/1713
f  2631/2631/1729 2599/2599/1266 2588/2588/1716
f  2633/2633/1730 2588/2588/1716 2585/2585/1713
f  2588/2588/1716 2633/2633/1730 2631/2631/1729
f  2631/2631/1729 2633/2633/1730 2585/2585/1713
f  2418/2418/1611 2419/2419/1615 2435/2435/1625
f  2435/2435/1625 2419/2419/1615 2634/2634/1731
f  2435/2435/1625 2634/2634/1731 2635/2635/1731
f  2435/2435/1625 2635/2635/1731 2443/2443/1631
f  2634/2634/1731 2419/2419/1615 2636/2636/1732
f  2634/2634/1731 2636/2636/1732 2635/2635/1731
f  2636/2636/1732 2419/2419/1615 2637/2637/1722
f  2637/2637/1722 2419/2419/1615 2638/2638/1721
f  2443/2443/1631 2635/2635/1731 2639/2639/1733
f  2639/2639/1733 2635/2635/1731 2636/2636/1732
f  2443/2443/1631 2639/2639/1733 2452/2452/1635
f  2636/2636/1732 2637/2637/1722 2640/2640/1615
f  2636/2636/1732 2640/2640/1615 2639/2639/1733
f  2640/2640/1615 2637/2637/1722 2641/2641/1719
f  2639/2639/1733 2640/2640/1615 2642/2642/1734
f  2639/2639/1733 2642/2642/1734 2452/2452/1635
f  2642/2642/1734 2640/2640/1615 2643/2643/1717
f  2642/2642/1734 2643/2643/1717 2512/2512/1681
f  2452/2452/1635 2642/2642/1734 2644/2644/1735
f  2644/2644/1735 2642/2642/1734 2512/2512/1681
f  2452/2452/1635 2644/2644/1735 2502/2502/1671
f  2644/2644/1735 2512/2512/1681 2510/2510/1679
f  2644/2644/1735 2510/2510/1679 2502/2502/1671

