# File produced by Tripo

mtllib shell+meat+cube.mtl

# 3019 vertex positions
v -0.02483940 0.07583618 0.47506714
v -0.09019470 0.04334641 0.47570801
v -0.04287720 -0.00130486 0.47534180
v -0.09759521 -0.03924179 0.47424316
v 0.00748730 0.00938702 0.47479248
v -0.08818054 0.13702393 0.47415161
v 0.02589417 0.05420685 0.47363281
v 0.08059692 0.05728149 0.47155762
v 0.00357413 0.11181641 0.47348022
v 0.04360580 0.13862610 0.47106934
v -0.03433609 0.15065002 0.47326660
v 0.07749939 0.16220093 0.46917725
v 0.12806702 0.15235901 0.46844482
v 0.04471970 0.19798279 0.46859741
v 0.10759735 0.19985962 0.46810913
v -0.03777695 0.19848633 0.47064209
v 0.04426956 0.23773193 0.46679688
v -0.02872849 0.25222778 0.46752930
v -0.07923889 0.20182800 0.47076416
v -0.16607666 0.18502808 0.46942139
v -0.08738708 0.24584961 0.46832275
v -0.11320496 0.30078125 0.46508789
v -0.13514709 0.25442505 0.46691895
v -0.04259109 0.30224609 0.46502686
v -0.14187622 0.36584473 0.46063232
v 0.03480530 0.29595947 0.46444702
v 0.03746033 0.33468628 0.46179199
v 0.05870819 0.30252075 0.46475220
v 0.07963562 0.25082397 0.46673584
v -0.04837036 0.33187866 0.46282959
v -0.06222916 0.37515259 0.45867920
v -0.15638733 0.40594482 0.45571899
v -0.03236771 0.39031982 0.45629883
v 0.09326935 0.25604248 0.46792603
v 0.13526917 0.20391846 0.46963501
v 0.14027405 0.24926758 0.47436523
v 0.07051849 0.30111694 0.46585083
v 0.12049103 0.27096558 0.47354126
v 0.15565491 0.25585938 0.47494507
v 0.14807129 0.29379272 0.47384644
v 0.09897614 0.29946899 0.47204590
v 0.06071854 0.33160400 0.46420288
v 0.07498932 0.33798218 0.46838379
v 0.10719299 0.32208252 0.47119141
v 0.14817810 0.32150269 0.47167969
v 0.22825623 0.32757568 0.47067261
v 0.08193970 0.37435913 0.46466064
v 0.19097900 0.34548950 0.46878052
v 0.22608948 0.37585449 0.46292114
v 0.03931046 0.38156128 0.45687866
v 0.05813599 0.40158081 0.46020508
v 0.11405182 0.40167236 0.45916748
v 0.14959717 0.42834473 0.45147705
v 0.03710556 0.41049194 0.45263672
v 0.06066132 0.41036987 0.45846558
v 0.05319595 0.42687988 0.45391846
v 0.06109619 0.43878174 0.45065308
v -0.04178619 0.41708374 0.45202637
v 0.03826141 0.43609619 0.44738770
v 0.05134583 0.46633911 0.44009399
v 0.09408569 0.46884155 0.43804932
v -0.01401329 0.43530273 0.44766235
v -0.07581329 0.43182373 0.44952393
v -0.13674927 0.43078613 0.45071411
v -0.10812378 0.46524048 0.44000244
v -0.16293335 0.46548462 0.44168091
v -0.02117348 0.44702148 0.44454956
v -0.02031708 0.44702148 0.44454956
v -0.01554203 0.46731567 0.43872070
v -0.01946068 0.44699097 0.44454956
v 0.00256753 0.45303345 0.44293213
v 0.02855110 0.46640015 0.43887329
v -0.06127167 0.46975708 0.43789673
v -0.01037121 0.47082520 0.43444824
v 0.05530548 0.47232056 0.42987061
v -0.10677338 0.46878052 0.43475342
v -0.17120361 0.47219849 0.43139648
v -0.10234070 0.47552490 0.41790771
v -0.13592529 0.47958374 0.41317749
v -0.06761932 0.47766113 0.40921021
v -0.12730408 0.48358154 0.38339233
v -0.00363612 0.47467041 0.42047119
v -0.05217361 0.48181152 0.37750244
v 0.03342819 0.47769165 0.40542603
v -0.10235596 0.48501587 0.35034180
v -0.09030151 0.48583984 0.31536865
v -0.12341309 0.48663330 0.29898071
v -0.05497742 0.48501587 0.32315063
v 0.02037621 0.48254395 0.35971069
v -0.08646393 0.48342896 0.30270386
v -0.11820984 0.48687744 0.28845215
v -0.09951019 0.48675537 0.27572632
v -0.07109070 0.48513794 0.28622437
v -0.07929993 0.48623657 0.26788330
v -0.04468155 0.48599243 0.29754639
v 0.01364803 0.48397827 0.32882690
v -0.03723145 0.48400879 0.29031372
v -0.07626343 0.48580933 0.25256348
v -0.12167358 0.48568726 0.21365356
v -0.05362701 0.48565674 0.26751709
v -0.01904678 0.48583984 0.28543091
v 0.04991913 0.48428345 0.34521484
v -0.06825256 0.48516846 0.23951721
v -0.11842346 0.48721313 0.19937134
v -0.04656219 0.48400879 0.26071167
v -0.05879211 0.48587036 0.22515869
v -0.01776695 0.48565674 0.26477051
v -0.01304531 0.48394775 0.27734375
v 0.01283836 0.48455811 0.30453491
v 0.01554012 0.48608398 0.29067993
v 0.05844116 0.48550415 0.32452393
v -0.00185645 0.48501587 0.26452637
v -0.02674103 0.48565674 0.23231506
v -0.07180786 0.48498535 0.19377136
v -0.10309601 0.48635864 0.17587280
v -0.03346634 0.48617554 0.21524048
v -0.06838226 0.48693848 0.18289185
v -0.01879692 0.48507690 0.21441650
v -0.06829071 0.48580933 0.17051697
v 0.02169609 0.48626709 0.26736450
v 0.04496384 0.48410034 0.29632568
v 0.05828857 0.48614502 0.29476929
v 0.07594299 0.48535156 0.31268311
v 0.06819916 0.48406982 0.29116821
v 0.03688049 0.48663330 0.24630737
v 0.01414967 0.48635864 0.22116089
v -0.01705742 0.48669434 0.20242310
v -0.05862808 0.48745728 0.16526794
v -0.06794739 0.48800659 0.13146973
v -0.02553368 0.48562622 0.17861938
v -0.00515890 0.48669434 0.18487549
v -0.01895523 0.48812866 0.14103699
v -0.09269714 0.48846436 0.07872772
v -0.03701782 0.48922729 0.04079819
v 0.00033173 0.48532104 0.17512512
v 0.04156113 0.48678589 0.21400452
v 0.03363419 0.48629761 0.18487549
v 0.02462578 0.48745728 0.15582275
v 0.06513977 0.48983765 0.08454895
v 0.10438538 0.48638916 0.21524048
v 0.04421616 0.48547363 0.23089600
v 0.12095642 0.48712158 0.17303467
v 0.11625671 0.48941040 0.06822205
v 0.14910889 0.48794556 0.06344604
v 0.20536804 0.48614502 0.14729309
v 0.10700989 0.48617554 0.24342346
v 0.11848450 0.48641968 0.27804565
v 0.13957214 0.48669434 0.25689697
v 0.12126160 0.48712158 0.20053101
v 0.16682434 0.48654175 0.23382568
v 0.15580750 0.48559570 0.25082397
v 0.21250916 0.48663330 0.28683472
v 0.24636841 0.48760986 0.26672363
v 0.30047607 0.48876953 0.21711731
v 0.31268311 0.48953247 0.27093506
v 0.25650024 0.48657227 0.30392456
v 0.16310120 0.48559570 0.29934692
v 0.23437500 0.48641968 0.31274414
v 0.28826904 0.48547363 0.35894775
v 0.24716187 0.48587036 0.34042358
v 0.27261353 0.48327637 0.38198853
v 0.19995117 0.48574829 0.32507324
v 0.16113281 0.48526001 0.32177734
v 0.20764160 0.48504639 0.35238647
v 0.19723511 0.48281860 0.36477661
v 0.20399475 0.48248291 0.38052368
v 0.28518677 0.47866821 0.40518188
v 0.15705872 0.48553467 0.33956909
v 0.10909271 0.48596191 0.29132080
v 0.18255615 0.48065186 0.39495850
v 0.13882446 0.48410034 0.35848999
v 0.20921326 0.47219849 0.42697144
v 0.09030151 0.48562622 0.29867554
v 0.11302948 0.48583984 0.32778931
v 0.10494232 0.48391724 0.35763550
v 0.11235809 0.47940063 0.39981079
v 0.05899811 0.48416138 0.33807373
v 0.06243134 0.48080444 0.38616943
v 0.16316223 0.47463989 0.42715454
v 0.11695862 0.47436523 0.43035889
v 0.17123413 0.47076416 0.43386841
v 0.13638306 0.46780396 0.43753052
v 0.17549133 0.45416260 0.44082642
v 0.21398926 0.43017578 0.44873047
v 0.28518677 0.39962769 0.45596313
v 0.24218750 0.44570923 0.44171143
v 0.21226501 0.46633911 0.43576050
v 0.27029419 0.46783447 0.43029785
v 0.20646667 0.47097778 0.43008423
v 0.20732117 0.47097778 0.43002319
v 0.00748730 0.00938702 0.47479248
v -0.04287720 -0.00130486 0.47534180
v 0.01477528 -0.03479767 0.47470093
v 0.05801773 -0.04216385 0.47326660
v 0.00936985 -0.09978485 0.47338867
v 0.01477528 -0.03479767 0.47470093
v -0.04287720 -0.00130486 0.47534180
v -0.04053879 -0.04851913 0.47482300
v 0.00936985 -0.09978485 0.47338867
v -0.04053879 -0.04851913 0.47482300
v -0.04287720 -0.00130486 0.47534180
v -0.09759521 -0.03924179 0.47424316
v -0.16238403 -0.00484324 0.47375488
v -0.19699097 -0.05225754 0.47167969
v -0.10949707 -0.10856628 0.47109985
v -0.03872299 -0.11089325 0.47265625
v 0.00936985 -0.09978485 0.47338867
v -0.04098129 -0.17973328 0.46954346
v -0.17779541 -0.14938354 0.46786499
v -0.22908020 -0.15252686 0.46719360
v -0.21827698 -0.21708679 0.46655273
v -0.28433228 -0.16784668 0.46740723
v -0.29946899 -0.23820496 0.46871948
v -0.14164734 -0.21176147 0.46643066
v -0.24942017 -0.29394531 0.46942139
v -0.28991699 -0.29421997 0.46963501
v -0.29446411 -0.33279419 0.46978760
v -0.15917969 -0.22784424 0.46640015
v -0.16976929 -0.32006836 0.46923828
v -0.03514099 -0.25106812 0.46719360
v 0.01996994 -0.21478271 0.46850586
v -0.07992554 -0.26171875 0.46725464
v -0.10646057 -0.29602051 0.46820068
v -0.05244446 -0.31533813 0.46704102
v 0.00129068 -0.26974487 0.46640015
v 0.01832771 -0.30978394 0.46539307
v -0.00017956 -0.34521484 0.46392822
v -0.10353851 -0.33319092 0.46783447
v -0.06505585 -0.35287476 0.46505737
v -0.02916718 -0.37750244 0.46115112
v -0.13612366 -0.35287476 0.46722412
v -0.21963501 -0.35729980 0.46813965
v -0.29986572 -0.35287476 0.46881104
v -0.36517334 -0.37048340 0.46710205
v -0.32092285 -0.38711548 0.46533203
v -0.21957397 -0.38644409 0.46472168
v -0.10547638 -0.38977051 0.46176147
v -0.04256821 -0.39422607 0.45910645
v 0.02648163 -0.39834595 0.45675659
v -0.29083252 -0.40573120 0.46231079
v -0.40100098 -0.41015625 0.46173096
v -0.18630981 -0.40994263 0.45996094
v -0.09372711 -0.41308594 0.45730591
v -0.03199005 -0.42098999 0.45358276
v 0.02576637 -0.43078613 0.45001221
v -0.01757431 -0.44146729 0.44729614
v -0.10516357 -0.43542480 0.45169067
v -0.12387085 -0.43106079 0.45321655
v -0.08898163 -0.46548462 0.43981934
v 0.03761673 -0.46267700 0.43893433
v -0.13240051 -0.45565796 0.44378662
v -0.02908707 -0.47238159 0.43481445
v -0.23402405 -0.43026733 0.45553589
v -0.10140228 -0.47485352 0.43289185
v -0.28741455 -0.43267822 0.45523071
v -0.38385010 -0.43606567 0.45507812
v 0.01561832 -0.47546387 0.42864990
v -0.35748291 -0.44985962 0.44973755
v -0.31079102 -0.44445801 0.45086670
v -0.35610962 -0.46456909 0.44195557
v -0.22273254 -0.44473267 0.45004272
v -0.28637695 -0.45870972 0.44396973
v -0.16810608 -0.46813965 0.43969727
v -0.21702576 -0.46893311 0.43899536
v -0.30654907 -0.47164917 0.43682861
v -0.40005493 -0.47216797 0.43814087
v -0.35549927 -0.48101807 0.43148804
v -0.26742554 -0.47384644 0.43594360
v -0.22827148 -0.47381592 0.43600464
v -0.22955322 -0.47381592 0.43600464
v -0.19444275 -0.47766113 0.43206787
v -0.22799683 -0.47821045 0.43206787
v -0.29116821 -0.47808838 0.43258667
v -0.28988647 -0.47808838 0.43255615
v -0.29412842 -0.48358154 0.42712402
v -0.24708557 -0.48501587 0.41806030
v -0.16645813 -0.47976685 0.41683960
v -0.34478760 -0.48681641 0.42181396
v -0.38751221 -0.48245239 0.42803955
v -0.26345825 -0.48785400 0.41015625
v -0.21115112 -0.48498535 0.40948486
v -0.16136169 -0.48483276 0.39453125
v -0.25558472 -0.49142456 0.36413574
v -0.35037231 -0.48828125 0.36764526
v -0.32742310 -0.49111938 0.32821655
v -0.27453613 -0.49246216 0.28421021
v -0.33035278 -0.49264526 0.21972656
v -0.20281982 -0.49139404 0.29959106
v -0.21511841 -0.49087524 0.26812744
v -0.15692139 -0.48901367 0.33834839
v -0.13940430 -0.48611450 0.36477661
v -0.13247681 -0.48660278 0.33193970
v -0.11808014 -0.48675537 0.35336304
v -0.09794617 -0.48226929 0.39654541
v -0.09303284 -0.48342896 0.36077881
v -0.06995392 -0.48049927 0.40087891
v -0.00161123 -0.47930908 0.40478516
v -0.08287811 -0.48541260 0.35235596
v -0.06620789 -0.48312378 0.36111450
v -0.08731842 -0.48385620 0.33621216
v -0.05541611 -0.48416138 0.35525513
v -0.00529575 -0.48162842 0.37222290
v 0.03814697 -0.48263550 0.35629272
v -0.02123451 -0.48535156 0.33117676
v -0.11623383 -0.48629761 0.32174683
v -0.08504486 -0.48684692 0.32348633
v -0.04006195 -0.48419189 0.34817505
v -0.03436279 -0.48431396 0.33251953
v -0.08246613 -0.48577881 0.31079102
v -0.07286835 -0.48641968 0.30264282
v -0.06744385 -0.48501587 0.29244995
v -0.11557770 -0.48812866 0.26025391
v -0.10558319 -0.48611450 0.28808594
v -0.11023712 -0.48809814 0.29565430
v -0.14595032 -0.48876953 0.25387573
v -0.12052155 -0.48623657 0.30084229
v -0.15037537 -0.48892212 0.27801514
v -0.12042236 -0.48800659 0.31237793
v -0.14352417 -0.48852539 0.30932617
v -0.17047119 -0.48843384 0.28787231
v -0.22100830 -0.49060059 0.18389893
v -0.12777710 -0.48867798 0.20288086
v -0.27618408 -0.49185181 0.19000244
v -0.34207153 -0.49237061 0.15577698
v -0.29714966 -0.49182129 0.11112976
v -0.18695068 -0.49072266 0.11285400
v -0.25253296 -0.49029541 0.06609344
v -0.30676270 -0.48760986 0.01855850
v -0.22538757 -0.48867798 0.00796223
v -0.26739502 -0.48574829 -0.05348206
v -0.15040588 -0.48965454 -0.01000786
v -0.16065979 -0.49017334 0.05910492
v -0.10599518 -0.48889160 0.12760925
v -0.09315491 -0.48980713 0.05577087
v -0.09162903 -0.49014282 -0.02671242
v -0.00546455 -0.49008179 0.07013702
v 0.00498867 -0.49108887 -0.00393677
v 0.03030586 -0.49093628 0.01992035
v 0.07933044 -0.49057007 -0.00889492
v 0.03606415 -0.48922729 0.10696411
v -0.02877235 -0.48919678 0.09604645
v 0.02566338 -0.48895264 0.14192200
v -0.05672073 -0.48849487 0.14176941
v -0.01229191 -0.48855591 0.14988708
v 0.01738167 -0.48785400 0.16021729
v 0.01932907 -0.48858643 0.17462158
v -0.00649166 -0.48852539 0.17527771
v 0.04177856 -0.48617554 0.20748901
v 0.01580048 -0.48623657 0.18388367
v 0.02911949 -0.48809814 0.20721436
v 0.02038002 -0.48736572 0.21095276
v -0.00380230 -0.48583984 0.19168091
v -0.02829742 -0.48846436 0.18180847
v -0.00512791 -0.48773193 0.20828247
v 0.02123070 -0.48779297 0.23126221
v -0.02587891 -0.48638916 0.19802856
v 0.00222540 -0.48721313 0.23001099
v 0.03069115 -0.48544312 0.26306152
v -0.03199387 -0.48788452 0.20619202
v -0.07559204 -0.48840332 0.17401123
v -0.05411911 -0.48724365 0.20141602
v -0.06361389 -0.48767090 0.22259521
v -0.04847717 -0.48678589 0.21858215
v 0.01206303 -0.48739624 0.25427246
v 0.01864052 -0.48669434 0.27432251
v -0.03641891 -0.48736572 0.23858643
v 0.00360227 -0.48471069 0.25692749
v 0.00764084 -0.48538208 0.27252197
v 0.02898407 -0.48358154 0.29251099
v -0.08313751 -0.48776245 0.24273682
v -0.05568314 -0.48690796 0.24436951
v -0.01264668 -0.48391724 0.26702881
v 0.00089467 -0.48666382 0.28115845
v 0.01043606 -0.48449707 0.29440308
v -0.02512169 -0.48730469 0.26663208
v -0.04311371 -0.48651123 0.26342773
v -0.00473785 -0.48559570 0.29904175
v 0.03646088 -0.48568726 0.31991577
v -0.03016663 -0.48544312 0.28530884
v -0.01776886 -0.48651123 0.30877686
v -0.06402588 -0.48699951 0.28973389
v -0.05203247 -0.48471069 0.28262329
v -0.05027008 -0.48736572 0.27291870
v -0.07978821 -0.48709106 0.26544189
v -0.09019470 0.04334641 0.47570801
v -0.08818054 0.13702393 0.47415161
v -0.14115906 0.05373764 0.47485352
v -0.13137817 0.12303925 0.47366333
v -0.09759521 -0.03924179 0.47424316
v -0.11959076 -0.00398636 0.47454834
v -0.16238403 -0.00484324 0.47375488
v -0.17961121 0.09733582 0.47302246
v -0.16607666 0.18502808 0.46942139
v -0.19151306 0.13464355 0.47116089
v -0.22904968 0.04351807 0.47283936
v -0.21461487 -0.00529528 0.47293091
v -0.19699097 -0.05225754 0.47167969
v -0.29110718 -0.03718948 0.47177124
v -0.29077148 0.00800800 0.47229004
v -0.34255981 -0.06110764 0.47058105
v -0.28985596 0.07659149 0.47039795
v -0.26162720 0.14173889 0.46823120
v -0.19395447 0.20622253 0.46749878
v -0.31210327 0.12485504 0.46731567
v -0.26104736 0.17781067 0.46658325
v -0.27691650 0.20521545 0.46542358
v -0.34466553 0.04434967 0.46981812
v -0.35421753 0.14494324 0.46585083
v -0.35681152 0.21025085 0.46453857
v -0.34640503 -0.01641464 0.47091675
v -0.37362671 -0.06801605 0.46960449
v -0.37692261 0.00791359 0.46936035
v -0.38577271 0.09214020 0.46630859
v -0.39376831 0.16299438 0.46347046
v -0.38394165 0.24234009 0.46234131
v -0.42556763 0.17605591 0.45840454
v -0.40048218 -0.03409195 0.46774292
v -0.39700317 -0.07914734 0.46783447
v -0.41915894 -0.08861542 0.46441650
v -0.41809082 0.01332855 0.46484375
v -0.41436768 0.11801910 0.46240234
v -0.44287109 -0.05596542 0.45950317
v -0.44143677 -0.08786774 0.45928955
v -0.45059204 -0.06262207 0.45437622
v -0.44091797 -0.00764894 0.45922852
v -0.43356323 0.04493713 0.46087646
v -0.43667603 0.11059570 0.45782471
v -0.44338989 0.07678986 0.45602417
v -0.44888306 0.04383087 0.45349121
v -0.44219971 0.14823914 0.45434570
v -0.43881226 0.20710754 0.45257568
v -0.39920044 0.24673462 0.45928955
v -0.45175171 0.13363647 0.44757080
v -0.44836426 0.19206238 0.44824219
v -0.44998169 0.25451660 0.44314575
v -0.45883179 0.24580383 0.43496704
v -0.46340942 0.22750854 0.43087769
v -0.46093750 0.09352112 0.43896484
v -0.46517944 0.16036987 0.43069458
v -0.45822144 0.00920963 0.44461060
v -0.46786499 0.11602783 0.42675781
v -0.45504761 -0.06475830 0.44970703
v -0.46044922 -0.07755280 0.44357300
v -0.46188354 -0.02708817 0.43942261
v -0.46542358 -0.03911972 0.43182373
v -0.46206665 0.03669739 0.43829346
v -0.46676636 0.02360725 0.42593384
v -0.46960449 -0.00384045 0.40554810
v -0.47021484 -0.06245041 0.41015625
v -0.47296143 0.10787964 0.40759277
v -0.47302246 0.05752563 0.38851929
v -0.47167969 0.02418900 0.37432861
v -0.47186279 -0.00236225 0.34039307
v -0.47302246 -0.04244995 0.32614136
v -0.47399902 -0.08741760 0.36743164
v -0.48016357 -0.12904358 0.30545044
v -0.47381592 0.04157639 0.33303833
v -0.47537231 -0.00772333 0.30245972
v -0.48089600 -0.02706528 0.25952148
v -0.48266602 -0.11081696 0.26998901
v -0.48120117 0.07395935 0.28671265
v -0.47866821 0.09449005 0.32281494
v -0.48168945 0.15116882 0.32742310
v -0.47869873 0.00095880 0.28094482
v -0.48455811 -0.02814102 0.19168091
v -0.48254395 0.05274582 0.24694824
v -0.48919678 -0.09983826 0.15957642
v -0.48233032 -0.00568390 0.23060608
v -0.48944092 -0.03840637 0.13697815
v -0.49291992 -0.11093140 0.12020874
v -0.48468018 0.00587559 0.18473816
v -0.49667358 -0.01275158 0.08312225
v -0.49655151 -0.13475037 0.07914734
v -0.49459839 0.00112772 0.10466003
v -0.48849487 0.03397751 0.14500427
v -0.49288940 0.09714508 0.12242889
v -0.48876953 0.10140228 0.17173767
v -0.48986816 0.15802002 0.20909119
v -0.49267578 0.13037109 0.13903809
v -0.48870850 0.17947388 0.24804688
v -0.49499512 0.21720886 0.14607239
v -0.48876953 0.25274658 0.28454590
v -0.48089600 0.19648743 0.35470581
v -0.48617554 0.24635315 0.31384277
v -0.48513794 0.29028320 0.32751465
v -0.47653198 0.13893127 0.38296509
v -0.47921753 0.21931458 0.37182617
v -0.47921753 0.28140259 0.37271118
v -0.47415161 0.22109985 0.40222168
v -0.47134399 0.16290283 0.41473389
v -0.46875000 0.15818787 0.42318726
v -0.46875000 0.15946960 0.42315674
v -0.46884155 0.23393250 0.41976929
v 0.23628235 0.29589844 0.47268677
v 0.15565491 0.25585938 0.47494507
v 0.22567749 0.24667358 0.47326660
v 0.14807129 0.29379272 0.47384644
v 0.22825623 0.32757568 0.47067261
v 0.19097900 0.34548950 0.46878052
v 0.14817810 0.32150269 0.47167969
v 0.26583862 0.36370850 0.46459961
v 0.22608948 0.37585449 0.46292114
v 0.31408691 0.34078979 0.46719360
v 0.28518677 0.39962769 0.45596313
v 0.14959717 0.42834473 0.45147705
v 0.31845093 0.29461670 0.47042847
v 0.35192871 0.37533569 0.45846558
v 0.34426880 0.40170288 0.45239258
v 0.33547974 0.43902588 0.44152832
v 0.21398926 0.43017578 0.44873047
v 0.37829590 0.41168213 0.44696045
v 0.24218750 0.44570923 0.44171143
v 0.37951660 0.33657837 0.46270752
v 0.29547119 0.46252441 0.43612671
v 0.21226501 0.46633911 0.43576050
v 0.37692261 0.43432617 0.44140625
v 0.27029419 0.46783447 0.43029785
v 0.41333008 0.41195679 0.44348145
v 0.35916138 0.46954346 0.42633057
v 0.41192627 0.39575195 0.44754028
v 0.41125488 0.43841553 0.44009399
v 0.38183594 0.45870972 0.43719482
v 0.36050415 0.46414185 0.43344116
v 0.38812256 0.46243286 0.43353271
v 0.41003418 0.45559692 0.43237305
v 0.39526367 0.46960449 0.42007446
v 0.28561401 0.47637939 0.41207886
v 0.20921326 0.47219849 0.42697144
v 0.28518677 0.47866821 0.40518188
v 0.42733765 0.43759155 0.43246460
v 0.42156982 0.40548706 0.43890381
v 0.28604126 0.47866821 0.40518188
v 0.28689575 0.47869873 0.40518188
v 0.29104614 0.48016357 0.39950562
v 0.27261353 0.48327637 0.38198853
v 0.35034180 0.48001099 0.40295410
v 0.36953735 0.48312378 0.39065552
v 0.39019775 0.48785400 0.35641479
v 0.28826904 0.48547363 0.35894775
v 0.39260864 0.48410034 0.38043213
v 0.41809082 0.47628784 0.38946533
v 0.41897583 0.48355103 0.35543823
v 0.42028809 0.45007324 0.43072510
v 0.43707275 0.46740723 0.38467407
v 0.43585205 0.44116211 0.42126465
v 0.44815063 0.41970825 0.41918945
v 0.45477295 0.44458008 0.38519287
v 0.44390869 0.47174072 0.34555054
v 0.42837524 0.48617554 0.29760742
v 0.46182251 0.44024658 0.35955811
v 0.44113159 0.47695923 0.29943848
v 0.44558716 0.47332764 0.28167725
v 0.43612671 0.48260498 0.24406433
v 0.45968628 0.43981934 0.26339722
v 0.42416382 0.48724365 0.20649719
v 0.46524048 0.41918945 0.38229370
v 0.41357422 0.48937988 0.28610229
v 0.37652588 0.49023438 0.23834229
v 0.46981812 0.41073608 0.34652710
v 0.47122192 0.39331055 0.26119995
v 0.35974121 0.49005127 0.31610107
v 0.47290039 0.39007568 0.36816406
v 0.47882080 0.34436035 0.26998901
v 0.35519409 0.48876953 0.33587646
v 0.25650024 0.48657227 0.30392456
v 0.31268311 0.48953247 0.27093506
v 0.30047607 0.48876953 0.21711731
v 0.37008667 0.48843384 0.18092346
v 0.48431396 0.29275513 0.32485962
v 0.48294067 0.29833984 0.23428345
v 0.47943115 0.32348633 0.37997437
v 0.48672485 0.22160339 0.30862427
v 0.48828125 0.17735291 0.22161865
v 0.48999023 0.13665771 0.23645020
v 0.49588013 0.06151962 0.30877686
v 0.49252319 0.09432220 0.36151123
v 0.48709106 0.20393372 0.35107422
v 0.48379517 0.28271484 0.35385132
v 0.48403931 0.19114685 0.39926147
v 0.48922729 0.09070587 0.39807129
v 0.48480225 0.11241150 0.42062378
v 0.48327637 0.06085205 0.43365479
v 0.48254395 0.12562561 0.42916870
v 0.46902466 0.10887146 0.45010376
v 0.47674561 0.27761841 0.41064453
v 0.46411133 0.36126709 0.41412354
v 0.47366333 0.15263367 0.43783569
v 0.46630859 0.28894043 0.42181396
v 0.46401978 0.19508362 0.44424438
v 0.45559692 0.28717041 0.43908691
v 0.46331787 0.12631226 0.45178223
v 0.46432495 0.04616928 0.45596313
v 0.43923950 0.04667282 0.46301270
v 0.44888306 0.21644592 0.44747925
v 0.43923950 0.13464355 0.45651245
v 0.43029785 0.15310669 0.45877075
v 0.42132568 0.09530640 0.46380615
v 0.42935181 0.20156860 0.45739746
v 0.40075684 0.15809631 0.46279907
v 0.36788940 0.10797119 0.46856689
v 0.40612793 0.03853226 0.46759033
v 0.35412598 0.04294205 0.47131348
v 0.31887817 0.06175613 0.47253418
v 0.36712646 0.19482422 0.46560669
v 0.31829834 0.12542725 0.47091675
v 0.27621460 0.09063721 0.47338867
v 0.31365967 0.02313423 0.46887207
v 0.30853271 0.19187927 0.46945190
v 0.38790894 0.21212769 0.46347046
v 0.27371216 0.05018997 0.46856689
v 0.36563110 0.29061890 0.46755981
v 0.41442871 0.24247742 0.46008301
v 0.42852783 0.28283691 0.45800781
v 0.33352661 0.24952698 0.46899414
v 0.20094299 0.20780945 0.47372437
v 0.35964966 0.32293701 0.46603394
v 0.39566040 0.29431152 0.46353149
v 0.42456055 0.32971191 0.45578003
v 0.43640137 0.32989502 0.44442749
v 0.43374634 0.29464722 0.45132446
v 0.44818115 0.36523438 0.43426514
v 0.43795776 0.39480591 0.43548584
v 0.17962646 0.19425964 0.47332764
v 0.14027405 0.24926758 0.47436523
v 0.13526917 0.20391846 0.46963501
v 0.15921021 0.18000793 0.46981812
v 0.10759735 0.19985962 0.46810913
v 0.20555115 0.16784668 0.47372437
v 0.22793579 0.15275574 0.47332764
v 0.18086243 0.14424133 0.46954346
v 0.24284363 0.10878754 0.47253418
v 0.23593140 0.08969879 0.46942139
v 0.20980835 0.08581543 0.46807861
v 0.24388123 0.01636887 0.46734619
v 0.18731689 0.05220032 0.46829224
v 0.17721558 0.11518860 0.46853638
v 0.12806702 0.15235901 0.46844482
v 0.14886475 0.06585693 0.46917725
v 0.08059692 0.05728149 0.47155762
v 0.13101196 0.03700638 0.47006226
v 0.20545959 0.00002421 0.46737671
v 0.05801773 -0.04216385 0.47326660
v 0.00748730 0.00938702 0.47479248
v 0.07273865 -0.12738037 0.47048950
v 0.05801773 -0.04216385 0.47326660
v 0.00936985 -0.09978485 0.47338867
v 0.01686478 -0.15722656 0.47113037
v -0.04098129 -0.17973328 0.46954346
v 0.01996994 -0.21478271 0.46850586
v 0.09911346 -0.21540833 0.46566772
v 0.14799500 -0.13642883 0.46609497
v 0.12445831 -0.24890137 0.46331787
v 0.19790649 -0.17855835 0.46237183
v 0.18882751 -0.26184082 0.46124268
v 0.04621887 -0.29641724 0.46325684
v 0.00129068 -0.26974487 0.46640015
v -0.03514099 -0.25106812 0.46719360
v 0.01832771 -0.30978394 0.46539307
v 0.04024506 -0.35751343 0.46170044
v -0.00017956 -0.34521484 0.46392822
v 0.11746979 -0.31634521 0.46090698
v 0.08078766 -0.35873413 0.45837402
v 0.06342316 -0.39877319 0.45681763
v -0.02916718 -0.37750244 0.46115112
v 0.02648163 -0.39834595 0.45675659
v 0.17131042 -0.32437134 0.45947266
v 0.23947144 -0.27877808 0.46072388
v 0.24647522 -0.20195007 0.46090698
v 0.22219849 -0.37173462 0.46044922
v 0.30001831 -0.30490112 0.46044922
v 0.29602051 -0.36618042 0.46035767
v 0.25592041 -0.39776611 0.45922852
v 0.16030884 -0.36245728 0.45776367
v 0.18525696 -0.40792847 0.45687866
v 0.25012207 -0.43624878 0.45394897
v 0.12783813 -0.39923096 0.45455933
v 0.09802246 -0.40020752 0.45388794
v 0.11383057 -0.42282104 0.45062256
v 0.17906189 -0.43109131 0.45257568
v 0.24383545 -0.44543457 0.45138550
v 0.29077148 -0.43145752 0.45394897
v 0.12817383 -0.43978882 0.44714355
v 0.09608459 -0.43484497 0.44961548
v 0.03873062 -0.41735840 0.45327759
v 0.02576637 -0.43078613 0.45001221
v -0.04256821 -0.39422607 0.45910645
v 0.10797119 -0.45507812 0.44406128
v 0.03761673 -0.46267700 0.43893433
v -0.01757431 -0.44146729 0.44729614
v 0.10620117 -0.46539307 0.43933105
v 0.06222534 -0.47253418 0.43234253
v -0.02908707 -0.47238159 0.43481445
v 0.01561832 -0.47546387 0.42864990
v 0.07192993 -0.47915649 0.41842651
v -0.00161123 -0.47930908 0.40478516
v 0.11763000 -0.47207642 0.43395996
v 0.13400269 -0.45666504 0.44055176
v 0.12705994 -0.46929932 0.43164062
v 0.17851257 -0.45407104 0.44259644
v 0.13232422 -0.46704102 0.42507935
v 0.19409180 -0.46438599 0.42788696
v 0.22447205 -0.46035767 0.43026733
v 0.28585815 -0.45318604 0.43679810
v 0.25006104 -0.46939087 0.43307495
v 0.26257324 -0.46255493 0.43008423
v 0.17504883 -0.47204590 0.43310547
v 0.21238708 -0.47406006 0.41598511
v 0.14924622 -0.47409058 0.42297363
v 0.18168640 -0.48370361 0.40542603
v 0.10934448 -0.48052979 0.41171265
v 0.07721710 -0.48068237 0.40945435
v 0.15043640 -0.48489380 0.39999390
v 0.09338379 -0.48309326 0.38418579
v 0.03814697 -0.48263550 0.35629272
v 0.19416809 -0.48532104 0.40057373
v 0.22837830 -0.48010254 0.40313721
v 0.24284363 -0.48208618 0.39892578
v 0.21717834 -0.48400879 0.38351440
v 0.16107178 -0.48605347 0.36303711
v 0.12343597 -0.48629761 0.35766602
v 0.05132675 -0.48638916 0.31130981
v 0.03646088 -0.48568726 0.31991577
v -0.02123451 -0.48535156 0.33117676
v 0.01043606 -0.48449707 0.29440308
v 0.02898407 -0.48358154 0.29251099
v 0.18959045 -0.48510742 0.37014771
v 0.04901886 -0.48489380 0.30004883
v 0.01864052 -0.48669434 0.27432251
v 0.03069115 -0.48544312 0.26306152
v 0.08599854 -0.48663330 0.31405640
v 0.05773926 -0.48657227 0.29034424
v 0.12461853 -0.48486328 0.33166504
v 0.09753418 -0.48498535 0.30029297
v 0.04325867 -0.48745728 0.25552368
v 0.02123070 -0.48779297 0.23126221
v 0.02038002 -0.48736572 0.21095276
v 0.08016205 -0.48727417 0.28131104
v 0.05139923 -0.48507690 0.24574280
v 0.05654144 -0.48733521 0.24037170
v 0.02911949 -0.48809814 0.20721436
v 0.08274841 -0.48516846 0.27160645
v 0.10775757 -0.48693848 0.29696655
v 0.11750031 -0.48562622 0.29067993
v 0.12023926 -0.48715210 0.27954102
v 0.15463257 -0.48709106 0.33807373
v 0.13243103 -0.48544312 0.30548096
v 0.18861389 -0.48565674 0.34234619
v 0.21212769 -0.48623657 0.35177612
v 0.23272705 -0.48492432 0.37945557
v 0.16618347 -0.48632812 0.31439209
v 0.18910217 -0.48504639 0.31851196
v 0.18183899 -0.48751831 0.29058838
v 0.22497559 -0.48629761 0.33605957
v 0.14393616 -0.48550415 0.28622437
v 0.16223145 -0.48703003 0.28564453
v 0.15943909 -0.48666382 0.26089478
v 0.18579102 -0.48608398 0.27972412
v 0.18678284 -0.48757935 0.26617432
v 0.14289856 -0.48751831 0.27532959
v 0.11817932 -0.48532104 0.26654053
v 0.12632751 -0.48599243 0.24951172
v 0.08661652 -0.48770142 0.26333618
v 0.10679626 -0.48788452 0.24725342
v 0.07254791 -0.48562622 0.24221802
v 0.06475830 -0.48739624 0.22528076
v 0.11400604 -0.48757935 0.23275757
v 0.08953857 -0.48553467 0.22770691
v 0.04177856 -0.48617554 0.20748901
v 0.01580048 -0.48623657 0.18388367
v 0.05839539 -0.48794556 0.20782471
v 0.01932907 -0.48858643 0.17462158
v 0.08361053 -0.48745728 0.21253967
v 0.05096436 -0.48632812 0.19171143
v 0.04784012 -0.48800659 0.18099976
v 0.01738167 -0.48785400 0.16021729
v 0.02566338 -0.48895264 0.14192200
v 0.06163788 -0.48785400 0.17593384
v 0.10664368 -0.48773193 0.19172668
v 0.07257080 -0.48699951 0.16250610
v 0.05607224 -0.48825073 0.14356995
v 0.03606415 -0.48922729 0.10696411
v 0.12433624 -0.48754883 0.18531799
v 0.07811737 -0.48873901 0.14944458
v 0.08679962 -0.48959351 0.08129883
v 0.03030586 -0.49093628 0.01992035
v 0.08152008 -0.49011230 0.03977203
v 0.07933044 -0.49057007 -0.00889492
v 0.12838745 -0.48745728 0.14239502
v 0.15478516 -0.48706055 0.18125916
v 0.16467285 -0.48712158 0.22627258
v 0.14746094 -0.48745728 0.22122192
v 0.15966797 -0.48791504 0.24722290
v 0.14744568 -0.48626709 0.23146057
v 0.11337280 -0.48666382 0.22473145
v 0.09833527 -0.48669434 0.20889282
v -0.08818054 0.13702393 0.47415161
v -0.16607666 0.18502808 0.46942139
v -0.13137817 0.12303925 0.47366333
v 0.14952087 -0.05294037 0.46875000
v 0.05801773 -0.04216385 0.47326660
v 0.07273865 -0.12738037 0.47048950
v 0.13101196 0.03700638 0.47006226
v 0.14799500 -0.13642883 0.46609497
v 0.20545959 0.00002421 0.46737671
v 0.18679810 -0.07156372 0.46649170
v 0.19790649 -0.17855835 0.46237183
v 0.23213196 -0.05630493 0.46539307
v 0.24388123 0.01636887 0.46734619
v 0.18731689 0.05220032 0.46829224
v 0.27343750 -0.05677032 0.46481323
v 0.27371216 0.05018997 0.46856689
v 0.31365967 0.02313423 0.46887207
v 0.25350952 -0.13854980 0.46191406
v 0.24647522 -0.20195007 0.46090698
v 0.18882751 -0.26184082 0.46124268
v 0.31616211 -0.09611511 0.46298218
v 0.33047485 -0.14590454 0.46057129
v 0.35589600 -0.05318069 0.46499634
v 0.35412598 0.04294205 0.47131348
v 0.31887817 0.06175613 0.47253418
v 0.32382202 -0.21821594 0.45980835
v 0.23947144 -0.27877808 0.46072388
v 0.30001831 -0.30490112 0.46044922
v 0.36798096 -0.21629333 0.45840454
v 0.36093140 -0.35061646 0.45831299
v 0.38992310 -0.15309143 0.45846558
v 0.38879395 0.01397133 0.46908569
v 0.40612793 0.03853226 0.46759033
v 0.41421509 -0.06513214 0.46221924
v 0.42196655 -0.13945007 0.45635986
v 0.44329834 -0.01207542 0.46197510
v 0.43923950 0.04667282 0.46301270
v 0.42132568 0.09530640 0.46380615
v 0.41317749 -0.20848083 0.45425415
v 0.44161987 -0.13247681 0.45324707
v 0.45294189 -0.00250769 0.45965576
v 0.46432495 0.04616928 0.45596313
v 0.45870972 -0.07752991 0.45309448
v 0.46548462 -0.05170822 0.45172119
v 0.45639038 -0.16262817 0.44638062
v 0.43032837 -0.21105957 0.45104980
v 0.38577271 -0.30227661 0.45684814
v 0.40643311 -0.36474609 0.45123291
v 0.40673828 -0.27703857 0.45437622
v 0.42391968 -0.30865479 0.45001221
v 0.41998291 -0.37997437 0.44601440
v 0.41262817 -0.41842651 0.44229126
v 0.44335938 -0.31286621 0.44299316
v 0.43930054 -0.24822998 0.44717407
v 0.45019531 -0.20765686 0.44540405
v 0.44439697 -0.19734192 0.44799805
v 0.45034790 -0.20680237 0.44543457
v 0.45037842 -0.20594788 0.44546509
v 0.45651245 -0.21151733 0.44186401
v 0.44876099 -0.26953125 0.44195557
v 0.47415161 -0.05517960 0.43969727
v 0.45297241 -0.27902222 0.43823242
v 0.45632935 -0.24446106 0.43768311
v 0.45751953 -0.29223633 0.43325806
v 0.46267700 -0.34582520 0.42510986
v 0.46026611 -0.26113892 0.43063354
v 0.46063232 -0.23760986 0.43258667
v 0.47399902 -0.20739746 0.41522217
v 0.47311401 -0.26129150 0.40881348
v 0.47360229 -0.28497314 0.40454102
v 0.47851562 -0.17622375 0.41030884
v 0.43698120 -0.36251831 0.44052124
v 0.42785645 -0.42053223 0.43499756
v 0.45956421 -0.38156128 0.42126465
v 0.45645142 -0.41781616 0.41052246
v 0.47470093 -0.36257935 0.37207031
v 0.47030640 -0.38519287 0.38024902
v 0.46347046 -0.43209839 0.38009644
v 0.46951294 -0.42425537 0.35046387
v 0.47561646 -0.39767456 0.34301758
v 0.48312378 -0.37072754 0.30761719
v 0.47604370 -0.40878296 0.31362915
v 0.48022461 -0.40249634 0.25878906
v 0.48223877 -0.38739014 0.24427795
v 0.48098755 -0.30136108 0.34570312
v 0.48419189 -0.36083984 0.26306152
v 0.47897339 -0.40707397 0.17800903
v 0.48373413 -0.29153442 0.31619263
v 0.48132324 -0.33859253 0.16899109
v 0.47781372 -0.35592651 0.10408020
v 0.48483276 -0.29495239 0.27947998
v 0.48483276 -0.28689575 0.21522522
v 0.48416138 -0.28619385 0.14591980
v 0.48104858 -0.32440186 0.07550812
v 0.48803711 -0.27099609 0.07999420
v 0.49160767 -0.23504639 0.09146118
v 0.48876953 -0.21775818 0.24583435
v 0.48767090 -0.23165894 0.29254150
v 0.49362183 -0.18457031 0.15864563
v 0.49551392 -0.22663879 0.01834869
v 0.49923706 -0.12913513 0.07159424
v 0.49606323 -0.15405273 0.14627075
v 0.49221802 -0.14604187 0.29159546
v 0.49734497 -0.08068848 0.19561768
v 0.49942017 -0.05935287 0.09600830
v 0.49420166 -0.12295532 0.27938843
v 0.49731445 -0.01660538 0.17062378
v 0.49975586 -0.00170207 -0.00093126
v 0.49789429 -0.01616859 0.28054810
v 0.49475098 -0.07677460 0.32241821
v 0.48611450 -0.19802856 0.34811401
v 0.49783325 0.06803894 0.03215408
v 0.49404907 0.07029724 0.09523010
v 0.49523926 0.03921127 0.21096802
v 0.49349976 0.06735992 0.18467712
v 0.49218750 0.08231354 0.19653320
v 0.49227905 0.08924103 0.21087646
v 0.49301147 0.08796692 0.22412109
v 0.49612427 0.03185654 0.23870850
v 0.49588013 0.06151962 0.30877686
v 0.48999023 0.13665771 0.23645020
v 0.49581909 0.01981354 0.35140991
v 0.49252319 0.09432220 0.36151123
v 0.48922729 0.09070587 0.39807129
v 0.49087524 0.01642418 0.39303589
v 0.48327637 0.06085205 0.43365479
v 0.48974609 -0.07325745 0.38208008
v 0.49066162 -0.10553741 0.35577393
v 0.48333740 -0.02808571 0.42224121
v 0.48019409 -0.22355652 0.39163208
v 0.48117065 -0.26327515 0.36068726
v 0.47857666 -0.28549194 0.37097168
v 0.48110962 -0.12485504 0.41430664
v 0.47439575 -0.15570068 0.42230225
v 0.47634888 -0.03957367 0.43707275
v 0.47103882 -0.04920197 0.44400024
v 0.47009277 0.04513931 0.45138550
v 0.46902466 0.10887146 0.45010376
v 0.47509766 -0.16830444 0.41888428
v 0.47518921 -0.16743469 0.41888428
v 0.47518921 -0.16658020 0.41900635
v -0.19699097 -0.05225754 0.47167969
v -0.29110718 -0.03718948 0.47177124
v -0.28701782 -0.10164642 0.46926880
v -0.34255981 -0.06110764 0.47058105
v -0.22908020 -0.15252686 0.46719360
v -0.37661743 -0.13304138 0.46752930
v -0.37362671 -0.06801605 0.46960449
v -0.31002808 -0.14315796 0.46798706
v -0.28433228 -0.16784668 0.46740723
v -0.39700317 -0.07914734 0.46783447
v -0.40097046 -0.13299561 0.46600342
v -0.41915894 -0.08861542 0.46441650
v -0.37759399 -0.20326233 0.46731567
v -0.33908081 -0.20014954 0.46804810
v -0.29946899 -0.23820496 0.46871948
v -0.42651367 -0.16960144 0.45944214
v -0.44143677 -0.08786774 0.45928955
v -0.35501099 -0.25537109 0.46850586
v -0.34854126 -0.30148315 0.46881104
v -0.28991699 -0.29421997 0.46963501
v -0.29446411 -0.33279419 0.46978760
v -0.36605835 -0.34826660 0.46798706
v -0.36517334 -0.37048340 0.46710205
v -0.39324951 -0.35165405 0.46661377
v -0.38766479 -0.26303101 0.46722412
v -0.39517212 -0.20666504 0.46615601
v -0.39688110 -0.26818848 0.46597290
v -0.41830444 -0.22593689 0.45919800
v -0.40777588 -0.39978027 0.46282959
v -0.40899658 -0.36737061 0.46307373
v -0.42581177 -0.26928711 0.45599365
v -0.42950439 -0.42834473 0.45523071
v -0.40100098 -0.41015625 0.46173096
v -0.32092285 -0.38711548 0.46533203
v -0.43496704 -0.33383179 0.45376587
v -0.43795776 -0.27529907 0.45312500
v -0.44503784 -0.22583008 0.45220947
v -0.45886230 -0.29895020 0.44552612
v -0.44824219 -0.37857056 0.44802856
v -0.44653320 -0.17379761 0.45312500
v -0.44744873 -0.10760498 0.45587158
v -0.45263672 -0.17619324 0.44985962
v -0.45059204 -0.06262207 0.45437622
v -0.45162964 -0.11437988 0.45223999
v -0.45733643 -0.11266327 0.44677734
v -0.45166016 -0.11309814 0.45227051
v -0.46044922 -0.07755280 0.44357300
v -0.46594238 -0.14035034 0.43560791
v -0.46542358 -0.03911972 0.43182373
v -0.47204590 -0.17063904 0.42202759
v -0.47021484 -0.06245041 0.41015625
v -0.46881104 -0.21577454 0.43157959
v -0.46551514 -0.26013184 0.43420410
v -0.46249390 -0.32656860 0.43231201
v -0.47521973 -0.33889771 0.41787720
v -0.47634888 -0.29187012 0.41592407
v -0.46252441 -0.39157104 0.42990112
v -0.45428467 -0.41253662 0.44287109
v -0.47323608 -0.39764404 0.41418457
v -0.47692871 -0.36004639 0.40838623
v -0.46582031 -0.43737793 0.42205811
v -0.44128418 -0.43249512 0.44885254
v -0.45550537 -0.43890381 0.43554688
v -0.42477417 -0.45281982 0.45034790
v -0.43289185 -0.45944214 0.44299316
v -0.44909668 -0.46029663 0.42300415
v -0.42129517 -0.46447754 0.44595337
v -0.41174316 -0.44256592 0.45428467
v -0.38385010 -0.43606567 0.45507812
v -0.29083252 -0.40573120 0.46231079
v -0.38204956 -0.45431519 0.44848633
v -0.35748291 -0.44985962 0.44973755
v -0.35610962 -0.46456909 0.44195557
v -0.40005493 -0.47216797 0.43814087
v -0.43136597 -0.47061157 0.42742920
v -0.40280151 -0.47702026 0.43157959
v -0.38751221 -0.48245239 0.42803955
v -0.35549927 -0.48101807 0.43148804
v -0.41125488 -0.47882080 0.42654419
v -0.45141602 -0.47128296 0.36129761
v -0.42431641 -0.47717285 0.39541626
v -0.40628052 -0.48245239 0.36499023
v -0.35037231 -0.48828125 0.36764526
v -0.34478760 -0.48681641 0.42181396
v -0.42102051 -0.48361206 0.32025146
v -0.43035889 -0.48007202 0.32345581
v -0.40975952 -0.48712158 0.29565430
v -0.32742310 -0.49111938 0.32821655
v -0.42172241 -0.48681641 0.23579407
v -0.36795044 -0.49166870 0.25357056
v -0.33035278 -0.49264526 0.21972656
v -0.41012573 -0.48956299 0.21897888
v -0.38830566 -0.49111938 0.16613770
v -0.34207153 -0.49237061 0.15577698
v -0.42922974 -0.48397827 0.22193909
v -0.37390137 -0.48925781 0.08203888
v -0.29714966 -0.49182129 0.11112976
v -0.30676270 -0.48760986 0.01855850
v -0.42059326 -0.48672485 0.19532776
v -0.41012573 -0.48944092 0.16310120
v -0.39935303 -0.48843384 0.13560486
v -0.40917969 -0.48788452 0.10111237
v -0.42590332 -0.48645020 0.13021851
v -0.42340088 -0.48577881 0.19802856
v -0.42095947 -0.48507690 0.05831909
v -0.43328857 -0.48260498 0.08332825
v -0.44030762 -0.47686768 0.18096924
v -0.43869019 -0.47677612 0.26052856
v -0.44473267 -0.47454834 0.22889709
v -0.45031738 -0.47235107 0.22079468
v -0.45184326 -0.47064209 0.27313232
v -0.45300293 -0.47222900 0.16198730
v -0.45498657 -0.46615601 0.23487854
v -0.45767212 -0.45422363 0.32046509
v -0.45916748 -0.45034790 0.40408325
v -0.46630859 -0.42999268 0.34350586
v -0.47540283 -0.39553833 0.36743164
v -0.48257446 -0.35772705 0.33569336
v -0.48529053 -0.36651611 0.25784302
v -0.47216797 -0.41220093 0.33929443
v -0.47155762 -0.42404175 0.23211670
v -0.47262573 -0.42254639 0.17260742
v -0.48696899 -0.33465576 0.29205322
v -0.48168945 -0.38864136 0.23167419
v -0.47622681 -0.41125488 0.17240906
v -0.48114014 -0.39199829 0.13363647
v -0.48672485 -0.36199951 0.12594604
v -0.49029541 -0.33203125 0.18026733
v -0.48587036 -0.34884644 0.05163956
v -0.46109009 -0.45672607 0.08428955
v -0.46981812 -0.42996216 0.09307861
v -0.47174072 -0.41558838 0.03591919
v -0.46359253 -0.44982910 0.06715393
v -0.46539307 -0.44473267 0.04524612
v -0.45611572 -0.46878052 0.09881592
v -0.45169067 -0.47402954 0.09963989
v -0.45782471 -0.46533203 0.02724266
v -0.45120239 -0.47335815 0.01507664
v -0.46166992 -0.46185303 -0.04341888
v -0.45721436 -0.47161865 -0.06551361
v -0.45797729 -0.47042847 -0.09266663
v -0.45501709 -0.47369385 -0.08505249
v -0.44335938 -0.47659302 -0.00822067
v -0.43344116 -0.47747803 -0.13766479
v -0.41638184 -0.47958374 -0.02755165
v -0.38388062 -0.48565674 0.02463913
v -0.33914185 -0.48373413 -0.02736473
v -0.26739502 -0.48574829 -0.05348206
v -0.37698364 -0.48138428 -0.06322479
v -0.40362549 -0.48004150 -0.12111664
v -0.46475220 -0.45089722 -0.01856422
v -0.47375488 -0.43008423 -0.12256622
v -0.47216797 -0.40762329 -0.05695343
v -0.47570801 -0.37661743 -0.04004669
v -0.48150635 -0.32232666 -0.10730743
v -0.47726440 -0.37625122 0.00382996
v -0.48410034 -0.32443237 -0.02682686
v -0.48849487 -0.27355957 -0.06945801
v -0.48934937 -0.31466675 0.03678131
v -0.49334717 -0.24787903 -0.01554585
v -0.49365234 -0.23420715 -0.04750443
v -0.49096680 -0.24787903 -0.07489777
v -0.49472046 -0.22137451 -0.04980850
v -0.49511719 -0.24380493 0.05235291
v -0.49786377 -0.14146423 -0.10923767
v -0.48977661 -0.33950806 0.13006592
v -0.49880981 -0.14367676 -0.03658295
v -0.50000000 -0.07087708 -0.02327538
v -0.49755859 -0.16218567 0.04476166
v -0.49899292 -0.05372620 0.03290176
v -0.49655151 -0.13475037 0.07914734
v -0.49374390 -0.26803589 0.11907959
v -0.49301147 -0.19035339 0.14314270
v -0.49291992 -0.11093140 0.12020874
v -0.48919678 -0.09983826 0.15957642
v -0.49188232 -0.29324341 0.16471863
v -0.49179077 -0.26205444 0.17784119
v -0.49078369 -0.21684265 0.18931580
v -0.48901367 -0.30929565 0.26715088
v -0.48587036 -0.17138672 0.25634766
v -0.48266602 -0.11081696 0.26998901
v -0.48834229 -0.24404907 0.26473999
v -0.48016357 -0.12904358 0.30545044
v -0.47302246 -0.04244995 0.32614136
v -0.48620605 -0.26327515 0.31039429
v -0.47927856 -0.16395569 0.35913086
v -0.47399902 -0.08741760 0.36743164
v -0.48355103 -0.31481934 0.35162354
v -0.48028564 -0.24238586 0.37567139
v -0.47506714 -0.15029907 0.39743042
v -0.16607666 0.18502808 0.46942139
v -0.19395447 0.20622253 0.46749878
v -0.19151306 0.13464355 0.47116089
v -0.26104736 0.17781067 0.46658325
v -0.26162720 0.14173889 0.46823120
v -0.27691650 0.20521545 0.46542358
v -0.13514709 0.25442505 0.46691895
v -0.08738708 0.24584961 0.46832275
v -0.21284485 0.26275635 0.46478271
v -0.18179321 0.30630493 0.46392822
v -0.11320496 0.30078125 0.46508789
v -0.26882935 0.28472900 0.46353149
v -0.14187622 0.36584473 0.46063232
v -0.34466553 0.26443481 0.46368408
v -0.35681152 0.21025085 0.46453857
v -0.38394165 0.24234009 0.46234131
v -0.18571472 0.34228516 0.46249390
v -0.26547241 0.34884644 0.46221924
v -0.31268311 0.33505249 0.46304321
v -0.22665405 0.37515259 0.46060181
v -0.34060669 0.37402344 0.46191406
v -0.23765564 0.39370728 0.45892334
v -0.15638733 0.40594482 0.45571899
v -0.35989380 0.33105469 0.46261597
v -0.19515991 0.42797852 0.45242310
v -0.13674927 0.43078613 0.45071411
v -0.38601685 0.29464722 0.46160889
v -0.38977051 0.37750244 0.46023560
v -0.34539795 0.39581299 0.46029663
v -0.27398682 0.40994263 0.45742798
v -0.39920044 0.24673462 0.45928955
v -0.42556763 0.17605591 0.45840454
v -0.41506958 0.34277344 0.45202637
v -0.34826660 0.42266846 0.45690918
v -0.38955688 0.42974854 0.45556641
v -0.27194214 0.44369507 0.45004272
v -0.33856201 0.44009399 0.45275879
v -0.39779663 0.41622925 0.45507812
v -0.41851807 0.45413208 0.44436646
v -0.43899536 0.41134644 0.44104004
v -0.39505005 0.44625854 0.45175171
v -0.34103394 0.45837402 0.44619751
v -0.40502930 0.46096802 0.44577026
v -0.41906738 0.38800049 0.44949341
v -0.26153564 0.46853638 0.43807983
v -0.44610596 0.32885742 0.44439697
v -0.35366821 0.48278809 0.43319702
v -0.44192505 0.37841797 0.44314575
v -0.43978882 0.28494263 0.44680786
v -0.43597412 0.24497986 0.44998169
v -0.43881226 0.20710754 0.45257568
v -0.44998169 0.25451660 0.44314575
v -0.44778442 0.30566406 0.44146729
v -0.44827271 0.34002686 0.44204712
v -0.44857788 0.37713623 0.43911743
v -0.44833374 0.37457275 0.43624878
v -0.45416260 0.28961182 0.43789673
v -0.45883179 0.24580383 0.43496704
v -0.45840454 0.34976196 0.42898560
v -0.46597290 0.30935669 0.42413330
v -0.46340942 0.22750854 0.43087769
v -0.46884155 0.23393250 0.41976929
v -0.44586182 0.41284180 0.43432617
v -0.45736694 0.38781738 0.42712402
v -0.46710205 0.35848999 0.41519165
v -0.47335815 0.29244995 0.40267944
v -0.47415161 0.22109985 0.40222168
v -0.47921753 0.28140259 0.37271118
v -0.45223999 0.44802856 0.42385864
v -0.46273804 0.41250610 0.41555786
v -0.47137451 0.36486816 0.39834595
v -0.46847534 0.39746094 0.40414429
v -0.46679688 0.42773438 0.39025879
v -0.47433472 0.39288330 0.37216187
v -0.47799683 0.33166504 0.37008667
v -0.47430420 0.42343140 0.32489014
v -0.47891235 0.37734985 0.33993530
v -0.48266602 0.33319092 0.33404541
v -0.48083496 0.39739990 0.28909302
v -0.48452759 0.37945557 0.26486206
v -0.48080444 0.41110229 0.23385620
v -0.47409058 0.43624878 0.23513794
v -0.46777344 0.44863892 0.30511475
v -0.48513794 0.29028320 0.32751465
v -0.48089600 0.19648743 0.35470581
v -0.48678589 0.33193970 0.28665161
v -0.48953247 0.33789062 0.21868896
v -0.49029541 0.28515625 0.25308228
v -0.48876953 0.25274658 0.28454590
v -0.48617554 0.24635315 0.31384277
v -0.49499512 0.21720886 0.14607239
v -0.46667480 0.44589233 0.34548950
v -0.46478271 0.44097900 0.38317871
v -0.45800781 0.45681763 0.38516235
v -0.45635986 0.46298218 0.37106323
v -0.46121216 0.45910645 0.32266235
v -0.46520996 0.45446777 0.26116943
v -0.44854736 0.47598267 0.27313232
v -0.44903564 0.47320557 0.36700439
v -0.44644165 0.47537231 0.33502197
v -0.41650391 0.48114014 0.27355957
v -0.44326782 0.47732544 0.38067627
v -0.38748169 0.48498535 0.37097168
v -0.36819458 0.48934937 0.31445312
v -0.37463379 0.49075317 0.25891113
v -0.30810547 0.49191284 0.30334473
v -0.35571289 0.48727417 0.38632202
v -0.32388306 0.49032593 0.34664917
v -0.28466797 0.48928833 0.39062500
v -0.41189575 0.48211670 0.40527344
v -0.35015869 0.48742676 0.42337036
v -0.40112305 0.48504639 0.42892456
v -0.41390991 0.48095703 0.42898560
v -0.43923950 0.47189331 0.41293335
v -0.44650269 0.46090698 0.42276001
v -0.44140625 0.46023560 0.43206787
v -0.42742920 0.47177124 0.43411255
v -0.39855957 0.46841431 0.44113159
v -0.29235840 0.48632812 0.42437744
v -0.30590820 0.48123169 0.43328857
v -0.27957153 0.48043823 0.43179321
v -0.21842957 0.47390747 0.43252563
v -0.21571350 0.48968506 0.36968994
v -0.22766113 0.48248291 0.42370605
v -0.22253418 0.48559570 0.41397095
v -0.13592529 0.47958374 0.41317749
v -0.12730408 0.48358154 0.38339233
v -0.17120361 0.47219849 0.43139648
v -0.10235596 0.48501587 0.35034180
v -0.14900208 0.48809814 0.32275391
v -0.12341309 0.48663330 0.29898071
v -0.22087097 0.49142456 0.30120850
v -0.25994873 0.49157715 0.27255249
v -0.22370911 0.49017334 0.20523071
v -0.15199280 0.48806763 0.27209473
v -0.11820984 0.48687744 0.28845215
v -0.09030151 0.48583984 0.31536865
v -0.13868713 0.48757935 0.26284790
v -0.14868164 0.48736572 0.22529602
v -0.09951019 0.48675537 0.27572632
v -0.13726807 0.48568726 0.25021362
v -0.12872314 0.48654175 0.23936462
v -0.07929993 0.48623657 0.26788330
v -0.12166595 0.48748779 0.22781372
v -0.12167358 0.48568726 0.21365356
v 0.32763672 -0.38870239 0.45825195
v 0.36093140 -0.35061646 0.45831299
v 0.29602051 -0.36618042 0.46035767
v 0.30001831 -0.30490112 0.46044922
v 0.25592041 -0.39776611 0.45922852
v 0.38195801 -0.40042114 0.45175171
v 0.40643311 -0.36474609 0.45123291
v 0.29077148 -0.43145752 0.45394897
v 0.25012207 -0.43624878 0.45394897
v 0.41262817 -0.41842651 0.44229126
v 0.34902954 -0.41510010 0.45251465
v 0.40017700 -0.45303345 0.43493652
v 0.37625122 -0.43820190 0.44168091
v 0.33840942 -0.43707275 0.44458008
v 0.31939697 -0.44894409 0.43847656
v 0.31353760 -0.46328735 0.43197632
v 0.28585815 -0.45318604 0.43679810
v 0.24383545 -0.44543457 0.45138550
v 0.36874390 -0.46246338 0.43142700
v 0.26257324 -0.46255493 0.43008423
v 0.22447205 -0.46035767 0.43026733
v 0.25006104 -0.46939087 0.43307495
v 0.29275513 -0.47045898 0.41714478
v 0.21238708 -0.47406006 0.41598511
v 0.27151489 -0.47637939 0.40603638
v 0.24284363 -0.48208618 0.39892578
v 0.32733154 -0.47378540 0.40774536
v 0.28936768 -0.48059082 0.39245605
v 0.37506104 -0.47601318 0.40078735
v 0.23272705 -0.48492432 0.37945557
v 0.21717834 -0.48400879 0.38351440
v 0.25549316 -0.48449707 0.36672974
v 0.21212769 -0.48623657 0.35177612
v 0.32128906 -0.48168945 0.38513184
v 0.28170776 -0.48440552 0.37298584
v 0.22497559 -0.48629761 0.33605957
v 0.18910217 -0.48504639 0.31851196
v 0.27978516 -0.48312378 0.36502075
v 0.27139282 -0.48461914 0.35641479
v 0.31100464 -0.48419189 0.36718750
v 0.31488037 -0.48403931 0.35266113
v 0.29367065 -0.48431396 0.35522461
v 0.24273682 -0.48684692 0.32601929
v 0.27005005 -0.48651123 0.34201050
v 0.28964233 -0.48605347 0.33853149
v 0.25411987 -0.48565674 0.31890869
v 0.21456909 -0.48559570 0.31161499
v 0.18183899 -0.48751831 0.29058838
v 0.18579102 -0.48608398 0.27972412
v 0.20524597 -0.48715210 0.29156494
v 0.18678284 -0.48757935 0.26617432
v 0.23338318 -0.48745728 0.27343750
v 0.21772766 -0.48767090 0.24632263
v 0.16467285 -0.48712158 0.22627258
v 0.17489624 -0.48754883 0.22169495
v 0.15478516 -0.48706055 0.18125916
v 0.25704956 -0.48693848 0.23249817
v 0.22357178 -0.48693848 0.19599915
v 0.25506592 -0.48760986 0.26364136
v 0.30206299 -0.48724365 0.28018188
v 0.25100708 -0.48721313 0.29986572
v 0.25210571 -0.48550415 0.29220581
v 0.28076172 -0.48550415 0.31332397
v 0.28689575 -0.48715210 0.30770874
v 0.33151245 -0.48544312 0.32818604
v 0.31286621 -0.48660278 0.30355835
v 0.33169556 -0.48461914 0.35406494
v 0.33401489 -0.48553467 0.28820801
v 0.37863159 -0.48422241 0.32272339
v 0.39956665 -0.48007202 0.38208008
v 0.34988403 -0.48580933 0.28442383
v 0.30471802 -0.48727417 0.24156189
v 0.38735962 -0.48315430 0.27212524
v 0.36791992 -0.48474121 0.24067688
v 0.39559937 -0.48248291 0.30764771
v 0.40673828 -0.48074341 0.32806396
v 0.41796875 -0.47882080 0.27038574
v 0.41790771 -0.47747803 0.35638428
v 0.41592407 -0.47924805 0.20608521
v 0.44815063 -0.47195435 0.23747253
v 0.43826294 -0.47268677 0.28274536
v 0.41760254 -0.47659302 0.38583374
v 0.40985107 -0.47186279 0.40509033
v 0.41247559 -0.45773315 0.42648315
v 0.42431641 -0.46734619 0.40463257
v 0.41979980 -0.44915771 0.42877197
v 0.42785645 -0.42053223 0.43499756
v 0.41998291 -0.37997437 0.44601440
v 0.44750977 -0.44998169 0.40155029
v 0.45645142 -0.41781616 0.41052246
v 0.43035889 -0.47100830 0.38690186
v 0.45816040 -0.45001221 0.37878418
v 0.43963623 -0.46530151 0.38629150
v 0.46347046 -0.43209839 0.38009644
v 0.44802856 -0.46487427 0.31649780
v 0.44235229 -0.46936035 0.30270386
v 0.44869995 -0.46963501 0.27371216
v 0.46051025 -0.44906616 0.31689453
v 0.46273804 -0.44406128 0.35565186
v 0.46951294 -0.42425537 0.35046387
v 0.47378540 -0.42483521 0.26953125
v 0.47604370 -0.40878296 0.31362915
v 0.45236206 -0.46609497 0.25946045
v 0.48022461 -0.40249634 0.25878906
v 0.46060181 -0.45153809 0.25457764
v 0.45809937 -0.46032715 0.19485474
v 0.46911621 -0.44097900 0.19767761
v 0.47433472 -0.43176270 0.16792297
v 0.44799805 -0.47265625 0.22203064
v 0.46350098 -0.45635986 0.14073181
v 0.45187378 -0.47058105 0.15916443
v 0.44323730 -0.47525024 0.15237427
v 0.45840454 -0.46966553 0.09718323
v 0.46011353 -0.46823120 0.06642914
v 0.46597290 -0.45297241 0.06469727
v 0.47140503 -0.43276978 0.08616638
v 0.45388794 -0.47375488 0.09722137
v 0.45550537 -0.47363281 0.04503250
v 0.44445801 -0.47650146 0.03697968
v 0.44161987 -0.47665405 0.11364746
v 0.42626953 -0.47839355 0.04276276
v 0.39013672 -0.48126221 0.05781937
v 0.40072632 -0.48062134 0.16812134
v 0.39746094 -0.48065186 0.10697174
v 0.37985229 -0.48233032 0.17053223
v 0.34057617 -0.48287964 0.10655212
v 0.33935547 -0.48422241 0.17298889
v 0.29776001 -0.48538208 0.17440796
v 0.29431152 -0.48416138 0.07728577
v 0.32330322 -0.48434448 0.03353882
v 0.22970581 -0.48669434 -0.00049174
v 0.20339966 -0.48672485 0.06743622
v 0.25308228 -0.48526001 0.11831665
v 0.20953369 -0.48654175 0.15209961
v 0.15129089 -0.48706055 0.14756775
v 0.12838745 -0.48745728 0.14239502
v 0.14335632 -0.48852539 0.04895020
v 0.12454224 -0.48989868 -0.02747726
v 0.08679962 -0.48959351 0.08129883
v 0.07933044 -0.49057007 -0.00889492
v 0.08152008 -0.49011230 0.03977203
v -0.20355225 0.44604492 0.44760132
v -0.22175598 0.46218872 0.44100952
v -0.18559265 0.46414185 0.44177246
v -0.16293335 0.46548462 0.44168091
v -0.10812378 0.46524048 0.44000244
v -0.40713501 0.48379517 0.24772644
v -0.41650391 0.48114014 0.27355957
v -0.37463379 0.49075317 0.25891113
v -0.41815186 0.48147583 0.23222351
v -0.40713501 0.48382568 0.24687195
v -0.40368652 0.48458862 0.24424744
v -0.40719604 0.48382568 0.24601746
v -0.44723511 0.47592163 0.23049927
v -0.44854736 0.47598267 0.27313232
v -0.40890503 0.48507690 0.17863464
v -0.46520996 0.45446777 0.26116943
v -0.46188354 0.45727539 0.22975159
v -0.45843506 0.46151733 0.21749878
v -0.46633911 0.44934082 0.19650269
v -0.44866943 0.47555542 0.17840576
v -0.47409058 0.43624878 0.23513794
v -0.46777344 0.44863892 0.30511475
v -0.47384644 0.42672729 0.11591339
v -0.45989990 0.45568848 0.12557983
v -0.44268799 0.47592163 0.14418030
v -0.46481323 0.44195557 0.02178383
v -0.47988892 0.41290283 0.16627502
v -0.48080444 0.41110229 0.23385620
v -0.48812866 0.36563110 0.16975403
v -0.48452759 0.37945557 0.26486206
v -0.48953247 0.33789062 0.21868896
v -0.48529053 0.37622070 0.10391998
v -0.49133301 0.32345581 0.11775970
v -0.49380493 0.26513672 0.15617371
v -0.49029541 0.28515625 0.25308228
v -0.49499512 0.21720886 0.14607239
v -0.49639893 0.21427917 0.06986237
v -0.47836304 0.40768433 0.08914185
v -0.47509766 0.41027832 0.03129196
v -0.47683716 0.39822388 0.02512741
v -0.49032593 0.31747437 0.06375122
v -0.48452759 0.36160278 0.04809189
v -0.47332764 0.40084839 -0.02000809
v -0.48605347 0.32635498 0.01092720
v -0.49426270 0.21571350 0.00349140
v -0.46450806 0.43560791 -0.02827072
v -0.48037720 0.34280396 -0.03769302
v -0.48840332 0.26046753 -0.02954483
v -0.47817993 0.34704590 -0.08920288
v -0.48336792 0.29553223 -0.07322693
v -0.48812866 0.23295593 -0.06141663
v -0.49346924 0.17059326 -0.03039551
v -0.48608398 0.23439026 -0.13021851
v -0.49221802 0.12328339 -0.07955170
v -0.49667358 0.09204865 -0.03293991
v -0.49761963 0.12362671 0.01068306
v -0.49841309 0.05363464 -0.01925468
v -0.49725342 0.16734314 0.06711578
v -0.49792480 0.06901550 0.05474091
v -0.49600220 0.12576294 0.09853363
v -0.49462891 0.16304016 0.13078308
v -0.48986816 0.15802002 0.20909119
v -0.49267578 0.13037109 0.13903809
v -0.49288940 0.09714508 0.12242889
v -0.48876953 0.10140228 0.17173767
v -0.49459839 0.00112772 0.10466003
v -0.49667358 -0.01275158 0.08312225
v -0.49899292 -0.05372620 0.03290176
v -0.49655151 -0.13475037 0.07914734
v -0.50000000 -0.07087708 -0.02327538
v -0.49945068 -0.03203583 -0.05223083
v -0.49859619 -0.06610107 -0.13061523
v -0.49667358 0.01638985 -0.11038208
v -0.49230957 0.09306335 -0.12580872
v -0.48910522 0.16154480 -0.12638855
v -0.48977661 0.14062500 -0.17205811
v -0.49670410 0.00526810 -0.20245361
v -0.49774170 -0.04973984 -0.19691467
v -0.49649048 -0.10260010 -0.20944214
v -0.49795532 -0.03557587 -0.28302002
v -0.49533081 0.04222870 -0.21525574
v -0.48797607 0.18948364 -0.22912598
v -0.49008179 0.14491272 -0.21011353
v -0.48925781 0.16459656 -0.22467041
v -0.48562622 0.25006104 -0.22238159
v -0.48406982 0.26986694 -0.15522766
v -0.48236084 0.29760742 -0.12583923
v -0.48242188 0.31057739 -0.23388672
v -0.47842407 0.34692383 -0.19322205
v -0.47503662 0.36984253 -0.09474945
v -0.47286987 0.38421631 -0.19528198
v -0.47085571 0.40173340 -0.05541992
v -0.46890259 0.40335083 -0.13996887
v -0.46450806 0.42047119 -0.16082764
v -0.46606445 0.41836548 -0.09849548
v -0.45779419 0.44296265 -0.14820862
v -0.46203613 0.43646240 -0.07521057
v -0.45501709 0.46154785 -0.05158615
v -0.44967651 0.46737671 -0.11101532
v -0.44796753 0.46716309 -0.17070007
v -0.45266724 0.46847534 -0.05136490
v -0.44308472 0.47558594 -0.09380341
v -0.44500732 0.46917725 -0.20652771
v -0.44906616 0.47268677 -0.06206512
v -0.45214844 0.47171021 -0.01731300
v -0.42962646 0.47760010 -0.08885956
v -0.43032837 0.47604370 -0.19749451
v -0.44885254 0.47018433 0.03908539
v -0.45278931 0.46710205 0.08869171
v -0.44030762 0.47564697 0.00403786
v -0.44165039 0.47824097 0.09088135
v -0.44479370 0.47528076 0.10990143
v -0.43280029 0.47955322 0.13407898
v -0.39523315 0.48986816 0.14028931
v -0.41955566 0.48510742 0.03282928
v -0.37924194 0.49118042 0.17929077
v -0.41229248 0.48776245 0.08278656
v -0.37051392 0.48992920 0.08938599
v -0.32629395 0.49240112 0.18904114
v -0.30810547 0.49191284 0.30334473
v -0.25994873 0.49157715 0.27255249
v -0.36483765 0.48596191 0.00231266
v -0.39401245 0.48010254 -0.03580475
v -0.28826904 0.49160767 0.16331482
v -0.32336426 0.49063110 0.08169556
v -0.22370911 0.49017334 0.20523071
v -0.25085449 0.49023438 0.08390808
v -0.28854370 0.48672485 -0.01290894
v -0.34014893 0.48379517 -0.04036713
v -0.35525513 0.48178101 -0.10211182
v -0.36065674 0.48306274 -0.21578979
v -0.23866272 0.48632812 -0.04947281
v -0.28805542 0.48345947 -0.12471771
v -0.22056580 0.48855591 0.02356911
v -0.16722107 0.48794556 -0.03985977
v -0.17042542 0.48876953 0.10539246
v -0.09761810 0.48876953 -0.02653503
v -0.09269714 0.48846436 0.07872772
v -0.03701782 0.48922729 0.04079819
v -0.11911774 0.48773193 0.14804077
v -0.06794739 0.48800659 0.13146973
v -0.06829071 0.48580933 0.17051697
v -0.06838226 0.48693848 0.18289185
v -0.10309601 0.48635864 0.17587280
v -0.07180786 0.48498535 0.19377136
v -0.13438416 0.48767090 0.16410828
v -0.10331726 0.48477173 0.19601440
v -0.05879211 0.48587036 0.22515869
v -0.11842346 0.48721313 0.19937134
v -0.16850281 0.48849487 0.19175720
v -0.12167358 0.48568726 0.21365356
v -0.07626343 0.48580933 0.25256348
v -0.12166595 0.48748779 0.22781372
v -0.14868164 0.48736572 0.22529602
v -0.15199280 0.48806763 0.27209473
v -0.12872314 0.48654175 0.23936462
v 0.45968628 0.43981934 0.26339722
v 0.47122192 0.39331055 0.26119995
v 0.45983887 0.43423462 0.16235352
v 0.44641113 0.47070312 0.17353821
v 0.44558716 0.47332764 0.28167725
v 0.43612671 0.48260498 0.24406433
v 0.44696045 0.47158813 0.12381744
v 0.47079468 0.39291382 0.16329956
v 0.46151733 0.43411255 0.08665466
v 0.47778320 0.34515381 0.13627625
v 0.47882080 0.34436035 0.26998901
v 0.48294067 0.29833984 0.23428345
v 0.47122192 0.39379883 0.07243347
v 0.48220825 0.29522705 0.14845276
v 0.47824097 0.35189819 0.05216599
v 0.48699951 0.19082642 0.19734192
v 0.48828125 0.17735291 0.22161865
v 0.48297119 0.29690552 0.06340027
v 0.49301147 0.08796692 0.22412109
v 0.48999023 0.13665771 0.23645020
v 0.49227905 0.08924103 0.21087646
v 0.49218750 0.08231354 0.19653320
v 0.48590088 0.22338867 0.13446045
v 0.48980713 0.12982178 0.18350220
v 0.49349976 0.06735992 0.18467712
v 0.48690796 0.18969727 0.17199707
v 0.49081421 0.11218262 0.16470337
v 0.49404907 0.07029724 0.09523010
v 0.48834229 0.22105408 0.06199265
v 0.49783325 0.06803894 0.03215408
v 0.49542236 0.20367432 -0.01049519
v 0.49740601 0.18638611 -0.07704926
v 0.49975586 -0.00170207 -0.00093126
v 0.49203491 0.28955078 -0.05957413
v 0.49426270 0.26559448 -0.08510590
v 0.49539185 0.22398376 -0.14210510
v 0.49295044 0.29391479 -0.14683533
v 0.48681641 0.34558105 -0.05606842
v 0.48870850 0.34881592 -0.10478210
v 0.47778320 0.39215088 -0.02250290
v 0.48074341 0.39395142 -0.08615875
v 0.48873901 0.35528564 -0.17593384
v 0.49118042 0.29074097 -0.21978760
v 0.49148560 0.24443054 -0.22776794
v 0.48294067 0.39843750 -0.18876648
v 0.49349976 0.20396423 -0.18190002
v 0.49139404 0.13856506 -0.15773010
v 0.48641968 0.15945435 -0.25717163
v 0.48406982 0.04346466 -0.19628906
v 0.49145508 0.10192108 -0.13723755
v 0.49328613 0.10919189 -0.12395477
v 0.48760986 0.03379440 -0.14727783
v 0.49661255 0.16459656 -0.09886932
v 0.49517822 0.01010036 -0.09963989
v 0.49758911 0.04752731 -0.07099152
v 0.46658325 0.43420410 -0.00796318
v 0.45993042 0.44628906 0.03496933
v 0.44985962 0.47109985 0.05392456
v 0.45794678 0.46063232 -0.05504227
v 0.47088623 0.43780518 -0.11190796
v 0.47607422 0.42135620 -0.14164734
v 0.47146606 0.44110107 -0.16757202
v 0.47299194 0.43820190 -0.22799683
v 0.45507812 0.46890259 -0.14732361
v 0.45532227 0.46875000 -0.09302521
v 0.45120239 0.47183228 -0.03300858
v 0.45013428 0.47293091 -0.06193542
v 0.44970703 0.47277832 -0.22846985
v 0.44287109 0.47180176 -0.15596008
v 0.44351196 0.47143555 -0.11581421
v 0.42672729 0.48229980 -0.07884216
v 0.42422485 0.48611450 -0.18263245
v 0.43728638 0.47457886 -0.04288864
v 0.44552612 0.47640991 0.00597858
v 0.44631958 0.47640991 0.03652191
v 0.42559814 0.48095703 0.03775787
v 0.42138672 0.48248291 -0.01740456
v 0.41925049 0.48519897 -0.09224701
v 0.41357422 0.48843384 -0.17398071
v 0.37792969 0.49057007 -0.18136597
v 0.40136719 0.48455811 -0.03913879
v 0.32534790 0.48962402 -0.12924194
v 0.29272461 0.48583984 -0.05550766
v 0.37420654 0.48272705 0.01494884
v 0.40795898 0.48229980 0.03342438
v 0.42773438 0.48260498 0.08042145
v 0.22956848 0.48556519 -0.02783585
v 0.20837402 0.48718262 -0.12603760
v 0.18663025 0.48632812 -0.03606796
v 0.27294922 0.48425293 0.04880905
v 0.34732056 0.48312378 0.05716705
v 0.39990234 0.48501587 0.11654663
v 0.29763794 0.48526001 0.12625122
v 0.19734192 0.48596191 0.06256866
v 0.14910889 0.48794556 0.06344604
v 0.11766052 0.48785400 -0.08875275
v 0.26806641 0.48535156 0.12021637
v 0.20536804 0.48614502 0.14729309
v 0.11625671 0.48941040 0.06822205
v 0.30047607 0.48876953 0.21711731
v 0.04155350 0.49008179 0.01462650
v 0.06513977 0.48983765 0.08454895
v -0.03701782 0.48922729 0.04079819
v 0.37008667 0.48843384 0.18092346
v 0.42416382 0.48724365 0.20649719
v 0.37652588 0.49023438 0.23834229
v 0.42446899 0.48434448 0.13778687
v 0.43582153 0.48037720 0.11293793
v 0.43582153 0.48040771 0.11165619
v 0.44000244 0.47842407 0.11124420
v 0.44607544 0.47439575 0.08427429
v 0.49612427 0.03185654 0.23870850
v 0.49301147 0.08796692 0.22412109
v 0.48999023 0.13665771 0.23645020
v 0.47897339 -0.40707397 0.17800903
v 0.48223877 -0.38739014 0.24427795
v 0.47509766 -0.40414429 0.09938049
v 0.47781372 -0.35592651 0.10408020
v 0.47128296 -0.41870117 0.02836037
v 0.48104858 -0.32440186 0.07550812
v 0.49783325 0.06803894 0.03215408
v 0.49731445 -0.01660538 0.17062378
v 0.49975586 -0.00170207 -0.00093126
v 0.48104858 -0.32440186 0.07550812
v 0.49023438 -0.26416016 0.05156708
v 0.48803711 -0.27099609 0.07999420
v 0.49160767 -0.23504639 0.09146118
v 0.49551392 -0.22663879 0.01834869
v 0.48834229 -0.30838013 -0.00683737
v 0.48352051 -0.33599854 0.00637674
v 0.47128296 -0.41870117 0.02836037
v 0.48147583 -0.36520386 -0.01325035
v 0.49334717 -0.26586914 -0.03297424
v 0.49847412 -0.16574097 0.00552464
v 0.49923706 -0.12913513 0.07159424
v 0.48916626 -0.31484985 -0.06013489
v 0.49078369 -0.29861450 -0.09261322
v 0.49383545 -0.25671387 -0.09236908
v 0.50000000 -0.10044861 -0.00908375
v 0.49975586 -0.00170207 -0.00093126
v 0.49942017 -0.05935287 0.09600830
v 0.49758911 0.04752731 -0.07099152
v 0.49740601 0.18638611 -0.07704926
v 0.49560547 -0.11197662 -0.09873199
v 0.49517822 0.01010036 -0.09963989
v 0.49661255 0.16459656 -0.09886932
v 0.49459839 -0.19949341 -0.10894775
v 0.48843384 -0.25192261 -0.13864136
v 0.48999023 -0.14591980 -0.15567017
v 0.48959351 -0.02066994 -0.13298035
v 0.49328613 0.10919189 -0.12395477
v 0.48760986 0.03379440 -0.14727783
v 0.48284912 -0.04083633 -0.20469666
v 0.48406982 0.04346466 -0.19628906
v 0.49145508 0.10192108 -0.13723755
v 0.48748779 -0.14450073 -0.18559265
v 0.48583984 -0.14027405 -0.23025513
v 0.48129272 -0.06770325 -0.26657104
v 0.47891235 -0.11239624 -0.28134155
v 0.48321533 -0.18804932 -0.24960327
v 0.48446655 -0.24238586 -0.22596741
v 0.48236084 -0.22721863 -0.31198120
v 0.47796631 -0.14872742 -0.33178711
v 0.48129272 -0.31274414 -0.29925537
v 0.47717285 -0.32934570 -0.39886475
v 0.48287964 -0.31515503 -0.13925171
v 0.48248291 -0.30468750 -0.20018005
v 0.47631836 -0.37112427 -0.39498901
v 0.47790527 -0.35961914 -0.13769531
v 0.47943115 -0.34457397 -0.21525574
v 0.47814941 -0.36468506 -0.10686493
v 0.47848511 -0.35787964 -0.27740479
v 0.47708130 -0.36859131 -0.17245483
v 0.46899414 -0.42193604 -0.11958313
v 0.47064209 -0.41519165 -0.22819519
v 0.47564697 -0.38995361 -0.35122681
v 0.47164917 -0.42120361 -0.37832642
v 0.47341919 -0.38900757 -0.41372681
v 0.46673584 -0.42150879 -0.42120361
v 0.46920776 -0.43545532 -0.32299805
v 0.46743774 -0.44174194 -0.36785889
v 0.46014404 -0.43972778 -0.42346191
v 0.46041870 -0.42965698 -0.43200684
v 0.46524048 -0.44314575 -0.21482849
v 0.46472168 -0.44528198 -0.14910889
v 0.46160889 -0.45028687 -0.29190063
v 0.45983887 -0.45285034 -0.21516418
v 0.45547485 -0.45840454 -0.28170776
v 0.45465088 -0.45590210 -0.40173340
v 0.45065308 -0.47021484 -0.35284424
v 0.44653320 -0.46456909 -0.41067505
v 0.43746948 -0.46194458 -0.43472290
v 0.42034912 -0.48202515 -0.41806030
v 0.43017578 -0.48046875 -0.37338257
v 0.45117188 -0.46817017 -0.29748535
v 0.41433716 -0.48495483 -0.36611938
v 0.37948608 -0.48571777 -0.41265869
v 0.44412231 -0.47543335 -0.33227539
v 0.43084717 -0.48535156 -0.29895020
v 0.33605957 -0.49142456 -0.33404541
v 0.33593750 -0.48883057 -0.40734863
v 0.28021240 -0.49111938 -0.37500000
v 0.41555786 -0.48645020 -0.33383179
v 0.23928833 -0.49237061 -0.32525635
v 0.43148804 -0.49121094 -0.22283936
v 0.44290161 -0.47595215 -0.25848389
v 0.44934082 -0.47183228 -0.20385742
v 0.40127563 -0.49075317 -0.26464844
v 0.34719849 -0.49273682 -0.26065063
v 0.39572144 -0.49218750 -0.20346069
v 0.31668091 -0.49313354 -0.23020935
v 0.43023682 -0.49191284 -0.21080017
v 0.39260864 -0.49188232 -0.16564941
v 0.43505859 -0.48815918 -0.18884277
v 0.42541504 -0.49084473 -0.13816833
v 0.43572998 -0.48483276 -0.15975952
v 0.44946289 -0.47186279 -0.16723633
v 0.43975830 -0.47796631 -0.10889435
v 0.44717407 -0.46939087 -0.19953918
v 0.39547729 -0.48956299 -0.10593414
v 0.44976807 -0.46371460 -0.21110535
v 0.44610596 -0.47067261 -0.12065125
v 0.45697021 -0.45874023 -0.14604187
v 0.44827271 -0.47366333 -0.11450195
v 0.44876099 -0.47100830 -0.08885956
v 0.45730591 -0.46286011 -0.09447479
v 0.46389771 -0.44561768 -0.08003235
v 0.45034790 -0.47448730 -0.08236694
v 0.46932983 -0.42266846 -0.05863953
v 0.44256592 -0.47711182 -0.06811523
v 0.45480347 -0.47525024 -0.05598068
v 0.43417358 -0.47967529 -0.05608368
v 0.45745850 -0.46643066 -0.07214355
v 0.43908691 -0.47729492 -0.01572800
v 0.46063232 -0.45916748 -0.07112885
v 0.45629883 -0.47488403 -0.02640533
v 0.47424316 -0.39764404 -0.04837036
v 0.47866821 -0.37112427 -0.06549072
v 0.47195435 -0.41308594 -0.00711870
v 0.46337891 -0.46105957 0.00074911
v 0.47140503 -0.43276978 0.08616638
v 0.46597290 -0.45297241 0.06469727
v 0.46047974 -0.47009277 0.01786423
v 0.46011353 -0.46823120 0.06642914
v 0.45550537 -0.47363281 0.04503250
v 0.44445801 -0.47650146 0.03697968
v 0.42626953 -0.47839355 0.04276276
v 0.42773438 -0.48013306 0.00008941
v 0.41525269 -0.48028564 0.03526306
v 0.39013672 -0.48126221 0.05781937
v 0.41885376 -0.48550415 -0.03704453
v 0.41549683 -0.48413086 -0.00537014
v 0.38528442 -0.48278809 0.02917480
v 0.39062500 -0.48748779 -0.05253983
v 0.42214966 -0.48782349 -0.08164978
v 0.34326172 -0.48645020 -0.02577209
v 0.32330322 -0.48434448 0.03353882
v 0.28204346 -0.48629761 -0.00861454
v 0.22970581 -0.48669434 -0.00049174
v 0.33703613 -0.48861694 -0.06723022
v 0.42480469 -0.48956299 -0.12045288
v 0.30502319 -0.49008179 -0.10706329
v 0.31857300 -0.49203491 -0.15092468
v 0.25140381 -0.48873901 -0.09307861
v 0.21240234 -0.48788452 -0.05020142
v 0.12454224 -0.48989868 -0.02747726
v 0.20339966 -0.48672485 0.06743622
v 0.09933472 -0.49063110 -0.08725739
v 0.07933044 -0.49057007 -0.00889492
v 0.19187927 -0.48883057 -0.10702515
v 0.04145813 -0.49020386 -0.11892700
v 0.00498867 -0.49108887 -0.00393677
v 0.09880066 -0.49002075 -0.15965271
v 0.03976440 -0.48846436 -0.21537781
v 0.16203308 -0.48956299 -0.18278503
v 0.21139526 -0.48950195 -0.16433716
v 0.03139114 -0.48828125 -0.25250244
v 0.07619476 -0.48843384 -0.21655273
v 0.08409119 -0.48889160 -0.22462463
v 0.04436111 -0.48709106 -0.25564575
v 0.10414124 -0.48840332 -0.21768188
v 0.07228088 -0.48837280 -0.26553345
v 0.12468719 -0.48962402 -0.19876099
v 0.10976410 -0.48858643 -0.24273682
v 0.13656616 -0.48931885 -0.22592163
v 0.10288239 -0.48864746 -0.27078247
v 0.21354675 -0.49020386 -0.20697021
v 0.18032837 -0.49032593 -0.22891235
v 0.12465668 -0.48934937 -0.27017212
v 0.17028809 -0.48992920 -0.25988770
v 0.12882996 -0.48941040 -0.30670166
v 0.17240906 -0.48904419 -0.26986694
v 0.28939819 -0.49237061 -0.20075989
v 0.21940613 -0.49096680 -0.24308777
v 0.17204285 -0.49032593 -0.28485107
v 0.14378357 -0.48806763 -0.30740356
v 0.23353577 -0.49200439 -0.27658081
v 0.17213440 -0.48965454 -0.30371094
v 0.20208740 -0.49154663 -0.29904175
v 0.20339966 -0.49118042 -0.32412720
v 0.00498867 -0.49108887 -0.00393677
v -0.09162903 -0.49014282 -0.02671242
v -0.03274918 -0.49038696 -0.05724335
v 0.04145813 -0.49020386 -0.11892700
v -0.10632324 -0.48867798 -0.11693573
v -0.15040588 -0.48965454 -0.01000786
v 0.01416492 -0.48892212 -0.15992737
v -0.05454636 -0.48919678 -0.11598206
v 0.03976440 -0.48846436 -0.21537781
v -0.04108429 -0.48794556 -0.18118286
v -0.20349121 -0.48632812 -0.13285828
v -0.26739502 -0.48574829 -0.05348206
v -0.13204956 -0.48675537 -0.21012878
v -0.02653503 -0.48675537 -0.25750732
v -0.00377941 -0.48678589 -0.29208374
v 0.03139114 -0.48828125 -0.25250244
v -0.21377563 -0.48587036 -0.22961426
v -0.26351929 -0.48501587 -0.13090515
v -0.13821411 -0.48620605 -0.28945923
v -0.24165344 -0.48541260 -0.33666992
v -0.30963135 -0.48553467 -0.30105591
v -0.03121948 -0.48492432 -0.33459473
v -0.11535645 -0.48486328 -0.35748291
v -0.28048706 -0.48416138 -0.36160278
v -0.01263332 -0.48471069 -0.34188843
v -0.22016907 -0.48217773 -0.38766479
v -0.32177734 -0.48068237 -0.38931274
v -0.25061035 -0.47744751 -0.40579224
v -0.17306519 -0.47723389 -0.41656494
v -0.26974487 -0.47177124 -0.41925049
v -0.17436218 -0.47985840 -0.40438843
v -0.13792419 -0.48168945 -0.39459229
v -0.09034729 -0.48065186 -0.40447998
v -0.05498505 -0.48126221 -0.39154053
v -0.06767273 -0.47534180 -0.42489624
v -0.02557755 -0.48391724 -0.36718750
v -0.03537369 -0.48144531 -0.40905762
v -0.13792419 -0.47064209 -0.43548584
v -0.21572876 -0.47030640 -0.43222046
v -0.26809692 -0.46755981 -0.43301392
v -0.30160522 -0.46499634 -0.43304443
v -0.24893188 -0.46102905 -0.43661499
v -0.29086304 -0.42355347 -0.45074463
v -0.18743896 -0.43786621 -0.44735718
v -0.21316528 -0.41152954 -0.45568848
v -0.26370239 -0.40539551 -0.45648193
v -0.15823364 -0.43374634 -0.44970703
v -0.22200012 -0.37854004 -0.46182251
v -0.28265381 -0.36749268 -0.46261597
v -0.16033936 -0.39392090 -0.45935059
v -0.18414307 -0.34420776 -0.46612549
v -0.13725281 -0.41439819 -0.45520020
v -0.14268494 -0.45758057 -0.44128418
v -0.13478088 -0.44552612 -0.44537354
v -0.06313324 -0.46231079 -0.44006348
v -0.07353210 -0.43157959 -0.45031738
v -0.02074623 -0.47225952 -0.43521118
v 0.01419163 -0.44299316 -0.44879150
v -0.07752991 -0.39065552 -0.45901489
v -0.04555893 -0.41683960 -0.45416260
v 0.02100372 -0.45999146 -0.44125366
v -0.02585793 -0.41049194 -0.45367432
v 0.06592560 -0.44879150 -0.44772339
v 0.09800720 -0.46759033 -0.43218994
v 0.03988647 -0.46905518 -0.43579102
v 0.07852173 -0.47354126 -0.43386841
v 0.02850533 -0.47811890 -0.41973877
v 0.01564980 -0.42819214 -0.45025635
v 0.00932598 -0.40994263 -0.45562744
v 0.00369334 -0.41479492 -0.45407104
v 0.02674675 -0.48318481 -0.40563965
v 0.10110474 -0.48397827 -0.40774536
v 0.08300781 -0.41030884 -0.45620728
v 0.04908752 -0.39495850 -0.45608521
v 0.03105354 -0.48376465 -0.37341309
v 0.09759521 -0.48471069 -0.39566040
v 0.03871155 -0.48388672 -0.38848877
v 0.06414032 -0.48379517 -0.36914062
v 0.06925964 -0.48483276 -0.38143921
v 0.06765747 -0.48648071 -0.35137939
v 0.04203415 -0.48410034 -0.35824585
v 0.04087448 -0.48629761 -0.34832764
v 0.00407982 -0.48376465 -0.36499023
v 0.03880310 -0.48471069 -0.33837891
v 0.06941986 -0.48718262 -0.32003784
v 0.03379440 -0.48645020 -0.32916260
v 0.04571533 -0.48690796 -0.30944824
v 0.00941181 -0.48410034 -0.33148193
v 0.03246307 -0.48675537 -0.29678345
v 0.00781059 -0.48675537 -0.31668091
v 0.02649689 -0.48776245 -0.28909302
v 0.04906845 -0.48675537 -0.27963257
v 0.04436111 -0.48709106 -0.25564575
v 0.01090527 -0.48587036 -0.29071045
v 0.04155350 0.49008179 0.01462650
v -0.09761810 0.48876953 -0.02653503
v -0.03701782 0.48922729 0.04079819
v -0.00253272 0.48886108 -0.10342407
v 0.11766052 0.48785400 -0.08875275
v -0.01661110 0.48733521 -0.18635559
v -0.05594254 0.48553467 -0.22137451
v 0.02306938 0.48779297 -0.17036438
v -0.00015408 0.48590088 -0.19891357
v 0.07963562 0.48837280 -0.15788269
v 0.00700474 0.48681641 -0.20916748
v -0.05054855 0.48516846 -0.25375366
v 0.04845428 0.48767090 -0.18460083
v -0.00599051 0.48504639 -0.23762512
v -0.04043579 0.48519897 -0.27032471
v 0.00013801 0.48550415 -0.24652100
v -0.01430988 0.48611450 -0.26834106
v 0.05504608 0.48675537 -0.19978333
v 0.03548050 0.48690796 -0.23507690
v 0.01700020 0.48498535 -0.28060913
v 0.09312439 0.48770142 -0.19343567
v 0.03399277 0.48498535 -0.25524902
v 0.03123474 0.48605347 -0.27816772
v -0.00815964 0.48474121 -0.31161499
v 0.07303619 0.48718262 -0.22683716
v 0.00895023 0.48458862 -0.32238770
v 0.12915039 0.48867798 -0.17160034
v 0.09344482 0.48779297 -0.22659302
v 0.06393433 0.48550415 -0.24583435
v 0.03615189 0.48403931 -0.29016113
v 0.05510330 0.48611450 -0.26879883
v 0.03485870 0.48535156 -0.30859375
v 0.00779200 0.48455811 -0.34478760
v 0.03091431 0.48431396 -0.32431030
v 0.05583572 0.48504639 -0.32046509
v 0.06751251 0.48605347 -0.27896118
v 0.02883148 0.48422241 -0.35519409
v 0.08593750 0.48629761 -0.25109863
v 0.08427429 0.48706055 -0.26812744
v 0.13490295 0.48855591 -0.20971680
v 0.08055115 0.48468018 -0.29748535
v 0.07574463 0.48577881 -0.31945801
v 0.12918091 0.48724365 -0.23748779
v 0.11988068 0.48806763 -0.26602173
v 0.06961060 0.48394775 -0.33782959
v 0.04625702 0.48251343 -0.38195801
v 0.08602142 0.48580933 -0.33749390
v 0.12220001 0.48730469 -0.29486084
v 0.14186096 0.48712158 -0.26464844
v 0.15515137 0.48876953 -0.22779846
v 0.17163086 0.48895264 -0.26611328
v 0.13073730 0.48690796 -0.30828857
v 0.22035217 0.48892212 -0.19737244
v 0.16944885 0.48867798 -0.29153442
v 0.19190979 0.48898315 -0.26745605
v 0.22950745 0.49087524 -0.32034302
v 0.20837402 0.48718262 -0.12603760
v 0.18663025 0.48632812 -0.03606796
v 0.31671143 0.49108887 -0.17330933
v 0.29272461 0.48583984 -0.05550766
v 0.32534790 0.48962402 -0.12924194
v 0.32876587 0.49179077 -0.23149109
v 0.32400513 0.49127197 -0.28573608
v 0.20120239 0.48950195 -0.33364868
v 0.21789551 0.48739624 -0.37951660
v 0.30984497 0.49041748 -0.37164307
v 0.26126099 0.48617554 -0.40786743
v 0.23849487 0.48373413 -0.41104126
v 0.19491577 0.48348999 -0.40887451
v 0.21577454 0.47473145 -0.42947388
v 0.14172363 0.47784424 -0.42834473
v 0.17834473 0.48431396 -0.39447021
v 0.13768005 0.48223877 -0.40853882
v 0.06791687 0.48037720 -0.40603638
v 0.04194641 0.47567749 -0.42892456
v 0.00599432 0.47964478 -0.41403198
v 0.15689087 0.48464966 -0.38339233
v 0.11743927 0.48263550 -0.38934326
v 0.16156006 0.48724365 -0.34155273
v 0.16551208 0.48858643 -0.31564331
v 0.11278534 0.48440552 -0.37142944
v 0.12544250 0.48675537 -0.32943726
v 0.10257721 0.48324585 -0.36447144
v 0.07557678 0.48239136 -0.38088989
v 0.09364319 0.48400879 -0.34536743
v 0.06817627 0.48205566 -0.37203979
v -0.09983826 0.48782349 -0.11443329
v -0.16722107 0.48794556 -0.03985977
v -0.09761810 0.48876953 -0.02653503
v -0.00253272 0.48886108 -0.10342407
v -0.14105225 0.48617554 -0.16172791
v -0.05594254 0.48553467 -0.22137451
v -0.21542358 0.48541260 -0.13587952
v -0.23866272 0.48632812 -0.04947281
v -0.28805542 0.48345947 -0.12471771
v -0.20422363 0.48532104 -0.23780823
v -0.27673340 0.48483276 -0.24218750
v -0.11017609 0.48532104 -0.22294617
v -0.08300781 0.48547363 -0.25250244
v -0.15171814 0.48483276 -0.28359985
v -0.36065674 0.48306274 -0.21578979
v -0.35525513 0.48178101 -0.10211182
v -0.28454590 0.48483276 -0.32608032
v -0.37805176 0.48364258 -0.31423950
v -0.35852051 0.48400879 -0.33401489
v -0.27746582 0.48391724 -0.35397339
v -0.18864441 0.48336792 -0.35644531
v -0.37985229 0.48156738 -0.38220215
v -0.40664673 0.47961426 -0.19929504
v -0.42962646 0.47760010 -0.08885956
v -0.43032837 0.47604370 -0.19749451
v -0.41098022 0.48031616 -0.31631470
v -0.41091919 0.47869873 -0.38623047
v -0.42730713 0.47637939 -0.31594849
v -0.29095459 0.48114014 -0.39117432
v -0.41259766 0.47555542 -0.40185547
v -0.42462158 0.47283936 -0.38534546
v -0.44155884 0.47091675 -0.28109741
v -0.34774780 0.47619629 -0.41299438
v -0.44500732 0.46917725 -0.20652771
v -0.44308472 0.47558594 -0.09380341
v -0.43624878 0.47100830 -0.33642578
v -0.45111084 0.46105957 -0.31533813
v -0.44406128 0.46173096 -0.36163330
v -0.44927979 0.46170044 -0.32946777
v -0.45693970 0.44860840 -0.36474609
v -0.45318604 0.44393921 -0.38455200
v -0.46121216 0.44281006 -0.33850098
v -0.45736694 0.44915771 -0.27377319
v -0.46551514 0.42868042 -0.32717896
v -0.45248413 0.45706177 -0.21212769
v -0.44796753 0.46716309 -0.17070007
v -0.46417236 0.42495728 -0.25073242
v -0.45779419 0.44296265 -0.14820862
v -0.46450806 0.42047119 -0.16082764
v -0.42276001 0.44567871 -0.42770386
v -0.45150757 0.42303467 -0.40963745
v -0.43463135 0.42700195 -0.43103027
v -0.41555786 0.43627930 -0.43936157
v -0.40576172 0.45233154 -0.43627930
v -0.38436890 0.45852661 -0.43786621
v -0.37036133 0.46438599 -0.43374634
v -0.39364624 0.42041016 -0.44543457
v -0.41687012 0.36282349 -0.45132446
v -0.34042358 0.44931030 -0.43948364
v -0.36520386 0.42398071 -0.44656372
v -0.32229614 0.46682739 -0.42929077
v -0.29284668 0.46343994 -0.43356323
v -0.26959229 0.43502808 -0.44882202
v -0.34600830 0.38659668 -0.45660400
v -0.39721680 0.35311890 -0.45593262
v -0.36190796 0.34402466 -0.45944214
v -0.30831909 0.40487671 -0.45532227
v -0.30380249 0.37939453 -0.45831299
v -0.28424072 0.34481812 -0.46066284
v -0.34109497 0.27197266 -0.46176147
v -0.23307800 0.26895142 -0.46292114
v -0.17465210 0.35882568 -0.46011353
v -0.19461060 0.32202148 -0.46197510
v -0.17630005 0.38912964 -0.45724487
v -0.09375763 0.33840942 -0.46212769
v -0.13958740 0.28948975 -0.46383667
v -0.17362976 0.20304871 -0.46514893
v -0.27084351 0.19351196 -0.46307373
v -0.18713379 0.41213989 -0.45376587
v -0.06491089 0.21939087 -0.46862793
v -0.09103394 0.39831543 -0.45559692
v -0.20088196 0.43334961 -0.44958496
v -0.07612610 0.27124023 -0.46618652
v -0.09771729 0.14112854 -0.47033691
v -0.19311523 0.08728027 -0.46810913
v -0.10467529 0.07669067 -0.47180176
v -0.02307510 0.19403076 -0.47119141
v -0.03535843 0.12663269 -0.47332764
v -0.01580620 0.06342316 -0.47515869
v -0.10175323 0.01587105 -0.47274780
v -0.03828430 -0.02367401 -0.47497559
v -0.00039184 -0.02930450 -0.47537231
v 0.01805878 0.26754761 -0.46896362
v 0.04900742 0.19036865 -0.47296143
v 0.10354614 0.26879883 -0.47048950
v 0.10009766 0.19065857 -0.47290039
v -0.03213120 0.33050537 -0.46380615
v 0.08349609 0.32989502 -0.46713257
v -0.01170444 0.36309814 -0.46151733
v 0.05444717 0.12799072 -0.47491455
v 0.11515045 0.12594604 -0.47424316
v 0.07881165 0.07298279 -0.47570801
v 0.11993408 0.04595566 -0.47531128
v 0.08010864 -0.01208305 -0.47515869
v 0.13230896 0.36383057 -0.46578979
v 0.04278564 0.38668823 -0.46014404
v -0.03514862 0.40252686 -0.45547485
v 0.07561493 0.42712402 -0.45434570
v -0.07906342 0.44281006 -0.44647217
v -0.00260162 0.43313599 -0.44998169
v 0.07366180 0.44186401 -0.45034790
v -0.01822281 0.44909668 -0.44470215
v 0.03559875 0.45410156 -0.44247437
v 0.03181458 0.46575928 -0.43331909
v -0.14117432 0.44714355 -0.44519043
v -0.04588699 0.47027588 -0.43487549
v -0.09574127 0.46194458 -0.44003296
v 0.00546789 0.47167969 -0.43572998
v 0.04194641 0.47567749 -0.42892456
v 0.03525543 0.47271729 -0.43435669
v -0.03554535 0.47879028 -0.41461182
v 0.00599432 0.47964478 -0.41403198
v -0.01106262 0.47998047 -0.39212036
v 0.04625702 0.48251343 -0.38195801
v -0.07609558 0.47927856 -0.41537476
v 0.02883148 0.48422241 -0.35519409
v 0.00257635 0.48089600 -0.36550903
v 0.00779200 0.48455811 -0.34478760
v -0.01660919 0.48126221 -0.37683105
v -0.02341080 0.48056030 -0.36380005
v 0.00895023 0.48458862 -0.32238770
v -0.05940628 0.47982788 -0.39111328
v -0.03542709 0.48294067 -0.35894775
v -0.00815964 0.48474121 -0.31161499
v -0.04460144 0.48156738 -0.34783936
v -0.06658173 0.48312378 -0.35522461
v -0.02194214 0.48519897 -0.31015015
v 0.01700020 0.48498535 -0.28060913
v -0.03852463 0.48431396 -0.30862427
v -0.01430988 0.48611450 -0.26834106
v -0.06373596 0.48297119 -0.32934570
v -0.04043579 0.48519897 -0.27032471
v -0.00599051 0.48504639 -0.23762512
v -0.09283447 0.48385620 -0.32940674
v -0.13151550 0.48236084 -0.36422729
v -0.09146881 0.48327637 -0.30804443
v -0.05054855 0.48516846 -0.25375366
v 0.00700474 0.48681641 -0.20916748
v -0.11090851 0.48437500 -0.31286621
v -0.10167694 0.48364258 -0.28527832
v -0.13804626 0.48437500 -0.31732178
v -0.01661110 0.48733521 -0.18635559
v -0.00015408 0.48590088 -0.19891357
v -0.11626434 0.48498535 -0.28472900
v -0.12702942 0.48330688 -0.28051758
v -0.18273926 0.48107910 -0.38616943
v -0.12673950 0.47817993 -0.41952515
v -0.20176697 0.47772217 -0.40921021
v -0.26495361 0.47576904 -0.41256714
v -0.20016479 0.47415161 -0.42694092
v -0.13891602 0.46997070 -0.43441772
v -0.22190857 0.47100830 -0.43154907
v -0.19906616 0.46511841 -0.43713379
v -0.12928772 0.46575928 -0.43844604
v -0.18229675 0.45132446 -0.44400024
v -0.15039062 0.45642090 -0.44204712
v -0.15211487 0.45642090 -0.44204712
v -0.15126038 0.45642090 -0.44204712
v -0.50000000 -0.07087708 -0.02327538
v -0.49859619 -0.06610107 -0.13061523
v -0.49786377 -0.14146423 -0.10923767
v -0.49649048 -0.10260010 -0.20944214
v -0.49407959 -0.16047668 -0.19511414
v -0.49432373 -0.13075256 -0.27307129
v -0.49795532 -0.03557587 -0.28302002
v -0.49322510 -0.19834900 -0.13682556
v -0.49472046 -0.22137451 -0.04980850
v -0.48928833 -0.24462891 -0.12905884
v -0.49096680 -0.24787903 -0.07489777
v -0.48849487 -0.27355957 -0.06945801
v -0.48150635 -0.32232666 -0.10730743
v -0.48797607 -0.23332214 -0.22802734
v -0.48318481 -0.30462646 -0.14849854
v -0.47216797 -0.40762329 -0.05695343
v -0.47708130 -0.39410400 -0.12976074
v -0.47375488 -0.43008423 -0.12256622
v -0.48394775 -0.30606079 -0.20195007
v -0.48059082 -0.40322876 -0.21868896
v -0.48306274 -0.37496948 -0.22070312
v -0.48522949 -0.30447388 -0.26617432
v -0.49176025 -0.16174316 -0.28875732
v -0.48846436 -0.22052002 -0.29165649
v -0.48440552 -0.36416626 -0.29080200
v -0.48443604 -0.28512573 -0.31170654
v -0.48745728 -0.18989563 -0.34216309
v -0.49182129 -0.11160278 -0.34445190
v -0.49514771 -0.04784775 -0.34387207
v -0.48394775 -0.16583252 -0.38775635
v -0.48931885 -0.09293365 -0.38024902
v -0.48229980 -0.28115845 -0.34744263
v -0.48062134 -0.35723877 -0.34323120
v -0.48236084 -0.21458435 -0.37887573
v -0.47293091 -0.29669189 -0.40747070
v -0.47503662 -0.24984741 -0.40960693
v -0.48245239 -0.38507080 -0.29559326
v -0.47341919 -0.36517334 -0.37991333
v -0.47366333 -0.40908813 -0.35354614
v -0.47851562 -0.41171265 -0.26919556
v -0.46185303 -0.36495972 -0.42260742
v -0.47134399 -0.44375610 -0.14128113
v -0.46166992 -0.46185303 -0.04341888
v -0.45797729 -0.47042847 -0.09266663
v -0.46728516 -0.39410400 -0.38977051
v -0.47225952 -0.42248535 -0.32461548
v -0.47149658 -0.43542480 -0.21807861
v -0.46228027 -0.45843506 -0.14089966
v -0.45382690 -0.47177124 -0.12825012
v -0.45501709 -0.47369385 -0.08505249
v -0.43344116 -0.47747803 -0.13766479
v -0.46707153 -0.43704224 -0.31127930
v -0.47058105 -0.43249512 -0.26657104
v -0.46441650 -0.44122314 -0.36544800
v -0.46026611 -0.45162964 -0.26931763
v -0.45764160 -0.45669556 -0.25549316
v -0.45672607 -0.45919800 -0.23379517
v -0.45062256 -0.46887207 -0.24359131
v -0.45083618 -0.46954346 -0.19946289
v -0.43893433 -0.47561646 -0.17803955
v -0.44097900 -0.47390747 -0.23353577
v -0.41027832 -0.48046875 -0.24000549
v -0.40362549 -0.48004150 -0.12111664
v -0.41638184 -0.47958374 -0.02755165
v -0.36932373 -0.48315430 -0.19612122
v -0.36862183 -0.48141479 -0.12042999
v -0.37698364 -0.48138428 -0.06322479
v -0.32473755 -0.48306274 -0.11922455
v -0.26739502 -0.48574829 -0.05348206
v -0.26351929 -0.48501587 -0.13090515
v -0.20349121 -0.48632812 -0.13285828
v -0.29257202 -0.48507690 -0.22155762
v -0.21377563 -0.48587036 -0.22961426
v -0.30963135 -0.48553467 -0.30105591
v -0.36779785 -0.48452759 -0.27789307
v -0.37313843 -0.48367310 -0.35903931
v -0.24165344 -0.48541260 -0.33666992
v -0.28048706 -0.48416138 -0.36160278
v -0.32177734 -0.48068237 -0.38931274
v -0.41296387 -0.48001099 -0.30163574
v -0.40057373 -0.48132324 -0.36953735
v -0.39404297 -0.48049927 -0.38607788
v -0.36605835 -0.47619629 -0.40243530
v -0.25061035 -0.47744751 -0.40579224
v -0.26974487 -0.47177124 -0.41925049
v -0.30160522 -0.46499634 -0.43304443
v -0.42706299 -0.47341919 -0.38510132
v -0.44363403 -0.47015381 -0.29843140
v -0.41168213 -0.47213745 -0.40414429
v -0.39447021 -0.46636963 -0.42138672
v -0.44851685 -0.46438599 -0.34005737
v -0.45507812 -0.45831299 -0.30645752
v -0.41314697 -0.46371460 -0.41824341
v -0.45672607 -0.45422363 -0.36764526
v -0.43548584 -0.46472168 -0.39880371
v -0.43905640 -0.46566772 -0.39010620
v -0.45672607 -0.44766235 -0.38977051
v -0.41171265 -0.45559692 -0.42892456
v -0.43041992 -0.45095825 -0.41860962
v -0.46096802 -0.43750000 -0.38986206
v -0.45190430 -0.43292236 -0.40954590
v -0.45773315 -0.40182495 -0.41598511
v -0.43249512 -0.42333984 -0.43167114
v -0.40725708 -0.44805908 -0.43484497
v -0.44409180 -0.39175415 -0.43176270
v -0.42086792 -0.41635132 -0.44055176
v -0.45260620 -0.34344482 -0.43295288
v -0.37634277 -0.45861816 -0.43338013
v -0.36492920 -0.44598389 -0.43951416
v -0.29086304 -0.42355347 -0.45074463
v -0.38531494 -0.42279053 -0.44641113
v -0.44921875 -0.34503174 -0.43756104
v -0.41256714 -0.40158081 -0.44635010
v -0.33294678 -0.40112305 -0.45523071
v -0.26370239 -0.40539551 -0.45648193
v -0.28265381 -0.36749268 -0.46261597
v -0.38189697 -0.40261841 -0.45150757
v -0.37011719 -0.35708618 -0.45986938
v -0.29553223 -0.34539795 -0.46475220
v -0.42593384 -0.36123657 -0.44671631
v -0.39431763 -0.35778809 -0.45639038
v -0.30957031 -0.29995728 -0.46673584
v -0.23539734 -0.27865601 -0.47006226
v -0.26879883 -0.24679565 -0.46914673
v -0.37026978 -0.29776001 -0.46231079
v -0.39126587 -0.31518555 -0.45941162
v -0.41213989 -0.32269287 -0.45465088
v -0.40713501 -0.23526001 -0.45578003
v -0.35021973 -0.26437378 -0.46395874
v -0.38317871 -0.21726990 -0.45910645
v -0.31497192 -0.19383240 -0.46490479
v -0.22477722 -0.16540527 -0.46945190
v -0.21800232 -0.08678436 -0.46829224
v -0.35485840 -0.16128540 -0.46145630
v -0.30093384 -0.12296295 -0.46453857
v -0.27163696 -0.02939606 -0.46679688
v -0.20152283 -0.02448082 -0.46905518
v -0.32391357 -0.09341431 -0.46411133
v -0.39279175 -0.05603790 -0.46337891
v -0.40505981 -0.17510986 -0.45718384
v -0.42892456 -0.03556824 -0.46148682
v -0.44863892 -0.09303284 -0.45529175
v -0.42837524 -0.17597961 -0.45355225
v -0.44030762 -0.23133850 -0.44772339
v -0.45416260 -0.13748169 -0.44964600
v -0.46408081 -0.09136963 -0.45016479
v -0.46109009 -0.15173340 -0.44494629
v -0.47631836 -0.10570526 -0.42947388
v -0.45645142 -0.20796204 -0.44326782
v -0.44647217 -0.32742310 -0.44116211
v -0.47656250 -0.19430542 -0.41317749
v -0.45532227 -0.24504089 -0.44049072
v -0.45666504 -0.28897095 -0.43511963
v -0.46124268 -0.33792114 -0.42706299
v -0.48211670 -0.13021851 -0.41009521
v -0.48495483 -0.06535339 -0.41152954
v 0.31671143 0.49108887 -0.17330933
v 0.32534790 0.48962402 -0.12924194
v 0.37792969 0.49057007 -0.18136597
v 0.32876587 0.49179077 -0.23149109
v 0.38150024 0.49084473 -0.23571777
v 0.41357422 0.48843384 -0.17398071
v 0.34143066 0.49057007 -0.32443237
v 0.32400513 0.49127197 -0.28573608
v 0.42001343 0.48757935 -0.23832703
v 0.40127563 0.48812866 -0.31936646
v 0.42422485 0.48611450 -0.18263245
v 0.42999268 0.48321533 -0.20048523
v 0.44287109 0.47180176 -0.15596008
v 0.43774414 0.47692871 -0.24133301
v 0.30984497 0.49041748 -0.37164307
v 0.22950745 0.49087524 -0.32034302
v 0.37609863 0.49032593 -0.35684204
v 0.32586670 0.49148560 -0.39407349
v 0.21789551 0.48739624 -0.37951660
v 0.26126099 0.48617554 -0.40786743
v 0.35375977 0.49133301 -0.40078735
v 0.40838623 0.49313354 -0.38806152
v 0.42230225 0.48486328 -0.30923462
v 0.41793823 0.48703003 -0.33963013
v 0.43243408 0.47991943 -0.33648682
v 0.41690063 0.48907471 -0.37353516
v 0.40682983 0.49053955 -0.40380859
v 0.36309814 0.48800659 -0.40518188
v 0.42535400 0.48242188 -0.40057373
v 0.40600586 0.48239136 -0.41650391
v 0.36187744 0.48147583 -0.41412354
v 0.42810059 0.48297119 -0.37957764
v 0.28958130 0.47583008 -0.42764282
v 0.23849487 0.48373413 -0.41104126
v 0.39208984 0.47479248 -0.43380737
v 0.21577454 0.47473145 -0.42947388
v 0.27111816 0.47470093 -0.43685913
v 0.23374939 0.46945190 -0.43478394
v 0.29180908 0.47506714 -0.43560791
v 0.36062622 0.46859741 -0.43865967
v 0.43029785 0.47128296 -0.43051147
v 0.28884888 0.46060181 -0.44018555
v 0.23500061 0.46047974 -0.43862915
v 0.39965820 0.46890259 -0.43988037
v 0.29080200 0.45547485 -0.44598389
v 0.33056641 0.45812988 -0.44461060
v 0.27593994 0.44924927 -0.45410156
v 0.22349548 0.45370483 -0.44717407
v 0.24000549 0.44451904 -0.45556641
v 0.33078003 0.45031738 -0.45370483
v 0.36233521 0.46026611 -0.44372559
v 0.32086182 0.44354248 -0.45727539
v 0.22023010 0.39944458 -0.46334839
v 0.20046997 0.42990112 -0.45745850
v 0.37139893 0.44708252 -0.45553589
v 0.30661011 0.39813232 -0.46356201
v 0.28085327 0.36239624 -0.46688843
v 0.16777039 0.33877563 -0.46820068
v 0.34713745 0.39578247 -0.46286011
v 0.36734009 0.45211792 -0.45230103
v 0.36822510 0.45214844 -0.45230103
v 0.36907959 0.45214844 -0.45233154
v 0.39489746 0.44866943 -0.45483398
v 0.43902588 0.46224976 -0.43542480
v 0.37802124 0.37298584 -0.46264648
v 0.44403076 0.47705078 -0.40872192
v 0.40612793 0.44342041 -0.45291138
v 0.34750366 0.33895874 -0.46597290
v 0.38629150 0.35403442 -0.46124268
v 0.37292480 0.28979492 -0.46441650
v 0.32467651 0.29006958 -0.46731567
v 0.38708496 0.24401855 -0.46163940
v 0.36651611 0.22016907 -0.46496582
v 0.28790283 0.28631592 -0.46832275
v 0.39553833 0.30151367 -0.45812988
v 0.41192627 0.40594482 -0.45169067
v 0.44183350 0.31234741 -0.44537354
v 0.43096924 0.44479370 -0.44189453
v 0.43658447 0.39382935 -0.44351196
v 0.44522095 0.43075562 -0.43258667
v 0.44845581 0.37619019 -0.43774414
v 0.46115112 0.42080688 -0.41677856
v 0.44970703 0.46170044 -0.41857910
v 0.45315552 0.33496094 -0.43627930
v 0.44519043 0.24534607 -0.44650269
v 0.46328735 0.29806519 -0.42617798
v 0.46212769 0.44790649 -0.39376831
v 0.46798706 0.38751221 -0.40737915
v 0.46905518 0.29272461 -0.41549683
v 0.39361572 0.21658325 -0.46112061
v 0.46170044 0.18899536 -0.43395996
v 0.42984009 0.17100525 -0.45669556
v 0.44296265 0.15606689 -0.45285034
v 0.45391846 0.10042572 -0.44561768
v 0.42257690 0.12625122 -0.46017456
v 0.43927002 0.10549164 -0.45617676
v 0.44613647 0.09445190 -0.45239258
v 0.43600464 0.03415680 -0.46002197
v 0.46621704 0.11405182 -0.42846680
v 0.46148682 0.02767944 -0.43862915
v 0.47515869 0.14204407 -0.39727783
v 0.47109985 0.07225800 -0.40847778
v 0.48031616 0.12001801 -0.31549072
v 0.47717285 0.27203369 -0.38238525
v 0.48449707 0.21778870 -0.31756592
v 0.48641968 0.15945435 -0.25717163
v 0.48107910 0.06354523 -0.27212524
v 0.48406982 0.04346466 -0.19628906
v 0.49349976 0.20396423 -0.18190002
v 0.49148560 0.24443054 -0.22776794
v 0.48580933 0.29177856 -0.31124878
v 0.49118042 0.29074097 -0.21978760
v 0.47872925 0.31951904 -0.36331177
v 0.47357178 0.38073730 -0.37875366
v 0.48703003 0.34539795 -0.25384521
v 0.48873901 0.35528564 -0.17593384
v 0.48181152 0.34893799 -0.32180786
v 0.48107910 0.39251709 -0.28033447
v 0.48294067 0.39843750 -0.18876648
v 0.46838379 0.43170166 -0.36581421
v 0.47238159 0.43914795 -0.26205444
v 0.47299194 0.43820190 -0.22799683
v 0.46691895 0.45199585 -0.33410645
v 0.45324707 0.46875000 -0.36981201
v 0.46301270 0.46206665 -0.31481934
v 0.45349121 0.46978760 -0.22598267
v 0.45507812 0.46890259 -0.14732361
v 0.45346069 0.46951294 -0.25564575
v 0.44824219 0.47467041 -0.32693481
v 0.44891357 0.47363281 -0.26623535
v 0.44030762 0.48034668 -0.39129639
v 0.42810059 0.48297119 -0.38128662
v 0.42810059 0.48297119 -0.38043213
v 0.44970703 0.47277832 -0.22846985
v 0.45208740 0.47094727 -0.22979736
v 0.45208740 0.47097778 -0.22894287
v 0.45208740 0.47097778 -0.22808838
v -0.48562622 0.25006104 -0.22238159
v -0.48406982 0.26986694 -0.15522766
v -0.48242188 0.31057739 -0.23388672
v -0.48446655 0.28854370 -0.28518677
v -0.48797607 0.18948364 -0.22912598
v -0.48312378 0.30996704 -0.32736206
v -0.47866821 0.35263062 -0.32769775
v -0.47842407 0.34692383 -0.19322205
v -0.48532104 0.26992798 -0.35217285
v -0.48831177 0.19987488 -0.32623291
v -0.49310303 0.12065887 -0.29461670
v -0.48925781 0.16459656 -0.22467041
v -0.49533081 0.04222870 -0.21525574
v -0.47775269 0.35232544 -0.37039185
v -0.48822021 0.18486023 -0.35974121
v -0.49652100 0.04785156 -0.28921509
v -0.49670410 0.00526810 -0.20245361
v -0.49795532 -0.03557587 -0.28302002
v -0.49563599 0.05504608 -0.34097290
v -0.49658203 0.02060890 -0.33938599
v -0.49514771 -0.04784775 -0.34387207
v -0.49432373 -0.13075256 -0.27307129
v -0.49340820 0.03713226 -0.37835693
v -0.49200439 0.08502197 -0.37872314
v -0.49154663 -0.04219437 -0.38293457
v -0.48931885 -0.09293365 -0.38024902
v -0.49182129 -0.11160278 -0.34445190
v -0.48495483 -0.06535339 -0.41152954
v -0.48999023 0.02693939 -0.40109253
v -0.49191284 0.05250168 -0.38726807
v -0.48849487 0.07386017 -0.40884399
v -0.48452759 0.03595734 -0.42697144
v -0.48443604 0.14393616 -0.41821289
v -0.48550415 0.20072937 -0.38796997
v -0.48315430 0.08866119 -0.43368530
v -0.48086548 0.29574585 -0.38442993
v -0.48117065 0.22419739 -0.40917969
v -0.48101807 0.18560791 -0.42190552
v -0.47714233 0.27447510 -0.41067505
v -0.47827148 0.17826843 -0.42840576
v -0.47674561 0.20285034 -0.42706299
v -0.46627808 0.16290283 -0.44699097
v -0.47280884 0.36022949 -0.39151001
v -0.46810913 0.40814209 -0.38037109
v -0.46182251 0.36914062 -0.41668701
v -0.47085571 0.40646362 -0.36132812
v -0.46298218 0.40176392 -0.39929199
v -0.47274780 0.38864136 -0.28292847
v -0.47286987 0.38421631 -0.19528198
v -0.46417236 0.42495728 -0.25073242
v -0.46450806 0.42047119 -0.16082764
v -0.46551514 0.42868042 -0.32717896
v -0.45736694 0.44915771 -0.27377319
v -0.46569824 0.43057251 -0.36209106
v -0.46121216 0.44281006 -0.33850098
v -0.45693970 0.44860840 -0.36474609
v -0.46191406 0.42922974 -0.38388062
v -0.45318604 0.44393921 -0.38455200
v -0.45150757 0.42303467 -0.40963745
v -0.45089722 0.40615845 -0.42233276
v -0.43463135 0.42700195 -0.43103027
v -0.44735718 0.38415527 -0.43353271
v -0.41555786 0.43627930 -0.43936157
v -0.42602539 0.37341309 -0.44470215
v -0.41687012 0.36282349 -0.45132446
v -0.44976807 0.33380127 -0.43786621
v -0.45651245 0.35177612 -0.42974854
v -0.46710205 0.30252075 -0.42150879
v -0.46347046 0.28381348 -0.43081665
v -0.46261597 0.24604797 -0.43795776
v -0.43069458 0.29464722 -0.44763184
v -0.45333862 0.25387573 -0.44323730
v -0.39721680 0.35311890 -0.45593262
v -0.39364624 0.42041016 -0.44543457
v -0.40206909 0.28146362 -0.45889282
v -0.36190796 0.34402466 -0.45944214
v -0.34109497 0.27197266 -0.46176147
v -0.41821289 0.27218628 -0.45565796
v -0.42791748 0.22026062 -0.45343018
v -0.43835449 0.18235779 -0.45196533
v -0.42202759 0.22184753 -0.45669556
v -0.35794067 0.20454407 -0.46218872
v -0.23307800 0.26895142 -0.46292114
v -0.27084351 0.19351196 -0.46307373
v -0.41912842 0.21852112 -0.45742798
v -0.40374756 0.21313477 -0.45968628
v -0.41912842 0.21766663 -0.45742798
v -0.41921997 0.21681213 -0.45742798
v -0.42065430 0.10610962 -0.46051025
v -0.44155884 0.12556458 -0.45529175
v -0.46807861 0.09056854 -0.45223999
v -0.42736816 0.03977203 -0.46218872
v -0.37219238 0.13232422 -0.46310425
v -0.28863525 0.13021851 -0.46435547
v -0.48187256 0.05047989 -0.43655396
v -0.23030090 0.14216614 -0.46511841
v -0.17362976 0.20304871 -0.46514893
v -0.19311523 0.08728027 -0.46810913
v -0.31314087 0.06007767 -0.46627808
v -0.19760132 0.02786446 -0.46902466
v -0.10467529 0.07669067 -0.47180176
v -0.10175323 0.01587105 -0.47274780
v -0.27163696 -0.02939606 -0.46679688
v -0.20152283 -0.02448082 -0.46905518
v -0.11814117 -0.03323746 -0.47241211
v -0.03828430 -0.02367401 -0.47497559
v -0.35131836 -0.01508808 -0.46591187
v -0.32391357 -0.09341431 -0.46411133
v -0.39279175 -0.05603790 -0.46337891
v -0.39431763 0.02736282 -0.46481323
v -0.42892456 -0.03556824 -0.46148682
v -0.46340942 0.00793457 -0.45523071
v -0.46624756 -0.02510071 -0.45391846
v -0.44863892 -0.09303284 -0.45529175
v -0.46887207 0.01465893 -0.45248413
v -0.46408081 -0.09136963 -0.45016479
v -0.47979736 -0.02902794 -0.43368530
v -0.47631836 -0.10570526 -0.42947388
v -0.47576904 0.00287056 -0.44302368
v -0.48159790 0.02853394 -0.43524170
v -0.48159790 0.02767944 -0.43518066
v -0.48153687 0.02682304 -0.43518066
v 0.47882080 0.00198627 -0.27557373
v 0.48406982 0.04346466 -0.19628906
v 0.48284912 -0.04083633 -0.20469666
v 0.48107910 0.06354523 -0.27212524
v 0.48129272 -0.06770325 -0.26657104
v 0.47344971 0.02468491 -0.31219482
v 0.47775269 -0.04506302 -0.28457642
v 0.47286987 -0.04678345 -0.31079102
v 0.47891235 -0.11239624 -0.28134155
v 0.48031616 0.12001801 -0.31549072
v 0.46975708 0.02508354 -0.36059570
v 0.47109985 0.07225800 -0.40847778
v 0.46841431 -0.01849556 -0.35742188
v 0.47311401 -0.07846069 -0.31964111
v 0.46658325 0.00683212 -0.41967773
v 0.46887207 -0.07656860 -0.39108276
v 0.47796631 -0.14872742 -0.33178711
v 0.48321533 -0.18804932 -0.24960327
v 0.46569824 0.03268814 -0.42825317
v 0.46621704 0.11405182 -0.42846680
v 0.46148682 0.02767944 -0.43862915
v 0.46148682 0.02682304 -0.43859863
v 0.46148682 0.02596664 -0.43862915
v 0.45797729 0.01087761 -0.44467163
v 0.45391846 0.10042572 -0.44561768
v 0.46392822 0.00301838 -0.43344116
v 0.46731567 -0.06731415 -0.43023682
v 0.47232056 -0.15333557 -0.41665649
v 0.47863770 -0.22171021 -0.37561035
v 0.48236084 -0.22721863 -0.31198120
v 0.47717285 -0.32934570 -0.39886475
v 0.47445679 -0.28622437 -0.42092896
v 0.46768188 -0.18232727 -0.43301392
v 0.47341919 -0.38900757 -0.41372681
v 0.47631836 -0.37112427 -0.39498901
v 0.45642090 -0.34149170 -0.44348145
v 0.45498657 -0.26339722 -0.44631958
v 0.43539429 -0.33633423 -0.45184326
v 0.46987915 -0.24888611 -0.42883301
v 0.44424438 -0.24385071 -0.45040894
v 0.45480347 -0.23756409 -0.44635010
v 0.39999390 -0.21524048 -0.46286011
v 0.40136719 -0.29855347 -0.46286011
v 0.38546753 -0.23609924 -0.46463013
v 0.36962891 -0.30755615 -0.46554565
v 0.30633545 -0.24937439 -0.46707153
v 0.39849854 -0.15824890 -0.46444702
v 0.36907959 -0.16615295 -0.46640015
v 0.28689575 -0.21968079 -0.46688843
v 0.29559326 -0.15876770 -0.46722412
v 0.23597717 -0.17857361 -0.46615601
v 0.37081909 -0.07506561 -0.46899414
v 0.29583740 -0.07004547 -0.47015381
v 0.18235779 -0.15357971 -0.46752930
v 0.15901184 -0.11672211 -0.46960449
v 0.30572510 -0.02936745 -0.47119141
v 0.23324585 -0.05037689 -0.47091675
v 0.14213562 -0.07885742 -0.47152710
v 0.07993317 -0.12860107 -0.47125244
v 0.23556519 -0.01204777 -0.47204590
v 0.15629578 -0.01729202 -0.47360229
v 0.03836060 -0.06902313 -0.47433472
v 0.08010864 -0.01208305 -0.47515869
v -0.00039184 -0.02930450 -0.47537231
v 0.11993408 0.04595566 -0.47531128
v 0.28219604 0.00630379 -0.47186279
v 0.24450684 0.04836273 -0.47192383
v 0.18251038 0.04821777 -0.47387695
v 0.32592773 0.02144432 -0.47052002
v 0.29598999 0.06890106 -0.46987915
v 0.37472534 -0.01637077 -0.46902466
v 0.38619995 0.04736328 -0.46691895
v 0.37841797 0.09742737 -0.46591187
v 0.40420532 0.03126907 -0.46572876
v 0.39868164 -0.05834579 -0.46697998
v 0.43600464 0.03415680 -0.46002197
v 0.42257690 0.12625122 -0.46017456
v 0.43505859 -0.05799103 -0.46093750
v 0.42617798 -0.11295319 -0.46130371
v 0.44625854 0.00957680 -0.45529175
v 0.44613647 0.09445190 -0.45239258
v 0.44674683 -0.11571503 -0.45523071
v 0.41271973 -0.20338440 -0.46002197
v 0.44793701 -0.16317749 -0.45257568
v 0.45983887 -0.17637634 -0.44256592
v 0.46112061 -0.08722687 -0.44427490
v 0.45550537 -0.02366829 -0.44802856
v 0.46493530 -0.23205566 -0.43518066
v 0.46490479 -0.23333740 -0.43515015
v 0.46060181 -0.03392029 -0.44299316
v 0.45632935 -0.02110100 -0.44717407
v 0.45635986 -0.02195740 -0.44717407
v 0.45635986 -0.02281380 -0.44720459
v 0.04436111 -0.48709106 -0.25564575
v 0.07619476 -0.48843384 -0.21655273
v 0.03139114 -0.48828125 -0.25250244
v 0.07228088 -0.48837280 -0.26553345
v 0.08409119 -0.48889160 -0.22462463
v 0.04436111 -0.48709106 -0.25564575
v 0.04906845 -0.48675537 -0.27963257
v 0.10288239 -0.48864746 -0.27078247
v 0.10976410 -0.48858643 -0.24273682
v 0.03246307 -0.48675537 -0.29678345
v 0.07743073 -0.48690796 -0.29199219
v 0.12465668 -0.48934937 -0.27017212
v 0.04571533 -0.48690796 -0.30944824
v 0.10269165 -0.48834229 -0.29800415
v 0.06941986 -0.48718262 -0.32003784
v 0.12882996 -0.48941040 -0.30670166
v 0.08483124 -0.48651123 -0.32751465
v 0.04087448 -0.48629761 -0.34832764
v 0.04203415 -0.48410034 -0.35824585
v 0.06765747 -0.48648071 -0.35137939
v 0.10290527 -0.48681641 -0.34069824
v 0.06414032 -0.48379517 -0.36914062
v 0.14378357 -0.48806763 -0.30740356
v 0.17240906 -0.48904419 -0.26986694
v 0.09616089 -0.48669434 -0.35937500
v 0.06925964 -0.48483276 -0.38143921
v 0.14656067 -0.48968506 -0.32144165
v 0.17204285 -0.49032593 -0.28485107
v 0.17213440 -0.48965454 -0.30371094
v 0.10961914 -0.48641968 -0.35388184
v 0.14381409 -0.48724365 -0.33514404
v 0.16647339 -0.49008179 -0.32910156
v 0.20208740 -0.49154663 -0.29904175
v 0.20339966 -0.49118042 -0.32412720
v 0.12010956 -0.48776245 -0.35708618
v 0.14794922 -0.48715210 -0.35342407
v 0.17776489 -0.49023438 -0.34890747
v 0.18557739 -0.48843384 -0.36135864
v 0.12931824 -0.48583984 -0.38214111
v 0.11429596 -0.48641968 -0.36935425
v 0.23928833 -0.49237061 -0.32525635
v 0.16270447 -0.48632812 -0.38058472
v 0.21568298 -0.49090576 -0.35922241
v 0.28021240 -0.49111938 -0.37500000
v 0.17250061 -0.48751831 -0.39068604
v 0.13470459 -0.48681641 -0.39727783
v 0.09759521 -0.48471069 -0.39566040
v 0.20898438 -0.48760986 -0.39471436
v 0.28381348 -0.48962402 -0.40118408
v 0.33593750 -0.48883057 -0.40734863
v 0.18479919 -0.48626709 -0.40637207
v 0.22549438 -0.48635864 -0.40866089
v 0.29974365 -0.48666382 -0.41036987
v 0.29846191 -0.48666382 -0.41036987
v 0.29458618 -0.48043823 -0.42083740
v 0.37948608 -0.48571777 -0.41265869
v 0.10110474 -0.48397827 -0.40774536
v 0.02674675 -0.48318481 -0.40563965
v 0.14897156 -0.47875977 -0.42062378
v 0.02850533 -0.47811890 -0.41973877
v 0.07852173 -0.47354126 -0.43386841
v 0.20965576 -0.48010254 -0.42037964
v 0.17393494 -0.47607422 -0.43173218
v 0.22698975 -0.47222900 -0.43377686
v 0.31918335 -0.47589111 -0.43225098
v 0.15348816 -0.46853638 -0.43423462
v 0.09800720 -0.46759033 -0.43218994
v 0.03988647 -0.46905518 -0.43579102
v 0.13201904 -0.46524048 -0.43429565
v 0.06592560 -0.44879150 -0.44772339
v 0.12837219 -0.45257568 -0.44592285
v 0.21881104 -0.45217896 -0.44732666
v 0.12491608 -0.44345093 -0.45117188
v 0.20918274 -0.43948364 -0.45410156
v 0.11380768 -0.43057251 -0.45394897
v 0.00932598 -0.40994263 -0.45562744
v 0.08300781 -0.41030884 -0.45620728
v 0.11315918 -0.41397095 -0.45425415
v 0.04908752 -0.39495850 -0.45608521
v 0.04565811 -0.37875366 -0.45913696
v 0.06495667 -0.38159180 -0.45669556
v 0.11688995 -0.40045166 -0.45724487
v 0.07330322 -0.37460327 -0.46002197
v 0.17900085 -0.40426636 -0.45864868
v 0.11927795 -0.38488770 -0.45819092
v 0.09354401 -0.37200928 -0.45828247
v 0.02162552 -0.33279419 -0.46154785
v 0.06783295 -0.34567261 -0.46185303
v 0.10437012 -0.36932373 -0.46008301
v 0.15528870 -0.38244629 -0.45904541
v 0.28015137 -0.43084717 -0.45837402
v 0.07218170 -0.33865356 -0.45996094
v 0.05035400 -0.33361816 -0.46206665
v 0.06090164 -0.32141113 -0.46325684
v 0.10543060 -0.35882568 -0.45779419
v 0.09118652 -0.34063721 -0.46240234
v 0.08388519 -0.32501221 -0.46084595
v 0.03351212 -0.29049683 -0.46389771
v 0.08857727 -0.30941772 -0.46289062
v 0.10285187 -0.32748413 -0.46301270
v 0.11830139 -0.35089111 -0.46194458
v 0.11914825 -0.33465576 -0.46032715
v 0.14857483 -0.34295654 -0.46231079
v 0.11821747 -0.31436157 -0.46343994
v 0.05291748 -0.28134155 -0.46325684
v 0.02992439 -0.27947998 -0.46621704
v 0.08823395 -0.29315186 -0.46484375
v 0.04383087 -0.26464844 -0.46621704
v 0.06242371 -0.26477051 -0.46441650
v 0.09893799 -0.28930664 -0.46307373
v 0.07775879 -0.26403809 -0.46551514
v 0.03566742 -0.23721313 -0.46823120
v 0.13264465 -0.30273438 -0.46426392
v 0.06887054 -0.24606323 -0.46551514
v 0.06264496 -0.22874451 -0.46807861
v 0.06282043 -0.20669556 -0.46859741
v 0.10902405 -0.25741577 -0.46569824
v 0.12393188 -0.27655029 -0.46289062
v 0.14596558 -0.28823853 -0.46450806
v 0.08953857 -0.23197937 -0.46456909
v 0.13435364 -0.25985718 -0.46371460
v 0.15039062 -0.30407715 -0.46194458
v 0.13313293 -0.25210571 -0.46560669
v 0.17083740 -0.31475830 -0.46395874
v 0.16357422 -0.29898071 -0.46496582
v 0.16986084 -0.28994751 -0.46356201
v 0.16792297 -0.27487183 -0.46582031
v 0.19497681 -0.30603027 -0.46426392
v 0.19720459 -0.29660034 -0.46575928
v 0.14755249 -0.32379150 -0.46179199
v 0.17822266 -0.32446289 -0.46173096
v 0.20494080 -0.33090210 -0.46337891
v 0.22808838 -0.32531738 -0.46487427
v 0.21176147 -0.34951782 -0.46383667
v 0.18028259 -0.36068726 -0.46096802
v 0.23440552 -0.29003906 -0.46661377
v 0.29251099 -0.33837891 -0.46633911
v 0.21786499 -0.38204956 -0.46154785
v 0.18789673 -0.37783813 -0.46121216
v 0.36236572 -0.36828613 -0.46408081
v 0.36962891 -0.30755615 -0.46554565
v 0.30633545 -0.24937439 -0.46707153
v 0.28689575 -0.21968079 -0.46688843
v 0.40423584 -0.35220337 -0.46319580
v 0.40136719 -0.29855347 -0.46286011
v 0.43539429 -0.33633423 -0.45184326
v 0.19920349 -0.27474976 -0.46640015
v 0.41354370 -0.43350220 -0.45944214
v 0.42758179 -0.40121460 -0.45620728
v 0.20114136 -0.28897095 -0.46453857
v 0.17175293 -0.26550293 -0.46392822
v 0.15646362 -0.24414062 -0.46520996
v 0.16778564 -0.22254944 -0.46551514
v 0.12892151 -0.23364258 -0.46447754
v 0.10062408 -0.22761536 -0.46640015
v 0.09698486 -0.20652771 -0.46682739
v 0.12102509 -0.21124268 -0.46682739
v 0.13359070 -0.18592834 -0.46661377
v 0.10324860 -0.16999817 -0.46862793
v 0.07993317 -0.12860107 -0.47125244
v 0.01143551 -0.14974976 -0.47235107
v 0.15901184 -0.11672211 -0.46960449
v 0.16081238 -0.18815613 -0.46643066
v 0.18235779 -0.15357971 -0.46752930
v 0.20866394 -0.21221924 -0.46557617
v 0.23597717 -0.17857361 -0.46615601
v 0.09458160 -0.48413086 -0.37133789
v 0.03871155 -0.48388672 -0.38848877
v 0.46673584 -0.42150879 -0.42120361
v 0.46234131 -0.40707397 -0.42919922
v 0.47341919 -0.38900757 -0.41372681
v 0.45642090 -0.34149170 -0.44348145
v 0.45062256 -0.40936279 -0.44338989
v 0.46041870 -0.42965698 -0.43200684
v 0.43328857 -0.40792847 -0.45315552
v 0.43325806 -0.40921021 -0.45315552
v 0.42614746 -0.44476318 -0.45501709
v 0.46014404 -0.43972778 -0.42346191
v 0.43746948 -0.46194458 -0.43472290
v 0.35540771 -0.43655396 -0.45910645
v 0.26641846 -0.44247437 -0.45562744
v 0.36282349 -0.45046997 -0.45025635
v 0.40798950 -0.47402954 -0.43676758
v 0.42034912 -0.48202515 -0.41806030
v 0.24517822 -0.46414185 -0.43765259
v 0.31243896 -0.45874023 -0.44342041
v 0.31845093 -0.46835327 -0.43719482
v 0.32540894 -0.46356201 -0.44033813
v 0.32412720 -0.46353149 -0.44030762
v 0.21577454 0.47473145 -0.42947388
v 0.19042969 0.46963501 -0.43441772
v 0.14172363 0.47784424 -0.42834473
v 0.23374939 0.46945190 -0.43478394
v 0.23500061 0.46047974 -0.43862915
v 0.12857056 0.47216797 -0.43515015
v 0.08746338 0.47164917 -0.43542480
v 0.04194641 0.47567749 -0.42892456
v 0.03525543 0.47271729 -0.43435669
v 0.00546789 0.47167969 -0.43572998
v 0.03181458 0.46575928 -0.43331909
v 0.11973572 0.46853638 -0.43005371
v 0.10134888 0.45983887 -0.43560791
v 0.03559875 0.45410156 -0.44247437
v 0.15397644 0.45309448 -0.44586182
v 0.22349548 0.45370483 -0.44717407
v 0.08066559 0.45162964 -0.44519043
v 0.07366180 0.44186401 -0.45034790
v 0.07561493 0.42712402 -0.45434570
v 0.18492126 0.44238281 -0.45434570
v 0.24000549 0.44451904 -0.45556641
v 0.20046997 0.42990112 -0.45745850
v 0.15232849 0.40249634 -0.46160889
v 0.04278564 0.38668823 -0.46014404
v 0.22023010 0.39944458 -0.46334839
v 0.13230896 0.36383057 -0.46578979
v 0.01968002 -0.37188721 -0.45819092
v 0.01362991 -0.38201904 -0.45910645
v 0.04565811 -0.37875366 -0.45913696
v -0.05144501 -0.36178589 -0.46194458
v -0.03979111 -0.34933472 -0.46224976
v 0.01954460 -0.36007690 -0.46105957
v 0.06495667 -0.38159180 -0.45669556
v 0.07330322 -0.37460327 -0.46002197
v 0.01316833 -0.33868408 -0.46258545
v 0.02162552 -0.33279419 -0.46154785
v -0.06114578 -0.32409668 -0.46572876
v -0.12165833 -0.34243774 -0.46563721
v -0.02252960 -0.31851196 -0.46530151
v -0.12216187 -0.30093384 -0.46905518
v -0.06054688 -0.28332520 -0.46887207
v -0.21885681 -0.31689453 -0.46844482
v -0.29553223 -0.34539795 -0.46475220
v -0.23539734 -0.27865601 -0.47006226
v -0.14059448 -0.24179077 -0.47232056
v -0.01766396 -0.27947998 -0.46755981
v -0.20884705 -0.22584534 -0.47137451
v -0.26879883 -0.24679565 -0.46914673
v -0.22477722 -0.16540527 -0.46945190
v -0.14810181 -0.17848206 -0.47283936
v -0.04812241 -0.20141602 -0.47238159
v -0.09134674 -0.14518738 -0.47390747
v -0.14447021 -0.10276031 -0.47180176
v -0.21800232 -0.08678436 -0.46829224
v -0.11814117 -0.03323746 -0.47241211
v -0.20152283 -0.02448082 -0.46905518
v -0.03828430 -0.02367401 -0.47497559
v -0.08501434 -0.09859467 -0.47372437
v -0.00039184 -0.02930450 -0.47537231
v 0.03836060 -0.06902313 -0.47433472
v -0.01587486 -0.12820435 -0.47378540
v 0.07993317 -0.12860107 -0.47125244
v 0.01143551 -0.14974976 -0.47235107
v 0.03566742 -0.23721313 -0.46823120
v 0.06282043 -0.20669556 -0.46859741
v 0.00403070 -0.25094604 -0.46853638
v 0.06242371 -0.26477051 -0.46441650
v 0.04383087 -0.26464844 -0.46621704
v 0.05291748 -0.28134155 -0.46325684
v 0.02992439 -0.27947998 -0.46621704
v 0.02313042 -0.29772949 -0.46560669
v 0.08857727 -0.30941772 -0.46289062
v 0.03351212 -0.29049683 -0.46389771
v 0.06090164 -0.32141113 -0.46325684
v 0.02985954 -0.31536865 -0.46264648
v 0.05035400 -0.33361816 -0.46206665
v 0.00843048 -0.31655884 -0.46423340
v 0.06783295 -0.34567261 -0.46185303
v 0.37902832 0.15759277 -0.46450806
v 0.37841797 0.09742737 -0.46591187
v 0.40420532 0.03126907 -0.46572876
v 0.32031250 0.16119385 -0.46603394
v 0.28030396 0.12693787 -0.46810913
v 0.32592773 0.02144432 -0.47052002
v 0.29598999 0.06890106 -0.46987915
v 0.24450684 0.04836273 -0.47192383
v 0.25976562 0.20039368 -0.46786499
v 0.18145752 0.11149597 -0.47247314
v 0.24850464 0.14405823 -0.46890259
v 0.18251038 0.04821777 -0.47387695
v 0.15629578 -0.01729202 -0.47360229
v 0.11993408 0.04595566 -0.47531128
v 0.11515045 0.12594604 -0.47424316
v 0.16578674 0.17793274 -0.47161865
v 0.10009766 0.19065857 -0.47290039
v 0.19497681 0.21965027 -0.46997070
v 0.15895081 0.24568176 -0.47061157
v 0.10354614 0.26879883 -0.47048950
v 0.19522095 0.30276489 -0.46936035
v 0.08349609 0.32989502 -0.46713257
v -0.01170444 0.36309814 -0.46151733
v 0.13230896 0.36383057 -0.46578979
v 0.16777039 0.33877563 -0.46820068
v 0.22023010 0.39944458 -0.46334839
v 0.01805878 0.26754761 -0.46896362
v 0.10354614 0.26879883 -0.47048950

# 3019 UV coordinates
vt 0.51757812 0.54760742 0.00000000
vt 0.50366211 0.56811523 0.00000000
vt 0.49121094 0.55004883 0.00000000
vt 0.47607422 0.56640625 0.00000000
vt 0.49731445 0.53344727 0.00000000
vt 0.53466797 0.57202148 0.00000000
vt 0.51293945 0.52954102 0.00000000
vt 0.51660156 0.51123047 0.00000000
vt 0.53100586 0.53979492 0.00000000
vt 0.54174805 0.52783203 0.00000000
vt 0.54199219 0.55444336 0.00000000
vt 0.55126953 0.51757812 0.00000000
vt 0.55029297 0.50000000 0.00000000
vt 0.56152344 0.53027344 0.00000000
vt 0.56494141 0.50927734 0.00000000
vt 0.55761719 0.55810547 0.00000000
vt 0.57446289 0.53247070 0.00000000
vt 0.57568359 0.55761719 0.00000000
vt 0.55664062 0.57226562 0.00000000
vt 0.54687500 0.60058594 0.00000000
vt 0.57080078 0.57714844 0.00000000
vt 0.58764648 0.58837891 0.00000000
vt 0.57128906 0.59350586 0.00000000
vt 0.59155273 0.56469727 0.00000000
vt 0.60791016 0.60131836 0.00000000
vt 0.59326172 0.53857422 0.00000000
vt 0.60620117 0.53955078 0.00000000
vt 0.59667969 0.53076172 0.00000000
vt 0.58056641 0.52124023 0.00000000
vt 0.60107422 0.56811523 0.00000000
vt 0.61474609 0.57495117 0.00000000
vt 0.62060547 0.60815430 0.00000000
vt 0.62133789 0.56567383 0.00000000
vt 0.58300781 0.51684570 0.00000000
vt 0.56762695 0.50000000 0.00000000
vt 0.58300781 0.50048828 0.00000000
vt 0.59667969 0.52661133 0.00000000
vt 0.58911133 0.50805664 0.00000000
vt 0.58593750 0.49560547 0.00000000
vt 0.59814453 0.50000000 0.00000000
vt 0.59765625 0.51684570 0.00000000
vt 0.60644531 0.53149414 0.00000000
vt 0.60913086 0.52685547 0.00000000
vt 0.60546875 0.51513672 0.00000000
vt 0.60717773 0.50122070 0.00000000
vt 0.61303711 0.47460938 0.00000000
vt 0.62158203 0.52636719 0.00000000
vt 0.61743164 0.48803711 0.00000000
vt 0.62939453 0.47802734 0.00000000
vt 0.62182617 0.54125977 0.00000000
vt 0.62939453 0.53564453 0.00000000
vt 0.63232422 0.51684570 0.00000000
vt 0.64331055 0.50634766 0.00000000
vt 0.63134766 0.54321289 0.00000000
vt 0.63232422 0.53515625 0.00000000
vt 0.63769531 0.53857422 0.00000000
vt 0.64208984 0.53662109 0.00000000
vt 0.62988281 0.57031250 0.00000000
vt 0.64013672 0.54418945 0.00000000
vt 0.65112305 0.54150391 0.00000000
vt 0.65454102 0.52709961 0.00000000
vt 0.63745117 0.56176758 0.00000000
vt 0.63305664 0.58227539 0.00000000
vt 0.62988281 0.60278320 0.00000000
vt 0.64306641 0.59497070 0.00000000
vt 0.64038086 0.61328125 0.00000000
vt 0.64111328 0.56469727 0.00000000
vt 0.64111328 0.56445312 0.00000000
vt 0.64819336 0.56396484 0.00000000
vt 0.64111328 0.56420898 0.00000000
vt 0.64428711 0.55712891 0.00000000
vt 0.65014648 0.54907227 0.00000000
vt 0.64697266 0.57934570 0.00000000
vt 0.65039062 0.56250000 0.00000000
vt 0.65527344 0.54077148 0.00000000
vt 0.64526367 0.59472656 0.00000000
vt 0.64355469 0.61669922 0.00000000
vt 0.65161133 0.59448242 0.00000000
vt 0.65161133 0.60595703 0.00000000
vt 0.65649414 0.58325195 0.00000000
vt 0.66186523 0.60473633 0.00000000
vt 0.65551758 0.56079102 0.00000000
vt 0.66772461 0.57958984 0.00000000
vt 0.66235352 0.54931641 0.00000000
vt 0.67407227 0.59814453 0.00000000
vt 0.68627930 0.59570312 0.00000000
vt 0.68994141 0.60766602 0.00000000
vt 0.68554688 0.58325195 0.00000000
vt 0.67700195 0.55615234 0.00000000
vt 0.69067383 0.59521484 0.00000000
vt 0.69335938 0.60668945 0.00000000
vt 0.69897461 0.60083008 0.00000000
vt 0.69702148 0.59033203 0.00000000
vt 0.70263672 0.59399414 0.00000000
vt 0.69458008 0.58105469 0.00000000
vt 0.68701172 0.55981445 0.00000000
vt 0.69726562 0.57885742 0.00000000
vt 0.70776367 0.59375000 0.00000000
vt 0.71850586 0.61083984 0.00000000
vt 0.70410156 0.58520508 0.00000000
vt 0.69970703 0.57299805 0.00000000
vt 0.68334961 0.54687500 0.00000000
vt 0.71264648 0.59179688 0.00000000
vt 0.72290039 0.61108398 0.00000000
vt 0.70654297 0.58349609 0.00000000
vt 0.71582031 0.59082031 0.00000000
vt 0.70532227 0.57470703 0.00000000
vt 0.70263672 0.57128906 0.00000000
vt 0.69482422 0.56127930 0.00000000
vt 0.69873047 0.56201172 0.00000000
vt 0.69042969 0.54565430 0.00000000
vt 0.70629883 0.56933594 0.00000000
vt 0.71533203 0.57983398 0.00000000
vt 0.72534180 0.59716797 0.00000000
vt 0.72924805 0.60888672 0.00000000
vt 0.72070312 0.58300781 0.00000000
vt 0.72827148 0.59716797 0.00000000
vt 0.72216797 0.57788086 0.00000000
vt 0.73388672 0.59692383 0.00000000
vt 0.70703125 0.56127930 0.00000000
vt 0.69873047 0.55175781 0.00000000
vt 0.70019531 0.54736328 0.00000000
vt 0.69531250 0.54052734 0.00000000
vt 0.70190430 0.54443359 0.00000000
vt 0.71508789 0.55737305 0.00000000
vt 0.72192383 0.56640625 0.00000000
vt 0.72631836 0.57788086 0.00000000
vt 0.73608398 0.59399414 0.00000000
vt 0.74755859 0.59838867 0.00000000
vt 0.73364258 0.58203125 0.00000000
vt 0.73242188 0.57519531 0.00000000
vt 0.74584961 0.58276367 0.00000000
vt 0.76440430 0.60815430 0.00000000
vt 0.77734375 0.59619141 0.00000000
vt 0.73608398 0.57397461 0.00000000
vt 0.72583008 0.55786133 0.00000000
vt 0.73510742 0.56201172 0.00000000
vt 0.74414062 0.56665039 0.00000000
vt 0.76977539 0.55712891 0.00000000
vt 0.72900391 0.53637695 0.00000000
vt 0.72045898 0.55566406 0.00000000
vt 0.74365234 0.53320312 0.00000000
vt 0.77807617 0.54077148 0.00000000
vt 0.78125000 0.53027344 0.00000000
vt 0.75708008 0.50659180 0.00000000
vt 0.71972656 0.53393555 0.00000000
vt 0.70898438 0.52832031 0.00000000
vt 0.71728516 0.52246094 0.00000000
vt 0.73461914 0.53149414 0.00000000
vt 0.72631836 0.51464844 0.00000000
vt 0.72021484 0.51733398 0.00000000
vt 0.71166992 0.49633789 0.00000000
vt 0.71972656 0.48583984 0.00000000
vt 0.73901367 0.47045898 0.00000000
vt 0.72192383 0.46337891 0.00000000
vt 0.70800781 0.48046875 0.00000000
vt 0.70458984 0.51220703 0.00000000
vt 0.70410156 0.48754883 0.00000000
vt 0.69091797 0.46655273 0.00000000
vt 0.69531250 0.48120117 0.00000000
vt 0.68237305 0.47070312 0.00000000
vt 0.69848633 0.49853516 0.00000000
vt 0.69726562 0.51171875 0.00000000
vt 0.68994141 0.49414062 0.00000000
vt 0.68530273 0.49707031 0.00000000
vt 0.68041992 0.49389648 0.00000000
vt 0.67480469 0.46508789 0.00000000
vt 0.69116211 0.51220703 0.00000000
vt 0.70410156 0.53076172 0.00000000
vt 0.67456055 0.50024414 0.00000000
vt 0.68383789 0.51708984 0.00000000
vt 0.66333008 0.48876953 0.00000000
vt 0.70068359 0.53637695 0.00000000
vt 0.69238281 0.52709961 0.00000000
vt 0.68237305 0.52807617 0.00000000
vt 0.66870117 0.52343750 0.00000000
vt 0.68627930 0.54418945 0.00000000
vt 0.67041016 0.54077148 0.00000000
vt 0.66259766 0.50488281 0.00000000
vt 0.65893555 0.52001953 0.00000000
vt 0.65942383 0.50146484 0.00000000
vt 0.65625000 0.51293945 0.00000000
vt 0.65380859 0.49902344 0.00000000
vt 0.64721680 0.48486328 0.00000000
vt 0.64038086 0.45922852 0.00000000
vt 0.65429688 0.47631836 0.00000000
vt 0.65991211 0.48730469 0.00000000
vt 0.66430664 0.46801758 0.00000000
vt 0.66210938 0.48974609 0.00000000
vt 0.66210938 0.48925781 0.00000000
vt 0.29760742 0.80688477 0.00000000
vt 0.28222656 0.81127930 0.00000000
vt 0.29345703 0.79345703 0.00000000
vt 0.30444336 0.78515625 0.00000000
vt 0.28295898 0.77587891 0.00000000
vt 0.98046875 0.27807617 0.00000000
vt 0.99853516 0.26367188 0.00000000
vt 1.00000000 0.28002930 0.00000000
vt 0.98535156 0.30029297 0.00000000
vt 0.53491211 0.30493164 0.00000000
vt 0.53637695 0.32080078 0.00000000
vt 0.51660156 0.31054688 0.00000000
vt 0.49658203 0.32519531 0.00000000
vt 0.48291016 0.31079102 0.00000000
vt 0.50927734 0.28784180 0.00000000
vt 0.53271484 0.28369141 0.00000000
vt 0.54907227 0.28515625 0.00000000
vt 0.52880859 0.26049805 0.00000000
vt 0.48486328 0.27709961 0.00000000
vt 0.46777344 0.27856445 0.00000000
vt 0.46850586 0.25610352 0.00000000
vt 0.44873047 0.27587891 0.00000000
vt 0.44067383 0.25292969 0.00000000
vt 0.49414062 0.25439453 0.00000000
vt 0.45458984 0.23168945 0.00000000
vt 0.44116211 0.23364258 0.00000000
vt 0.43798828 0.22070312 0.00000000
vt 0.48754883 0.24975586 0.00000000
vt 0.47973633 0.21923828 0.00000000
vt 0.52758789 0.23632812 0.00000000
vt 0.54736328 0.24584961 0.00000000
vt 0.51220703 0.23486328 0.00000000
vt 0.50195312 0.22436523 0.00000000
vt 0.51879883 0.21533203 0.00000000
vt 0.53857422 0.22827148 0.00000000
vt 0.54248047 0.21411133 0.00000000
vt 0.53466797 0.20288086 0.00000000
vt 0.50122070 0.21166992 0.00000000
vt 0.51293945 0.20336914 0.00000000
vt 0.52368164 0.19335938 0.00000000
vt 0.48950195 0.20654297 0.00000000
vt 0.46166992 0.20898438 0.00000000
vt 0.43530273 0.21411133 0.00000000
vt 0.41284180 0.21118164 0.00000000
vt 0.42675781 0.20361328 0.00000000
vt 0.46020508 0.19897461 0.00000000
vt 0.49780273 0.19262695 0.00000000
vt 0.51855469 0.18823242 0.00000000
vt 0.54125977 0.18359375 0.00000000
vt 0.43579102 0.19580078 0.00000000
vt 0.39916992 0.19946289 0.00000000
vt 0.47021484 0.18945312 0.00000000
vt 0.50073242 0.18408203 0.00000000
vt 0.52099609 0.17846680 0.00000000
vt 0.53955078 0.17260742 0.00000000
vt 0.52465820 0.17065430 0.00000000
vt 0.49584961 0.17675781 0.00000000
vt 0.48999023 0.17919922 0.00000000
vt 0.50000000 0.16528320 0.00000000
vt 0.54199219 0.16064453 0.00000000
vt 0.48608398 0.17065430 0.00000000
vt 0.51953125 0.15991211 0.00000000
vt 0.45361328 0.18457031 0.00000000
vt 0.49536133 0.16186523 0.00000000
vt 0.43579102 0.18627930 0.00000000
vt 0.40380859 0.18945312 0.00000000
vt 0.53417969 0.15576172 0.00000000
vt 0.41186523 0.18334961 0.00000000
vt 0.42749023 0.18310547 0.00000000
vt 0.41162109 0.17773438 0.00000000
vt 0.45654297 0.17895508 0.00000000
vt 0.43481445 0.17675781 0.00000000
vt 0.47363281 0.16796875 0.00000000
vt 0.45727539 0.16967773 0.00000000
vt 0.42749023 0.17260742 0.00000000
vt 0.39648438 0.17675781 0.00000000
vt 0.41088867 0.17114258 0.00000000
vt 0.44042969 0.16992188 0.00000000
vt 0.45336914 0.16821289 0.00000000
vt 0.45288086 0.16845703 0.00000000
vt 0.46435547 0.16479492 0.00000000
vt 0.45312500 0.16625977 0.00000000
vt 0.43237305 0.16918945 0.00000000
vt 0.43261719 0.16918945 0.00000000
vt 0.43090820 0.16674805 0.00000000
vt 0.44628906 0.16186523 0.00000000
vt 0.47314453 0.15869141 0.00000000
vt 0.41381836 0.16699219 0.00000000
vt 0.40014648 0.17138672 0.00000000
vt 0.44042969 0.15966797 0.00000000
vt 0.45776367 0.15747070 0.00000000
vt 0.47387695 0.15063477 0.00000000
vt 0.44116211 0.14355469 0.00000000
vt 0.40991211 0.14868164 0.00000000
vt 0.41601562 0.13452148 0.00000000
vt 0.43164062 0.11743164 0.00000000
vt 0.41064453 0.09790039 0.00000000
vt 0.45678711 0.11962891 0.00000000
vt 0.45141602 0.10937500 0.00000000
vt 0.47338867 0.13134766 0.00000000
vt 0.48022461 0.13989258 0.00000000
vt 0.48120117 0.12866211 0.00000000
vt 0.48681641 0.13525391 0.00000000
vt 0.49511719 0.14916992 0.00000000
vt 0.49560547 0.13671875 0.00000000
vt 0.50463867 0.14965820 0.00000000
vt 0.52734375 0.14819336 0.00000000
vt 0.49829102 0.13354492 0.00000000
vt 0.50439453 0.13598633 0.00000000
vt 0.49633789 0.12841797 0.00000000
vt 0.50756836 0.13354492 0.00000000
vt 0.52490234 0.13720703 0.00000000
vt 0.53881836 0.13012695 0.00000000
vt 0.51806641 0.12402344 0.00000000
vt 0.48608398 0.12475586 0.00000000
vt 0.49658203 0.12377930 0.00000000
vt 0.51245117 0.13061523 0.00000000
vt 0.51367188 0.12500000 0.00000000
vt 0.49707031 0.11938477 0.00000000
vt 0.49975586 0.11645508 0.00000000
vt 0.50122070 0.11279297 0.00000000
vt 0.48388672 0.10400391 0.00000000
vt 0.48852539 0.11279297 0.00000000
vt 0.48706055 0.11547852 0.00000000
vt 0.47436523 0.10278320 0.00000000
vt 0.48388672 0.11791992 0.00000000
vt 0.47363281 0.11108398 0.00000000
vt 0.48437500 0.12182617 0.00000000
vt 0.47656250 0.12158203 0.00000000
vt 0.46704102 0.11474609 0.00000000
vt 0.44580078 0.08129883 0.00000000
vt 0.47753906 0.08374023 0.00000000
vt 0.42797852 0.08569336 0.00000000
vt 0.40478516 0.07641602 0.00000000
vt 0.41821289 0.05981445 0.00000000
vt 0.45410156 0.05590820 0.00000000
vt 0.43041992 0.04272461 0.00000000
vt 0.41040039 0.02954102 0.00000000
vt 0.43701172 0.02197266 0.00000000
vt 0.42041016 0.00317383 0.00000000
vt 0.46118164 0.01293945 0.00000000
vt 0.46069336 0.03662109 0.00000000
vt 0.48168945 0.05737305 0.00000000
vt 0.48291016 0.03247070 0.00000000
vt 0.47973633 0.00463867 0.00000000
vt 0.51245117 0.03369141 0.00000000
vt 0.51269531 0.00805664 0.00000000
vt 0.52221680 0.01513672 0.00000000
vt 0.53710938 0.00317383 0.00000000
vt 0.52783203 0.04418945 0.00000000
vt 0.50585938 0.04345703 0.00000000
vt 0.52587891 0.05639648 0.00000000
vt 0.49853516 0.06005859 0.00000000
vt 0.51367188 0.06079102 0.00000000
vt 0.52392578 0.06298828 0.00000000
vt 0.52514648 0.06738281 0.00000000
vt 0.51660156 0.06884766 0.00000000
vt 0.53442383 0.07714844 0.00000000
vt 0.52441406 0.07080078 0.00000000
vt 0.53002930 0.07788086 0.00000000
vt 0.52734375 0.07958984 0.00000000
vt 0.51831055 0.07446289 0.00000000
vt 0.50976562 0.07226562 0.00000000
vt 0.51855469 0.08032227 0.00000000
vt 0.52856445 0.08740234 0.00000000
vt 0.51123047 0.07763672 0.00000000
vt 0.52221680 0.08789062 0.00000000
vt 0.53295898 0.09765625 0.00000000
vt 0.50952148 0.08081055 0.00000000
vt 0.49365234 0.07177734 0.00000000
vt 0.50244141 0.08178711 0.00000000
vt 0.50000000 0.08935547 0.00000000
vt 0.50488281 0.08715820 0.00000000
vt 0.52612305 0.09667969 0.00000000
vt 0.52929688 0.10327148 0.00000000
vt 0.51000977 0.09301758 0.00000000
vt 0.52343750 0.09814453 0.00000000
vt 0.52539062 0.10302734 0.00000000
vt 0.53344727 0.10913086 0.00000000
vt 0.49389648 0.09667969 0.00000000
vt 0.50292969 0.09594727 0.00000000
vt 0.51879883 0.10180664 0.00000000
vt 0.52343750 0.10620117 0.00000000
vt 0.52734375 0.11035156 0.00000000
vt 0.51440430 0.10229492 0.00000000
vt 0.50805664 0.10156250 0.00000000
vt 0.52246094 0.11254883 0.00000000
vt 0.53686523 0.11816406 0.00000000
vt 0.51342773 0.10888672 0.00000000
vt 0.51831055 0.11621094 0.00000000
vt 0.50244141 0.11157227 0.00000000
vt 0.50610352 0.10864258 0.00000000
vt 0.50610352 0.10522461 0.00000000
vt 0.49584961 0.10424805 0.00000000
vt 0.89770508 0.18383789 0.00000000
vt 0.93481445 0.19604492 0.00000000
vt 0.89477539 0.20581055 0.00000000
vt 0.92333984 0.21142578 0.00000000
vt 0.86425781 0.17529297 0.00000000
vt 0.87524414 0.18896484 0.00000000
vt 0.86889648 0.20605469 0.00000000
vt 0.90673828 0.22729492 0.00000000
vt 0.94311523 0.23413086 0.00000000
vt 0.91967773 0.23706055 0.00000000
vt 0.87890625 0.23950195 0.00000000
vt 0.86157227 0.22680664 0.00000000
vt 0.84570312 0.21337891 0.00000000
vt 0.83862305 0.25292969 0.00000000
vt 0.85644531 0.25927734 0.00000000
vt 0.82226562 0.27026367 0.00000000
vt 0.88354492 0.26831055 0.00000000
vt 0.91308594 0.26611328 0.00000000
vt 0.94750977 0.24804688 0.00000000
vt 0.89941406 0.28393555 0.00000000
vt 0.92724609 0.27099609 0.00000000
vt 0.93579102 0.28125000 0.00000000
vt 0.86328125 0.28588867 0.00000000
vt 0.90161133 0.30371094 0.00000000
vt 0.92675781 0.31372070 0.00000000
vt 0.83935547 0.27807617 0.00000000
vt 0.81542969 0.28173828 0.00000000
vt 0.84472656 0.29370117 0.00000000
vt 0.87646484 0.30883789 0.00000000
vt 0.90332031 0.32202148 0.00000000
vt 0.93579102 0.32910156 0.00000000
vt 0.90405273 0.33666992 0.00000000
vt 0.82495117 0.29711914 0.00000000
vt 0.80786133 0.28955078 0.00000000
vt 0.80102539 0.29711914 0.00000000
vt 0.84106445 0.31079102 0.00000000
vt 0.88281250 0.32397461 0.00000000
vt 0.81054688 0.31152344 0.00000000
vt 0.79809570 0.30639648 0.00000000
vt 0.80664062 0.31420898 0.00000000
vt 0.82983398 0.31738281 0.00000000
vt 0.85156250 0.32153320 0.00000000
vt 0.87670898 0.33203125 0.00000000
vt 0.86254883 0.33032227 0.00000000
vt 0.84887695 0.32836914 0.00000000
vt 0.89086914 0.33984375 0.00000000
vt 0.91430664 0.34667969 0.00000000
vt 0.93530273 0.33618164 0.00000000
vt 0.88354492 0.34252930 0.00000000
vt 0.90698242 0.34887695 0.00000000
vt 0.93115234 0.35864258 0.00000000
vt 0.92626953 0.36254883 0.00000000
vt 0.91821289 0.36279297 0.00000000
vt 0.86596680 0.34228516 0.00000000
vt 0.89135742 0.35473633 0.00000000
vt 0.83325195 0.32885742 0.00000000
vt 0.87304688 0.35083008 0.00000000
vt 0.80493164 0.31640625 0.00000000
vt 0.79882812 0.31811523 0.00000000
vt 0.81811523 0.32666016 0.00000000
vt 0.81225586 0.32836914 0.00000000
vt 0.84326172 0.33520508 0.00000000
vt 0.83642578 0.33886719 0.00000000
vt 0.82275391 0.34375000 0.00000000
vt 0.80029297 0.33422852 0.00000000
vt 0.86718750 0.35766602 0.00000000
vt 0.84472656 0.35864258 0.00000000
vt 0.82983398 0.35986328 0.00000000
vt 0.81494141 0.37011719 0.00000000
vt 0.79736328 0.37060547 0.00000000
vt 0.78466797 0.34814453 0.00000000
vt 0.76025391 0.36767578 0.00000000
vt 0.83129883 0.37890625 0.00000000
vt 0.80786133 0.38476562 0.00000000
vt 0.79467773 0.39965820 0.00000000
vt 0.76293945 0.38452148 0.00000000
vt 0.83789062 0.40185547 0.00000000
vt 0.85083008 0.39013672 0.00000000
vt 0.87377930 0.39599609 0.00000000
vt 0.80859375 0.39477539 0.00000000
vt 0.78564453 0.42700195 0.00000000
vt 0.82421875 0.41503906 0.00000000
vt 0.75317383 0.43066406 0.00000000
vt 0.79956055 0.41406250 0.00000000
vt 0.77441406 0.44775391 0.00000000
vt 0.74365234 0.44506836 0.00000000
vt 0.79760742 0.43383789 0.00000000
vt 0.77758789 0.47290039 0.00000000
vt 0.72900391 0.45849609 0.00000000
vt 0.78540039 0.46557617 0.00000000
vt 0.80346680 0.45361328 0.00000000
vt 0.82543945 0.47119141 0.00000000
vt 0.83374023 0.45190430 0.00000000
vt 0.86083984 0.44458008 0.00000000
vt 0.84082031 0.46899414 0.00000000
vt 0.87451172 0.43164062 0.00000000
vt 0.87622070 0.47778320 0.00000000
vt 0.90844727 0.42651367 0.00000000
vt 0.89550781 0.39062500 0.00000000
vt 0.90966797 0.41381836 0.00000000
vt 0.92871094 0.41430664 0.00000000
vt 0.87622070 0.37182617 0.00000000
vt 0.90673828 0.38671875 0.00000000
vt 0.93115234 0.39526367 0.00000000
vt 0.91186523 0.37426758 0.00000000
vt 0.89013672 0.36206055 0.00000000
vt 0.88940430 0.35766602 0.00000000
vt 0.88989258 0.35791016 0.00000000
vt 0.91918945 0.36840820 0.00000000
vt 0.15478516 0.76025391 0.00000000
vt 0.18261719 0.76831055 0.00000000
vt 0.16357422 0.77685547 0.00000000
vt 0.18115234 0.75463867 0.00000000
vt 0.15405273 0.74804688 0.00000000
vt 0.15600586 0.73901367 0.00000000
vt 0.16455078 0.73510742 0.00000000
vt 0.13793945 0.74145508 0.00000000
vt 0.14453125 0.73217773 0.00000000
vt 0.12622070 0.75390625 0.00000000
vt 0.12695312 0.73095703 0.00000000
vt 0.15112305 0.71362305 0.00000000
vt 0.13012695 0.77026367 0.00000000
vt 0.11035156 0.74584961 0.00000000
vt 0.10839844 0.73632812 0.00000000
vt 0.10327148 0.72265625 0.00000000
vt 0.12817383 0.70410156 0.00000000
vt 0.09716797 0.73779297 0.00000000
vt 0.12060547 0.69946289 0.00000000
vt 0.10668945 0.76220703 0.00000000
vt 0.10546875 0.70581055 0.00000000
vt 0.11914062 0.68750000 0.00000000
vt 0.09399414 0.73022461 0.00000000
vt 0.10791016 0.69750977 0.00000000
vt 0.08496094 0.74267578 0.00000000
vt 0.08789062 0.71264648 0.00000000
vt 0.08764648 0.74755859 0.00000000
vt 0.08203125 0.73437500 0.00000000
vt 0.08666992 0.72314453 0.00000000
vt 0.08984375 0.71655273 0.00000000
vt 0.08422852 0.72265625 0.00000000
vt 0.07885742 0.72875977 0.00000000
vt 0.07934570 0.72119141 0.00000000
vt 0.09814453 0.69360352 0.00000000
vt 0.11621094 0.68554688 0.00000000
vt 0.09619141 0.69116211 0.00000000
vt 0.07543945 0.73657227 0.00000000
vt 0.08178711 0.74560547 0.00000000
vt 0.09594727 0.69140625 0.00000000
vt 0.09570312 0.69165039 0.00000000
vt 0.09326172 0.69091797 0.00000000
vt 0.09130859 0.68139648 0.00000000
vt 0.08251953 0.70532227 0.00000000
vt 0.07519531 0.70800781 0.00000000
vt 0.06054688 0.70678711 0.00000000
vt 0.07983398 0.68164062 0.00000000
vt 0.06713867 0.71215820 0.00000000
vt 0.06518555 0.72119141 0.00000000
vt 0.05444336 0.71582031 0.00000000
vt 0.07568359 0.73168945 0.00000000
vt 0.05981445 0.72705078 0.00000000
vt 0.07006836 0.73632812 0.00000000
vt 0.06860352 0.74560547 0.00000000
vt 0.05761719 0.73730469 0.00000000
vt 0.04614258 0.72338867 0.00000000
vt 0.03369141 0.71044922 0.00000000
vt 0.04882812 0.73730469 0.00000000
vt 0.03247070 0.71923828 0.00000000
vt 0.02612305 0.72167969 0.00000000
vt 0.01782227 0.71093750 0.00000000
vt 0.01708984 0.73486328 0.00000000
vt 0.01049805 0.69970703 0.00000000
vt 0.05468750 0.74731445 0.00000000
vt 0.03344727 0.70434570 0.00000000
vt 0.02734375 0.68603516 0.00000000
vt 0.04248047 0.74877930 0.00000000
vt 0.01367188 0.75170898 0.00000000
vt 0.05200195 0.69287109 0.00000000
vt 0.04785156 0.75683594 0.00000000
vt 0.01513672 0.77075195 0.00000000
vt 0.05981445 0.69482422 0.00000000
vt 0.06665039 0.66479492 0.00000000
vt 0.04541016 0.67358398 0.00000000
vt 0.03051758 0.66259766 0.00000000
vt 0.01586914 0.67089844 0.00000000
vt 0.03393555 0.78906250 0.00000000
vt 0.00341797 0.78759766 0.00000000
vt 0.05468750 0.77978516 0.00000000
vt 0.02905273 0.81494141 0.00000000
vt 0.00000000 0.82983398 0.00000000
vt 0.00366211 0.84228516 0.00000000
vt 0.03198242 0.86938477 0.00000000
vt 0.05078125 0.85742188 0.00000000
vt 0.04370117 0.81982422 0.00000000
vt 0.04467773 0.79296875 0.00000000
vt 0.06469727 0.82373047 0.00000000
vt 0.06616211 0.85620117 0.00000000
vt 0.07421875 0.84814453 0.00000000
vt 0.07812500 0.86206055 0.00000000
vt 0.07763672 0.84423828 0.00000000
vt 0.09082031 0.84960938 0.00000000
vt 0.07031250 0.79516602 0.00000000
vt 0.06933594 0.76660156 0.00000000
vt 0.08349609 0.83276367 0.00000000
vt 0.07763672 0.79321289 0.00000000
vt 0.08911133 0.82153320 0.00000000
vt 0.08569336 0.79101562 0.00000000
vt 0.09399414 0.84252930 0.00000000
vt 0.09423828 0.86816406 0.00000000
vt 0.10766602 0.86157227 0.00000000
vt 0.09472656 0.81616211 0.00000000
vt 0.10253906 0.83764648 0.00000000
vt 0.10571289 0.83032227 0.00000000
vt 0.11572266 0.84497070 0.00000000
vt 0.10229492 0.81396484 0.00000000
vt 0.11645508 0.82421875 0.00000000
vt 0.13354492 0.83715820 0.00000000
vt 0.12866211 0.85839844 0.00000000
vt 0.14477539 0.85253906 0.00000000
vt 0.15380859 0.84521484 0.00000000
vt 0.12426758 0.80981445 0.00000000
vt 0.14819336 0.82568359 0.00000000
vt 0.16601562 0.83203125 0.00000000
vt 0.16259766 0.85351562 0.00000000
vt 0.14428711 0.80395508 0.00000000
vt 0.11547852 0.80590820 0.00000000
vt 0.17285156 0.84179688 0.00000000
vt 0.11547852 0.77709961 0.00000000
vt 0.10424805 0.79858398 0.00000000
vt 0.09594727 0.78613281 0.00000000
vt 0.12988281 0.78735352 0.00000000
vt 0.17651367 0.78784180 0.00000000
vt 0.11401367 0.76489258 0.00000000
vt 0.10571289 0.77880859 0.00000000
vt 0.09252930 0.77001953 0.00000000
vt 0.08691406 0.77099609 0.00000000
vt 0.09252930 0.78320312 0.00000000
vt 0.07788086 0.76220703 0.00000000
vt 0.07763672 0.75146484 0.00000000
vt 0.18432617 0.78979492 0.00000000
vt 0.18823242 0.76928711 0.00000000
vt 0.19555664 0.78491211 0.00000000
vt 0.19213867 0.79394531 0.00000000
vt 0.20458984 0.78686523 0.00000000
vt 0.18066406 0.80126953 0.00000000
vt 0.17553711 0.80859375 0.00000000
vt 0.19116211 0.80639648 0.00000000
vt 0.17651367 0.82397461 0.00000000
vt 0.18261719 0.82788086 0.00000000
vt 0.19018555 0.82788086 0.00000000
vt 0.18603516 0.84936523 0.00000000
vt 0.19970703 0.83251953 0.00000000
vt 0.19677734 0.81469727 0.00000000
vt 0.20874023 0.80297852 0.00000000
vt 0.20996094 0.82592773 0.00000000
vt 0.23071289 0.82226562 0.00000000
vt 0.21826172 0.83300781 0.00000000
vt 0.21118164 0.85009766 0.00000000
vt 0.25024414 0.84643555 0.00000000
vt 0.26196289 0.83422852 0.00000000
vt 0.77978516 0.03295898 0.00000000
vt 0.78710938 0.00317383 0.00000000
vt 0.79931641 0.02319336 0.00000000
vt 0.79150391 0.04003906 0.00000000
vt 0.80322266 0.04248047 0.00000000
vt 0.79370117 0.06518555 0.00000000
vt 0.77001953 0.06689453 0.00000000
vt 0.76049805 0.03857422 0.00000000
vt 0.75830078 0.07885742 0.00000000
vt 0.73510742 0.05493164 0.00000000
vt 0.73461914 0.08520508 0.00000000
vt 0.78393555 0.09497070 0.00000000
vt 0.79760742 0.08422852 0.00000000
vt 0.81005859 0.07397461 0.00000000
vt 0.79370117 0.09936523 0.00000000
vt 0.78637695 0.11718750 0.00000000
vt 0.79931641 0.11254883 0.00000000
vt 0.76098633 0.10424805 0.00000000
vt 0.77319336 0.11914062 0.00000000
vt 0.77856445 0.13232422 0.00000000
vt 0.80615234 0.12304688 0.00000000
vt 0.78930664 0.13061523 0.00000000
vt 0.74169922 0.10717773 0.00000000
vt 0.71386719 0.08984375 0.00000000
vt 0.70678711 0.06811523 0.00000000
vt 0.71948242 0.12255859 0.00000000
vt 0.68945312 0.10009766 0.00000000
vt 0.69213867 0.12353516 0.00000000
vt 0.70703125 0.13476562 0.00000000
vt 0.74584961 0.12133789 0.00000000
vt 0.73413086 0.13720703 0.00000000
vt 0.70996094 0.14990234 0.00000000
vt 0.75756836 0.13574219 0.00000000
vt 0.76782227 0.13549805 0.00000000
vt 0.76318359 0.14453125 0.00000000
vt 0.73754883 0.14721680 0.00000000
vt 0.71191406 0.15380859 0.00000000
vt 0.69604492 0.14916992 0.00000000
vt 0.75830078 0.15063477 0.00000000
vt 0.76977539 0.14868164 0.00000000
vt 0.78710938 0.14013672 0.00000000
vt 0.79199219 0.14624023 0.00000000
vt 0.80566406 0.13208008 0.00000000
vt 0.76635742 0.15698242 0.00000000
vt 0.78930664 0.16333008 0.00000000
vt 0.80175781 0.14868164 0.00000000
vt 0.76684570 0.16259766 0.00000000
vt 0.78222656 0.16772461 0.00000000
vt 0.80322266 0.17407227 0.00000000
vt 0.79296875 0.17309570 0.00000000
vt 0.77856445 0.17407227 0.00000000
vt 0.79809570 0.18579102 0.00000000
vt 0.76098633 0.16796875 0.00000000
vt 0.75585938 0.15698242 0.00000000
vt 0.75805664 0.16430664 0.00000000
vt 0.73779297 0.15747070 0.00000000
vt 0.75439453 0.16357422 0.00000000
vt 0.73291016 0.16650391 0.00000000
vt 0.71997070 0.16455078 0.00000000
vt 0.69848633 0.15649414 0.00000000
vt 0.71459961 0.17016602 0.00000000
vt 0.70947266 0.17163086 0.00000000
vt 0.73974609 0.17114258 0.00000000
vt 0.72583008 0.18237305 0.00000000
vt 0.75000000 0.17480469 0.00000000
vt 0.74023438 0.18627930 0.00000000
vt 0.76513672 0.17993164 0.00000000
vt 0.77685547 0.17968750 0.00000000
vt 0.75170898 0.18945312 0.00000000
vt 0.77563477 0.19165039 0.00000000
vt 0.78979492 0.20410156 0.00000000
vt 0.73535156 0.18872070 0.00000000
vt 0.72265625 0.18920898 0.00000000
vt 0.71850586 0.19165039 0.00000000
vt 0.72753906 0.19799805 0.00000000
vt 0.74853516 0.20288086 0.00000000
vt 0.76586914 0.20043945 0.00000000
vt 0.78637695 0.21826172 0.00000000
vt 0.79125977 0.21679688 0.00000000
vt 0.80639648 0.21582031 0.00000000
vt 0.79882812 0.22778320 0.00000000
vt 0.79541016 0.22998047 0.00000000
vt 0.73803711 0.20214844 0.00000000
vt 0.78906250 0.22607422 0.00000000
vt 0.79809570 0.23632812 0.00000000
vt 0.79370117 0.23974609 0.00000000
vt 0.77685547 0.21655273 0.00000000
vt 0.78515625 0.22900391 0.00000000
vt 0.76342773 0.21093750 0.00000000
vt 0.77270508 0.22338867 0.00000000
vt 0.79052734 0.24194336 0.00000000
vt 0.79809570 0.24951172 0.00000000
vt 0.79858398 0.25732422 0.00000000
vt 0.77612305 0.23168945 0.00000000
vt 0.78759766 0.24560547 0.00000000
vt 0.78613281 0.24780273 0.00000000
vt 0.79394531 0.25903320 0.00000000
vt 0.77587891 0.23657227 0.00000000
vt 0.76831055 0.22534180 0.00000000
vt 0.76635742 0.22900391 0.00000000
vt 0.76513672 0.23242188 0.00000000
vt 0.75292969 0.21289062 0.00000000
vt 0.75976562 0.22436523 0.00000000
vt 0.73852539 0.21240234 0.00000000
vt 0.72949219 0.20800781 0.00000000
vt 0.72363281 0.19824219 0.00000000
vt 0.74682617 0.22412109 0.00000000
vt 0.73803711 0.22290039 0.00000000
vt 0.74023438 0.23217773 0.00000000
vt 0.72802734 0.23120117 0.00000000
vt 0.75683594 0.23266602 0.00000000
vt 0.74926758 0.23388672 0.00000000
vt 0.75170898 0.24267578 0.00000000
vt 0.74096680 0.23681641 0.00000000
vt 0.74023438 0.24072266 0.00000000
vt 0.75756836 0.23730469 0.00000000
vt 0.76513672 0.23901367 0.00000000
vt 0.76293945 0.24633789 0.00000000
vt 0.77392578 0.23974609 0.00000000
vt 0.76904297 0.24682617 0.00000000
vt 0.77929688 0.24682617 0.00000000
vt 0.78271484 0.25415039 0.00000000
vt 0.76806641 0.25219727 0.00000000
vt 0.77490234 0.25390625 0.00000000
vt 0.78979492 0.26000977 0.00000000
vt 0.79638672 0.26708984 0.00000000
vt 0.78588867 0.26171875 0.00000000
vt 0.79394531 0.27416992 0.00000000
vt 0.77709961 0.25854492 0.00000000
vt 0.78686523 0.26733398 0.00000000
vt 0.78784180 0.27172852 0.00000000
vt 0.79492188 0.27954102 0.00000000
vt 0.79492188 0.28735352 0.00000000
vt 0.78540039 0.27441406 0.00000000
vt 0.77075195 0.26806641 0.00000000
vt 0.78051758 0.28051758 0.00000000
vt 0.78491211 0.28735352 0.00000000
vt 0.79174805 0.30004883 0.00000000
vt 0.76538086 0.27050781 0.00000000
vt 0.77758789 0.28637695 0.00000000
vt 0.77319336 0.30541992 0.00000000
vt 0.79467773 0.32983398 0.00000000
vt 0.78027344 0.32519531 0.00000000
vt 0.77856445 0.33813477 0.00000000
vt 0.76269531 0.28759766 0.00000000
vt 0.75219727 0.27099609 0.00000000
vt 0.74951172 0.25341797 0.00000000
vt 0.75854492 0.25781250 0.00000000
vt 0.75219727 0.24755859 0.00000000
vt 0.75756836 0.25366211 0.00000000
vt 0.76757812 0.25463867 0.00000000
vt 0.77197266 0.25903320 0.00000000
vt 0.99975586 0.22656250 0.00000000
vt 0.98754883 0.26416016 0.00000000
vt 0.98168945 0.23413086 0.00000000
vt 0.21630859 0.54199219 0.00000000
vt 0.21044922 0.51318359 0.00000000
vt 0.23730469 0.51562500 0.00000000
vt 0.18798828 0.53833008 0.00000000
vt 0.24194336 0.53930664 0.00000000
vt 0.20141602 0.56103516 0.00000000
vt 0.22290039 0.55322266 0.00000000
vt 0.25634766 0.55371094 0.00000000
vt 0.21948242 0.56787109 0.00000000
vt 0.19726562 0.57348633 0.00000000
vt 0.18481445 0.55664062 0.00000000
vt 0.22070312 0.58081055 0.00000000
vt 0.18750000 0.58374023 0.00000000
vt 0.19702148 0.59570312 0.00000000
vt 0.24536133 0.57250977 0.00000000
vt 0.26489258 0.56860352 0.00000000
vt 0.28198242 0.54882812 0.00000000
vt 0.23388672 0.59326172 0.00000000
vt 0.24975586 0.59643555 0.00000000
vt 0.22167969 0.60693359 0.00000000
vt 0.19189453 0.60888672 0.00000000
vt 0.18505859 0.59838867 0.00000000
vt 0.27197266 0.59252930 0.00000000
vt 0.28857422 0.56420898 0.00000000
vt 0.29809570 0.58276367 0.00000000
vt 0.27246094 0.60644531 0.00000000
vt 0.31396484 0.60058594 0.00000000
vt 0.25366211 0.61499023 0.00000000
vt 0.20166016 0.61914062 0.00000000
vt 0.19458008 0.62524414 0.00000000
vt 0.22705078 0.62500000 0.00000000
vt 0.25024414 0.62548828 0.00000000
vt 0.21118164 0.63574219 0.00000000
vt 0.19311523 0.63598633 0.00000000
vt 0.17749023 0.63183594 0.00000000
vt 0.27124023 0.62084961 0.00000000
vt 0.24853516 0.63208008 0.00000000
vt 0.20849609 0.63916016 0.00000000
vt 0.19384766 0.64428711 0.00000000
vt 0.23217773 0.63891602 0.00000000
vt 0.22412109 0.64233398 0.00000000
vt 0.25854492 0.63623047 0.00000000
vt 0.27270508 0.62646484 0.00000000
vt 0.29956055 0.60961914 0.00000000
vt 0.31958008 0.61474609 0.00000000
vt 0.29248047 0.61694336 0.00000000
vt 0.30273438 0.62182617 0.00000000
vt 0.32470703 0.61889648 0.00000000
vt 0.33642578 0.61572266 0.00000000
vt 0.30468750 0.62817383 0.00000000
vt 0.28442383 0.62841797 0.00000000
vt 0.27221680 0.63305664 0.00000000
vt 0.26879883 0.63134766 0.00000000
vt 0.27197266 0.63305664 0.00000000
vt 0.27172852 0.63305664 0.00000000
vt 0.27368164 0.63500977 0.00000000
vt 0.29125977 0.63110352 0.00000000
vt 0.22607422 0.64672852 0.00000000
vt 0.29443359 0.63256836 0.00000000
vt 0.28393555 0.63476562 0.00000000
vt 0.29882812 0.63427734 0.00000000
vt 0.31591797 0.63500977 0.00000000
vt 0.28930664 0.63671875 0.00000000
vt 0.28222656 0.63696289 0.00000000
vt 0.27392578 0.64526367 0.00000000
vt 0.29077148 0.64428711 0.00000000
vt 0.29785156 0.64477539 0.00000000
vt 0.26464844 0.64892578 0.00000000
vt 0.31982422 0.62500000 0.00000000
vt 0.33789062 0.62109375 0.00000000
vt 0.32690430 0.63330078 0.00000000
vt 0.33886719 0.63305664 0.00000000
vt 0.32470703 0.65063477 0.00000000
vt 0.33178711 0.64599609 0.00000000
vt 0.34570312 0.64135742 0.00000000
vt 0.34619141 0.65112305 0.00000000
vt 0.33715820 0.65747070 0.00000000
vt 0.33105469 0.67016602 0.00000000
vt 0.34228516 0.66552734 0.00000000
vt 0.34423828 0.68310547 0.00000000
vt 0.34057617 0.68847656 0.00000000
vt 0.30615234 0.66235352 0.00000000
vt 0.32910156 0.68530273 0.00000000
vt 0.35156250 0.70581055 0.00000000
vt 0.30517578 0.67211914 0.00000000
vt 0.32690430 0.71582031 0.00000000
vt 0.33715820 0.73437500 0.00000000
vt 0.30810547 0.68334961 0.00000000
vt 0.30883789 0.70385742 0.00000000
vt 0.31201172 0.72558594 0.00000000
vt 0.32812500 0.74487305 0.00000000
vt 0.31152344 0.74707031 0.00000000
vt 0.29760742 0.74731445 0.00000000
vt 0.28686523 0.69873047 0.00000000
vt 0.28833008 0.68334961 0.00000000
vt 0.27661133 0.73120117 0.00000000
vt 0.29467773 0.77368164 0.00000000
vt 0.26269531 0.76049805 0.00000000
vt 0.26757812 0.73608398 0.00000000
vt 0.25927734 0.69067383 0.00000000
vt 0.24291992 0.72338867 0.00000000
vt 0.24023438 0.75561523 0.00000000
vt 0.25268555 0.69531250 0.00000000
vt 0.22412109 0.73388672 0.00000000
vt 0.22631836 0.78833008 0.00000000
vt 0.21972656 0.69921875 0.00000000
vt 0.23681641 0.68383789 0.00000000
vt 0.27343750 0.66796875 0.00000000
vt 0.20312500 0.78051758 0.00000000
vt 0.20019531 0.76074219 0.00000000
vt 0.20507812 0.72314453 0.00000000
vt 0.19750977 0.73266602 0.00000000
vt 0.19238281 0.72924805 0.00000000
vt 0.18969727 0.72509766 0.00000000
vt 0.18945312 0.72094727 0.00000000
vt 0.20629883 0.71435547 0.00000000
vt 0.19458008 0.69335938 0.00000000
vt 0.17407227 0.71899414 0.00000000
vt 0.20605469 0.67846680 0.00000000
vt 0.18261719 0.67797852 0.00000000
vt 0.18237305 0.66625977 0.00000000
vt 0.20532227 0.66528320 0.00000000
vt 0.19018555 0.65380859 0.00000000
vt 0.23339844 0.66503906 0.00000000
vt 0.24438477 0.67211914 0.00000000
vt 0.21801758 0.65405273 0.00000000
vt 0.27880859 0.65283203 0.00000000
vt 0.29370117 0.65991211 0.00000000
vt 0.30004883 0.65527344 0.00000000
vt 0.24877930 0.65112305 0.00000000
vt 0.25781250 0.64624023 0.00000000
vt 0.22119141 0.64843750 0.00000000
vt 0.22387695 0.64550781 0.00000000
vt 0.19433594 0.64648438 0.00000000
vt 0.17480469 0.64843750 0.00000000
vt 0.26171875 0.64648438 0.00000000
vt 0.26147461 0.64672852 0.00000000
vt 0.26123047 0.64672852 0.00000000
vt 0.02978516 0.28491211 0.00000000
vt 0.02148438 0.25854492 0.00000000
vt 0.03930664 0.25634766 0.00000000
vt 0.02490234 0.24194336 0.00000000
vt 0.05444336 0.27099609 0.00000000
vt 0.04370117 0.22949219 0.00000000
vt 0.02514648 0.23217773 0.00000000
vt 0.05126953 0.24829102 0.00000000
vt 0.05981445 0.25512695 0.00000000
vt 0.02685547 0.22460938 0.00000000
vt 0.04174805 0.22167969 0.00000000
vt 0.02807617 0.21728516 0.00000000
vt 0.06518555 0.22753906 0.00000000
vt 0.06665039 0.23779297 0.00000000
vt 0.08081055 0.24536133 0.00000000
vt 0.04907227 0.21240234 0.00000000
vt 0.02709961 0.20922852 0.00000000
vt 0.08251953 0.22875977 0.00000000
vt 0.09692383 0.22705078 0.00000000
vt 0.09887695 0.24365234 0.00000000
vt 0.11083984 0.23852539 0.00000000
vt 0.10937500 0.21777344 0.00000000
vt 0.11645508 0.21582031 0.00000000
vt 0.10717773 0.21069336 0.00000000
vt 0.08203125 0.21899414 0.00000000
vt 0.06445312 0.22192383 0.00000000
vt 0.08276367 0.21582031 0.00000000
vt 0.06762695 0.21386719 0.00000000
vt 0.11914062 0.20092773 0.00000000
vt 0.10986328 0.20458984 0.00000000
vt 0.08105469 0.20678711 0.00000000
vt 0.12353516 0.19091797 0.00000000
vt 0.12353516 0.20117188 0.00000000
vt 0.12500000 0.22338867 0.00000000
vt 0.09863281 0.19848633 0.00000000
vt 0.08129883 0.20263672 0.00000000
vt 0.06542969 0.20312500 0.00000000
vt 0.08715820 0.19433594 0.00000000
vt 0.10815430 0.18896484 0.00000000
vt 0.04907227 0.20458984 0.00000000
vt 0.03198242 0.20581055 0.00000000
vt 0.05004883 0.20214844 0.00000000
vt 0.01977539 0.20800781 0.00000000
vt 0.03344727 0.20361328 0.00000000
vt 0.03247070 0.20092773 0.00000000
vt 0.03295898 0.20361328 0.00000000
vt 0.02197266 0.20263672 0.00000000
vt 0.03881836 0.19482422 0.00000000
vt 0.01147461 0.19824219 0.00000000
vt 0.04565430 0.18798828 0.00000000
vt 0.01611328 0.18505859 0.00000000
vt 0.06005859 0.19067383 0.00000000
vt 0.07299805 0.19116211 0.00000000
vt 0.09033203 0.18750000 0.00000000
vt 0.09008789 0.18017578 0.00000000
vt 0.07885742 0.18139648 0.00000000
vt 0.10449219 0.18115234 0.00000000
vt 0.11523438 0.18286133 0.00000000
vt 0.10742188 0.17236328 0.00000000
vt 0.09619141 0.17138672 0.00000000
vt 0.12158203 0.17529297 0.00000000
vt 0.12304688 0.18627930 0.00000000
vt 0.12304688 0.18041992 0.00000000
vt 0.13110352 0.18750000 0.00000000
vt 0.13183594 0.18383789 0.00000000
vt 0.13037109 0.17578125 0.00000000
vt 0.13525391 0.18554688 0.00000000
vt 0.13037109 0.19287109 0.00000000
vt 0.13305664 0.20043945 0.00000000
vt 0.14477539 0.22119141 0.00000000
vt 0.13842773 0.19580078 0.00000000
vt 0.14184570 0.20166016 0.00000000
vt 0.14575195 0.19775391 0.00000000
vt 0.14135742 0.18505859 0.00000000
vt 0.13623047 0.17846680 0.00000000
vt 0.14257812 0.18188477 0.00000000
vt 0.14794922 0.18188477 0.00000000
vt 0.15380859 0.18725586 0.00000000
vt 0.14257812 0.17846680 0.00000000
vt 0.13720703 0.15722656 0.00000000
vt 0.14379883 0.16699219 0.00000000
vt 0.15087891 0.16113281 0.00000000
vt 0.16479492 0.16528320 0.00000000
vt 0.16137695 0.18115234 0.00000000
vt 0.14892578 0.14550781 0.00000000
vt 0.14550781 0.14501953 0.00000000
vt 0.15356445 0.13940430 0.00000000
vt 0.17456055 0.15454102 0.00000000
vt 0.15087891 0.12011719 0.00000000
vt 0.16699219 0.12792969 0.00000000
vt 0.17553711 0.11767578 0.00000000
vt 0.15600586 0.11621094 0.00000000
vt 0.16210938 0.09863281 0.00000000
vt 0.17309570 0.09594727 0.00000000
vt 0.14819336 0.11499023 0.00000000
vt 0.16064453 0.07299805 0.00000000
vt 0.18286133 0.08081055 0.00000000
vt 0.17797852 0.05615234 0.00000000
vt 0.15283203 0.10839844 0.00000000
vt 0.15551758 0.09814453 0.00000000
vt 0.15625000 0.08935547 0.00000000
vt 0.15039062 0.07958984 0.00000000
vt 0.14672852 0.09155273 0.00000000
vt 0.15087891 0.10888672 0.00000000
vt 0.14428711 0.06640625 0.00000000
vt 0.14111328 0.07373047 0.00000000
vt 0.13867188 0.10278320 0.00000000
vt 0.14257812 0.12573242 0.00000000
vt 0.13842773 0.11669922 0.00000000
vt 0.13525391 0.11450195 0.00000000
vt 0.13696289 0.13012695 0.00000000
vt 0.13281250 0.09545898 0.00000000
vt 0.13305664 0.11938477 0.00000000
vt 0.13061523 0.14501953 0.00000000
vt 0.12719727 0.16967773 0.00000000
vt 0.12182617 0.15136719 0.00000000
vt 0.10937500 0.15795898 0.00000000
vt 0.09692383 0.15039062 0.00000000
vt 0.09643555 0.12670898 0.00000000
vt 0.11499023 0.14965820 0.00000000
vt 0.11572266 0.11840820 0.00000000
vt 0.11450195 0.10034180 0.00000000
vt 0.08764648 0.13793945 0.00000000
vt 0.10327148 0.11840820 0.00000000
vt 0.11059570 0.10058594 0.00000000
vt 0.10327148 0.08935547 0.00000000
vt 0.09301758 0.08691406 0.00000000
vt 0.08349609 0.10351562 0.00000000
vt 0.09008789 0.06518555 0.00000000
vt 0.12573242 0.07470703 0.00000000
vt 0.11621094 0.07739258 0.00000000
vt 0.11083984 0.06054688 0.00000000
vt 0.12304688 0.07006836 0.00000000
vt 0.12011719 0.06298828 0.00000000
vt 0.13110352 0.07690430 0.00000000
vt 0.13378906 0.07739258 0.00000000
vt 0.12841797 0.05712891 0.00000000
vt 0.13256836 0.05346680 0.00000000
vt 0.12719727 0.03784180 0.00000000
vt 0.13256836 0.03295898 0.00000000
vt 0.13476562 0.02612305 0.00000000
vt 0.13500977 0.02832031 0.00000000
vt 0.13623047 0.04687500 0.00000000
vt 0.14428711 0.01538086 0.00000000
vt 0.14477539 0.04101562 0.00000000
vt 0.15576172 0.05639648 0.00000000
vt 0.16870117 0.04418945 0.00000000
vt 0.18750000 0.03637695 0.00000000
vt 0.15917969 0.03466797 0.00000000
vt 0.16064453 0.02343750 0.00000000
vt 0.12182617 0.04443359 0.00000000
vt 0.11791992 0.01660156 0.00000000
vt 0.10791016 0.03271484 0.00000000
vt 0.09912109 0.03808594 0.00000000
vt 0.08227539 0.02001953 0.00000000
vt 0.09985352 0.05053711 0.00000000
vt 0.08374023 0.04296875 0.00000000
vt 0.06713867 0.03295898 0.00000000
vt 0.07958984 0.06103516 0.00000000
vt 0.05932617 0.04663086 0.00000000
vt 0.05590820 0.03710938 0.00000000
vt 0.05981445 0.03149414 0.00000000
vt 0.05175781 0.03588867 0.00000000
vt 0.05688477 0.06542969 0.00000000
vt 0.02294922 0.02709961 0.00000000
vt 0.08569336 0.08813477 0.00000000
vt 0.02709961 0.04638672 0.00000000
vt 0.00708008 0.04907227 0.00000000
vt 0.03369141 0.06713867 0.00000000
vt 0.00683594 0.06103516 0.00000000
vt 0.02368164 0.07983398 0.00000000
vt 0.06372070 0.08544922 0.00000000
vt 0.04052734 0.09594727 0.00000000
vt 0.01660156 0.09179688 0.00000000
vt 0.01489258 0.10424805 0.00000000
vt 0.07153320 0.09936523 0.00000000
vt 0.06176758 0.10424805 0.00000000
vt 0.04833984 0.10937500 0.00000000
vt 0.07836914 0.13037109 0.00000000
vt 0.03613281 0.13232422 0.00000000
vt 0.01928711 0.13891602 0.00000000
vt 0.05786133 0.13159180 0.00000000
vt 0.02490234 0.14941406 0.00000000
vt 0.00683594 0.14916992 0.00000000
vt 0.06469727 0.14453125 0.00000000
vt 0.03808594 0.16503906 0.00000000
vt 0.01831055 0.17211914 0.00000000
vt 0.08203125 0.15722656 0.00000000
vt 0.06250000 0.16894531 0.00000000
vt 0.03857422 0.17919922 0.00000000
vt 0.39746094 0.25952148 0.00000000
vt 0.38647461 0.24926758 0.00000000
vt 0.41650391 0.24462891 0.00000000
vt 0.39306641 0.21850586 0.00000000
vt 0.40795898 0.21533203 0.00000000
vt 0.38037109 0.21386719 0.00000000
vt 0.37109375 0.27807617 0.00000000
vt 0.37841797 0.29785156 0.00000000
vt 0.36132812 0.24584961 0.00000000
vt 0.34570312 0.26245117 0.00000000
vt 0.35327148 0.29125977 0.00000000
vt 0.34765625 0.22363281 0.00000000
vt 0.32397461 0.28417969 0.00000000
vt 0.35034180 0.18994141 0.00000000
vt 0.37182617 0.18041992 0.00000000
vt 0.35644531 0.17138672 0.00000000
vt 0.33032227 0.26367188 0.00000000
vt 0.32128906 0.23022461 0.00000000
vt 0.32324219 0.20922852 0.00000000
vt 0.31323242 0.24902344 0.00000000
vt 0.30493164 0.20043945 0.00000000
vt 0.30468750 0.24584961 0.00000000
vt 0.30590820 0.28125000 0.00000000
vt 0.32128906 0.18872070 0.00000000
vt 0.29345703 0.26660156 0.00000000
vt 0.29687500 0.29174805 0.00000000
vt 0.33447266 0.17480469 0.00000000
vt 0.29956055 0.17968750 0.00000000
vt 0.29541016 0.20019531 0.00000000
vt 0.29492188 0.23168945 0.00000000
vt 0.35327148 0.16503906 0.00000000
vt 0.38085938 0.14819336 0.00000000
vt 0.31176758 0.16552734 0.00000000
vt 0.28369141 0.20117188 0.00000000
vt 0.27758789 0.18408203 0.00000000
vt 0.28076172 0.23535156 0.00000000
vt 0.27709961 0.20654297 0.00000000
vt 0.28247070 0.17944336 0.00000000
vt 0.26464844 0.17309570 0.00000000
vt 0.28125000 0.16015625 0.00000000
vt 0.27001953 0.18310547 0.00000000
vt 0.26879883 0.20703125 0.00000000
vt 0.26293945 0.17944336 0.00000000
vt 0.29272461 0.16723633 0.00000000
vt 0.27001953 0.24194336 0.00000000
vt 0.31518555 0.15087891 0.00000000
vt 0.25610352 0.20336914 0.00000000
vt 0.29467773 0.15649414 0.00000000
vt 0.33398438 0.15014648 0.00000000
vt 0.35107422 0.14892578 0.00000000
vt 0.36669922 0.14477539 0.00000000
vt 0.34570312 0.14306641 0.00000000
vt 0.32446289 0.14770508 0.00000000
vt 0.31030273 0.15063477 0.00000000
vt 0.29467773 0.15307617 0.00000000
vt 0.29541016 0.15063477 0.00000000
vt 0.33056641 0.14331055 0.00000000
vt 0.34838867 0.13720703 0.00000000
vt 0.30493164 0.14379883 0.00000000
vt 0.32080078 0.13745117 0.00000000
vt 0.35546875 0.13305664 0.00000000
vt 0.35156250 0.12841797 0.00000000
vt 0.27954102 0.15625000 0.00000000
vt 0.28833008 0.14770508 0.00000000
vt 0.29956055 0.13793945 0.00000000
vt 0.32592773 0.12622070 0.00000000
vt 0.35522461 0.11938477 0.00000000
vt 0.32739258 0.11230469 0.00000000
vt 0.26367188 0.15527344 0.00000000
vt 0.27661133 0.14550781 0.00000000
vt 0.29541016 0.13110352 0.00000000
vt 0.28247070 0.13818359 0.00000000
vt 0.26684570 0.13745117 0.00000000
vt 0.27929688 0.12426758 0.00000000
vt 0.30664062 0.11596680 0.00000000
vt 0.25268555 0.11132812 0.00000000
vt 0.27783203 0.10864258 0.00000000
vt 0.30249023 0.10058594 0.00000000
vt 0.26123047 0.09204102 0.00000000
vt 0.26416016 0.07934570 0.00000000
vt 0.23876953 0.07421875 0.00000000
vt 0.22924805 0.08032227 0.00000000
vt 0.23950195 0.10961914 0.00000000
vt 0.31982422 0.09399414 0.00000000
vt 0.36108398 0.09692383 0.00000000
vt 0.29882812 0.08032227 0.00000000
vt 0.28540039 0.05419922 0.00000000
vt 0.31518555 0.06176758 0.00000000
vt 0.33154297 0.07226562 0.00000000
vt 0.33666992 0.08398438 0.00000000
vt 0.33374023 0.01025391 0.00000000
vt 0.24877930 0.12426758 0.00000000
vt 0.25854492 0.13745117 0.00000000
vt 0.25268555 0.14208984 0.00000000
vt 0.24658203 0.13964844 0.00000000
vt 0.23779297 0.12036133 0.00000000
vt 0.22875977 0.09375000 0.00000000
vt 0.20434570 0.12158203 0.00000000
vt 0.24121094 0.14086914 0.00000000
vt 0.22485352 0.13842773 0.00000000
vt 0.19628906 0.13305664 0.00000000
vt 0.23974609 0.15136719 0.00000000
vt 0.22192383 0.16845703 0.00000000
vt 0.19677734 0.17187500 0.00000000
vt 0.17993164 0.14355469 0.00000000
vt 0.20605469 0.23632812 0.00000000
vt 0.22924805 0.19775391 0.00000000
vt 0.21752930 0.21606445 0.00000000
vt 0.24438477 0.23657227 0.00000000
vt 0.23999023 0.17431641 0.00000000
vt 0.25195312 0.20581055 0.00000000
vt 0.25000000 0.18041992 0.00000000
vt 0.25024414 0.17358398 0.00000000
vt 0.25097656 0.15991211 0.00000000
vt 0.25830078 0.15820312 0.00000000
vt 0.26000977 0.16235352 0.00000000
vt 0.25585938 0.16918945 0.00000000
vt 0.25952148 0.18286133 0.00000000
vt 0.25805664 0.23095703 0.00000000
vt 0.26074219 0.22436523 0.00000000
vt 0.26318359 0.23535156 0.00000000
vt 0.27050781 0.26074219 0.00000000
vt 0.24316406 0.26879883 0.00000000
vt 0.26464844 0.25781250 0.00000000
vt 0.26074219 0.26098633 0.00000000
vt 0.26879883 0.29760742 0.00000000
vt 0.25708008 0.30395508 0.00000000
vt 0.27416992 0.28100586 0.00000000
vt 0.24609375 0.31835938 0.00000000
vt 0.23022461 0.30151367 0.00000000
vt 0.22265625 0.31469727 0.00000000
vt 0.21386719 0.27319336 0.00000000
vt 0.19824219 0.25952148 0.00000000
vt 0.17407227 0.28173828 0.00000000
vt 0.20874023 0.30517578 0.00000000
vt 0.21875000 0.31762695 0.00000000
vt 0.23242188 0.32714844 0.00000000
vt 0.20629883 0.31152344 0.00000000
vt 0.18969727 0.31103516 0.00000000
vt 0.21533203 0.32690430 0.00000000
vt 0.20117188 0.31372070 0.00000000
vt 0.19726562 0.31811523 0.00000000
vt 0.21411133 0.33618164 0.00000000
vt 0.19335938 0.32226562 0.00000000
vt 0.18750000 0.32397461 0.00000000
vt 0.78662109 0.95922852 0.00000000
vt 0.78393555 0.97705078 0.00000000
vt 0.77246094 0.95776367 0.00000000
vt 0.75830078 0.97387695 0.00000000
vt 0.77026367 0.94311523 0.00000000
vt 0.80249023 0.97119141 0.00000000
vt 0.79785156 0.98608398 0.00000000
vt 0.78906250 0.94042969 0.00000000
vt 0.77441406 0.93261719 0.00000000
vt 0.81591797 0.97924805 0.00000000
vt 0.79833984 0.95751953 0.00000000
vt 0.82031250 0.96533203 0.00000000
vt 0.81030273 0.96020508 0.00000000
vt 0.80200195 0.94726562 0.00000000
vt 0.80175781 0.93725586 0.00000000
vt 0.80444336 0.93188477 0.00000000
vt 0.79541016 0.92846680 0.00000000
vt 0.78027344 0.93041992 0.00000000
vt 0.81591797 0.95288086 0.00000000
vt 0.79321289 0.92065430 0.00000000
vt 0.78002930 0.91894531 0.00000000
vt 0.79516602 0.91406250 0.00000000
vt 0.80761719 0.92187500 0.00000000
vt 0.79809570 0.90039062 0.00000000
vt 0.81054688 0.91284180 0.00000000
vt 0.81054688 0.90161133 0.00000000
vt 0.81616211 0.93359375 0.00000000
vt 0.81811523 0.91723633 0.00000000
vt 0.82812500 0.94775391 0.00000000
vt 0.81567383 0.89575195 0.00000000
vt 0.81103516 0.89453125 0.00000000
vt 0.82299805 0.90087891 0.00000000
vt 0.81860352 0.88720703 0.00000000
vt 0.82763672 0.92675781 0.00000000
vt 0.82373047 0.91088867 0.00000000
vt 0.82934570 0.88598633 0.00000000
vt 0.82153320 0.87695312 0.00000000
vt 0.82666016 0.90917969 0.00000000
vt 0.82861328 0.90454102 0.00000000
vt 0.83227539 0.91894531 0.00000000
vt 0.83837891 0.91992188 0.00000000
vt 0.83325195 0.91162109 0.00000000
vt 0.83398438 0.88818359 0.00000000
vt 0.83300781 0.90136719 0.00000000
vt 0.83764648 0.90673828 0.00000000
vt 0.83740234 0.89086914 0.00000000
vt 0.83642578 0.87817383 0.00000000
vt 0.83984375 0.86547852 0.00000000
vt 0.84472656 0.86547852 0.00000000
vt 0.84423828 0.87109375 0.00000000
vt 0.85034180 0.86425781 0.00000000
vt 0.85449219 0.87768555 0.00000000
vt 0.86303711 0.86816406 0.00000000
vt 0.86499023 0.85131836 0.00000000
vt 0.86791992 0.85375977 0.00000000
vt 0.87817383 0.84204102 0.00000000
vt 0.87207031 0.88159180 0.00000000
vt 0.88232422 0.86743164 0.00000000
vt 0.86035156 0.88549805 0.00000000
vt 0.86303711 0.90527344 0.00000000
vt 0.84521484 0.88769531 0.00000000
vt 0.84887695 0.88769531 0.00000000
vt 0.84399414 0.90234375 0.00000000
vt 0.84765625 0.90307617 0.00000000
vt 0.84960938 0.92138672 0.00000000
vt 0.85546875 0.91088867 0.00000000
vt 0.84057617 0.92529297 0.00000000
vt 0.86376953 0.91748047 0.00000000
vt 0.85742188 0.93774414 0.00000000
vt 0.83911133 0.95385742 0.00000000
vt 0.86767578 0.92333984 0.00000000
vt 0.87719727 0.90087891 0.00000000
vt 0.87670898 0.93579102 0.00000000
vt 0.88598633 0.92456055 0.00000000
vt 0.86499023 0.94262695 0.00000000
vt 0.85937500 0.94921875 0.00000000
vt 0.88085938 0.94702148 0.00000000
vt 0.85156250 0.95703125 0.00000000
vt 0.90332031 0.93896484 0.00000000
vt 0.89648438 0.95556641 0.00000000
vt 0.87890625 0.95727539 0.00000000
vt 0.84082031 0.96069336 0.00000000
vt 0.83300781 0.96118164 0.00000000
vt 0.82592773 0.96728516 0.00000000
vt 0.83544922 0.96655273 0.00000000
vt 0.82568359 0.97192383 0.00000000
vt 0.82202148 0.98291016 0.00000000
vt 0.81054688 0.99047852 0.00000000
vt 0.83886719 0.97753906 0.00000000
vt 0.83593750 0.98974609 0.00000000
vt 0.84228516 0.96582031 0.00000000
vt 0.84887695 0.97998047 0.00000000
vt 0.84399414 0.97070312 0.00000000
vt 0.84814453 0.98681641 0.00000000
vt 0.86865234 0.96752930 0.00000000
vt 0.87255859 0.96264648 0.00000000
vt 0.88354492 0.96093750 0.00000000
vt 0.87207031 0.97607422 0.00000000
vt 0.85766602 0.98217773 0.00000000
vt 0.86010742 0.99047852 0.00000000
vt 0.89086914 0.98046875 0.00000000
vt 0.87573242 0.99365234 0.00000000
vt 0.88940430 0.96142578 0.00000000
vt 0.89648438 0.98803711 0.00000000
vt 0.89331055 0.96728516 0.00000000
vt 0.91308594 0.95654297 0.00000000
vt 0.91455078 0.96606445 0.00000000
vt 0.92700195 0.96679688 0.00000000
vt 0.90209961 0.95288086 0.00000000
vt 0.93383789 0.95336914 0.00000000
vt 0.92504883 0.94799805 0.00000000
vt 0.92651367 0.94335938 0.00000000
vt 0.94750977 0.94433594 0.00000000
vt 0.95800781 0.94360352 0.00000000
vt 0.96142578 0.94970703 0.00000000
vt 0.95727539 0.96289062 0.00000000
vt 0.94702148 0.94165039 0.00000000
vt 0.96386719 0.93847656 0.00000000
vt 0.96459961 0.93090820 0.00000000
vt 0.93945312 0.93750000 0.00000000
vt 0.96337891 0.92651367 0.00000000
vt 0.95141602 0.91235352 0.00000000
vt 0.91479492 0.92895508 0.00000000
vt 0.93579102 0.92114258 0.00000000
vt 0.91162109 0.92138672 0.00000000
vt 0.92968750 0.90014648 0.00000000
vt 0.90625000 0.90673828 0.00000000
vt 0.90063477 0.89135742 0.00000000
vt 0.93554688 0.87988281 0.00000000
vt 0.95483398 0.88720703 0.00000000
vt 0.95458984 0.84936523 0.00000000
vt 0.92700195 0.84497070 0.00000000
vt 0.91503906 0.86865234 0.00000000
vt 0.89672852 0.85668945 0.00000000
vt 0.88989258 0.83520508 0.00000000
vt 0.88818359 0.82568359 0.00000000
vt 0.92138672 0.81982422 0.00000000
vt 0.94360352 0.80346680 0.00000000
vt 0.90356445 0.80493164 0.00000000
vt 0.93408203 0.79077148 0.00000000
vt 0.91796875 0.79589844 0.00000000
vt 0.28515625 0.26464844 0.00000000
vt 0.27636719 0.25830078 0.00000000
vt 0.27856445 0.27368164 0.00000000
vt 0.27978516 0.28344727 0.00000000
vt 0.28344727 0.30688477 0.00000000
vt 0.40478516 0.51440430 0.00000000
vt 0.41162109 0.51196289 0.00000000
vt 0.40454102 0.52392578 0.00000000
vt 0.40087891 0.51074219 0.00000000
vt 0.40429688 0.51440430 0.00000000
vt 0.40332031 0.51538086 0.00000000
vt 0.40405273 0.51440430 0.00000000
vt 0.40185547 0.50244141 0.00000000
vt 0.41333008 0.50195312 0.00000000
vt 0.38598633 0.50976562 0.00000000
vt 0.41137695 0.49340820 0.00000000
vt 0.40283203 0.49365234 0.00000000
vt 0.39916992 0.49536133 0.00000000
vt 0.39501953 0.48901367 0.00000000
vt 0.38793945 0.49731445 0.00000000
vt 0.40625000 0.48535156 0.00000000
vt 0.41943359 0.49438477 0.00000000
vt 0.37500000 0.47656250 0.00000000
vt 0.37475586 0.48706055 0.00000000
vt 0.37792969 0.49609375 0.00000000
vt 0.34570312 0.47607422 0.00000000
vt 0.38940430 0.47460938 0.00000000
vt 0.40771484 0.47753906 0.00000000
vt 0.39379883 0.45996094 0.00000000
vt 0.41796875 0.46850586 0.00000000
vt 0.40844727 0.45361328 0.00000000
vt 0.37451172 0.45947266 0.00000000
vt 0.38110352 0.44458008 0.00000000
vt 0.39526367 0.42919922 0.00000000
vt 0.41918945 0.43994141 0.00000000
vt 0.39648438 0.41503906 0.00000000
vt 0.37426758 0.41064453 0.00000000
vt 0.36791992 0.46850586 0.00000000
vt 0.35083008 0.46557617 0.00000000
vt 0.34985352 0.46142578 0.00000000
vt 0.36572266 0.43994141 0.00000000
vt 0.35839844 0.45190430 0.00000000
vt 0.33593750 0.45971680 0.00000000
vt 0.34936523 0.43945312 0.00000000
vt 0.35473633 0.40771484 0.00000000
vt 0.33105469 0.46997070 0.00000000
vt 0.33471680 0.44165039 0.00000000
vt 0.34204102 0.41821289 0.00000000
vt 0.32006836 0.43969727 0.00000000
vt 0.32763672 0.42578125 0.00000000
vt 0.33471680 0.40820312 0.00000000
vt 0.34790039 0.39233398 0.00000000
vt 0.31713867 0.40405273 0.00000000
vt 0.33642578 0.37548828 0.00000000
vt 0.35253906 0.37011719 0.00000000
vt 0.36328125 0.38183594 0.00000000
vt 0.35986328 0.36010742 0.00000000
vt 0.37768555 0.39672852 0.00000000
vt 0.37890625 0.36962891 0.00000000
vt 0.39038086 0.38745117 0.00000000
vt 0.39599609 0.39648438 0.00000000
vt 0.41015625 0.39770508 0.00000000
vt 0.40209961 0.38720703 0.00000000
vt 0.39892578 0.38183594 0.00000000
vt 0.40991211 0.38085938 0.00000000
vt 0.39648438 0.35498047 0.00000000
vt 0.39135742 0.34936523 0.00000000
vt 0.38037109 0.33642578 0.00000000
vt 0.39477539 0.31640625 0.00000000
vt 0.36181641 0.32739258 0.00000000
vt 0.35327148 0.33569336 0.00000000
vt 0.33422852 0.32250977 0.00000000
vt 0.33666992 0.34497070 0.00000000
vt 0.32641602 0.36401367 0.00000000
vt 0.32250977 0.38134766 0.00000000
vt 0.31103516 0.37133789 0.00000000
vt 0.31445312 0.33154297 0.00000000
vt 0.32104492 0.31713867 0.00000000
vt 0.32080078 0.30249023 0.00000000
vt 0.30712891 0.30834961 0.00000000
vt 0.30322266 0.34350586 0.00000000
vt 0.29833984 0.38256836 0.00000000
vt 0.30249023 0.37109375 0.00000000
vt 0.29858398 0.37597656 0.00000000
vt 0.29638672 0.39892578 0.00000000
vt 0.30737305 0.41333008 0.00000000
vt 0.31347656 0.42333984 0.00000000
vt 0.28564453 0.42480469 0.00000000
vt 0.29370117 0.43725586 0.00000000
vt 0.31713867 0.44726562 0.00000000
vt 0.29077148 0.44921875 0.00000000
vt 0.32568359 0.45874023 0.00000000
vt 0.30395508 0.45678711 0.00000000
vt 0.29736328 0.46166992 0.00000000
vt 0.31323242 0.46337891 0.00000000
vt 0.29858398 0.46972656 0.00000000
vt 0.31762695 0.46948242 0.00000000
vt 0.32348633 0.47753906 0.00000000
vt 0.30761719 0.47949219 0.00000000
vt 0.29272461 0.47534180 0.00000000
vt 0.32373047 0.47973633 0.00000000
vt 0.31079102 0.48388672 0.00000000
vt 0.28540039 0.47460938 0.00000000
vt 0.32055664 0.48168945 0.00000000
vt 0.33300781 0.48339844 0.00000000
vt 0.31225586 0.48754883 0.00000000
vt 0.29199219 0.48974609 0.00000000
vt 0.34863281 0.48779297 0.00000000
vt 0.36279297 0.48925781 0.00000000
vt 0.33862305 0.48901367 0.00000000
vt 0.36230469 0.49462891 0.00000000
vt 0.36816406 0.49389648 0.00000000
vt 0.37500000 0.49902344 0.00000000
vt 0.37451172 0.51049805 0.00000000
vt 0.34521484 0.49780273 0.00000000
vt 0.38403320 0.51806641 0.00000000
vt 0.35888672 0.50292969 0.00000000
vt 0.35961914 0.51538086 0.00000000
vt 0.38403320 0.53393555 0.00000000
vt 0.41308594 0.54614258 0.00000000
vt 0.40161133 0.55834961 0.00000000
vt 0.33447266 0.51196289 0.00000000
vt 0.32568359 0.50073242 0.00000000
vt 0.37524414 0.54418945 0.00000000
vt 0.35473633 0.52880859 0.00000000
vt 0.38671875 0.56713867 0.00000000
vt 0.35180664 0.55004883 0.00000000
vt 0.32666016 0.53344727 0.00000000
vt 0.32177734 0.51660156 0.00000000
vt 0.30541992 0.50854492 0.00000000
vt 0.28588867 0.50805664 0.00000000
vt 0.31347656 0.54443359 0.00000000
vt 0.29687500 0.52685547 0.00000000
vt 0.33300781 0.55468750 0.00000000
vt 0.31274414 0.56591797 0.00000000
vt 0.35302734 0.57446289 0.00000000
vt 0.31005859 0.58569336 0.00000000
vt 0.34448242 0.59497070 0.00000000
vt 0.32934570 0.60644531 0.00000000
vt 0.36254883 0.59179688 0.00000000
vt 0.35766602 0.60522461 0.00000000
vt 0.36401367 0.60766602 0.00000000
vt 0.36669922 0.60766602 0.00000000
vt 0.36816406 0.59814453 0.00000000
vt 0.36889648 0.60815430 0.00000000
vt 0.36767578 0.58862305 0.00000000
vt 0.37377930 0.59912109 0.00000000
vt 0.37768555 0.61303711 0.00000000
vt 0.37646484 0.59545898 0.00000000
vt 0.37670898 0.58056641 0.00000000
vt 0.37890625 0.59570312 0.00000000
vt 0.38159180 0.61157227 0.00000000
vt 0.38281250 0.59570312 0.00000000
vt 0.38354492 0.58813477 0.00000000
vt 0.38964844 0.59204102 0.00000000
vt 0.38500977 0.59472656 0.00000000
vt 0.56811523 0.48828125 0.00000000
vt 0.55249023 0.48950195 0.00000000
vt 0.56176758 0.45507812 0.00000000
vt 0.57495117 0.45703125 0.00000000
vt 0.58056641 0.49267578 0.00000000
vt 0.58300781 0.47973633 0.00000000
vt 0.57299805 0.44042969 0.00000000
vt 0.54809570 0.45727539 0.00000000
vt 0.55834961 0.42993164 0.00000000
vt 0.53125000 0.45043945 0.00000000
vt 0.53662109 0.49462891 0.00000000
vt 0.52001953 0.48486328 0.00000000
vt 0.54443359 0.42700195 0.00000000
vt 0.51538086 0.45654297 0.00000000
vt 0.52954102 0.42236328 0.00000000
vt 0.48364258 0.47729492 0.00000000
vt 0.48022461 0.48608398 0.00000000
vt 0.51220703 0.42846680 0.00000000
vt 0.45117188 0.49072266 0.00000000
vt 0.46752930 0.49267578 0.00000000
vt 0.45117188 0.48632812 0.00000000
vt 0.44824219 0.48193359 0.00000000
vt 0.49145508 0.45532227 0.00000000
vt 0.46313477 0.47583008 0.00000000
vt 0.44311523 0.47900391 0.00000000
vt 0.48217773 0.46923828 0.00000000
vt 0.45654297 0.47021484 0.00000000
vt 0.43994141 0.44921875 0.00000000
vt 0.48754883 0.43139648 0.00000000
vt 0.43652344 0.42944336 0.00000000
vt 0.47827148 0.40869141 0.00000000
vt 0.46948242 0.38745117 0.00000000
vt 0.41235352 0.42211914 0.00000000
vt 0.50390625 0.38818359 0.00000000
vt 0.49487305 0.38110352 0.00000000
vt 0.47875977 0.36401367 0.00000000
vt 0.50122070 0.35913086 0.00000000
vt 0.52221680 0.38671875 0.00000000
vt 0.52099609 0.37060547 0.00000000
vt 0.53906250 0.39575195 0.00000000
vt 0.53686523 0.37451172 0.00000000
vt 0.52001953 0.34667969 0.00000000
vt 0.49707031 0.33520508 0.00000000
vt 0.48168945 0.33471680 0.00000000
vt 0.53344727 0.34057617 0.00000000
vt 0.47045898 0.35180664 0.00000000
vt 0.45019531 0.36279297 0.00000000
vt 0.45239258 0.32885742 0.00000000
vt 0.41748047 0.35449219 0.00000000
vt 0.43945312 0.37133789 0.00000000
vt 0.44238281 0.37548828 0.00000000
vt 0.41674805 0.37133789 0.00000000
vt 0.46142578 0.38110352 0.00000000
vt 0.41137695 0.38818359 0.00000000
vt 0.42456055 0.39550781 0.00000000
vt 0.55395508 0.39868164 0.00000000
vt 0.56005859 0.41235352 0.00000000
vt 0.56958008 0.41748047 0.00000000
vt 0.56054688 0.38183594 0.00000000
vt 0.55029297 0.36401367 0.00000000
vt 0.54345703 0.35498047 0.00000000
vt 0.54882812 0.34545898 0.00000000
vt 0.54516602 0.32568359 0.00000000
vt 0.55957031 0.35083008 0.00000000
vt 0.56176758 0.36889648 0.00000000
vt 0.56591797 0.38867188 0.00000000
vt 0.56518555 0.37890625 0.00000000
vt 0.55810547 0.32373047 0.00000000
vt 0.56347656 0.34741211 0.00000000
vt 0.56494141 0.36083984 0.00000000
vt 0.57299805 0.37231445 0.00000000
vt 0.56982422 0.33764648 0.00000000
vt 0.57031250 0.38476562 0.00000000
vt 0.56982422 0.40112305 0.00000000
vt 0.57080078 0.41137695 0.00000000
vt 0.57788086 0.41088867 0.00000000
vt 0.57714844 0.39233398 0.00000000
vt 0.57495117 0.36743164 0.00000000
vt 0.57373047 0.34008789 0.00000000
vt 0.58593750 0.33593750 0.00000000
vt 0.58178711 0.38378906 0.00000000
vt 0.60351562 0.35107422 0.00000000
vt 0.61669922 0.37451172 0.00000000
vt 0.59252930 0.40087891 0.00000000
vt 0.58276367 0.40869141 0.00000000
vt 0.57836914 0.42504883 0.00000000
vt 0.63745117 0.37963867 0.00000000
vt 0.63964844 0.34619141 0.00000000
vt 0.65087891 0.37475586 0.00000000
vt 0.62695312 0.40722656 0.00000000
vt 0.60327148 0.41357422 0.00000000
vt 0.58911133 0.43579102 0.00000000
vt 0.62280273 0.43383789 0.00000000
vt 0.65209961 0.40795898 0.00000000
vt 0.66796875 0.40576172 0.00000000
vt 0.67065430 0.35400391 0.00000000
vt 0.63208008 0.43041992 0.00000000
vt 0.65356445 0.43627930 0.00000000
vt 0.67871094 0.40576172 0.00000000
vt 0.62622070 0.46411133 0.00000000
vt 0.70043945 0.38452148 0.00000000
vt 0.69604492 0.40869141 0.00000000
vt 0.72705078 0.38916016 0.00000000
vt 0.60180664 0.45556641 0.00000000
vt 0.58569336 0.46655273 0.00000000
vt 0.60253906 0.47485352 0.00000000
vt 0.58227539 0.44384766 0.00000000
vt 0.57714844 0.43627930 0.00000000
vt 0.57714844 0.43579102 0.00000000
vt 0.57568359 0.43579102 0.00000000
vt 0.57226562 0.42724609 0.00000000
vt 0.98974609 0.32714844 0.00000000
vt 0.99072266 0.30737305 0.00000000
vt 0.99951172 0.29296875 0.00000000
vt 0.92578125 0.97753906 0.00000000
vt 0.90283203 0.99218750 0.00000000
vt 0.95361328 0.97363281 0.00000000
vt 0.95629883 0.98974609 0.00000000
vt 0.97534180 0.97436523 0.00000000
vt 0.96826172 0.99975586 0.00000000
vt 0.97973633 0.21777344 0.00000000
vt 0.99291992 0.17651367 0.00000000
vt 0.99975586 0.22216797 0.00000000
vt 0.79663086 0.58056641 0.00000000
vt 0.79321289 0.59619141 0.00000000
vt 0.78808594 0.59057617 0.00000000
vt 0.78198242 0.59594727 0.00000000
vt 0.79370117 0.60913086 0.00000000
vt 0.81127930 0.59545898 0.00000000
vt 0.81323242 0.58715820 0.00000000
vt 0.82031250 0.56738281 0.00000000
vt 0.82128906 0.58447266 0.00000000
vt 0.81005859 0.60913086 0.00000000
vt 0.78808594 0.62548828 0.00000000
vt 0.76977539 0.62597656 0.00000000
vt 0.82299805 0.60278320 0.00000000
vt 0.82763672 0.61157227 0.00000000
vt 0.82104492 0.62084961 0.00000000
vt 0.78149414 0.64257812 0.00000000
vt 0.76293945 0.66064453 0.00000000
vt 0.75390625 0.63525391 0.00000000
vt 0.77124023 0.68286133 0.00000000
vt 0.74658203 0.70532227 0.00000000
vt 0.80200195 0.65502930 0.00000000
vt 0.78564453 0.68212891 0.00000000
vt 0.75463867 0.70434570 0.00000000
vt 0.81665039 0.63623047 0.00000000
vt 0.83105469 0.62939453 0.00000000
vt 0.81787109 0.65527344 0.00000000
vt 0.79687500 0.68164062 0.00000000
vt 0.78027344 0.70825195 0.00000000
vt 0.79516602 0.69653320 0.00000000
vt 0.81445312 0.68676758 0.00000000
vt 0.80395508 0.70458984 0.00000000
vt 0.78735352 0.71044922 0.00000000
vt 0.82421875 0.65966797 0.00000000
vt 0.83325195 0.66650391 0.00000000
vt 0.82861328 0.68798828 0.00000000
vt 0.83764648 0.68041992 0.00000000
vt 0.84741211 0.66210938 0.00000000
vt 0.84960938 0.64575195 0.00000000
vt 0.86816406 0.66113281 0.00000000
vt 0.86376953 0.67700195 0.00000000
vt 0.87695312 0.63989258 0.00000000
vt 0.90332031 0.65039062 0.00000000
vt 0.84057617 0.61523438 0.00000000
vt 0.85253906 0.62744141 0.00000000
vt 0.90747070 0.63891602 0.00000000
vt 0.84716797 0.60498047 0.00000000
vt 0.86206055 0.62011719 0.00000000
vt 0.84106445 0.59912109 0.00000000
vt 0.87817383 0.62622070 0.00000000
vt 0.85620117 0.60815430 0.00000000
vt 0.85278320 0.58715820 0.00000000
vt 0.87573242 0.60498047 0.00000000
vt 0.89990234 0.62890625 0.00000000
vt 0.91113281 0.62500000 0.00000000
vt 0.91479492 0.63696289 0.00000000
vt 0.92114258 0.62963867 0.00000000
vt 0.90136719 0.61352539 0.00000000
vt 0.91210938 0.61840820 0.00000000
vt 0.92456055 0.62500000 0.00000000
vt 0.92504883 0.62841797 0.00000000
vt 0.87744141 0.59643555 0.00000000
vt 0.86279297 0.58593750 0.00000000
vt 0.89721680 0.60473633 0.00000000
vt 0.87988281 0.59350586 0.00000000
vt 0.89672852 0.60083008 0.00000000
vt 0.92236328 0.61840820 0.00000000
vt 0.91430664 0.60864258 0.00000000
vt 0.92602539 0.61669922 0.00000000
vt 0.93164062 0.61962891 0.00000000
vt 0.93286133 0.61035156 0.00000000
vt 0.92236328 0.60522461 0.00000000
vt 0.90185547 0.59985352 0.00000000
vt 0.92456055 0.59985352 0.00000000
vt 0.93969727 0.60156250 0.00000000
vt 0.91137695 0.60253906 0.00000000
vt 0.90844727 0.59204102 0.00000000
vt 0.93017578 0.57690430 0.00000000
vt 0.94628906 0.59008789 0.00000000
vt 0.94750977 0.57202148 0.00000000
vt 0.91894531 0.59277344 0.00000000
vt 0.94042969 0.55419922 0.00000000
vt 0.89062500 0.58056641 0.00000000
vt 0.89599609 0.59057617 0.00000000
vt 0.88232422 0.58447266 0.00000000
vt 0.90429688 0.57934570 0.00000000
vt 0.91064453 0.56665039 0.00000000
vt 0.89086914 0.56958008 0.00000000
vt 0.90795898 0.55468750 0.00000000
vt 0.88793945 0.57861328 0.00000000
vt 0.88256836 0.56347656 0.00000000
vt 0.88183594 0.57714844 0.00000000
vt 0.87231445 0.56738281 0.00000000
vt 0.87451172 0.57324219 0.00000000
vt 0.87280273 0.57812500 0.00000000
vt 0.86157227 0.56835938 0.00000000
vt 0.88037109 0.58471680 0.00000000
vt 0.86816406 0.55664062 0.00000000
vt 0.88159180 0.58813477 0.00000000
vt 0.86254883 0.57324219 0.00000000
vt 0.86523438 0.58129883 0.00000000
vt 0.86083984 0.57128906 0.00000000
vt 0.85473633 0.56982422 0.00000000
vt 0.85351562 0.57348633 0.00000000
vt 0.84790039 0.57592773 0.00000000
vt 0.85375977 0.56787109 0.00000000
vt 0.84008789 0.57861328 0.00000000
vt 0.85205078 0.56347656 0.00000000
vt 0.84716797 0.56396484 0.00000000
vt 0.85083008 0.55981445 0.00000000
vt 0.84912109 0.56860352 0.00000000
vt 0.84106445 0.55517578 0.00000000
vt 0.84741211 0.57031250 0.00000000
vt 0.83862305 0.56030273 0.00000000
vt 0.83398438 0.58276367 0.00000000
vt 0.83325195 0.59155273 0.00000000
vt 0.82763672 0.57324219 0.00000000
vt 0.83105469 0.56127930 0.00000000
vt 0.81347656 0.55468750 0.00000000
vt 0.81982422 0.55175781 0.00000000
vt 0.82983398 0.55639648 0.00000000
vt 0.82250977 0.54809570 0.00000000
vt 0.82690430 0.55078125 0.00000000
vt 0.83129883 0.54785156 0.00000000
vt 0.83349609 0.54321289 0.00000000
vt 0.84106445 0.55029297 0.00000000
vt 0.83642578 0.54174805 0.00000000
vt 0.83569336 0.53222656 0.00000000
vt 0.84985352 0.55322266 0.00000000
vt 0.84399414 0.54809570 0.00000000
vt 0.84228516 0.53613281 0.00000000
vt 0.85717773 0.54833984 0.00000000
vt 0.85888672 0.55957031 0.00000000
vt 0.85815430 0.53369141 0.00000000
vt 0.84912109 0.51977539 0.00000000
vt 0.86328125 0.51660156 0.00000000
vt 0.86718750 0.50317383 0.00000000
vt 0.86767578 0.53759766 0.00000000
vt 0.86645508 0.56518555 0.00000000
vt 0.88061523 0.53515625 0.00000000
vt 0.88891602 0.54418945 0.00000000
vt 0.88574219 0.52124023 0.00000000
vt 0.88159180 0.50585938 0.00000000
vt 0.88720703 0.48193359 0.00000000
vt 0.86669922 0.48608398 0.00000000
vt 0.90527344 0.48583984 0.00000000
vt 0.89208984 0.47045898 0.00000000
vt 0.89721680 0.50927734 0.00000000
vt 0.92016602 0.47705078 0.00000000
vt 0.89990234 0.45288086 0.00000000
vt 0.92089844 0.49584961 0.00000000
vt 0.93920898 0.48657227 0.00000000
vt 0.91845703 0.51342773 0.00000000
vt 0.90747070 0.52197266 0.00000000
vt 0.94506836 0.48632812 0.00000000
vt 0.93505859 0.49682617 0.00000000
vt 0.93554688 0.49926758 0.00000000
vt 0.94335938 0.48950195 0.00000000
vt 0.93237305 0.50366211 0.00000000
vt 0.94311523 0.49975586 0.00000000
vt 0.92602539 0.50634766 0.00000000
vt 0.93627930 0.50805664 0.00000000
vt 0.93041992 0.51269531 0.00000000
vt 0.94311523 0.51049805 0.00000000
vt 0.91723633 0.52758789 0.00000000
vt 0.92675781 0.52343750 0.00000000
vt 0.94140625 0.51635742 0.00000000
vt 0.93505859 0.52661133 0.00000000
vt 0.94750977 0.51855469 0.00000000
vt 0.93725586 0.52832031 0.00000000
vt 0.90478516 0.54418945 0.00000000
vt 0.92456055 0.53491211 0.00000000
vt 0.94091797 0.53222656 0.00000000
vt 0.94775391 0.52807617 0.00000000
vt 0.93017578 0.54370117 0.00000000
vt 0.94482422 0.53564453 0.00000000
vt 0.93969727 0.54150391 0.00000000
vt 0.94555664 0.54687500 0.00000000
vt 0.67358398 0.33593750 0.00000000
vt 0.63671875 0.33032227 0.00000000
vt 0.65795898 0.31689453 0.00000000
vt 0.68359375 0.29101562 0.00000000
vt 0.62866211 0.29638672 0.00000000
vt 0.61547852 0.33837891 0.00000000
vt 0.67211914 0.27636719 0.00000000
vt 0.64794922 0.29516602 0.00000000
vt 0.68017578 0.25439453 0.00000000
vt 0.65087891 0.27001953 0.00000000
vt 0.59179688 0.29345703 0.00000000
vt 0.57031250 0.32568359 0.00000000
vt 0.61621094 0.26171875 0.00000000
vt 0.65405273 0.24047852 0.00000000
vt 0.66137695 0.22656250 0.00000000
vt 0.67578125 0.24047852 0.00000000
vt 0.58496094 0.25683594 0.00000000
vt 0.56933594 0.29589844 0.00000000
vt 0.61132812 0.23168945 0.00000000
vt 0.57128906 0.21704102 0.00000000
vt 0.54711914 0.23266602 0.00000000
vt 0.64990234 0.21118164 0.00000000
vt 0.61791992 0.20507812 0.00000000
vt 0.55615234 0.20874023 0.00000000
vt 0.65673828 0.20800781 0.00000000
vt 0.57763672 0.19702148 0.00000000
vt 0.53979492 0.19946289 0.00000000
vt 0.56567383 0.19091797 0.00000000
vt 0.59448242 0.18432617 0.00000000
vt 0.55810547 0.18579102 0.00000000
vt 0.59423828 0.18920898 0.00000000
vt 0.60815430 0.19165039 0.00000000
vt 0.62573242 0.18652344 0.00000000
vt 0.63940430 0.19018555 0.00000000
vt 0.63354492 0.17773438 0.00000000
vt 0.65112305 0.19873047 0.00000000
vt 0.64599609 0.18310547 0.00000000
vt 0.60693359 0.17553711 0.00000000
vt 0.57788086 0.17919922 0.00000000
vt 0.55834961 0.18041992 0.00000000
vt 0.54565430 0.18115234 0.00000000
vt 0.56518555 0.17675781 0.00000000
vt 0.54785156 0.16333008 0.00000000
vt 0.58691406 0.16430664 0.00000000
vt 0.57617188 0.15502930 0.00000000
vt 0.55712891 0.15478516 0.00000000
vt 0.59765625 0.16137695 0.00000000
vt 0.57153320 0.14257812 0.00000000
vt 0.54858398 0.14111328 0.00000000
vt 0.59521484 0.14599609 0.00000000
vt 0.58422852 0.12792969 0.00000000
vt 0.60473633 0.15283203 0.00000000
vt 0.60449219 0.17041016 0.00000000
vt 0.60717773 0.16528320 0.00000000
vt 0.63452148 0.16918945 0.00000000
vt 0.62939453 0.15747070 0.00000000
vt 0.65063477 0.17187500 0.00000000
vt 0.66259766 0.15844727 0.00000000
vt 0.62646484 0.14160156 0.00000000
vt 0.63940430 0.15063477 0.00000000
vt 0.66577148 0.16528320 0.00000000
vt 0.64648438 0.14746094 0.00000000
vt 0.68188477 0.15869141 0.00000000
vt 0.69482422 0.16674805 0.00000000
vt 0.67309570 0.16870117 0.00000000
vt 0.68774414 0.16918945 0.00000000
vt 0.66943359 0.17651367 0.00000000
vt 0.66235352 0.15283203 0.00000000
vt 0.65942383 0.14575195 0.00000000
vt 0.65747070 0.14794922 0.00000000
vt 0.66943359 0.18237305 0.00000000
vt 0.69702148 0.17919922 0.00000000
vt 0.68701172 0.14331055 0.00000000
vt 0.67382812 0.13867188 0.00000000
vt 0.67187500 0.19458008 0.00000000
vt 0.69604492 0.18408203 0.00000000
vt 0.67431641 0.18872070 0.00000000
vt 0.68432617 0.19531250 0.00000000
vt 0.68603516 0.19042969 0.00000000
vt 0.68627930 0.20092773 0.00000000
vt 0.67651367 0.19970703 0.00000000
vt 0.67651367 0.20361328 0.00000000
vt 0.66210938 0.19848633 0.00000000
vt 0.67602539 0.20727539 0.00000000
vt 0.68798828 0.21337891 0.00000000
vt 0.67431641 0.21118164 0.00000000
vt 0.67944336 0.21826172 0.00000000
vt 0.66503906 0.21118164 0.00000000
vt 0.67480469 0.22363281 0.00000000
vt 0.66503906 0.21679688 0.00000000
vt 0.67285156 0.22680664 0.00000000
vt 0.68164062 0.22973633 0.00000000
vt 0.68066406 0.23901367 0.00000000
vt 0.66699219 0.22656250 0.00000000
vt 0.26171875 0.89355469 0.00000000
vt 0.25854492 0.85131836 0.00000000
vt 0.27783203 0.87304688 0.00000000
vt 0.22583008 0.87622070 0.00000000
vt 0.22241211 0.91821289 0.00000000
vt 0.19824219 0.86596680 0.00000000
vt 0.20336914 0.85156250 0.00000000
vt 0.20092773 0.88037109 0.00000000
vt 0.19433594 0.87060547 0.00000000
vt 0.20019531 0.90185547 0.00000000
vt 0.18872070 0.87109375 0.00000000
vt 0.19287109 0.85107422 0.00000000
vt 0.19335938 0.88745117 0.00000000
vt 0.17968750 0.86376953 0.00000000
vt 0.17675781 0.85180664 0.00000000
vt 0.17431641 0.86791992 0.00000000
vt 0.16479492 0.86499023 0.00000000
vt 0.18701172 0.88989258 0.00000000
vt 0.17456055 0.88256836 0.00000000
vt 0.15747070 0.87622070 0.00000000
vt 0.18676758 0.90502930 0.00000000
vt 0.16601562 0.88305664 0.00000000
vt 0.15698242 0.88085938 0.00000000
vt 0.14355469 0.86962891 0.00000000
vt 0.17431641 0.89746094 0.00000000
vt 0.13964844 0.87597656 0.00000000
vt 0.19311523 0.92041016 0.00000000
vt 0.17382812 0.90600586 0.00000000
vt 0.16772461 0.89453125 0.00000000
vt 0.15161133 0.88305664 0.00000000
vt 0.15917969 0.89062500 0.00000000
vt 0.14501953 0.88427734 0.00000000
vt 0.13012695 0.87695312 0.00000000
vt 0.13842773 0.88378906 0.00000000
vt 0.13891602 0.89306641 0.00000000
vt 0.15478516 0.89624023 0.00000000
vt 0.12500000 0.88500977 0.00000000
vt 0.16479492 0.90332031 0.00000000
vt 0.15844727 0.90307617 0.00000000
vt 0.17871094 0.92260742 0.00000000
vt 0.14746094 0.90258789 0.00000000
vt 0.13867188 0.90087891 0.00000000
vt 0.16796875 0.92089844 0.00000000
vt 0.15673828 0.91821289 0.00000000
vt 0.13110352 0.89965820 0.00000000
vt 0.11474609 0.89282227 0.00000000
vt 0.13085938 0.90576172 0.00000000
vt 0.14648438 0.91992188 0.00000000
vt 0.15771484 0.92700195 0.00000000
vt 0.17163086 0.93115234 0.00000000
vt 0.15698242 0.93920898 0.00000000
vt 0.14135742 0.92309570 0.00000000
vt 0.18310547 0.95458984 0.00000000
vt 0.14672852 0.93896484 0.00000000
vt 0.15673828 0.94677734 0.00000000
vt 0.13891602 0.96337891 0.00000000
vt 0.20922852 0.95117188 0.00000000
vt 0.23559570 0.94384766 0.00000000
vt 0.19384766 0.98901367 0.00000000
vt 0.22680664 0.98266602 0.00000000
vt 0.20678711 0.99755859 0.00000000
vt 0.17333984 0.99584961 0.00000000
vt 0.15185547 0.99658203 0.00000000
vt 0.13256836 0.95288086 0.00000000
vt 0.11669922 0.96069336 0.00000000
vt 0.11523438 0.98071289 0.00000000
vt 0.10327148 0.96533203 0.00000000
vt 0.10571289 0.95971680 0.00000000
vt 0.10498047 0.94799805 0.00000000
vt 0.09692383 0.95141602 0.00000000
vt 0.09545898 0.92944336 0.00000000
vt 0.10961914 0.94458008 0.00000000
vt 0.10205078 0.92846680 0.00000000
vt 0.10473633 0.90307617 0.00000000
vt 0.09423828 0.89550781 0.00000000
vt 0.09716797 0.88623047 0.00000000
vt 0.11230469 0.93627930 0.00000000
vt 0.10986328 0.92187500 0.00000000
vt 0.12768555 0.93750000 0.00000000
vt 0.13769531 0.93652344 0.00000000
vt 0.11718750 0.91943359 0.00000000
vt 0.13354492 0.92114258 0.00000000
vt 0.12011719 0.91479492 0.00000000
vt 0.11401367 0.90502930 0.00000000
vt 0.12792969 0.90942383 0.00000000
vt 0.11791992 0.90112305 0.00000000
vt 0.43896484 0.58886719 0.00000000
vt 0.40991211 0.59448242 0.00000000
vt 0.41723633 0.57446289 0.00000000
vt 0.45117188 0.56225586 0.00000000
vt 0.44458008 0.60693359 0.00000000
vt 0.47265625 0.59448242 0.00000000
vt 0.42651367 0.62182617 0.00000000
vt 0.40112305 0.61425781 0.00000000
vt 0.41259766 0.63867188 0.00000000
vt 0.45385742 0.63500977 0.00000000
vt 0.44384766 0.65429688 0.00000000
vt 0.46484375 0.60864258 0.00000000
vt 0.47631836 0.60620117 0.00000000
vt 0.47363281 0.62890625 0.00000000
vt 0.42431641 0.67163086 0.00000000
vt 0.39648438 0.65234375 0.00000000
vt 0.46386719 0.66967773 0.00000000
vt 0.44628906 0.69165039 0.00000000
vt 0.45434570 0.68969727 0.00000000
vt 0.47192383 0.67211914 0.00000000
vt 0.48632812 0.64965820 0.00000000
vt 0.46313477 0.70288086 0.00000000
vt 0.41284180 0.68090820 0.00000000
vt 0.38159180 0.66943359 0.00000000
vt 0.40869141 0.68676758 0.00000000
vt 0.44165039 0.70043945 0.00000000
vt 0.45947266 0.71142578 0.00000000
vt 0.43896484 0.70483398 0.00000000
vt 0.47924805 0.68139648 0.00000000
vt 0.46313477 0.71459961 0.00000000
vt 0.45703125 0.71533203 0.00000000
vt 0.42797852 0.70312500 0.00000000
vt 0.47607422 0.69946289 0.00000000
vt 0.40844727 0.69238281 0.00000000
vt 0.38085938 0.67333984 0.00000000
vt 0.44262695 0.71069336 0.00000000
vt 0.43432617 0.71215820 0.00000000
vt 0.44799805 0.71850586 0.00000000
vt 0.43847656 0.71362305 0.00000000
vt 0.44677734 0.72387695 0.00000000
vt 0.45214844 0.72656250 0.00000000
vt 0.43750000 0.72094727 0.00000000
vt 0.42187500 0.70898438 0.00000000
vt 0.43212891 0.72290039 0.00000000
vt 0.40771484 0.69702148 0.00000000
vt 0.39892578 0.68750000 0.00000000
vt 0.41210938 0.71166992 0.00000000
vt 0.38940430 0.69091797 0.00000000
vt 0.38891602 0.69873047 0.00000000
vt 0.46777344 0.72583008 0.00000000
vt 0.45874023 0.73388672 0.00000000
vt 0.46679688 0.73242188 0.00000000
vt 0.47216797 0.72802734 0.00000000
vt 0.47265625 0.72241211 0.00000000
vt 0.47753906 0.71386719 0.00000000
vt 0.47827148 0.70922852 0.00000000
vt 0.48535156 0.72290039 0.00000000
vt 0.49047852 0.74023438 0.00000000
vt 0.48730469 0.70483398 0.00000000
vt 0.48925781 0.71533203 0.00000000
vt 0.48486328 0.69628906 0.00000000
vt 0.49047852 0.68920898 0.00000000
vt 0.50219727 0.68872070 0.00000000
vt 0.50195312 0.71752930 0.00000000
vt 0.50097656 0.73583984 0.00000000
vt 0.50927734 0.72875977 0.00000000
vt 0.50366211 0.70434570 0.00000000
vt 0.51049805 0.70800781 0.00000000
vt 0.52221680 0.70947266 0.00000000
vt 0.53051758 0.73608398 0.00000000
vt 0.54931641 0.70971680 0.00000000
vt 0.53857422 0.68090820 0.00000000
vt 0.54370117 0.69213867 0.00000000
vt 0.53100586 0.67553711 0.00000000
vt 0.55786133 0.66528320 0.00000000
vt 0.56127930 0.68505859 0.00000000
vt 0.57543945 0.70800781 0.00000000
vt 0.55981445 0.73291016 0.00000000
vt 0.52148438 0.67260742 0.00000000
vt 0.59106445 0.67993164 0.00000000
vt 0.54052734 0.65087891 0.00000000
vt 0.51391602 0.67187500 0.00000000
vt 0.57690430 0.67309570 0.00000000
vt 0.60375977 0.70141602 0.00000000
vt 0.59887695 0.73413086 0.00000000
vt 0.61743164 0.71508789 0.00000000
vt 0.60400391 0.67333984 0.00000000
vt 0.61791992 0.68896484 0.00000000
vt 0.63647461 0.69604492 0.00000000
vt 0.63232422 0.72534180 0.00000000
vt 0.65307617 0.71728516 0.00000000
vt 0.66137695 0.70849609 0.00000000
vt 0.59228516 0.64941406 0.00000000
vt 0.61694336 0.65600586 0.00000000
vt 0.60791016 0.62890625 0.00000000
vt 0.62573242 0.64355469 0.00000000
vt 0.56738281 0.64916992 0.00000000
vt 0.58691406 0.62060547 0.00000000
vt 0.56152344 0.63574219 0.00000000
vt 0.63305664 0.66650391 0.00000000
vt 0.64404297 0.65209961 0.00000000
vt 0.65039062 0.67114258 0.00000000
vt 0.66406250 0.66625977 0.00000000
vt 0.67114258 0.68579102 0.00000000
vt 0.58325195 0.59838867 0.00000000
vt 0.56396484 0.61621094 0.00000000
vt 0.54858398 0.63427734 0.00000000
vt 0.55810547 0.60156250 0.00000000
vt 0.53149414 0.63989258 0.00000000
vt 0.54516602 0.62109375 0.00000000
vt 0.55712891 0.60180664 0.00000000
vt 0.53881836 0.62255859 0.00000000
vt 0.54687500 0.60839844 0.00000000
vt 0.54248047 0.60717773 0.00000000
vt 0.52026367 0.65454102 0.00000000
vt 0.52856445 0.62597656 0.00000000
vt 0.52343750 0.64013672 0.00000000
vt 0.53662109 0.61279297 0.00000000
vt 0.54028320 0.60229492 0.00000000
vt 0.54077148 0.60498047 0.00000000
vt 0.52465820 0.61987305 0.00000000
vt 0.53100586 0.60888672 0.00000000
vt 0.52270508 0.60986328 0.00000000
vt 0.52905273 0.59350586 0.00000000
vt 0.51855469 0.63012695 0.00000000
vt 0.51977539 0.59375000 0.00000000
vt 0.51806641 0.60229492 0.00000000
vt 0.51367188 0.59741211 0.00000000
vt 0.51806641 0.60888672 0.00000000
vt 0.51367188 0.60864258 0.00000000
vt 0.50805664 0.59375000 0.00000000
vt 0.51489258 0.62207031 0.00000000
vt 0.51049805 0.61083984 0.00000000
vt 0.50292969 0.59643555 0.00000000
vt 0.50634766 0.61157227 0.00000000
vt 0.50488281 0.61816406 0.00000000
vt 0.50048828 0.59960938 0.00000000
vt 0.49926758 0.58496094 0.00000000
vt 0.49731445 0.60375977 0.00000000
vt 0.49096680 0.59106445 0.00000000
vt 0.49877930 0.61352539 0.00000000
vt 0.48754883 0.59814453 0.00000000
vt 0.48461914 0.58422852 0.00000000
vt 0.49414062 0.62084961 0.00000000
vt 0.49707031 0.63623047 0.00000000
vt 0.48901367 0.61718750 0.00000000
vt 0.48168945 0.59814453 0.00000000
vt 0.47924805 0.57641602 0.00000000
vt 0.48730469 0.62304688 0.00000000
vt 0.48168945 0.61621094 0.00000000
vt 0.48413086 0.63061523 0.00000000
vt 0.46997070 0.57885742 0.00000000
vt 0.47583008 0.57666016 0.00000000
vt 0.47949219 0.61987305 0.00000000
vt 0.47680664 0.62207031 0.00000000
vt 0.49462891 0.65307617 0.00000000
vt 0.51171875 0.64379883 0.00000000
vt 0.49755859 0.66162109 0.00000000
vt 0.48876953 0.67822266 0.00000000
vt 0.50244141 0.66406250 0.00000000
vt 0.51416016 0.64965820 0.00000000
vt 0.50024414 0.67016602 0.00000000
vt 0.50585938 0.66577148 0.00000000
vt 0.51708984 0.64819336 0.00000000
vt 0.51245117 0.66406250 0.00000000
vt 0.51635742 0.65502930 0.00000000
vt 0.51586914 0.65551758 0.00000000
vt 0.51611328 0.65551758 0.00000000
vt 0.28149414 0.39208984 0.00000000
vt 0.25952148 0.42724609 0.00000000
vt 0.24072266 0.40356445 0.00000000
vt 0.23071289 0.44409180 0.00000000
vt 0.21582031 0.42651367 0.00000000
vt 0.20776367 0.45800781 0.00000000
vt 0.23535156 0.48266602 0.00000000
vt 0.21679688 0.39965820 0.00000000
vt 0.22875977 0.36669922 0.00000000
vt 0.20385742 0.38671875 0.00000000
vt 0.21484375 0.36865234 0.00000000
vt 0.20800781 0.36108398 0.00000000
vt 0.18408203 0.36230469 0.00000000
vt 0.18554688 0.42065430 0.00000000
vt 0.18066406 0.37939453 0.00000000
vt 0.16845703 0.32714844 0.00000000
vt 0.15673828 0.35327148 0.00000000
vt 0.14697266 0.34301758 0.00000000
vt 0.16845703 0.39624023 0.00000000
vt 0.13452148 0.37963867 0.00000000
vt 0.14282227 0.38671875 0.00000000
vt 0.15502930 0.41699219 0.00000000
vt 0.19458008 0.45605469 0.00000000
vt 0.17553711 0.44384766 0.00000000
vt 0.13085938 0.41137695 0.00000000
vt 0.15087891 0.43579102 0.00000000
vt 0.17407227 0.46679688 0.00000000
vt 0.19799805 0.48510742 0.00000000
vt 0.21826172 0.49926758 0.00000000
vt 0.17138672 0.48681641 0.00000000
vt 0.19604492 0.50073242 0.00000000
vt 0.14428711 0.44799805 0.00000000
vt 0.12158203 0.42968750 0.00000000
vt 0.15820312 0.47290039 0.00000000
vt 0.12597656 0.46386719 0.00000000
vt 0.14013672 0.47485352 0.00000000
vt 0.12329102 0.40820312 0.00000000
vt 0.11059570 0.43969727 0.00000000
vt 0.10278320 0.42138672 0.00000000
vt 0.12060547 0.39404297 0.00000000
vt 0.10083008 0.45385742 0.00000000
vt 0.13842773 0.34594727 0.00000000
vt 0.15405273 0.31030273 0.00000000
vt 0.14013672 0.32373047 0.00000000
vt 0.09912109 0.43652344 0.00000000
vt 0.10473633 0.40917969 0.00000000
vt 0.12402344 0.37207031 0.00000000
vt 0.13330078 0.34179688 0.00000000
vt 0.13110352 0.33422852 0.00000000
vt 0.14038086 0.32031250 0.00000000
vt 0.12231445 0.33276367 0.00000000
vt 0.10278320 0.40161133 0.00000000
vt 0.11425781 0.38818359 0.00000000
vt 0.08959961 0.41796875 0.00000000
vt 0.10668945 0.38403320 0.00000000
vt 0.10791016 0.37841797 0.00000000
vt 0.11181641 0.37084961 0.00000000
vt 0.10620117 0.37158203 0.00000000
vt 0.11547852 0.35693359 0.00000000
vt 0.11572266 0.34716797 0.00000000
vt 0.10473633 0.36547852 0.00000000
vt 0.09326172 0.36083984 0.00000000
vt 0.11645508 0.32104492 0.00000000
vt 0.14013672 0.29345703 0.00000000
vt 0.08959961 0.33789062 0.00000000
vt 0.10546875 0.31323242 0.00000000
vt 0.12011719 0.29638672 0.00000000
vt 0.09155273 0.30322266 0.00000000
vt 0.08740234 0.26953125 0.00000000
vt 0.06958008 0.29394531 0.00000000
vt 0.05029297 0.28149414 0.00000000
vt 0.05981445 0.32958984 0.00000000
vt 0.03295898 0.31518555 0.00000000
vt 0.04833984 0.35888672 0.00000000
vt 0.07177734 0.36401367 0.00000000
vt 0.05615234 0.39135742 0.00000000
vt 0.01904297 0.35595703 0.00000000
vt 0.02612305 0.37231445 0.00000000
vt 0.02807617 0.41040039 0.00000000
vt 0.08105469 0.38159180 0.00000000
vt 0.06274414 0.40087891 0.00000000
vt 0.05541992 0.41455078 0.00000000
vt 0.04370117 0.41894531 0.00000000
vt 0.00000000 0.41162109 0.00000000
vt 0.02148438 0.44970703 0.00000000
vt 0.02807617 0.46362305 0.00000000
vt 0.06811523 0.41748047 0.00000000
vt 0.09228516 0.38745117 0.00000000
vt 0.06079102 0.42333984 0.00000000
vt 0.05566406 0.43847656 0.00000000
vt 0.08618164 0.40307617 0.00000000
vt 0.09619141 0.39428711 0.00000000
vt 0.06347656 0.43408203 0.00000000
vt 0.08422852 0.41577148 0.00000000
vt 0.07080078 0.42553711 0.00000000
vt 0.07324219 0.41992188 0.00000000
vt 0.08178711 0.42431641 0.00000000
vt 0.06347656 0.44091797 0.00000000
vt 0.07031250 0.43603516 0.00000000
vt 0.08520508 0.42700195 0.00000000
vt 0.08154297 0.43457031 0.00000000
vt 0.09033203 0.44335938 0.00000000
vt 0.07666016 0.44628906 0.00000000
vt 0.06323242 0.44628906 0.00000000
vt 0.08789062 0.45312500 0.00000000
vt 0.07470703 0.45410156 0.00000000
vt 0.10400391 0.46313477 0.00000000
vt 0.05078125 0.44580078 0.00000000
vt 0.05126953 0.45776367 0.00000000
vt 0.03125000 0.48022461 0.00000000
vt 0.06323242 0.46240234 0.00000000
vt 0.10229492 0.46459961 0.00000000
vt 0.07641602 0.46093750 0.00000000
vt 0.05468750 0.48291016 0.00000000
vt 0.02441406 0.49121094 0.00000000
vt 0.04858398 0.50585938 0.00000000
vt 0.06811523 0.46972656 0.00000000
vt 0.07885742 0.48706055 0.00000000
vt 0.06445312 0.51245117 0.00000000
vt 0.09155273 0.46850586 0.00000000
vt 0.08471680 0.47949219 0.00000000
vt 0.08129883 0.51953125 0.00000000
vt 0.06982422 0.54711914 0.00000000
vt 0.08740234 0.54492188 0.00000000
vt 0.09643555 0.50146484 0.00000000
vt 0.09619141 0.49072266 0.00000000
vt 0.09912109 0.48242188 0.00000000
vt 0.12353516 0.50512695 0.00000000
vt 0.10156250 0.51562500 0.00000000
vt 0.12280273 0.51684570 0.00000000
vt 0.11352539 0.54394531 0.00000000
vt 0.10107422 0.57812500 0.00000000
vt 0.11962891 0.59985352 0.00000000
vt 0.13208008 0.53930664 0.00000000
vt 0.12939453 0.56494141 0.00000000
vt 0.14892578 0.59765625 0.00000000
vt 0.13427734 0.62011719 0.00000000
vt 0.14379883 0.56591797 0.00000000
vt 0.17163086 0.55517578 0.00000000
vt 0.14038086 0.52099609 0.00000000
vt 0.18652344 0.54980469 0.00000000
vt 0.17480469 0.52905273 0.00000000
vt 0.14624023 0.51367188 0.00000000
vt 0.13330078 0.49584961 0.00000000
vt 0.16357422 0.51562500 0.00000000
vt 0.17944336 0.52465820 0.00000000
vt 0.16162109 0.50952148 0.00000000
vt 0.18066406 0.51391602 0.00000000
vt 0.14428711 0.49658203 0.00000000
vt 0.10668945 0.46997070 0.00000000
vt 0.15673828 0.48852539 0.00000000
vt 0.13330078 0.48754883 0.00000000
vt 0.12109375 0.47558594 0.00000000
vt 0.10815430 0.46142578 0.00000000
vt 0.17749023 0.50195312 0.00000000
vt 0.19750977 0.51708984 0.00000000
vt 0.59887695 0.86083984 0.00000000
vt 0.58544922 0.85668945 0.00000000
vt 0.60400391 0.84057617 0.00000000
vt 0.61791992 0.85864258 0.00000000
vt 0.62231445 0.84301758 0.00000000
vt 0.60473633 0.82739258 0.00000000
vt 0.65087891 0.86499023 0.00000000
vt 0.63842773 0.86987305 0.00000000
vt 0.62670898 0.82788086 0.00000000
vt 0.64941406 0.84350586 0.00000000
vt 0.60766602 0.82275391 0.00000000
vt 0.61596680 0.81958008 0.00000000
vt 0.59301758 0.80932617 0.00000000
vt 0.63623047 0.81909180 0.00000000
vt 0.67016602 0.87792969 0.00000000
vt 0.64697266 0.89746094 0.00000000
vt 0.66308594 0.85498047 0.00000000
vt 0.67993164 0.87304688 0.00000000
vt 0.68554688 0.90771484 0.00000000
vt 0.69458008 0.89624023 0.00000000
vt 0.68041992 0.86303711 0.00000000
vt 0.67260742 0.84399414 0.00000000
vt 0.64868164 0.83349609 0.00000000
vt 0.65722656 0.83813477 0.00000000
vt 0.65917969 0.83178711 0.00000000
vt 0.66723633 0.83959961 0.00000000
vt 0.67944336 0.84643555 0.00000000
vt 0.68261719 0.86108398 0.00000000
vt 0.67968750 0.83911133 0.00000000
vt 0.68554688 0.84838867 0.00000000
vt 0.68798828 0.86352539 0.00000000
vt 0.67041016 0.83593750 0.00000000
vt 0.70068359 0.88427734 0.00000000
vt 0.70263672 0.90136719 0.00000000
vt 0.69433594 0.85815430 0.00000000
vt 0.71923828 0.90039062 0.00000000
vt 0.70971680 0.88696289 0.00000000
vt 0.71850586 0.89477539 0.00000000
vt 0.70678711 0.88208008 0.00000000
vt 0.70312500 0.86450195 0.00000000
vt 0.68994141 0.84057617 0.00000000
vt 0.71728516 0.87695312 0.00000000
vt 0.72387695 0.89160156 0.00000000
vt 0.69604492 0.85058594 0.00000000
vt 0.72045898 0.87475586 0.00000000
vt 0.71240234 0.86499023 0.00000000
vt 0.72851562 0.87695312 0.00000000
vt 0.73266602 0.89404297 0.00000000
vt 0.73779297 0.88696289 0.00000000
vt 0.71679688 0.86083984 0.00000000
vt 0.70556641 0.85668945 0.00000000
vt 0.72192383 0.86206055 0.00000000
vt 0.75512695 0.87670898 0.00000000
vt 0.75024414 0.88940430 0.00000000
vt 0.71020508 0.84887695 0.00000000
vt 0.73901367 0.85571289 0.00000000
vt 0.75537109 0.85278320 0.00000000
vt 0.78515625 0.88134766 0.00000000
vt 0.73144531 0.84399414 0.00000000
vt 0.70800781 0.85083008 0.00000000
vt 0.70751953 0.85009766 0.00000000
vt 0.70751953 0.84960938 0.00000000
vt 0.70703125 0.84228516 0.00000000
vt 0.69091797 0.83398438 0.00000000
vt 0.72973633 0.83007812 0.00000000
vt 0.68188477 0.82958984 0.00000000
vt 0.70483398 0.83569336 0.00000000
vt 0.74755859 0.82983398 0.00000000
vt 0.73266602 0.82202148 0.00000000
vt 0.75268555 0.80883789 0.00000000
vt 0.76635742 0.82324219 0.00000000
vt 0.76025391 0.79199219 0.00000000
vt 0.77197266 0.79125977 0.00000000
vt 0.77563477 0.83203125 0.00000000
vt 0.74316406 0.80517578 0.00000000
vt 0.71313477 0.82373047 0.00000000
vt 0.72729492 0.79101562 0.00000000
vt 0.69653320 0.82910156 0.00000000
vt 0.70776367 0.81347656 0.00000000
vt 0.69506836 0.81958008 0.00000000
vt 0.70800781 0.80541992 0.00000000
vt 0.69116211 0.80883789 0.00000000
vt 0.68652344 0.82666016 0.00000000
vt 0.71679688 0.79248047 0.00000000
vt 0.74267578 0.77465820 0.00000000
vt 0.72119141 0.77758789 0.00000000
vt 0.68066406 0.81494141 0.00000000
vt 0.69409180 0.79589844 0.00000000
vt 0.72265625 0.76831055 0.00000000
vt 0.76538086 0.78295898 0.00000000
vt 0.75000000 0.75610352 0.00000000
vt 0.76708984 0.76147461 0.00000000
vt 0.76538086 0.75366211 0.00000000
vt 0.77026367 0.73413086 0.00000000
vt 0.77978516 0.75317383 0.00000000
vt 0.77587891 0.74267578 0.00000000
vt 0.77490234 0.73608398 0.00000000
vt 0.78491211 0.72583008 0.00000000
vt 0.75854492 0.73706055 0.00000000
vt 0.77587891 0.71655273 0.00000000
vt 0.74047852 0.73071289 0.00000000
vt 0.75854492 0.71508789 0.00000000
vt 0.72192383 0.70239258 0.00000000
vt 0.70898438 0.75952148 0.00000000
vt 0.70214844 0.73095703 0.00000000
vt 0.70117188 0.70166016 0.00000000
vt 0.71777344 0.67895508 0.00000000
vt 0.70434570 0.65942383 0.00000000
vt 0.67138672 0.70043945 0.00000000
vt 0.66918945 0.72241211 0.00000000
vt 0.68286133 0.75122070 0.00000000
vt 0.65722656 0.73706055 0.00000000
vt 0.69384766 0.76928711 0.00000000
vt 0.68603516 0.78979492 0.00000000
vt 0.65527344 0.75952148 0.00000000
vt 0.61718750 0.75170898 0.00000000
vt 0.67626953 0.76977539 0.00000000
vt 0.66210938 0.77954102 0.00000000
vt 0.61328125 0.76977539 0.00000000
vt 0.67578125 0.80590820 0.00000000
vt 0.65063477 0.79296875 0.00000000
vt 0.62695312 0.78393555 0.00000000
vt 0.66601562 0.80859375 0.00000000
vt 0.67260742 0.82153320 0.00000000
vt 0.66162109 0.81445312 0.00000000
vt 0.61230469 0.80346680 0.00000000
vt 0.58569336 0.80371094 0.00000000
vt 0.63891602 0.80664062 0.00000000
vt 0.66113281 0.82299805 0.00000000
vt 0.64257812 0.81225586 0.00000000
vt 0.67626953 0.83251953 0.00000000
vt 0.67187500 0.83691406 0.00000000
vt 0.67114258 0.83642578 0.00000000
vt 0.62451172 0.81152344 0.00000000
vt 0.61962891 0.80688477 0.00000000
vt 0.61889648 0.80688477 0.00000000
vt 0.61816406 0.80688477 0.00000000
vt 0.97631836 0.13378906 0.00000000
vt 0.99487305 0.14477539 0.00000000
vt 0.96875000 0.15136719 0.00000000
vt 0.95507812 0.14086914 0.00000000
vt 0.97875977 0.11499023 0.00000000
vt 0.94116211 0.14428711 0.00000000
vt 0.93798828 0.15722656 0.00000000
vt 0.97802734 0.16528320 0.00000000
vt 0.93652344 0.13037109 0.00000000
vt 0.94921875 0.11108398 0.00000000
vt 0.96435547 0.08959961 0.00000000
vt 0.98193359 0.10791016 0.00000000
vt 0.99340820 0.07153320 0.00000000
vt 0.92529297 0.15405273 0.00000000
vt 0.94042969 0.10424805 0.00000000
vt 0.97094727 0.06787109 0.00000000
vt 0.99975586 0.06152344 0.00000000
vt 0.97875977 0.04321289 0.00000000
vt 0.95507812 0.06640625 0.00000000
vt 0.95800781 0.05615234 0.00000000
vt 0.96166992 0.03515625 0.00000000
vt 0.98852539 0.01513672 0.00000000
vt 0.94531250 0.05834961 0.00000000
vt 0.94189453 0.07275391 0.00000000
vt 0.94946289 0.03393555 0.00000000
vt 0.95385742 0.01879883 0.00000000
vt 0.96582031 0.01586914 0.00000000
vt 0.94262695 0.02490234 0.00000000
vt 0.93920898 0.05371094 0.00000000
vt 0.94165039 0.06225586 0.00000000
vt 0.93359375 0.06713867 0.00000000
vt 0.93090820 0.05444336 0.00000000
vt 0.92578125 0.08764648 0.00000000
vt 0.93090820 0.10693359 0.00000000
vt 0.92504883 0.06982422 0.00000000
vt 0.92504883 0.13598633 0.00000000
vt 0.92285156 0.11254883 0.00000000
vt 0.92187500 0.10009766 0.00000000
vt 0.91870117 0.12768555 0.00000000
vt 0.92016602 0.09741211 0.00000000
vt 0.91870117 0.10473633 0.00000000
vt 0.91455078 0.09130859 0.00000000
vt 0.91821289 0.15502930 0.00000000
vt 0.91821289 0.17041016 0.00000000
vt 0.90966797 0.15600586 0.00000000
vt 0.92407227 0.17114258 0.00000000
vt 0.91284180 0.16723633 0.00000000
vt 0.94848633 0.17163086 0.00000000
vt 0.97485352 0.17651367 0.00000000
vt 0.95556641 0.18505859 0.00000000
vt 0.98242188 0.19018555 0.00000000
vt 0.93261719 0.18066406 0.00000000
vt 0.94677734 0.19091797 0.00000000
vt 0.92211914 0.17871094 0.00000000
vt 0.92797852 0.18432617 0.00000000
vt 0.91943359 0.18432617 0.00000000
vt 0.91552734 0.17675781 0.00000000
vt 0.91381836 0.18188477 0.00000000
vt 0.90747070 0.17333984 0.00000000
vt 0.90478516 0.16699219 0.00000000
vt 0.89892578 0.17333984 0.00000000
vt 0.90234375 0.15966797 0.00000000
vt 0.89257812 0.17602539 0.00000000
vt 0.89526367 0.15527344 0.00000000
vt 0.89208984 0.15185547 0.00000000
vt 0.90380859 0.14355469 0.00000000
vt 0.90625000 0.14990234 0.00000000
vt 0.91284180 0.13549805 0.00000000
vt 0.91088867 0.12890625 0.00000000
vt 0.91113281 0.11718750 0.00000000
vt 0.89892578 0.13061523 0.00000000
vt 0.90747070 0.11889648 0.00000000
vt 0.88623047 0.14721680 0.00000000
vt 0.88134766 0.16772461 0.00000000
vt 0.89013672 0.12524414 0.00000000
vt 0.87573242 0.14306641 0.00000000
vt 0.87207031 0.12011719 0.00000000
vt 0.89550781 0.12304688 0.00000000
vt 0.90063477 0.10742188 0.00000000
vt 0.90502930 0.09594727 0.00000000
vt 0.89868164 0.10766602 0.00000000
vt 0.87963867 0.09912109 0.00000000
vt 0.83935547 0.11376953 0.00000000
vt 0.85375977 0.09204102 0.00000000
vt 0.89794922 0.10644531 0.00000000
vt 0.89355469 0.10400391 0.00000000
vt 0.89794922 0.10620117 0.00000000
vt 0.89794922 0.10595703 0.00000000
vt 0.90258789 0.07177734 0.00000000
vt 0.90844727 0.07861328 0.00000000
vt 0.91796875 0.06909180 0.00000000
vt 0.90747070 0.05151367 0.00000000
vt 0.88696289 0.07763672 0.00000000
vt 0.86181641 0.07348633 0.00000000
vt 0.92675781 0.05810547 0.00000000
vt 0.84570312 0.07080078 0.00000000
vt 0.82373047 0.08374023 0.00000000
vt 0.83666992 0.05249023 0.00000000
vt 0.87377930 0.04882812 0.00000000
vt 0.84179688 0.02856445 0.00000000
vt 0.81176758 0.03930664 0.00000000
vt 0.81445312 0.01757812 0.00000000
vt 0.86791992 0.01684570 0.00000000
vt 0.84692383 0.01293945 0.00000000
vt 0.82299805 0.00390625 0.00000000
vt 0.79882812 0.00073242 0.00000000
vt 0.89111328 0.02587891 0.00000000
vt 0.89013672 0.00000000 0.00000000
vt 0.90698242 0.01757812 0.00000000
vt 0.89965820 0.04248047 0.00000000
vt 0.91552734 0.02685547 0.00000000
vt 0.92163086 0.04345703 0.00000000
vt 0.92578125 0.03344727 0.00000000
vt 0.92675781 0.01171875 0.00000000
vt 0.92309570 0.04589844 0.00000000
vt 0.93139648 0.01367188 0.00000000
vt 0.93310547 0.03417969 0.00000000
vt 0.93969727 0.01123047 0.00000000
vt 0.92773438 0.04321289 0.00000000
vt 0.92871094 0.05151367 0.00000000
vt 0.92871094 0.05126953 0.00000000
vt 0.92895508 0.05102539 0.00000000
vt 0.34570312 0.84448242 0.00000000
vt 0.32250977 0.86499023 0.00000000
vt 0.31884766 0.83569336 0.00000000
vt 0.34936523 0.86572266 0.00000000
vt 0.33740234 0.82153320 0.00000000
vt 0.35986328 0.84936523 0.00000000
vt 0.34521484 0.82788086 0.00000000
vt 0.35400391 0.82519531 0.00000000
vt 0.33886719 0.80517578 0.00000000
vt 0.36816406 0.88159180 0.00000000
vt 0.37622070 0.84570312 0.00000000
vt 0.39575195 0.85791016 0.00000000
vt 0.37182617 0.83105469 0.00000000
vt 0.35449219 0.81372070 0.00000000
vt 0.39453125 0.83471680 0.00000000
vt 0.37841797 0.80859375 0.00000000
vt 0.35278320 0.78881836 0.00000000
vt 0.32226562 0.78198242 0.00000000
vt 0.39941406 0.84301758 0.00000000
vt 0.40600586 0.87060547 0.00000000
vt 0.40283203 0.84033203 0.00000000
vt 0.40283203 0.84008789 0.00000000
vt 0.40258789 0.83984375 0.00000000
vt 0.40380859 0.83398438 0.00000000
vt 0.41186523 0.86425781 0.00000000
vt 0.39892578 0.83251953 0.00000000
vt 0.39233398 0.80883789 0.00000000
vt 0.38085938 0.78051758 0.00000000
vt 0.36181641 0.76049805 0.00000000
vt 0.34008789 0.76367188 0.00000000
vt 0.36108398 0.72192383 0.00000000
vt 0.37182617 0.73486328 0.00000000
vt 0.38452148 0.76953125 0.00000000
vt 0.36157227 0.70043945 0.00000000
vt 0.35668945 0.70800781 0.00000000
vt 0.37695312 0.71386719 0.00000000
vt 0.38452148 0.74047852 0.00000000
vt 0.38500977 0.71386719 0.00000000
vt 0.37792969 0.74707031 0.00000000
vt 0.38964844 0.74609375 0.00000000
vt 0.38647461 0.74926758 0.00000000
vt 0.40722656 0.75195312 0.00000000
vt 0.39990234 0.72387695 0.00000000
vt 0.41040039 0.74365234 0.00000000
vt 0.40966797 0.71801758 0.00000000
vt 0.43554688 0.73217773 0.00000000
vt 0.41259766 0.77099609 0.00000000
vt 0.42163086 0.76586914 0.00000000
vt 0.44433594 0.74072266 0.00000000
vt 0.44702148 0.76318359 0.00000000
vt 0.46508789 0.75122070 0.00000000
vt 0.42871094 0.79760742 0.00000000
vt 0.45410156 0.79321289 0.00000000
vt 0.48535156 0.75610352 0.00000000
vt 0.49584961 0.76708984 0.00000000
vt 0.45385742 0.80859375 0.00000000
vt 0.47656250 0.79565430 0.00000000
vt 0.50463867 0.77880859 0.00000000
vt 0.52148438 0.75683594 0.00000000
vt 0.47851562 0.80883789 0.00000000
vt 0.50463867 0.80078125 0.00000000
vt 0.54003906 0.77392578 0.00000000
vt 0.53051758 0.79663086 0.00000000
vt 0.55615234 0.78442383 0.00000000
vt 0.52172852 0.81958008 0.00000000
vt 0.46435547 0.81909180 0.00000000
vt 0.47998047 0.83056641 0.00000000
vt 0.50073242 0.82568359 0.00000000
vt 0.45068359 0.82739258 0.00000000
vt 0.46435547 0.84155273 0.00000000
vt 0.43164062 0.81811523 0.00000000
vt 0.43237305 0.84082031 0.00000000
vt 0.43847656 0.85717773 0.00000000
vt 0.42529297 0.83666992 0.00000000
vt 0.42065430 0.80566406 0.00000000
vt 0.41455078 0.83984375 0.00000000
vt 0.42553711 0.87036133 0.00000000
vt 0.40844727 0.80859375 0.00000000
vt 0.40722656 0.78881836 0.00000000
vt 0.40893555 0.83251953 0.00000000
vt 0.41479492 0.86132812 0.00000000
vt 0.39990234 0.78979492 0.00000000
vt 0.40380859 0.75708008 0.00000000
vt 0.39526367 0.77368164 0.00000000
vt 0.38891602 0.77050781 0.00000000
vt 0.39599609 0.80078125 0.00000000
vt 0.40283203 0.82202148 0.00000000
vt 0.38183594 0.75219727 0.00000000
vt 0.38159180 0.75170898 0.00000000
vt 0.39965820 0.81909180 0.00000000
vt 0.40258789 0.82299805 0.00000000
vt 0.40234375 0.82275391 0.00000000
vt 0.40234375 0.82250977 0.00000000
vt 0.98486328 0.30786133 0.00000000
vt 0.98168945 0.32714844 0.00000000
vt 0.98071289 0.30493164 0.00000000
vt 0.66210938 0.98559570 0.00000000
vt 0.67919922 0.99072266 0.00000000
vt 0.66528320 0.99316406 0.00000000
vt 0.65820312 0.99145508 0.00000000
vt 0.65478516 0.97387695 0.00000000
vt 0.66748047 0.97583008 0.00000000
vt 0.65136719 0.99560547 0.00000000
vt 0.64941406 0.98095703 0.00000000
vt 0.65258789 0.96728516 0.00000000
vt 0.64697266 0.99023438 0.00000000
vt 0.64355469 0.97338867 0.00000000
vt 0.63720703 0.98144531 0.00000000
vt 0.63818359 0.96264648 0.00000000
vt 0.63256836 0.97705078 0.00000000
vt 0.63061523 0.99145508 0.00000000
vt 0.62524414 0.99047852 0.00000000
vt 0.62304688 0.98193359 0.00000000
vt 0.62426758 0.97167969 0.00000000
vt 0.61669922 0.98144531 0.00000000
vt 0.63696289 0.95776367 0.00000000
vt 0.65307617 0.96191406 0.00000000
vt 0.61621094 0.97290039 0.00000000
vt 0.61035156 0.97998047 0.00000000
vt 0.62890625 0.95825195 0.00000000
vt 0.63720703 0.94897461 0.00000000
vt 0.63012695 0.94848633 0.00000000
vt 0.61767578 0.96923828 0.00000000
vt 0.62280273 0.95849609 0.00000000
vt 0.62182617 0.95019531 0.00000000
vt 0.62817383 0.93798828 0.00000000
vt 0.61914062 0.93579102 0.00000000
vt 0.61523438 0.96508789 0.00000000
vt 0.61303711 0.95507812 0.00000000
vt 0.61108398 0.94458008 0.00000000
vt 0.60424805 0.94165039 0.00000000
vt 0.60302734 0.96240234 0.00000000
vt 0.61010742 0.96679688 0.00000000
vt 0.61450195 0.92382812 0.00000000
vt 0.59936523 0.95117188 0.00000000
vt 0.60180664 0.93139648 0.00000000
vt 0.59790039 0.90625000 0.00000000
vt 0.59423828 0.94775391 0.00000000
vt 0.59399414 0.96215820 0.00000000
vt 0.59887695 0.97412109 0.00000000
vt 0.58691406 0.93457031 0.00000000
vt 0.58618164 0.90576172 0.00000000
vt 0.58325195 0.88769531 0.00000000
vt 0.58447266 0.94677734 0.00000000
vt 0.57983398 0.92919922 0.00000000
vt 0.58203125 0.89965820 0.00000000
vt 0.58203125 0.90039062 0.00000000
vt 0.57666016 0.90136719 0.00000000
vt 0.58105469 0.86572266 0.00000000
vt 0.59130859 0.97534180 0.00000000
vt 0.60888672 0.98730469 0.00000000
vt 0.57666016 0.95874023 0.00000000
vt 0.58398438 0.99560547 0.00000000
vt 0.56811523 0.98095703 0.00000000
vt 0.57373047 0.93505859 0.00000000
vt 0.56860352 0.94970703 0.00000000
vt 0.56738281 0.92626953 0.00000000
vt 0.57177734 0.89086914 0.00000000
vt 0.56396484 0.95727539 0.00000000
vt 0.56201172 0.97583008 0.00000000
vt 0.57006836 0.98999023 0.00000000
vt 0.56030273 0.96582031 0.00000000
vt 0.55175781 0.98486328 0.00000000
vt 0.55322266 0.96533203 0.00000000
vt 0.55541992 0.93237305 0.00000000
vt 0.54858398 0.96704102 0.00000000
vt 0.54711914 0.93847656 0.00000000
vt 0.54248047 0.97216797 0.00000000
vt 0.53710938 1.00000000 0.00000000
vt 0.53271484 0.97900391 0.00000000
vt 0.53588867 0.96997070 0.00000000
vt 0.52416992 0.98754883 0.00000000
vt 0.51879883 0.98779297 0.00000000
vt 0.52050781 0.98315430 0.00000000
vt 0.52978516 0.96826172 0.00000000
vt 0.51757812 0.97998047 0.00000000
vt 0.53295898 0.94555664 0.00000000
vt 0.52294922 0.96655273 0.00000000
vt 0.51513672 0.97509766 0.00000000
vt 0.49902344 0.99389648 0.00000000
vt 0.50292969 0.98095703 0.00000000
vt 0.51489258 0.97192383 0.00000000
vt 0.52294922 0.95312500 0.00000000
vt 0.54589844 0.90625000 0.00000000
vt 0.50219727 0.97900391 0.00000000
vt 0.49658203 0.98486328 0.00000000
vt 0.49462891 0.98217773 0.00000000
vt 0.51123047 0.97045898 0.00000000
vt 0.50341797 0.97363281 0.00000000
vt 0.49682617 0.97583008 0.00000000
vt 0.48242188 0.98803711 0.00000000
vt 0.49121094 0.97387695 0.00000000
vt 0.49877930 0.96972656 0.00000000
vt 0.50903320 0.96508789 0.00000000
vt 0.50219727 0.96459961 0.00000000
vt 0.50756836 0.95288086 0.00000000
vt 0.49462891 0.96386719 0.00000000
vt 0.47583008 0.98071289 0.00000000
vt 0.47094727 0.98706055 0.00000000
vt 0.48486328 0.97265625 0.00000000
vt 0.46850586 0.98266602 0.00000000
vt 0.47094727 0.97778320 0.00000000
vt 0.48364258 0.96875000 0.00000000
vt 0.47216797 0.97387695 0.00000000
vt 0.45678711 0.98339844 0.00000000
vt 0.49047852 0.95874023 0.00000000
vt 0.46484375 0.97460938 0.00000000
vt 0.45800781 0.97509766 0.00000000
vt 0.44970703 0.97485352 0.00000000
vt 0.47216797 0.96264648 0.00000000
vt 0.47998047 0.95898438 0.00000000
vt 0.48461914 0.95166016 0.00000000
vt 0.46020508 0.96630859 0.00000000
vt 0.47314453 0.95361328 0.00000000
vt 0.49096680 0.95141602 0.00000000
vt 0.46972656 0.95336914 0.00000000
vt 0.49609375 0.94335938 0.00000000
vt 0.48950195 0.94531250 0.00000000
vt 0.48608398 0.94238281 0.00000000
vt 0.48022461 0.94165039 0.00000000
vt 0.49316406 0.93334961 0.00000000
vt 0.48925781 0.93212891 0.00000000
vt 0.49951172 0.95288086 0.00000000
vt 0.50048828 0.94091797 0.00000000
vt 0.50366211 0.93090820 0.00000000
vt 0.50244141 0.92089844 0.00000000
vt 0.51123047 0.92919922 0.00000000
vt 0.51513672 0.94140625 0.00000000
vt 0.48999023 0.91625977 0.00000000
vt 0.51171875 0.89648438 0.00000000
vt 0.52514648 0.92797852 0.00000000
vt 0.52246094 0.93969727 0.00000000
vt 0.52612305 0.87011719 0.00000000
vt 0.50854492 0.86352539 0.00000000
vt 0.47900391 0.88281250 0.00000000
vt 0.47021484 0.89086914 0.00000000
vt 0.52441406 0.85180664 0.00000000
vt 0.50610352 0.84936523 0.00000000
vt 0.52392578 0.83789062 0.00000000
vt 0.48095703 0.92919922 0.00000000
vt 0.55102539 0.85107422 0.00000000
vt 0.54077148 0.84204102 0.00000000
vt 0.48657227 0.92968750 0.00000000
vt 0.47680664 0.93945312 0.00000000
vt 0.46826172 0.94360352 0.00000000
vt 0.46044922 0.93798828 0.00000000
vt 0.46264648 0.95214844 0.00000000
vt 0.45874023 0.96191406 0.00000000
vt 0.45019531 0.96166992 0.00000000
vt 0.45385742 0.95361328 0.00000000
vt 0.44555664 0.94750977 0.00000000
vt 0.43750000 0.95751953 0.00000000
vt 0.42089844 0.96484375 0.00000000
vt 0.42211914 0.98657227 0.00000000
vt 0.42553711 0.93383789 0.00000000
vt 0.44873047 0.93725586 0.00000000
vt 0.43920898 0.92626953 0.00000000
vt 0.46142578 0.92163086 0.00000000
vt 0.45385742 0.90869141 0.00000000
vt 0.61083984 0.97314453 0.00000000
vt 0.61425781 0.98876953 0.00000000
vt 0.55517578 0.82275391 0.00000000
vt 0.54711914 0.82446289 0.00000000
vt 0.54345703 0.81567383 0.00000000
vt 0.52197266 0.82666016 0.00000000
vt 0.54345703 0.83203125 0.00000000
vt 0.55737305 0.82861328 0.00000000
vt 0.54296875 0.83886719 0.00000000
vt 0.54370117 0.83984375 0.00000000
vt 0.55615234 0.84619141 0.00000000
vt 0.56250000 0.82812500 0.00000000
vt 0.56762695 0.84130859 0.00000000
vt 0.55200195 0.87402344 0.00000000
vt 0.55200195 0.91015625 0.00000000
vt 0.55957031 0.87255859 0.00000000
vt 0.57031250 0.85424805 0.00000000
vt 0.57763672 0.84887695 0.00000000
vt 0.56396484 0.91772461 0.00000000
vt 0.56298828 0.89282227 0.00000000
vt 0.56835938 0.89160156 0.00000000
vt 0.56640625 0.88818359 0.00000000
vt 0.56640625 0.88891602 0.00000000
vt 0.38696289 0.93457031 0.00000000
vt 0.38549805 0.92553711 0.00000000
vt 0.39526367 0.90966797 0.00000000
vt 0.38159180 0.94018555 0.00000000
vt 0.37841797 0.93920898 0.00000000
vt 0.39184570 0.90576172 0.00000000
vt 0.39526367 0.89379883 0.00000000
vt 0.40112305 0.88061523 0.00000000
vt 0.39624023 0.87866211 0.00000000
vt 0.39428711 0.86914062 0.00000000
vt 0.39111328 0.88012695 0.00000000
vt 0.38940430 0.90332031 0.00000000
vt 0.38403320 0.89868164 0.00000000
vt 0.37988281 0.88183594 0.00000000
vt 0.37573242 0.91406250 0.00000000
vt 0.37133789 0.93432617 0.00000000
vt 0.37695312 0.89233398 0.00000000
vt 0.37231445 0.88891602 0.00000000
vt 0.36547852 0.88769531 0.00000000
vt 0.36743164 0.92236328 0.00000000
vt 0.36645508 0.94140625 0.00000000
vt 0.36059570 0.92700195 0.00000000
vt 0.35302734 0.91186523 0.00000000
vt 0.35107422 0.87841797 0.00000000
vt 0.34912109 0.93066406 0.00000000
vt 0.33813477 0.90893555 0.00000000
vt 0.66186523 0.13085938 0.00000000
vt 0.65991211 0.13500977 0.00000000
vt 0.67187500 0.13256836 0.00000000
vt 0.63500977 0.12963867 0.00000000
vt 0.63891602 0.12451172 0.00000000
vt 0.66162109 0.12622070 0.00000000
vt 0.67919922 0.13305664 0.00000000
vt 0.68212891 0.12939453 0.00000000
vt 0.65820312 0.11840820 0.00000000
vt 0.66137695 0.11621094 0.00000000
vt 0.63012695 0.11547852 0.00000000
vt 0.60815430 0.12475586 0.00000000
vt 0.64404297 0.11108398 0.00000000
vt 0.60546875 0.10888672 0.00000000
vt 0.62768555 0.09936523 0.00000000
vt 0.57006836 0.11914062 0.00000000
vt 0.54272461 0.13330078 0.00000000
vt 0.56225586 0.10522461 0.00000000
vt 0.59594727 0.08715820 0.00000000
vt 0.64355469 0.09594727 0.00000000
vt 0.56982422 0.08398438 0.00000000
vt 0.54858398 0.09472656 0.00000000
vt 0.56127930 0.06176758 0.00000000
vt 0.59057617 0.06347656 0.00000000
vt 0.62866211 0.06787109 0.00000000
vt 0.61010742 0.04833984 0.00000000
vt 0.58862305 0.03466797 0.00000000
vt 0.56054688 0.03173828 0.00000000
vt 0.59545898 0.00708008 0.00000000
vt 0.56396484 0.00732422 0.00000000
vt 0.62475586 0.00000000 0.00000000
vt 0.61059570 0.03051758 0.00000000
vt 0.63916016 0.00048828 0.00000000
vt 0.65527344 0.01391602 0.00000000
vt 0.63769531 0.03857422 0.00000000
vt 0.67333984 0.03466797 0.00000000
vt 0.64868164 0.04565430 0.00000000
vt 0.66137695 0.07788086 0.00000000
vt 0.67016602 0.06494141 0.00000000
vt 0.65014648 0.08447266 0.00000000
vt 0.67260742 0.08715820 0.00000000
vt 0.66552734 0.08789062 0.00000000
vt 0.66967773 0.09399414 0.00000000
vt 0.66137695 0.09375000 0.00000000
vt 0.65966797 0.10058594 0.00000000
vt 0.68505859 0.10034180 0.00000000
vt 0.66333008 0.09741211 0.00000000
vt 0.67578125 0.10717773 0.00000000
vt 0.66381836 0.10717773 0.00000000
vt 0.67211914 0.11596680 0.00000000
vt 0.65625000 0.11010742 0.00000000
vt 0.67895508 0.12036133 0.00000000
vt 0.78417969 0.77148438 0.00000000
vt 0.79882812 0.75659180 0.00000000
vt 0.80468750 0.74169922 0.00000000
vt 0.79785156 0.78784180 0.00000000
vt 0.81640625 0.78881836 0.00000000
vt 0.82885742 0.75292969 0.00000000
vt 0.82714844 0.76879883 0.00000000
vt 0.84277344 0.78198242 0.00000000
vt 0.80346680 0.81420898 0.00000000
vt 0.84423828 0.81323242 0.00000000
vt 0.82006836 0.80249023 0.00000000
vt 0.86035156 0.79638672 0.00000000
vt 0.88354492 0.79736328 0.00000000
vt 0.87524414 0.81469727 0.00000000
vt 0.85668945 0.83496094 0.00000000
vt 0.83129883 0.83325195 0.00000000
vt 0.84130859 0.85424805 0.00000000
vt 0.81298828 0.83593750 0.00000000
vt 0.81323242 0.85302734 0.00000000
vt 0.81713867 0.87255859 0.00000000
vt 0.79003906 0.86230469 0.00000000
vt 0.05444336 0.89843750 0.00000000
vt 0.05200195 0.93286133 0.00000000
vt 0.03710938 0.88964844 0.00000000
vt 0.03588867 0.87622070 0.00000000
vt 0.01171875 0.86938477 0.00000000
vt 0.08618164 0.88378906 0.00000000
vt 0.06640625 0.86376953 0.00000000

# 1939 vertex normals
vn 0.01574803 0.01574803 1.00000000
vn -0.00787402 0.00000000 1.00000000
vn 0.00000000 -0.00787402 1.00000000
vn -0.01574803 -0.03149606 1.00000000
vn 0.03149606 0.00787402 1.00000000
vn -0.00787402 0.03149606 1.00000000
vn 0.03937008 0.01574803 1.00000000
vn 0.03149606 0.01574803 1.00000000
vn 0.03149606 0.02362205 1.00000000
vn 0.03937008 0.03149606 1.00000000
vn 0.02362205 0.03937008 1.00000000
vn 0.02362205 0.02362205 1.00000000
vn 0.02362205 0.01574803 1.00000000
vn 0.02362205 0.04724409 1.00000000
vn -0.02362205 0.00000000 1.00000000
vn 0.01574803 0.05511811 1.00000000
vn 0.00787402 0.03937008 1.00000000
vn 0.01574803 0.04724409 1.00000000
vn -0.00787402 0.05511811 1.00000000
vn -0.03149606 0.04724409 1.00000000
vn -0.02362205 0.04724409 1.00000000
vn 0.00787402 0.06299213 1.00000000
vn 0.00787402 0.08661418 1.00000000
vn 0.00787402 0.05511811 1.00000000
vn -0.00787402 0.08661418 0.99212599
vn -0.03937008 0.03937008 1.00000000
vn -0.03149606 0.01574803 1.00000000
vn 0.00787402 0.09448819 0.99212599
vn 0.01574803 0.11811024 0.99212599
vn 0.01574803 0.15748031 0.98425198
vn 0.00787402 0.12598425 0.99212599
vn -0.13385826 -0.05511811 0.99212599
vn -0.10236220 -0.07086614 0.99212599
vn -0.10236220 -0.07874016 0.99212599
vn -0.17322835 -0.03149606 0.98425198
vn -0.08661418 -0.02362205 1.00000000
vn 0.00787402 0.00787402 1.00000000
vn 0.00000000 0.05511811 1.00000000
vn -0.11811024 -0.00787402 0.99212599
vn -0.16535433 0.03937008 0.98425198
vn -0.15748031 0.04724409 0.98425198
vn -0.02362205 0.08661418 0.99212599
vn 0.00000000 0.11023622 0.99212599
vn 0.01574803 0.10236220 0.99212599
vn 0.00000000 0.14960630 0.98425198
vn 0.00787402 0.14960630 0.99212599
vn 0.01574803 0.21259843 0.97637796
vn -0.09448819 0.10236220 0.99212599
vn -0.12598425 0.13385826 0.98425198
vn 0.02362205 0.29133859 0.96062994
vn -0.04724409 0.17322835 0.98425198
vn 0.02362205 0.25196850 0.96850395
vn -0.19685039 0.25984251 0.94488192
vn 0.02362205 0.32283464 0.94488192
vn 0.01574803 0.18110237 0.98425198
vn -0.05511811 0.25196850 0.96850395
vn -0.05511811 0.45669290 0.88976377
vn 0.02362205 0.44094488 0.89763778
vn 0.00787402 0.22834645 0.97637796
vn 0.01574803 0.25196850 0.96850395
vn 0.01574803 0.24409449 0.96850395
vn 0.01574803 0.40157479 0.91338581
vn 0.01574803 0.40944880 0.91338581
vn 0.01574803 0.26771653 0.96062994
vn 0.00787402 0.26771653 0.96062994
vn 0.00787402 0.34645671 0.93700784
vn 0.00000000 0.26771653 0.96062994
vn -0.00787402 0.47244096 0.88188976
vn -0.00787402 0.68503934 0.73228347
vn 0.00000000 0.93700784 0.35433072
vn -0.01574803 0.96062994 0.29133859
vn 0.00000000 0.92913383 0.37795275
vn 0.04724409 0.86614174 0.50393701
vn 0.03937008 0.91338581 0.40157479
vn 0.06299213 0.95275593 0.28346455
vn 0.01574803 0.97637796 0.20472440
vn 0.04724409 0.99212599 0.11023622
vn 0.00000000 0.96850395 0.23622048
vn 0.01574803 0.99212599 0.09448819
vn 0.00000000 0.99212599 0.14960630
vn 0.03937008 1.00000000 0.04724409
vn 0.03937008 1.00000000 -0.01574803
vn 0.03937008 1.00000000 0.01574803
vn 0.00787402 1.00000000 0.04724409
vn 0.00000000 1.00000000 0.07874016
vn 0.01574803 1.00000000 0.01574803
vn 0.04724409 1.00000000 0.00787402
vn 0.00787402 1.00000000 0.02362205
vn 0.00787402 1.00000000 0.01574803
vn 0.02362205 1.00000000 -0.00787402
vn 0.00000000 1.00000000 0.03149606
vn 0.01574803 1.00000000 0.00000000
vn 0.00787402 1.00000000 0.00787402
vn 0.03937008 1.00000000 -0.00787402
vn 0.00787402 1.00000000 0.00000000
vn -0.01574803 1.00000000 0.06299213
vn 0.03149606 1.00000000 0.00787402
vn 0.01574803 1.00000000 -0.01574803
vn 0.00000000 1.00000000 0.00000000
vn -0.02362205 1.00000000 0.04724409
vn -0.02362205 1.00000000 0.02362205
vn -0.02362205 1.00000000 0.03149606
vn -0.00787402 1.00000000 0.02362205
vn 0.00000000 1.00000000 0.00787402
vn -0.01574803 1.00000000 0.03149606
vn -0.00787402 1.00000000 0.05511811
vn -0.00787402 1.00000000 0.01574803
vn -0.00787402 1.00000000 0.00787402
vn -0.00787402 1.00000000 0.03937008
vn -0.01574803 1.00000000 0.02362205
vn 0.00000000 1.00000000 0.01574803
vn -0.01574803 1.00000000 0.01574803
vn -0.02362205 1.00000000 0.03937008
vn -0.00787402 1.00000000 0.03149606
vn 0.00000000 1.00000000 0.02362205
vn 0.02362205 1.00000000 0.00000000
vn 0.03149606 1.00000000 0.00000000
vn 0.00000000 1.00000000 -0.00787402
vn -0.00787402 1.00000000 0.00000000
vn -0.02362205 1.00000000 0.00000000
vn -0.01574803 1.00000000 -0.02362205
vn -0.02362205 1.00000000 0.00787402
vn -0.03149606 1.00000000 0.03149606
vn -0.02362205 1.00000000 0.05511811
vn -0.00787402 1.00000000 0.04724409
vn -0.01574803 0.99212599 0.12598425
vn -0.02362205 1.00000000 0.07086614
vn -0.00787402 1.00000000 0.06299213
vn 0.00000000 0.99212599 0.11023622
vn -0.00787402 0.97637796 0.22047244
vn 0.01574803 1.00000000 0.02362205
vn 0.00000000 0.98425198 0.17322835
vn -0.00787402 1.00000000 0.08661418
vn 0.02362205 0.94488192 0.32283464
vn -0.03937008 1.00000000 0.03149606
vn -0.00787402 1.00000000 0.07086614
vn -0.00787402 0.99212599 0.14960630
vn -0.01574803 0.99212599 0.11023622
vn 0.01574803 0.97637796 0.22047244
vn -0.00787402 0.95275593 0.31496063
vn 0.03149606 0.80314958 0.59055120
vn 0.02362205 0.49606299 0.86614174
vn 0.03149606 0.33858266 0.93700784
vn 0.03149606 0.33070865 0.94488192
vn 0.03149606 0.25196850 0.96850395
vn 0.02362205 0.31496063 0.94488192
vn 0.02362205 0.48031497 0.87401575
vn 0.02362205 0.86614174 0.50393701
vn 0.05511811 0.83464569 0.54330707
vn 0.18897638 0.84251970 0.49606299
vn 0.01574803 -0.01574803 1.00000000
vn 0.03937008 -0.00787402 1.00000000
vn 0.01574803 -0.03149606 1.00000000
vn -0.00787402 -0.03149606 1.00000000
vn -0.01574803 -0.02362205 1.00000000
vn -0.01574803 -0.03937008 1.00000000
vn -0.02362205 -0.03937008 1.00000000
vn 0.00000000 -0.03149606 1.00000000
vn 0.01574803 0.00000000 1.00000000
vn 0.00787402 0.01574803 1.00000000
vn -0.00787402 -0.02362205 1.00000000
vn 0.00787402 0.02362205 1.00000000
vn -0.00787402 0.00787402 1.00000000
vn -0.00787402 -0.01574803 1.00000000
vn 0.00787402 0.00000000 1.00000000
vn 0.02362205 -0.04724409 1.00000000
vn 0.00000000 0.01574803 1.00000000
vn 0.02362205 -0.02362205 1.00000000
vn 0.03149606 -0.02362205 1.00000000
vn 0.04724409 -0.03149606 1.00000000
vn 0.02362205 -0.09448819 0.99212599
vn 0.02362205 -0.03937008 1.00000000
vn 0.03149606 -0.08661418 0.99212599
vn 0.03149606 -0.12598425 0.99212599
vn 0.02362205 -0.10236220 0.99212599
vn 0.00787402 -0.07874016 1.00000000
vn 0.00000000 -0.07874016 1.00000000
vn -0.01574803 -0.07874016 1.00000000
vn 0.00000000 -0.12598425 0.99212599
vn 0.01574803 -0.14173228 0.99212599
vn 0.02362205 -0.14960630 0.99212599
vn 0.03149606 -0.18110237 0.98425198
vn 0.01574803 -0.15748031 0.98425198
vn 0.00787402 -0.21259843 0.97637796
vn -0.00787402 -0.18110237 0.98425198
vn 0.01574803 -0.21259843 0.97637796
vn 0.02362205 -0.21259843 0.97637796
vn 0.02362205 -0.23622048 0.96850395
vn 0.00000000 -0.26771653 0.96062994
vn 0.01574803 -0.32283464 0.94488192
vn 0.01574803 -0.31496063 0.94488192
vn 0.01574803 -0.29921260 0.95275593
vn 0.01574803 -0.40157479 0.91338581
vn 0.00000000 -0.39370078 0.92125982
vn 0.01574803 -0.35433072 0.93700784
vn 0.01574803 -0.62992126 0.77952754
vn 0.01574803 -0.92913383 0.37007874
vn 0.00787402 -0.32283464 0.94488192
vn 0.00787402 -0.27559054 0.96062994
vn 0.00000000 -0.96850395 0.24409449
vn 0.02362205 -0.38582677 0.92125982
vn 0.02362205 -0.42519686 0.90551180
vn 0.02362205 -0.48818898 0.87401575
vn 0.00787402 -0.38582677 0.92125982
vn 0.00787402 -0.43307087 0.90551180
vn 0.00787402 -0.48031497 0.87401575
vn 0.00000000 -0.44094488 0.89763778
vn 0.00787402 -0.50393701 0.86614174
vn 0.00000000 -0.61417323 0.78740156
vn 0.00000000 -0.68503934 0.72440946
vn 0.00000000 -0.59055120 0.80314958
vn 0.00787402 -0.62204725 0.78740156
vn 0.00000000 -0.59842521 0.80314958
vn 0.03149606 -0.88976377 0.45669290
vn 0.02362205 -0.82677168 0.55905509
vn 0.01574803 -0.70078743 0.71653545
vn 0.03149606 -0.71653545 0.70078743
vn 0.02362205 -0.87401575 0.48031497
vn 0.04724409 -0.95275593 0.30708662
vn 0.03937008 -0.97637796 0.22047244
vn -0.03149606 -0.99212599 0.09448819
vn -0.11811024 -0.98425198 0.11023622
vn 0.02362205 -0.99212599 0.12598425
vn 0.06299213 -0.96850395 0.22834645
vn 0.04724409 -0.99212599 0.11023622
vn 0.00787402 -1.00000000 0.04724409
vn -0.09448819 -0.99212599 0.04724409
vn -0.03149606 -1.00000000 0.03149606
vn 0.00000000 -1.00000000 0.00787402
vn 0.00000000 -1.00000000 0.00000000
vn 0.03149606 -1.00000000 0.00000000
vn 0.02362205 -1.00000000 -0.00787402
vn 0.04724409 -1.00000000 0.04724409
vn 0.03149606 -1.00000000 0.07874016
vn 0.05511811 -1.00000000 0.01574803
vn 0.07086614 -1.00000000 0.03149606
vn 0.04724409 -0.99212599 0.11811024
vn 0.03937008 -1.00000000 0.06299213
vn 0.01574803 -0.99212599 0.14173228
vn -0.00787402 -0.99212599 0.08661418
vn 0.03149606 -1.00000000 0.04724409
vn 0.02362205 -1.00000000 0.07086614
vn 0.00787402 -1.00000000 0.06299213
vn -0.00787402 -0.99212599 0.09448819
vn 0.00787402 -1.00000000 0.07086614
vn -0.01574803 -1.00000000 0.07086614
vn 0.03937008 -1.00000000 0.01574803
vn 0.00000000 -1.00000000 0.06299213
vn 0.03937008 -1.00000000 0.03149606
vn 0.01574803 -1.00000000 0.03149606
vn 0.02362205 -1.00000000 0.00000000
vn 0.03149606 -1.00000000 0.01574803
vn 0.00000000 -1.00000000 0.03937008
vn 0.01574803 -1.00000000 0.02362205
vn 0.03149606 -1.00000000 0.00787402
vn 0.04724409 -1.00000000 0.01574803
vn 0.03149606 -1.00000000 0.03937008
vn 0.02362205 -1.00000000 0.03149606
vn 0.09448819 -0.99212599 -0.02362205
vn 0.04724409 -1.00000000 0.00787402
vn 0.03937008 -1.00000000 -0.01574803
vn 0.01574803 -1.00000000 0.00787402
vn 0.01574803 -1.00000000 0.00000000
vn -0.00787402 -1.00000000 -0.01574803
vn 0.00000000 -1.00000000 -0.02362205
vn 0.00000000 -1.00000000 -0.03149606
vn -0.02362205 -1.00000000 -0.04724409
vn -0.01574803 -1.00000000 -0.03149606
vn -0.03149606 -1.00000000 -0.02362205
vn -0.01574803 -1.00000000 -0.01574803
vn 0.00000000 -1.00000000 -0.00787402
vn -0.00787402 -1.00000000 0.00000000
vn -0.00787402 -1.00000000 0.01574803
vn 0.00787402 -1.00000000 0.01574803
vn 0.00787402 -1.00000000 0.00000000
vn 0.00000000 -1.00000000 0.01574803
vn -0.00787402 -1.00000000 0.03149606
vn -0.00787402 -1.00000000 0.03937008
vn -0.03149606 -1.00000000 0.05511811
vn -0.02362205 -1.00000000 0.02362205
vn 0.04724409 -1.00000000 0.00000000
vn 0.07086614 -0.99212599 -0.05511811
vn -0.01574803 -1.00000000 0.02362205
vn 0.00787402 -1.00000000 -0.02362205
vn -0.02362205 -1.00000000 0.03937008
vn -0.01574803 -1.00000000 0.03937008
vn 0.00787402 -1.00000000 0.03149606
vn 0.02362205 -1.00000000 0.00787402
vn -0.03149606 -1.00000000 0.02362205
vn -0.03149606 -1.00000000 0.07086614
vn -0.02362205 -1.00000000 0.04724409
vn -0.00787402 -1.00000000 0.02362205
vn 0.00787402 -1.00000000 0.02362205
vn 0.06299213 -1.00000000 -0.03937008
vn 0.07086614 -1.00000000 -0.02362205
vn 0.02362205 -1.00000000 -0.03149606
vn 0.00787402 -1.00000000 0.00787402
vn 0.00000000 -1.00000000 0.03149606
vn 0.02362205 -1.00000000 -0.02362205
vn -0.01574803 -1.00000000 0.01574803
vn 0.00000000 -1.00000000 0.05511811
vn -0.01574803 0.00787402 1.00000000
vn -0.03149606 0.03937008 1.00000000
vn -0.01574803 -0.01574803 1.00000000
vn -0.03149606 0.03149606 1.00000000
vn -0.02362205 0.01574803 1.00000000
vn -0.02362205 0.00787402 1.00000000
vn -0.03937008 0.04724409 1.00000000
vn -0.02362205 0.03937008 1.00000000
vn -0.01574803 0.02362205 1.00000000
vn -0.02362205 0.03149606 1.00000000
vn -0.03149606 0.02362205 1.00000000
vn -0.03149606 0.00787402 1.00000000
vn -0.04724409 -0.01574803 1.00000000
vn -0.07086614 0.01574803 1.00000000
vn -0.07874016 0.03149606 1.00000000
vn -0.08661418 0.03149606 0.99212599
vn -0.09448819 0.02362205 0.99212599
vn -0.20472440 0.04724409 0.97637796
vn -0.11023622 0.00000000 0.99212599
vn -0.09448819 -0.02362205 0.99212599
vn -0.18897638 -0.01574803 0.98425198
vn -0.15748031 0.01574803 0.98425198
vn -0.15748031 0.03149606 0.98425198
vn -0.27559054 0.00000000 0.96062994
vn -0.29921260 -0.03937008 0.95275593
vn -0.63779527 0.00787402 0.77165353
vn -0.38582677 0.01574803 0.92125982
vn -0.25196850 0.02362205 0.96850395
vn -0.26771653 0.03149606 0.96062994
vn -0.48818898 0.02362205 0.87401575
vn -0.66141731 0.02362205 0.74803150
vn -0.44881889 0.03937008 0.88976377
vn -0.32283464 0.07086614 0.94488192
vn -0.24409449 0.04724409 0.96850395
vn -0.70866144 0.02362205 0.70866144
vn -0.64566928 0.03937008 0.76377952
vn -0.54330707 0.04724409 0.84251970
vn -0.71653545 0.03149606 0.69291341
vn -0.80314958 0.02362205 0.59055120
vn -0.77952754 0.02362205 0.62204725
vn -0.81889760 0.02362205 0.57480317
vn -0.76377952 0.01574803 0.64566928
vn -0.93700784 -0.00787402 0.35433072
vn -0.74803150 0.00787402 0.66141731
vn -0.83464569 0.00787402 0.55118108
vn -0.90551180 0.00787402 0.42519686
vn -0.96062994 0.02362205 0.26771653
vn -0.89763778 0.00000000 0.44094488
vn -0.97637796 -0.01574803 0.22047244
vn -0.99212599 -0.00787402 0.11811024
vn -1.00000000 0.03149606 0.07874016
vn -0.98425198 -0.01574803 0.16535433
vn -0.99212599 -0.04724409 0.07874016
vn -1.00000000 -0.02362205 0.03149606
vn -1.00000000 -0.00787402 0.04724409
vn -0.99212599 0.03937008 0.07874016
vn -1.00000000 0.06299213 0.06299213
vn -0.99212599 0.06299213 0.07086614
vn -0.99212599 -0.05511811 0.07874016
vn -0.99212599 -0.02362205 0.11811024
vn -0.99212599 0.01574803 0.08661418
vn -1.00000000 0.03937008 0.07874016
vn -0.99212599 -0.04724409 0.08661418
vn -0.99212599 -0.07086614 0.07086614
vn -1.00000000 -0.03937008 0.07874016
vn -0.99212599 -0.03149606 0.09448819
vn -1.00000000 0.02362205 0.07086614
vn -1.00000000 -0.03937008 0.05511811
vn -1.00000000 0.03149606 0.06299213
vn -0.99212599 0.01574803 0.11023622
vn -0.99212599 0.01574803 0.10236220
vn -1.00000000 -0.02362205 0.06299213
vn -1.00000000 0.00000000 0.07086614
vn -1.00000000 0.00000000 0.05511811
vn -0.99212599 0.00000000 0.11023622
vn -0.99212599 -0.01574803 0.11023622
vn -0.99212599 -0.02362205 0.11023622
vn -1.00000000 -0.03937008 0.06299213
vn -1.00000000 -0.04724409 0.05511811
vn -1.00000000 -0.04724409 0.07086614
vn -1.00000000 -0.00787402 0.03937008
vn -0.99212599 -0.02362205 0.10236220
vn -0.99212599 -0.01574803 0.09448819
vn -0.99212599 -0.00787402 0.14960630
vn -0.99212599 0.00787402 0.14960630
vn -0.97637796 0.00000000 0.21259843
vn -0.97637796 0.00000000 0.20472440
vn -0.92913383 0.00787402 0.36220473
vn -0.93700784 0.01574803 0.35433072
vn -0.93700784 0.01574803 0.33858266
vn 0.03149606 -0.00787402 1.00000000
vn 0.02362205 0.18110237 0.98425198
vn 0.04724409 0.12598425 0.99212599
vn 0.03937008 0.02362205 1.00000000
vn 0.07086614 0.20472440 0.97637796
vn 0.05511811 0.26771653 0.96062994
vn 0.03937008 0.29921260 0.95275593
vn 0.08661418 0.22834645 0.96850395
vn 0.12598425 0.14960630 0.98425198
vn 0.01574803 0.39370078 0.92125982
vn 0.02362205 0.19685039 0.97637796
vn 0.14960630 0.18897638 0.96850395
vn 0.02362205 0.88188976 0.47244096
vn 0.26771653 0.18897638 0.94488192
vn 0.19685039 0.21259843 0.95275593
vn 0.03937008 0.28346455 0.96062994
vn 0.02362205 0.73228347 0.68503934
vn 0.13385826 0.78740156 0.60629922
vn 0.36220473 0.66929132 0.65354329
vn 0.15748031 0.90551180 0.40157479
vn 0.00787402 0.92125982 0.40157479
vn 0.51968503 0.23622048 0.81889760
vn 0.41732284 0.14173228 0.89763778
vn -0.00787402 0.96062994 0.28346455
vn 0.08661418 0.94488192 0.32283464
vn -0.01574803 0.97637796 0.22834645
vn 0.01574803 0.95275593 0.31496063
vn 0.03149606 0.99212599 0.08661418
vn 0.14173228 0.96062994 0.25196850
vn 0.35433072 0.86614174 0.35433072
vn 0.32283464 0.93700784 0.14173228
vn 0.53543305 0.68503934 0.49606299
vn 0.61417323 0.71653545 0.33070865
vn 0.71653545 0.51181102 0.48031497
vn 0.81102359 0.24409449 0.53543305
vn 0.81889760 0.48031497 0.31496063
vn 0.70866144 0.69291341 0.11023622
vn 0.33070865 0.94488192 0.05511811
vn 0.92125982 0.38582677 0.02362205
vn 0.62204725 0.78740156 0.03937008
vn 0.87401575 0.48031497 0.00000000
vn 0.59842521 0.80314958 0.00000000
vn 0.95275593 0.31496063 -0.01574803
vn 0.12598425 0.99212599 -0.02362205
vn 0.93700784 0.20472440 0.27559054
vn 0.06299213 1.00000000 0.00787402
vn 0.00787402 1.00000000 -0.01574803
vn 0.97637796 0.22834645 -0.00787402
vn 0.98425198 0.18897638 -0.00787402
vn 0.99212599 0.12598425 0.02362205
vn 0.99212599 0.12598425 -0.00787402
vn 0.00787402 1.00000000 -0.03937008
vn 1.00000000 0.07874016 0.00787402
vn 1.00000000 0.06299213 -0.00787402
vn 0.98425198 0.08661418 0.14173228
vn 1.00000000 0.04724409 0.00000000
vn 1.00000000 0.04724409 -0.00787402
vn 1.00000000 0.05511811 -0.01574803
vn 1.00000000 0.04724409 0.05511811
vn 1.00000000 0.04724409 0.06299213
vn 0.99212599 0.05511811 0.11811024
vn 0.99212599 0.03149606 0.12598425
vn 0.98425198 0.03937008 0.16535433
vn 0.93700784 -0.00787402 0.35433072
vn 0.92913383 0.07086614 0.37007874
vn 0.74803150 0.05511811 0.66141731
vn 0.92913383 0.09448819 0.35433072
vn 0.88976377 0.14173228 0.43307087
vn 0.81102359 0.10236220 0.57480317
vn 0.81889760 0.10236220 0.56692910
vn 0.67716533 0.10236220 0.72440946
vn 0.62992126 0.08661418 0.77165353
vn 0.28346455 0.07086614 0.95275593
vn 0.38582677 0.01574803 0.92125982
vn 0.21259843 0.03937008 0.97637796
vn 0.33858266 0.07874016 0.93700784
vn 0.25196850 0.06299213 0.96850395
vn 0.24409449 0.05511811 0.96850395
vn 0.12598425 0.04724409 0.99212599
vn 0.32283464 0.02362205 0.94488192
vn 0.12598425 0.03937008 0.99212599
vn 0.07874016 0.03149606 1.00000000
vn 0.10236220 0.01574803 0.99212599
vn 0.02362205 -0.00787402 1.00000000
vn 0.07874016 0.00787402 1.00000000
vn 0.05511811 0.03149606 1.00000000
vn -0.02362205 -0.06299213 1.00000000
vn 0.04724409 0.00787402 1.00000000
vn 0.13385826 0.00000000 0.99212599
vn -0.03937008 -0.05511811 1.00000000
vn 0.09448819 0.00787402 0.99212599
vn 0.14960630 -0.00787402 0.99212599
vn 0.34645671 0.03149606 0.93700784
vn 0.05511811 -0.01574803 1.00000000
vn 0.03149606 0.00000000 1.00000000
vn 0.07086614 0.07874016 0.99212599
vn 0.15748031 0.03937008 0.98425198
vn 0.29921260 0.12598425 0.94488192
vn 0.52755904 0.14960630 0.83464569
vn 0.54330707 0.06299213 0.83464569
vn 0.65354329 0.13385826 0.74015749
vn 0.47244096 0.15748031 0.86614174
vn -0.05511811 -0.05511811 1.00000000
vn -0.07874016 -0.06299213 0.99212599
vn -0.06299213 -0.05511811 1.00000000
vn -0.07086614 -0.05511811 0.99212599
vn -0.07874016 -0.08661418 0.99212599
vn 0.00787402 -0.02362205 1.00000000
vn -0.00787402 -0.00787402 1.00000000
vn 0.02362205 0.00787402 1.00000000
vn 0.03937008 0.00000000 1.00000000
vn 0.03149606 -0.01574803 1.00000000
vn 0.03937008 -0.03149606 1.00000000
vn 0.00787402 -0.03937008 1.00000000
vn 0.03937008 -0.04724409 1.00000000
vn 0.03149606 -0.03149606 1.00000000
vn 0.06299213 -0.05511811 1.00000000
vn 0.01574803 -0.05511811 1.00000000
vn 0.03149606 -0.07086614 1.00000000
vn 0.03937008 -0.12598425 0.99212599
vn 0.00000000 -0.02362205 1.00000000
vn 0.00000000 0.00000000 1.00000000
vn 0.01574803 -0.00787402 1.00000000
vn 0.01574803 -0.02362205 1.00000000
vn 0.00787402 -0.09448819 0.99212599
vn -0.01574803 -0.05511811 1.00000000
vn -0.03937008 -0.10236220 0.99212599
vn -0.00787402 -0.16535433 0.98425198
vn -0.02362205 -0.09448819 0.99212599
vn 0.03937008 -0.11023622 0.99212599
vn -0.03149606 -0.17322835 0.98425198
vn -0.04724409 -0.22047244 0.97637796
vn 0.01574803 -0.59842521 0.80314958
vn 0.07086614 -0.31496063 0.94488192
vn -0.02362205 -0.34645671 0.93700784
vn 0.02362205 -0.19685039 0.97637796
vn -0.00787402 -0.20472440 0.97637796
vn 0.00000000 -0.31496063 0.95275593
vn 0.03937008 -0.51181102 0.85826772
vn 0.00000000 -0.74803150 0.66141731
vn 0.00000000 -0.95275593 0.29921260
vn 0.01574803 -0.69291341 0.72440946
vn 0.07874016 -0.58267719 0.80314958
vn 0.33070865 -0.64566928 0.68503934
vn 0.00000000 -0.70078743 0.71653545
vn 0.05511811 -0.62992126 0.77165353
vn 0.02362205 -0.70078743 0.70866144
vn 0.04724409 -0.65354329 0.75590551
vn 0.03937008 -0.77165353 0.63779527
vn -0.02362205 -0.17322835 0.98425198
vn 0.02362205 -0.81102359 0.58267719
vn 0.04724409 -0.93700784 0.35433072
vn 0.03149606 -0.92913383 0.37795275
vn 0.02362205 -0.88188976 0.47244096
vn 0.00000000 -0.92913383 0.37795275
vn -0.03149606 -0.99212599 0.11023622
vn -0.02362205 -0.99212599 0.08661418
vn -0.03937008 -1.00000000 0.06299213
vn 0.04724409 -0.99212599 0.13385826
vn 0.07086614 -0.95275593 0.29921260
vn 0.03937008 -0.96850395 0.24409449
vn 0.01574803 -1.00000000 0.06299213
vn -0.01574803 -1.00000000 0.03149606
vn -0.03149606 -1.00000000 0.03937008
vn 0.03149606 -1.00000000 0.02362205
vn -0.03937008 -1.00000000 0.02362205
vn -0.03937008 -1.00000000 0.04724409
vn -0.01574803 -1.00000000 0.00787402
vn 0.01574803 -1.00000000 -0.00787402
vn 0.03937008 -1.00000000 -0.03149606
vn 0.04724409 -1.00000000 -0.02362205
vn -0.04724409 -1.00000000 0.06299213
vn -0.02362205 -1.00000000 0.03149606
vn 0.01574803 -1.00000000 -0.03149606
vn 0.00000000 -1.00000000 0.02362205
vn 0.01574803 -1.00000000 -0.01574803
vn 0.02362205 -1.00000000 0.07874016
vn 0.00000000 -1.00000000 0.04724409
vn 0.02362205 -1.00000000 -0.01574803
vn -0.00787402 -1.00000000 0.00787402
vn 0.01574803 -1.00000000 0.01574803
vn 0.00787402 -1.00000000 -0.00787402
vn -0.00787402 -1.00000000 -0.03937008
vn 0.04724409 -0.01574803 1.00000000
vn 0.02362205 -0.03149606 1.00000000
vn 0.00000000 -0.03937008 1.00000000
vn 0.00787402 -0.04724409 1.00000000
vn 0.04724409 -0.00787402 1.00000000
vn 0.06299213 -0.02362205 1.00000000
vn 0.05511811 -0.04724409 1.00000000
vn 0.07874016 -0.06299213 0.99212599
vn 0.12598425 -0.05511811 0.99212599
vn 0.15748031 -0.04724409 0.98425198
vn 0.11811024 -0.02362205 0.99212599
vn 0.20472440 -0.07086614 0.97637796
vn 0.33070865 -0.02362205 0.94488192
vn 0.30708662 -0.07086614 0.95275593
vn 0.66141731 -0.05511811 0.74803150
vn 0.50393701 -0.07874016 0.85826772
vn 0.23622048 -0.03937008 0.96850395
vn 0.11023622 -0.01574803 0.99212599
vn 0.19685039 -0.07086614 0.97637796
vn 0.17322835 -0.02362205 0.98425198
vn 0.25984251 -0.03937008 0.96850395
vn 0.35433072 -0.11811024 0.92913383
vn 0.25984251 -0.20472440 0.94488192
vn 0.44094488 -0.07086614 0.89763778
vn 0.34645671 -0.03937008 0.93700784
vn 0.32283464 -0.05511811 0.94488192
vn 0.28346455 -0.05511811 0.96062994
vn 0.38582677 -0.06299213 0.92125982
vn 0.38582677 -0.07086614 0.92125982
vn 0.76377952 -0.07874016 0.63779527
vn 0.50393701 -0.05511811 0.86614174
vn 0.84251970 -0.07874016 0.52755904
vn 0.62204725 -0.05511811 0.77952754
vn 0.74015749 -0.06299213 0.66929132
vn 0.69291341 -0.04724409 0.71653545
vn 0.86614174 -0.07874016 0.49606299
vn 0.86614174 -0.02362205 0.50393701
vn 0.84251970 -0.07086614 0.53543305
vn 0.85826772 -0.07086614 0.51181102
vn 0.91338581 -0.06299213 0.40944880
vn 0.96850395 -0.05511811 0.24409449
vn 0.96850395 -0.06299213 0.25196850
vn 0.52755904 -0.13385826 0.84251970
vn 0.56692910 -0.25196850 0.78740156
vn 0.81889760 -0.16535433 0.54330707
vn 0.84251970 -0.25196850 0.47244096
vn 0.98425198 -0.07086614 0.18110237
vn 0.96062994 -0.14173228 0.22834645
vn 0.95275593 -0.19685039 0.21259843
vn 0.96850395 -0.22047244 0.10236220
vn 0.97637796 -0.13385826 0.14960630
vn 0.99212599 -0.07086614 0.07086614
vn 0.97637796 -0.21259843 0.06299213
vn 0.97637796 -0.19685039 0.02362205
vn 0.99212599 -0.09448819 -0.00787402
vn 0.99212599 -0.04724409 0.10236220
vn 1.00000000 -0.03149606 -0.02362205
vn 1.00000000 -0.07874016 -0.03937008
vn 1.00000000 -0.02362205 0.05511811
vn 1.00000000 -0.04724409 -0.03149606
vn 1.00000000 -0.07086614 -0.03149606
vn 1.00000000 -0.03149606 0.00787402
vn 1.00000000 -0.03937008 -0.01574803
vn 0.99212599 -0.08661418 0.01574803
vn 0.99212599 -0.12598425 0.03937008
vn 0.99212599 -0.12598425 0.03149606
vn 0.99212599 -0.10236220 0.03937008
vn 1.00000000 -0.07086614 0.01574803
vn 1.00000000 -0.04724409 0.03937008
vn 1.00000000 -0.07874016 0.03149606
vn 1.00000000 -0.07086614 0.03149606
vn 1.00000000 -0.02362205 0.01574803
vn 1.00000000 -0.05511811 0.02362205
vn 1.00000000 -0.05511811 0.03937008
vn 1.00000000 -0.01574803 0.01574803
vn 1.00000000 0.00787402 0.01574803
vn 1.00000000 -0.04724409 0.02362205
vn 1.00000000 0.03149606 0.01574803
vn 1.00000000 0.00787402 0.00000000
vn 1.00000000 0.00000000 0.00787402
vn 1.00000000 -0.03937008 0.05511811
vn 0.99212599 -0.05511811 0.07874016
vn 1.00000000 0.03937008 0.03937008
vn 1.00000000 0.05511811 0.03149606
vn 1.00000000 0.06299213 0.00787402
vn 1.00000000 0.05511811 -0.00787402
vn 1.00000000 0.05511811 -0.03149606
vn 1.00000000 0.04724409 -0.01574803
vn 1.00000000 0.00000000 0.07086614
vn 0.98425198 -0.01574803 0.16535433
vn 0.99212599 -0.04724409 0.13385826
vn 0.99212599 -0.05511811 0.08661418
vn 0.96850395 -0.03937008 0.25984251
vn 0.98425198 -0.05511811 0.14960630
vn 0.99212599 -0.05511811 0.11023622
vn 0.99212599 -0.07086614 0.13385826
vn 0.95275593 -0.05511811 0.29133859
vn 0.85826772 -0.08661418 0.50393701
vn 0.85039371 -0.03937008 0.51968503
vn 0.81102359 -0.01574803 0.59055120
vn 0.77952754 -0.01574803 0.62204725
vn 0.90551180 -0.06299213 0.42519686
vn 0.89763778 -0.07874016 0.44094488
vn 0.90551180 -0.06299213 0.41732284
vn -0.02362205 -0.02362205 1.00000000
vn 0.00000000 -0.01574803 1.00000000
vn -0.14960630 -0.02362205 0.98425198
vn -0.03149606 0.00000000 1.00000000
vn -0.24409449 -0.03937008 0.96850395
vn -0.03149606 -0.01574803 1.00000000
vn -0.08661418 -0.01574803 0.99212599
vn -0.05511811 0.00000000 1.00000000
vn -0.18897638 0.00000000 0.98425198
vn -0.25984251 -0.02362205 0.96850395
vn -0.12598425 -0.07086614 0.99212599
vn -0.30708662 0.00000000 0.95275593
vn -0.31496063 -0.06299213 0.94488192
vn -0.33858266 0.00000000 0.94488192
vn -0.28346455 -0.01574803 0.96062994
vn -0.30708662 -0.02362205 0.95275593
vn -0.63779527 -0.02362205 0.77165353
vn -0.41732284 -0.02362205 0.90551180
vn -0.36220473 -0.03149606 0.92913383
vn -0.43307087 -0.03937008 0.89763778
vn -0.69291341 -0.00787402 0.72440946
vn -0.59842521 -0.02362205 0.79527557
vn -0.73228347 -0.01574803 0.67716533
vn -0.68503934 0.03149606 0.72440946
vn -0.85039371 0.00000000 0.52755904
vn -0.97637796 0.02362205 0.20472440
vn -0.84251970 0.00000000 0.54330707
vn -0.80314958 -0.01574803 0.59055120
vn -0.83464569 -0.03937008 0.55118108
vn -0.82677168 -0.03149606 0.55905509
vn -0.98425198 0.00787402 0.16535433
vn -0.85039371 -0.03149606 0.52755904
vn -0.75590551 -0.06299213 0.65354329
vn -0.96850395 -0.10236220 0.22047244
vn -0.99212599 -0.03937008 0.10236220
vn -0.95275593 -0.26771653 0.14173228
vn -0.51181102 -0.17322835 0.84251970
vn -0.67716533 -0.35433072 0.64566928
vn -0.29133859 -0.29921260 0.90551180
vn -0.55905509 -0.51181102 0.65354329
vn -0.68503934 -0.66929132 0.27559054
vn -0.06299213 -0.59055120 0.80314958
vn -0.00787402 -0.27559054 0.96062994
vn 0.03937008 -0.38582677 0.92125982
vn -0.43307087 -0.86614174 0.25984251
vn -0.19685039 -0.81889760 0.53543305
vn -0.29921260 -0.94488192 0.14173228
vn -0.60629922 -0.78740156 0.05511811
vn -0.22834645 -0.96850395 0.06299213
vn -0.12598425 -0.99212599 0.04724409
vn -0.17322835 -0.98425198 0.06299213
vn -0.37795275 -0.92913383 0.03937008
vn -0.28346455 -0.96062994 0.02362205
vn -0.04724409 -1.00000000 0.02362205
vn -0.10236220 -0.99212599 0.01574803
vn -0.04724409 -1.00000000 -0.00787402
vn -0.48818898 -0.87401575 0.01574803
vn -0.03937008 -1.00000000 -0.03937008
vn -0.25196850 -0.96850395 0.00000000
vn -0.11811024 -0.99212599 -0.01574803
vn -0.06299213 -1.00000000 -0.03149606
vn -0.09448819 -0.99212599 -0.03149606
vn -0.33858266 -0.93700784 -0.00787402
vn -0.25196850 -0.96850395 0.01574803
vn -0.14173228 -0.98425198 -0.04724409
vn -0.36220473 -0.92913383 -0.00787402
vn -0.46456692 -0.88976377 0.01574803
vn -0.44881889 -0.88976377 0.00787402
vn -0.37795275 -0.92125982 0.00787402
vn -0.51968503 -0.85826772 0.01574803
vn -0.76377952 -0.65354329 0.00787402
vn -0.87401575 -0.48818898 0.01574803
vn -0.92125982 -0.38582677 0.01574803
vn -0.93700784 -0.34645671 0.00787402
vn -0.91338581 -0.40944880 0.02362205
vn -0.94488192 -0.33070865 0.00787402
vn -0.97637796 -0.19685039 0.03149606
vn -0.99212599 -0.11023622 0.05511811
vn -0.99212599 -0.14960630 0.02362205
vn -0.96850395 -0.25196850 0.03149606
vn -0.94488192 -0.32283464 0.02362205
vn -0.93700784 -0.33858266 0.00787402
vn -1.00000000 -0.06299213 0.04724409
vn -0.97637796 -0.22047244 0.01574803
vn -0.96062994 -0.26771653 0.00787402
vn -0.97637796 -0.22047244 -0.02362205
vn -0.98425198 -0.15748031 -0.00787402
vn -1.00000000 -0.06299213 0.01574803
vn -0.98425198 -0.16535433 -0.05511811
vn -0.93700784 -0.34645671 0.01574803
vn -0.96062994 -0.27559054 -0.01574803
vn -0.97637796 -0.21259843 -0.04724409
vn -0.94488192 -0.33070865 0.00000000
vn -0.96850395 -0.25196850 0.00000000
vn -0.90551180 -0.43307087 0.00787402
vn -0.51968503 -0.85039371 0.00787402
vn -0.87401575 -0.48031497 0.01574803
vn -0.48031497 -0.87401575 -0.00787402
vn -0.93700784 -0.35433072 0.02362205
vn -0.70078743 -0.71653545 0.02362205
vn -0.86614174 -0.49606299 -0.02362205
vn -0.29133859 -0.96062994 -0.01574803
vn -0.20472440 -0.97637796 -0.01574803
vn -0.12598425 -0.99212599 0.00000000
vn -0.07874016 -1.00000000 -0.03149606
vn -0.04724409 -1.00000000 -0.06299213
vn -0.04724409 -1.00000000 -0.04724409
vn -0.03937008 -1.00000000 -0.00787402
vn -0.06299213 -1.00000000 0.00000000
vn -0.98425198 -0.17322835 0.01574803
vn -0.98425198 -0.14960630 0.04724409
vn -0.99212599 -0.09448819 0.03937008
vn -0.99212599 -0.14173228 -0.01574803
vn -0.99212599 -0.11811024 -0.02362205
vn -0.98425198 -0.17322835 -0.03937008
vn -0.99212599 -0.13385826 -0.04724409
vn -0.99212599 -0.11023622 -0.03937008
vn -0.99212599 -0.09448819 -0.03937008
vn -0.99212599 -0.10236220 -0.03937008
vn -1.00000000 -0.07086614 -0.03149606
vn -1.00000000 -0.05511811 -0.00787402
vn -1.00000000 -0.03937008 -0.02362205
vn -1.00000000 -0.07874016 -0.01574803
vn -1.00000000 -0.03149606 0.00000000
vn -1.00000000 -0.00787402 0.00000000
vn -1.00000000 -0.01574803 0.02362205
vn -1.00000000 0.00000000 0.02362205
vn -1.00000000 -0.02362205 0.02362205
vn -1.00000000 0.00787402 0.06299213
vn -1.00000000 0.00000000 0.03149606
vn -1.00000000 0.02362205 0.05511811
vn -1.00000000 0.03937008 0.06299213
vn -1.00000000 0.02362205 0.04724409
vn -1.00000000 0.04724409 0.07086614
vn -1.00000000 -0.00787402 0.08661418
vn -0.99212599 0.02362205 0.10236220
vn -0.99212599 0.03937008 0.10236220
vn -0.01574803 0.03149606 1.00000000
vn -0.00787402 0.03937008 1.00000000
vn -0.00787402 0.02362205 1.00000000
vn -0.01574803 0.01574803 1.00000000
vn 0.00000000 0.03149606 1.00000000
vn 0.00787402 0.07086614 1.00000000
vn -0.14960630 0.00787402 0.99212599
vn -0.00787402 0.10236220 0.99212599
vn 0.02362205 0.17322835 0.98425198
vn -0.28346455 0.02362205 0.96062994
vn -0.06299213 0.14173228 0.98425198
vn 0.02362205 0.29921260 0.95275593
vn 0.01574803 0.27559054 0.96062994
vn -0.30708662 0.07874016 0.94488192
vn -0.33858266 0.15748031 0.92913383
vn -0.41732284 0.09448819 0.90551180
vn -0.03149606 0.29921260 0.95275593
vn 0.02362205 0.41732284 0.90551180
vn -0.05511811 0.46456692 0.88188976
vn -0.29921260 0.04724409 0.95275593
vn 0.03149606 0.46456692 0.88188976
vn -0.30708662 0.02362205 0.95275593
vn 0.00000000 0.62992126 0.77165353
vn -0.36220473 0.07086614 0.92913383
vn -0.29921260 0.03149606 0.95275593
vn -0.29133859 0.07086614 0.95275593
vn -0.66141731 0.03937008 0.74803150
vn -0.83464569 0.03149606 0.55118108
vn -0.73228347 0.09448819 0.67716533
vn -0.77165353 0.05511811 0.62992126
vn -0.68503934 0.04724409 0.72440946
vn -0.72440946 0.06299213 0.68503934
vn -0.86614174 0.03149606 0.49606299
vn -0.70078743 0.10236220 0.70078743
vn -0.75590551 0.07874016 0.64566928
vn -0.92125982 0.05511811 0.38582677
vn -0.96850395 0.02362205 0.23622048
vn -0.85039371 0.22047244 0.47244096
vn -0.90551180 0.13385826 0.40944880
vn -0.97637796 0.04724409 0.19685039
vn -0.96850395 0.09448819 0.22834645
vn -0.96850395 0.18110237 0.16535433
vn -0.98425198 0.10236220 0.12598425
vn -0.98425198 0.04724409 0.14960630
vn -0.97637796 0.20472440 0.06299213
vn -0.99212599 0.08661418 0.09448819
vn -0.99212599 0.05511811 0.10236220
vn -0.98425198 0.14173228 0.06299213
vn -0.99212599 0.09448819 0.04724409
vn -0.98425198 0.18897638 0.01574803
vn -0.94488192 0.33070865 0.00000000
vn -0.92913383 0.37007874 0.03149606
vn -1.00000000 0.05511811 0.06299213
vn -1.00000000 0.05511811 0.02362205
vn -0.93700784 0.34645671 0.07086614
vn -0.94488192 0.28346455 0.14173228
vn -0.86614174 0.47244096 0.16535433
vn -0.85826772 0.51181102 0.07086614
vn -0.79527557 0.60629922 0.01574803
vn -0.83464569 0.55118108 -0.00787402
vn -0.53543305 0.84251970 0.00787402
vn -0.74803150 0.66141731 0.02362205
vn -0.28346455 0.96062994 0.00000000
vn -0.18110237 0.98425198 0.01574803
vn -0.36220473 0.92913383 0.05511811
vn -0.14960630 0.99212599 0.00787402
vn -0.10236220 0.99212599 0.03149606
vn -0.09448819 0.99212599 0.01574803
vn -0.05511811 1.00000000 0.01574803
vn -0.03149606 1.00000000 0.03937008
vn -0.13385826 0.99212599 -0.00787402
vn -0.01574803 0.99212599 0.09448819
vn -0.09448819 0.95275593 0.29921260
vn -0.33858266 0.92913383 0.15748031
vn -0.55118108 0.79527557 0.25196850
vn -0.79527557 0.56692910 0.22834645
vn -0.56692910 0.28346455 0.77165353
vn -0.36220473 0.61417323 0.70078743
vn -0.04724409 0.57480317 0.81889760
vn 0.02362205 0.97637796 0.19685039
vn 0.03149606 0.55118108 0.83464569
vn 0.06299213 0.69291341 0.71653545
vn 0.03149606 0.67716533 0.74015749
vn 0.03149606 1.00000000 0.05511811
vn 0.07086614 0.85826772 0.50393701
vn 0.04724409 0.99212599 0.14173228
vn 0.04724409 1.00000000 0.01574803
vn 0.01574803 1.00000000 -0.00787402
vn 0.03149606 1.00000000 -0.00787402
vn 0.05511811 1.00000000 -0.03149606
vn 0.03937008 1.00000000 0.00787402
vn 0.03937008 1.00000000 -0.02362205
vn 0.05511811 -0.10236220 0.99212599
vn 0.13385826 -0.15748031 0.97637796
vn 0.09448819 -0.25196850 0.96062994
vn 0.15748031 -0.35433072 0.92125982
vn 0.06299213 -0.36220473 0.92913383
vn 0.07874016 -0.44094488 0.88976377
vn 0.04724409 -0.54330707 0.83464569
vn 0.02362205 -0.66141731 0.74803150
vn 0.05511811 -0.78740156 0.61417323
vn 0.04724409 -0.94488192 0.33070865
vn 0.05511811 -0.90551180 0.42519686
vn 0.01574803 -0.92125982 0.39370078
vn 0.02362205 -0.96062994 0.26771653
vn 0.03149606 -0.93700784 0.33858266
vn 0.03149606 -1.00000000 0.06299213
vn 0.02362205 -0.99212599 0.14960630
vn 0.01574803 -1.00000000 0.08661418
vn 0.01574803 -1.00000000 0.05511811
vn 0.00000000 -1.00000000 0.08661418
vn 0.00787402 -0.99212599 0.09448819
vn 0.01574803 -1.00000000 0.03937008
vn 0.02362205 -1.00000000 0.06299213
vn 0.00787402 -1.00000000 -0.01574803
vn 0.03149606 -1.00000000 -0.01574803
vn -0.01574803 -1.00000000 0.06299213
vn 0.05511811 -1.00000000 0.02362205
vn 0.07086614 -0.99212599 0.11023622
vn 0.10236220 -0.99212599 -0.00787402
vn 0.06299213 -1.00000000 -0.01574803
vn 0.13385826 -0.99212599 0.00000000
vn 0.16535433 -0.98425198 0.02362205
vn 0.21259843 -0.97637796 0.00787402
vn 0.30708662 -0.95275593 0.03149606
vn 0.14960630 -0.99212599 0.00000000
vn 0.37007874 -0.92913383 0.02362205
vn 0.31496063 -0.95275593 0.03937008
vn 0.25984251 -0.95275593 0.17322835
vn 0.12598425 -0.89763778 0.41732284
vn 0.23622048 -0.77952754 0.58267719
vn 0.47244096 -0.74015749 0.47244096
vn 0.51968503 -0.43307087 0.73228347
vn 0.66929132 -0.48818898 0.55905509
vn 0.47244096 -0.87401575 0.11811024
vn 0.80314958 -0.57480317 0.16535433
vn 0.62204725 -0.77165353 0.14173228
vn 0.66141731 -0.74803150 0.06299213
vn 0.43307087 -0.89763778 0.05511811
vn 0.65354329 -0.75590551 0.07086614
vn 0.85039371 -0.52755904 0.02362205
vn 0.92125982 -0.37795275 0.05511811
vn 0.92913383 -0.37007874 0.03149606
vn 0.85826772 -0.51181102 0.02362205
vn 0.87401575 -0.48031497 0.03937008
vn 0.84251970 -0.54330707 0.03149606
vn 0.88976377 -0.46456692 0.03937008
vn 0.95275593 -0.29133859 0.00000000
vn 0.40944880 -0.91338581 0.02362205
vn 0.87401575 -0.48818898 0.03937008
vn 0.71653545 -0.69291341 0.03937008
vn 0.23622048 -0.96850395 0.01574803
vn 0.74015749 -0.66929132 0.05511811
vn 0.88976377 -0.44881889 0.01574803
vn 0.95275593 -0.29921260 -0.00787402
vn 0.98425198 -0.16535433 -0.03937008
vn 0.39370078 -0.92125982 0.02362205
vn 0.45669290 -0.88976377 0.01574803
vn 0.17322835 -0.98425198 0.00787402
vn 0.11811024 -0.99212599 0.00787402
vn 0.11811024 -0.99212599 0.01574803
vn 0.04724409 -1.00000000 0.02362205
vn 0.10236220 -0.99212599 0.00000000
vn 0.06299213 -1.00000000 -0.00787402
vn 0.05511811 -1.00000000 -0.01574803
vn 0.03149606 -1.00000000 -0.00787402
vn 0.03937008 -1.00000000 -0.02362205
vn 0.02362205 -1.00000000 0.01574803
vn 0.00787402 0.31496063 0.94488192
vn 0.00000000 0.44881889 0.88976377
vn -0.03937008 0.46456692 0.88976377
vn -0.22047244 0.97637796 0.02362205
vn -0.20472440 0.97637796 0.02362205
vn -0.22834645 0.97637796 0.02362205
vn -0.21259843 0.97637796 0.00787402
vn -0.41732284 0.90551180 0.00000000
vn -0.22834645 0.97637796 0.01574803
vn -0.79527557 0.60629922 -0.02362205
vn -0.81102359 0.58267719 0.00000000
vn -0.87401575 0.48818898 -0.03149606
vn -0.59842521 0.79527557 -0.02362205
vn -0.92913383 0.37007874 -0.03149606
vn -0.85826772 0.51181102 -0.02362205
vn -0.52755904 0.85039371 -0.00787402
vn -0.92125982 0.39370078 -0.02362205
vn -0.97637796 0.22047244 -0.02362205
vn -0.99212599 0.12598425 0.00000000
vn -0.99212599 0.14960630 -0.03149606
vn -1.00000000 0.06299213 -0.00787402
vn -1.00000000 0.03937008 0.01574803
vn -1.00000000 0.03937008 -0.00787402
vn -0.97637796 0.22047244 -0.03937008
vn -0.96062994 0.25984251 -0.05511811
vn -0.98425198 0.17322835 -0.05511811
vn -1.00000000 0.07874016 -0.03937008
vn -0.99212599 0.13385826 -0.06299213
vn -0.98425198 0.15748031 -0.06299213
vn -0.99212599 0.10236220 -0.07086614
vn -1.00000000 0.05511811 -0.05511811
vn -0.96062994 0.26771653 -0.04724409
vn -0.99212599 0.11023622 -0.05511811
vn -0.99212599 0.07874016 -0.07086614
vn -0.99212599 0.10236220 -0.01574803
vn -1.00000000 0.07874016 -0.03149606
vn -1.00000000 0.04724409 -0.07874016
vn -1.00000000 0.04724409 -0.01574803
vn -1.00000000 0.04724409 -0.04724409
vn -1.00000000 0.03937008 -0.05511811
vn -1.00000000 0.02362205 -0.01574803
vn -1.00000000 0.01574803 -0.00787402
vn -1.00000000 0.00787402 0.01574803
vn -1.00000000 -0.00787402 0.06299213
vn -1.00000000 -0.03149606 0.07086614
vn -1.00000000 0.01574803 -0.01574803
vn -1.00000000 0.00000000 -0.01574803
vn -1.00000000 0.03937008 -0.02362205
vn -1.00000000 0.04724409 0.00000000
vn -1.00000000 0.03149606 0.00000000
vn -1.00000000 0.00000000 -0.00787402
vn -1.00000000 -0.03149606 -0.01574803
vn -1.00000000 -0.00787402 -0.01574803
vn -1.00000000 0.04724409 0.02362205
vn -1.00000000 0.04724409 0.00787402
vn -1.00000000 0.04724409 0.01574803
vn -1.00000000 0.05511811 0.00787402
vn -1.00000000 0.07874016 0.00000000
vn -1.00000000 0.07874016 0.00787402
vn -0.99212599 0.11811024 0.00787402
vn -0.98425198 0.15748031 -0.00787402
vn -0.98425198 0.18897638 0.00787402
vn -0.97637796 0.19685039 -0.03149606
vn -0.98425198 0.19685039 -0.00787402
vn -0.96850395 0.24409449 0.00000000
vn -0.96850395 0.24409449 -0.02362205
vn -0.94488192 0.32283464 -0.00787402
vn -0.95275593 0.30708662 -0.03937008
vn -0.94488192 0.31496063 -0.04724409
vn -0.91338581 0.40157479 -0.03937008
vn -0.88188976 0.47244096 -0.01574803
vn -0.92913383 0.36220473 -0.03937008
vn -0.43307087 0.89763778 -0.02362205
vn -0.63779527 0.77165353 -0.01574803
vn -0.48031497 0.87401575 -0.00787402
vn -0.67716533 0.74015749 0.01574803
vn -0.09448819 0.99212599 0.00000000
vn -0.25196850 0.96850395 -0.00787402
vn -0.77952754 0.62204725 0.00787402
vn -0.82677168 0.56692910 -0.00787402
vn -0.25984251 0.96850395 -0.03937008
vn -0.40157479 0.91338581 0.00787402
vn -0.70866144 0.70078743 0.01574803
vn -0.27559054 0.96062994 0.03149606
vn -0.18110237 0.98425198 -0.07086614
vn -0.07086614 1.00000000 0.00000000
vn -0.11811024 0.99212599 -0.02362205
vn -0.03149606 1.00000000 -0.03149606
vn -0.00787402 1.00000000 -0.00787402
vn -0.03937008 1.00000000 -0.06299213
vn -0.08661418 0.99212599 -0.04724409
vn -0.00787402 1.00000000 -0.03149606
vn -0.01574803 1.00000000 -0.03937008
vn -0.03937008 1.00000000 -0.03937008
vn -0.03937008 1.00000000 -0.00787402
vn -0.03937008 1.00000000 0.00787402
vn -0.02362205 1.00000000 -0.02362205
vn 0.00000000 1.00000000 -0.02362205
vn -0.01574803 1.00000000 -0.01574803
vn 0.03149606 1.00000000 -0.01574803
vn 0.96062994 0.29133859 0.00000000
vn 0.90551180 0.42519686 -0.00787402
vn 0.88188976 0.46456692 0.02362205
vn 0.97637796 0.20472440 0.00000000
vn 0.96062994 0.27559054 0.03937008
vn 0.99212599 0.11811024 0.00000000
vn 0.98425198 0.17322835 0.03149606
vn 1.00000000 0.05511811 0.00000000
vn 0.99212599 0.11811024 0.04724409
vn 0.99212599 0.07874016 0.04724409
vn 1.00000000 0.04724409 0.02362205
vn 1.00000000 0.04724409 0.00787402
vn 1.00000000 0.05511811 0.01574803
vn 1.00000000 0.05511811 0.05511811
vn 1.00000000 0.01574803 0.00000000
vn 1.00000000 0.00787402 -0.03149606
vn 0.99212599 0.11811024 0.06299213
vn 0.99212599 0.11023622 0.02362205
vn 0.98425198 0.18110237 0.06299213
vn 0.97637796 0.20472440 0.03937008
vn 0.99212599 0.08661418 -0.01574803
vn 1.00000000 0.03937008 -0.03937008
vn 1.00000000 0.00000000 -0.05511811
vn 0.98425198 0.18897638 0.00000000
vn 1.00000000 -0.03937008 -0.06299213
vn 1.00000000 -0.04724409 -0.06299213
vn 0.99212599 -0.04724409 -0.08661418
vn 0.99212599 -0.01574803 -0.12598425
vn 0.99212599 -0.01574803 -0.10236220
vn 1.00000000 -0.01574803 -0.07086614
vn 0.99212599 -0.00787402 -0.11811024
vn 1.00000000 0.00000000 -0.04724409
vn 0.95275593 0.29133859 0.04724409
vn 0.93700784 0.35433072 0.03937008
vn 0.92125982 0.39370078 0.03149606
vn 0.91338581 0.40157479 0.03937008
vn 0.94488192 0.32283464 0.03937008
vn 0.96850395 0.24409449 0.03149606
vn 0.92913383 0.37795275 0.01574803
vn 0.90551180 0.41732284 0.00000000
vn 0.72440946 0.69291341 -0.00787402
vn 0.87401575 0.49606299 0.02362205
vn 0.81102359 0.58267719 0.01574803
vn 0.23622048 0.96850395 -0.03149606
vn 0.34645671 0.93700784 0.02362205
vn 0.48818898 0.87401575 0.02362205
vn 0.33858266 0.93700784 -0.00787402
vn 0.51968503 0.85826772 0.01574803
vn 0.44881889 0.89763778 0.01574803
vn 0.31496063 0.94488192 -0.01574803
vn 0.21259843 0.97637796 -0.03937008
vn 0.43307087 0.89763778 -0.00787402
vn 0.19685039 0.97637796 -0.02362205
vn 0.16535433 0.98425198 0.02362205
vn 0.11023622 0.99212599 0.03149606
vn 0.09448819 0.99212599 0.01574803
vn 0.03149606 1.00000000 0.03149606
vn 0.02362205 1.00000000 0.03937008
vn 0.00787402 1.00000000 0.03937008
vn 0.00000000 1.00000000 0.03937008
vn 0.02362205 1.00000000 -0.01574803
vn 0.13385826 0.99212599 -0.03149606
vn 0.00787402 1.00000000 -0.02362205
vn 0.01574803 1.00000000 -0.03937008
vn 0.00000000 1.00000000 -0.03149606
vn 0.12598425 0.99212599 -0.03149606
vn 0.48031497 0.87401575 -0.01574803
vn 0.32283464 0.94488192 -0.00787402
vn 0.58267719 0.81102359 0.03937008
vn 0.71653545 0.70078743 0.03149606
vn 1.00000000 -0.07086614 -0.04724409
vn 0.99212599 -0.12598425 0.00787402
vn 0.99212599 -0.11811024 0.04724409
vn 0.99212599 -0.13385826 0.06299213
vn 0.98425198 -0.16535433 0.00787402
vn 1.00000000 -0.07086614 0.00787402
vn 1.00000000 -0.03937008 -0.00787402
vn 0.99212599 -0.13385826 0.00000000
vn 0.99212599 -0.12598425 -0.07086614
vn 1.00000000 -0.03937008 -0.03149606
vn 1.00000000 -0.00787402 -0.02362205
vn 1.00000000 0.00787402 -0.08661418
vn 0.99212599 -0.03937008 -0.07874016
vn 0.99212599 0.00000000 -0.10236220
vn 0.99212599 0.00787402 -0.13385826
vn 1.00000000 0.01574803 -0.07086614
vn 1.00000000 0.00787402 -0.05511811
vn 1.00000000 0.00787402 -0.06299213
vn 0.99212599 0.02362205 -0.09448819
vn 0.99212599 0.03149606 -0.10236220
vn 1.00000000 0.02362205 -0.05511811
vn 1.00000000 -0.03149606 -0.03149606
vn 1.00000000 0.00787402 -0.03937008
vn 1.00000000 0.05511811 -0.05511811
vn 1.00000000 -0.03937008 -0.02362205
vn 1.00000000 -0.00787402 -0.06299213
vn 0.99212599 -0.09448819 -0.06299213
vn 1.00000000 -0.06299213 -0.00787402
vn 1.00000000 -0.06299213 -0.03149606
vn 0.99212599 -0.11023622 -0.00787402
vn 1.00000000 -0.07874016 0.00000000
vn 0.99212599 -0.09448819 0.00000000
vn 0.99212599 -0.13385826 0.00787402
vn 0.98425198 -0.16535433 0.00000000
vn 0.99212599 -0.14960630 0.00787402
vn 0.99212599 -0.11811024 0.00787402
vn 0.98425198 -0.14960630 -0.03937008
vn 0.93700784 -0.06299213 -0.33858266
vn 0.95275593 -0.19685039 -0.23622048
vn 0.97637796 -0.20472440 0.01574803
vn 0.89763778 -0.43307087 -0.04724409
vn 0.85826772 -0.45669290 -0.23622048
vn 0.68503934 -0.25984251 -0.67716533
vn 0.95275593 -0.29921260 0.00787402
vn 0.86614174 -0.50393701 0.00787402
vn 0.81102359 -0.58267719 -0.00787402
vn 0.84251970 -0.54330707 0.01574803
vn 0.83464569 -0.53543305 -0.11811024
vn 0.77165353 -0.62992126 -0.04724409
vn 0.64566928 -0.74015749 -0.18110237
vn 0.56692910 -0.60629922 -0.55905509
vn 0.29921260 -0.93700784 -0.19685039
vn 0.44881889 -0.88976377 -0.07874016
vn 0.10236220 -0.99212599 -0.03937008
vn 0.04724409 -0.98425198 -0.18110237
vn 0.59055120 -0.81102359 -0.02362205
vn 0.45669290 -0.88976377 -0.05511811
vn 0.03149606 -0.99212599 -0.11811024
vn 0.00000000 -1.00000000 -0.03937008
vn 0.08661418 -0.99212599 -0.05511811
vn 0.41732284 -0.90551180 -0.05511811
vn 0.69291341 -0.72440946 -0.02362205
vn 0.78740156 -0.61417323 -0.00787402
vn 0.05511811 -1.00000000 0.00000000
vn 0.67716533 -0.73228347 0.03149606
vn 0.18110237 -0.98425198 0.03937008
vn 0.68503934 -0.73228347 0.04724409
vn 0.81889760 -0.57480317 0.01574803
vn 0.56692910 -0.82677168 0.03149606
vn 1.00000000 0.05511811 0.02362205
vn 0.00787402 -1.00000000 0.03937008
vn 0.80314958 -0.59842521 0.00000000
vn 0.88188976 -0.46456692 -0.02362205
vn 0.76377952 -0.64566928 -0.03149606
vn 0.68503934 -0.73228347 -0.02362205
vn 0.77952754 -0.61417323 -0.11023622
vn 0.86614174 -0.49606299 -0.03937008
vn 0.96850395 -0.25196850 0.00000000
vn 0.54330707 -0.83464569 -0.08661418
vn 0.98425198 -0.18897638 -0.01574803
vn 0.26771653 -0.96062994 -0.00787402
vn 0.42519686 -0.90551180 0.03937008
vn 0.85039371 -0.51181102 -0.10236220
vn 0.20472440 -0.97637796 0.01574803
vn 0.96850395 -0.24409449 -0.03149606
vn 0.54330707 -0.83464569 -0.01574803
vn 0.98425198 -0.18110237 -0.03937008
vn 0.98425198 -0.19685039 -0.02362205
vn 0.97637796 -0.22047244 -0.03149606
vn 0.88976377 -0.46456692 0.00787402
vn 0.29133859 -0.95275593 0.05511811
vn 0.11811024 -0.99212599 0.07086614
vn 0.20472440 -0.97637796 0.05511811
vn 0.07874016 -0.99212599 0.07086614
vn 0.01574803 -1.00000000 0.04724409
vn 0.13385826 -0.99212599 0.05511811
vn 0.33070865 -0.94488192 0.05511811
vn -0.00787402 -1.00000000 -0.00787402
vn 0.00000000 -1.00000000 -0.01574803
vn 0.01574803 -1.00000000 -0.03937008
vn -0.00787402 -1.00000000 -0.02362205
vn -0.01574803 -1.00000000 -0.00787402
vn -0.01574803 -1.00000000 0.00000000
vn -0.02362205 -1.00000000 0.00787402
vn -0.02362205 -1.00000000 -0.00787402
vn -0.02362205 -1.00000000 0.01574803
vn -0.02362205 -1.00000000 0.00000000
vn -0.03149606 -1.00000000 0.01574803
vn -0.03937008 -1.00000000 0.00787402
vn -0.03937008 -1.00000000 0.01574803
vn -0.02362205 -1.00000000 -0.03149606
vn -0.02362205 -1.00000000 -0.01574803
vn -0.01574803 -1.00000000 -0.02362205
vn 0.00000000 -1.00000000 -0.04724409
vn -0.00787402 -1.00000000 -0.07874016
vn 0.00000000 -1.00000000 -0.05511811
vn -0.00787402 -0.99212599 -0.12598425
vn -0.00787402 -0.98425198 -0.16535433
vn -0.02362205 -0.96062994 -0.27559054
vn -0.03937008 -0.93700784 -0.34645671
vn -0.00787402 -0.98425198 -0.18110237
vn 0.00000000 -0.99212599 -0.11811024
vn -0.00787402 -0.99212599 -0.14960630
vn 0.00000000 -1.00000000 -0.06299213
vn -0.01574803 -0.95275593 -0.31496063
vn -0.01574803 -1.00000000 -0.03937008
vn -0.01574803 -0.99212599 -0.13385826
vn -0.02362205 -0.64566928 -0.76377952
vn -0.03149606 -0.87401575 -0.48818898
vn -0.04724409 -0.82677168 -0.56692910
vn -0.03937008 -0.66929132 -0.74015749
vn -0.02362205 -0.39370078 -0.92125982
vn -0.03149606 -0.33858266 -0.94488192
vn -0.02362205 -0.35433072 -0.93700784
vn -0.00787402 -0.25196850 -0.96850395
vn -0.02362205 -0.19685039 -0.97637796
vn -0.01574803 -0.31496063 -0.95275593
vn -0.00787402 -0.14960630 -0.99212599
vn -0.02362205 -0.13385826 -0.99212599
vn 0.00787402 -0.14960630 -0.99212599
vn 0.00000000 -0.10236220 -0.99212599
vn 0.00787402 -0.22047244 -0.97637796
vn -0.01574803 -0.36220473 -0.92913383
vn 0.00000000 -0.32283464 -0.94488192
vn -0.00787402 -0.37007874 -0.92913383
vn -0.00787402 -0.27559054 -0.96062994
vn -0.00787402 -0.77165353 -0.62992126
vn 0.00787402 -0.15748031 -0.98425198
vn 0.00787402 -0.17322835 -0.98425198
vn 0.01574803 -0.47244096 -0.88188976
vn 0.01574803 -0.18897638 -0.98425198
vn -0.01574803 -0.40944880 -0.91338581
vn 0.02362205 -0.44881889 -0.89763778
vn 0.03937008 -0.35433072 -0.93700784
vn -0.00787402 -0.81102359 -0.58267719
vn -0.00787402 -0.93700784 -0.34645671
vn -0.02362205 -0.20472440 -0.97637796
vn -0.00787402 -0.16535433 -0.98425198
vn -0.04724409 -0.29921260 -0.95275593
vn -0.02362205 -0.99212599 -0.13385826
vn -0.01574803 -0.95275593 -0.29921260
vn 0.01574803 -0.05511811 -1.00000000
vn 0.00000000 -0.09448819 -0.99212599
vn -0.03149606 -1.00000000 -0.03937008
vn -0.03149606 -1.00000000 -0.04724409
vn -0.01574803 -1.00000000 -0.04724409
vn -0.03149606 -1.00000000 -0.03149606
vn -0.03937008 -1.00000000 0.00000000
vn 0.00787402 -1.00000000 -0.04724409
vn 0.01574803 -1.00000000 -0.05511811
vn 0.00000000 1.00000000 -0.01574803
vn -0.00787402 1.00000000 -0.02362205
vn -0.00787402 1.00000000 -0.01574803
vn -0.03149606 1.00000000 0.00787402
vn -0.03937008 1.00000000 -0.02362205
vn 0.00000000 1.00000000 -0.03937008
vn -0.02362205 1.00000000 -0.01574803
vn -0.03149606 1.00000000 -0.00787402
vn -0.03149606 1.00000000 0.00000000
vn -0.03149606 1.00000000 -0.03937008
vn -0.01574803 1.00000000 -0.05511811
vn -0.04724409 1.00000000 0.00787402
vn -0.01574803 1.00000000 -0.04724409
vn -0.00787402 1.00000000 -0.06299213
vn 0.00000000 1.00000000 -0.06299213
vn -0.01574803 1.00000000 -0.00787402
vn -0.02362205 1.00000000 -0.03149606
vn -0.03937008 1.00000000 -0.04724409
vn -0.03937008 1.00000000 -0.07086614
vn -0.02362205 0.93700784 -0.33858266
vn -0.02362205 0.94488192 -0.32283464
vn -0.00787402 0.97637796 -0.23622048
vn 0.00000000 0.88976377 -0.46456692
vn -0.00787402 0.92913383 -0.36220473
vn -0.03937008 1.00000000 -0.07874016
vn -0.03149606 0.99212599 -0.13385826
vn -0.01574803 0.99212599 -0.13385826
vn -0.01574803 0.95275593 -0.30708662
vn -0.00787402 0.99212599 -0.11811024
vn -0.02362205 1.00000000 -0.07086614
vn -0.03149606 1.00000000 -0.06299213
vn -0.03149606 1.00000000 -0.05511811
vn -0.04724409 1.00000000 -0.02362205
vn -0.04724409 1.00000000 -0.03937008
vn -0.03149606 1.00000000 -0.04724409
vn 0.02362205 0.99212599 -0.08661418
vn -0.01574803 1.00000000 0.00787402
vn -0.05511811 1.00000000 0.00000000
vn 0.00000000 1.00000000 -0.05511811
vn 0.00787402 1.00000000 -0.04724409
vn -0.03149606 0.99212599 -0.09448819
vn -0.10236220 0.99212599 0.00787402
vn -0.14960630 0.99212599 0.00000000
vn -0.16535433 0.98425198 -0.04724409
vn -0.33070865 0.94488192 -0.02362205
vn 0.00000000 0.99212599 -0.13385826
vn -0.33070865 0.84251970 -0.42519686
vn -0.55905509 0.81102359 -0.18110237
vn -0.50393701 0.86614174 -0.02362205
vn -0.01574803 0.94488192 -0.33858266
vn -0.53543305 0.84251970 -0.07086614
vn -0.82677168 0.55905509 -0.00787402
vn -0.63779527 0.75590551 -0.13385826
vn -0.65354329 0.75590551 -0.07874016
vn -0.79527557 0.59055120 -0.15748031
vn -0.70078743 0.58267719 -0.40944880
vn -0.91338581 0.41732284 0.00000000
vn -0.92913383 0.36220473 0.02362205
vn -0.96850395 0.23622048 0.02362205
vn -0.91338581 0.40157479 0.00787402
vn -0.96850395 0.25984251 0.01574803
vn -0.64566928 0.56692910 -0.50393701
vn -0.77952754 0.42519686 -0.46456692
vn -0.64566928 0.34645671 -0.68503934
vn -0.32283464 0.20472440 -0.92125982
vn -0.39370078 0.65354329 -0.65354329
vn -0.10236220 0.44881889 -0.88976377
vn -0.04724409 0.76377952 -0.63779527
vn -0.10236220 0.18897638 -0.97637796
vn -0.29133859 0.10236220 -0.95275593
vn -0.02362205 0.34645671 -0.93700784
vn -0.06299213 0.27559054 -0.96062994
vn 0.01574803 0.86614174 -0.50393701
vn -0.02362205 0.64566928 -0.76377952
vn -0.03149606 0.35433072 -0.93700784
vn -0.07086614 0.14960630 -0.98425198
vn -0.11811024 0.11023622 -0.98425198
vn -0.03937008 0.04724409 -1.00000000
vn -0.01574803 0.18897638 -0.98425198
vn -0.00787402 0.08661418 -1.00000000
vn -0.00787402 0.03937008 -1.00000000
vn -0.02362205 0.01574803 -1.00000000
vn -0.01574803 0.01574803 -1.00000000
vn 0.00000000 0.07086614 -1.00000000
vn 0.00000000 0.11811024 -0.99212599
vn -0.01574803 0.07874016 -1.00000000
vn -0.02362205 0.03149606 -1.00000000
vn -0.03149606 0.02362205 -1.00000000
vn 0.00787402 0.18110237 -0.98425198
vn -0.03149606 0.03937008 -1.00000000
vn -0.00787402 0.14960630 -0.99212599
vn 0.00000000 0.22834645 -0.97637796
vn -0.02362205 0.05511811 -1.00000000
vn -0.03937008 0.03149606 -1.00000000
vn -0.03149606 0.03149606 -1.00000000
vn -0.03937008 0.01574803 -1.00000000
vn -0.02362205 0.00787402 -1.00000000
vn -0.03937008 0.00787402 -1.00000000
vn -0.02362205 0.00000000 -1.00000000
vn 0.00000000 -0.00787402 -1.00000000
vn -0.02362205 0.04724409 -1.00000000
vn -0.01574803 0.03937008 -1.00000000
vn 0.01574803 0.02362205 -1.00000000
vn -0.02362205 0.06299213 -1.00000000
vn -0.02362205 0.07086614 -1.00000000
vn -0.02362205 0.11023622 -0.99212599
vn -0.00787402 0.02362205 -1.00000000
vn 0.02362205 0.02362205 -1.00000000
vn 0.00000000 0.00000000 -1.00000000
vn 0.01574803 0.00000000 -1.00000000
vn 0.00787402 -0.01574803 -1.00000000
vn -0.02362205 0.10236220 -0.99212599
vn -0.03149606 0.14173228 -0.99212599
vn -0.02362205 0.17322835 -0.98425198
vn -0.03149606 0.22047244 -0.97637796
vn -0.03149606 0.23622048 -0.96850395
vn -0.01574803 0.35433072 -0.93700784
vn 0.00000000 0.40944880 -0.91338581
vn -0.00787402 0.59842521 -0.80314958
vn 0.02362205 0.32283464 -0.94488192
vn 0.00000000 0.30708662 -0.95275593
vn 0.00787402 0.70078743 -0.70866144
vn 0.00787402 0.37007874 -0.92913383
vn -0.02362205 0.74015749 -0.67716533
vn 0.00000000 0.85826772 -0.51181102
vn -0.01574803 0.96062994 -0.26771653
vn -0.02362205 1.00000000 -0.05511811
vn 0.00000000 0.96850395 -0.23622048
vn -0.02362205 0.99212599 -0.08661418
vn -0.00787402 1.00000000 -0.03937008
vn -0.01574803 1.00000000 -0.06299213
vn 0.00787402 1.00000000 -0.06299213
vn 0.00787402 1.00000000 -0.05511811
vn 0.03149606 1.00000000 -0.02362205
vn 0.02362205 1.00000000 -0.03149606
vn 0.00000000 0.99212599 -0.09448819
vn 0.00000000 0.99212599 -0.14960630
vn -0.01574803 0.98425198 -0.18110237
vn -0.02362205 0.93700784 -0.34645671
vn -0.02362205 0.94488192 -0.33070865
vn 0.00000000 0.83464569 -0.54330707
vn -0.05511811 0.82677168 -0.55905509
vn -0.03149606 0.48031497 -0.87401575
vn -0.00787402 0.50393701 -0.86614174
vn -0.01574803 0.36220473 -0.92913383
vn 0.00000000 0.33858266 -0.93700784
vn -0.00787402 0.34645671 -0.93700784
vn -1.00000000 -0.06299213 -0.02362205
vn -1.00000000 -0.04724409 -0.03149606
vn -1.00000000 -0.07874016 -0.03149606
vn -0.99212599 -0.09448819 -0.03149606
vn -1.00000000 -0.06299213 -0.00787402
vn -1.00000000 -0.07874016 0.01574803
vn -1.00000000 -0.03937008 0.03149606
vn -0.99212599 -0.13385826 0.01574803
vn -1.00000000 -0.06299213 -0.03149606
vn -1.00000000 -0.04724409 -0.02362205
vn -1.00000000 -0.03149606 -0.05511811
vn -0.99212599 -0.05511811 -0.07086614
vn -1.00000000 -0.03937008 -0.06299213
vn -0.98425198 -0.05511811 -0.14173228
vn -0.99212599 -0.05511811 -0.13385826
vn -0.99212599 -0.04724409 -0.11023622
vn -0.99212599 -0.05511811 -0.11811024
vn -0.97637796 -0.06299213 -0.19685039
vn -0.92125982 -0.04724409 -0.39370078
vn -0.99212599 -0.13385826 -0.05511811
vn -0.96850395 -0.09448819 -0.22047244
vn -0.97637796 -0.16535433 -0.13385826
vn -0.96062994 -0.26771653 -0.03149606
vn -0.90551180 -0.11811024 -0.40944880
vn -0.94488192 -0.33070865 -0.00787402
vn -0.95275593 -0.13385826 -0.25984251
vn -0.95275593 -0.29921260 -0.04724409
vn -0.88188976 -0.46456692 -0.03937008
vn -0.84251970 -0.54330707 -0.05511811
vn -0.54330707 -0.84251970 -0.04724409
vn -0.91338581 -0.40157479 -0.02362205
vn -0.90551180 -0.41732284 -0.03937008
vn -0.91338581 -0.40157479 -0.05511811
vn -0.87401575 -0.49606299 -0.02362205
vn -0.85826772 -0.51181102 -0.02362205
vn -0.85039371 -0.52755904 -0.03937008
vn -0.71653545 -0.70078743 -0.03149606
vn -0.66929132 -0.74015749 -0.03937008
vn -0.27559054 -0.96062994 -0.02362205
vn -0.29133859 -0.95275593 -0.02362205
vn -0.04724409 -1.00000000 0.01574803
vn -0.03149606 -1.00000000 0.00000000
vn -0.04724409 -1.00000000 0.00787402
vn -0.02362205 -1.00000000 -0.03937008
vn -0.14173228 -0.99212599 -0.02362205
vn -0.06299213 -0.97637796 -0.19685039
vn -0.03149606 -0.93700784 -0.35433072
vn -0.33858266 -0.93700784 -0.07874016
vn -0.37795275 -0.92913383 -0.03937008
vn -0.17322835 -0.91338581 -0.36220473
vn -0.07874016 -0.86614174 -0.49606299
vn -0.62204725 -0.77952754 -0.06299213
vn -0.82677168 -0.55905509 -0.02362205
vn -0.32283464 -0.78740156 -0.52755904
vn -0.76377952 -0.64566928 -0.08661418
vn -0.51181102 -0.70866144 -0.48818898
vn -0.61417323 -0.77952754 -0.14960630
vn -0.74015749 -0.54330707 -0.39370078
vn -0.32283464 -0.65354329 -0.68503934
vn -0.59055120 -0.48031497 -0.65354329
vn -0.93700784 -0.19685039 -0.27559054
vn -0.70866144 -0.35433072 -0.60629922
vn -0.82677168 -0.21259843 -0.51968503
vn -0.57480317 -0.30708662 -0.75590551
vn -0.25196850 -0.36220473 -0.89763778
vn -0.60629922 -0.18110237 -0.77952754
vn -0.38582677 -0.20472440 -0.89763778
vn -0.66141731 -0.11023622 -0.74015749
vn -0.07874016 -0.59842521 -0.80314958
vn -0.03937008 -0.37007874 -0.92913383
vn -0.09448819 -0.28346455 -0.95275593
vn -0.54330707 -0.13385826 -0.83464569
vn -0.23622048 -0.15748031 -0.96062994
vn -0.04724409 -0.19685039 -0.97637796
vn -0.11023622 -0.17322835 -0.97637796
vn -0.07086614 -0.09448819 -0.99212599
vn -0.03149606 -0.07086614 -1.00000000
vn -0.35433072 -0.10236220 -0.92913383
vn -0.20472440 -0.10236220 -0.97637796
vn -0.05511811 -0.03149606 -1.00000000
vn -0.02362205 -0.03149606 -1.00000000
vn -0.05511811 0.01574803 -1.00000000
vn -0.11023622 -0.00787402 -0.99212599
vn -0.16535433 -0.01574803 -0.98425198
vn -0.29133859 -0.03149606 -0.96062994
vn -0.18897638 -0.00787402 -0.98425198
vn -0.07874016 0.01574803 -1.00000000
vn -0.11811024 0.00787402 -0.99212599
vn -0.06299213 0.02362205 -1.00000000
vn -0.04724409 0.02362205 -1.00000000
vn -0.04724409 0.00787402 -1.00000000
vn -0.06299213 -0.00787402 -1.00000000
vn -0.04724409 0.00000000 -1.00000000
vn -0.02362205 -0.00787402 -1.00000000
vn -0.03937008 0.00000000 -1.00000000
vn -0.02362205 -0.02362205 -1.00000000
vn -0.10236220 -0.03937008 -0.99212599
vn -0.12598425 -0.03149606 -0.99212599
vn -0.20472440 -0.05511811 -0.97637796
vn -0.21259843 -0.05511811 -0.97637796
vn -0.30708662 -0.03937008 -0.95275593
vn -0.30708662 -0.07086614 -0.94488192
vn -0.70078743 -0.07874016 -0.70866144
vn -0.79527557 -0.09448819 -0.59842521
vn -0.88976377 -0.07086614 -0.45669290
vn -0.68503934 -0.07874016 -0.72440946
vn -0.41732284 -0.05511811 -0.90551180
vn -0.89763778 -0.07086614 -0.44094488
vn -0.73228347 -0.05511811 -0.68503934
vn -0.77952754 -0.03937008 -0.62204725
vn -0.82677168 -0.04724409 -0.55905509
vn -0.96850395 -0.05511811 -0.23622048
vn -0.96850395 -0.03937008 -0.23622048
vn 0.04724409 1.00000000 -0.00787402
vn 0.21259843 0.97637796 -0.01574803
vn 0.07086614 1.00000000 0.00787402
vn 0.56692910 0.82677168 0.00000000
vn 0.43307087 0.89763778 0.00787402
vn -0.01574803 0.97637796 -0.19685039
vn 0.07086614 1.00000000 0.01574803
vn 0.35433072 0.93700784 -0.00787402
vn 0.27559054 0.96062994 0.05511811
vn 0.37007874 0.92913383 0.02362205
vn 0.45669290 0.88976377 0.00000000
vn 0.10236220 0.92125982 -0.37795275
vn -0.03149606 0.81889760 -0.57480317
vn 0.30708662 0.92125982 -0.23622048
vn 0.08661418 0.88188976 -0.45669290
vn -0.00787402 0.88976377 -0.45669290
vn 0.37007874 0.92913383 0.03149606
vn 0.00000000 0.93700784 -0.35433072
vn 0.01574803 0.89763778 -0.44094488
vn -0.03937008 0.88188976 -0.46456692
vn 0.00000000 0.66929132 -0.74015749
vn -0.02362205 0.46456692 -0.88976377
vn 0.20472440 0.85826772 -0.47244096
vn -0.03149606 0.52755904 -0.85039371
vn -0.01574803 0.65354329 -0.75590551
vn 0.07086614 0.62204725 -0.77952754
vn -0.01574803 0.77952754 -0.62992126
vn -0.03149606 0.67716533 -0.73228347
vn -0.01574803 0.68503934 -0.72440946
vn -0.02362205 0.68503934 -0.72440946
vn -0.02362205 0.26771653 -0.96062994
vn -0.00787402 0.67716533 -0.73228347
vn -0.03149606 0.64566928 -0.76377952
vn 0.00000000 0.18110237 -0.98425198
vn -0.00787402 0.12598425 -0.99212599
vn -0.02362205 0.18897638 -0.98425198
vn 0.01574803 0.21259843 -0.97637796
vn 0.00787402 0.11811024 -0.99212599
vn 0.01574803 0.04724409 -1.00000000
vn -0.00787402 0.05511811 -1.00000000
vn 0.03937008 0.08661418 -0.99212599
vn -0.88188976 -0.42519686 -0.19685039
vn -0.03149606 0.65354329 -0.75590551
vn -0.03149606 0.62992126 -0.77952754
vn 0.10236220 0.23622048 -0.96850395
vn 0.52755904 0.37007874 -0.76377952
vn 0.11811024 0.04724409 -0.99212599
vn 0.68503934 0.70078743 -0.18897638
vn 0.30708662 0.07086614 -0.95275593
vn 0.04724409 0.03149606 -1.00000000
vn 0.28346455 0.01574803 -0.96062994
vn 0.11023622 0.00787402 -0.99212599
vn 0.03937008 0.00787402 -1.00000000
vn 0.24409449 0.01574803 -0.96850395
vn 0.05511811 0.00000000 -1.00000000
vn 0.02362205 0.00000000 -1.00000000
vn 0.31496063 0.02362205 -0.95275593
vn 0.31496063 0.03149606 -0.94488192
vn 0.46456692 0.07874016 -0.88188976
vn 0.39370078 0.05511811 -0.91338581
vn 0.67716533 0.09448819 -0.72440946
vn 0.65354329 0.07874016 -0.75590551
vn 0.85039371 0.11023622 -0.51968503
vn 0.87401575 0.31496063 -0.37007874
vn 0.72440946 0.04724409 -0.68503934
vn 0.44881889 0.04724409 -0.88976377
vn 0.80314958 0.03937008 -0.59055120
vn 0.95275593 0.26771653 -0.16535433
vn 0.96062994 0.06299213 -0.25984251
vn 0.95275593 0.01574803 -0.30708662
vn 0.19685039 0.05511811 -0.97637796
vn 0.77165353 0.03149606 -0.63779527
vn 0.24409449 0.06299213 -0.96850395
vn 0.57480317 0.03937008 -0.81889760
vn 0.73228347 0.02362205 -0.67716533
vn 0.14960630 0.03149606 -0.98425198
vn 0.34645671 0.03149606 -0.93700784
vn 0.55905509 0.02362205 -0.82677168
vn 0.26771653 0.02362205 -0.96062994
vn 0.92913383 0.00787402 -0.37795275
vn 0.85039371 0.01574803 -0.52755904
vn 0.99212599 -0.01574803 -0.14960630
vn 0.99212599 -0.05511811 -0.10236220
vn 0.99212599 -0.05511811 -0.07874016
vn 0.98425198 0.00787402 -0.15748031
vn 0.99212599 -0.02362205 -0.08661418
vn 0.99212599 -0.04724409 -0.07874016
vn 1.00000000 0.01574803 -0.08661418
vn 0.99212599 0.03937008 -0.12598425
vn 0.98425198 0.08661418 -0.12598425
vn 1.00000000 0.06299213 -0.05511811
vn 0.99212599 0.07086614 -0.08661418
vn 0.99212599 0.14173228 -0.05511811
vn 0.98425198 0.14960630 -0.09448819
vn 0.95275593 0.31496063 -0.00787402
vn 0.96062994 0.26771653 -0.06299213
vn 0.81102359 0.58267719 -0.07086614
vn 0.80314958 0.59842521 0.00787402
vn 0.83464569 0.55118108 -0.00787402
vn 0.81889760 0.57480317 0.03937008
vn 0.49606299 0.86614174 0.00787402
vn 0.52755904 0.85039371 0.00787402
vn 0.33070865 0.94488192 0.00787402
vn 0.30708662 0.95275593 -0.06299213
vn 0.35433072 0.93700784 0.00787402
vn 0.62204725 0.77952754 -0.00787402
vn 0.62992126 0.77952754 -0.01574803
vn 0.60629922 0.79527557 0.02362205
vn -1.00000000 0.08661418 -0.00787402
vn -1.00000000 0.05511811 -0.03937008
vn -0.99212599 0.10236220 -0.07874016
vn -1.00000000 0.04724409 -0.03937008
vn -1.00000000 0.03149606 0.00787402
vn -1.00000000 0.04724409 -0.03149606
vn -1.00000000 0.00000000 -0.04724409
vn -0.99212599 0.00000000 -0.09448819
vn -0.99212599 0.04724409 -0.09448819
vn -0.99212599 -0.03149606 -0.12598425
vn -0.98425198 -0.01574803 -0.18897638
vn -0.99212599 0.01574803 -0.13385826
vn -0.98425198 0.02362205 -0.16535433
vn -0.96850395 -0.02362205 -0.25984251
vn -0.98425198 0.04724409 -0.16535433
vn -0.99212599 0.04724409 -0.10236220
vn -0.89763778 0.04724409 -0.44094488
vn -0.98425198 0.07086614 -0.14173228
vn -0.97637796 0.06299213 -0.19685039
vn -0.94488192 0.07874016 -0.32283464
vn -0.92913383 0.10236220 -0.36220473
vn -0.85826772 0.07086614 -0.50393701
vn -0.84251970 0.10236220 -0.52755904
vn -0.58267719 0.08661418 -0.81102359
vn -0.95275593 0.12598425 -0.27559054
vn -0.96062994 0.17322835 -0.20472440
vn -0.88976377 0.14173228 -0.43307087
vn -0.98425198 0.16535433 -0.01574803
vn -0.90551180 0.20472440 -0.37007874
vn -0.98425198 0.17322835 0.01574803
vn -0.95275593 0.29133859 -0.07086614
vn -0.88976377 0.33858266 -0.31496063
vn -0.81889760 0.24409449 -0.52755904
vn -0.56692910 0.15748031 -0.81102359
vn -0.41732284 0.10236220 -0.89763778
vn -0.48031497 0.07874016 -0.87401575
vn -0.78740156 0.11023622 -0.60629922
vn -0.85039371 0.10236220 -0.51181102
vn -0.80314958 0.10236220 -0.59055120
vn -0.70078743 0.10236220 -0.70078743
vn -0.39370078 0.06299213 -0.92125982
vn -0.33858266 0.07086614 -0.93700784
vn -0.09448819 0.02362205 -0.99212599
vn -0.35433072 0.04724409 -0.93700784
vn -0.36220473 0.05511811 -0.92913383
vn -0.25196850 0.06299213 -0.96850395
vn -0.40944880 0.03937008 -0.91338581
vn -0.17322835 0.02362205 -0.98425198
vn -0.07086614 0.01574803 -1.00000000
vn -0.14960630 0.02362205 -0.98425198
vn -0.25984251 0.03149606 -0.96850395
vn -0.11811024 0.03149606 -0.99212599
vn -0.18897638 0.05511811 -0.98425198
vn -0.40157479 0.04724409 -0.91338581
vn -0.13385826 0.02362205 -0.99212599
vn -0.03937008 0.02362205 -1.00000000
vn -0.01574803 0.02362205 -1.00000000
vn -0.81889760 0.00000000 -0.57480317
vn -0.03149606 0.00787402 -1.00000000
vn -0.02362205 -0.01574803 -1.00000000
vn -0.22047244 0.00787402 -0.97637796
vn -0.48031497 -0.04724409 -0.87401575
vn -0.71653545 0.00000000 -0.69291341
vn -0.88976377 -0.05511811 -0.44881889
vn -0.85039371 -0.03937008 -0.52755904
vn -0.90551180 -0.03937008 -0.41732284
vn -0.90551180 -0.03149606 -0.42519686
vn -0.96850395 -0.17322835 -0.17322835
vn 1.00000000 -0.00787402 -0.07874016
vn 0.99212599 -0.03937008 -0.11811024
vn 0.98425198 0.00000000 -0.16535433
vn 1.00000000 -0.06299213 -0.05511811
vn 0.99212599 0.06299213 -0.07086614
vn 1.00000000 -0.00787402 -0.05511811
vn 1.00000000 0.04724409 -0.04724409
vn 0.96062994 -0.01574803 -0.27559054
vn 0.89763778 0.01574803 -0.44094488
vn 0.90551180 0.00000000 -0.42519686
vn 0.75590551 0.02362205 -0.65354329
vn 0.93700784 0.02362205 -0.35433072
vn 0.98425198 0.03149606 -0.18110237
vn 0.99212599 0.04724409 -0.11023622
vn 1.00000000 0.02362205 -0.07874016
vn 0.95275593 0.00000000 -0.30708662
vn 0.88976377 0.00000000 -0.45669290
vn 0.70866144 -0.03937008 -0.70078743
vn 0.60629922 -0.01574803 -0.79527557
vn 0.33070865 0.00000000 -0.94488192
vn 0.77952754 -0.01574803 -0.62204725
vn 0.27559054 -0.02362205 -0.96062994
vn 0.64566928 -0.01574803 -0.76377952
vn 0.25196850 -0.00787402 -0.96850395
vn 0.20472440 0.00787402 -0.97637796
vn 0.05511811 -0.00787402 -1.00000000
vn 0.03149606 -0.00787402 -1.00000000
vn 0.01574803 -0.00787402 -1.00000000
vn 0.11811024 -0.02362205 -0.99212599
vn 0.02362205 -0.01574803 -1.00000000
vn -0.00787402 0.00000000 -1.00000000
vn 0.00000000 -0.02362205 -1.00000000
vn 0.00000000 -0.03149606 -1.00000000
vn 0.03149606 -0.02362205 -1.00000000
vn 0.00787402 -0.03149606 -1.00000000
vn 0.00787402 -0.03937008 -1.00000000
vn 0.01574803 -0.03937008 -1.00000000
vn 0.01574803 -0.01574803 -1.00000000
vn 0.02362205 -0.03937008 -1.00000000
vn 0.02362205 -0.02362205 -1.00000000
vn 0.01574803 -0.02362205 -1.00000000
vn 0.02362205 0.01574803 -1.00000000
vn 0.03149606 0.00787402 -1.00000000
vn 0.03937008 0.02362205 -1.00000000
vn 0.03149606 0.03937008 -1.00000000
vn 0.05511811 0.00787402 -1.00000000
vn 0.05511811 0.02362205 -1.00000000
vn 0.05511811 0.03149606 -1.00000000
vn 0.13385826 0.01574803 -0.99212599
vn 0.12598425 -0.00787402 -0.99212599
vn 0.23622048 0.00000000 -0.96850395
vn 0.19685039 -0.03149606 -0.97637796
vn 0.56692910 0.01574803 -0.82677168
vn 0.44881889 -0.02362205 -0.89763778
vn 0.24409449 -0.03937008 -0.96850395
vn 0.36220473 -0.03937008 -0.92913383
vn 0.68503934 -0.02362205 -0.73228347
vn 0.76377952 0.00000000 -0.64566928
vn 0.67716533 0.01574803 -0.73228347
vn 0.75590551 -0.01574803 -0.66141731
vn 0.74803150 -0.03149606 -0.66141731
vn 0.85039371 0.02362205 -0.52755904
vn 0.71653545 0.01574803 -0.69291341
vn 0.72440946 0.02362205 -0.69291341
vn 0.70866144 0.00000000 -0.70866144
vn -0.02362205 -1.00000000 -0.06299213
vn -0.04724409 -1.00000000 0.00000000
vn -0.04724409 -1.00000000 -0.01574803
vn -0.03937008 -1.00000000 -0.04724409
vn -0.02362205 -0.99212599 -0.08661418
vn -0.01574803 -0.96850395 -0.25984251
vn -0.01574803 -0.92913383 -0.36220473
vn -0.01574803 -0.90551180 -0.43307087
vn -0.01574803 -0.88188976 -0.47244096
vn -0.01574803 -0.92913383 -0.37007874
vn 0.00000000 -0.88976377 -0.44881889
vn 0.00000000 -0.81102359 -0.58267719
vn -0.00787402 -0.69291341 -0.71653545
vn -0.02362205 -0.77165353 -0.63779527
vn -0.02362205 -0.48031497 -0.87401575
vn -0.01574803 -0.56692910 -0.81889760
vn -0.01574803 -0.55905509 -0.82677168
vn -0.01574803 -0.25196850 -0.96850395
vn -0.03149606 -0.23622048 -0.96850395
vn -0.00787402 -0.18897638 -0.98425198
vn -0.01574803 -0.11811024 -0.99212599
vn 0.00000000 -0.12598425 -0.99212599
vn -0.03937008 -0.15748031 -0.98425198
vn 0.01574803 -0.07086614 -1.00000000
vn -0.03149606 -0.11023622 -0.99212599
vn -0.00787402 -0.06299213 -1.00000000
vn -0.00787402 -0.07086614 -1.00000000
vn 0.03149606 -0.05511811 -1.00000000
vn -0.00787402 -0.08661418 -1.00000000
vn 0.03937008 0.01574803 -1.00000000
vn -0.03149606 -0.07874016 -1.00000000
vn -0.01574803 -0.09448819 -0.99212599
vn 0.03937008 -0.04724409 -1.00000000
vn 0.03149606 -0.03937008 -1.00000000
vn -0.03937008 -0.10236220 -0.99212599
vn -0.06299213 -0.13385826 -0.99212599
vn 0.00787402 -0.00787402 -1.00000000
vn 0.03937008 -0.06299213 -1.00000000
vn -0.01574803 -0.08661418 -1.00000000
vn -0.03149606 -0.10236220 -0.99212599
vn -0.01574803 -0.07086614 -1.00000000
vn 0.05511811 -0.03149606 -1.00000000
vn 0.02362205 -0.07874016 -1.00000000
vn 0.03937008 -0.03149606 -1.00000000
vn -0.00787402 -0.03937008 -1.00000000
vn 0.00787402 -0.05511811 -1.00000000
vn 0.03149606 -0.04724409 -1.00000000
vn 0.00787402 -0.02362205 -1.00000000
vn 0.01574803 -0.06299213 -1.00000000
vn 0.03149606 -0.01574803 -1.00000000
vn 0.00000000 -0.01574803 -1.00000000
vn -0.00787402 -0.03149606 -1.00000000
vn -0.01574803 -0.03937008 -1.00000000
vn -0.02362205 -0.08661418 -0.99212599
vn -0.03149606 -0.03149606 -1.00000000
vn -0.03937008 -0.03937008 -1.00000000
vn -0.03937008 -0.04724409 -1.00000000
vn -0.03149606 -0.04724409 -1.00000000
vn 0.00787402 -0.07086614 -1.00000000
vn -0.03937008 -0.01574803 -1.00000000
vn -0.03149606 -0.03937008 -1.00000000
vn -0.03149606 -0.05511811 -1.00000000
vn -0.00787402 -0.01574803 -1.00000000
vn 0.00000000 -0.04724409 -1.00000000
vn -0.02362205 -0.07874016 -1.00000000
vn 0.00787402 -0.06299213 -1.00000000
vn 0.15748031 -0.00787402 -0.98425198
vn 0.07086614 -0.07086614 -0.99212599
vn 0.36220473 0.00000000 -0.92913383
vn -0.05511811 -0.02362205 -1.00000000
vn -0.03149606 -0.01574803 -1.00000000
vn 0.03937008 -0.03937008 -1.00000000
vn 0.00787402 -0.04724409 -1.00000000
vn -0.00787402 -0.00787402 -1.00000000
vn 0.81102359 -0.05511811 -0.58267719
vn 0.56692910 -0.04724409 -0.81889760
vn 0.48818898 0.01574803 -0.87401575
vn 0.47244096 -0.04724409 -0.88188976
vn 0.27559054 -0.39370078 -0.87401575
vn -0.01574803 -0.51968503 -0.85826772
vn -0.01574803 -0.55118108 -0.83464569
vn 0.04724409 -0.70866144 -0.70078743
vn -0.00787402 -0.57480317 -0.81889760
vn -0.01574803 -0.60629922 -0.79527557
vn -0.01574803 -0.51181102 -0.85826772
vn -0.02362205 -0.55118108 -0.83464569
vn 0.00000000 -0.54330707 -0.84251970
vn -0.01574803 0.44881889 -0.89763778
vn 0.01574803 0.14960630 -0.99212599
vn 0.00787402 0.28346455 -0.96062994
vn -0.00787402 0.63779527 -0.77165353
vn -0.01574803 0.71653545 -0.69291341
vn -0.02362205 0.52755904 -0.85039371
vn -0.03149606 0.33858266 -0.93700784
vn -0.03149606 0.16535433 -0.98425198
vn 0.00787402 -0.09448819 -0.99212599
vn 0.03149606 -0.07086614 -1.00000000
vn 0.02362205 -0.10236220 -0.99212599
vn 0.03149606 -0.08661418 -0.99212599
vn -0.03149606 -0.14960630 -0.99212599
vn 0.02362205 -0.08661418 -1.00000000
vn 0.02362205 -0.08661418 -0.99212599
vn 0.01574803 -0.11023622 -0.99212599
vn 0.02362205 -0.05511811 -1.00000000
vn -0.03149606 0.00000000 -1.00000000
vn 0.02362205 -0.03149606 -1.00000000
vn 0.03937008 -0.07086614 -1.00000000
vn 0.00787402 -0.08661418 -0.99212599
vn 0.03937008 -0.10236220 -0.99212599
vn 0.05511811 0.01574803 -1.00000000
vn 0.03149606 0.03149606 -1.00000000
vn 0.03149606 0.00000000 -1.00000000
vn 0.03149606 0.01574803 -1.00000000
vn 0.01574803 0.01574803 -1.00000000
vn 0.00787402 0.02362205 -1.00000000

# Mesh 'meshes[0]' with 4812 faces
g meshes[0]
usemtl tripo_material_cff02de9-fcd1-4b0b-bfbd-578c329ebdb3
f  1/1/1 2/2/2 3/3/3
f  3/3/3 2/2/2 4/4/4
f  1/1/1 3/3/3 5/5/5
f  2/2/2 1/1/1 6/6/6
f  1/1/1 5/5/5 7/7/7
f  7/7/7 5/5/5 8/8/8
f  1/1/1 7/7/7 9/9/9
f  7/7/7 8/8/8 10/10/10
f  7/7/7 10/10/10 9/9/9
f  1/1/1 9/9/9 11/11/11
f  1/1/1 11/11/11 6/6/6
f  11/11/11 9/9/9 10/10/10
f  10/10/10 8/8/8 12/12/12
f  12/12/12 8/8/8 13/13/13
f  11/11/11 10/10/10 14/14/14
f  14/14/14 10/10/10 12/12/12
f  12/12/12 13/13/13 15/15/15
f  11/11/11 14/14/14 16/16/16
f  11/11/11 16/16/16 6/6/6
f  14/14/14 12/12/12 17/17/17
f  17/17/17 12/12/12 15/15/15
f  16/16/16 14/14/14 18/18/18
f  18/18/18 14/14/14 17/17/17
f  6/6/6 16/16/16 19/19/19
f  19/19/19 16/16/16 18/18/18
f  6/6/6 19/19/19 20/20/20
f  20/20/20 19/19/19 21/21/19
f  21/21/19 19/19/19 18/18/18
f  22/22/19 23/23/21 21/21/19
f  22/22/19 21/21/19 24/24/22
f  24/24/22 21/21/19 18/18/18
f  22/22/19 24/24/22 25/25/23
f  26/26/24 18/18/18 17/17/17
f  18/18/18 26/26/24 24/24/22
f  24/24/22 26/26/24 27/27/25
f  26/26/24 17/17/17 28/28/26
f  26/26/24 28/28/26 27/27/25
f  28/28/26 17/17/17 29/29/27
f  29/29/27 17/17/17 15/15/15
f  30/30/28 25/25/23 24/24/22
f  30/30/28 24/24/22 27/27/25
f  25/25/23 30/30/28 31/31/29
f  25/25/23 31/31/29 32/32/30
f  31/31/29 30/30/28 33/33/31
f  31/31/29 33/33/31 32/32/30
f  33/33/31 30/30/28 27/27/25
f  34/34/32 29/29/27 15/15/15
f  34/34/32 15/15/15 35/35/33
f  34/34/32 35/35/33 36/36/34
f  29/29/27 34/34/32 37/37/35
f  29/29/27 37/37/35 28/28/26
f  34/34/32 36/36/34 38/38/36
f  38/38/36 36/36/34 39/39/37
f  38/38/36 39/39/37 40/40/38
f  34/34/32 38/38/36 41/41/39
f  34/34/32 41/41/39 37/37/35
f  41/41/39 38/38/36 40/40/38
f  28/28/26 37/37/35 42/42/40
f  28/28/26 42/42/40 27/27/25
f  37/37/35 41/41/39 43/43/41
f  37/37/35 43/43/41 42/42/40
f  41/41/39 40/40/38 44/44/42
f  41/41/39 44/44/42 43/43/41
f  44/44/42 40/40/38 45/45/43
f  45/45/43 40/40/38 46/46/44
f  44/44/42 45/45/43 47/47/45
f  44/44/42 47/47/45 43/43/41
f  47/47/45 45/45/43 48/48/46
f  47/47/45 48/48/46 49/49/47
f  50/50/48 27/27/25 42/42/40
f  50/50/48 42/42/40 43/43/41
f  27/27/25 50/50/48 33/33/31
f  43/43/41 47/47/45 51/51/49
f  43/43/41 51/51/49 50/50/48
f  47/47/45 49/49/47 52/52/47
f  47/47/45 52/52/47 51/51/49
f  52/52/47 49/49/47 53/53/50
f  33/33/31 50/50/48 54/54/51
f  54/54/51 50/50/48 51/51/49
f  51/51/49 52/52/47 55/55/52
f  55/55/52 52/52/47 53/53/50
f  51/51/49 55/55/52 56/56/53
f  51/51/49 56/56/53 54/54/51
f  56/56/53 55/55/52 57/57/54
f  57/57/54 55/55/52 53/53/50
f  33/33/31 54/54/51 58/58/55
f  33/33/31 58/58/55 32/32/30
f  54/54/51 56/56/53 59/59/56
f  56/56/53 57/57/54 60/60/57
f  56/56/53 60/60/57 59/59/56
f  57/57/54 53/53/50 61/61/58
f  57/57/54 61/61/58 60/60/57
f  58/58/55 54/54/51 62/62/59
f  62/62/59 54/54/51 59/59/56
f  63/63/60 32/32/30 58/58/55
f  63/63/60 58/58/55 62/62/59
f  32/32/30 63/63/60 64/64/61
f  65/65/62 66/66/63 64/64/61
f  65/65/62 64/64/61 63/63/60
f  63/63/60 62/62/59 67/67/64
f  67/67/64 62/62/59 68/68/65
f  63/63/60 67/67/64 69/69/66
f  69/69/66 67/67/64 68/68/65
f  68/68/65 62/62/59 70/70/67
f  68/68/65 70/70/67 69/69/66
f  70/70/67 62/62/59 71/71/67
f  71/71/67 62/62/59 59/59/56
f  70/70/67 71/71/67 69/69/66
f  71/71/67 59/59/56 72/72/68
f  71/71/67 72/72/68 69/69/66
f  72/72/68 59/59/56 60/60/57
f  73/73/69 63/63/60 69/69/66
f  63/63/60 73/73/69 65/65/62
f  69/69/66 72/72/68 74/74/70
f  69/69/66 74/74/70 73/73/69
f  72/72/68 60/60/57 75/75/71
f  72/72/68 75/75/71 74/74/70
f  65/65/62 73/73/69 76/76/72
f  65/65/62 76/76/72 77/77/73
f  77/77/73 76/76/72 78/78/74
f  77/77/73 78/78/74 79/79/75
f  76/76/72 73/73/69 80/80/76
f  76/76/72 80/80/76 78/78/74
f  80/80/76 73/73/69 74/74/70
f  78/78/74 80/80/76 79/79/75
f  79/79/75 80/80/76 81/81/77
f  80/80/76 74/74/70 82/82/78
f  82/82/78 74/74/70 75/75/71
f  81/81/77 80/80/76 83/83/79
f  80/80/76 82/82/78 84/84/80
f  80/80/76 84/84/80 83/83/79
f  84/84/80 82/82/78 75/75/71
f  81/81/77 83/83/79 85/85/81
f  60/60/57 61/61/58 75/75/71
f  86/86/82 87/87/83 85/85/81
f  85/85/81 83/83/79 88/88/84
f  85/85/81 88/88/84 86/86/82
f  89/89/85 83/83/79 84/84/80
f  83/83/79 89/89/85 88/88/84
f  86/86/82 88/88/84 90/90/86
f  86/86/82 90/90/86 91/91/87
f  91/91/87 90/90/86 92/92/88
f  92/92/88 90/90/86 88/88/84
f  92/92/88 88/88/84 93/93/89
f  92/92/88 93/93/89 94/94/82
f  93/93/89 88/88/84 95/95/90
f  93/93/89 95/95/90 94/94/82
f  95/95/90 88/88/84 96/96/91
f  96/96/91 88/88/84 89/89/85
f  94/94/82 95/95/90 97/97/92
f  97/97/92 95/95/90 96/96/91
f  94/94/82 97/97/92 98/98/93
f  94/94/82 98/98/93 99/99/94
f  98/98/93 97/97/92 100/100/92
f  97/97/92 96/96/91 101/101/95
f  97/97/92 101/101/95 100/100/92
f  96/96/91 89/89/85 102/102/96
f  98/98/93 100/100/92 103/103/88
f  98/98/93 103/103/88 104/104/97
f  100/100/92 101/101/95 105/105/98
f  100/100/92 105/105/98 103/103/88
f  104/104/97 103/103/88 106/106/99
f  103/103/88 105/105/98 107/107/100
f  103/103/88 107/107/100 106/106/99
f  105/105/98 101/101/95 108/108/101
f  105/105/98 108/108/101 107/107/100
f  109/109/102 101/101/95 96/96/91
f  101/101/95 109/109/102 108/108/101
f  109/109/102 96/96/91 102/102/96
f  107/107/100 108/108/101 110/110/99
f  110/110/99 108/108/101 109/109/102
f  110/110/99 109/109/102 111/111/103
f  111/111/103 109/109/102 102/102/96
f  107/107/100 110/110/99 112/112/104
f  113/113/104 106/106/99 107/107/100
f  113/113/104 107/107/100 112/112/104
f  114/114/105 115/115/106 106/106/99
f  114/114/105 106/106/99 116/116/107
f  116/116/107 106/106/99 113/113/104
f  114/114/105 116/116/107 117/117/86
f  117/117/86 116/116/107 118/118/108
f  118/118/108 116/116/107 113/113/104
f  117/117/86 118/118/108 119/119/109
f  120/120/110 113/113/104 112/112/104
f  113/113/104 120/120/110 118/118/108
f  121/121/107 112/112/104 110/110/99
f  112/112/104 121/121/107 120/120/110
f  121/121/107 110/110/99 111/111/103
f  120/120/110 121/121/107 122/122/89
f  121/121/107 111/111/103 123/123/110
f  121/121/107 123/123/110 122/122/89
f  120/120/110 122/122/89 124/124/89
f  124/124/89 122/122/89 123/123/110
f  120/120/110 124/124/89 125/125/111
f  126/126/112 118/118/108 120/120/110
f  126/126/112 120/120/110 125/125/111
f  127/127/113 119/119/109 118/118/108
f  127/127/113 118/118/108 126/126/112
f  119/119/109 127/127/113 128/128/111
f  119/119/109 128/128/111 129/129/114
f  128/128/111 127/127/113 130/130/93
f  128/128/111 130/130/93 129/129/114
f  130/130/93 127/127/113 126/126/112
f  129/129/114 130/130/93 131/131/103
f  131/131/103 130/130/93 126/126/112
f  129/129/114 131/131/103 132/132/115
f  129/129/114 132/132/115 133/133/104
f  133/133/104 132/132/115 134/134/108
f  132/132/115 131/131/103 135/135/93
f  131/131/103 126/126/112 136/136/104
f  131/131/103 136/136/104 135/135/93
f  132/132/115 135/135/93 137/137/105
f  137/137/105 135/135/93 136/136/104
f  134/134/108 132/132/115 138/138/103
f  138/138/103 132/132/115 137/137/105
f  134/134/108 138/138/103 139/139/111
f  137/137/105 136/136/104 140/140/107
f  137/137/105 140/140/107 138/138/103
f  141/141/99 136/136/104 126/126/112
f  139/139/111 138/138/103 142/142/89
f  142/142/89 138/138/103 140/140/107
f  139/139/111 142/142/89 143/143/116
f  143/143/116 142/142/89 144/144/117
f  144/144/117 142/142/89 145/145/118
f  141/141/99 126/126/112 125/125/111
f  136/136/104 141/141/99 146/146/107
f  136/136/104 146/146/107 140/140/107
f  141/141/99 125/125/111 147/147/99
f  141/141/99 147/147/99 146/146/107
f  140/140/107 146/146/107 148/148/104
f  148/148/104 146/146/107 147/147/99
f  149/149/104 142/142/89 140/140/107
f  149/149/104 140/140/107 148/148/104
f  142/142/89 149/149/104 150/150/119
f  142/142/89 150/150/119 145/145/118
f  149/149/104 148/148/104 151/151/95
f  149/149/104 151/151/95 150/150/119
f  151/151/95 148/148/104 152/152/112
f  151/151/95 152/152/112 150/150/119
f  145/145/118 150/150/119 153/153/120
f  153/153/120 150/150/119 152/152/112
f  145/145/118 153/153/120 154/154/121
f  154/154/121 153/153/120 155/155/122
f  155/155/122 153/153/120 156/156/123
f  156/156/123 153/153/120 152/152/112
f  157/157/103 152/152/112 148/148/104
f  157/157/103 148/148/104 147/147/99
f  156/156/123 152/152/112 158/158/107
f  158/158/107 152/152/112 157/157/103
f  156/156/123 158/158/107 159/159/124
f  159/159/124 158/158/107 160/160/125
f  159/159/124 160/160/125 161/161/126
f  158/158/107 157/157/103 162/162/110
f  158/158/107 162/162/110 160/160/125
f  157/157/103 147/147/99 163/163/91
f  157/157/103 163/163/91 162/162/110
f  160/160/125 162/162/110 164/164/127
f  160/160/125 164/164/127 161/161/126
f  164/164/127 162/162/110 163/163/91
f  161/161/126 164/164/127 165/165/128
f  165/165/128 164/164/127 163/163/91
f  161/161/126 165/165/128 166/166/129
f  161/161/126 166/166/129 167/167/130
f  165/165/128 163/163/91 168/168/131
f  165/165/128 168/168/131 166/166/129
f  169/169/111 163/163/91 147/147/99
f  163/163/91 169/169/111 168/168/131
f  169/169/111 147/147/99 125/125/111
f  167/167/130 166/166/129 170/170/132
f  166/166/129 168/168/131 171/171/133
f  166/166/129 171/171/133 170/170/132
f  167/167/130 170/170/132 172/172/134
f  169/169/111 125/125/111 173/173/135
f  173/173/135 125/125/111 124/124/89
f  174/174/105 168/168/131 169/169/111
f  174/174/105 169/169/111 173/173/135
f  168/168/131 174/174/105 171/171/133
f  173/173/135 124/124/89 123/123/110
f  173/173/135 123/123/110 174/174/105
f  174/174/105 123/123/110 171/171/133
f  171/171/133 123/123/110 175/175/136
f  175/175/136 123/123/110 111/111/103
f  176/176/137 170/170/132 171/171/133
f  176/176/137 171/171/133 175/175/136
f  175/175/136 111/111/103 177/177/106
f  177/177/106 111/111/103 102/102/96
f  177/177/106 102/102/96 175/175/136
f  175/175/136 102/102/96 178/178/138
f  175/175/136 178/178/138 176/176/137
f  178/178/138 102/102/96 89/89/85
f  178/178/138 89/89/85 84/84/80
f  178/178/138 84/84/80 176/176/137
f  176/176/137 84/84/80 75/75/71
f  179/179/139 170/170/132 176/176/137
f  176/176/137 75/75/71 180/180/140
f  176/176/137 180/180/140 179/179/139
f  180/180/140 75/75/71 61/61/58
f  170/170/132 179/179/139 172/172/134
f  179/179/139 180/180/140 181/181/141
f  179/179/139 181/181/141 172/172/134
f  180/180/140 61/61/58 182/182/142
f  180/180/140 182/182/142 181/181/141
f  182/182/142 61/61/58 183/183/143
f  183/183/143 61/61/58 53/53/50
f  183/183/143 53/53/50 184/184/144
f  184/184/144 53/53/50 185/185/145
f  183/183/143 184/184/144 186/186/146
f  183/183/143 186/186/146 187/187/147
f  183/183/143 187/187/147 182/182/142
f  182/182/142 187/187/147 181/181/141
f  188/188/148 172/172/134 187/187/147
f  189/189/149 172/172/134 181/181/141
f  189/189/149 181/181/141 187/187/147
f  187/187/147 172/172/134 190/190/150
f  187/187/147 190/190/150 189/189/149
f  189/189/149 190/190/150 172/172/134
f  191/191/5 192/192/3 193/193/151
f  191/191/5 193/193/151 194/194/152
f  194/194/152 193/193/151 195/195/153
f  196/196/151 197/197/3 198/198/154
f  196/196/151 198/198/154 199/199/153
f  200/200/154 201/201/3 202/202/4
f  203/203/155 204/204/156 202/202/4
f  200/200/154 202/202/4 205/205/157
f  205/205/157 202/202/4 204/204/156
f  200/200/154 205/205/157 206/206/156
f  200/200/154 206/206/156 207/207/153
f  207/207/153 206/206/156 208/208/156
f  208/208/156 206/206/156 205/205/157
f  205/205/157 204/204/156 209/209/4
f  205/205/157 209/209/4 208/208/156
f  209/209/4 204/204/156 210/210/158
f  209/209/4 210/210/158 211/211/37
f  211/211/37 210/210/158 212/212/159
f  211/211/37 212/212/159 213/213/160
f  209/209/4 211/211/37 214/214/161
f  209/209/4 214/214/161 208/208/156
f  211/211/37 213/213/160 215/215/162
f  215/215/162 213/213/160 216/216/163
f  215/215/162 216/216/163 217/217/164
f  211/211/37 215/215/162 218/218/162
f  211/211/37 218/218/162 214/214/161
f  215/215/162 217/217/164 219/219/165
f  215/215/162 219/219/165 218/218/162
f  220/220/161 208/208/156 214/214/161
f  208/208/156 220/220/161 221/221/166
f  214/214/161 218/218/162 222/222/167
f  214/214/161 222/222/167 220/220/161
f  222/222/167 218/218/162 223/223/160
f  223/223/160 218/218/162 219/219/165
f  220/220/161 222/222/167 224/224/168
f  224/224/168 222/222/167 223/223/160
f  220/220/161 224/224/168 225/225/169
f  225/225/169 224/224/168 226/226/170
f  226/226/170 224/224/168 227/227/171
f  223/223/160 219/219/165 228/228/172
f  223/223/160 228/228/172 224/224/168
f  227/227/171 224/224/168 229/229/173
f  229/229/173 224/224/168 228/228/172
f  227/227/171 229/229/173 230/230/174
f  229/229/173 228/228/172 231/231/175
f  231/231/175 228/228/172 219/219/165
f  229/229/173 231/231/175 230/230/174
f  231/231/175 219/219/165 232/232/176
f  232/232/176 219/219/165 217/217/164
f  232/232/176 217/217/164 233/233/177
f  233/233/177 217/217/164 234/234/178
f  233/233/177 234/234/178 235/235/179
f  233/233/177 235/235/179 232/232/176
f  231/231/175 232/232/176 236/236/180
f  236/236/180 232/232/176 235/235/179
f  237/237/181 230/230/174 231/231/175
f  237/237/181 231/231/175 236/236/180
f  230/230/174 237/237/181 238/238/182
f  230/230/174 238/238/182 239/239/183
f  236/236/180 235/235/179 240/240/184
f  240/240/184 235/235/179 241/241/185
f  237/237/181 236/236/180 242/242/186
f  242/242/186 236/236/180 240/240/184
f  238/238/182 237/237/181 243/243/187
f  243/243/187 237/237/181 242/242/186
f  238/238/182 243/243/187 244/244/188
f  238/238/182 244/244/188 245/245/189
f  245/245/189 244/244/188 246/246/190
f  244/244/188 243/243/187 247/247/191
f  244/244/188 247/247/191 246/246/190
f  243/243/187 242/242/186 248/248/192
f  243/243/187 248/248/192 247/247/191
f  246/246/190 247/247/191 249/249/193
f  246/246/190 249/249/193 250/250/194
f  247/247/191 248/248/192 251/251/195
f  247/247/191 251/251/195 249/249/193
f  250/250/194 249/249/193 252/252/196
f  248/248/192 242/242/186 253/253/192
f  248/248/192 253/253/192 251/251/195
f  253/253/192 242/242/186 240/240/184
f  252/252/196 249/249/193 254/254/197
f  253/253/192 240/240/184 255/255/198
f  255/255/198 240/240/184 256/256/199
f  252/252/196 254/254/197 257/257/200
f  255/255/198 256/256/199 258/258/201
f  255/255/198 258/258/201 259/259/202
f  259/259/202 258/258/201 260/260/203
f  253/253/192 255/255/198 261/261/204
f  253/253/192 261/261/204 251/251/195
f  255/255/198 259/259/202 262/262/205
f  255/255/198 262/262/205 261/261/204
f  262/262/205 259/259/202 260/260/203
f  251/251/195 261/261/204 263/263/206
f  251/251/195 263/263/206 249/249/193
f  249/249/193 263/263/206 254/254/197
f  263/263/206 261/261/204 264/264/207
f  264/264/207 261/261/204 262/262/205
f  262/262/205 260/260/203 265/265/208
f  262/262/205 265/265/208 264/264/207
f  265/265/208 260/260/203 266/266/209
f  265/265/208 266/266/209 267/267/210
f  264/264/207 265/265/208 268/268/211
f  268/268/211 265/265/208 267/267/210
f  263/263/206 264/264/207 269/269/212
f  269/269/212 264/264/207 270/270/213
f  270/270/213 264/264/207 268/268/211
f  263/263/206 269/269/212 271/271/214
f  263/263/206 271/271/214 254/254/197
f  269/269/212 270/270/213 272/272/215
f  269/269/212 272/272/215 271/271/214
f  272/272/215 270/270/213 268/268/211
f  273/273/216 268/268/211 267/267/210
f  268/268/211 273/273/216 274/274/217
f  268/268/211 274/274/217 275/275/218
f  275/275/218 274/274/217 273/273/216
f  268/268/211 275/275/218 272/272/215
f  275/275/218 273/273/216 267/267/210
f  276/276/219 271/271/214 272/272/215
f  276/276/219 272/272/215 275/275/218
f  271/271/214 276/276/219 277/277/220
f  271/271/214 277/277/220 254/254/197
f  275/275/218 267/267/210 278/278/221
f  278/278/221 267/267/210 279/279/222
f  276/276/219 275/275/218 280/280/223
f  280/280/223 275/275/218 278/278/221
f  276/276/219 280/280/223 281/281/224
f  276/276/219 281/281/224 277/277/220
f  281/281/224 280/280/223 282/282/225
f  281/281/224 282/282/225 277/277/220
f  280/280/223 278/278/221 283/283/226
f  280/280/223 283/283/226 282/282/225
f  284/284/227 285/285/228 278/278/221
f  278/278/221 285/285/228 283/283/226
f  283/283/226 285/285/228 286/286/229
f  286/286/229 285/285/228 287/287/230
f  283/283/226 286/286/229 288/288/231
f  286/286/229 287/287/230 289/289/232
f  286/286/229 289/289/232 288/288/231
f  290/290/233 282/282/225 283/283/226
f  290/290/233 283/283/226 288/288/231
f  282/282/225 290/290/233 291/291/234
f  290/290/233 288/288/231 292/292/235
f  291/291/234 290/290/233 293/293/236
f  293/293/236 290/290/233 292/292/235
f  282/282/225 291/291/234 294/294/237
f  294/294/237 291/291/234 293/293/236
f  282/282/225 294/294/237 277/277/220
f  294/294/237 293/293/236 295/295/238
f  295/295/238 293/293/236 292/292/235
f  277/277/220 294/294/237 296/296/239
f  296/296/239 294/294/237 295/295/238
f  277/277/220 296/296/239 254/254/197
f  254/254/197 296/296/239 257/257/200
f  257/257/200 296/296/239 297/297/240
f  296/296/239 295/295/238 298/298/241
f  298/298/241 295/295/238 292/292/235
f  297/297/240 296/296/239 299/299/242
f  299/299/242 296/296/239 298/298/241
f  299/299/242 298/298/241 300/300/243
f  297/297/240 299/299/242 301/301/244
f  301/301/244 299/299/242 300/300/243
f  297/297/240 301/301/244 302/302/245
f  297/297/240 302/302/245 303/303/246
f  303/303/246 302/302/245 304/304/246
f  305/305/247 298/298/241 292/292/235
f  298/298/241 305/305/247 300/300/243
f  301/301/244 300/300/243 306/306/248
f  306/306/248 300/300/243 305/305/247
f  302/302/245 301/301/244 307/307/249
f  307/307/249 301/301/244 306/306/248
f  302/302/245 307/307/249 308/308/250
f  302/302/245 308/308/250 304/304/246
f  307/307/249 306/306/248 309/309/251
f  309/309/251 306/306/248 305/305/247
f  308/308/250 307/307/249 310/310/252
f  310/310/252 307/307/249 309/309/251
f  308/308/250 310/310/252 311/311/253
f  308/308/250 311/311/253 304/304/246
f  311/311/253 310/310/252 312/312/254
f  310/310/252 309/309/251 313/313/255
f  310/310/252 313/313/255 312/312/254
f  313/313/255 309/309/251 314/314/256
f  313/313/255 314/314/256 315/315/231
f  313/313/255 315/315/231 312/312/254
f  314/314/256 309/309/251 316/316/257
f  316/316/257 309/309/251 305/305/247
f  314/314/256 316/316/257 317/317/258
f  314/314/256 317/317/258 315/315/231
f  316/316/257 305/305/247 318/318/259
f  318/318/259 305/305/247 319/319/260
f  318/318/259 319/319/260 316/316/257
f  316/316/257 319/319/260 317/317/258
f  319/319/260 305/305/247 292/292/235
f  319/319/260 292/292/235 288/288/231
f  319/319/260 288/288/231 320/320/261
f  319/319/260 320/320/261 317/317/258
f  320/320/261 288/288/231 289/289/232
f  320/320/261 289/289/232 317/317/258
f  317/317/258 289/289/232 315/315/231
f  315/315/231 289/289/232 321/321/251
f  315/315/231 321/321/251 322/322/262
f  315/315/231 322/322/262 312/312/254
f  321/321/251 289/289/232 323/323/263
f  323/323/263 289/289/232 287/287/230
f  323/323/263 287/287/230 324/324/264
f  323/323/263 324/324/264 325/325/265
f  321/321/251 323/323/263 326/326/263
f  326/326/263 323/323/263 325/325/265
f  321/321/251 326/326/263 322/322/262
f  326/326/263 325/325/265 327/327/266
f  327/327/266 325/325/265 328/328/267
f  327/327/266 328/328/267 329/329/268
f  329/329/268 328/328/267 330/330/269
f  329/329/268 330/330/269 331/331/270
f  327/327/266 329/329/268 332/332/271
f  327/327/266 332/332/271 326/326/263
f  332/332/271 329/329/268 331/331/270
f  326/326/263 332/332/271 333/333/262
f  326/326/263 333/333/262 322/322/262
f  332/332/271 331/331/270 334/334/229
f  332/332/271 334/334/229 333/333/262
f  334/334/229 331/331/270 335/335/272
f  334/334/229 335/335/272 336/336/273
f  336/336/273 335/335/272 337/337/230
f  336/336/273 337/337/230 338/338/274
f  338/338/274 337/337/230 339/339/275
f  336/336/273 338/338/274 340/340/276
f  334/334/229 336/336/273 341/341/276
f  341/341/276 336/336/273 340/340/276
f  334/334/229 341/341/276 333/333/262
f  341/341/276 340/340/276 342/342/274
f  333/333/262 341/341/276 343/343/277
f  341/341/276 342/342/274 344/344/229
f  341/341/276 344/344/229 343/343/277
f  344/344/229 342/342/274 345/345/229
f  344/344/229 345/345/229 346/346/278
f  344/344/229 346/346/278 347/347/279
f  344/344/229 347/347/279 343/343/277
f  348/348/280 349/349/281 346/346/278
f  346/346/278 349/349/281 347/347/279
f  347/347/279 349/349/281 350/350/282
f  347/347/279 350/350/282 351/351/283
f  343/343/277 347/347/279 352/352/274
f  352/352/274 347/347/279 351/351/283
f  343/343/277 352/352/274 353/353/232
f  352/352/274 351/351/283 354/354/284
f  352/352/274 354/354/284 353/353/232
f  354/354/284 351/351/283 355/355/285
f  343/343/277 353/353/232 356/356/229
f  356/356/229 353/353/232 354/354/284
f  343/343/277 356/356/229 333/333/262
f  354/354/284 355/355/285 357/357/278
f  357/357/278 355/355/285 358/358/286
f  356/356/229 354/354/284 359/359/229
f  359/359/229 354/354/284 357/357/278
f  333/333/262 356/356/229 360/360/251
f  360/360/251 356/356/229 359/359/229
f  333/333/262 360/360/251 322/322/262
f  360/360/251 359/359/229 361/361/287
f  322/322/262 360/360/251 362/362/288
f  362/362/288 360/360/251 361/361/287
f  361/361/287 359/359/229 363/363/229
f  363/363/229 359/359/229 357/357/278
f  361/361/287 363/363/229 362/362/288
f  364/364/289 357/357/278 358/358/286
f  364/364/289 358/358/286 365/365/290
f  363/363/229 357/357/278 366/366/254
f  363/363/229 366/366/254 362/362/288
f  357/357/278 364/364/289 367/367/291
f  367/367/291 364/364/289 365/365/290
f  357/357/278 367/367/291 366/366/254
f  367/367/291 365/365/290 368/368/277
f  367/367/291 368/368/277 366/366/254
f  368/368/277 365/365/290 369/369/292
f  370/370/262 322/322/262 362/362/288
f  322/322/262 370/370/262 312/312/254
f  371/371/293 362/362/288 366/366/254
f  362/362/288 371/371/293 370/370/262
f  366/366/254 368/368/277 372/372/294
f  368/368/277 369/369/292 373/373/295
f  368/368/277 373/373/295 372/372/294
f  373/373/295 369/369/292 374/374/296
f  366/366/254 372/372/294 375/375/231
f  375/375/231 372/372/294 373/373/295
f  371/371/293 366/366/254 376/376/297
f  371/371/293 376/376/297 370/370/262
f  376/376/297 366/366/254 375/375/231
f  373/373/295 374/374/296 377/377/274
f  373/373/295 377/377/274 375/375/231
f  377/377/274 374/374/296 378/378/298
f  377/377/274 378/378/298 304/304/246
f  375/375/231 377/377/274 379/379/286
f  375/375/231 379/379/286 376/376/297
f  377/377/274 304/304/246 380/380/299
f  377/377/274 380/380/299 379/379/286
f  380/380/299 304/304/246 381/381/300
f  381/381/300 304/304/246 311/311/253
f  379/379/286 380/380/299 382/382/232
f  382/382/232 380/380/299 381/381/300
f  376/376/297 379/379/286 383/383/243
f  383/383/243 379/379/286 382/382/232
f  376/376/297 383/383/243 370/370/262
f  381/381/300 311/311/253 384/384/301
f  381/381/300 384/384/301 382/382/232
f  382/382/232 384/384/301 383/383/243
f  383/383/243 384/384/301 370/370/262
f  384/384/301 311/311/253 312/312/254
f  384/384/301 312/312/254 370/370/262
f  385/385/2 386/386/6 387/387/302
f  387/387/302 386/386/6 388/388/303
f  389/389/4 385/385/2 390/390/304
f  389/389/4 390/390/304 391/391/155
f  391/391/155 390/390/304 385/385/2
f  391/391/155 385/385/2 387/387/302
f  387/387/302 388/388/303 392/392/305
f  392/392/305 388/388/303 393/393/20
f  392/392/305 393/393/20 394/394/303
f  387/387/302 392/392/305 395/395/306
f  395/395/306 392/392/305 394/394/303
f  391/391/155 387/387/302 396/396/304
f  396/396/304 387/387/302 395/395/306
f  391/391/155 396/396/304 397/397/156
f  397/397/156 396/396/304 398/398/161
f  398/398/161 396/396/304 395/395/306
f  398/398/161 395/395/306 399/399/307
f  398/398/161 399/399/307 400/400/4
f  395/395/306 394/394/303 401/401/303
f  395/395/306 401/401/303 399/399/307
f  401/401/303 394/394/303 402/402/308
f  402/402/308 394/394/303 403/403/20
f  401/401/303 402/402/308 404/404/309
f  404/404/309 402/402/308 405/405/309
f  404/404/309 405/405/309 406/406/310
f  401/401/303 404/404/309 407/407/305
f  401/401/303 407/407/305 399/399/307
f  404/404/309 406/406/310 408/408/311
f  404/404/309 408/408/311 407/407/305
f  408/408/311 406/406/310 409/409/312
f  399/399/307 407/407/305 410/410/313
f  399/399/307 410/410/313 400/400/4
f  400/400/4 410/410/313 411/411/314
f  410/410/313 407/407/305 412/412/315
f  410/410/313 412/412/315 411/411/314
f  407/407/305 408/408/311 413/413/316
f  407/407/305 413/413/316 412/412/315
f  408/408/311 409/409/312 414/414/317
f  408/408/311 414/414/317 413/413/316
f  414/414/317 409/409/312 415/415/318
f  414/414/317 415/415/318 416/416/319
f  411/411/314 412/412/315 417/417/320
f  411/411/314 417/417/320 418/418/321
f  418/418/321 417/417/320 419/419/322
f  417/417/320 412/412/315 420/420/323
f  417/417/320 420/420/323 419/419/322
f  420/420/323 412/412/315 413/413/316
f  421/421/324 413/413/316 414/414/317
f  413/413/316 421/421/324 420/420/323
f  421/421/324 414/414/317 416/416/319
f  419/419/322 420/420/323 422/422/325
f  419/419/322 422/422/325 423/423/326
f  423/423/326 422/422/325 424/424/327
f  422/422/325 420/420/323 425/425/328
f  422/422/325 425/425/328 424/424/327
f  420/420/323 421/421/324 426/426/329
f  420/420/323 426/426/329 425/425/328
f  426/426/329 421/421/324 427/427/330
f  427/427/330 421/421/324 416/416/319
f  425/425/328 426/426/329 428/428/331
f  428/428/331 426/426/329 427/427/330
f  424/424/327 425/425/328 429/429/332
f  429/429/332 425/425/328 428/428/331
f  427/427/330 416/416/319 430/430/333
f  427/427/330 430/430/333 428/428/331
f  430/430/333 416/416/319 431/431/334
f  431/431/334 416/416/319 432/432/335
f  428/428/331 430/430/333 433/433/336
f  428/428/331 433/433/336 429/429/332
f  430/430/333 431/431/334 434/434/337
f  430/430/333 434/434/337 433/433/336
f  434/434/337 431/431/334 435/435/338
f  434/434/337 435/435/338 436/436/339
f  434/434/337 436/436/339 437/437/340
f  434/434/337 437/437/340 433/433/336
f  429/429/332 433/433/336 438/438/341
f  433/433/336 437/437/340 439/439/342
f  433/433/336 439/439/342 438/438/341
f  429/429/332 438/438/341 440/440/343
f  429/429/332 440/440/343 424/424/327
f  438/438/341 439/439/342 441/441/344
f  424/424/327 440/440/343 442/442/345
f  424/424/327 442/442/345 443/443/346
f  443/443/346 442/442/345 440/440/343
f  443/443/346 440/440/343 444/444/347
f  443/443/346 444/444/347 445/445/348
f  446/446/349 440/440/343 438/438/341
f  440/440/343 446/446/349 444/444/347
f  446/446/349 438/438/341 441/441/344
f  444/444/347 446/446/349 447/447/350
f  444/444/347 447/447/350 445/445/348
f  447/447/350 446/446/349 441/441/344
f  445/445/348 447/447/350 448/448/351
f  445/445/348 448/448/351 449/449/352
f  447/447/350 441/441/344 450/450/353
f  448/448/351 447/447/350 451/451/354
f  451/451/354 447/447/350 450/450/353
f  449/449/352 448/448/351 452/452/355
f  452/452/355 448/448/351 451/451/354
f  449/449/352 452/452/355 453/453/356
f  449/449/352 453/453/356 454/454/357
f  449/449/352 454/454/357 455/455/358
f  455/455/358 454/454/357 456/456/359
f  453/453/356 452/452/355 457/457/360
f  457/457/360 452/452/355 451/451/354
f  454/454/357 453/453/356 458/458/361
f  458/458/361 453/453/356 457/457/360
f  454/454/357 458/458/361 459/459/362
f  454/454/357 459/459/362 460/460/363
f  458/458/361 457/457/360 461/461/364
f  457/457/360 451/451/354 462/462/365
f  457/457/360 462/462/365 461/461/364
f  462/462/365 451/451/354 463/463/366
f  462/462/365 463/463/366 461/461/364
f  458/458/361 461/461/364 464/464/367
f  458/458/361 464/464/367 459/459/362
f  465/465/368 460/460/363 459/459/362
f  464/464/367 461/461/364 466/466/369
f  464/464/367 466/466/369 459/459/362
f  460/460/363 465/465/368 467/467/370
f  465/465/368 459/459/362 468/468/356
f  468/468/356 459/459/362 466/466/369
f  467/467/370 465/465/368 469/469/371
f  467/467/370 469/469/371 470/470/372
f  465/465/368 468/468/356 471/471/373
f  471/471/373 468/468/356 466/466/369
f  472/472/374 473/473/375 470/470/372
f  472/472/374 470/470/372 474/474/376
f  474/474/376 470/470/372 469/469/371
f  469/469/371 465/465/368 475/475/377
f  469/469/371 475/475/377 474/474/376
f  475/475/377 465/465/368 471/471/373
f  474/474/376 475/475/377 476/476/378
f  476/476/378 475/475/377 477/477/379
f  477/477/379 475/475/377 471/471/373
f  477/477/379 471/471/373 466/466/369
f  477/477/379 466/466/369 478/478/380
f  477/477/379 478/478/380 479/479/381
f  478/478/380 466/466/369 480/480/379
f  478/478/380 480/480/379 481/481/382
f  480/480/379 466/466/369 461/461/364
f  481/481/382 480/480/379 482/482/373
f  480/480/379 461/461/364 463/463/366
f  480/480/379 463/463/366 482/482/373
f  482/482/373 463/463/366 483/483/383
f  482/482/373 483/483/383 484/484/384
f  484/484/384 483/483/383 485/485/372
f  483/483/383 463/463/366 486/486/367
f  486/486/367 463/463/366 451/451/354
f  486/486/367 451/451/354 450/450/353
f  483/483/383 486/486/367 487/487/385
f  487/487/385 486/486/367 450/450/353
f  483/483/383 487/487/385 488/488/386
f  488/488/386 487/487/385 489/489/387
f  487/487/385 450/450/353 490/490/388
f  487/487/385 490/490/388 489/489/387
f  490/490/388 450/450/353 441/441/344
f  490/490/388 441/441/344 491/491/389
f  491/491/389 441/441/344 439/439/342
f  489/489/387 490/490/388 492/492/390
f  492/492/390 490/490/388 491/491/389
f  492/492/390 491/491/389 439/439/342
f  489/489/387 492/492/390 493/493/391
f  492/492/390 439/439/342 437/437/340
f  492/492/390 437/437/340 493/493/391
f  494/494/11 495/495/37 496/496/392
f  495/495/37 494/494/11 497/497/38
f  497/497/38 494/494/11 498/498/44
f  499/499/46 500/500/43 498/498/44
f  499/499/46 498/498/44 501/501/393
f  499/499/46 501/501/393 502/502/47
f  498/498/44 494/494/11 503/503/394
f  498/498/44 503/503/394 501/501/393
f  502/502/47 501/501/393 504/504/145
f  504/504/145 501/501/393 503/503/394
f  502/502/47 504/504/145 505/505/50
f  503/503/394 494/494/11 506/506/395
f  506/506/395 494/494/11 496/496/392
f  504/504/145 503/503/394 507/507/396
f  504/504/145 507/507/396 508/508/397
f  504/504/145 508/508/397 509/509/398
f  504/504/145 509/509/398 510/510/144
f  508/508/397 507/507/396 511/511/399
f  508/508/397 511/511/399 509/509/398
f  510/510/144 509/509/398 512/512/146
f  511/511/399 507/507/396 513/513/400
f  513/513/400 507/507/396 503/503/394
f  512/512/146 509/509/398 514/514/401
f  512/512/146 514/514/401 515/515/147
f  509/509/398 511/511/399 516/516/402
f  509/509/398 516/516/402 514/514/401
f  515/515/147 514/514/401 517/517/148
f  516/516/402 511/511/399 518/518/403
f  517/517/148 514/514/401 519/519/404
f  518/518/403 511/511/399 520/520/405
f  520/520/405 511/511/399 513/513/400
f  516/516/402 518/518/403 521/521/406
f  514/514/401 516/516/402 522/522/407
f  522/522/407 516/516/402 521/521/406
f  514/514/401 522/522/407 523/523/408
f  514/514/401 523/523/408 519/519/404
f  523/523/408 522/522/407 524/524/409
f  523/523/408 524/524/409 519/519/404
f  524/524/409 522/522/407 525/525/410
f  525/525/410 522/522/407 521/521/406
f  519/519/404 524/524/409 526/526/411
f  526/526/411 524/524/409 525/525/410
f  527/527/412 517/517/148 519/519/404
f  517/517/148 527/527/412 528/528/134
f  528/528/134 527/527/412 529/529/130
f  525/525/410 521/521/406 530/530/413
f  531/531/414 521/521/406 518/518/403
f  521/521/406 531/531/414 530/530/413
f  531/531/414 518/518/403 520/520/405
f  529/529/130 527/527/412 532/532/415
f  532/532/415 527/527/412 533/533/416
f  529/529/130 532/532/415 534/534/417
f  534/534/417 532/532/415 533/533/416
f  534/534/417 533/533/416 527/527/412
f  529/529/130 534/534/417 535/535/126
f  534/534/417 527/527/412 536/536/418
f  534/534/417 536/536/418 535/535/126
f  536/536/418 527/527/412 519/519/404
f  536/536/418 519/519/404 526/526/411
f  535/535/126 536/536/418 537/537/76
f  537/537/76 536/536/418 526/526/411
f  535/535/126 537/537/76 538/538/419
f  535/535/126 538/538/419 539/539/124
f  537/537/76 526/526/411 540/540/420
f  537/537/76 540/540/420 538/538/419
f  540/540/420 526/526/411 541/541/421
f  541/541/421 526/526/411 525/525/410
f  540/540/420 541/541/421 542/542/422
f  540/540/420 542/542/422 538/538/419
f  541/541/421 525/525/410 543/543/423
f  543/543/423 525/525/410 530/530/413
f  542/542/422 541/541/421 544/544/424
f  544/544/424 541/541/421 543/543/423
f  543/543/423 530/530/413 545/545/425
f  543/543/423 545/545/425 544/544/424
f  545/545/425 530/530/413 546/546/426
f  544/544/424 545/545/425 547/547/427
f  547/547/427 545/545/425 546/546/426
f  542/542/422 544/544/424 548/548/428
f  548/548/428 544/544/424 547/547/427
f  542/542/422 548/548/428 549/549/429
f  542/542/422 549/549/429 538/538/419
f  548/548/428 547/547/427 550/550/430
f  549/549/429 548/548/428 551/551/431
f  551/551/431 548/548/428 552/552/432
f  552/552/432 548/548/428 550/550/430
f  551/551/431 552/552/432 553/553/433
f  551/551/431 553/553/433 549/549/429
f  552/552/432 550/550/430 554/554/434
f  549/549/429 553/553/433 555/555/435
f  556/556/436 550/550/430 547/547/427
f  549/549/429 555/555/435 557/557/437
f  549/549/429 557/557/437 538/538/419
f  557/557/437 555/555/435 558/558/438
f  554/554/434 550/550/430 559/559/439
f  559/559/439 550/550/430 556/556/436
f  554/554/434 559/559/439 560/560/440
f  538/538/419 557/557/437 561/561/110
f  561/561/110 557/557/437 558/558/438
f  560/560/440 559/559/439 562/562/441
f  562/562/441 559/559/439 556/556/436
f  560/560/440 562/562/441 563/563/442
f  538/538/419 561/561/110 564/564/127
f  538/538/419 564/564/127 539/539/124
f  539/539/124 564/564/127 561/561/110
f  539/539/124 561/561/110 565/565/123
f  565/565/123 561/561/110 566/566/122
f  566/566/122 561/561/110 558/558/438
f  566/566/122 558/558/438 567/567/121
f  567/567/121 558/558/438 568/568/443
f  569/569/444 563/563/442 562/562/441
f  563/563/442 569/569/444 570/570/445
f  569/569/444 562/562/441 571/571/446
f  571/571/446 562/562/441 556/556/436
f  570/570/445 569/569/444 572/572/447
f  570/570/445 572/572/447 573/573/448
f  573/573/448 572/572/447 574/574/449
f  574/574/449 572/572/447 575/575/447
f  575/575/447 572/572/447 576/576/450
f  572/572/447 569/569/444 577/577/450
f  572/572/447 577/577/450 576/576/450
f  577/577/450 569/569/444 578/578/451
f  578/578/451 569/569/444 571/571/446
f  578/578/451 571/571/446 577/577/450
f  576/576/450 577/577/450 579/579/452
f  579/579/452 577/577/450 571/571/446
f  576/576/450 579/579/452 580/580/453
f  580/580/453 579/579/452 581/581/454
f  580/580/453 581/581/454 582/582/455
f  582/582/455 581/581/454 583/583/456
f  583/583/456 581/581/454 579/579/452
f  582/582/455 583/583/456 584/584/457
f  579/579/452 571/571/446 585/585/458
f  579/579/452 585/585/458 583/583/456
f  585/585/458 571/571/446 586/586/459
f  586/586/459 571/571/446 556/556/436
f  583/583/456 585/585/458 587/587/460
f  583/583/456 587/587/460 584/584/457
f  587/587/460 585/585/458 588/588/461
f  588/588/461 585/585/458 586/586/459
f  584/584/457 587/587/460 589/589/462
f  589/589/462 587/587/460 588/588/461
f  588/588/461 586/586/459 590/590/463
f  588/588/461 590/590/463 589/589/462
f  586/586/459 556/556/436 546/546/426
f  546/546/426 556/556/436 547/547/427
f  584/584/457 589/589/462 591/591/464
f  584/584/457 591/591/464 592/592/465
f  592/592/465 591/591/464 593/593/466
f  591/591/464 589/589/462 594/594/467
f  594/594/467 589/589/462 590/590/463
f  593/593/466 591/591/464 595/595/468
f  593/593/466 595/595/468 596/596/469
f  596/596/469 595/595/468 591/591/464
f  596/596/469 591/591/464 594/594/467
f  593/593/466 596/596/469 597/597/470
f  594/594/467 590/590/463 598/598/471
f  594/594/467 598/598/471 596/596/469
f  597/597/470 596/596/469 599/599/472
f  599/599/472 596/596/469 598/598/471
f  597/597/470 599/599/472 600/600/473
f  597/597/470 600/600/473 601/601/474
f  601/601/474 600/600/473 602/602/168
f  602/602/168 600/600/473 603/603/475
f  600/600/473 599/599/472 604/604/476
f  603/603/475 600/600/473 605/605/477
f  605/605/477 600/600/473 604/604/476
f  603/603/475 605/605/477 606/606/3
f  603/603/475 606/606/3 607/607/478
f  605/605/477 604/604/476 608/608/479
f  605/605/477 608/608/479 606/606/3
f  604/604/476 599/599/472 609/609/480
f  609/609/480 599/599/472 598/598/471
f  607/607/478 606/606/3 610/610/481
f  604/604/476 609/609/480 611/611/482
f  609/609/480 598/598/471 612/612/483
f  609/609/480 612/612/483 611/611/482
f  612/612/483 598/598/471 613/613/484
f  604/604/476 611/611/482 614/614/485
f  604/604/476 614/614/485 608/608/479
f  608/608/479 614/614/485 496/496/392
f  496/496/392 614/614/485 506/506/395
f  506/506/395 614/614/485 611/611/482
f  608/608/479 496/496/392 615/615/486
f  506/506/395 611/611/482 503/503/394
f  503/503/394 611/611/482 616/616/487
f  503/503/394 616/616/487 513/513/400
f  513/513/400 616/616/487 611/611/482
f  615/615/486 496/496/392 495/495/37
f  617/617/488 611/611/482 612/612/483
f  611/611/482 617/617/488 513/513/400
f  617/617/488 612/612/483 613/613/484
f  513/513/400 617/617/488 618/618/489
f  618/618/489 617/617/488 613/613/484
f  513/513/400 618/618/489 520/520/405
f  520/520/405 618/618/489 619/619/490
f  619/619/490 618/618/489 613/613/484
f  520/520/405 619/619/490 531/531/414
f  619/619/490 613/613/484 620/620/491
f  620/620/491 613/613/484 598/598/471
f  620/620/491 598/598/471 590/590/463
f  620/620/491 590/590/463 621/621/492
f  620/620/491 621/621/492 619/619/490
f  621/621/492 590/590/463 586/586/459
f  621/621/492 586/586/459 546/546/426
f  619/619/490 621/621/492 622/622/493
f  622/622/493 621/621/492 546/546/426
f  619/619/490 622/622/493 531/531/414
f  622/622/493 546/546/426 530/530/413
f  622/622/493 530/530/413 531/531/414
f  623/623/494 615/615/486 495/495/37
f  623/623/494 495/495/37 624/624/34
f  623/623/494 624/624/34 625/625/33
f  623/623/494 625/625/33 626/626/495
f  626/626/495 625/625/33 627/627/15
f  615/615/486 623/623/494 628/628/496
f  628/628/496 623/623/494 626/626/495
f  615/615/486 628/628/496 629/629/8
f  615/615/486 629/629/8 608/608/479
f  608/608/479 629/629/8 606/606/3
f  626/626/495 627/627/15 630/630/497
f  626/626/495 630/630/497 628/628/496
f  606/606/3 629/629/8 631/631/498
f  631/631/498 629/629/8 628/628/496
f  631/631/498 628/628/496 630/630/497
f  606/606/3 631/631/498 610/610/481
f  631/631/498 630/630/497 632/632/498
f  631/631/498 632/632/498 610/610/481
f  610/610/481 632/632/498 633/633/164
f  633/633/164 632/632/498 630/630/497
f  610/610/481 633/633/164 634/634/499
f  634/634/499 633/633/164 635/635/475
f  636/636/500 630/630/497 627/627/15
f  630/630/497 636/636/500 633/633/164
f  636/636/500 627/627/15 637/637/13
f  633/633/164 636/636/500 638/638/501
f  638/638/501 636/636/500 637/637/13
f  633/633/164 638/638/501 635/635/475
f  638/638/501 637/637/13 639/639/8
f  635/635/475 638/638/501 640/640/502
f  640/640/502 638/638/501 639/639/8
f  635/635/475 640/640/502 641/641/503
f  640/640/502 639/639/8 642/642/152
f  642/642/152 639/639/8 643/643/5
f  644/644/504 645/645/152 646/646/153
f  644/644/504 646/646/153 647/647/505
f  647/647/505 646/646/153 648/648/156
f  647/647/505 648/648/156 649/649/166
f  647/647/505 649/649/166 644/644/504
f  644/644/504 649/649/166 650/650/506
f  644/644/504 650/650/506 651/651/170
f  651/651/170 650/650/506 652/652/507
f  651/651/170 652/652/507 653/653/507
f  653/653/507 652/652/507 654/654/151
f  652/652/507 650/650/506 655/655/506
f  655/655/506 650/650/506 649/649/166
f  656/656/169 649/649/166 657/657/161
f  649/649/166 656/656/169 655/655/506
f  655/655/506 656/656/169 658/658/170
f  655/655/506 658/658/170 659/659/508
f  659/659/508 658/658/170 660/660/171
f  652/652/507 655/655/506 661/661/509
f  655/655/506 659/659/508 662/662/510
f  655/655/506 662/662/510 661/661/509
f  659/659/508 660/660/171 663/663/511
f  659/659/508 663/663/511 662/662/510
f  664/664/174 665/665/183 660/660/171
f  660/660/171 665/665/183 663/663/511
f  652/652/507 661/661/509 666/666/512
f  652/652/507 666/666/512 654/654/151
f  654/654/151 666/666/512 667/667/513
f  654/654/151 667/667/513 668/668/514
f  667/667/513 666/666/512 669/669/304
f  667/667/513 669/669/304 670/670/159
f  670/670/159 669/669/304 671/671/515
f  671/671/515 669/669/304 672/672/516
f  673/673/517 666/666/512 661/661/509
f  666/666/512 673/673/517 669/669/304
f  673/673/517 661/661/509 662/662/510
f  672/672/516 669/669/304 674/674/518
f  674/674/518 669/669/304 673/673/517
f  672/672/516 674/674/518 675/675/519
f  673/673/517 662/662/510 676/676/520
f  673/673/517 676/676/520 674/674/518
f  676/676/520 662/662/510 677/677/521
f  677/677/521 662/662/510 663/663/511
f  674/674/518 676/676/520 678/678/522
f  678/678/522 676/676/520 677/677/521
f  675/675/519 674/674/518 679/679/523
f  679/679/523 674/674/518 678/678/522
f  675/675/519 679/679/523 680/680/524
f  675/675/519 680/680/524 681/681/525
f  679/679/523 678/678/522 682/682/526
f  679/679/523 682/682/526 680/680/524
f  678/678/522 677/677/521 683/683/527
f  683/683/527 677/677/521 663/663/511
f  683/683/527 663/663/511 684/684/528
f  684/684/528 663/663/511 665/665/183
f  684/684/528 665/665/183 685/685/189
f  684/684/528 685/685/189 683/683/527
f  685/685/189 665/665/183 686/686/182
f  678/678/522 683/683/527 687/687/529
f  687/687/529 683/683/527 685/685/189
f  678/678/522 687/687/529 682/682/526
f  687/687/529 685/685/189 688/688/194
f  688/688/194 685/685/189 689/689/190
f  682/682/526 687/687/529 690/690/530
f  690/690/530 687/687/529 688/688/194
f  690/690/530 688/688/194 691/691/531
f  691/691/531 688/688/194 692/692/196
f  691/691/531 692/692/196 693/693/200
f  691/691/531 693/693/200 694/694/532
f  694/694/532 693/693/200 695/695/240
f  690/690/530 691/691/531 696/696/533
f  696/696/533 691/691/531 694/694/532
f  697/697/534 682/682/526 690/690/530
f  697/697/534 690/690/530 698/698/535
f  698/698/535 690/690/530 696/696/533
f  682/682/526 697/697/534 699/699/536
f  697/697/534 698/698/535 700/700/537
f  697/697/534 700/700/537 699/699/536
f  700/700/537 698/698/535 696/696/533
f  682/682/526 699/699/536 680/680/524
f  699/699/536 700/700/537 701/701/517
f  701/701/517 700/700/537 696/696/533
f  680/680/524 699/699/536 702/702/538
f  702/702/538 699/699/536 701/701/517
f  680/680/524 702/702/538 703/703/539
f  702/702/538 701/701/517 704/704/540
f  702/702/538 704/704/540 705/705/541
f  704/704/540 701/701/517 706/706/542
f  706/706/542 701/701/517 696/696/533
f  704/704/540 706/706/542 707/707/543
f  706/706/542 696/696/533 708/708/544
f  706/706/542 708/708/544 707/707/543
f  708/708/544 696/696/533 694/694/532
f  707/707/543 708/708/544 709/709/545
f  708/708/544 694/694/532 710/710/546
f  708/708/544 710/710/546 709/709/545
f  710/710/546 694/694/532 711/711/547
f  711/711/547 694/694/532 695/695/240
f  709/709/545 710/710/546 712/712/548
f  712/712/548 710/710/546 711/711/547
f  711/711/547 695/695/240 713/713/549
f  711/711/547 713/713/549 712/712/548
f  713/713/549 695/695/240 714/714/246
f  709/709/545 712/712/548 715/715/550
f  709/709/545 715/715/550 707/707/543
f  707/707/543 715/715/550 716/716/551
f  707/707/543 716/716/551 717/717/552
f  717/717/552 716/716/551 718/718/553
f  718/718/553 716/716/551 715/715/550
f  715/715/550 712/712/548 719/719/276
f  715/715/550 719/719/276 718/718/553
f  720/720/554 712/712/548 713/713/549
f  712/712/548 720/720/554 719/719/276
f  720/720/554 713/713/549 721/721/555
f  721/721/555 713/713/549 714/714/246
f  722/722/298 714/714/246 723/723/246
f  714/714/246 722/722/298 721/721/555
f  721/721/555 722/722/298 724/724/296
f  721/721/555 724/724/296 725/725/292
f  726/726/556 718/718/553 719/719/276
f  721/721/555 725/725/292 727/727/557
f  727/727/557 725/725/292 728/728/290
f  727/727/557 728/728/290 729/729/286
f  721/721/555 727/727/557 730/730/299
f  721/721/555 730/730/299 720/720/554
f  727/727/557 729/729/286 731/731/558
f  727/727/557 731/731/558 730/730/299
f  720/720/554 730/730/299 732/732/559
f  720/720/554 732/732/559 719/719/276
f  730/730/299 731/731/558 733/733/298
f  730/730/299 733/733/298 732/732/559
f  731/731/558 729/729/286 734/734/560
f  734/734/560 729/729/286 735/735/285
f  734/734/560 735/735/285 736/736/283
f  731/731/558 734/734/560 737/737/561
f  731/731/558 737/737/561 733/733/298
f  734/734/560 736/736/283 738/738/562
f  734/734/560 738/738/562 737/737/561
f  738/738/562 736/736/283 739/739/279
f  739/739/279 736/736/283 740/740/282
f  737/737/561 738/738/562 741/741/563
f  741/741/563 738/738/562 739/739/279
f  733/733/298 737/737/561 742/742/564
f  733/733/298 742/742/564 732/732/559
f  737/737/561 741/741/563 743/743/565
f  737/737/561 743/743/565 742/742/564
f  743/743/565 741/741/563 744/744/566
f  732/732/559 742/742/564 745/745/229
f  732/732/559 745/745/229 719/719/276
f  719/719/276 745/745/229 726/726/556
f  742/742/564 743/743/565 746/746/567
f  742/742/564 746/746/567 745/745/229
f  746/746/567 743/743/565 744/744/566
f  726/726/556 745/745/229 747/747/274
f  747/747/274 745/745/229 746/746/567
f  726/726/556 747/747/274 718/718/553
f  718/718/553 747/747/274 748/748/566
f  718/718/553 748/748/566 749/749/568
f  747/747/274 746/746/567 750/750/292
f  747/747/274 750/750/292 748/748/566
f  750/750/292 746/746/567 744/744/566
f  748/748/566 750/750/292 751/751/292
f  751/751/292 750/750/292 752/752/262
f  751/751/292 752/752/262 753/753/298
f  750/750/292 744/744/566 754/754/272
f  752/752/262 750/750/292 755/755/289
f  755/755/289 750/750/292 754/754/272
f  752/752/262 755/755/289 756/756/283
f  752/752/262 756/756/283 757/757/273
f  757/757/273 756/756/283 758/758/300
f  755/755/289 754/754/272 759/759/564
f  755/755/289 759/759/564 756/756/283
f  760/760/569 754/754/272 744/744/566
f  754/754/272 760/760/569 759/759/564
f  756/756/283 759/759/564 761/761/570
f  760/760/569 744/744/566 762/762/292
f  762/762/292 744/744/566 741/741/563
f  759/759/564 760/760/569 763/763/571
f  759/759/564 763/763/571 761/761/570
f  763/763/571 760/760/569 762/762/292
f  762/762/292 741/741/563 739/739/279
f  762/762/292 739/739/279 764/764/272
f  762/762/292 764/764/272 763/763/571
f  764/764/272 739/739/279 765/765/566
f  764/764/272 765/765/566 763/763/571
f  761/761/570 763/763/571 766/766/571
f  761/761/570 766/766/571 756/756/283
f  766/766/571 763/763/571 767/767/271
f  767/767/271 763/763/571 765/765/566
f  765/765/566 739/739/279 768/768/280
f  768/768/280 739/739/279 740/740/282
f  768/768/280 740/740/282 769/769/281
f  765/765/566 768/768/280 770/770/230
f  770/770/230 768/768/280 771/771/278
f  767/767/271 765/765/566 772/772/298
f  772/772/298 765/765/566 770/770/230
f  767/767/271 772/772/298 766/766/571
f  770/770/230 771/771/278 773/773/232
f  770/770/230 773/773/232 772/772/298
f  773/773/232 771/771/278 774/774/286
f  773/773/232 774/774/286 772/772/298
f  774/774/286 771/771/278 775/775/229
f  774/774/286 775/775/229 776/776/274
f  772/772/298 774/774/286 777/777/560
f  777/777/560 774/774/286 776/776/274
f  772/772/298 777/777/560 778/778/229
f  777/777/560 776/776/274 779/779/276
f  777/777/560 779/779/276 778/778/229
f  779/779/276 776/776/274 780/780/253
f  780/780/253 776/776/274 781/781/276
f  778/778/229 779/779/276 782/782/297
f  779/779/276 780/780/253 783/783/293
f  783/783/293 780/780/253 781/781/276
f  779/779/276 783/783/293 782/782/297
f  783/783/293 781/781/276 784/784/572
f  784/784/572 781/781/276 785/785/274
f  784/784/572 785/785/274 786/786/262
f  786/786/262 785/785/274 787/787/275
f  783/783/293 784/784/572 788/788/288
f  783/783/293 788/788/288 782/782/297
f  782/782/297 788/788/288 789/789/573
f  782/782/297 789/789/573 790/790/271
f  782/782/297 790/790/271 791/791/283
f  782/782/297 791/791/283 778/778/229
f  791/791/283 790/790/271 792/792/272
f  792/792/272 790/790/271 758/758/300
f  792/792/272 758/758/300 756/756/283
f  792/792/272 756/756/283 766/766/571
f  791/791/283 792/792/272 793/793/574
f  793/793/574 792/792/272 766/766/571
f  791/791/283 793/793/574 794/794/297
f  794/794/297 793/793/574 766/766/571
f  795/795/276 778/778/229 791/791/283
f  795/795/276 791/791/283 794/794/297
f  795/795/276 794/794/297 766/766/571
f  778/778/229 795/795/276 772/772/298
f  772/772/298 795/795/276 766/766/571
f  796/796/6 797/797/20 798/798/303
f  799/799/575 800/800/152 801/801/504
f  800/800/152 799/799/575 802/802/502
f  799/799/575 801/801/504 803/803/170
f  802/802/502 799/799/575 804/804/503
f  799/799/575 803/803/170 805/805/504
f  799/799/575 805/805/504 804/804/503
f  805/805/504 803/803/170 806/806/507
f  804/804/503 805/805/504 807/807/576
f  807/807/576 805/805/504 806/806/507
f  804/804/503 807/807/576 808/808/499
f  804/804/503 808/808/499 809/809/475
f  808/808/499 807/807/576 810/810/577
f  808/808/499 810/810/577 811/811/481
f  811/811/481 810/810/577 812/812/478
f  807/807/576 806/806/507 813/813/153
f  807/807/576 813/813/153 810/810/577
f  813/813/153 806/806/507 814/814/514
f  814/814/514 806/806/507 815/815/151
f  810/810/577 813/813/153 816/816/578
f  813/813/153 814/814/514 817/817/576
f  813/813/153 817/817/576 816/816/578
f  810/810/577 816/816/578 818/818/509
f  810/810/577 818/818/509 812/812/478
f  818/818/509 816/816/578 817/817/576
f  819/819/168 820/820/475 812/812/478
f  819/819/168 812/812/478 818/818/509
f  817/817/576 814/814/514 821/821/514
f  821/821/514 814/814/514 822/822/513
f  821/821/514 822/822/513 823/823/159
f  821/821/514 823/823/159 824/824/579
f  821/821/514 824/824/579 817/817/576
f  824/824/579 823/823/159 825/825/580
f  826/826/581 818/818/509 817/817/576
f  826/826/581 817/817/576 824/824/579
f  827/827/508 819/819/168 818/818/509
f  819/819/168 827/827/508 828/828/474
f  818/818/509 826/826/581 829/829/582
f  818/818/509 829/829/582 827/827/508
f  829/829/582 826/826/581 830/830/583
f  828/828/474 827/827/508 831/831/584
f  831/831/584 827/827/508 829/829/582
f  832/832/466 833/833/470 828/828/474
f  832/832/466 828/828/474 831/831/584
f  830/830/583 826/826/581 834/834/585
f  834/834/585 826/826/581 824/824/579
f  829/829/582 830/830/583 835/835/586
f  829/829/582 835/835/586 831/831/584
f  835/835/586 830/830/583 834/834/585
f  832/832/466 831/831/584 836/836/587
f  832/832/466 836/836/587 837/837/465
f  831/831/584 835/835/586 838/838/588
f  831/831/584 838/838/588 836/836/587
f  836/836/587 838/838/588 839/839/589
f  836/836/587 839/839/589 837/837/465
f  838/838/588 835/835/586 840/840/590
f  838/838/588 840/840/590 839/839/589
f  841/841/591 835/835/586 834/834/585
f  835/835/586 841/841/591 840/840/590
f  842/842/592 834/834/585 824/824/579
f  842/842/592 824/824/579 825/825/580
f  842/842/592 825/825/580 843/843/593
f  834/834/585 842/842/592 844/844/594
f  844/844/594 842/842/592 843/843/593
f  834/834/585 844/844/594 841/841/591
f  844/844/594 843/843/593 845/845/595
f  844/844/594 845/845/595 841/841/591
f  846/846/596 843/843/593 847/847/597
f  845/845/595 843/843/593 848/848/598
f  848/848/598 843/843/593 846/846/596
f  841/841/591 845/845/595 849/849/599
f  849/849/599 845/845/595 848/848/598
f  841/841/591 849/849/599 850/850/600
f  841/841/591 850/850/600 851/851/601
f  841/841/591 851/851/601 840/840/590
f  851/851/601 850/850/600 852/852/602
f  840/840/590 851/851/601 853/853/603
f  853/853/603 851/851/601 852/852/602
f  852/852/602 850/850/600 854/854/604
f  852/852/602 854/854/604 853/853/603
f  854/854/604 850/850/600 849/849/599
f  853/853/603 854/854/604 840/840/590
f  854/854/604 849/849/599 855/855/605
f  855/855/605 849/849/599 848/848/598
f  840/840/590 854/854/604 856/856/606
f  840/840/590 856/856/606 839/839/589
f  855/855/605 848/848/598 857/857/607
f  855/855/605 857/857/607 858/858/608
f  855/855/605 858/858/608 854/854/604
f  857/857/607 848/848/598 859/859/609
f  857/857/607 859/859/609 858/858/608
f  859/859/609 848/848/598 860/860/610
f  858/858/608 859/859/609 861/861/611
f  861/861/611 859/859/609 860/860/610
f  854/854/604 858/858/608 862/862/612
f  862/862/612 858/858/608 861/861/611
f  854/854/604 862/862/612 863/863/613
f  862/862/612 861/861/611 864/864/614
f  862/862/612 864/864/614 863/863/613
f  864/864/614 861/861/611 865/865/615
f  865/865/615 861/861/611 860/860/610
f  863/863/613 864/864/614 866/866/616
f  867/867/617 860/860/610 848/848/598
f  867/867/617 848/848/598 846/846/596
f  867/867/617 846/846/596 868/868/618
f  867/867/617 868/868/618 869/869/619
f  867/867/617 869/869/619 860/860/610
f  869/869/619 868/868/618 870/870/620
f  860/860/610 869/869/619 871/871/621
f  860/860/610 871/871/621 865/865/615
f  869/869/619 870/870/620 872/872/622
f  869/869/619 872/872/622 871/871/621
f  872/872/622 870/870/620 873/873/623
f  872/872/622 873/873/623 874/874/624
f  871/871/621 872/872/622 875/875/625
f  875/875/625 872/872/622 874/874/624
f  875/875/625 874/874/624 876/876/626
f  875/875/625 876/876/626 871/871/621
f  876/876/626 874/874/624 877/877/627
f  876/876/626 877/877/627 878/878/628
f  876/876/626 878/878/628 879/879/629
f  880/880/630 865/865/615 871/871/621
f  880/880/630 871/871/621 876/876/626
f  876/876/626 879/879/629 881/881/631
f  881/881/631 879/879/629 882/882/632
f  880/880/630 876/876/626 883/883/633
f  881/881/631 882/882/632 884/884/634
f  884/884/634 882/882/632 885/885/635
f  876/876/626 881/881/631 886/886/636
f  876/876/626 886/886/636 883/883/633
f  881/881/631 884/884/634 887/887/637
f  881/881/631 887/887/637 886/886/636
f  884/884/634 885/885/635 888/888/638
f  884/884/634 888/888/638 887/887/637
f  888/888/638 885/885/635 889/889/639
f  888/888/638 889/889/639 890/890/640
f  888/888/638 890/890/640 891/891/641
f  886/886/636 887/887/637 892/892/642
f  892/892/642 887/887/637 888/888/638
f  893/893/643 883/883/633 886/886/636
f  893/893/643 886/886/636 892/892/642
f  883/883/633 893/893/643 880/880/630
f  888/888/638 891/891/641 894/894/644
f  888/888/638 894/894/644 892/892/642
f  894/894/644 891/891/641 895/895/645
f  894/894/644 895/895/645 896/896/646
f  892/892/642 894/894/644 897/897/647
f  897/897/647 894/894/644 896/896/646
f  893/893/643 892/892/642 898/898/648
f  897/897/647 896/896/646 899/899/649
f  899/899/649 896/896/646 900/900/650
f  892/892/642 897/897/647 901/901/651
f  901/901/651 897/897/647 899/899/649
f  892/892/642 901/901/651 898/898/648
f  899/899/649 900/900/650 902/902/652
f  902/902/652 900/900/650 903/903/653
f  901/901/651 899/899/649 904/904/654
f  904/904/654 899/899/649 902/902/652
f  898/898/648 901/901/651 905/905/655
f  905/905/655 901/901/651 904/904/654
f  906/906/656 893/893/643 898/898/648
f  906/906/656 898/898/648 905/905/655
f  893/893/643 906/906/656 880/880/630
f  907/907/657 908/908/658 902/902/652
f  902/902/652 908/908/658 909/909/448
f  902/902/652 909/909/448 904/904/654
f  909/909/448 908/908/658 910/910/659
f  909/909/448 910/910/659 911/911/660
f  909/909/448 911/911/660 912/912/661
f  909/909/448 912/912/661 913/913/660
f  909/909/448 913/913/660 914/914/662
f  909/909/448 914/914/662 904/904/654
f  904/904/654 914/914/662 915/915/447
f  915/915/447 914/914/662 916/916/449
f  904/904/654 915/915/447 917/917/663
f  917/917/663 915/915/447 918/918/450
f  904/904/654 917/917/663 905/905/655
f  917/917/663 918/918/450 919/919/453
f  917/917/663 919/919/453 920/920/664
f  920/920/664 919/919/453 921/921/455
f  905/905/655 917/917/663 922/922/665
f  922/922/665 917/917/663 920/920/664
f  905/905/655 922/922/665 923/923/666
f  905/905/655 923/923/666 906/906/656
f  906/906/656 923/923/666 922/922/665
f  920/920/664 921/921/455 924/924/667
f  920/920/664 924/924/667 922/922/665
f  906/906/656 922/922/665 925/925/668
f  906/906/656 925/925/668 926/926/669
f  906/906/656 926/926/669 880/880/630
f  880/880/630 926/926/669 927/927/670
f  927/927/670 926/926/669 925/925/668
f  880/880/630 927/927/670 865/865/615
f  865/865/615 927/927/670 925/925/668
f  865/865/615 925/925/668 864/864/614
f  864/864/614 925/925/668 866/866/616
f  866/866/616 925/925/668 922/922/665
f  928/928/671 922/922/665 924/924/667
f  922/922/665 928/928/671 866/866/616
f  928/928/671 924/924/667 856/856/606
f  866/866/616 928/928/671 929/929/672
f  929/929/672 928/928/671 856/856/606
f  856/856/606 924/924/667 930/930/673
f  930/930/673 924/924/667 921/921/455
f  929/929/672 856/856/606 854/854/604
f  856/856/606 930/930/673 931/931/674
f  856/856/606 931/931/674 839/839/589
f  839/839/589 931/931/674 930/930/673
f  930/930/673 921/921/455 932/932/675
f  930/930/673 932/932/675 839/839/589
f  932/932/675 921/921/455 933/933/457
f  839/839/589 932/932/675 837/837/465
f  837/837/465 932/932/675 933/933/457
f  863/863/613 929/929/672 854/854/604
f  929/929/672 863/863/613 934/934/676
f  934/934/676 863/863/613 866/866/616
f  929/929/672 934/934/676 935/935/677
f  935/935/677 934/934/676 866/866/616
f  936/936/678 866/866/616 929/929/672
f  866/866/616 936/936/678 935/935/677
f  935/935/677 936/936/678 929/929/672
f  937/937/156 938/938/161 939/939/577
f  939/939/577 938/938/161 940/940/4
f  937/937/156 939/939/577 941/941/158
f  939/939/577 940/940/4 942/942/679
f  942/942/679 940/940/4 943/943/314
f  941/941/158 939/939/577 944/944/680
f  944/944/680 939/939/577 942/942/679
f  941/941/158 944/944/680 945/945/159
f  942/942/679 943/943/314 946/946/321
f  942/942/679 946/946/321 947/947/681
f  947/947/681 946/946/321 948/948/322
f  944/944/680 942/942/679 949/949/682
f  949/949/682 942/942/679 947/947/681
f  945/945/159 944/944/680 950/950/163
f  950/950/163 944/944/680 949/949/682
f  945/945/159 950/950/163 951/951/160
f  947/947/681 948/948/322 952/952/683
f  952/952/683 948/948/322 953/953/326
f  951/951/160 950/950/163 954/954/302
f  954/954/302 950/950/163 949/949/682
f  951/951/160 954/954/302 955/955/15
f  951/951/160 955/955/15 956/956/163
f  956/956/163 955/955/15 957/957/164
f  957/957/164 955/955/15 958/958/684
f  957/957/164 958/958/684 959/959/178
f  958/958/684 955/955/15 960/960/685
f  958/958/684 960/960/685 959/959/178
f  955/955/15 954/954/302 961/961/686
f  961/961/686 954/954/302 949/949/682
f  955/955/15 961/961/686 960/960/685
f  961/961/686 949/949/682 962/962/687
f  962/962/687 949/949/682 947/947/681
f  960/960/685 961/961/686 963/963/325
f  963/963/325 961/961/686 962/962/687
f  962/962/687 947/947/681 964/964/688
f  962/962/687 964/964/688 963/963/325
f  964/964/688 947/947/681 952/952/683
f  965/965/689 959/959/178 960/960/685
f  960/960/685 963/963/325 966/966/690
f  960/960/685 966/966/690 965/965/689
f  966/966/690 963/963/325 967/967/690
f  967/967/690 963/963/325 964/964/688
f  965/965/689 966/966/690 968/968/691
f  959/959/178 965/965/689 969/969/185
f  959/959/178 969/969/185 970/970/179
f  969/969/185 965/965/689 968/968/691
f  966/966/690 967/967/690 971/971/692
f  966/966/690 971/971/692 968/968/691
f  967/967/690 964/964/688 972/972/693
f  967/967/690 972/972/693 971/971/692
f  972/972/693 964/964/688 973/973/694
f  973/973/694 964/964/688 952/952/683
f  971/971/692 972/972/693 974/974/695
f  974/974/695 972/972/693 973/973/694
f  968/968/691 971/971/692 975/975/696
f  975/975/696 971/971/692 974/974/695
f  973/973/694 952/952/683 976/976/697
f  976/976/697 952/952/683 977/977/698
f  977/977/698 952/952/683 953/953/326
f  973/973/694 976/976/697 978/978/699
f  973/973/694 978/978/699 974/974/695
f  977/977/698 953/953/326 979/979/327
f  976/976/697 977/977/698 980/980/700
f  976/976/697 980/980/700 978/978/699
f  977/977/698 979/979/327 981/981/701
f  980/980/700 977/977/698 982/982/702
f  982/982/702 977/977/698 981/981/701
f  982/982/702 981/981/701 980/980/700
f  980/980/700 981/981/701 978/978/699
f  981/981/701 979/979/327 983/983/346
f  981/981/701 983/983/346 984/984/703
f  981/981/701 984/984/703 978/978/699
f  984/984/703 983/983/346 985/985/348
f  984/984/703 985/985/348 986/986/704
f  986/986/704 985/985/348 987/987/352
f  978/978/699 984/984/703 988/988/705
f  988/988/705 984/984/703 986/986/704
f  978/978/699 988/988/705 989/989/706
f  978/978/699 989/989/706 974/974/695
f  974/974/695 989/989/706 990/990/707
f  989/989/706 988/988/705 991/991/708
f  989/989/706 991/991/708 990/990/707
f  988/988/705 986/986/704 992/992/709
f  988/988/705 992/992/709 991/991/708
f  990/990/707 991/991/708 993/993/710
f  990/990/707 993/993/710 974/974/695
f  974/974/695 993/993/710 994/994/711
f  993/993/710 991/991/708 995/995/712
f  993/993/710 995/995/712 994/994/711
f  974/974/695 994/994/711 975/975/696
f  995/995/712 991/991/708 996/996/713
f  996/996/713 991/991/708 992/992/709
f  994/994/711 995/995/712 997/997/714
f  975/975/696 994/994/711 998/998/715
f  975/975/696 998/998/715 968/968/691
f  998/998/715 994/994/711 999/999/716
f  999/999/716 994/994/711 997/997/714
f  968/968/691 998/998/715 1000/1000/717
f  998/998/715 999/999/716 1001/1001/718
f  998/998/715 1001/1001/718 1000/1000/717
f  1001/1001/718 999/999/716 1002/1002/719
f  1002/1002/719 999/999/716 997/997/714
f  1000/1000/717 1001/1001/718 1003/1003/720
f  968/968/691 1000/1000/717 1004/1004/721
f  1004/1004/721 1000/1000/717 1003/1003/720
f  968/968/691 1004/1004/721 969/969/185
f  969/969/185 1004/1004/721 1005/1005/199
f  969/969/185 1005/1005/199 1006/1006/184
f  1005/1005/199 1004/1004/721 1007/1007/722
f  1007/1007/722 1004/1004/721 1003/1003/720
f  1005/1005/199 1007/1007/722 1008/1008/201
f  1008/1008/201 1007/1007/722 1009/1009/203
f  1009/1009/203 1007/1007/722 1003/1003/720
f  1009/1009/203 1003/1003/720 1010/1010/209
f  1011/1011/723 1003/1003/720 1001/1001/718
f  1011/1011/723 1001/1001/718 1002/1002/719
f  1010/1010/209 1003/1003/720 1012/1012/724
f  1012/1012/724 1003/1003/720 1011/1011/723
f  1010/1010/209 1012/1012/724 1013/1013/222
f  1010/1010/209 1013/1013/222 1014/1014/210
f  1012/1012/724 1011/1011/723 1015/1015/725
f  1012/1012/724 1015/1015/725 1013/1013/222
f  1011/1011/723 1002/1002/719 1016/1016/726
f  1011/1011/723 1016/1016/726 1015/1015/725
f  1013/1013/222 1015/1015/725 1017/1017/727
f  1017/1017/727 1015/1015/725 1016/1016/726
f  1013/1013/222 1017/1017/727 1018/1018/728
f  1013/1013/222 1018/1018/728 1019/1019/227
f  1013/1013/222 1019/1019/227 1020/1020/221
f  1018/1018/728 1017/1017/727 1021/1021/729
f  1018/1018/728 1021/1021/729 1019/1019/227
f  1021/1021/729 1017/1017/727 1022/1022/730
f  1022/1022/730 1017/1017/727 1016/1016/726
f  1019/1019/227 1021/1021/729 1023/1023/227
f  1019/1019/227 1023/1023/227 1024/1024/228
f  1021/1021/729 1022/1022/730 1025/1025/731
f  1021/1021/729 1025/1025/731 1023/1023/227
f  1024/1024/228 1023/1023/227 1026/1026/732
f  1024/1024/228 1026/1026/732 1027/1027/230
f  1023/1023/227 1025/1025/731 1028/1028/733
f  1023/1023/227 1028/1028/733 1026/1026/732
f  1027/1027/230 1026/1026/732 1029/1029/734
f  1029/1029/734 1026/1026/732 1028/1028/733
f  1027/1027/230 1029/1029/734 1030/1030/264
f  1031/1031/735 1025/1025/731 1022/1022/730
f  1030/1030/264 1029/1029/734 1032/1032/736
f  1030/1030/264 1032/1032/736 1033/1033/265
f  1033/1033/265 1032/1032/736 1034/1034/267
f  1035/1035/737 1028/1028/733 1025/1025/731
f  1035/1035/737 1025/1025/731 1031/1031/735
f  1036/1036/738 1029/1029/734 1028/1028/733
f  1036/1036/738 1028/1028/733 1035/1035/737
f  1029/1029/734 1036/1036/738 1037/1037/739
f  1029/1029/734 1037/1037/739 1032/1032/736
f  1037/1037/739 1036/1036/738 1038/1038/740
f  1037/1037/739 1038/1038/740 1032/1032/736
f  1036/1036/738 1035/1035/737 1039/1039/741
f  1036/1036/738 1039/1039/741 1038/1038/740
f  1040/1040/742 1035/1035/737 1031/1031/735
f  1035/1035/737 1040/1040/742 1039/1039/741
f  1039/1039/741 1040/1040/742 1031/1031/735
f  1032/1032/736 1038/1038/740 1041/1041/743
f  1038/1038/740 1039/1039/741 1042/1042/744
f  1038/1038/740 1042/1042/744 1041/1041/743
f  1039/1039/741 1031/1031/735 1043/1043/745
f  1039/1039/741 1043/1043/745 1042/1042/744
f  1043/1043/745 1031/1031/735 1044/1044/746
f  1044/1044/746 1031/1031/735 1022/1022/730
f  1044/1044/746 1022/1022/730 1016/1016/726
f  1043/1043/745 1044/1044/746 1045/1045/747
f  1045/1045/747 1044/1044/746 1046/1046/748
f  1045/1045/747 1046/1046/748 1043/1043/745
f  1046/1046/748 1044/1044/746 1047/1047/749
f  1047/1047/749 1044/1044/746 1016/1016/726
f  1043/1043/745 1046/1046/748 1048/1048/750
f  1046/1046/748 1047/1047/749 1049/1049/751
f  1046/1046/748 1049/1049/751 1048/1048/750
f  1047/1047/749 1016/1016/726 1050/1050/752
f  1047/1047/749 1050/1050/752 1049/1049/751
f  1050/1050/752 1016/1016/726 1051/1051/753
f  1051/1051/753 1016/1016/726 1002/1002/719
f  1051/1051/753 1002/1002/719 997/997/714
f  1050/1050/752 1051/1051/753 1052/1052/754
f  1050/1050/752 1052/1052/754 1049/1049/751
f  1052/1052/754 1051/1051/753 997/997/714
f  1052/1052/754 997/997/714 1053/1053/755
f  1053/1053/755 997/997/714 995/995/712
f  1053/1053/755 995/995/712 1054/1054/756
f  1054/1054/756 995/995/712 996/996/713
f  1053/1053/755 1054/1054/756 1055/1055/757
f  1052/1052/754 1053/1053/755 1056/1056/758
f  1056/1056/758 1053/1053/755 1055/1055/757
f  1057/1057/759 1049/1049/751 1052/1052/754
f  1057/1057/759 1052/1052/754 1056/1056/758
f  1049/1049/751 1057/1057/759 1058/1058/760
f  1054/1054/756 996/996/713 1059/1059/761
f  1054/1054/756 1059/1059/761 1055/1055/757
f  1057/1057/759 1056/1056/758 1060/1060/762
f  1060/1060/762 1056/1056/758 1055/1055/757
f  1057/1057/759 1060/1060/762 1061/1061/763
f  1057/1057/759 1061/1061/763 1058/1058/760
f  1061/1061/763 1060/1060/762 1062/1062/764
f  1061/1061/763 1062/1062/764 1058/1058/760
f  1060/1060/762 1055/1055/757 1063/1063/765
f  1060/1060/762 1063/1063/765 1062/1062/764
f  1049/1049/751 1058/1058/760 1048/1048/750
f  1063/1063/765 1055/1055/757 1064/1064/766
f  1064/1064/766 1055/1055/757 1059/1059/761
f  1062/1062/764 1063/1063/765 1065/1065/767
f  1048/1048/750 1058/1058/760 1066/1066/768
f  1067/1067/769 1058/1058/760 1062/1062/764
f  1058/1058/760 1067/1067/769 1066/1066/768
f  1067/1067/769 1062/1062/764 1068/1068/770
f  1068/1068/770 1062/1062/764 1065/1065/767
f  1066/1066/768 1067/1067/769 1069/1069/771
f  1067/1067/769 1068/1068/770 1070/1070/772
f  1067/1067/769 1070/1070/772 1069/1069/771
f  1066/1066/768 1069/1069/771 1071/1071/773
f  1066/1066/768 1071/1071/773 1048/1048/750
f  1071/1071/773 1069/1069/771 1070/1070/772
f  1048/1048/750 1071/1071/773 1072/1072/774
f  1048/1048/750 1072/1072/774 1043/1043/745
f  1043/1043/745 1072/1072/774 1042/1042/744
f  1072/1072/774 1071/1071/773 1073/1073/775
f  1073/1073/775 1071/1071/773 1070/1070/772
f  1042/1042/744 1072/1072/774 1074/1074/776
f  1074/1074/776 1072/1072/774 1073/1073/775
f  1042/1042/744 1074/1074/776 1041/1041/743
f  1073/1073/775 1070/1070/772 1075/1075/777
f  1074/1074/776 1073/1073/775 1076/1076/778
f  1076/1076/778 1073/1073/775 1075/1075/777
f  1076/1076/778 1075/1075/777 1077/1077/779
f  1076/1076/778 1077/1077/779 1078/1078/780
f  1074/1074/776 1076/1076/778 1079/1079/781
f  1079/1079/781 1076/1076/778 1078/1078/780
f  1074/1074/776 1079/1079/781 1041/1041/743
f  1079/1079/781 1078/1078/780 1080/1080/782
f  1079/1079/781 1080/1080/782 1081/1081/783
f  1079/1079/781 1081/1081/783 1041/1041/743
f  1041/1041/743 1081/1081/783 1082/1082/784
f  1041/1041/743 1082/1082/784 1032/1032/736
f  1032/1032/736 1082/1082/784 1034/1034/267
f  1034/1034/267 1082/1082/784 1083/1083/785
f  1083/1083/785 1082/1082/784 1081/1081/783
f  1034/1034/267 1083/1083/785 1084/1084/269
f  1084/1084/269 1083/1083/785 1085/1085/786
f  1085/1085/786 1083/1083/785 1081/1081/783
f  1085/1085/786 1081/1081/783 1086/1086/787
f  1087/1087/788 1088/1088/789 1075/1075/777
f  1088/1088/789 1087/1087/788 1089/1089/790
f  1087/1087/788 1075/1075/777 1070/1070/772
f  1089/1089/790 1087/1087/788 1090/1090/791
f  1089/1089/790 1090/1090/791 1091/1091/792
f  1087/1087/788 1070/1070/772 1092/1092/793
f  1087/1087/788 1092/1092/793 1090/1090/791
f  1092/1092/793 1070/1070/772 1068/1068/770
f  1091/1091/792 1090/1090/791 1093/1093/794
f  1093/1093/794 1090/1090/791 1092/1092/793
f  1092/1092/793 1068/1068/770 1065/1065/767
f  1092/1092/793 1065/1065/767 1093/1093/794
f  1091/1091/792 1093/1093/794 1094/1094/795
f  1093/1093/794 1065/1065/767 1095/1095/796
f  1094/1094/795 1093/1093/794 1096/1096/796
f  1096/1096/796 1093/1093/794 1095/1095/796
f  1094/1094/795 1096/1096/796 1097/1097/797
f  1094/1094/795 1097/1097/797 1098/1098/797
f  1098/1098/797 1097/1097/797 1099/1099/798
f  1099/1099/798 1097/1097/797 1096/1096/796
f  1099/1099/798 1096/1096/796 1100/1100/799
f  1100/1100/799 1096/1096/796 1095/1095/796
f  1099/1099/798 1100/1100/799 1101/1101/800
f  1102/1102/801 1095/1095/796 1065/1065/767
f  1095/1095/796 1102/1102/801 1100/1100/799
f  1102/1102/801 1065/1065/767 1063/1063/765
f  1101/1101/800 1100/1100/799 1103/1103/802
f  1101/1101/800 1103/1103/802 1104/1104/803
f  1102/1102/801 1063/1063/765 1064/1064/766
f  1104/1104/803 1103/1103/802 1105/1105/804
f  1105/1105/804 1103/1103/802 1100/1100/799
f  1104/1104/803 1105/1105/804 1106/1106/805
f  1106/1106/805 1105/1105/804 1107/1107/375
f  1105/1105/804 1100/1100/799 1108/1108/806
f  1108/1108/806 1100/1100/799 1102/1102/801
f  1105/1105/804 1108/1108/806 1107/1107/375
f  1108/1108/806 1102/1102/801 1064/1064/766
f  1107/1107/375 1108/1108/806 1109/1109/807
f  1107/1107/375 1109/1109/807 1110/1110/372
f  1110/1110/372 1109/1109/807 1111/1111/370
f  1108/1108/806 1064/1064/766 1112/1112/355
f  1108/1108/806 1112/1112/355 1113/1113/808
f  1108/1108/806 1113/1113/808 1109/1109/807
f  1113/1113/808 1112/1112/355 1064/1064/766
f  1109/1109/807 1113/1113/808 1114/1114/809
f  1109/1109/807 1114/1114/809 1111/1111/370
f  1113/1113/808 1064/1064/766 1115/1115/382
f  1111/1111/370 1114/1114/809 1116/1116/810
f  1115/1115/382 1064/1064/766 1059/1059/761
f  1111/1111/370 1116/1116/810 1117/1117/363
f  1114/1114/809 1113/1113/808 1118/1118/811
f  1118/1118/811 1113/1113/808 1115/1115/382
f  1114/1114/809 1118/1118/811 1116/1116/810
f  1117/1117/363 1116/1116/810 1119/1119/359
f  1117/1117/363 1119/1119/359 1120/1120/357
f  1116/1116/810 1118/1118/811 1121/1121/368
f  1121/1121/368 1118/1118/811 1115/1115/382
f  1119/1119/359 1116/1116/810 1122/1122/812
f  1122/1122/812 1116/1116/810 1121/1121/368
f  1119/1119/359 1122/1122/812 1123/1123/358
f  1121/1121/368 1115/1115/382 1124/1124/813
f  1124/1124/813 1115/1115/382 1059/1059/761
f  1124/1124/813 1059/1059/761 996/996/713
f  1124/1124/813 996/996/713 992/992/709
f  1121/1121/368 1124/1124/813 1125/1125/814
f  1125/1125/814 1124/1124/813 992/992/709
f  1121/1121/368 1125/1125/814 1122/1122/812
f  1125/1125/814 992/992/709 986/986/704
f  1126/1126/815 1123/1123/358 1122/1122/812
f  1126/1126/815 1122/1122/812 1125/1125/814
f  1126/1126/815 1125/1125/814 986/986/704
f  1123/1123/358 1126/1126/815 987/987/352
f  987/987/352 1126/1126/815 986/986/704
f  1127/1127/20 1128/1128/20 1129/1129/303
f  1130/1130/309 1131/1131/308 1128/1128/20
f  1130/1130/309 1128/1128/20 1132/1132/310
f  1128/1128/20 1127/1127/20 1133/1133/21
f  1133/1133/21 1127/1127/20 1134/1134/19
f  1132/1132/310 1128/1128/20 1135/1135/816
f  1135/1135/816 1128/1128/20 1133/1133/21
f  1135/1135/816 1133/1133/21 1136/1136/817
f  1136/1136/817 1133/1133/21 1137/1137/19
f  1132/1132/310 1135/1135/816 1138/1138/818
f  1138/1138/818 1135/1135/816 1136/1136/817
f  1136/1136/817 1137/1137/19 1139/1139/23
f  1132/1132/310 1138/1138/818 1140/1140/819
f  1132/1132/310 1140/1140/819 1141/1141/312
f  1141/1141/312 1140/1140/819 1142/1142/318
f  1136/1136/817 1139/1139/23 1143/1143/24
f  1138/1138/818 1136/1136/817 1144/1144/820
f  1144/1144/820 1136/1136/817 1143/1143/24
f  1140/1140/819 1138/1138/818 1145/1145/167
f  1145/1145/167 1138/1138/818 1144/1144/820
f  1144/1144/820 1143/1143/24 1146/1146/821
f  1146/1146/821 1143/1143/24 1139/1139/23
f  1145/1145/167 1144/1144/820 1147/1147/38
f  1147/1147/38 1144/1144/820 1146/1146/821
f  1146/1146/821 1139/1139/23 1148/1148/29
f  1146/1146/821 1148/1148/29 1147/1147/38
f  1148/1148/29 1139/1139/23 1149/1149/30
f  1150/1150/27 1140/1140/819 1145/1145/167
f  1150/1150/27 1145/1145/167 1147/1147/38
f  1148/1148/29 1149/1149/30 1151/1151/47
f  1151/1151/47 1149/1149/30 1152/1152/61
f  1140/1140/819 1150/1150/27 1153/1153/822
f  1140/1140/819 1153/1153/822 1142/1142/318
f  1150/1150/27 1147/1147/38 1154/1154/40
f  1150/1150/27 1154/1154/40 1153/1153/822
f  1155/1155/823 1147/1147/38 1148/1148/29
f  1147/1147/38 1155/1155/823 1154/1154/40
f  1155/1155/823 1148/1148/29 1156/1156/824
f  1156/1156/824 1148/1148/29 1151/1151/47
f  1142/1142/318 1153/1153/822 1157/1157/335
f  1142/1142/318 1157/1157/335 1158/1158/319
f  1157/1157/335 1153/1153/822 1159/1159/825
f  1159/1159/825 1153/1153/822 1154/1154/40
f  1155/1155/823 1156/1156/824 1160/1160/55
f  1155/1155/823 1160/1160/55 1161/1161/826
f  1155/1155/823 1161/1161/826 1154/1154/40
f  1160/1160/55 1156/1156/824 1162/1162/827
f  1162/1162/827 1156/1156/824 1151/1151/47
f  1161/1161/826 1160/1160/55 1163/1163/828
f  1163/1163/828 1160/1160/55 1162/1162/827
f  1154/1154/40 1161/1161/826 1164/1164/829
f  1164/1164/829 1161/1161/826 1165/1165/830
f  1154/1154/40 1164/1164/829 1166/1166/831
f  1166/1166/831 1164/1164/829 1165/1165/830
f  1161/1161/826 1163/1163/828 1167/1167/832
f  1161/1161/826 1167/1167/832 1165/1165/830
f  1167/1167/832 1163/1163/828 1168/1168/833
f  1168/1168/833 1163/1163/828 1162/1162/827
f  1165/1165/830 1167/1167/832 1169/1169/834
f  1169/1169/834 1167/1167/832 1168/1168/833
f  1154/1154/40 1166/1166/831 1170/1170/835
f  1154/1154/40 1170/1170/835 1159/1159/825
f  1168/1168/833 1162/1162/827 1171/1171/836
f  1159/1159/825 1170/1170/835 1172/1172/837
f  1169/1169/834 1168/1168/833 1173/1173/838
f  1172/1172/837 1170/1170/835 1174/1174/839
f  1174/1174/839 1170/1170/835 1166/1166/831
f  1159/1159/825 1172/1172/837 1175/1175/840
f  1159/1159/825 1175/1175/840 1157/1157/335
f  1157/1157/335 1175/1175/840 1176/1176/841
f  1157/1157/335 1176/1176/841 1177/1177/334
f  1177/1177/334 1176/1176/841 1178/1178/338
f  1178/1178/338 1176/1176/841 1175/1175/840
f  1175/1175/840 1172/1172/837 1179/1179/842
f  1175/1175/840 1179/1179/842 1178/1178/338
f  1180/1180/843 1172/1172/837 1174/1174/839
f  1172/1172/837 1180/1180/843 1179/1179/842
f  1180/1180/843 1174/1174/839 1181/1181/844
f  1181/1181/844 1174/1174/839 1166/1166/831
f  1179/1179/842 1180/1180/843 1182/1182/845
f  1182/1182/845 1180/1180/843 1181/1181/844
f  1178/1178/338 1179/1179/842 1183/1183/846
f  1178/1178/338 1183/1183/846 1184/1184/339
f  1179/1179/842 1182/1182/845 1185/1185/847
f  1179/1179/842 1185/1185/847 1183/1183/846
f  1184/1184/339 1183/1183/846 1186/1186/848
f  1186/1186/848 1183/1183/846 1185/1185/847
f  1184/1184/339 1186/1186/848 1187/1187/340
f  1187/1187/340 1186/1186/848 1188/1188/391
f  1189/1189/849 1182/1182/845 1181/1181/844
f  1189/1189/849 1181/1181/844 1166/1166/831
f  1190/1190/850 1185/1185/847 1182/1182/845
f  1190/1190/850 1182/1182/845 1189/1189/849
f  1186/1186/848 1185/1185/847 1191/1191/851
f  1191/1191/851 1185/1185/847 1190/1190/850
f  1192/1192/852 1188/1188/391 1186/1186/848
f  1192/1192/852 1186/1186/848 1191/1191/851
f  1188/1188/391 1192/1192/852 1193/1193/387
f  1193/1193/387 1192/1192/852 1194/1194/386
f  1190/1190/850 1189/1189/849 1195/1195/853
f  1195/1195/853 1189/1189/849 1166/1166/831
f  1191/1191/851 1190/1190/850 1196/1196/854
f  1196/1196/854 1190/1190/850 1195/1195/853
f  1192/1192/852 1191/1191/851 1197/1197/855
f  1191/1191/851 1196/1196/854 1198/1198/856
f  1191/1191/851 1198/1198/856 1197/1197/855
f  1198/1198/856 1196/1196/854 1199/1199/857
f  1199/1199/857 1196/1196/854 1195/1195/853
f  1197/1197/855 1198/1198/856 1200/1200/858
f  1200/1200/858 1198/1198/856 1199/1199/857
f  1192/1192/852 1197/1197/855 1201/1201/859
f  1201/1201/859 1197/1197/855 1200/1200/858
f  1192/1192/852 1201/1201/859 1194/1194/386
f  1200/1200/858 1199/1199/857 1202/1202/860
f  1201/1201/859 1200/1200/858 1203/1203/861
f  1203/1203/861 1200/1200/858 1202/1202/860
f  1201/1201/859 1203/1203/861 1204/1204/862
f  1201/1201/859 1204/1204/862 1194/1194/386
f  1203/1203/861 1202/1202/860 1205/1205/863
f  1204/1204/862 1203/1203/861 1206/1206/864
f  1206/1206/864 1203/1203/861 1205/1205/863
f  1206/1206/864 1205/1205/863 1207/1207/865
f  1207/1207/865 1205/1205/863 1202/1202/860
f  1207/1207/865 1202/1202/860 1208/1208/866
f  1208/1208/866 1202/1202/860 1209/1209/867
f  1210/1210/372 1194/1194/386 1204/1204/862
f  1194/1194/386 1210/1210/372 1211/1211/383
f  1212/1212/868 1204/1204/862 1206/1206/864
f  1204/1204/862 1212/1212/868 1210/1210/372
f  1212/1212/868 1206/1206/864 1213/1213/869
f  1212/1212/868 1213/1213/869 1214/1214/811
f  1212/1212/868 1214/1214/811 1210/1210/372
f  1210/1210/372 1214/1214/811 1215/1215/373
f  1210/1210/372 1215/1215/373 1216/1216/384
f  1215/1215/373 1214/1214/811 1217/1217/382
f  1218/1218/870 1209/1209/867 1202/1202/860
f  1218/1218/870 1202/1202/860 1219/1219/871
f  1219/1219/871 1202/1202/860 1199/1199/857
f  1219/1219/871 1199/1199/857 1195/1195/853
f  1218/1218/870 1219/1219/871 1220/1220/872
f  1220/1220/872 1219/1219/871 1195/1195/853
f  1209/1209/867 1218/1218/870 1221/1221/873
f  1221/1221/873 1218/1218/870 1220/1220/872
f  1209/1209/867 1221/1221/873 1222/1222/874
f  1209/1209/867 1222/1222/874 1223/1223/875
f  1223/1223/875 1222/1222/874 1224/1224/876
f  1222/1222/874 1221/1221/873 1225/1225/877
f  1224/1224/876 1222/1222/874 1226/1226/878
f  1226/1226/878 1222/1222/874 1225/1225/877
f  1224/1224/876 1226/1226/878 1227/1227/879
f  1225/1225/877 1221/1221/873 1228/1228/880
f  1225/1225/877 1228/1228/880 1226/1226/878
f  1228/1228/880 1221/1221/873 1220/1220/872
f  1227/1227/879 1226/1226/878 1229/1229/881
f  1229/1229/881 1226/1226/878 1228/1228/880
f  1227/1227/879 1229/1229/881 1230/1230/882
f  1227/1227/879 1230/1230/882 1231/1231/883
f  1231/1231/883 1230/1230/882 1232/1232/107
f  1230/1230/882 1229/1229/881 1233/1233/884
f  1232/1232/107 1230/1230/882 1234/1234/885
f  1234/1234/885 1230/1230/882 1233/1233/884
f  1232/1232/107 1234/1234/885 1235/1235/109
f  1235/1235/109 1234/1234/885 1233/1233/884
f  1233/1233/884 1229/1229/881 1236/1236/886
f  1236/1236/886 1229/1229/881 1228/1228/880
f  1235/1235/109 1233/1233/884 1237/1237/887
f  1233/1233/884 1236/1236/886 1238/1238/888
f  1233/1233/884 1238/1238/888 1237/1237/887
f  1236/1236/886 1228/1228/880 1239/1239/889
f  1236/1236/886 1239/1239/889 1238/1238/888
f  1239/1239/889 1228/1228/880 1240/1240/890
f  1240/1240/890 1228/1228/880 1241/1241/891
f  1241/1241/891 1228/1228/880 1220/1220/872
f  1241/1241/891 1220/1220/872 1195/1195/853
f  1241/1241/891 1195/1195/853 1242/1242/892
f  1241/1241/891 1242/1242/892 1240/1240/890
f  1242/1242/892 1195/1195/853 1166/1166/831
f  1242/1242/892 1166/1166/831 1165/1165/830
f  1240/1240/890 1242/1242/892 1243/1243/893
f  1243/1243/893 1242/1242/892 1165/1165/830
f  1240/1240/890 1243/1243/893 1239/1239/889
f  1239/1239/889 1243/1243/893 1238/1238/888
f  1243/1243/893 1165/1165/830 1169/1169/834
f  1243/1243/893 1169/1169/834 1238/1238/888
f  1238/1238/888 1169/1169/834 1244/1244/894
f  1244/1244/894 1169/1169/834 1173/1173/838
f  1244/1244/894 1173/1173/838 1238/1238/888
f  1238/1238/888 1173/1173/838 1237/1237/887
f  1237/1237/887 1173/1173/838 1245/1245/895
f  1237/1237/887 1245/1245/895 1235/1235/109
f  1245/1245/895 1173/1173/838 1246/1246/896
f  1246/1246/896 1173/1173/838 1168/1168/833
f  1246/1246/896 1168/1168/833 1171/1171/836
f  1246/1246/896 1171/1171/836 1247/1247/897
f  1246/1246/896 1247/1247/897 1245/1245/895
f  1247/1247/897 1171/1171/836 1248/1248/898
f  1235/1235/109 1245/1245/895 1249/1249/899
f  1235/1235/109 1249/1249/899 1232/1232/107
f  1245/1245/895 1247/1247/897 1250/1250/900
f  1250/1250/900 1247/1247/897 1248/1248/898
f  1245/1245/895 1250/1250/900 1251/1251/901
f  1245/1245/895 1251/1251/901 1249/1249/899
f  1251/1251/901 1250/1250/900 1252/1252/75
f  1251/1251/901 1252/1252/75 1253/1253/77
f  1251/1251/901 1253/1253/77 1249/1249/899
f  1252/1252/75 1250/1250/900 1254/1254/73
f  1254/1254/73 1250/1250/900 1248/1248/898
f  1249/1249/899 1253/1253/77 1255/1255/81
f  1249/1249/899 1255/1255/81 1256/1256/902
f  1256/1256/902 1255/1255/81 1257/1257/83
f  1258/1258/116 1232/1232/107 1249/1249/899
f  1258/1258/116 1249/1249/899 1256/1256/902
f  1232/1232/107 1258/1258/116 1259/1259/903
f  1259/1259/903 1258/1258/116 1260/1260/904
f  1260/1260/904 1258/1258/116 1261/1261/94
f  1261/1261/94 1258/1258/116 1256/1256/902
f  1261/1261/94 1256/1256/902 1257/1257/83
f  1261/1261/94 1257/1257/83 1262/1262/87
f  1262/1262/87 1257/1257/83 1263/1263/82
f  1261/1261/94 1262/1262/87 1264/1264/905
f  1261/1261/94 1264/1264/905 1265/1265/906
f  1264/1264/905 1262/1262/87 1266/1266/88
f  1265/1265/906 1264/1264/905 1267/1267/907
f  1267/1267/907 1264/1264/905 1266/1266/88
f  1265/1265/906 1267/1267/907 1268/1268/105
f  1268/1268/105 1267/1267/907 1266/1266/88
f  1268/1268/105 1266/1266/88 1269/1269/82
f  1268/1268/105 1269/1269/82 1270/1270/82
f  1270/1270/82 1269/1269/82 1271/1271/94
f  1272/1272/908 1273/1273/580 1274/1274/515
f  1274/1274/515 1273/1273/580 1275/1275/159
f  1272/1272/908 1274/1274/515 1276/1276/516
f  1273/1273/580 1272/1272/908 1277/1277/909
f  1273/1273/580 1277/1277/909 1278/1278/593
f  1272/1272/908 1276/1276/516 1279/1279/525
f  1279/1279/525 1276/1276/516 1280/1280/519
f  1278/1278/593 1277/1277/909 1281/1281/597
f  1277/1277/909 1272/1272/908 1282/1282/910
f  1282/1282/910 1272/1272/908 1279/1279/525
f  1281/1281/597 1277/1277/909 1283/1283/911
f  1277/1277/909 1282/1282/910 1284/1284/912
f  1277/1277/909 1284/1284/912 1283/1283/911
f  1282/1282/910 1279/1279/525 1285/1285/913
f  1282/1282/910 1285/1285/913 1284/1284/912
f  1285/1285/913 1279/1279/525 1286/1286/914
f  1284/1284/912 1285/1285/913 1287/1287/915
f  1287/1287/915 1285/1285/913 1286/1286/914
f  1286/1286/914 1279/1279/525 1288/1288/539
f  1286/1286/914 1288/1288/539 1287/1287/915
f  1288/1288/539 1279/1279/525 1289/1289/524
f  1290/1290/916 1283/1283/911 1284/1284/912
f  1290/1290/916 1284/1284/912 1287/1287/915
f  1291/1291/541 1288/1288/539 1292/1292/538
f  1288/1288/539 1291/1291/541 1287/1287/915
f  1287/1287/915 1291/1291/541 1293/1293/540
f  1287/1287/915 1293/1293/540 1294/1294/917
f  1294/1294/917 1293/1293/540 1295/1295/543
f  1294/1294/917 1295/1295/543 1296/1296/918
f  1296/1296/918 1295/1295/543 1297/1297/552
f  1287/1287/915 1294/1294/917 1298/1298/919
f  1287/1287/915 1298/1298/919 1290/1290/916
f  1294/1294/917 1296/1296/918 1299/1299/920
f  1299/1299/920 1296/1296/918 1297/1297/552
f  1294/1294/917 1299/1299/920 1298/1298/919
f  1290/1290/916 1298/1298/919 1300/1300/921
f  1300/1300/921 1298/1298/919 1299/1299/920
f  1301/1301/568 1297/1297/552 1302/1302/553
f  1297/1297/552 1301/1301/568 1303/1303/922
f  1297/1297/552 1303/1303/922 1299/1299/920
f  1303/1303/922 1301/1301/568 1304/1304/566
f  1300/1300/921 1299/1299/920 1305/1305/923
f  1299/1299/920 1303/1303/922 1306/1306/924
f  1299/1299/920 1306/1306/924 1305/1305/923
f  1303/1303/922 1304/1304/566 1307/1307/298
f  1307/1307/298 1304/1304/566 1308/1308/292
f  1306/1306/924 1303/1303/922 1309/1309/925
f  1306/1306/924 1309/1309/925 1305/1305/923
f  1303/1303/922 1307/1307/298 1310/1310/926
f  1303/1303/922 1310/1310/926 1309/1309/925
f  1305/1305/923 1309/1309/925 1311/1311/927
f  1311/1311/927 1309/1309/925 1310/1310/926
f  1305/1305/923 1311/1311/927 1312/1312/928
f  1311/1311/927 1310/1310/926 1313/1313/929
f  1311/1311/927 1313/1313/929 1312/1312/928
f  1310/1310/926 1307/1307/298 1314/1314/298
f  1313/1313/929 1310/1310/926 1315/1315/928
f  1315/1315/928 1310/1310/926 1314/1314/298
f  1313/1313/929 1315/1315/928 1316/1316/252
f  1313/1313/929 1316/1316/252 1312/1312/928
f  1316/1316/252 1315/1315/928 1317/1317/297
f  1317/1317/297 1315/1315/928 1314/1314/298
f  1314/1314/298 1307/1307/298 1318/1318/230
f  1318/1318/230 1307/1307/298 1319/1319/262
f  1318/1318/230 1319/1319/262 1320/1320/273
f  1318/1318/230 1320/1320/273 1321/1321/564
f  1318/1318/230 1321/1321/564 1314/1314/298
f  1321/1321/564 1320/1320/273 1322/1322/300
f  1317/1317/297 1314/1314/298 1323/1323/566
f  1323/1323/566 1314/1314/298 1321/1321/564
f  1321/1321/564 1322/1322/300 1324/1324/230
f  1321/1321/564 1324/1324/230 1323/1323/566
f  1324/1324/230 1322/1322/300 1325/1325/271
f  1324/1324/230 1325/1325/271 1326/1326/271
f  1326/1326/271 1325/1325/271 1327/1327/573
f  1324/1324/230 1326/1326/271 1328/1328/573
f  1326/1326/271 1327/1327/573 1329/1329/930
f  1326/1326/271 1329/1329/930 1328/1328/573
f  1324/1324/230 1328/1328/573 1330/1330/275
f  1324/1324/230 1330/1330/275 1323/1323/566
f  1330/1330/275 1328/1328/573 1331/1331/262
f  1332/1332/931 1317/1317/297 1323/1323/566
f  1317/1317/297 1332/1332/931 1316/1316/252
f  1332/1332/931 1323/1323/566 1333/1333/932
f  1316/1316/252 1332/1332/931 1334/1334/254
f  1334/1334/254 1332/1332/931 1333/1333/932
f  1316/1316/252 1334/1334/254 1312/1312/928
f  1333/1333/932 1323/1323/566 1335/1335/932
f  1333/1333/932 1335/1335/932 1334/1334/254
f  1335/1335/932 1323/1323/566 1330/1330/275
f  1312/1312/928 1334/1334/254 1336/1336/250
f  1336/1336/250 1334/1334/254 1335/1335/932
f  1335/1335/932 1330/1330/275 1337/1337/255
f  1335/1335/932 1337/1337/255 1336/1336/250
f  1337/1337/255 1330/1330/275 1331/1331/262
f  1312/1312/928 1336/1336/250 1338/1338/929
f  1312/1312/928 1338/1338/929 1305/1305/923
f  1336/1336/250 1337/1337/255 1339/1339/252
f  1339/1339/252 1337/1337/255 1331/1331/262
f  1338/1338/929 1336/1336/250 1340/1340/933
f  1340/1340/933 1336/1336/250 1339/1339/252
f  1305/1305/923 1338/1338/929 1341/1341/934
f  1341/1341/934 1338/1338/929 1340/1340/933
f  1305/1305/923 1341/1341/934 1300/1300/921
f  1339/1339/252 1331/1331/262 1342/1342/260
f  1339/1339/252 1342/1342/260 1340/1340/933
f  1342/1342/260 1331/1331/262 1343/1343/570
f  1343/1343/570 1331/1331/262 1328/1328/573
f  1340/1340/933 1342/1342/260 1344/1344/935
f  1343/1343/570 1328/1328/573 1329/1329/930
f  1342/1342/260 1343/1343/570 1345/1345/936
f  1342/1342/260 1345/1345/936 1344/1344/935
f  1340/1340/933 1344/1344/935 1346/1346/937
f  1340/1340/933 1346/1346/937 1347/1347/938
f  1340/1340/933 1347/1347/938 1341/1341/934
f  1346/1346/937 1344/1344/935 1348/1348/939
f  1346/1346/937 1348/1348/939 1347/1347/938
f  1341/1341/934 1347/1347/938 1349/1349/940
f  1349/1349/940 1347/1347/938 1348/1348/939
f  1348/1348/939 1344/1344/935 1350/1350/941
f  1350/1350/941 1344/1344/935 1345/1345/936
f  1348/1348/939 1350/1350/941 1351/1351/942
f  1349/1349/940 1348/1348/939 1352/1352/943
f  1352/1352/943 1348/1348/939 1351/1351/942
f  1341/1341/934 1349/1349/940 1353/1353/944
f  1341/1341/934 1353/1353/944 1354/1354/945
f  1341/1341/934 1354/1354/945 1300/1300/921
f  1300/1300/921 1354/1354/945 1290/1290/916
f  1290/1290/916 1354/1354/945 1355/1355/946
f  1290/1290/916 1355/1355/946 1283/1283/911
f  1354/1354/945 1353/1353/944 1356/1356/947
f  1354/1354/945 1356/1356/947 1355/1355/946
f  1283/1283/911 1355/1355/946 1357/1357/948
f  1357/1357/948 1355/1355/946 1356/1356/947
f  1283/1283/911 1357/1357/948 1281/1281/597
f  1281/1281/597 1357/1357/948 1358/1358/618
f  1281/1281/597 1358/1358/618 1359/1359/596
f  1358/1358/618 1357/1357/948 1360/1360/949
f  1360/1360/949 1357/1357/948 1356/1356/947
f  1358/1358/618 1360/1360/949 1361/1361/620
f  1362/1362/950 1356/1356/947 1353/1353/944
f  1356/1356/947 1362/1362/950 1360/1360/949
f  1362/1362/950 1353/1353/944 1349/1349/940
f  1361/1361/620 1360/1360/949 1363/1363/951
f  1360/1360/949 1362/1362/950 1364/1364/952
f  1360/1360/949 1364/1364/952 1363/1363/951
f  1361/1361/620 1363/1363/951 1365/1365/623
f  1364/1364/952 1362/1362/950 1366/1366/953
f  1364/1364/952 1366/1366/953 1363/1363/951
f  1362/1362/950 1349/1349/940 1367/1367/954
f  1362/1362/950 1367/1367/954 1366/1366/953
f  1367/1367/954 1349/1349/940 1352/1352/943
f  1367/1367/954 1352/1352/943 1368/1368/955
f  1367/1367/954 1368/1368/955 1366/1366/953
f  1368/1368/955 1352/1352/943 1351/1351/942
f  1363/1363/951 1366/1366/953 1369/1369/956
f  1369/1369/956 1366/1366/953 1368/1368/955
f  1370/1370/957 1365/1365/623 1363/1363/951
f  1370/1370/957 1363/1363/951 1369/1369/956
f  1365/1365/623 1370/1370/957 1371/1371/624
f  1371/1371/624 1370/1370/957 1372/1372/958
f  1372/1372/958 1370/1370/957 1369/1369/956
f  1371/1371/624 1372/1372/958 1373/1373/627
f  1369/1369/956 1368/1368/955 1374/1374/959
f  1374/1374/959 1368/1368/955 1351/1351/942
f  1369/1369/956 1374/1374/959 1372/1372/958
f  1373/1373/627 1372/1372/958 1375/1375/628
f  1372/1372/958 1374/1374/959 1376/1376/960
f  1374/1374/959 1351/1351/942 1377/1377/961
f  1374/1374/959 1377/1377/961 1376/1376/960
f  1372/1372/958 1376/1376/960 1378/1378/962
f  1378/1378/962 1376/1376/960 1377/1377/961
f  1375/1375/628 1372/1372/958 1379/1379/963
f  1379/1379/963 1372/1372/958 1378/1378/962
f  1377/1377/961 1351/1351/942 1380/1380/964
f  1380/1380/964 1351/1351/942 1350/1350/941
f  1378/1378/962 1377/1377/961 1381/1381/965
f  1378/1378/962 1381/1381/965 1379/1379/963
f  1377/1377/961 1380/1380/964 1382/1382/966
f  1377/1377/961 1382/1382/966 1381/1381/965
f  1380/1380/964 1350/1350/941 1383/1383/967
f  1380/1380/964 1383/1383/967 1382/1382/966
f  1381/1381/965 1382/1382/966 1384/1384/968
f  1384/1384/968 1382/1382/966 1383/1383/967
f  1381/1381/965 1384/1384/968 1385/1385/969
f  1381/1381/965 1385/1385/969 1379/1379/963
f  1379/1379/963 1385/1385/969 1386/1386/970
f  1379/1379/963 1386/1386/970 1387/1387/971
f  1385/1385/969 1384/1384/968 1388/1388/972
f  1388/1388/972 1384/1384/968 1383/1383/967
f  1385/1385/969 1388/1388/972 1389/1389/973
f  1389/1389/973 1388/1388/972 1390/1390/974
f  1390/1390/974 1388/1388/972 1391/1391/975
f  1391/1391/975 1388/1388/972 1383/1383/967
f  1390/1390/974 1391/1391/975 1392/1392/976
f  1392/1392/976 1391/1391/975 1393/1393/977
f  1391/1391/975 1383/1383/967 1394/1394/978
f  1394/1394/978 1383/1383/967 1350/1350/941
f  1394/1394/978 1350/1350/941 1345/1345/936
f  1391/1391/975 1394/1394/978 1395/1395/979
f  1391/1391/975 1395/1395/979 1393/1393/977
f  1394/1394/978 1345/1345/936 1396/1396/980
f  1394/1394/978 1396/1396/980 1395/1395/979
f  1393/1393/977 1395/1395/979 1397/1397/981
f  1397/1397/981 1395/1395/979 1396/1396/980
f  1396/1396/980 1345/1345/936 1398/1398/982
f  1396/1396/980 1398/1398/982 1397/1397/981
f  1398/1398/982 1345/1345/936 1343/1343/570
f  1398/1398/982 1343/1343/570 1399/1399/299
f  1398/1398/982 1399/1399/299 1397/1397/981
f  1399/1399/299 1343/1343/570 1329/1329/930
f  1393/1393/977 1397/1397/981 1400/1400/288
f  1393/1393/977 1400/1400/288 1401/1401/258
f  1401/1401/258 1400/1400/288 1402/1402/983
f  1402/1402/983 1400/1400/288 1403/1403/288
f  1400/1400/288 1397/1397/981 1404/1404/232
f  1404/1404/232 1397/1397/981 1399/1399/299
f  1400/1400/288 1404/1404/232 1403/1403/288
f  1404/1404/232 1399/1399/299 1405/1405/560
f  1405/1405/560 1399/1399/299 1329/1329/930
f  1404/1404/232 1405/1405/560 1403/1403/288
f  1405/1405/560 1329/1329/930 1406/1406/275
f  1405/1405/560 1406/1406/275 1403/1403/288
f  1406/1406/275 1329/1329/930 1327/1327/573
f  1406/1406/275 1327/1327/573 1407/1407/288
f  1406/1406/275 1407/1407/288 1403/1403/288
f  1403/1403/288 1407/1407/288 1408/1408/983
f  1403/1403/288 1408/1408/983 1409/1409/288
f  1408/1408/983 1407/1407/288 1410/1410/572
f  1409/1409/288 1408/1408/983 1411/1411/275
f  1408/1408/983 1410/1410/572 1412/1412/262
f  1408/1408/983 1412/1412/262 1411/1411/275
f  1413/1413/984 1162/1162/827 1151/1151/47
f  1162/1162/827 1413/1413/984 1414/1414/985
f  1162/1162/827 1414/1414/985 1171/1171/836
f  1171/1171/836 1414/1414/985 1248/1248/898
f  1414/1414/985 1413/1413/984 1415/1415/986
f  1414/1414/985 1415/1415/986 1248/1248/898
f  1413/1413/984 1151/1151/47 1416/1416/63
f  1413/1413/984 1416/1416/63 1415/1415/986
f  1415/1415/986 1416/1416/63 1248/1248/898
f  1416/1416/63 1151/1151/47 1152/1152/61
f  1248/1248/898 1416/1416/63 1254/1254/73
f  1254/1254/73 1416/1416/63 1417/1417/62
f  1418/1418/987 1419/1419/879 1420/1420/883
f  1419/1419/879 1418/1418/987 1421/1421/988
f  1421/1421/988 1418/1418/987 1422/1422/989
f  1422/1422/989 1418/1418/987 1423/1423/987
f  1423/1423/987 1418/1418/987 1420/1420/883
f  1422/1422/989 1423/1423/987 1424/1424/990
f  1422/1422/989 1424/1424/990 1421/1421/988
f  1421/1421/988 1424/1424/990 1423/1423/987
f  1419/1419/879 1421/1421/988 1425/1425/991
f  1419/1419/879 1425/1425/991 1426/1426/876
f  1421/1421/988 1423/1423/987 1427/1427/992
f  1427/1427/992 1423/1423/987 1420/1420/883
f  1421/1421/988 1427/1427/992 1425/1425/991
f  1426/1426/876 1425/1425/991 1428/1428/875
f  1428/1428/875 1425/1425/991 1429/1429/993
f  1429/1429/993 1425/1425/991 1430/1430/994
f  1428/1428/875 1429/1429/993 1431/1431/995
f  1431/1431/995 1429/1429/993 1430/1430/994
f  1430/1430/994 1425/1425/991 1432/1432/996
f  1430/1430/994 1432/1432/996 1431/1431/995
f  1432/1432/996 1425/1425/991 1427/1427/992
f  1428/1428/875 1431/1431/995 1433/1433/866
f  1428/1428/875 1433/1433/866 1434/1434/867
f  1433/1433/866 1431/1431/995 1435/1435/997
f  1431/1431/995 1432/1432/996 1436/1436/998
f  1431/1431/995 1436/1436/998 1435/1435/997
f  1436/1436/998 1432/1432/996 1437/1437/999
f  1437/1437/999 1432/1432/996 1427/1427/992
f  1435/1435/997 1436/1436/998 1438/1438/1000
f  1433/1433/866 1435/1435/997 1439/1439/1001
f  1433/1433/866 1439/1439/1001 1440/1440/865
f  1440/1440/865 1439/1439/1001 1441/1441/1002
f  1440/1440/865 1441/1441/1002 1442/1442/864
f  1442/1442/864 1441/1441/1002 1443/1443/869
f  1441/1441/1002 1439/1439/1001 1444/1444/1003
f  1443/1443/869 1441/1441/1002 1445/1445/1004
f  1445/1445/1004 1441/1441/1002 1444/1444/1003
f  1443/1443/869 1445/1445/1004 1446/1446/1005
f  1443/1443/869 1446/1446/1005 1447/1447/811
f  1447/1447/811 1446/1446/1005 1448/1448/382
f  1446/1446/1005 1445/1445/1004 1449/1449/1006
f  1446/1446/1005 1449/1449/1006 1448/1448/382
f  1450/1450/1007 1439/1439/1001 1435/1435/997
f  1439/1439/1001 1450/1450/1007 1444/1444/1003
f  1450/1450/1007 1435/1435/997 1451/1451/1008
f  1451/1451/1008 1435/1435/997 1438/1438/1000
f  1444/1444/1003 1450/1450/1007 1452/1452/1009
f  1452/1452/1009 1450/1450/1007 1451/1451/1008
f  1453/1453/1010 1445/1445/1004 1444/1444/1003
f  1445/1445/1004 1453/1453/1010 1449/1449/1006
f  1444/1444/1003 1452/1452/1009 1454/1454/1011
f  1444/1444/1003 1454/1454/1011 1453/1453/1010
f  1452/1452/1009 1451/1451/1008 1455/1455/1012
f  1452/1452/1009 1455/1455/1012 1454/1454/1011
f  1453/1453/1010 1454/1454/1011 1456/1456/1013
f  1456/1456/1013 1454/1454/1011 1455/1455/1012
f  1449/1449/1006 1453/1453/1010 1457/1457/1014
f  1457/1457/1014 1453/1453/1010 1456/1456/1013
f  1455/1455/1012 1451/1451/1008 1458/1458/1015
f  1458/1458/1015 1451/1451/1008 1438/1438/1000
f  1456/1456/1013 1455/1455/1012 1459/1459/1016
f  1456/1456/1013 1459/1459/1016 1460/1460/1017
f  1456/1456/1013 1460/1460/1017 1457/1457/1014
f  1459/1459/1016 1455/1455/1012 1461/1461/1018
f  1460/1460/1017 1459/1459/1016 1462/1462/1019
f  1462/1462/1019 1459/1459/1016 1461/1461/1018
f  1460/1460/1017 1462/1462/1019 1463/1463/1014
f  1460/1460/1017 1463/1463/1014 1457/1457/1014
f  1457/1457/1014 1463/1463/1014 1464/1464/1020
f  1463/1463/1014 1462/1462/1019 1465/1465/1021
f  1464/1464/1020 1463/1463/1014 1466/1466/1022
f  1466/1466/1022 1463/1463/1014 1465/1465/1021
f  1457/1457/1014 1464/1464/1020 1467/1467/1023
f  1467/1467/1023 1464/1464/1020 1466/1466/1022
f  1457/1457/1014 1467/1467/1023 1468/1468/1024
f  1457/1457/1014 1468/1468/1024 1449/1449/1006
f  1468/1468/1024 1467/1467/1023 1469/1469/1025
f  1449/1449/1006 1468/1468/1024 1470/1470/1026
f  1449/1449/1006 1470/1470/1026 1448/1448/382
f  1470/1470/1026 1468/1468/1024 1471/1471/805
f  1471/1471/805 1468/1468/1024 1469/1469/1025
f  1448/1448/382 1470/1470/1026 1472/1472/1027
f  1472/1472/1027 1470/1470/1026 1471/1471/805
f  1448/1448/382 1472/1472/1027 1473/1473/1028
f  1448/1448/382 1473/1473/1028 1474/1474/380
f  1474/1474/380 1473/1473/1028 1475/1475/381
f  1475/1475/381 1473/1473/1028 1476/1476/378
f  1476/1476/378 1473/1473/1028 1472/1472/1027
f  1475/1475/381 1476/1476/378 1477/1477/379
f  1476/1476/378 1472/1472/1027 1478/1478/376
f  1478/1478/376 1472/1472/1027 1471/1471/805
f  1478/1478/376 1471/1471/805 1479/1479/374
f  1479/1479/374 1471/1471/805 1480/1480/805
f  1479/1479/374 1480/1480/805 1481/1481/375
f  1480/1480/805 1471/1471/805 1469/1469/1025
f  1480/1480/805 1469/1469/1025 1482/1482/803
f  1482/1482/803 1469/1469/1025 1483/1483/1029
f  1482/1482/803 1483/1483/1029 1484/1484/1030
f  1483/1483/1029 1469/1469/1025 1485/1485/1031
f  1483/1483/1029 1485/1485/1031 1484/1484/1030
f  1485/1485/1031 1469/1469/1025 1467/1467/1023
f  1485/1485/1031 1467/1467/1023 1466/1466/1022
f  1485/1485/1031 1466/1466/1022 1486/1486/1021
f  1486/1486/1021 1466/1466/1022 1487/1487/1006
f  1487/1487/1006 1466/1466/1022 1465/1465/1021
f  1485/1485/1031 1486/1486/1021 1488/1488/1032
f  1488/1488/1032 1486/1486/1021 1487/1487/1006
f  1489/1489/1033 1484/1484/1030 1485/1485/1031
f  1489/1489/1033 1485/1485/1031 1488/1488/1032
f  1484/1484/1030 1489/1489/1033 1490/1490/1034
f  1484/1484/1030 1490/1490/1034 1491/1491/1035
f  1491/1491/1035 1490/1490/1034 1492/1492/1036
f  1492/1492/1036 1490/1490/1034 1489/1489/1033
f  1489/1489/1033 1488/1488/1032 1493/1493/1037
f  1494/1494/1038 1488/1488/1032 1487/1487/1006
f  1494/1494/1038 1487/1487/1006 1465/1465/1021
f  1493/1493/1037 1488/1488/1032 1495/1495/1039
f  1493/1493/1037 1495/1495/1039 1496/1496/869
f  1496/1496/869 1495/1495/1039 1488/1488/1032
f  1496/1496/869 1488/1488/1032 1494/1494/1038
f  1494/1494/1038 1465/1465/1021 1497/1497/1038
f  1497/1497/1038 1465/1465/1021 1498/1498/1040
f  1498/1498/1040 1465/1465/1021 1499/1499/1041
f  1499/1499/1041 1465/1465/1021 1462/1462/1019
f  1498/1498/1040 1499/1499/1041 1500/1500/1042
f  1499/1499/1041 1462/1462/1019 1461/1461/1018
f  1500/1500/1042 1499/1499/1041 1501/1501/1043
f  1501/1501/1043 1499/1499/1041 1461/1461/1018
f  1501/1501/1043 1461/1461/1018 1502/1502/1044
f  1502/1502/1044 1461/1461/1018 1455/1455/1012
f  1501/1501/1043 1502/1502/1044 1503/1503/1045
f  1502/1502/1044 1455/1455/1012 1504/1504/1046
f  1503/1503/1045 1502/1502/1044 1505/1505/1047
f  1505/1505/1047 1502/1502/1044 1504/1504/1046
f  1503/1503/1045 1505/1505/1047 1506/1506/1048
f  1504/1504/1046 1455/1455/1012 1458/1458/1015
f  1506/1506/1048 1505/1505/1047 1507/1507/1049
f  1507/1507/1049 1505/1505/1047 1504/1504/1046
f  1507/1507/1049 1504/1504/1046 1458/1458/1015
f  1506/1506/1048 1507/1507/1049 1508/1508/1050
f  1507/1507/1049 1458/1458/1015 1509/1509/1051
f  1507/1507/1049 1509/1509/1051 1508/1508/1050
f  1509/1509/1051 1458/1458/1015 1510/1510/1052
f  1508/1508/1050 1509/1509/1051 1511/1511/1053
f  1511/1511/1053 1509/1509/1051 1510/1510/1052
f  1508/1508/1050 1511/1511/1053 1512/1512/1054
f  1510/1510/1052 1458/1458/1015 1513/1513/1055
f  1510/1510/1052 1513/1513/1055 1511/1511/1053
f  1513/1513/1055 1458/1458/1015 1438/1438/1000
f  1512/1512/1054 1511/1511/1053 1514/1514/1056
f  1512/1512/1054 1514/1514/1056 1515/1515/1057
f  1511/1511/1053 1513/1513/1055 1516/1516/1058
f  1511/1511/1053 1516/1516/1058 1514/1514/1056
f  1513/1513/1055 1438/1438/1000 1517/1517/1059
f  1513/1513/1055 1517/1517/1059 1516/1516/1058
f  1514/1514/1056 1516/1516/1058 1518/1518/1060
f  1518/1518/1060 1516/1516/1058 1517/1517/1059
f  1514/1514/1056 1518/1518/1060 1519/1519/1061
f  1517/1517/1059 1438/1438/1000 1520/1520/1062
f  1520/1520/1062 1438/1438/1000 1521/1521/1063
f  1521/1521/1063 1438/1438/1000 1436/1436/998
f  1517/1517/1059 1520/1520/1062 1522/1522/1064
f  1517/1517/1059 1522/1522/1064 1518/1518/1060
f  1521/1521/1063 1436/1436/998 1437/1437/999
f  1522/1522/1064 1520/1520/1062 1523/1523/1065
f  1523/1523/1065 1520/1520/1062 1521/1521/1063
f  1521/1521/1063 1437/1437/999 1524/1524/1066
f  1521/1521/1063 1524/1524/1066 1523/1523/1065
f  1523/1523/1065 1524/1524/1066 1437/1437/999
f  1523/1523/1065 1437/1437/999 1525/1525/1067
f  1525/1525/1067 1437/1437/999 1427/1427/992
f  1523/1523/1065 1525/1525/1067 1526/1526/879
f  1526/1526/879 1525/1525/1067 1427/1427/992
f  1527/1527/1068 1522/1522/1064 1523/1523/1065
f  1526/1526/879 1427/1427/992 1528/1528/1069
f  1528/1528/1069 1427/1427/992 1420/1420/883
f  1523/1523/1065 1526/1526/879 1529/1529/1070
f  1523/1523/1065 1529/1529/1070 1527/1527/1068
f  1526/1526/879 1528/1528/1069 1530/1530/1071
f  1526/1526/879 1530/1530/1071 1529/1529/1070
f  1528/1528/1069 1420/1420/883 1531/1531/1072
f  1528/1528/1069 1531/1531/1072 1530/1530/1071
f  1531/1531/1072 1420/1420/883 1532/1532/107
f  1531/1531/1072 1532/1532/107 1533/1533/903
f  1527/1527/1068 1529/1529/1070 1534/1534/1073
f  1534/1534/1073 1529/1529/1070 1530/1530/1071
f  1535/1535/1074 1522/1522/1064 1527/1527/1068
f  1535/1535/1074 1527/1527/1068 1534/1534/1073
f  1522/1522/1064 1535/1535/1074 1518/1518/1060
f  1531/1531/1072 1533/1533/903 1536/1536/903
f  1537/1537/1075 1530/1530/1071 1531/1531/1072
f  1537/1537/1075 1531/1531/1072 1536/1536/903
f  1530/1530/1071 1537/1537/1075 1534/1534/1073
f  1536/1536/903 1533/1533/903 1538/1538/904
f  1537/1537/1075 1536/1536/903 1539/1539/98
f  1539/1539/98 1536/1536/903 1538/1538/904
f  1534/1534/1073 1537/1537/1075 1540/1540/1076
f  1540/1540/1076 1537/1537/1075 1539/1539/98
f  1534/1534/1073 1540/1540/1076 1541/1541/1077
f  1534/1534/1073 1541/1541/1077 1535/1535/1074
f  1542/1542/1078 1518/1518/1060 1535/1535/1074
f  1542/1542/1078 1535/1535/1074 1541/1541/1077
f  1518/1518/1060 1542/1542/1078 1543/1543/1079
f  1542/1542/1078 1541/1541/1077 1544/1544/1080
f  1544/1544/1080 1541/1541/1077 1540/1540/1076
f  1542/1542/1078 1544/1544/1080 1545/1545/120
f  1544/1544/1080 1540/1540/1076 1546/1546/1081
f  1546/1546/1081 1540/1540/1076 1539/1539/98
f  1544/1544/1080 1546/1546/1081 1547/1547/1082
f  1547/1547/1082 1546/1546/1081 1548/1548/95
f  1548/1548/95 1546/1546/1081 1539/1539/98
f  1547/1547/1082 1548/1548/95 1549/1549/1072
f  1550/1550/104 1551/1551/108 1549/1549/1072
f  1550/1550/104 1549/1549/1072 1548/1548/95
f  1550/1550/104 1548/1548/95 1552/1552/89
f  1550/1550/104 1552/1552/89 1553/1553/114
f  1553/1553/114 1552/1552/89 1554/1554/109
f  1554/1554/109 1552/1552/89 1555/1555/86
f  1555/1555/86 1552/1552/89 1556/1556/106
f  1555/1555/86 1556/1556/106 1557/1557/105
f  1552/1552/89 1548/1548/95 1558/1558/97
f  1552/1552/89 1558/1558/97 1556/1556/106
f  1556/1556/106 1558/1558/97 1559/1559/1083
f  1556/1556/106 1559/1559/1083 1560/1560/99
f  1560/1560/99 1559/1559/1083 1561/1561/97
f  1561/1561/97 1559/1559/1083 1558/1558/97
f  1558/1558/97 1548/1548/95 1562/1562/116
f  1558/1558/97 1562/1562/116 1561/1561/97
f  1562/1562/116 1548/1548/95 1539/1539/98
f  1562/1562/116 1539/1539/98 1538/1538/904
f  1561/1561/97 1562/1562/116 1563/1563/94
f  1561/1561/97 1563/1563/94 1564/1564/93
f  1563/1563/94 1562/1562/116 1565/1565/82
f  1562/1562/116 1538/1538/904 1566/1566/906
f  1562/1562/116 1566/1566/906 1565/1565/82
f  1566/1566/906 1538/1538/904 1567/1567/94
f  1565/1565/82 1566/1566/906 1568/1568/105
f  1569/1569/434 1570/1570/440 1571/1571/1084
f  1569/1569/434 1571/1571/1084 1572/1572/1085
f  1569/1569/434 1572/1572/1085 1573/1573/432
f  1573/1573/432 1572/1572/1085 1574/1574/433
f  1572/1572/1085 1571/1571/1084 1575/1575/1086
f  1572/1572/1085 1575/1575/1086 1574/1574/433
f  1571/1571/1084 1570/1570/440 1576/1576/1087
f  1571/1571/1084 1576/1576/1087 1577/1577/1088
f  1571/1571/1084 1577/1577/1088 1575/1575/1086
f  1576/1576/1087 1570/1570/440 1578/1578/1089
f  1578/1578/1089 1570/1570/440 1579/1579/442
f  1578/1578/1089 1579/1579/442 1580/1580/445
f  1576/1576/1087 1578/1578/1089 1581/1581/1090
f  1576/1576/1087 1581/1581/1090 1577/1577/1088
f  1578/1578/1089 1580/1580/445 1582/1582/1091
f  1581/1581/1090 1578/1578/1089 1583/1583/1092
f  1582/1582/1091 1580/1580/445 1584/1584/448
f  1584/1584/448 1580/1580/445 1585/1585/448
f  1578/1578/1089 1582/1582/1091 1586/1586/1093
f  1578/1578/1089 1586/1586/1093 1583/1583/1092
f  1587/1587/660 1585/1585/448 1588/1588/449
f  1585/1585/448 1587/1587/660 1589/1589/661
f  1585/1585/448 1589/1589/661 1584/1584/448
f  1584/1584/448 1589/1589/661 1590/1590/660
f  1591/1591/1094 1582/1582/1091 1584/1584/448
f  1582/1582/1091 1591/1591/1094 1586/1586/1093
f  1584/1584/448 1590/1590/660 1592/1592/1091
f  1592/1592/1091 1590/1590/660 1593/1593/659
f  1584/1584/448 1592/1592/1091 1594/1594/1095
f  1584/1584/448 1594/1594/1095 1591/1591/1094
f  1592/1592/1091 1593/1593/659 1595/1595/1096
f  1592/1592/1091 1595/1595/1096 1594/1594/1095
f  1594/1594/1095 1595/1595/1096 1591/1591/1094
f  1595/1595/1096 1593/1593/659 1596/1596/658
f  1595/1595/1096 1596/1596/658 1591/1591/1094
f  1591/1591/1094 1596/1596/658 1597/1597/1097
f  1591/1591/1094 1597/1597/1097 1586/1586/1093
f  1597/1597/1097 1596/1596/658 1598/1598/657
f  1586/1586/1093 1597/1597/1097 1599/1599/1097
f  1599/1599/1097 1597/1597/1097 1598/1598/657
f  1599/1599/1097 1598/1598/657 1600/1600/1098
f  1600/1600/1098 1598/1598/657 1601/1601/653
f  1586/1586/1093 1599/1599/1097 1602/1602/1093
f  1599/1599/1097 1600/1600/1098 1603/1603/1095
f  1599/1599/1097 1603/1603/1095 1602/1602/1093
f  1603/1603/1095 1600/1600/1098 1604/1604/1099
f  1602/1602/1093 1603/1603/1095 1605/1605/448
f  1605/1605/448 1603/1603/1095 1604/1604/1099
f  1586/1586/1093 1602/1602/1093 1606/1606/1100
f  1586/1586/1093 1606/1606/1100 1583/1583/1092
f  1606/1606/1100 1602/1602/1093 1607/1607/1101
f  1607/1607/1101 1602/1602/1093 1605/1605/448
f  1583/1583/1092 1606/1606/1100 1608/1608/1102
f  1583/1583/1092 1608/1608/1102 1581/1581/1090
f  1606/1606/1100 1607/1607/1101 1609/1609/1103
f  1606/1606/1100 1609/1609/1103 1608/1608/1102
f  1607/1607/1101 1605/1605/448 1610/1610/1104
f  1610/1610/1104 1605/1605/448 1611/1611/1105
f  1611/1611/1105 1605/1605/448 1612/1612/1106
f  1612/1612/1106 1605/1605/448 1604/1604/1099
f  1607/1607/1101 1610/1610/1104 1613/1613/1107
f  1607/1607/1101 1613/1613/1107 1609/1609/1103
f  1612/1612/1106 1604/1604/1099 1614/1614/1108
f  1608/1608/1102 1577/1577/1088 1581/1581/1090
f  1614/1614/1108 1604/1604/1099 1615/1615/1109
f  1614/1614/1108 1615/1615/1109 1616/1616/1109
f  1616/1616/1109 1615/1615/1109 1617/1617/1108
f  1617/1617/1108 1615/1615/1109 1618/1618/1110
f  1618/1618/1110 1615/1615/1109 1619/1619/1111
f  1618/1618/1110 1619/1619/1111 1620/1620/1112
f  1615/1615/1109 1604/1604/1099 1621/1621/1113
f  1615/1615/1109 1621/1621/1113 1619/1619/1111
f  1619/1619/1111 1621/1621/1113 1622/1622/1114
f  1621/1621/1113 1604/1604/1099 1600/1600/1098
f  1621/1621/1113 1600/1600/1098 1623/1623/1115
f  1624/1624/1116 1577/1577/1088 1608/1608/1102
f  1624/1624/1116 1608/1608/1102 1609/1609/1103
f  1577/1577/1088 1624/1624/1116 1625/1625/1117
f  1577/1577/1088 1625/1625/1117 1626/1626/1118
f  1625/1625/1117 1624/1624/1116 1627/1627/1119
f  1625/1625/1117 1627/1627/1119 1626/1626/1118
f  1624/1624/1116 1609/1609/1103 1628/1628/1120
f  1624/1624/1116 1628/1628/1120 1627/1627/1119
f  1628/1628/1120 1609/1609/1103 1629/1629/1121
f  1629/1629/1121 1609/1609/1103 1613/1613/1107
f  1629/1629/1121 1613/1613/1107 1630/1630/1122
f  1629/1629/1121 1630/1630/1122 1628/1628/1120
f  1630/1630/1122 1613/1613/1107 1631/1631/1123
f  1630/1630/1122 1631/1631/1123 1632/1632/1124
f  1628/1628/1120 1630/1630/1122 1633/1633/1125
f  1628/1628/1120 1633/1633/1125 1627/1627/1119
f  1633/1633/1125 1630/1630/1122 1632/1632/1124
f  1627/1627/1119 1633/1633/1125 1634/1634/1126
f  1627/1627/1119 1634/1634/1126 1626/1626/1118
f  1633/1633/1125 1632/1632/1124 1635/1635/1127
f  1633/1633/1125 1635/1635/1127 1634/1634/1126
f  1636/1636/1128 1637/1637/1129 1632/1632/1124
f  1632/1632/1124 1637/1637/1129 1638/1638/1130
f  1632/1632/1124 1638/1638/1130 1635/1635/1127
f  1638/1638/1130 1637/1637/1129 1639/1639/1131
f  1639/1639/1131 1637/1637/1129 1640/1640/1132
f  1635/1635/1127 1638/1638/1130 1641/1641/1133
f  1641/1641/1133 1638/1638/1130 1639/1639/1131
f  1642/1642/1134 1634/1634/1126 1635/1635/1127
f  1642/1642/1134 1635/1635/1127 1641/1641/1133
f  1634/1634/1126 1642/1642/1134 1643/1643/1135
f  1634/1634/1126 1643/1643/1135 1626/1626/1118
f  1642/1642/1134 1641/1641/1133 1644/1644/1136
f  1642/1642/1134 1644/1644/1136 1643/1643/1135
f  1641/1641/1133 1639/1639/1131 1645/1645/1137
f  1641/1641/1133 1645/1645/1137 1644/1644/1136
f  1646/1646/1138 1639/1639/1131 1640/1640/1132
f  1639/1639/1131 1646/1646/1138 1645/1645/1137
f  1646/1646/1138 1640/1640/1132 1647/1647/1139
f  1646/1646/1138 1647/1647/1139 1648/1648/1140
f  1646/1646/1138 1648/1648/1140 1649/1649/1141
f  1646/1646/1138 1649/1649/1141 1645/1645/1137
f  1649/1649/1141 1648/1648/1140 1650/1650/1142
f  1649/1649/1141 1650/1650/1142 1651/1651/1143
f  1645/1645/1137 1649/1649/1141 1652/1652/131
f  1652/1652/131 1649/1649/1141 1651/1651/1143
f  1653/1653/1144 1644/1644/1136 1645/1645/1137
f  1653/1653/1144 1645/1645/1137 1652/1652/131
f  1644/1644/1136 1653/1653/1144 1654/1654/1145
f  1644/1644/1136 1654/1654/1145 1643/1643/1135
f  1652/1652/131 1651/1651/1143 1655/1655/86
f  1655/1655/86 1651/1651/1143 1656/1656/115
f  1655/1655/86 1656/1656/115 1657/1657/116
f  1652/1652/131 1655/1655/86 1658/1658/92
f  1658/1658/92 1655/1655/86 1657/1657/116
f  1653/1653/1144 1652/1652/131 1659/1659/1146
f  1659/1659/1146 1652/1652/131 1658/1658/92
f  1653/1653/1144 1659/1659/1146 1660/1660/1147
f  1653/1653/1144 1660/1660/1147 1654/1654/1145
f  1659/1659/1146 1658/1658/92 1661/1661/1148
f  1659/1659/1146 1661/1661/1148 1660/1660/1147
f  1658/1658/92 1657/1657/116 1662/1662/90
f  1662/1662/90 1657/1657/116 1663/1663/117
f  1663/1663/117 1657/1657/116 1664/1664/92
f  1658/1658/92 1662/1662/90 1665/1665/903
f  1658/1658/92 1665/1665/903 1661/1661/1148
f  1662/1662/90 1663/1663/117 1666/1666/118
f  1662/1662/90 1666/1666/118 1665/1665/903
f  1665/1665/903 1666/1666/118 1661/1661/1148
f  1663/1663/117 1664/1664/92 1667/1667/116
f  1661/1661/1148 1666/1666/118 1668/1668/121
f  1667/1667/116 1664/1664/92 1669/1669/118
f  1667/1667/116 1669/1669/118 1670/1670/111
f  1670/1670/111 1669/1669/118 1671/1671/108
f  1661/1661/1148 1668/1668/121 1672/1672/443
f  1661/1661/1148 1672/1672/443 1660/1660/1147
f  1660/1660/1147 1672/1672/443 1673/1673/435
f  1673/1673/435 1672/1672/443 1674/1674/438
f  1660/1660/1147 1673/1673/435 1675/1675/1149
f  1660/1660/1147 1675/1675/1149 1654/1654/1145
f  1675/1675/1149 1673/1673/435 1676/1676/1150
f  1676/1676/1150 1673/1673/435 1574/1574/433
f  1654/1654/1145 1675/1675/1149 1677/1677/1151
f  1677/1677/1151 1675/1675/1149 1676/1676/1150
f  1654/1654/1145 1677/1677/1151 1643/1643/1135
f  1676/1676/1150 1574/1574/433 1575/1575/1086
f  1677/1677/1151 1676/1676/1150 1678/1678/1152
f  1678/1678/1152 1676/1676/1150 1575/1575/1086
f  1677/1677/1151 1678/1678/1152 1643/1643/1135
f  1643/1643/1135 1678/1678/1152 1679/1679/1153
f  1679/1679/1153 1678/1678/1152 1575/1575/1086
f  1643/1643/1135 1679/1679/1153 1626/1626/1118
f  1626/1626/1118 1679/1679/1153 1575/1575/1086
f  1626/1626/1118 1575/1575/1086 1577/1577/1088
f  1680/1680/662 1681/1681/660 1682/1682/449
f  1683/1683/632 1684/1684/629 1375/1375/628
f  1683/1683/632 1375/1375/628 1379/1379/963
f  1683/1683/632 1379/1379/963 1387/1387/971
f  1683/1683/632 1387/1387/971 1685/1685/1154
f  1683/1683/632 1685/1685/1154 1686/1686/635
f  1685/1685/1154 1387/1387/971 1687/1687/1155
f  1685/1685/1154 1687/1687/1155 1686/1686/635
f  1686/1686/635 1687/1687/1155 1688/1688/639
f  1689/1689/657 1690/1690/652 1691/1691/653
f  1692/1692/639 1693/1693/1156 1694/1694/640
f  1694/1694/640 1693/1693/1156 1695/1695/641
f  1695/1695/641 1693/1693/1156 1696/1696/645
f  1693/1693/1156 1692/1692/639 1697/1697/1156
f  1693/1693/1156 1697/1697/1156 1696/1696/645
f  1697/1697/1156 1692/1692/639 1698/1698/1157
f  1698/1698/1157 1692/1692/639 1699/1699/1155
f  1697/1697/1156 1698/1698/1157 1700/1700/1158
f  1700/1700/1158 1698/1698/1157 1699/1699/1155
f  1696/1696/645 1697/1697/1156 1701/1701/1159
f  1696/1696/645 1701/1701/1159 1702/1702/1160
f  1696/1696/645 1702/1702/1160 1703/1703/646
f  1701/1701/1159 1697/1697/1156 1704/1704/1161
f  1704/1704/1161 1697/1697/1156 1700/1700/1158
f  1701/1701/1159 1704/1704/1161 1705/1705/1162
f  1702/1702/1160 1701/1701/1159 1706/1706/1163
f  1706/1706/1163 1701/1701/1159 1705/1705/1162
f  1703/1703/646 1702/1702/1160 1707/1707/1164
f  1707/1707/1164 1702/1702/1160 1706/1706/1163
f  1708/1708/653 1709/1709/650 1703/1703/646
f  1708/1708/653 1703/1703/646 1707/1707/1164
f  1708/1708/653 1707/1707/1164 1710/1710/1115
f  1708/1708/653 1710/1710/1115 1711/1711/1098
f  1710/1710/1115 1707/1707/1164 1712/1712/1165
f  1713/1713/1114 1714/1714/1113 1710/1710/1115
f  1713/1713/1114 1710/1710/1115 1712/1712/1165
f  1715/1715/1113 1707/1707/1164 1706/1706/1163
f  1707/1707/1164 1715/1715/1113 1712/1712/1165
f  1715/1715/1113 1706/1706/1163 1716/1716/1166
f  1716/1716/1166 1706/1706/1163 1705/1705/1162
f  1712/1712/1165 1715/1715/1113 1717/1717/1167
f  1717/1717/1167 1715/1715/1113 1716/1716/1166
f  1713/1713/1114 1712/1712/1165 1718/1718/1168
f  1713/1713/1114 1718/1718/1168 1719/1719/1111
f  1719/1719/1111 1718/1718/1168 1720/1720/1112
f  1718/1718/1168 1712/1712/1165 1721/1721/1169
f  1718/1718/1168 1721/1721/1169 1720/1720/1112
f  1721/1721/1169 1712/1712/1165 1717/1717/1167
f  1720/1720/1112 1721/1721/1169 1722/1722/1108
f  1720/1720/1112 1722/1722/1108 1723/1723/1110
f  1721/1721/1169 1717/1717/1167 1724/1724/1170
f  1724/1724/1170 1717/1717/1167 1716/1716/1166
f  1721/1721/1169 1724/1724/1170 1725/1725/1171
f  1725/1725/1171 1724/1724/1170 1716/1716/1166
f  1721/1721/1169 1725/1725/1171 1726/1726/1172
f  1726/1726/1172 1725/1725/1171 1727/1727/1173
f  1727/1727/1173 1725/1725/1171 1728/1728/1174
f  1725/1725/1171 1716/1716/1166 1729/1729/1175
f  1725/1725/1171 1729/1729/1175 1728/1728/1174
f  1730/1730/1176 1731/1731/1177 1728/1728/1174
f  1730/1730/1176 1728/1728/1174 1729/1729/1175
f  1730/1730/1176 1729/1729/1175 1732/1732/1178
f  1730/1730/1176 1732/1732/1178 1733/1733/1179
f  1729/1729/1175 1716/1716/1166 1734/1734/1180
f  1734/1734/1180 1716/1716/1166 1705/1705/1162
f  1729/1729/1175 1734/1734/1180 1735/1735/1181
f  1729/1729/1175 1735/1735/1181 1732/1732/1178
f  1733/1733/1179 1732/1732/1178 1736/1736/1182
f  1735/1735/1181 1734/1734/1180 1737/1737/1183
f  1732/1732/1178 1735/1735/1181 1738/1738/1184
f  1738/1738/1184 1735/1735/1181 1737/1737/1183
f  1734/1734/1180 1705/1705/1162 1739/1739/971
f  1734/1734/1180 1739/1739/971 1737/1737/1183
f  1732/1732/1178 1738/1738/1184 1740/1740/1185
f  1732/1732/1178 1740/1740/1185 1736/1736/1182
f  1738/1738/1184 1737/1737/1183 1741/1741/1186
f  1738/1738/1184 1741/1741/1186 1740/1740/1185
f  1741/1741/1186 1737/1737/1183 1742/1742/1187
f  1742/1742/1187 1737/1737/1183 1739/1739/971
f  1740/1740/1185 1741/1741/1186 1743/1743/1188
f  1743/1743/1188 1741/1741/1186 1742/1742/1187
f  1736/1736/1182 1740/1740/1185 1744/1744/1189
f  1744/1744/1189 1740/1740/1185 1743/1743/1188
f  1736/1736/1182 1744/1744/1189 1745/1745/1190
f  1736/1736/1182 1745/1745/1190 1746/1746/1191
f  1746/1746/1191 1745/1745/1190 1747/1747/1192
f  1745/1745/1190 1744/1744/1189 1748/1748/1193
f  1748/1748/1193 1744/1744/1189 1743/1743/1188
f  1747/1747/1192 1745/1745/1190 1749/1749/1194
f  1749/1749/1194 1745/1745/1190 1748/1748/1193
f  1750/1750/1195 1751/1751/1196 1747/1747/1192
f  1750/1750/1195 1747/1747/1192 1749/1749/1194
f  1748/1748/1193 1743/1743/1188 1752/1752/1197
f  1752/1752/1197 1743/1743/1188 1753/1753/963
f  1753/1753/963 1743/1743/1188 1742/1742/1187
f  1748/1748/1193 1752/1752/1197 1754/1754/1198
f  1748/1748/1193 1754/1754/1198 1749/1749/1194
f  1754/1754/1198 1752/1752/1197 1755/1755/1199
f  1755/1755/1199 1752/1752/1197 1753/1753/963
f  1749/1749/1194 1754/1754/1198 1756/1756/1200
f  1756/1756/1200 1754/1754/1198 1755/1755/1199
f  1757/1757/1201 1750/1750/1195 1749/1749/1194
f  1749/1749/1194 1756/1756/1200 1758/1758/1202
f  1749/1749/1194 1758/1758/1202 1757/1757/1201
f  1750/1750/1195 1757/1757/1201 1759/1759/1203
f  1759/1759/1203 1757/1757/1201 1758/1758/1202
f  1750/1750/1195 1759/1759/1203 1760/1760/1204
f  1760/1760/1204 1759/1759/1203 1761/1761/1205
f  1759/1759/1203 1758/1758/1202 1762/1762/1206
f  1759/1759/1203 1762/1762/1206 1761/1761/1205
f  1763/1763/1200 1758/1758/1202 1756/1756/1200
f  1761/1761/1205 1762/1762/1206 1764/1764/1207
f  1761/1761/1205 1764/1764/1207 1765/1765/1208
f  1762/1762/1206 1758/1758/1202 1766/1766/1209
f  1766/1766/1209 1758/1758/1202 1763/1763/1200
f  1764/1764/1207 1762/1762/1206 1767/1767/1210
f  1767/1767/1210 1762/1762/1206 1766/1766/1209
f  1765/1765/1208 1764/1764/1207 1768/1768/561
f  1765/1765/1208 1768/1768/561 1769/1769/1211
f  1769/1769/1211 1768/1768/561 1770/1770/1212
f  1764/1764/1207 1767/1767/1210 1771/1771/1213
f  1764/1764/1207 1771/1771/1213 1768/1768/561
f  1770/1770/1212 1768/1768/561 1772/1772/264
f  1771/1771/1213 1767/1767/1210 1773/1773/1214
f  1767/1767/1210 1766/1766/1209 1774/1774/1215
f  1767/1767/1210 1774/1774/1215 1773/1773/1214
f  1774/1774/1215 1766/1766/1209 1763/1763/1200
f  1774/1774/1215 1763/1763/1200 1775/1775/1216
f  1774/1774/1215 1775/1775/1216 1773/1773/1214
f  1776/1776/561 1768/1768/561 1771/1771/1213
f  1776/1776/561 1771/1771/1213 1773/1773/1214
f  1768/1768/561 1776/1776/561 1777/1777/567
f  1768/1768/561 1777/1777/567 1772/1772/264
f  1777/1777/567 1776/1776/561 1778/1778/560
f  1772/1772/264 1777/1777/567 1779/1779/229
f  1779/1779/229 1777/1777/567 1778/1778/560
f  1778/1778/560 1776/1776/561 1780/1780/1217
f  1780/1780/1217 1776/1776/561 1773/1773/1214
f  1778/1778/560 1780/1780/1217 1781/1781/293
f  1778/1778/560 1781/1781/293 1779/1779/229
f  1780/1780/1217 1773/1773/1214 1782/1782/1218
f  1782/1782/1218 1773/1773/1214 1775/1775/1216
f  1781/1781/293 1780/1780/1217 1783/1783/1219
f  1783/1783/1219 1780/1780/1217 1782/1782/1218
f  1782/1782/1218 1775/1775/1216 1784/1784/1220
f  1782/1782/1218 1784/1784/1220 1783/1783/1219
f  1784/1784/1220 1775/1775/1216 1785/1785/1221
f  1783/1783/1219 1784/1784/1220 1786/1786/1222
f  1786/1786/1222 1784/1784/1220 1785/1785/1221
f  1785/1785/1221 1775/1775/1216 1787/1787/1223
f  1787/1787/1223 1775/1775/1216 1763/1763/1200
f  1788/1788/1224 1781/1781/293 1783/1783/1219
f  1787/1787/1223 1763/1763/1200 1789/1789/1225
f  1789/1789/1225 1763/1763/1200 1756/1756/1200
f  1789/1789/1225 1756/1756/1200 1755/1755/1199
f  1787/1787/1223 1789/1789/1225 1790/1790/1226
f  1787/1787/1223 1790/1790/1226 1785/1785/1221
f  1789/1789/1225 1755/1755/1199 1791/1791/1227
f  1789/1789/1225 1791/1791/1227 1790/1790/1226
f  1791/1791/1227 1755/1755/1199 1753/1753/963
f  1785/1785/1221 1790/1790/1226 1792/1792/1228
f  1785/1785/1221 1792/1792/1228 1786/1786/1222
f  1790/1790/1226 1791/1791/1227 1793/1793/1229
f  1790/1790/1226 1793/1793/1229 1792/1792/1228
f  1791/1791/1227 1753/1753/963 1794/1794/1230
f  1791/1791/1227 1794/1794/1230 1793/1793/1229
f  1794/1794/1230 1753/1753/963 1795/1795/1231
f  1795/1795/1231 1753/1753/963 1742/1742/1187
f  1792/1792/1228 1793/1793/1229 1796/1796/1232
f  1795/1795/1231 1742/1742/1187 1797/1797/1233
f  1792/1792/1228 1796/1796/1232 1798/1798/1234
f  1792/1792/1228 1798/1798/1234 1786/1786/1222
f  1796/1796/1232 1793/1793/1229 1799/1799/1214
f  1796/1796/1232 1799/1799/1214 1798/1798/1234
f  1797/1797/1233 1742/1742/1187 1739/1739/971
f  1786/1786/1222 1798/1798/1234 1800/1800/1235
f  1799/1799/1214 1793/1793/1229 1801/1801/1236
f  1801/1801/1236 1793/1793/1229 1794/1794/1230
f  1798/1798/1234 1799/1799/1214 1802/1802/1237
f  1798/1798/1234 1802/1802/1237 1800/1800/1235
f  1801/1801/1236 1794/1794/1230 1803/1803/1238
f  1803/1803/1238 1794/1794/1230 1795/1795/1231
f  1799/1799/1214 1801/1801/1236 1804/1804/1239
f  1799/1799/1214 1804/1804/1239 1802/1802/1237
f  1804/1804/1239 1801/1801/1236 1803/1803/1238
f  1803/1803/1238 1795/1795/1231 1797/1797/1233
f  1805/1805/1240 1797/1797/1233 1739/1739/971
f  1805/1805/1240 1739/1739/971 1806/1806/1240
f  1806/1806/1240 1739/1739/971 1705/1705/1162
f  1806/1806/1240 1705/1705/1162 1704/1704/1161
f  1806/1806/1240 1704/1704/1161 1700/1700/1158
f  1806/1806/1240 1700/1700/1158 1805/1805/1240
f  1805/1805/1240 1700/1700/1158 1797/1797/1233
f  1797/1797/1233 1700/1700/1158 1807/1807/1241
f  1797/1797/1233 1807/1807/1241 1803/1803/1238
f  1807/1807/1241 1700/1700/1158 1699/1699/1155
f  1803/1803/1238 1807/1807/1241 1808/1808/1242
f  1808/1808/1242 1807/1807/1241 1699/1699/1155
f  1803/1803/1238 1808/1808/1242 1804/1804/1239
f  1808/1808/1242 1699/1699/1155 1809/1809/971
f  1808/1808/1242 1809/1809/971 1810/1810/970
f  1808/1808/1242 1810/1810/970 1811/1811/1243
f  1808/1808/1242 1811/1811/1243 1804/1804/1239
f  1811/1811/1243 1810/1810/970 1812/1812/969
f  1811/1811/1243 1812/1812/969 1813/1813/973
f  1811/1811/1243 1813/1813/973 1804/1804/1239
f  1804/1804/1239 1813/1813/973 1814/1814/974
f  1804/1804/1239 1814/1814/974 1815/1815/976
f  1804/1804/1239 1815/1815/976 1802/1802/1237
f  1802/1802/1237 1815/1815/976 1816/1816/1244
f  1802/1802/1237 1816/1816/1244 1800/1800/1235
f  1816/1816/1244 1815/1815/976 1817/1817/1245
f  1817/1817/1245 1815/1815/976 1818/1818/977
f  1800/1800/1235 1816/1816/1244 1819/1819/1246
f  1816/1816/1244 1817/1817/1245 1820/1820/1247
f  1816/1816/1244 1820/1820/1247 1819/1819/1246
f  1817/1817/1245 1818/1818/977 1821/1821/922
f  1817/1817/1245 1821/1821/922 1820/1820/1247
f  1819/1819/1246 1820/1820/1247 1822/1822/1248
f  1822/1822/1248 1820/1820/1247 1821/1821/922
f  1800/1800/1235 1819/1819/1246 1823/1823/1249
f  1823/1823/1249 1819/1819/1246 1822/1822/1248
f  1821/1821/922 1818/1818/977 1824/1824/1248
f  1821/1821/922 1824/1824/1248 1822/1822/1248
f  1824/1824/1248 1818/1818/977 1825/1825/258
f  1824/1824/1248 1825/1825/258 1826/1826/298
f  1826/1826/298 1825/1825/258 1827/1827/983
f  1822/1822/1248 1824/1824/1248 1828/1828/1224
f  1828/1828/1224 1824/1824/1248 1826/1826/298
f  1823/1823/1249 1822/1822/1248 1788/1788/1224
f  1788/1788/1224 1822/1822/1248 1828/1828/1224
f  1829/1829/1250 1800/1800/1235 1823/1823/1249
f  1829/1829/1250 1823/1823/1249 1788/1788/1224
f  1800/1800/1235 1829/1829/1250 1786/1786/1222
f  1786/1786/1222 1829/1829/1250 1783/1783/1219
f  1783/1783/1219 1829/1829/1250 1788/1788/1224
f  1830/1830/278 1828/1828/1224 1826/1826/298
f  1788/1788/1224 1828/1828/1224 1831/1831/292
f  1831/1831/292 1828/1828/1224 1830/1830/278
f  1788/1788/1224 1831/1831/292 1781/1781/293
f  1781/1781/293 1831/1831/292 1779/1779/229
f  1830/1830/278 1826/1826/298 1832/1832/292
f  1830/1830/278 1832/1832/292 1831/1831/292
f  1832/1832/292 1826/1826/298 1833/1833/572
f  1833/1833/572 1826/1826/298 1827/1827/983
f  1833/1833/572 1827/1827/983 1834/1834/288
f  1834/1834/288 1827/1827/983 1835/1835/288
f  1833/1833/572 1834/1834/288 1836/1836/263
f  1836/1836/263 1834/1834/288 1837/1837/275
f  1832/1832/292 1833/1833/572 1838/1838/297
f  1838/1838/297 1833/1833/572 1836/1836/263
f  1836/1836/263 1837/1837/275 1839/1839/1251
f  1839/1839/1251 1837/1837/275 1840/1840/230
f  1836/1836/263 1839/1839/1251 1841/1841/1252
f  1841/1841/1252 1839/1839/1251 1842/1842/270
f  1838/1838/297 1836/1836/263 1843/1843/275
f  1843/1843/275 1836/1836/263 1841/1841/1252
f  1832/1832/292 1838/1838/297 1844/1844/300
f  1844/1844/300 1838/1838/297 1843/1843/275
f  1832/1832/292 1844/1844/300 1831/1831/292
f  1845/1845/1253 1846/1846/1254 1842/1842/270
f  1842/1842/270 1846/1846/1254 1841/1841/1252
f  1841/1841/1252 1846/1846/1254 1847/1847/1255
f  1847/1847/1255 1846/1846/1254 1848/1848/270
f  1841/1841/1252 1847/1847/1255 1849/1849/264
f  1849/1849/264 1847/1847/1255 1850/1850/270
f  1841/1841/1252 1849/1849/264 1851/1851/264
f  1841/1841/1252 1851/1851/264 1843/1843/275
f  1849/1849/264 1850/1850/270 1852/1852/1256
f  1849/1849/264 1852/1852/1256 1851/1851/264
f  1851/1851/264 1852/1852/1256 1843/1843/275
f  1843/1843/275 1852/1852/1256 1853/1853/1257
f  1853/1853/1257 1852/1852/1256 1854/1854/1258
f  1855/1855/1259 1844/1844/300 1843/1843/275
f  1855/1855/1259 1843/1843/275 1853/1853/1257
f  1844/1844/300 1855/1855/1259 1831/1831/292
f  1853/1853/1257 1854/1854/1258 1856/1856/559
f  1853/1853/1257 1856/1856/559 1855/1855/1259
f  1856/1856/559 1854/1854/1258 1857/1857/1260
f  1856/1856/559 1857/1857/1260 1858/1858/1251
f  1856/1856/559 1858/1858/1251 1855/1855/1259
f  1858/1858/1251 1857/1857/1260 1859/1859/1212
f  1858/1858/1251 1859/1859/1212 1860/1860/270
f  1861/1861/1259 1831/1831/292 1855/1855/1259
f  1831/1831/292 1861/1861/1259 1779/1779/229
f  1855/1855/1259 1858/1858/1251 1862/1862/1261
f  1862/1862/1261 1858/1858/1251 1860/1860/270
f  1855/1855/1259 1862/1862/1261 1861/1861/1259
f  1862/1862/1261 1860/1860/270 1863/1863/732
f  1863/1863/732 1860/1860/270 1864/1864/1262
f  1861/1861/1259 1862/1862/1261 1865/1865/1257
f  1865/1865/1257 1862/1862/1261 1863/1863/732
f  1861/1861/1259 1865/1865/1257 1779/1779/229
f  1865/1865/1257 1863/1863/732 1866/1866/786
f  1779/1779/229 1865/1865/1257 1772/1772/264
f  1865/1865/1257 1866/1866/786 1867/1867/1263
f  1772/1772/264 1865/1865/1257 1868/1868/1264
f  1868/1868/1264 1865/1865/1257 1867/1867/1263
f  1869/1869/230 1870/1870/272 1871/1871/264
f  1869/1869/230 1871/1871/264 1872/1872/1251
f  1871/1871/264 1870/1870/272 1873/1873/270
f  1873/1873/270 1870/1870/272 1874/1874/270
f  1872/1872/1251 1871/1871/264 1875/1875/270
f  1875/1875/270 1871/1871/264 1876/1876/264
f  1876/1876/264 1871/1871/264 1873/1873/270
f  1872/1872/1251 1875/1875/270 1877/1877/270
f  1875/1875/270 1876/1876/264 1878/1878/264
f  1875/1875/270 1878/1878/264 1877/1877/270
f  1878/1878/264 1876/1876/264 1873/1873/270
f  1873/1873/270 1874/1874/270 1879/1879/1265
f  1879/1879/1265 1874/1874/270 1880/1880/269
f  1878/1878/264 1873/1873/270 1881/1881/1251
f  1881/1881/1251 1873/1873/270 1879/1879/1265
f  1877/1877/270 1878/1878/264 1882/1882/264
f  1882/1882/264 1878/1878/264 1881/1881/1251
f  1877/1877/270 1882/1882/264 1883/1883/1266
f  1877/1877/270 1883/1883/1266 1884/1884/1253
f  1881/1881/1251 1879/1879/1265 1885/1885/272
f  1885/1885/272 1879/1879/1265 1886/1886/1260
f  1882/1882/264 1881/1881/1251 1887/1887/1252
f  1887/1887/1252 1881/1881/1251 1885/1885/272
f  1887/1887/1252 1885/1885/272 1888/1888/1252
f  1888/1888/1252 1885/1885/272 1889/1889/1251
f  1882/1882/264 1887/1887/1252 1890/1890/266
f  1882/1882/264 1890/1890/266 1883/1883/1266
f  1887/1887/1252 1888/1888/1252 1891/1891/1267
f  1887/1887/1252 1891/1891/1267 1890/1890/266
f  1891/1891/1267 1888/1888/1252 1892/1892/1268
f  1883/1883/1266 1890/1890/266 1893/1893/1269
f  1891/1891/1267 1892/1892/1268 1894/1894/1270
f  1894/1894/1270 1892/1892/1268 1895/1895/1271
f  1894/1894/1270 1895/1895/1271 1896/1896/1272
f  1894/1894/1270 1896/1896/1272 1897/1897/1272
f  1897/1897/1272 1896/1896/1272 1898/1898/1273
f  1894/1894/1270 1897/1897/1272 1899/1899/1274
f  1894/1894/1270 1899/1899/1274 1900/1900/1275
f  1894/1894/1270 1900/1900/1275 1891/1891/1267
f  1900/1900/1275 1899/1899/1274 1897/1897/1272
f  1891/1891/1267 1900/1900/1275 1901/1901/1276
f  1901/1901/1276 1900/1900/1275 1897/1897/1272
f  1891/1891/1267 1901/1901/1276 1902/1902/1277
f  1891/1891/1267 1902/1902/1277 1890/1890/266
f  1901/1901/1276 1897/1897/1272 1903/1903/1278
f  1890/1890/266 1902/1902/1277 1904/1904/1279
f  1890/1890/266 1904/1904/1279 1893/1893/1269
f  1902/1902/1277 1901/1901/1276 1905/1905/1280
f  1902/1902/1277 1905/1905/1280 1904/1904/1279
f  1905/1905/1280 1901/1901/1276 1903/1903/1278
f  1903/1903/1278 1897/1897/1272 1906/1906/1281
f  1907/1907/1282 1897/1897/1272 1898/1898/1273
f  1897/1897/1272 1907/1907/1282 1906/1906/1281
f  1907/1907/1282 1898/1898/1273 1908/1908/1283
f  1908/1908/1283 1898/1898/1273 1909/1909/1284
f  1907/1907/1282 1908/1908/1283 1910/1910/1285
f  1910/1910/1285 1908/1908/1283 1909/1909/1284
f  1907/1907/1282 1910/1910/1285 1906/1906/1281
f  1910/1910/1285 1909/1909/1284 1911/1911/1286
f  1910/1910/1285 1911/1911/1286 1912/1912/1287
f  1910/1910/1285 1912/1912/1287 1906/1906/1281
f  1912/1912/1287 1911/1911/1286 1913/1913/1288
f  1913/1913/1288 1911/1911/1286 1914/1914/1289
f  1906/1906/1281 1912/1912/1287 1915/1915/1290
f  1915/1915/1290 1912/1912/1287 1913/1913/1288
f  1913/1913/1288 1914/1914/1289 1916/1916/1291
f  1916/1916/1291 1914/1914/1289 1917/1917/1292
f  1913/1913/1288 1916/1916/1291 1918/1918/1293
f  1916/1916/1291 1917/1917/1292 1919/1919/1294
f  1916/1916/1291 1919/1919/1294 1918/1918/1293
f  1913/1913/1288 1918/1918/1293 1920/1920/1295
f  1913/1913/1288 1920/1920/1295 1915/1915/1290
f  1921/1921/1296 1906/1906/1281 1915/1915/1290
f  1921/1921/1296 1915/1915/1290 1922/1922/1297
f  1906/1906/1281 1921/1921/1296 1923/1923/1298
f  1923/1923/1298 1921/1921/1296 1922/1922/1297
f  1922/1922/1297 1915/1915/1290 1924/1924/1299
f  1924/1924/1299 1915/1915/1290 1920/1920/1295
f  1922/1922/1297 1924/1924/1299 1923/1923/1298
f  1906/1906/1281 1923/1923/1298 1925/1925/1300
f  1906/1906/1281 1925/1925/1300 1903/1903/1278
f  1923/1923/1298 1924/1924/1299 1926/1926/1299
f  1924/1924/1299 1920/1920/1295 1927/1927/1301
f  1927/1927/1301 1920/1920/1295 1918/1918/1293
f  1926/1926/1299 1924/1924/1299 1928/1928/1302
f  1928/1928/1302 1924/1924/1299 1927/1927/1301
f  1923/1923/1298 1926/1926/1299 1929/1929/1303
f  1923/1923/1298 1929/1929/1303 1925/1925/1300
f  1926/1926/1299 1928/1928/1302 1930/1930/1304
f  1930/1930/1304 1928/1928/1302 1927/1927/1301
f  1929/1929/1303 1926/1926/1299 1931/1931/1305
f  1929/1929/1303 1931/1931/1305 1932/1932/1306
f  1929/1929/1303 1932/1932/1306 1933/1933/1307
f  1929/1929/1303 1933/1933/1307 1925/1925/1300
f  1925/1925/1300 1933/1933/1307 1934/1934/1308
f  1925/1925/1300 1934/1934/1308 1935/1935/1309
f  1925/1925/1300 1935/1935/1309 1903/1903/1278
f  1931/1931/1305 1926/1926/1299 1936/1936/1310
f  1936/1936/1310 1926/1926/1299 1930/1930/1304
f  1931/1931/1305 1936/1936/1310 1937/1937/1311
f  1936/1936/1310 1930/1930/1304 1938/1938/1312
f  1936/1936/1310 1938/1938/1312 1937/1937/1311
f  1937/1937/1311 1938/1938/1312 1930/1930/1304
f  1937/1937/1311 1930/1930/1304 1927/1927/1301
f  1935/1935/1309 1905/1905/1280 1903/1903/1278
f  1905/1905/1280 1935/1935/1309 1939/1939/1313
f  1939/1939/1313 1935/1935/1309 1940/1940/1314
f  1941/1941/1315 1937/1937/1311 1942/1942/1316
f  1905/1905/1280 1939/1939/1313 1943/1943/1279
f  1944/1944/269 1945/1945/1265 1939/1939/1313
f  1939/1939/1313 1945/1945/1265 1943/1943/1279
f  1943/1943/1279 1945/1945/1265 1946/1946/1317
f  1946/1946/1317 1945/1945/1265 1947/1947/270
f  1943/1943/1279 1946/1946/1317 1948/1948/1318
f  1943/1943/1279 1948/1948/1318 1949/1949/1319
f  1943/1943/1279 1949/1949/1319 1950/1950/1319
f  1951/1951/1279 1905/1905/1280 1943/1943/1279
f  1951/1951/1279 1943/1943/1279 1950/1950/1319
f  1905/1905/1280 1951/1951/1279 1904/1904/1279
f  1951/1951/1279 1950/1950/1319 1952/1952/1319
f  1951/1951/1279 1952/1952/1319 1904/1904/1279
f  1952/1952/1319 1950/1950/1319 1953/1953/1264
f  1952/1952/1319 1953/1953/1264 1954/1954/1320
f  1952/1952/1319 1954/1954/1320 1904/1904/1279
f  1954/1954/1320 1953/1953/1264 1955/1955/1321
f  1904/1904/1279 1954/1954/1320 1956/1956/1266
f  1956/1956/1266 1954/1954/1320 1955/1955/1321
f  1904/1904/1279 1956/1956/1266 1893/1893/1269
f  1956/1956/1266 1955/1955/1321 1957/1957/1322
f  1893/1893/1269 1956/1956/1266 1958/1958/1323
f  1958/1958/1323 1956/1956/1266 1957/1957/1322
f  1893/1893/1269 1958/1958/1323 1883/1883/1266
f  1958/1958/1323 1957/1957/1322 1959/1959/1257
f  1959/1959/1257 1957/1957/1322 1960/1960/270
f  1959/1959/1257 1960/1960/270 1961/1961/270
f  1958/1958/1323 1959/1959/1257 1962/1962/264
f  1962/1962/264 1959/1959/1257 1961/1961/270
f  1958/1958/1323 1962/1962/264 1883/1883/1266
f  1962/1962/264 1961/1961/270 1884/1884/1253
f  1962/1962/264 1884/1884/1253 1883/1883/1266
f  1963/1963/118 1964/1964/1072 1965/1965/108
f  1964/1964/1072 1963/1963/118 1966/1966/1324
f  1966/1966/1324 1963/1963/118 1967/1967/92
f  1968/1968/1325 1969/1969/1326 1966/1966/1324
f  1968/1968/1325 1966/1966/1324 1970/1970/1325
f  1968/1968/1325 1970/1970/1325 1971/1971/1325
f  1966/1966/1324 1967/1967/92 1972/1972/118
f  1966/1966/1324 1972/1972/118 1970/1970/1325
f  1971/1971/1325 1970/1970/1325 1973/1973/1325
f  1971/1971/1325 1973/1973/1325 1974/1974/1325
f  1973/1973/1325 1970/1970/1325 1975/1975/1148
f  1975/1975/1148 1970/1970/1325 1972/1972/118
f  1973/1973/1325 1975/1975/1148 1976/1976/1081
f  1973/1973/1325 1976/1976/1081 1977/1977/1082
f  1976/1976/1081 1975/1975/1148 1978/1978/1327
f  1976/1976/1081 1978/1978/1327 1979/1979/1326
f  1975/1975/1148 1972/1972/118 1980/1980/1082
f  1975/1975/1148 1980/1980/1082 1978/1978/1327
f  1979/1979/1326 1978/1978/1327 1981/1981/1081
f  1981/1981/1081 1978/1978/1327 1980/1980/1082
f  1979/1979/1326 1981/1981/1081 1982/1982/1146
f  1980/1980/1082 1972/1972/118 1983/1983/1082
f  1980/1980/1082 1983/1983/1082 1981/1981/1081
f  1982/1982/1146 1981/1981/1081 1984/1984/1148
f  1984/1984/1148 1981/1981/1081 1983/1983/1082
f  1982/1982/1146 1984/1984/1148 1985/1985/118
f  1982/1982/1146 1985/1985/118 1986/1986/1080
f  1984/1984/1148 1983/1983/1082 1987/1987/1328
f  1986/1986/1080 1985/1985/118 1988/1988/1329
f  1989/1989/104 1983/1983/1082 1972/1972/118
f  1989/1989/104 1972/1972/118 1967/1967/92
f  1987/1987/1328 1983/1983/1082 1990/1990/1330
f  1990/1990/1330 1983/1983/1082 1989/1989/104
f  1984/1984/1148 1987/1987/1328 1991/1991/1079
f  1984/1984/1148 1991/1991/1079 1985/1985/118
f  1991/1991/1079 1987/1987/1328 1990/1990/1330
f  1992/1992/1325 1988/1988/1329 1985/1985/118
f  1985/1985/118 1991/1991/1079 1993/1993/1331
f  1993/1993/1331 1991/1991/1079 1990/1990/1330
f  1985/1985/118 1993/1993/1331 1992/1992/1325
f  1988/1988/1329 1992/1992/1325 1994/1994/1332
f  1994/1994/1332 1992/1992/1325 1993/1993/1331
f  1988/1988/1329 1994/1994/1332 1995/1995/1333
f  1995/1995/1333 1994/1994/1332 1996/1996/1081
f  1995/1995/1333 1996/1996/1081 1997/1997/1326
f  1996/1996/1081 1994/1994/1332 1998/1998/1082
f  1998/1998/1082 1994/1994/1332 1993/1993/1331
f  1996/1996/1081 1998/1998/1082 1997/1997/1326
f  1995/1995/1333 1997/1997/1326 1999/1999/1334
f  1998/1998/1082 1993/1993/1331 2000/2000/1330
f  2000/2000/1330 1993/1993/1331 1990/1990/1330
f  1997/1997/1326 1998/1998/1082 2001/2001/443
f  2001/2001/443 1998/1998/1082 2000/2000/1330
f  2000/2000/1330 1990/1990/1330 2002/2002/1072
f  2000/2000/1330 2002/2002/1072 2001/2001/443
f  2002/2002/1072 1990/1990/1330 1989/1989/104
f  1997/1997/1326 2001/2001/443 2003/2003/1331
f  2004/2004/1078 1999/1999/1334 1997/1997/1326
f  2004/2004/1078 1997/1997/1326 2003/2003/1331
f  2003/2003/1331 2001/2001/443 2005/2005/1080
f  2005/2005/1080 2001/2001/443 2002/2002/1072
f  2003/2003/1331 2005/2005/1080 2006/2006/1335
f  2003/2003/1331 2006/2006/1335 2004/2004/1078
f  1999/1999/1334 2004/2004/1078 2007/2007/1336
f  1999/1999/1334 2007/2007/1336 2008/2008/1337
f  2007/2007/1336 2004/2004/1078 2009/2009/1338
f  2007/2007/1336 2009/2009/1338 2008/2008/1337
f  2004/2004/1078 2006/2006/1335 2010/2010/1082
f  2004/2004/1078 2010/2010/1082 2009/2009/1338
f  2010/2010/1082 2006/2006/1335 2011/2011/1082
f  2012/2012/1339 2006/2006/1335 2005/2005/1080
f  2006/2006/1335 2012/2012/1339 2011/2011/1082
f  2012/2012/1339 2005/2005/1080 2002/2002/1072
f  2010/2010/1082 2011/2011/1082 2013/2013/120
f  2013/2013/120 2011/2011/1082 2012/2012/1339
f  2009/2009/1338 2010/2010/1082 2014/2014/1340
f  2014/2014/1340 2010/2010/1082 2013/2013/120
f  2012/2012/1339 2002/2002/1072 2015/2015/112
f  2012/2012/1339 2015/2015/112 2013/2013/120
f  2015/2015/112 2002/2002/1072 1989/1989/104
f  2014/2014/1340 2013/2013/120 2016/2016/1332
f  2013/2013/120 2015/2015/112 2017/2017/122
f  2013/2013/120 2017/2017/122 2016/2016/1332
f  2017/2017/122 2015/2015/112 2018/2018/1339
f  2017/2017/122 2018/2018/1339 2016/2016/1332
f  2015/2015/112 1989/1989/104 2019/2019/115
f  2019/2019/115 1989/1989/104 1967/1967/92
f  2019/2019/115 1967/1967/92 2020/2020/116
f  2015/2015/112 2019/2019/115 2021/2021/110
f  2021/2021/110 2019/2019/115 2022/2022/1143
f  2021/2021/110 2022/2022/1143 2023/2023/1142
f  2015/2015/112 2021/2021/110 2024/2024/108
f  2015/2015/112 2024/2024/108 2018/2018/1339
f  2018/2018/1339 2024/2024/108 2025/2025/118
f  2026/2026/1341 2016/2016/1332 2018/2018/1339
f  2027/2027/1342 2018/2018/1339 2028/2028/1326
f  2018/2018/1339 2027/2027/1342 2026/2026/1341
f  2029/2029/1343 2030/2030/1344 2027/2027/1342
f  2027/2027/1342 2030/2030/1344 2031/2031/1345
f  2031/2031/1345 2030/2030/1344 2032/2032/1346
f  2031/2031/1345 2032/2032/1346 2033/2033/1347
f  2027/2027/1342 2031/2031/1345 2034/2034/1348
f  2027/2027/1342 2034/2034/1348 2026/2026/1341
f  2031/2031/1345 2033/2033/1347 2035/2035/1349
f  2031/2031/1345 2035/2035/1349 2034/2034/1348
f  2035/2035/1349 2033/2033/1347 2036/2036/1350
f  2036/2036/1350 2033/2033/1347 2037/2037/1351
f  2036/2036/1350 2037/2037/1351 2038/2038/1352
f  2036/2036/1350 2038/2038/1352 2008/2008/1337
f  2026/2026/1341 2034/2034/1348 2039/2039/1073
f  2039/2039/1073 2034/2034/1348 2035/2035/1349
f  2039/2039/1073 2035/2035/1349 2040/2040/1353
f  2040/2040/1353 2035/2035/1349 2036/2036/1350
f  2026/2026/1341 2039/2039/1073 2041/2041/1354
f  2041/2041/1354 2039/2039/1073 2040/2040/1353
f  2026/2026/1341 2041/2041/1354 2042/2042/1071
f  2026/2026/1341 2042/2042/1071 2016/2016/1332
f  2041/2041/1354 2040/2040/1353 2043/2043/1355
f  2041/2041/1354 2043/2043/1355 2042/2042/1071
f  2043/2043/1355 2040/2040/1353 2036/2036/1350
f  2016/2016/1332 2042/2042/1071 2044/2044/1356
f  2044/2044/1356 2042/2042/1071 2043/2043/1355
f  2016/2016/1332 2044/2044/1356 2014/2014/1340
f  2044/2044/1356 2043/2043/1355 2045/2045/1341
f  2045/2045/1341 2043/2043/1355 2046/2046/1357
f  2045/2045/1341 2046/2046/1357 2044/2044/1356
f  2046/2046/1357 2043/2043/1355 2036/2036/1350
f  2014/2014/1340 2044/2044/1356 2047/2047/1358
f  2047/2047/1358 2044/2044/1356 2046/2046/1357
f  2014/2014/1340 2047/2047/1358 2009/2009/1338
f  2046/2046/1357 2036/2036/1350 2048/2048/1359
f  2046/2046/1357 2048/2048/1359 2047/2047/1358
f  2047/2047/1358 2048/2048/1359 2009/2009/1338
f  2048/2048/1359 2036/2036/1350 2008/2008/1337
f  2048/2048/1359 2008/2008/1337 2009/2009/1338
f  2049/2049/1326 2050/2050/1082 2051/2051/1072
f  2049/2049/1326 2051/2051/1072 2052/2052/1324
f  2049/2049/1326 2052/2052/1324 2053/2053/1326
f  2049/2049/1326 2053/2053/1326 2050/2050/1082
f  2053/2053/1326 2052/2052/1324 2054/2054/1326
f  2050/2050/1082 2053/2053/1326 2055/2055/1339
f  2050/2050/1082 2055/2055/1339 2056/2056/1080
f  2056/2056/1080 2055/2055/1339 2057/2057/120
f  2055/2055/1339 2053/2053/1326 2058/2058/118
f  2057/2057/120 2055/2055/1339 2059/2059/1360
f  2059/2059/1360 2055/2055/1339 2058/2058/118
f  2053/2053/1326 2054/2054/1326 2060/2060/118
f  2053/2053/1326 2060/2060/118 2058/2058/118
f  2060/2060/118 2054/2054/1326 2061/2061/1081
f  2058/2058/118 2060/2060/118 2062/2062/438
f  2062/2062/438 2060/2060/118 2061/2061/1081
f  2063/2063/1079 2064/2064/1078 2057/2057/120
f  2063/2063/1079 2057/2057/120 2059/2059/1360
f  2065/2065/1324 2059/2059/1360 2058/2058/118
f  2065/2065/1324 2058/2058/118 2062/2062/438
f  2063/2063/1079 2059/2059/1360 2066/2066/1361
f  2059/2059/1360 2065/2065/1324 2067/2067/1082
f  2059/2059/1360 2067/2067/1082 2066/2066/1361
f  2067/2067/1082 2065/2065/1324 2068/2068/1362
f  2065/2065/1324 2062/2062/438 2069/2069/1363
f  2065/2065/1324 2069/2069/1363 2068/2068/1362
f  2067/2067/1082 2068/2068/1362 2070/2070/1364
f  2067/2067/1082 2070/2070/1364 2066/2066/1361
f  2063/2063/1079 2066/2066/1361 2071/2071/1365
f  2063/2063/1079 2071/2071/1365 2072/2072/1060
f  2072/2072/1060 2071/2071/1365 2073/2073/1061
f  2071/2071/1365 2066/2066/1361 2074/2074/1366
f  2071/2071/1365 2074/2074/1366 2073/2073/1061
f  2074/2074/1366 2066/2066/1361 2075/2075/1367
f  2075/2075/1367 2066/2066/1361 2070/2070/1364
f  2073/2073/1061 2074/2074/1366 2076/2076/1368
f  2076/2076/1368 2074/2074/1366 2075/2075/1367
f  2077/2077/1369 2070/2070/1364 2068/2068/1362
f  2077/2077/1369 2068/2068/1362 2069/2069/1363
f  2075/2075/1367 2070/2070/1364 2078/2078/1370
f  2076/2076/1368 2075/2075/1367 2079/2079/1371
f  2079/2079/1371 2075/2075/1367 2078/2078/1370
f  2073/2073/1061 2076/2076/1368 2080/2080/1372
f  2078/2078/1370 2070/2070/1364 2081/2081/1373
f  2081/2081/1373 2070/2070/1364 2077/2077/1369
f  2082/2082/1057 2083/2083/1056 2073/2073/1061
f  2082/2082/1057 2073/2073/1061 2080/2080/1372
f  2080/2080/1372 2076/2076/1368 2084/2084/1374
f  2084/2084/1374 2076/2076/1368 2079/2079/1371
f  2082/2082/1057 2080/2080/1372 2085/2085/1375
f  2084/2084/1374 2079/2079/1371 2086/2086/1376
f  2080/2080/1372 2084/2084/1374 2087/2087/1377
f  2087/2087/1377 2084/2084/1374 2086/2086/1376
f  2080/2080/1372 2087/2087/1377 2085/2085/1375
f  2087/2087/1377 2086/2086/1376 2088/2088/1378
f  2088/2088/1378 2086/2086/1376 2079/2079/1371
f  2087/2087/1377 2088/2088/1378 2085/2085/1375
f  2088/2088/1378 2079/2079/1371 2089/2089/1379
f  2085/2085/1375 2088/2088/1378 2090/2090/1380
f  2089/2089/1379 2079/2079/1371 2078/2078/1370
f  2085/2085/1375 2090/2090/1380 2091/2091/1381
f  2091/2091/1381 2090/2090/1380 2092/2092/1382
f  2085/2085/1375 2091/2091/1381 2093/2093/1383
f  2085/2085/1375 2093/2093/1383 2082/2082/1057
f  2082/2082/1057 2093/2093/1383 2094/2094/1054
f  2093/2093/1383 2091/2091/1381 2095/2095/1384
f  2094/2094/1054 2093/2093/1383 2096/2096/1050
f  2096/2096/1050 2093/2093/1383 2095/2095/1384
f  2096/2096/1050 2095/2095/1384 2097/2097/1048
f  2098/2098/1385 2089/2089/1379 2078/2078/1370
f  2089/2089/1379 2098/2098/1385 2099/2099/1386
f  2099/2099/1386 2098/2098/1385 2100/2100/1387
f  2100/2100/1387 2098/2098/1385 2101/2101/1388
f  2098/2098/1385 2078/2078/1370 2102/2102/1389
f  2098/2098/1385 2102/2102/1389 2101/2101/1388
f  2102/2102/1389 2078/2078/1370 2103/2103/1390
f  2102/2102/1389 2103/2103/1390 2101/2101/1388
f  2103/2103/1390 2078/2078/1370 2104/2104/1391
f  2101/2101/1388 2103/2103/1390 2105/2105/1392
f  2101/2101/1388 2105/2105/1392 2106/2106/1393
f  2105/2105/1392 2103/2103/1390 2107/2107/1394
f  2107/2107/1394 2103/2103/1390 2104/2104/1391
f  2104/2104/1391 2078/2078/1370 2081/2081/1373
f  2105/2105/1392 2107/2107/1394 2108/2108/1395
f  2104/2104/1391 2081/2081/1373 2109/2109/1396
f  2104/2104/1391 2109/2109/1396 2110/2110/1397
f  2110/2110/1397 2109/2109/1396 2081/2081/1373
f  2104/2104/1391 2110/2110/1397 2107/2107/1394
f  2108/2108/1395 2107/2107/1394 2111/2111/1398
f  2111/2111/1398 2107/2107/1394 2110/2110/1397
f  2105/2105/1392 2108/2108/1395 2112/2112/1399
f  2105/2105/1392 2112/2112/1399 2113/2113/1400
f  2113/2113/1400 2112/2112/1399 2114/2114/1401
f  2112/2112/1399 2108/2108/1395 2115/2115/1402
f  2115/2115/1402 2108/2108/1395 2111/2111/1398
f  2114/2114/1401 2112/2112/1399 2116/2116/1403
f  2116/2116/1403 2112/2112/1399 2115/2115/1402
f  2114/2114/1401 2116/2116/1403 2117/2117/1404
f  2114/2114/1401 2117/2117/1404 2118/2118/1405
f  2118/2118/1405 2117/2117/1404 2119/2119/1406
f  2117/2117/1404 2116/2116/1403 2120/2120/1407
f  2119/2119/1406 2117/2117/1404 2121/2121/1404
f  2121/2121/1404 2117/2117/1404 2120/2120/1407
f  2116/2116/1403 2115/2115/1402 2122/2122/1408
f  2116/2116/1403 2122/2122/1408 2120/2120/1407
f  2121/2121/1404 2120/2120/1407 2123/2123/1409
f  2123/2123/1409 2120/2120/1407 2122/2122/1408
f  2119/2119/1406 2121/2121/1404 2124/2124/1410
f  2124/2124/1410 2121/2121/1404 2123/2123/1409
f  2119/2119/1406 2124/2124/1410 2125/2125/1411
f  2119/2119/1406 2125/2125/1411 2126/2126/1406
f  2127/2127/1412 2122/2122/1408 2115/2115/1402
f  2125/2125/1411 2124/2124/1410 2128/2128/1413
f  2122/2122/1408 2127/2127/1412 2129/2129/1414
f  2122/2122/1408 2129/2129/1414 2123/2123/1409
f  2127/2127/1412 2115/2115/1402 2130/2130/1415
f  2131/2131/1416 2124/2124/1410 2123/2123/1409
f  2124/2124/1410 2131/2131/1416 2128/2128/1413
f  2130/2130/1415 2115/2115/1402 2111/2111/1398
f  2125/2125/1411 2128/2128/1413 2132/2132/1417
f  2125/2125/1411 2132/2132/1417 2133/2133/1418
f  2133/2133/1418 2132/2132/1417 2134/2134/1419
f  2132/2132/1417 2128/2128/1413 2135/2135/1413
f  2134/2134/1419 2132/2132/1417 2136/2136/1418
f  2136/2136/1418 2132/2132/1417 2135/2135/1413
f  2134/2134/1419 2136/2136/1418 2137/2137/1420
f  2134/2134/1419 2137/2137/1420 2138/2138/1421
f  2138/2138/1421 2137/2137/1420 2139/2139/1422
f  2139/2139/1422 2137/2137/1420 2140/2140/1423
f  2135/2135/1413 2128/2128/1413 2141/2141/1424
f  2141/2141/1424 2128/2128/1413 2131/2131/1416
f  2136/2136/1418 2135/2135/1413 2142/2142/1425
f  2142/2142/1425 2135/2135/1413 2141/2141/1424
f  2142/2142/1425 2141/2141/1424 2143/2143/1404
f  2142/2142/1425 2143/2143/1404 2144/2144/1426
f  2141/2141/1424 2131/2131/1416 2145/2145/1427
f  2141/2141/1424 2145/2145/1427 2146/2146/1428
f  2145/2145/1427 2131/2131/1416 2123/2123/1409
f  2146/2146/1428 2145/2145/1427 2147/2147/1429
f  2147/2147/1429 2145/2145/1427 2123/2123/1409
f  2147/2147/1429 2123/2123/1409 2129/2129/1414
f  2142/2142/1425 2144/2144/1426 2148/2148/1430
f  2142/2142/1425 2148/2148/1430 2136/2136/1418
f  2136/2136/1418 2148/2148/1430 2137/2137/1420
f  2148/2148/1430 2144/2144/1426 2149/2149/1431
f  2137/2137/1420 2148/2148/1430 2150/2150/1432
f  2150/2150/1432 2148/2148/1430 2149/2149/1431
f  2137/2137/1420 2150/2150/1432 2140/2140/1423
f  2150/2150/1432 2149/2149/1431 2151/2151/1433
f  2140/2140/1423 2150/2150/1432 2152/2152/1434
f  2152/2152/1434 2150/2150/1432 2151/2151/1433
f  2153/2153/1435 2147/2147/1429 2154/2154/1436
f  2154/2154/1436 2147/2147/1429 2155/2155/1437
f  2155/2155/1437 2147/2147/1429 2129/2129/1414
f  2154/2154/1436 2155/2155/1437 2156/2156/1438
f  2155/2155/1437 2129/2129/1414 2157/2157/1415
f  2157/2157/1415 2129/2129/1414 2127/2127/1412
f  2156/2156/1438 2155/2155/1437 2158/2158/1439
f  2158/2158/1439 2155/2155/1437 2157/2157/1415
f  2156/2156/1438 2158/2158/1439 2159/2159/1440
f  2159/2159/1440 2158/2158/1439 2160/2160/1441
f  2160/2160/1441 2158/2158/1439 2157/2157/1415
f  2159/2159/1440 2160/2160/1441 2161/2161/1442
f  2157/2157/1415 2127/2127/1412 2130/2130/1415
f  2161/2161/1442 2160/2160/1441 2162/2162/1443
f  2157/2157/1415 2130/2130/1415 2163/2163/1444
f  2162/2162/1443 2160/2160/1441 2164/2164/1445
f  2160/2160/1441 2157/2157/1415 2165/2165/1446
f  2160/2160/1441 2165/2165/1446 2164/2164/1445
f  2165/2165/1446 2157/2157/1415 2163/2163/1444
f  2162/2162/1443 2164/2164/1445 2166/2166/1447
f  2167/2167/1351 2168/2168/1448 2166/2166/1447
f  2167/2167/1351 2166/2166/1447 2169/2169/1449
f  2169/2169/1449 2166/2166/1447 2164/2164/1445
f  2167/2167/1351 2169/2169/1449 2170/2170/1352
f  2170/2170/1352 2169/2169/1449 2171/2171/1450
f  2170/2170/1352 2171/2171/1450 2172/2172/1337
f  2169/2169/1449 2164/2164/1445 2173/2173/1451
f  2169/2169/1449 2173/2173/1451 2171/2171/1450
f  2172/2172/1337 2171/2171/1450 2174/2174/1334
f  2174/2174/1334 2171/2171/1450 2175/2175/1452
f  2174/2174/1334 2175/2175/1452 2176/2176/1333
f  2175/2175/1452 2171/2171/1450 2177/2177/1453
f  2175/2175/1452 2177/2177/1453 2176/2176/1333
f  2177/2177/1453 2171/2171/1450 2173/2173/1451
f  2176/2176/1333 2177/2177/1453 2178/2178/1454
f  2176/2176/1333 2178/2178/1454 2179/2179/1329
f  2177/2177/1453 2173/2173/1451 2180/2180/1338
f  2177/2177/1453 2180/2180/1338 2178/2178/1454
f  2179/2179/1329 2178/2178/1454 2181/2181/1455
f  2181/2181/1455 2178/2178/1454 2180/2180/1338
f  2179/2179/1329 2181/2181/1455 2182/2182/1080
f  2182/2182/1080 2181/2181/1455 2183/2183/1363
f  2181/2181/1455 2180/2180/1338 2184/2184/1456
f  2181/2181/1455 2184/2184/1456 2183/2183/1363
f  2182/2182/1080 2183/2183/1363 2185/2185/1329
f  2185/2185/1329 2183/2183/1363 2184/2184/1456
f  2182/2182/1080 2185/2185/1329 2186/2186/1146
f  2186/2186/1146 2185/2185/1329 2187/2187/1080
f  2186/2186/1146 2187/2187/1080 2188/2188/1326
f  2185/2185/1329 2184/2184/1456 2189/2189/1325
f  2185/2185/1329 2189/2189/1325 2187/2187/1080
f  2188/2188/1326 2187/2187/1080 2190/2190/1082
f  2190/2190/1082 2187/2187/1080 2189/2189/1325
f  2188/2188/1326 2190/2190/1082 2191/2191/1081
f  2189/2189/1325 2184/2184/1456 2192/2192/1326
f  2189/2189/1325 2192/2192/1326 2190/2190/1082
f  2192/2192/1326 2184/2184/1456 2193/2193/1455
f  2193/2193/1455 2184/2184/1456 2180/2180/1338
f  2190/2190/1082 2192/2192/1326 2194/2194/1339
f  2194/2194/1339 2192/2192/1326 2193/2193/1455
f  2190/2190/1082 2194/2194/1339 2195/2195/1325
f  2190/2190/1082 2195/2195/1325 2196/2196/1325
f  2194/2194/1339 2193/2193/1455 2197/2197/1457
f  2194/2194/1339 2197/2197/1457 2198/2198/1458
f  2194/2194/1339 2198/2198/1458 2195/2195/1325
f  2198/2198/1458 2197/2197/1457 2199/2199/1146
f  2199/2199/1146 2197/2197/1457 2193/2193/1455
f  2200/2200/1325 2201/2201/1325 2195/2195/1325
f  2200/2200/1325 2195/2195/1325 2054/2054/1326
f  2054/2054/1326 2195/2195/1325 2061/2061/1081
f  2061/2061/1081 2195/2195/1325 2198/2198/1458
f  2061/2061/1081 2198/2198/1458 2202/2202/1339
f  2202/2202/1339 2198/2198/1458 2199/2199/1146
f  2061/2061/1081 2202/2202/1339 2203/2203/1326
f  2203/2203/1326 2202/2202/1339 2199/2199/1146
f  2061/2061/1081 2203/2203/1326 2062/2062/438
f  2062/2062/438 2203/2203/1326 2199/2199/1146
f  2062/2062/438 2199/2199/1146 2069/2069/1363
f  2069/2069/1363 2199/2199/1146 2193/2193/1455
f  2069/2069/1363 2193/2193/1455 2204/2204/1459
f  2069/2069/1363 2204/2204/1459 2077/2077/1369
f  2204/2204/1459 2193/2193/1455 2205/2205/1460
f  2205/2205/1460 2193/2193/1455 2180/2180/1338
f  2077/2077/1369 2204/2204/1459 2206/2206/1461
f  2206/2206/1461 2204/2204/1459 2205/2205/1460
f  2205/2205/1460 2180/2180/1338 2173/2173/1451
f  2077/2077/1369 2206/2206/1461 2207/2207/1462
f  2077/2077/1369 2207/2207/1462 2081/2081/1373
f  2081/2081/1373 2207/2207/1462 2110/2110/1397
f  2207/2207/1462 2206/2206/1461 2208/2208/1463
f  2208/2208/1463 2206/2206/1461 2205/2205/1460
f  2205/2205/1460 2173/2173/1451 2209/2209/1464
f  2205/2205/1460 2209/2209/1464 2208/2208/1463
f  2209/2209/1464 2173/2173/1451 2164/2164/1445
f  2207/2207/1462 2208/2208/1463 2210/2210/1465
f  2207/2207/1462 2210/2210/1465 2110/2110/1397
f  2210/2210/1465 2208/2208/1463 2209/2209/1464
f  2110/2110/1397 2210/2210/1465 2211/2211/1466
f  2211/2211/1466 2210/2210/1465 2209/2209/1464
f  2110/2110/1397 2211/2211/1466 2111/2111/1398
f  2209/2209/1464 2164/2164/1445 2212/2212/1467
f  2209/2209/1464 2212/2212/1467 2211/2211/1466
f  2212/2212/1467 2164/2164/1445 2165/2165/1446
f  2111/2111/1398 2211/2211/1466 2213/2213/1468
f  2213/2213/1468 2211/2211/1466 2212/2212/1467
f  2111/2111/1398 2213/2213/1468 2130/2130/1415
f  2212/2212/1467 2165/2165/1446 2214/2214/1469
f  2130/2130/1415 2213/2213/1468 2163/2163/1444
f  2214/2214/1469 2165/2165/1446 2163/2163/1444
f  2163/2163/1444 2213/2213/1468 2215/2215/1469
f  2215/2215/1469 2213/2213/1468 2212/2212/1467
f  2214/2214/1469 2163/2163/1444 2216/2216/1470
f  2214/2214/1469 2216/2216/1470 2212/2212/1467
f  2216/2216/1470 2163/2163/1444 2215/2215/1469
f  2216/2216/1470 2215/2215/1469 2212/2212/1467
f  2217/2217/803 2218/2218/1030 2219/2219/800
f  2219/2219/800 2218/2218/1030 2220/2220/1035
f  2219/2219/800 2220/2220/1035 2221/2221/1471
f  2222/2222/1472 2220/2220/1035 2223/2223/1036
f  2220/2220/1035 2222/2222/1472 2221/2221/1471
f  2219/2219/800 2221/2221/1471 2224/2224/1473
f  2219/2219/800 2224/2224/1473 2225/2225/798
f  2225/2225/798 2224/2224/1473 2226/2226/1474
f  2225/2225/798 2226/2226/1474 2227/2227/797
f  2227/2227/797 2226/2226/1474 2228/2228/795
f  2228/2228/795 2226/2226/1474 2229/2229/792
f  2226/2226/1474 2224/2224/1473 2230/2230/1475
f  2230/2230/1475 2224/2224/1473 2221/2221/1471
f  2229/2229/792 2226/2226/1474 2231/2231/1476
f  2231/2231/1476 2226/2226/1474 2230/2230/1475
f  2229/2229/792 2231/2231/1476 2232/2232/790
f  2232/2232/790 2231/2231/1476 2233/2233/761
f  2232/2232/790 2233/2233/761 2234/2234/789
f  2233/2233/761 2231/2231/1476 2235/2235/1477
f  2235/2235/1477 2231/2231/1476 2230/2230/1475
f  2234/2234/789 2233/2233/761 2236/2236/1478
f  2233/2233/761 2235/2235/1477 2237/2237/1477
f  2233/2233/761 2237/2237/1477 2236/2236/1478
f  2235/2235/1477 2230/2230/1475 2238/2238/802
f  2235/2235/1477 2238/2238/802 2237/2237/1477
f  2239/2239/1479 2230/2230/1475 2221/2221/1471
f  2239/2239/1479 2221/2221/1471 2222/2222/1472
f  2238/2238/802 2230/2230/1475 2240/2240/1480
f  2240/2240/1480 2230/2230/1475 2239/2239/1479
f  2237/2237/1477 2238/2238/802 2241/2241/800
f  2237/2237/1477 2241/2241/800 2236/2236/1478
f  2238/2238/802 2240/2240/1480 2242/2242/1481
f  2238/2238/802 2242/2242/1481 2241/2241/800
f  2240/2240/1480 2239/2239/1479 2243/2243/1482
f  2240/2240/1480 2243/2243/1482 2242/2242/1481
f  2244/2244/1482 2239/2239/1479 2222/2222/1472
f  2244/2244/1482 2222/2222/1472 2245/2245/1483
f  2239/2239/1479 2244/2244/1482 2243/2243/1482
f  2243/2243/1482 2244/2244/1482 2246/2246/1484
f  2246/2246/1484 2244/2244/1482 2247/2247/1485
f  2242/2242/1481 2243/2243/1482 2248/2248/1486
f  2249/2249/1487 2241/2241/800 2242/2242/1481
f  2249/2249/1487 2242/2242/1481 2248/2248/1486
f  2248/2248/1486 2243/2243/1482 2250/2250/1485
f  2250/2250/1485 2243/2243/1482 2246/2246/1484
f  2248/2248/1486 2250/2250/1485 2251/2251/1488
f  2248/2248/1486 2251/2251/1488 2249/2249/1487
f  2250/2250/1485 2246/2246/1484 2252/2252/1489
f  2250/2250/1485 2252/2252/1489 2251/2251/1488
f  2253/2253/1490 2241/2241/800 2249/2249/1487
f  2241/2241/800 2253/2253/1490 2236/2236/1478
f  2249/2249/1487 2251/2251/1488 2254/2254/1491
f  2253/2253/1490 2249/2249/1487 2255/2255/1492
f  2255/2255/1492 2249/2249/1487 2254/2254/1491
f  2236/2236/1478 2253/2253/1490 2256/2256/1493
f  2256/2256/1493 2253/2253/1490 2255/2255/1492
f  2254/2254/1491 2251/2251/1488 2257/2257/1494
f  2236/2236/1478 2256/2256/1493 2258/2258/1495
f  2236/2236/1478 2258/2258/1495 2234/2234/789
f  2234/2234/789 2258/2258/1495 2259/2259/777
f  2259/2259/777 2258/2258/1495 2260/2260/779
f  2255/2255/1492 2254/2254/1491 2261/2261/1496
f  2261/2261/1496 2254/2254/1491 2257/2257/1494
f  2256/2256/1493 2255/2255/1492 2262/2262/1497
f  2258/2258/1495 2256/2256/1493 2263/2263/1498
f  2260/2260/779 2258/2258/1495 2264/2264/1499
f  2264/2264/1499 2258/2258/1495 2263/2263/1498
f  2260/2260/779 2264/2264/1499 2265/2265/1500
f  2260/2260/779 2265/2265/1500 2266/2266/780
f  2266/2266/780 2265/2265/1500 2267/2267/782
f  2256/2256/1493 2262/2262/1497 2268/2268/1501
f  2256/2256/1493 2268/2268/1501 2269/2269/1502
f  2256/2256/1493 2269/2269/1502 2263/2263/1498
f  2268/2268/1501 2262/2262/1497 2270/2270/1503
f  2270/2270/1503 2262/2262/1497 2255/2255/1492
f  2269/2269/1502 2268/2268/1501 2271/2271/1504
f  2269/2269/1502 2271/2271/1504 2263/2263/1498
f  2271/2271/1504 2268/2268/1501 2270/2270/1503
f  2263/2263/1498 2271/2271/1504 2272/2272/1505
f  2263/2263/1498 2272/2272/1505 2273/2273/1506
f  2263/2263/1498 2273/2273/1506 2264/2264/1499
f  2272/2272/1505 2271/2271/1504 2274/2274/1507
f  2272/2272/1505 2274/2274/1507 2273/2273/1506
f  2264/2264/1499 2273/2273/1506 2275/2275/1508
f  2264/2264/1499 2275/2275/1508 2265/2265/1500
f  2275/2275/1508 2273/2273/1506 2274/2274/1507
f  2265/2265/1500 2275/2275/1508 2276/2276/1509
f  2265/2265/1500 2276/2276/1509 2267/2267/782
f  2276/2276/1509 2275/2275/1508 2277/2277/1510
f  2277/2277/1510 2275/2275/1508 2274/2274/1507
f  2267/2267/782 2276/2276/1509 2278/2278/782
f  2278/2278/782 2276/2276/1509 2277/2277/1510
f  2279/2279/787 2280/2280/783 2267/2267/782
f  2267/2267/782 2278/2278/782 2281/2281/1511
f  2267/2267/782 2281/2281/1511 2279/2279/787
f  2279/2279/787 2281/2281/1511 2282/2282/1262
f  2279/2279/787 2282/2282/1262 2283/2283/786
f  2283/2283/786 2282/2282/1262 2284/2284/1512
f  2284/2284/1512 2282/2282/1262 2281/2281/1511
f  2283/2283/786 2284/2284/1512 2285/2285/269
f  2285/2285/269 2284/2284/1512 2286/2286/1260
f  2285/2285/269 2286/2286/1260 2287/2287/1265
f  2286/2286/1260 2284/2284/1512 2288/2288/559
f  2288/2288/559 2284/2284/1512 2281/2281/1511
f  2286/2286/1260 2288/2288/559 2289/2289/272
f  2289/2289/272 2288/2288/559 2290/2290/1251
f  2288/2288/559 2281/2281/1511 2291/2291/1513
f  2288/2288/559 2291/2291/1513 2290/2290/1251
f  2291/2291/1513 2281/2281/1511 2278/2278/782
f  2290/2290/1251 2291/2291/1513 2292/2292/1514
f  2290/2290/1251 2292/2292/1514 2293/2293/1252
f  2293/2293/1252 2292/2292/1514 2294/2294/1268
f  2294/2294/1268 2292/2292/1514 2295/2295/1271
f  2291/2291/1513 2278/2278/782 2296/2296/781
f  2296/2296/781 2278/2278/782 2277/2277/1510
f  2292/2292/1514 2291/2291/1513 2297/2297/1515
f  2297/2297/1515 2291/2291/1513 2296/2296/781
f  2295/2295/1271 2292/2292/1514 2298/2298/1516
f  2298/2298/1516 2292/2292/1514 2297/2297/1515
f  2295/2295/1271 2298/2298/1516 2299/2299/1517
f  2295/2295/1271 2299/2299/1517 2300/2300/1272
f  2300/2300/1272 2299/2299/1517 2301/2301/1273
f  2301/2301/1273 2299/2299/1517 2302/2302/1284
f  2297/2297/1515 2296/2296/781 2303/2303/1518
f  2297/2297/1515 2303/2303/1518 2298/2298/1516
f  2304/2304/1519 2296/2296/781 2277/2277/1510
f  2296/2296/781 2304/2304/1519 2303/2303/1518
f  2304/2304/1519 2277/2277/1510 2274/2274/1507
f  2305/2305/1520 2299/2299/1517 2298/2298/1516
f  2305/2305/1520 2298/2298/1516 2303/2303/1518
f  2306/2306/1521 2302/2302/1284 2299/2299/1517
f  2306/2306/1521 2299/2299/1517 2305/2305/1520
f  2304/2304/1519 2274/2274/1507 2307/2307/1522
f  2304/2304/1519 2307/2307/1522 2303/2303/1518
f  2307/2307/1522 2274/2274/1507 2308/2308/1523
f  2308/2308/1523 2274/2274/1507 2271/2271/1504
f  2308/2308/1523 2271/2271/1504 2270/2270/1503
f  2306/2306/1521 2305/2305/1520 2309/2309/1524
f  2308/2308/1523 2270/2270/1503 2310/2310/1525
f  2308/2308/1523 2310/2310/1525 2307/2307/1522
f  2309/2309/1524 2305/2305/1520 2311/2311/1526
f  2311/2311/1526 2305/2305/1520 2303/2303/1518
f  2312/2312/1527 2303/2303/1518 2307/2307/1522
f  2312/2312/1527 2307/2307/1522 2310/2310/1525
f  2303/2303/1518 2312/2312/1527 2311/2311/1526
f  2312/2312/1527 2310/2310/1525 2313/2313/1528
f  2313/2313/1528 2310/2310/1525 2270/2270/1503
f  2312/2312/1527 2313/2313/1528 2311/2311/1526
f  2314/2314/1529 2309/2309/1524 2311/2311/1526
f  2309/2309/1524 2314/2314/1529 2306/2306/1521
f  2311/2311/1526 2313/2313/1528 2315/2315/1530
f  2311/2311/1526 2315/2315/1530 2314/2314/1529
f  2313/2313/1528 2270/2270/1503 2316/2316/1531
f  2316/2316/1531 2270/2270/1503 2255/2255/1492
f  2316/2316/1531 2255/2255/1492 2261/2261/1496
f  2313/2313/1528 2316/2316/1531 2317/2317/1532
f  2313/2313/1528 2317/2317/1532 2315/2315/1530
f  2316/2316/1531 2261/2261/1496 2318/2318/1533
f  2316/2316/1531 2318/2318/1533 2317/2317/1532
f  2318/2318/1533 2261/2261/1496 2257/2257/1494
f  2315/2315/1530 2317/2317/1532 2319/2319/1534
f  2319/2319/1534 2317/2317/1532 2318/2318/1533
f  2315/2315/1530 2319/2319/1534 2320/2320/1535
f  2315/2315/1530 2320/2320/1535 2314/2314/1529
f  2319/2319/1534 2318/2318/1533 2321/2321/1536
f  2321/2321/1536 2318/2318/1533 2257/2257/1494
f  2319/2319/1534 2321/2321/1536 2322/2322/1537
f  2319/2319/1534 2322/2322/1537 2320/2320/1535
f  2321/2321/1536 2257/2257/1494 2323/2323/1538
f  2314/2314/1529 2320/2320/1535 2324/2324/1539
f  2314/2314/1529 2324/2324/1539 2306/2306/1521
f  2306/2306/1521 2324/2324/1539 2302/2302/1284
f  2302/2302/1284 2324/2324/1539 2325/2325/1540
f  2325/2325/1540 2324/2324/1539 2320/2320/1535
f  2302/2302/1284 2325/2325/1540 2326/2326/1286
f  2325/2325/1540 2320/2320/1535 2327/2327/1541
f  2325/2325/1540 2327/2327/1541 2326/2326/1286
f  2327/2327/1541 2320/2320/1535 2322/2322/1537
f  2328/2328/1542 2322/2322/1537 2321/2321/1536
f  2328/2328/1542 2321/2321/1536 2323/2323/1538
f  2327/2327/1541 2322/2322/1537 2329/2329/1543
f  2326/2326/1286 2327/2327/1541 2330/2330/1544
f  2326/2326/1286 2330/2330/1544 2331/2331/1289
f  2331/2331/1289 2330/2330/1544 2332/2332/1292
f  2330/2330/1544 2327/2327/1541 2333/2333/1545
f  2333/2333/1545 2327/2327/1541 2329/2329/1543
f  2332/2332/1292 2330/2330/1544 2334/2334/1546
f  2334/2334/1546 2330/2330/1544 2333/2333/1545
f  2332/2332/1292 2334/2334/1546 2335/2335/1547
f  2336/2336/1548 2329/2329/1543 2322/2322/1537
f  2336/2336/1548 2322/2322/1537 2328/2328/1542
f  2333/2333/1545 2329/2329/1543 2337/2337/1549
f  2337/2337/1549 2329/2329/1543 2336/2336/1548
f  2333/2333/1545 2337/2337/1549 2334/2334/1546
f  2335/2335/1547 2334/2334/1546 2338/2338/1550
f  2335/2335/1547 2338/2338/1550 2339/2339/1551
f  2339/2339/1551 2338/2338/1550 2340/2340/1552
f  2338/2338/1550 2334/2334/1546 2341/2341/1553
f  2334/2334/1546 2337/2337/1549 2342/2342/1554
f  2334/2334/1546 2342/2342/1554 2341/2341/1553
f  2342/2342/1554 2337/2337/1549 2343/2343/1555
f  2343/2343/1555 2337/2337/1549 2336/2336/1548
f  2341/2341/1553 2342/2342/1554 2344/2344/1556
f  2344/2344/1556 2342/2342/1554 2343/2343/1555
f  2338/2338/1550 2341/2341/1553 2345/2345/1557
f  2338/2338/1550 2345/2345/1557 2340/2340/1552
f  2345/2345/1557 2341/2341/1553 2346/2346/1558
f  2346/2346/1558 2341/2341/1553 2344/2344/1556
f  2340/2340/1552 2345/2345/1557 2347/2347/1559
f  2340/2340/1552 2347/2347/1559 2348/2348/1560
f  2348/2348/1560 2347/2347/1559 2349/2349/1561
f  2347/2347/1559 2345/2345/1557 2350/2350/1562
f  2350/2350/1562 2345/2345/1557 2346/2346/1558
f  2349/2349/1561 2347/2347/1559 2351/2351/1563
f  2351/2351/1563 2347/2347/1559 2350/2350/1562
f  2349/2349/1561 2351/2351/1563 2352/2352/1564
f  2349/2349/1561 2352/2352/1564 2353/2353/1565
f  2352/2352/1564 2351/2351/1563 2354/2354/1566
f  2354/2354/1566 2351/2351/1563 2350/2350/1562
f  2354/2354/1566 2350/2350/1562 2355/2355/1550
f  2350/2350/1562 2346/2346/1558 2356/2356/1567
f  2350/2350/1562 2356/2356/1567 2355/2355/1550
f  2356/2356/1567 2346/2346/1558 2344/2344/1556
f  2355/2355/1550 2356/2356/1567 2357/2357/1568
f  2357/2357/1568 2356/2356/1567 2358/2358/1569
f  2356/2356/1567 2344/2344/1556 2359/2359/1570
f  2356/2356/1567 2359/2359/1570 2358/2358/1569
f  2359/2359/1570 2344/2344/1556 2360/2360/1571
f  2358/2358/1569 2359/2359/1570 2361/2361/1572
f  2361/2361/1572 2359/2359/1570 2360/2360/1571
f  2358/2358/1569 2361/2361/1572 2362/2362/1573
f  2360/2360/1571 2344/2344/1556 2343/2343/1555
f  2362/2362/1573 2361/2361/1572 2363/2363/1574
f  2362/2362/1573 2363/2363/1574 2364/2364/1575
f  2361/2361/1572 2360/2360/1571 2365/2365/1576
f  2361/2361/1572 2365/2365/1576 2363/2363/1574
f  2360/2360/1571 2343/2343/1555 2366/2366/1577
f  2366/2366/1577 2343/2343/1555 2336/2336/1548
f  2366/2366/1577 2336/2336/1548 2328/2328/1542
f  2364/2364/1575 2363/2363/1574 2367/2367/1578
f  2367/2367/1578 2363/2363/1574 2365/2365/1576
f  2365/2365/1576 2360/2360/1571 2368/2368/1579
f  2368/2368/1579 2360/2360/1571 2366/2366/1577
f  2365/2365/1576 2368/2368/1579 2367/2367/1578
f  2366/2366/1577 2328/2328/1542 2369/2369/1580
f  2366/2366/1577 2369/2369/1580 2368/2368/1579
f  2369/2369/1580 2328/2328/1542 2323/2323/1538
f  2367/2367/1578 2368/2368/1579 2252/2252/1489
f  2252/2252/1489 2368/2368/1579 2369/2369/1580
f  2369/2369/1580 2323/2323/1538 2370/2370/1581
f  2369/2369/1580 2370/2370/1581 2252/2252/1489
f  2370/2370/1581 2323/2323/1538 2257/2257/1494
f  2370/2370/1581 2257/2257/1494 2251/2251/1488
f  2370/2370/1581 2251/2251/1488 2252/2252/1489
f  2367/2367/1578 2252/2252/1489 2246/2246/1484
f  2367/2367/1578 2246/2246/1484 2371/2371/1582
f  2367/2367/1578 2371/2371/1582 2364/2364/1575
f  2371/2371/1582 2246/2246/1484 2247/2247/1485
f  2364/2364/1575 2371/2371/1582 2372/2372/1583
f  2372/2372/1583 2371/2371/1582 2247/2247/1485
f  2373/2373/110 2374/2374/1142 2375/2375/1140
f  2373/2373/110 2375/2375/1140 2376/2376/108
f  2376/2376/108 2375/2375/1140 2377/2377/1584
f  2377/2377/1584 2375/2375/1140 2378/2378/1139
f  2376/2376/108 2377/2377/1584 2379/2379/90
f  2376/2376/108 2379/2379/90 2380/2380/118
f  2377/2377/1584 2378/2378/1139 2381/2381/1585
f  2379/2379/90 2377/2377/1584 2382/2382/1586
f  2382/2382/1586 2377/2377/1584 2381/2381/1585
f  2381/2381/1585 2378/2378/1139 2383/2383/1132
f  2381/2381/1585 2383/2383/1132 2384/2384/1587
f  2384/2384/1587 2383/2383/1132 2385/2385/1129
f  2384/2384/1587 2385/2385/1129 2386/2386/1588
f  2384/2384/1587 2386/2386/1588 2381/2381/1585
f  2387/2387/1326 2380/2380/118 2379/2379/90
f  2380/2380/118 2387/2387/1326 2388/2388/1339
f  2387/2387/1326 2379/2379/90 2389/2389/91
f  2389/2389/91 2379/2379/90 2382/2382/1586
f  2387/2387/1326 2389/2389/91 2390/2390/1333
f  2387/2387/1326 2390/2390/1333 2391/2391/1342
f  2391/2391/1342 2390/2390/1333 2392/2392/1343
f  2390/2390/1333 2389/2389/91 2393/2393/1589
f  2390/2390/1333 2393/2393/1589 2392/2392/1343
f  2389/2389/91 2382/2382/1586 2394/2394/1590
f  2389/2389/91 2394/2394/1590 2393/2393/1589
f  2395/2395/1591 2382/2382/1586 2381/2381/1585
f  2395/2395/1591 2381/2381/1585 2386/2386/1588
f  2382/2382/1586 2395/2395/1591 2396/2396/1592
f  2382/2382/1586 2396/2396/1592 2394/2394/1590
f  2396/2396/1592 2395/2395/1591 2397/2397/1593
f  2397/2397/1593 2395/2395/1591 2386/2386/1588
f  2394/2394/1590 2396/2396/1592 2398/2398/1594
f  2398/2398/1594 2396/2396/1592 2397/2397/1593
f  2399/2399/1595 2393/2393/1589 2394/2394/1590
f  2393/2393/1589 2399/2399/1595 2400/2400/1596
f  2399/2399/1595 2394/2394/1590 2401/2401/1597
f  2401/2401/1597 2394/2394/1590 2398/2398/1594
f  2400/2400/1596 2399/2399/1595 2402/2402/1598
f  2402/2402/1598 2399/2399/1595 2401/2401/1597
f  2393/2393/1589 2400/2400/1596 2403/2403/1599
f  2403/2403/1599 2400/2400/1596 2402/2402/1598
f  2393/2393/1589 2403/2403/1599 2392/2392/1343
f  2404/2404/1600 2398/2398/1594 2397/2397/1593
f  2392/2392/1343 2403/2403/1599 2405/2405/1601
f  2392/2392/1343 2405/2405/1601 2406/2406/1344
f  2403/2403/1599 2402/2402/1598 2407/2407/1602
f  2403/2403/1599 2407/2407/1602 2405/2405/1601
f  2406/2406/1344 2405/2405/1601 2408/2408/1346
f  2408/2408/1346 2405/2405/1601 2409/2409/1603
f  2408/2408/1346 2409/2409/1603 2410/2410/1398
f  2409/2409/1603 2405/2405/1601 2411/2411/1604
f  2409/2409/1603 2411/2411/1604 2410/2410/1398
f  2411/2411/1604 2405/2405/1601 2407/2407/1602
f  2410/2410/1398 2411/2411/1604 2412/2412/1605
f  2412/2412/1605 2411/2411/1604 2407/2407/1602
f  2413/2413/1606 2407/2407/1602 2402/2402/1598
f  2410/2410/1398 2412/2412/1605 2414/2414/1607
f  2410/2410/1398 2414/2414/1607 2415/2415/1608
f  2412/2412/1605 2407/2407/1602 2416/2416/1609
f  2416/2416/1609 2407/2407/1602 2413/2413/1606
f  2413/2413/1606 2402/2402/1598 2401/2401/1597
f  2415/2415/1608 2414/2414/1607 2417/2417/1610
f  2414/2414/1607 2412/2412/1605 2418/2418/1611
f  2414/2414/1607 2418/2418/1611 2417/2417/1610
f  2415/2415/1608 2417/2417/1610 2419/2419/1612
f  2415/2415/1608 2419/2419/1612 2420/2420/1613
f  2420/2420/1613 2419/2419/1612 2421/2421/1614
f  2419/2419/1612 2417/2417/1610 2422/2422/1615
f  2422/2422/1615 2417/2417/1610 2418/2418/1611
f  2418/2418/1611 2412/2412/1605 2423/2423/1616
f  2418/2418/1611 2423/2423/1616 2422/2422/1615
f  2423/2423/1616 2412/2412/1605 2416/2416/1609
f  2421/2421/1614 2419/2419/1612 2424/2424/1617
f  2424/2424/1617 2419/2419/1612 2422/2422/1615
f  2421/2421/1614 2424/2424/1617 2425/2425/1618
f  2421/2421/1614 2425/2425/1618 2426/2426/1619
f  2424/2424/1617 2422/2422/1615 2427/2427/1620
f  2427/2427/1620 2422/2422/1615 2423/2423/1616
f  2425/2425/1618 2424/2424/1617 2428/2428/1621
f  2428/2428/1621 2424/2424/1617 2427/2427/1620
f  2425/2425/1618 2428/2428/1621 2429/2429/1622
f  2425/2425/1618 2429/2429/1622 2430/2430/1623
f  2428/2428/1621 2427/2427/1620 2431/2431/1624
f  2428/2428/1621 2431/2431/1624 2429/2429/1622
f  2427/2427/1620 2423/2423/1616 2432/2432/1625
f  2432/2432/1625 2423/2423/1616 2433/2433/1626
f  2432/2432/1625 2433/2433/1626 2427/2427/1620
f  2433/2433/1626 2423/2423/1616 2434/2434/1627
f  2433/2433/1626 2434/2434/1627 2427/2427/1620
f  2434/2434/1627 2423/2423/1616 2416/2416/1609
f  2427/2427/1620 2434/2434/1627 2435/2435/1628
f  2435/2435/1628 2434/2434/1627 2416/2416/1609
f  2427/2427/1620 2435/2435/1628 2431/2431/1624
f  2435/2435/1628 2416/2416/1609 2436/2436/1629
f  2436/2436/1629 2416/2416/1609 2413/2413/1606
f  2431/2431/1624 2435/2435/1628 2437/2437/1630
f  2436/2436/1629 2413/2413/1606 2438/2438/1631
f  2438/2438/1631 2413/2413/1606 2401/2401/1597
f  2435/2435/1628 2436/2436/1629 2439/2439/1632
f  2435/2435/1628 2439/2439/1632 2437/2437/1630
f  2431/2431/1624 2437/2437/1630 2440/2440/1633
f  2431/2431/1624 2440/2440/1633 2429/2429/1622
f  2437/2437/1630 2439/2439/1632 2441/2441/1634
f  2440/2440/1633 2437/2437/1630 2442/2442/1635
f  2442/2442/1635 2437/2437/1630 2441/2441/1634
f  2440/2440/1633 2442/2442/1635 2443/2443/1636
f  2440/2440/1633 2443/2443/1636 2429/2429/1622
f  2442/2442/1635 2441/2441/1634 2444/2444/1637
f  2443/2443/1636 2442/2442/1635 2445/2445/1638
f  2445/2445/1638 2442/2442/1635 2444/2444/1637
f  2429/2429/1622 2443/2443/1636 2446/2446/1639
f  2446/2446/1639 2443/2443/1636 2445/2445/1638
f  2444/2444/1637 2441/2441/1634 2447/2447/1634
f  2448/2448/1640 2441/2441/1634 2439/2439/1632
f  2441/2441/1634 2448/2448/1640 2447/2447/1634
f  2444/2444/1637 2447/2447/1634 2449/2449/1641
f  2449/2449/1641 2447/2447/1634 2448/2448/1640
f  2448/2448/1640 2439/2439/1632 2450/2450/1642
f  2450/2450/1642 2439/2439/1632 2436/2436/1629
f  2448/2448/1640 2450/2450/1642 2451/2451/1643
f  2448/2448/1640 2451/2451/1643 2449/2449/1641
f  2450/2450/1642 2436/2436/1629 2452/2452/1644
f  2451/2451/1643 2450/2450/1642 2453/2453/1645
f  2451/2451/1643 2453/2453/1645 2449/2449/1641
f  2453/2453/1645 2450/2450/1642 2452/2452/1644
f  2452/2452/1644 2436/2436/1629 2454/2454/1646
f  2452/2452/1644 2454/2454/1646 2453/2453/1645
f  2454/2454/1646 2436/2436/1629 2455/2455/1647
f  2449/2449/1641 2453/2453/1645 2456/2456/1648
f  2456/2456/1648 2453/2453/1645 2454/2454/1646
f  2455/2455/1647 2436/2436/1629 2438/2438/1631
f  2449/2449/1641 2456/2456/1648 2457/2457/1649
f  2449/2449/1641 2457/2457/1649 2444/2444/1637
f  2456/2456/1648 2454/2454/1646 2458/2458/1650
f  2456/2456/1648 2458/2458/1650 2457/2457/1649
f  2454/2454/1646 2455/2455/1647 2459/2459/1651
f  2459/2459/1651 2455/2455/1647 2438/2438/1631
f  2458/2458/1650 2454/2454/1646 2460/2460/1652
f  2460/2460/1652 2454/2454/1646 2459/2459/1651
f  2458/2458/1650 2460/2460/1652 2461/2461/1653
f  2462/2462/1654 2444/2444/1637 2457/2457/1649
f  2444/2444/1637 2462/2462/1654 2445/2445/1638
f  2463/2463/1655 2457/2457/1649 2458/2458/1650
f  2463/2463/1655 2458/2458/1650 2461/2461/1653
f  2462/2462/1654 2457/2457/1649 2464/2464/1656
f  2457/2457/1649 2463/2463/1655 2465/2465/1657
f  2457/2457/1649 2465/2465/1657 2464/2464/1656
f  2465/2465/1657 2463/2463/1655 2466/2466/1658
f  2462/2462/1654 2464/2464/1656 2467/2467/1659
f  2462/2462/1654 2467/2467/1659 2445/2445/1638
f  2464/2464/1656 2465/2465/1657 2468/2468/1660
f  2464/2464/1656 2468/2468/1660 2467/2467/1659
f  2465/2465/1657 2466/2466/1658 2469/2469/1661
f  2465/2465/1657 2469/2469/1661 2468/2468/1660
f  2468/2468/1660 2469/2469/1661 2470/2470/1662
f  2468/2468/1660 2470/2470/1662 2467/2467/1659
f  2471/2471/1663 2466/2466/1658 2463/2463/1655
f  2471/2471/1663 2463/2463/1655 2461/2461/1653
f  2466/2466/1658 2471/2471/1663 2472/2472/1664
f  2471/2471/1663 2461/2461/1653 2473/2473/1665
f  2471/2471/1663 2473/2473/1665 2474/2474/1666
f  2474/2474/1666 2473/2473/1665 2475/2475/1667
f  2473/2473/1665 2461/2461/1653 2476/2476/1668
f  2475/2475/1667 2473/2473/1665 2477/2477/1669
f  2477/2477/1669 2473/2473/1665 2476/2476/1668
f  2476/2476/1668 2461/2461/1653 2460/2460/1652
f  2475/2475/1667 2477/2477/1669 2478/2478/1109
f  2475/2475/1667 2478/2478/1109 2479/2479/1670
f  2479/2479/1670 2478/2478/1109 2480/2480/1108
f  2478/2478/1109 2477/2477/1669 2481/2481/1108
f  2481/2481/1108 2477/2477/1669 2482/2482/1106
f  2482/2482/1106 2477/2477/1669 2483/2483/1671
f  2483/2483/1671 2477/2477/1669 2476/2476/1668
f  2482/2482/1106 2483/2483/1671 2484/2484/1105
f  2483/2483/1671 2476/2476/1668 2485/2485/1672
f  2486/2486/1673 2476/2476/1668 2460/2460/1652
f  2476/2476/1668 2486/2486/1673 2485/2485/1672
f  2484/2484/1105 2483/2483/1671 2487/2487/1674
f  2484/2484/1105 2487/2487/1674 2488/2488/1104
f  2483/2483/1671 2485/2485/1672 2489/2489/1675
f  2483/2483/1671 2489/2489/1675 2487/2487/1674
f  2489/2489/1675 2485/2485/1672 2486/2486/1673
f  2488/2488/1104 2487/2487/1674 2490/2490/1676
f  2490/2490/1676 2487/2487/1674 2489/2489/1675
f  2490/2490/1676 2489/2489/1675 2486/2486/1673
f  2488/2488/1104 2490/2490/1676 2491/2491/1107
f  2486/2486/1673 2460/2460/1652 2459/2459/1651
f  2490/2490/1676 2486/2486/1673 2492/2492/1677
f  2492/2492/1677 2486/2486/1673 2459/2459/1651
f  2491/2491/1107 2490/2490/1676 2493/2493/1678
f  2491/2491/1107 2493/2493/1678 2494/2494/1123
f  2490/2490/1676 2492/2492/1677 2495/2495/1679
f  2495/2495/1679 2492/2492/1677 2459/2459/1651
f  2490/2490/1676 2495/2495/1679 2493/2493/1678
f  2495/2495/1679 2459/2459/1651 2496/2496/1680
f  2496/2496/1680 2459/2459/1651 2438/2438/1631
f  2493/2493/1678 2495/2495/1679 2497/2497/1681
f  2497/2497/1681 2495/2495/1679 2496/2496/1680
f  2498/2498/1682 2494/2494/1123 2493/2493/1678
f  2494/2494/1123 2498/2498/1682 2499/2499/1124
f  2493/2493/1678 2497/2497/1681 2500/2500/1683
f  2493/2493/1678 2500/2500/1683 2498/2498/1682
f  2497/2497/1681 2496/2496/1680 2501/2501/1684
f  2501/2501/1684 2496/2496/1680 2438/2438/1631
f  2500/2500/1683 2497/2497/1681 2502/2502/1685
f  2502/2502/1685 2497/2497/1681 2501/2501/1684
f  2501/2501/1684 2438/2438/1631 2503/2503/1686
f  2502/2502/1685 2501/2501/1684 2386/2386/1588
f  2503/2503/1686 2438/2438/1631 2401/2401/1597
f  2386/2386/1588 2501/2501/1684 2397/2397/1593
f  2397/2397/1593 2501/2501/1684 2503/2503/1686
f  2397/2397/1593 2503/2503/1686 2404/2404/1600
f  2503/2503/1686 2401/2401/1597 2504/2504/1687
f  2404/2404/1600 2503/2503/1686 2505/2505/1688
f  2505/2505/1688 2503/2503/1686 2504/2504/1687
f  2404/2404/1600 2505/2505/1688 2398/2398/1594
f  2504/2504/1687 2401/2401/1597 2398/2398/1594
f  2504/2504/1687 2398/2398/1594 2505/2505/1688
f  2506/2506/1128 2502/2502/1685 2386/2386/1588
f  2502/2502/1685 2506/2506/1128 2500/2500/1683
f  2506/2506/1128 2386/2386/1588 2385/2385/1129
f  2500/2500/1683 2506/2506/1128 2507/2507/1689
f  2500/2500/1683 2507/2507/1689 2498/2498/1682
f  2499/2499/1124 2498/2498/1682 2506/2506/1128
f  2498/2498/1682 2507/2507/1689 2508/2508/1690
f  2508/2508/1690 2507/2507/1689 2506/2506/1128
f  2506/2506/1128 2498/2498/1682 2509/2509/1691
f  2506/2506/1128 2509/2509/1691 2508/2508/1690
f  2508/2508/1690 2509/2509/1691 2498/2498/1682
f  2510/2510/1038 2511/2511/1040 2512/2512/1042
f  2510/2510/1038 2512/2512/1042 2513/2513/1038
f  2510/2510/1038 2513/2513/1038 2514/2514/1038
f  2513/2513/1038 2512/2512/1042 2515/2515/1692
f  2515/2515/1692 2512/2512/1042 2516/2516/1002
f  2516/2516/1002 2512/2512/1042 2517/2517/1043
f  2513/2513/1038 2515/2515/1692 2518/2518/1693
f  2514/2514/1038 2513/2513/1038 2519/2519/1032
f  2519/2519/1032 2513/2513/1038 2518/2518/1693
f  2514/2514/1038 2519/2519/1032 2520/2520/1040
f  2514/2514/1038 2520/2520/1040 2521/2521/869
f  2521/2521/869 2520/2520/1040 2522/2522/1037
f  2515/2515/1692 2516/2516/1002 2523/2523/1694
f  2515/2515/1692 2523/2523/1694 2518/2518/1693
f  2520/2520/1040 2519/2519/1032 2524/2524/1695
f  2524/2524/1695 2519/2519/1032 2518/2518/1693
f  2522/2522/1037 2520/2520/1040 2525/2525/1696
f  2522/2522/1037 2525/2525/1696 2526/2526/1033
f  2526/2526/1033 2525/2525/1696 2527/2527/1036
f  2525/2525/1696 2520/2520/1040 2528/2528/1697
f  2528/2528/1697 2520/2520/1040 2524/2524/1695
f  2527/2527/1036 2525/2525/1696 2529/2529/1698
f  2529/2529/1698 2525/2525/1696 2528/2528/1697
f  2527/2527/1036 2529/2529/1698 2530/2530/1483
f  2527/2527/1036 2530/2530/1483 2531/2531/1472
f  2529/2529/1698 2528/2528/1697 2532/2532/1699
f  2528/2528/1697 2524/2524/1695 2533/2533/1700
f  2528/2528/1697 2533/2533/1700 2532/2532/1699
f  2530/2530/1483 2529/2529/1698 2534/2534/1701
f  2534/2534/1701 2529/2529/1698 2532/2532/1699
f  2530/2530/1483 2534/2534/1701 2535/2535/1485
f  2530/2530/1483 2535/2535/1485 2536/2536/1482
f  2535/2535/1485 2534/2534/1701 2537/2537/1583
f  2534/2534/1701 2532/2532/1699 2538/2538/1702
f  2534/2534/1701 2538/2538/1702 2537/2537/1583
f  2538/2538/1702 2532/2532/1699 2539/2539/1703
f  2539/2539/1703 2532/2532/1699 2533/2533/1700
f  2538/2538/1702 2539/2539/1703 2540/2540/1704
f  2540/2540/1704 2539/2539/1703 2533/2533/1700
f  2537/2537/1583 2538/2538/1702 2541/2541/1705
f  2541/2541/1705 2538/2538/1702 2540/2540/1704
f  2540/2540/1704 2533/2533/1700 2542/2542/1706
f  2543/2543/1707 2533/2533/1700 2524/2524/1695
f  2533/2533/1700 2543/2543/1707 2542/2542/1706
f  2543/2543/1707 2524/2524/1695 2518/2518/1693
f  2540/2540/1704 2542/2542/1706 2544/2544/1708
f  2540/2540/1704 2544/2544/1708 2541/2541/1705
f  2543/2543/1707 2518/2518/1693 2545/2545/1709
f  2542/2542/1706 2543/2543/1707 2546/2546/1710
f  2546/2546/1710 2543/2543/1707 2545/2545/1709
f  2545/2545/1709 2518/2518/1693 2523/2523/1694
f  2542/2542/1706 2546/2546/1710 2547/2547/1711
f  2546/2546/1710 2545/2545/1709 2548/2548/1712
f  2542/2542/1706 2547/2547/1711 2549/2549/1713
f  2542/2542/1706 2549/2549/1713 2544/2544/1708
f  2547/2547/1711 2546/2546/1710 2550/2550/1714
f  2547/2547/1711 2550/2550/1714 2549/2549/1713
f  2550/2550/1714 2546/2546/1710 2548/2548/1712
f  2544/2544/1708 2549/2549/1713 2551/2551/1715
f  2551/2551/1715 2549/2549/1713 2550/2550/1714
f  2552/2552/1716 2545/2545/1709 2523/2523/1694
f  2545/2545/1709 2552/2552/1716 2548/2548/1712
f  2552/2552/1716 2523/2523/1694 2553/2553/1717
f  2548/2548/1712 2552/2552/1716 2554/2554/1718
f  2553/2553/1717 2523/2523/1694 2555/2555/1719
f  2555/2555/1719 2523/2523/1694 2516/2516/1002
f  2552/2552/1716 2553/2553/1717 2556/2556/1720
f  2552/2552/1716 2556/2556/1720 2554/2554/1718
f  2555/2555/1719 2516/2516/1002 2557/2557/1721
f  2557/2557/1721 2516/2516/1002 2517/2517/1043
f  2557/2557/1721 2517/2517/1043 2558/2558/1045
f  2557/2557/1721 2558/2558/1045 2559/2559/1384
f  2559/2559/1384 2558/2558/1045 2560/2560/1048
f  2557/2557/1721 2559/2559/1384 2561/2561/1382
f  2557/2557/1721 2561/2561/1382 2555/2555/1719
f  2561/2561/1382 2559/2559/1384 2562/2562/1381
f  2555/2555/1719 2561/2561/1382 2563/2563/1722
f  2555/2555/1719 2563/2563/1722 2553/2553/1717
f  2563/2563/1722 2561/2561/1382 2564/2564/1380
f  2563/2563/1722 2564/2564/1380 2565/2565/1378
f  2553/2553/1717 2563/2563/1722 2566/2566/1723
f  2566/2566/1723 2563/2563/1722 2565/2565/1378
f  2553/2553/1717 2566/2566/1723 2556/2556/1720
f  2566/2566/1723 2565/2565/1378 2567/2567/1379
f  2566/2566/1723 2567/2567/1379 2568/2568/1386
f  2566/2566/1723 2568/2568/1386 2556/2556/1720
f  2556/2556/1720 2568/2568/1386 2569/2569/1724
f  2569/2569/1724 2568/2568/1386 2570/2570/1387
f  2556/2556/1720 2569/2569/1724 2554/2554/1718
f  2569/2569/1724 2570/2570/1387 2571/2571/1725
f  2569/2569/1724 2571/2571/1725 2554/2554/1718
f  2571/2571/1725 2570/2570/1387 2572/2572/1388
f  2571/2571/1725 2572/2572/1388 2573/2573/1726
f  2573/2573/1726 2572/2572/1388 2574/2574/1393
f  2571/2571/1725 2573/2573/1726 2575/2575/1727
f  2554/2554/1718 2571/2571/1725 2576/2576/1728
f  2576/2576/1728 2571/2571/1725 2575/2575/1727
f  2554/2554/1718 2576/2576/1728 2577/2577/1729
f  2554/2554/1718 2577/2577/1729 2548/2548/1712
f  2577/2577/1729 2576/2576/1728 2578/2578/1730
f  2577/2577/1729 2578/2578/1730 2548/2548/1712
f  2578/2578/1730 2576/2576/1728 2575/2575/1727
f  2548/2548/1712 2578/2578/1730 2550/2550/1714
f  2550/2550/1714 2578/2578/1730 2579/2579/1731
f  2579/2579/1731 2578/2578/1730 2575/2575/1727
f  2550/2550/1714 2579/2579/1731 2551/2551/1715
f  2580/2580/1732 2575/2575/1727 2573/2573/1726
f  2580/2580/1732 2573/2573/1726 2574/2574/1393
f  2579/2579/1731 2575/2575/1727 2581/2581/1733
f  2581/2581/1733 2575/2575/1727 2580/2580/1732
f  2579/2579/1731 2581/2581/1733 2551/2551/1715
f  2582/2582/1400 2574/2574/1393 2583/2583/1392
f  2574/2574/1393 2582/2582/1400 2584/2584/1734
f  2584/2584/1734 2582/2582/1400 2585/2585/1401
f  2584/2584/1734 2585/2585/1401 2586/2586/1405
f  2587/2587/1735 2580/2580/1732 2574/2574/1393
f  2587/2587/1735 2574/2574/1393 2584/2584/1734
f  2588/2588/1736 2581/2581/1733 2580/2580/1732
f  2588/2588/1736 2580/2580/1732 2587/2587/1735
f  2581/2581/1733 2588/2588/1736 2589/2589/1737
f  2581/2581/1733 2589/2589/1737 2551/2551/1715
f  2588/2588/1736 2587/2587/1735 2590/2590/1738
f  2591/2591/1405 2584/2584/1734 2586/2586/1405
f  2591/2591/1405 2586/2586/1405 2592/2592/1406
f  2591/2591/1405 2592/2592/1406 2593/2593/1406
f  2594/2594/1739 2587/2587/1735 2584/2584/1734
f  2587/2587/1735 2594/2594/1739 2590/2590/1738
f  2594/2594/1739 2584/2584/1734 2595/2595/1740
f  2595/2595/1740 2584/2584/1734 2591/2591/1405
f  2590/2590/1738 2594/2594/1739 2596/2596/1741
f  2596/2596/1741 2594/2594/1739 2595/2595/1740
f  2590/2590/1738 2596/2596/1741 2597/2597/1742
f  2590/2590/1738 2597/2597/1742 2588/2588/1736
f  2597/2597/1742 2596/2596/1741 2595/2595/1740
f  2588/2588/1736 2597/2597/1742 2589/2589/1737
f  2597/2597/1742 2595/2595/1740 2598/2598/1743
f  2597/2597/1742 2598/2598/1743 2589/2589/1737
f  2598/2598/1743 2595/2595/1740 2591/2591/1405
f  2589/2589/1737 2598/2598/1743 2599/2599/1744
f  2589/2589/1737 2599/2599/1744 2600/2600/1745
f  2589/2589/1737 2600/2600/1745 2551/2551/1715
f  2599/2599/1744 2598/2598/1743 2601/2601/1746
f  2599/2599/1744 2601/2601/1746 2600/2600/1745
f  2551/2551/1715 2600/2600/1745 2544/2544/1708
f  2598/2598/1743 2591/2591/1405 2602/2602/1747
f  2598/2598/1743 2602/2602/1747 2601/2601/1746
f  2602/2602/1747 2591/2591/1405 2603/2603/1748
f  2603/2603/1748 2591/2591/1405 2593/2593/1406
f  2544/2544/1708 2600/2600/1745 2604/2604/1749
f  2603/2603/1748 2593/2593/1406 2605/2605/1410
f  2605/2605/1410 2593/2593/1406 2606/2606/1411
f  2605/2605/1410 2606/2606/1411 2607/2607/1418
f  2603/2603/1748 2605/2605/1410 2608/2608/1405
f  2608/2608/1405 2605/2605/1410 2607/2607/1418
f  2603/2603/1748 2608/2608/1405 2602/2602/1747
f  2544/2544/1708 2604/2604/1749 2541/2541/1705
f  2608/2608/1405 2607/2607/1418 2609/2609/1750
f  2609/2609/1750 2607/2607/1418 2610/2610/1419
f  2609/2609/1750 2610/2610/1419 2611/2611/1421
f  2608/2608/1405 2609/2609/1750 2612/2612/1564
f  2609/2609/1750 2611/2611/1421 2613/2613/1565
f  2609/2609/1750 2613/2613/1565 2612/2612/1564
f  2613/2613/1565 2611/2611/1421 2614/2614/1421
f  2614/2614/1421 2611/2611/1421 2615/2615/1422
f  2608/2608/1405 2612/2612/1564 2616/2616/1751
f  2616/2616/1751 2612/2612/1564 2617/2617/1566
f  2616/2616/1751 2617/2617/1566 2618/2618/1550
f  2608/2608/1405 2616/2616/1751 2619/2619/1561
f  2619/2619/1561 2616/2616/1751 2618/2618/1550
f  2608/2608/1405 2619/2619/1561 2602/2602/1747
f  2602/2602/1747 2619/2619/1561 2601/2601/1746
f  2619/2619/1561 2618/2618/1550 2620/2620/1568
f  2619/2619/1561 2620/2620/1568 2601/2601/1746
f  2601/2601/1746 2620/2620/1568 2621/2621/1752
f  2601/2601/1746 2621/2621/1752 2600/2600/1745
f  2621/2621/1752 2620/2620/1568 2622/2622/1753
f  2622/2622/1753 2620/2620/1568 2623/2623/1569
f  2600/2600/1745 2621/2621/1752 2624/2624/1754
f  2624/2624/1754 2621/2621/1752 2622/2622/1753
f  2622/2622/1753 2623/2623/1569 2625/2625/1573
f  2600/2600/1745 2624/2624/1754 2604/2604/1749
f  2622/2622/1753 2625/2625/1573 2626/2626/1755
f  2626/2626/1755 2625/2625/1573 2627/2627/1575
f  2626/2626/1755 2627/2627/1575 2537/2537/1583
f  2624/2624/1754 2622/2622/1753 2628/2628/1756
f  2624/2624/1754 2628/2628/1756 2604/2604/1749
f  2628/2628/1756 2622/2622/1753 2626/2626/1755
f  2626/2626/1755 2537/2537/1583 2541/2541/1705
f  2626/2626/1755 2541/2541/1705 2628/2628/1756
f  2629/2629/1757 2541/2541/1705 2604/2604/1749
f  2629/2629/1757 2604/2604/1749 2628/2628/1756
f  2541/2541/1705 2629/2629/1757 2630/2630/1758
f  2630/2630/1758 2629/2629/1757 2628/2628/1756
f  2628/2628/1756 2541/2541/1705 2631/2631/1759
f  2631/2631/1759 2541/2541/1705 2630/2630/1758
f  2631/2631/1759 2630/2630/1758 2628/2628/1756
f  2632/2632/1760 2633/2633/1108 2634/2634/1169
f  2633/2633/1108 2632/2632/1760 2635/2635/1670
f  2632/2632/1760 2634/2634/1169 2636/2636/1172
f  2635/2635/1670 2632/2632/1760 2637/2637/1761
f  2632/2632/1760 2636/2636/1172 2638/2638/1762
f  2632/2632/1760 2638/2638/1762 2637/2637/1761
f  2638/2638/1762 2636/2636/1172 2639/2639/1168
f  2638/2638/1762 2639/2639/1168 2637/2637/1761
f  2639/2639/1168 2636/2636/1172 2640/2640/1173
f  2635/2635/1670 2637/2637/1761 2641/2641/1667
f  2641/2641/1667 2637/2637/1761 2642/2642/1763
f  2641/2641/1667 2642/2642/1763 2643/2643/1666
f  2637/2637/1761 2639/2639/1168 2644/2644/1170
f  2637/2637/1761 2644/2644/1170 2642/2642/1763
f  2639/2639/1168 2640/2640/1173 2645/2645/1764
f  2639/2639/1168 2645/2645/1764 2644/2644/1170
f  2642/2642/1763 2644/2644/1170 2646/2646/1765
f  2642/2642/1763 2646/2646/1765 2643/2643/1666
f  2644/2644/1170 2645/2645/1764 2647/2647/1766
f  2644/2644/1170 2647/2647/1766 2646/2646/1765
f  2645/2645/1764 2640/2640/1173 2648/2648/1177
f  2645/2645/1764 2648/2648/1177 2647/2647/1766
f  2648/2648/1177 2640/2640/1173 2649/2649/1174
f  2643/2643/1666 2646/2646/1765 2650/2650/1767
f  2643/2643/1666 2650/2650/1767 2651/2651/1663
f  2651/2651/1663 2650/2650/1767 2652/2652/1664
f  2652/2652/1664 2650/2650/1767 2653/2653/1768
f  2653/2653/1768 2650/2650/1767 2654/2654/1769
f  2652/2652/1664 2653/2653/1768 2655/2655/1770
f  2655/2655/1770 2653/2653/1768 2654/2654/1769
f  2652/2652/1664 2655/2655/1770 2656/2656/1658
f  2654/2654/1769 2650/2650/1767 2657/2657/1771
f  2657/2657/1771 2650/2650/1767 2646/2646/1765
f  2654/2654/1769 2657/2657/1771 2655/2655/1770
f  2657/2657/1771 2646/2646/1765 2658/2658/1772
f  2658/2658/1772 2646/2646/1765 2647/2647/1766
f  2658/2658/1772 2647/2647/1766 2659/2659/1773
f  2659/2659/1773 2647/2647/1766 2648/2648/1177
f  2659/2659/1773 2648/2648/1177 2660/2660/1774
f  2660/2660/1774 2648/2648/1177 2661/2661/1176
f  2660/2660/1774 2661/2661/1176 2662/2662/1179
f  2659/2659/1773 2660/2660/1774 2663/2663/1775
f  2663/2663/1775 2660/2660/1774 2662/2662/1179
f  2658/2658/1772 2659/2659/1773 2664/2664/1776
f  2664/2664/1776 2659/2659/1773 2663/2663/1775
f  2665/2665/1191 2662/2662/1179 2666/2666/1182
f  2662/2662/1179 2665/2665/1191 2663/2663/1775
f  2663/2663/1775 2665/2665/1191 2667/2667/1777
f  2663/2663/1775 2667/2667/1777 2668/2668/1778
f  2668/2668/1778 2667/2667/1777 2669/2669/1779
f  2663/2663/1775 2668/2668/1778 2670/2670/1780
f  2663/2663/1775 2670/2670/1780 2664/2664/1776
f  2668/2668/1778 2669/2669/1779 2671/2671/1781
f  2670/2670/1780 2668/2668/1778 2672/2672/1782
f  2672/2672/1782 2668/2668/1778 2671/2671/1781
f  2671/2671/1781 2669/2669/1779 2673/2673/1783
f  2673/2673/1783 2669/2669/1779 2674/2674/1784
f  2673/2673/1783 2674/2674/1784 2675/2675/1785
f  2675/2675/1785 2674/2674/1784 2676/2676/1786
f  2675/2675/1785 2676/2676/1786 2677/2677/1787
f  2673/2673/1783 2675/2675/1785 2678/2678/1788
f  2675/2675/1785 2677/2677/1787 2679/2679/1789
f  2675/2675/1785 2679/2679/1789 2678/2678/1788
f  2679/2679/1789 2677/2677/1787 2680/2680/1790
f  2679/2679/1789 2680/2680/1790 2681/2681/1791
f  2681/2681/1791 2680/2680/1790 2682/2682/1792
f  2679/2679/1789 2681/2681/1791 2683/2683/1793
f  2679/2679/1789 2683/2683/1793 2678/2678/1788
f  2681/2681/1791 2682/2682/1792 2684/2684/1794
f  2681/2681/1791 2684/2684/1794 2683/2683/1793
f  2685/2685/1795 2686/2686/1796 2682/2682/1792
f  2683/2683/1793 2684/2684/1794 2687/2687/1797
f  2684/2684/1794 2682/2682/1792 2688/2688/1794
f  2688/2688/1794 2682/2682/1792 2686/2686/1796
f  2684/2684/1794 2688/2688/1794 2687/2687/1797
f  2688/2688/1794 2686/2686/1796 2689/2689/1798
f  2689/2689/1798 2686/2686/1796 2690/2690/1798
f  2688/2688/1794 2689/2689/1798 2691/2691/1797
f  2688/2688/1794 2691/2691/1797 2687/2687/1797
f  2689/2689/1798 2690/2690/1798 2692/2692/1799
f  2689/2689/1798 2692/2692/1799 2691/2691/1797
f  2692/2692/1799 2690/2690/1798 2693/2693/1800
f  2692/2692/1799 2693/2693/1800 2694/2694/1434
f  2694/2694/1434 2693/2693/1800 2695/2695/1423
f  2692/2692/1799 2694/2694/1434 2696/2696/1433
f  2687/2687/1797 2691/2691/1797 2697/2697/1433
f  2691/2691/1797 2692/2692/1799 2698/2698/1801
f  2691/2691/1797 2698/2698/1801 2697/2697/1433
f  2698/2698/1801 2692/2692/1799 2699/2699/1802
f  2697/2697/1433 2698/2698/1801 2700/2700/1803
f  2697/2697/1433 2700/2700/1803 2687/2687/1797
f  2700/2700/1803 2698/2698/1801 2701/2701/1804
f  2687/2687/1797 2700/2700/1803 2702/2702/1805
f  2687/2687/1797 2702/2702/1805 2683/2683/1793
f  2702/2702/1805 2700/2700/1803 2703/2703/1806
f  2703/2703/1806 2700/2700/1803 2704/2704/1807
f  2703/2703/1806 2704/2704/1807 2705/2705/1808
f  2703/2703/1806 2705/2705/1808 2702/2702/1805
f  2683/2683/1793 2702/2702/1805 2706/2706/1809
f  2706/2706/1809 2702/2702/1805 2705/2705/1808
f  2683/2683/1793 2706/2706/1809 2678/2678/1788
f  2707/2707/1662 2705/2705/1808 2708/2708/1659
f  2706/2706/1809 2705/2705/1808 2709/2709/1810
f  2709/2709/1810 2705/2705/1808 2707/2707/1662
f  2706/2706/1809 2709/2709/1810 2710/2710/1811
f  2706/2706/1809 2710/2710/1811 2678/2678/1788
f  2709/2709/1810 2707/2707/1662 2711/2711/1812
f  2711/2711/1812 2707/2707/1662 2712/2712/1661
f  2711/2711/1812 2712/2712/1661 2656/2656/1658
f  2710/2710/1811 2709/2709/1810 2713/2713/1813
f  2713/2713/1813 2709/2709/1810 2711/2711/1812
f  2678/2678/1788 2710/2710/1811 2714/2714/1814
f  2714/2714/1814 2710/2710/1811 2713/2713/1813
f  2678/2678/1788 2714/2714/1814 2673/2673/1783
f  2673/2673/1783 2714/2714/1814 2671/2671/1781
f  2711/2711/1812 2656/2656/1658 2655/2655/1770
f  2671/2671/1781 2714/2714/1814 2715/2715/1815
f  2715/2715/1815 2714/2714/1814 2713/2713/1813
f  2671/2671/1781 2715/2715/1815 2672/2672/1782
f  2715/2715/1815 2713/2713/1813 2716/2716/1816
f  2715/2715/1815 2716/2716/1816 2672/2672/1782
f  2717/2717/1817 2713/2713/1813 2711/2711/1812
f  2713/2713/1813 2717/2717/1817 2716/2716/1816
f  2718/2718/1818 2711/2711/1812 2655/2655/1770
f  2711/2711/1812 2718/2718/1818 2717/2717/1817
f  2672/2672/1782 2716/2716/1816 2664/2664/1776
f  2664/2664/1776 2716/2716/1816 2717/2717/1817
f  2664/2664/1776 2717/2717/1817 2658/2658/1772
f  2658/2658/1772 2717/2717/1817 2657/2657/1771
f  2672/2672/1782 2664/2664/1776 2719/2719/1819
f  2719/2719/1819 2664/2664/1776 2670/2670/1780
f  2720/2720/1820 2670/2670/1780 2672/2672/1782
f  2670/2670/1780 2720/2720/1820 2719/2719/1819
f  2719/2719/1819 2720/2720/1820 2672/2672/1782
f  2657/2657/1771 2717/2717/1817 2721/2721/1821
f  2657/2657/1771 2721/2721/1821 2655/2655/1770
f  2721/2721/1821 2717/2717/1817 2718/2718/1818
f  2722/2722/1822 2718/2718/1818 2655/2655/1770
f  2722/2722/1822 2655/2655/1770 2721/2721/1821
f  2718/2718/1818 2722/2722/1822 2723/2723/1823
f  2723/2723/1823 2722/2722/1822 2721/2721/1821
f  2721/2721/1821 2718/2718/1818 2724/2724/1824
f  2721/2721/1821 2724/2724/1824 2723/2723/1823
f  2723/2723/1823 2724/2724/1824 2718/2718/1818
f  2725/2725/270 2726/2726/1254 2727/2727/1253
f  2728/2728/270 2729/2729/1255 2730/2730/270
f  2728/2728/270 2730/2730/270 2731/2731/270
f  2728/2728/270 2731/2731/270 2732/2732/1258
f  2728/2728/270 2732/2732/1258 2733/2733/1256
f  2732/2732/1258 2731/2731/270 2734/2734/1322
f  2732/2732/1258 2734/2734/1322 2735/2735/1258
f  2732/2732/1258 2735/2735/1258 2736/2736/1260
f  2735/2735/1258 2734/2734/1322 2737/2737/1321
f  2736/2736/1260 2735/2735/1258 2738/2738/1262
f  2738/2738/1262 2735/2735/1258 2737/2737/1321
f  2738/2738/1262 2737/2737/1321 2739/2739/1264
f  2736/2736/1260 2738/2738/1262 2740/2740/1212
f  2740/2740/1212 2738/2738/1262 2739/2739/1264
f  2740/2740/1212 2739/2739/1264 2741/2741/1514
f  2741/2741/1514 2739/2739/1264 2742/2742/1319
f  2741/2741/1514 2742/2742/1319 2743/2743/1319
f  2741/2741/1514 2743/2743/1319 2744/2744/1318
f  2741/2741/1514 2744/2744/1318 2740/2740/1212
f  2740/2740/1212 2744/2744/1318 2745/2745/1319
f  2745/2745/1319 2744/2744/1318 2746/2746/1317
f  2747/2747/1262 2748/2748/270 2740/2740/1212
f  2747/2747/1262 2740/2740/1212 2745/2745/1319
f  2745/2745/1319 2746/2746/1317 2749/2749/1514
f  2749/2749/1514 2746/2746/1317 2750/2750/270
f  2747/2747/1262 2745/2745/1319 2751/2751/1264
f  2747/2747/1262 2751/2751/1264 2752/2752/732
f  2752/2752/732 2751/2751/1264 2753/2753/786
f  2751/2751/1264 2745/2745/1319 2754/2754/1825
f  2754/2754/1825 2745/2745/1319 2749/2749/1514
f  2753/2753/786 2751/2751/1264 2755/2755/1826
f  2755/2755/1826 2751/2751/1264 2754/2754/1825
f  2753/2753/786 2755/2755/1826 2756/2756/1827
f  2753/2753/786 2756/2756/1827 2757/2757/1263
f  2757/2757/1263 2756/2756/1827 2758/2758/1264
f  2756/2756/1827 2755/2755/1826 2759/2759/1827
f  2759/2759/1827 2755/2755/1826 2754/2754/1825
f  2758/2758/1264 2756/2756/1827 2760/2760/1318
f  2760/2760/1318 2756/2756/1827 2759/2759/1827
f  2758/2758/1264 2760/2760/1318 2761/2761/736
f  2758/2758/1264 2761/2761/736 2762/2762/1828
f  2761/2761/736 2760/2760/1318 2763/2763/1317
f  2761/2761/736 2763/2763/1317 2762/2762/1828
f  2760/2760/1318 2759/2759/1827 2764/2764/1828
f  2764/2764/1828 2759/2759/1827 2754/2754/1825
f  2760/2760/1318 2764/2764/1828 2763/2763/1317
f  2758/2758/1264 2762/2762/1828 2765/2765/264
f  2762/2762/1828 2763/2763/1317 2766/2766/1262
f  2765/2765/264 2762/2762/1828 2767/2767/1318
f  2765/2765/264 2767/2767/1318 2768/2768/1212
f  2762/2762/1828 2766/2766/1262 2769/2769/736
f  2762/2762/1828 2769/2769/736 2767/2767/1318
f  2766/2766/1262 2763/2763/1317 2770/2770/1318
f  2766/2766/1262 2770/2770/1318 2769/2769/736
f  2770/2770/1318 2763/2763/1317 2771/2771/269
f  2771/2771/269 2763/2763/1317 2764/2764/1828
f  2768/2768/1212 2767/2767/1318 2772/2772/1829
f  2772/2772/1829 2767/2767/1318 2769/2769/736
f  2768/2768/1212 2772/2772/1829 2773/2773/1313
f  2768/2768/1212 2773/2773/1313 2774/2774/1211
f  2772/2772/1829 2769/2769/736 2775/2775/1830
f  2775/2775/1830 2769/2769/736 2770/2770/1318
f  2773/2773/1313 2772/2772/1829 2776/2776/1831
f  2776/2776/1831 2772/2772/1829 2775/2775/1830
f  2774/2774/1211 2773/2773/1313 2777/2777/1832
f  2777/2777/1832 2773/2773/1313 2778/2778/1832
f  2778/2778/1832 2773/2773/1313 2776/2776/1831
f  2774/2774/1211 2777/2777/1832 2779/2779/1833
f  2779/2779/1833 2777/2777/1832 2778/2778/1832
f  2779/2779/1833 2778/2778/1832 2776/2776/1831
f  2774/2774/1211 2779/2779/1833 2780/2780/1208
f  2781/2781/1314 2775/2775/1830 2770/2770/1318
f  2781/2781/1314 2770/2770/1318 2771/2771/269
f  2781/2781/1314 2771/2771/269 2782/2782/1313
f  2775/2775/1830 2781/2781/1314 2783/2783/1834
f  2775/2775/1830 2783/2783/1834 2776/2776/1831
f  2783/2783/1834 2781/2781/1314 2784/2784/1309
f  2783/2783/1834 2784/2784/1309 2785/2785/1308
f  2776/2776/1831 2783/2783/1834 2786/2786/1835
f  2776/2776/1831 2786/2786/1835 2779/2779/1833
f  2783/2783/1834 2785/2785/1308 2787/2787/1836
f  2783/2783/1834 2787/2787/1836 2786/2786/1835
f  2779/2779/1833 2786/2786/1835 2788/2788/1837
f  2788/2788/1837 2786/2786/1835 2787/2787/1836
f  2789/2789/1838 2780/2780/1208 2779/2779/1833
f  2789/2789/1838 2779/2779/1833 2788/2788/1837
f  2787/2787/1836 2785/2785/1308 2790/2790/1839
f  2787/2787/1836 2790/2790/1839 2788/2788/1837
f  2791/2791/1306 2785/2785/1308 2792/2792/1307
f  2785/2785/1308 2791/2791/1306 2790/2790/1839
f  2790/2790/1839 2791/2791/1306 2793/2793/1281
f  2793/2793/1281 2791/2791/1306 2794/2794/1305
f  2790/2790/1839 2793/2793/1281 2795/2795/1840
f  2795/2795/1840 2793/2793/1281 2794/2794/1305
f  2788/2788/1837 2790/2790/1839 2796/2796/1841
f  2796/2796/1841 2790/2790/1839 2795/2795/1840
f  2795/2795/1840 2794/2794/1305 2797/2797/1842
f  2796/2796/1841 2795/2795/1840 2798/2798/1843
f  2798/2798/1843 2795/2795/1840 2797/2797/1842
f  2797/2797/1842 2794/2794/1305 2799/2799/1844
f  2799/2799/1844 2794/2794/1305 2800/2800/1311
f  2799/2799/1844 2800/2800/1311 2801/2801/1315
f  2797/2797/1842 2799/2799/1844 2802/2802/1845
f  2802/2802/1845 2799/2799/1844 2801/2801/1315
f  2797/2797/1842 2802/2802/1845 2798/2798/1843
f  2803/2803/1316 2804/2804/1294 2801/2801/1315
f  2801/2801/1315 2804/2804/1294 2805/2805/1846
f  2801/2801/1315 2805/2805/1846 2802/2802/1845
f  2802/2802/1845 2805/2805/1846 2806/2806/1847
f  2802/2802/1845 2806/2806/1847 2798/2798/1843
f  2806/2806/1847 2805/2805/1846 2807/2807/1848
f  2798/2798/1843 2806/2806/1847 2808/2808/1849
f  2806/2806/1847 2807/2807/1848 2809/2809/1850
f  2806/2806/1847 2809/2809/1850 2808/2808/1849
f  2809/2809/1850 2807/2807/1848 2810/2810/1851
f  2810/2810/1851 2807/2807/1848 2811/2811/1852
f  2810/2810/1851 2811/2811/1852 2812/2812/1853
f  2809/2809/1850 2810/2810/1851 2813/2813/1854
f  2813/2813/1854 2810/2810/1851 2812/2812/1853
f  2808/2808/1849 2809/2809/1850 2814/2814/1855
f  2814/2814/1855 2809/2809/1850 2813/2813/1854
f  2815/2815/1856 2798/2798/1843 2808/2808/1849
f  2813/2813/1854 2812/2812/1853 2816/2816/1857
f  2816/2816/1857 2812/2812/1853 2817/2817/1315
f  2816/2816/1857 2817/2817/1315 2818/2818/1858
f  2813/2813/1854 2816/2816/1857 2819/2819/1859
f  2813/2813/1854 2819/2819/1859 2814/2814/1855
f  2816/2816/1857 2818/2818/1858 2820/2820/1860
f  2816/2816/1857 2820/2820/1860 2819/2819/1859
f  2820/2820/1860 2818/2818/1858 2821/2821/1861
f  2821/2821/1861 2818/2818/1858 2822/2822/1862
f  2821/2821/1861 2822/2822/1862 2823/2823/1863
f  2820/2820/1860 2821/2821/1861 2824/2824/1801
f  2824/2824/1801 2821/2821/1861 2823/2823/1863
f  2819/2819/1859 2820/2820/1860 2825/2825/1864
f  2825/2825/1864 2820/2820/1860 2824/2824/1801
f  2819/2819/1859 2825/2825/1864 2814/2814/1855
f  2825/2825/1864 2824/2824/1801 2826/2826/1792
f  2826/2826/1792 2824/2824/1801 2823/2823/1863
f  2814/2814/1855 2825/2825/1864 2827/2827/1551
f  2827/2827/1551 2825/2825/1864 2826/2826/1792
f  2826/2826/1792 2823/2823/1863 2828/2828/1865
f  2826/2826/1792 2828/2828/1865 2827/2827/1551
f  2829/2829/1315 2823/2823/1863 2830/2830/1866
f  2823/2823/1863 2829/2829/1315 2831/2831/1795
f  2823/2823/1863 2831/2831/1795 2828/2828/1865
f  2831/2831/1795 2829/2829/1315 2832/2832/1867
f  2831/2831/1795 2832/2832/1867 2833/2833/1868
f  2828/2828/1865 2831/2831/1795 2834/2834/1869
f  2834/2834/1869 2831/2831/1795 2833/2833/1868
f  2834/2834/1869 2833/2833/1868 2835/2835/1870
f  2835/2835/1870 2833/2833/1868 2836/2836/1871
f  2828/2828/1865 2834/2834/1869 2837/2837/1872
f  2837/2837/1872 2834/2834/1869 2835/2835/1870
f  2835/2835/1870 2836/2836/1871 2838/2838/1873
f  2838/2838/1873 2836/2836/1871 2839/2839/1866
f  2839/2839/1866 2836/2836/1871 2840/2840/1871
f  2835/2835/1870 2838/2838/1873 2841/2841/1874
f  2841/2841/1874 2838/2838/1873 2839/2839/1866
f  2837/2837/1872 2835/2835/1870 2842/2842/1794
f  2842/2842/1794 2835/2835/1870 2841/2841/1874
f  2842/2842/1794 2841/2841/1874 2843/2843/1875
f  2842/2842/1794 2843/2843/1875 2837/2837/1872
f  2841/2841/1874 2839/2839/1866 2844/2844/1868
f  2844/2844/1868 2839/2839/1866 2840/2840/1871
f  2841/2841/1874 2844/2844/1868 2845/2845/1876
f  2841/2841/1874 2845/2845/1876 2843/2843/1875
f  2837/2837/1872 2843/2843/1875 2846/2846/1877
f  2845/2845/1876 2844/2844/1868 2847/2847/1869
f  2837/2837/1872 2846/2846/1877 2848/2848/1878
f  2846/2846/1877 2843/2843/1875 2849/2849/1879
f  2846/2846/1877 2849/2849/1879 2848/2848/1878
f  2843/2843/1875 2845/2845/1876 2850/2850/1880
f  2843/2843/1875 2850/2850/1880 2849/2849/1879
f  2850/2850/1880 2845/2845/1876 2851/2851/1881
f  2851/2851/1881 2845/2845/1876 2847/2847/1869
f  2849/2849/1879 2850/2850/1880 2852/2852/1882
f  2849/2849/1879 2852/2852/1882 2848/2848/1878
f  2850/2850/1880 2851/2851/1881 2853/2853/1566
f  2850/2850/1880 2853/2853/1566 2852/2852/1882
f  2854/2854/1883 2837/2837/1872 2848/2848/1878
f  2837/2837/1872 2854/2854/1883 2828/2828/1865
f  2828/2828/1865 2854/2854/1883 2827/2827/1551
f  2854/2854/1883 2848/2848/1878 2855/2855/1879
f  2854/2854/1883 2855/2855/1879 2827/2827/1551
f  2855/2855/1879 2848/2848/1878 2856/2856/1884
f  2856/2856/1884 2848/2848/1878 2852/2852/1882
f  2855/2855/1879 2856/2856/1884 2827/2827/1551
f  2856/2856/1884 2852/2852/1882 2857/2857/1885
f  2857/2857/1885 2852/2852/1882 2853/2853/1566
f  2827/2827/1551 2856/2856/1884 2858/2858/1886
f  2858/2858/1886 2856/2856/1884 2857/2857/1885
f  2827/2827/1551 2858/2858/1886 2859/2859/1547
f  2857/2857/1885 2853/2853/1566 2860/2860/1887
f  2858/2858/1886 2857/2857/1885 2861/2861/1888
f  2861/2861/1888 2857/2857/1885 2860/2860/1887
f  2859/2859/1547 2858/2858/1886 2862/2862/1889
f  2862/2862/1889 2858/2858/1886 2861/2861/1888
f  2827/2827/1551 2859/2859/1547 2863/2863/1889
f  2863/2863/1889 2859/2859/1547 2862/2862/1889
f  2827/2827/1551 2863/2863/1889 2814/2814/1855
f  2814/2814/1855 2863/2863/1889 2808/2808/1849
f  2808/2808/1849 2863/2863/1889 2815/2815/1856
f  2815/2815/1856 2863/2863/1889 2862/2862/1889
f  2815/2815/1856 2862/2862/1889 2861/2861/1888
f  2815/2815/1856 2861/2861/1888 2864/2864/1890
f  2864/2864/1890 2861/2861/1888 2865/2865/1786
f  2865/2865/1786 2861/2861/1888 2866/2866/1787
f  2866/2866/1787 2861/2861/1888 2860/2860/1887
f  2866/2866/1787 2860/2860/1887 2867/2867/1790
f  2864/2864/1890 2865/2865/1786 2868/2868/1891
f  2868/2868/1891 2865/2865/1786 2869/2869/1784
f  2868/2868/1891 2869/2869/1784 2870/2870/1779
f  2867/2867/1790 2860/2860/1887 2871/2871/1564
f  2864/2864/1890 2868/2868/1891 2872/2872/1892
f  2868/2868/1891 2870/2870/1779 2873/2873/1893
f  2868/2868/1891 2873/2873/1893 2872/2872/1892
f  2871/2871/1564 2860/2860/1887 2874/2874/1894
f  2874/2874/1894 2860/2860/1887 2853/2853/1566
f  2874/2874/1894 2853/2853/1566 2875/2875/1432
f  2874/2874/1894 2875/2875/1432 2871/2871/1564
f  2875/2875/1432 2853/2853/1566 2851/2851/1881
f  2875/2875/1432 2851/2851/1881 2847/2847/1869
f  2871/2871/1564 2875/2875/1432 2876/2876/1895
f  2876/2876/1895 2875/2875/1432 2847/2847/1869
f  2871/2871/1564 2876/2876/1895 2877/2877/1875
f  2876/2876/1895 2847/2847/1869 2878/2878/1800
f  2876/2876/1895 2878/2878/1800 2877/2877/1875
f  2878/2878/1800 2847/2847/1869 2879/2879/1315
f  2879/2879/1315 2847/2847/1869 2844/2844/1868
f  2879/2879/1315 2844/2844/1868 2840/2840/1871
f  2878/2878/1800 2879/2879/1315 2880/2880/1896
f  2880/2880/1896 2879/2879/1315 2840/2840/1871
f  2878/2878/1800 2880/2880/1896 2881/2881/1897
f  2878/2878/1800 2881/2881/1897 2877/2877/1875
f  2881/2881/1897 2880/2880/1896 2882/2882/1798
f  2881/2881/1897 2882/2882/1798 2877/2877/1875
f  2880/2880/1896 2840/2840/1871 2883/2883/1857
f  2880/2880/1896 2883/2883/1857 2882/2882/1798
f  2883/2883/1857 2840/2840/1871 2884/2884/1798
f  2884/2884/1798 2840/2840/1871 2885/2885/1858
f  2883/2883/1857 2884/2884/1798 2886/2886/1796
f  2883/2883/1857 2886/2886/1796 2882/2882/1798
f  2882/2882/1798 2886/2886/1796 2887/2887/1795
f  2882/2882/1798 2887/2887/1795 2877/2877/1875
f  2887/2887/1795 2886/2886/1796 2888/2888/1795
f  2877/2877/1875 2887/2887/1795 2889/2889/1898
f  2889/2889/1898 2887/2887/1795 2888/2888/1795
f  2877/2877/1875 2889/2889/1898 2871/2871/1564
f  2889/2889/1898 2888/2888/1795 2890/2890/1792
f  2871/2871/1564 2889/2889/1898 2867/2867/1790
f  2867/2867/1790 2889/2889/1898 2890/2890/1792
f  2891/2891/1319 2764/2764/1828 2754/2754/1825
f  2891/2891/1319 2754/2754/1825 2749/2749/1514
f  2764/2764/1828 2891/2891/1319 2771/2771/269
f  2891/2891/1319 2749/2749/1514 2750/2750/270
f  2891/2891/1319 2750/2750/270 2771/2771/269
f  2771/2771/269 2750/2750/270 2892/2892/1265
f  2893/2893/1192 2894/2894/1899 2895/2895/1191
f  2895/2895/1191 2894/2894/1899 2896/2896/1777
f  2894/2894/1899 2893/2893/1192 2897/2897/1900
f  2894/2894/1899 2897/2897/1900 2896/2896/1777
f  2896/2896/1777 2897/2897/1900 2870/2870/1779
f  2897/2897/1900 2893/2893/1192 2898/2898/1196
f  2870/2870/1779 2897/2897/1900 2873/2873/1893
f  2873/2873/1893 2897/2897/1900 2899/2899/1901
f  2873/2873/1893 2899/2899/1901 2900/2900/1902
f  2900/2900/1902 2899/2899/1901 2897/2897/1900
f  2873/2873/1893 2900/2900/1902 2901/2901/1903
f  2901/2901/1903 2900/2900/1902 2897/2897/1900
f  2901/2901/1903 2897/2897/1900 2898/2898/1196
f  2873/2873/1893 2901/2901/1903 2872/2872/1892
f  2902/2902/1195 2903/2903/1204 2898/2898/1196
f  2898/2898/1196 2903/2903/1204 2901/2901/1903
f  2872/2872/1892 2901/2901/1903 2904/2904/1844
f  2872/2872/1892 2904/2904/1844 2864/2864/1890
f  2864/2864/1890 2904/2904/1844 2815/2815/1856
f  2815/2815/1856 2904/2904/1844 2905/2905/1904
f  2815/2815/1856 2905/2905/1904 2798/2798/1843
f  2904/2904/1844 2901/2901/1903 2906/2906/1905
f  2904/2904/1844 2906/2906/1905 2905/2905/1904
f  2798/2798/1843 2905/2905/1904 2796/2796/1841
f  2907/2907/1906 2901/2901/1903 2903/2903/1204
f  2901/2901/1903 2907/2907/1906 2906/2906/1905
f  2907/2907/1906 2903/2903/1204 2908/2908/1205
f  2907/2907/1906 2908/2908/1205 2780/2780/1208
f  2907/2907/1906 2780/2780/1208 2789/2789/1838
f  2907/2907/1906 2789/2789/1838 2906/2906/1905
f  2796/2796/1841 2905/2905/1904 2909/2909/1907
f  2796/2796/1841 2909/2909/1907 2788/2788/1837
f  2910/2910/1908 2905/2905/1904 2906/2906/1905
f  2905/2905/1904 2910/2910/1908 2909/2909/1907
f  2788/2788/1837 2909/2909/1907 2911/2911/1909
f  2911/2911/1909 2909/2909/1907 2910/2910/1908
f  2788/2788/1837 2911/2911/1909 2789/2789/1838
f  2912/2912/1910 2906/2906/1905 2789/2789/1838
f  2912/2912/1910 2789/2789/1838 2911/2911/1909
f  2906/2906/1905 2912/2912/1910 2910/2910/1908
f  2912/2912/1910 2911/2911/1909 2913/2913/1911
f  2913/2913/1911 2911/2911/1909 2910/2910/1908
f  2913/2913/1911 2910/2910/1908 2912/2912/1910
f  2914/2914/1346 2915/2915/1912 2916/2916/1347
f  2915/2915/1912 2914/2914/1346 2917/2917/1398
f  2915/2915/1912 2917/2917/1398 2918/2918/1608
f  2916/2916/1347 2915/2915/1912 2919/2919/1913
f  2916/2916/1347 2919/2919/1913 2920/2920/1914
f  2916/2916/1347 2920/2920/1914 2921/2921/1351
f  2921/2921/1351 2920/2920/1914 2922/2922/1448
f  2922/2922/1448 2920/2920/1914 2923/2923/1447
f  2923/2923/1447 2920/2920/1914 2924/2924/1443
f  2920/2920/1914 2919/2919/1913 2925/2925/1790
f  2920/2920/1914 2925/2925/1790 2924/2924/1443
f  2925/2925/1790 2919/2919/1913 2915/2915/1912
f  2924/2924/1443 2925/2925/1790 2926/2926/1915
f  2926/2926/1915 2925/2925/1790 2915/2915/1912
f  2926/2926/1915 2915/2915/1912 2918/2918/1608
f  2924/2924/1443 2926/2926/1915 2927/2927/1442
f  2926/2926/1915 2918/2918/1608 2928/2928/1916
f  2928/2928/1916 2918/2918/1608 2929/2929/1613
f  2927/2927/1442 2926/2926/1915 2930/2930/1917
f  2930/2930/1917 2926/2926/1915 2928/2928/1916
f  2927/2927/1442 2930/2930/1917 2931/2931/1440
f  2931/2931/1440 2930/2930/1917 2932/2932/1438
f  2930/2930/1917 2928/2928/1916 2933/2933/1918
f  2933/2933/1918 2928/2928/1916 2929/2929/1613
f  2930/2930/1917 2933/2933/1918 2932/2932/1438
f  2933/2933/1918 2929/2929/1613 2934/2934/1614
f  2933/2933/1918 2934/2934/1614 2935/2935/1619
f  2932/2932/1438 2933/2933/1918 2936/2936/1919
f  2936/2936/1919 2933/2933/1918 2935/2935/1619
f  2932/2932/1438 2936/2936/1919 2937/2937/1436
f  2936/2936/1919 2935/2935/1619 2938/2938/1618
f  2937/2937/1436 2936/2936/1919 2939/2939/1435
f  2939/2939/1435 2936/2936/1919 2938/2938/1618
f  2940/2940/1920 1942/1942/1316 2941/2941/1921
f  2941/2941/1921 1942/1942/1316 1937/1937/1311
f  1942/1942/1316 2940/2940/1920 2942/2942/1294
f  2941/2941/1921 1937/1937/1311 2943/2943/1922
f  2943/2943/1922 1937/1937/1311 1927/1927/1301
f  2940/2940/1920 2941/2941/1921 2944/2944/1923
f  2944/2944/1923 2941/2941/1921 2943/2943/1922
f  2942/2942/1294 2940/2940/1920 2945/2945/1924
f  2942/2942/1294 2945/2945/1924 2946/2946/1846
f  2946/2946/1846 2945/2945/1924 2947/2947/1848
f  2945/2945/1924 2940/2940/1920 2948/2948/1925
f  2945/2945/1924 2948/2948/1925 2947/2947/1848
f  2948/2948/1925 2940/2940/1920 2944/2944/1923
f  2947/2947/1848 2948/2948/1925 2949/2949/1852
f  2944/2944/1923 2943/2943/1922 2950/2950/1926
f  2944/2944/1923 2950/2950/1926 2948/2948/1925
f  2951/2951/1927 2943/2943/1922 1927/1927/1301
f  2943/2943/1922 2951/2951/1927 2950/2950/1926
f  2951/2951/1927 1927/1927/1301 1918/1918/1293
f  2951/2951/1927 1918/1918/1293 1919/1919/1294
f  2949/2949/1852 2948/2948/1925 2952/2952/1921
f  2952/2952/1921 2948/2948/1925 2950/2950/1926
f  2950/2950/1926 2951/2951/1927 2953/2953/1873
f  2953/2953/1873 2951/2951/1927 1919/1919/1294
f  2950/2950/1926 2953/2953/1873 2954/2954/1928
f  2950/2950/1926 2954/2954/1928 2952/2952/1921
f  2953/2953/1873 1919/1919/1294 2955/2955/1851
f  2955/2955/1851 1919/1919/1294 1917/1917/1292
f  2955/2955/1851 1917/1917/1292 2956/2956/1547
f  2955/2955/1851 2956/2956/1547 2957/2957/1551
f  2953/2953/1873 2955/2955/1851 2958/2958/1792
f  2958/2958/1792 2955/2955/1851 2957/2957/1551
f  2953/2953/1873 2958/2958/1792 2954/2954/1928
f  2959/2959/1852 2952/2952/1921 2954/2954/1928
f  2958/2958/1792 2957/2957/1551 2960/2960/1929
f  2960/2960/1929 2957/2957/1551 2961/2961/1552
f  2960/2960/1929 2961/2961/1552 2962/2962/1560
f  2958/2958/1792 2960/2960/1929 2963/2963/1750
f  2963/2963/1750 2960/2960/1929 2962/2962/1560
f  2954/2954/1928 2958/2958/1792 2964/2964/1930
f  2958/2958/1792 2963/2963/1750 2965/2965/1875
f  2958/2958/1792 2965/2965/1875 2964/2964/1930
f  2963/2963/1750 2962/2962/1560 2966/2966/1421
f  2966/2966/1421 2962/2962/1560 2967/2967/1561
f  2966/2966/1421 2967/2967/1561 2968/2968/1421
f  2968/2968/1421 2967/2967/1561 2969/2969/1565
f  2966/2966/1421 2968/2968/1421 2970/2970/1422
f  2963/2963/1750 2966/2966/1421 2971/2971/1420
f  2971/2971/1420 2966/2966/1421 2970/2970/1422
f  2963/2963/1750 2971/2971/1420 2965/2965/1875
f  2971/2971/1420 2970/2970/1422 2972/2972/1423
f  2971/2971/1420 2972/2972/1423 2965/2965/1875
f  2965/2965/1875 2972/2972/1423 2973/2973/1800
f  2965/2965/1875 2973/2973/1800 2974/2974/1800
f  2974/2974/1800 2973/2973/1800 2975/2975/1798
f  2965/2965/1875 2974/2974/1800 2964/2964/1930
f  2974/2974/1800 2975/2975/1798 2976/2976/1858
f  2974/2974/1800 2976/2976/1858 2964/2964/1930
f  2964/2964/1930 2976/2976/1858 2977/2977/1871
f  2977/2977/1871 2976/2976/1858 2978/2978/1871
f  2964/2964/1930 2977/2977/1871 2979/2979/1852
f  2964/2964/1930 2979/2979/1852 2954/2954/1928
f  2980/2980/1868 2981/2981/1867 2977/2977/1871
f  2977/2977/1871 2981/2981/1867 2979/2979/1852
f  2979/2979/1852 2981/2981/1867 2982/2982/1315
f  2954/2954/1928 2979/2979/1852 2959/2959/1852
f  2979/2979/1852 2982/2982/1315 2983/2983/1866
f  2979/2979/1852 2983/2983/1866 2959/2959/1852
f  2959/2959/1852 2983/2983/1866 2984/2984/1931
f  2959/2959/1852 2984/2984/1931 2952/2952/1921
f  2985/2985/1863 2986/2986/1862 2983/2983/1866
f  2983/2983/1866 2986/2986/1862 2984/2984/1931
f  2984/2984/1931 2986/2986/1862 2987/2987/1858
f  2984/2984/1931 2987/2987/1858 2988/2988/1932
f  2988/2988/1932 2987/2987/1858 2989/2989/1315
f  2952/2952/1921 2984/2984/1931 2990/2990/1933
f  2990/2990/1933 2984/2984/1931 2988/2988/1932
f  2990/2990/1933 2988/2988/1932 2989/2989/1315
f  2952/2952/1921 2990/2990/1933 2949/2949/1852
f  2949/2949/1852 2990/2990/1933 2989/2989/1315
f  2949/2949/1852 2989/2989/1315 2991/2991/1853
f  2992/2992/1934 2445/2445/1638 2467/2467/1659
f  2992/2992/1934 2467/2467/1659 2993/2993/1807
f  2993/2993/1807 2467/2467/1659 2994/2994/1808
f  2445/2445/1638 2992/2992/1934 2995/2995/1802
f  2992/2992/1934 2993/2993/1807 2996/2996/1935
f  2992/2992/1934 2996/2996/1935 2995/2995/1802
f  2997/2997/1803 2998/2998/1804 2993/2993/1807
f  2993/2993/1807 2998/2998/1804 2996/2996/1935
f  2996/2996/1935 2998/2998/1804 2999/2999/1801
f  2445/2445/1638 2995/2995/1802 3000/3000/1936
f  2996/2996/1935 2999/2999/1801 3001/3001/1803
f  2995/2995/1802 2996/2996/1935 3002/3002/1854
f  2995/2995/1802 3002/3002/1854 3000/3000/1936
f  3002/3002/1854 2996/2996/1935 3001/3001/1803
f  3001/3001/1803 2999/2999/1801 3003/3003/1802
f  2445/2445/1638 3000/3000/1936 2446/2446/1639
f  3004/3004/1799 3005/3005/1433 3003/3003/1802
f  3003/3003/1802 3005/3005/1433 3006/3006/1431
f  3003/3003/1802 3006/3006/1431 3001/3001/1803
f  3001/3001/1803 3006/3006/1431 3007/3007/1937
f  3001/3001/1803 3007/3007/1937 3002/3002/1854
f  3002/3002/1854 3007/3007/1937 3000/3000/1936
f  3007/3007/1937 3006/3006/1431 3008/3008/1426
f  3000/3000/1936 3007/3007/1937 3009/3009/1639
f  3000/3000/1936 3009/3009/1639 2446/2446/1639
f  3007/3007/1937 3008/3008/1426 3010/3010/1938
f  3007/3007/1937 3010/3010/1938 3009/3009/1639
f  3009/3009/1639 3010/3010/1938 2446/2446/1639
f  3010/3010/1938 3008/3008/1426 3011/3011/1404
f  2446/2446/1639 3010/3010/1938 3012/3012/1939
f  3012/3012/1939 3010/3010/1938 3011/3011/1404
f  2446/2446/1639 3012/3012/1939 2429/2429/1622
f  3012/3012/1939 3011/3011/1404 2430/2430/1623
f  3012/3012/1939 2430/2430/1623 2429/2429/1622
f  3013/3013/1428 3014/3014/1429 3015/3015/1435
f  3013/3013/1428 3015/3015/1435 3016/3016/1623
f  3016/3016/1623 3015/3015/1435 3017/3017/1618
f  3013/3013/1428 3016/3016/1623 3018/3018/1424
f  3018/3018/1424 3016/3016/1623 3019/3019/1404

